[0.000000] (-) TimerEvent: {}
[0.001218] (aiguillages) JobQueued: {'identifier': 'aiguillages', 'dependencies': OrderedDict()}
[0.001322] (commande_locale) JobQueued: {'identifier': 'commande_locale', 'dependencies': OrderedDict({'aiguillages': '/home/user/celluleflexible_en_cours_ROS2/ros_ws/install/aiguillages'})}
[0.001337] (shuttles) JobQueued: {'identifier': 'shuttles', 'dependencies': OrderedDict({'aiguillages': '/home/user/celluleflexible_en_cours_ROS2/ros_ws/install/aiguillages'})}
[0.001346] (robots) JobQueued: {'identifier': 'robots', 'dependencies': OrderedDict({'aiguillages': '/home/user/celluleflexible_en_cours_ROS2/ros_ws/install/aiguillages', 'commande_locale': '/home/user/celluleflexible_en_cours_ROS2/ros_ws/install/commande_locale', 'shuttles': '/home/user/celluleflexible_en_cours_ROS2/ros_ws/install/shuttles'})}
[0.001355] (aiguillages) JobStarted: {'identifier': 'aiguillages'}
[0.017727] (aiguillages) JobProgress: {'identifier': 'aiguillages', 'progress': 'cmake'}
[0.018767] (aiguillages) JobProgress: {'identifier': 'aiguillages', 'progress': 'build'}
[0.018814] (aiguillages) Command: {'cmd': ['/usr/bin/cmake', '--build', '/home/user/celluleflexible_en_cours_ROS2/ros_ws/build/aiguillages', '--', '-j8', '-l8'], 'cwd': '/home/user/celluleflexible_en_cours_ROS2/ros_ws/build/aiguillages', 'env': OrderedDict({'LESSOPEN': '| /usr/bin/lesspipe %s', 'USER': 'user', 'XDG_SESSION_TYPE': 'wayland', 'SHLVL': '1', 'LD_LIBRARY_PATH': '/home/user/celluleflexible_en_cours_ROS2/ros_ws/install/shuttles/lib:/home/user/celluleflexible_en_cours_ROS2/ros_ws/install/robots/lib:/home/user/celluleflexible_en_cours_ROS2/ros_ws/install/commande_locale/lib:/home/user/celluleflexible_en_cours_ROS2/ros_ws/install/aiguillages/lib:/opt/ros/jazzy/opt/rviz_ogre_vendor/lib:/opt/ros/jazzy/lib/x86_64-linux-gnu:/opt/ros/jazzy/opt/gz_math_vendor/lib:/opt/ros/jazzy/opt/gz_utils_vendor/lib:/opt/ros/jazzy/opt/gz_cmake_vendor/lib:/opt/ros/jazzy/lib', 'HOME': '/home/user', 'DESKTOP_SESSION': 'ubuntu', 'ROS_PYTHON_VERSION': '3', 'GNOME_SHELL_SESSION_MODE': 'ubuntu', 'GTK_MODULES': 'gail:atk-bridge', 'DBUS_STARTER_BUS_TYPE': 'session', 'SYSTEMD_EXEC_PID': '2240', 'GSM_SKIP_SSH_AGENT_WORKAROUND': 'true', 'DBUS_SESSION_BUS_ADDRESS': 'unix:path=/run/user/1000/bus,guid=6da02ccfb5f5be8b2dc210526992ca6b', 'COLORTERM': 'truecolor', 'DEBUGINFOD_URLS': 'https://debuginfod.ubuntu.com', 'IM_CONFIG_PHASE': '1', 'WAYLAND_DISPLAY': 'wayland-0', 'COLCON_PREFIX_PATH': '/home/user/celluleflexible_en_cours_ROS2/ros_ws/install', 'ROS_DISTRO': 'jazzy', 'LOGNAME': 'user', '_': '/usr/bin/colcon', 'ROS_VERSION': '2', 'MEMORY_PRESSURE_WATCH': '/sys/fs/cgroup/user.slice/user-1000.slice/user@1000.service/app.slice/app-gnome\\x2dsession\\x2dmanager.slice/gnome-session-manager@ubuntu.service/memory.pressure', 'XDG_SESSION_CLASS': 'user', 'USERNAME': 'user', 'TERM': 'xterm-256color', 'GNOME_DESKTOP_SESSION_ID': 'this-is-deprecated', 'PATH': '/opt/ros/jazzy/bin:/usr/local/sbin:/usr/local/bin:/usr/sbin:/usr/bin:/sbin:/bin:/usr/games:/usr/local/games:/snap/bin:/snap/bin', 'SESSION_MANAGER': 'local/Ubuntu:@/tmp/.ICE-unix/2240,unix/Ubuntu:/tmp/.ICE-unix/2240', 'XDG_MENU_PREFIX': 'gnome-', 'GNOME_TERMINAL_SCREEN': '/org/gnome/Terminal/screen/c7962f18_f474_48af_ace3_a3479f78beab', 'GNOME_SETUP_DISPLAY': ':1', 'XDG_RUNTIME_DIR': '/run/user/1000', 'DISPLAY': ':0', 'LANG': 'en_US.UTF-8', 'XDG_CURRENT_DESKTOP': 'ubuntu:GNOME', 'XMODIFIERS': '@im=ibus', 'XDG_SESSION_DESKTOP': 'ubuntu', 'XAUTHORITY': '/run/user/1000/.mutter-Xwaylandauth.HCD1K3', 'LS_COLORS': 'rs=0:di=01;34:ln=01;36:mh=00:pi=40;33:so=01;35:do=01;35:bd=40;33;01:cd=40;33;01:or=40;31;01:mi=00:su=37;41:sg=30;43:ca=00:tw=30;42:ow=34;42:st=37;44:ex=01;32:*.tar=01;31:*.tgz=01;31:*.arc=01;31:*.arj=01;31:*.taz=01;31:*.lha=01;31:*.lz4=01;31:*.lzh=01;31:*.lzma=01;31:*.tlz=01;31:*.txz=01;31:*.tzo=01;31:*.t7z=01;31:*.zip=01;31:*.z=01;31:*.dz=01;31:*.gz=01;31:*.lrz=01;31:*.lz=01;31:*.lzo=01;31:*.xz=01;31:*.zst=01;31:*.tzst=01;31:*.bz2=01;31:*.bz=01;31:*.tbz=01;31:*.tbz2=01;31:*.tz=01;31:*.deb=01;31:*.rpm=01;31:*.jar=01;31:*.war=01;31:*.ear=01;31:*.sar=01;31:*.rar=01;31:*.alz=01;31:*.ace=01;31:*.zoo=01;31:*.cpio=01;31:*.7z=01;31:*.rz=01;31:*.cab=01;31:*.wim=01;31:*.swm=01;31:*.dwm=01;31:*.esd=01;31:*.avif=01;35:*.jpg=01;35:*.jpeg=01;35:*.mjpg=01;35:*.mjpeg=01;35:*.gif=01;35:*.bmp=01;35:*.pbm=01;35:*.pgm=01;35:*.ppm=01;35:*.tga=01;35:*.xbm=01;35:*.xpm=01;35:*.tif=01;35:*.tiff=01;35:*.png=01;35:*.svg=01;35:*.svgz=01;35:*.mng=01;35:*.pcx=01;35:*.mov=01;35:*.mpg=01;35:*.mpeg=01;35:*.m2v=01;35:*.mkv=01;35:*.webm=01;35:*.webp=01;35:*.ogm=01;35:*.mp4=01;35:*.m4v=01;35:*.mp4v=01;35:*.vob=01;35:*.qt=01;35:*.nuv=01;35:*.wmv=01;35:*.asf=01;35:*.rm=01;35:*.rmvb=01;35:*.flc=01;35:*.avi=01;35:*.fli=01;35:*.flv=01;35:*.gl=01;35:*.dl=01;35:*.xcf=01;35:*.xwd=01;35:*.yuv=01;35:*.cgm=01;35:*.emf=01;35:*.ogv=01;35:*.ogx=01;35:*.aac=00;36:*.au=00;36:*.flac=00;36:*.m4a=00;36:*.mid=00;36:*.midi=00;36:*.mka=00;36:*.mp3=00;36:*.mpc=00;36:*.ogg=00;36:*.ra=00;36:*.wav=00;36:*.oga=00;36:*.opus=00;36:*.spx=00;36:*.xspf=00;36:*~=00;90:*#=00;90:*.bak=00;90:*.crdownload=00;90:*.dpkg-dist=00;90:*.dpkg-new=00;90:*.dpkg-old=00;90:*.dpkg-tmp=00;90:*.old=00;90:*.orig=00;90:*.part=00;90:*.rej=00;90:*.rpmnew=00;90:*.rpmorig=00;90:*.rpmsave=00;90:*.swp=00;90:*.tmp=00;90:*.ucf-dist=00;90:*.ucf-new=00;90:*.ucf-old=00;90:', 'GNOME_TERMINAL_SERVICE': ':1.781', 'SSH_AUTH_SOCK': '/run/user/1000/keyring/ssh', 'AMENT_PREFIX_PATH': '/home/user/celluleflexible_en_cours_ROS2/ros_ws/install/shuttles:/home/user/celluleflexible_en_cours_ROS2/ros_ws/install/robots:/home/user/celluleflexible_en_cours_ROS2/ros_ws/install/commande_locale:/home/user/celluleflexible_en_cours_ROS2/ros_ws/install/aiguillages:/opt/ros/jazzy', 'SHELL': '/bin/bash', 'QT_ACCESSIBILITY': '1', 'GDMSESSION': 'ubuntu', 'LESSCLOSE': '/usr/bin/lesspipe %s %s', 'ROS_AUTOMATIC_DISCOVERY_RANGE': 'SUBNET', 'QT_IM_MODULE': 'ibus', 'PWD': '/home/user/celluleflexible_en_cours_ROS2/ros_ws/build/aiguillages', 'LC_ALL': 'en_US.UTF-8', 'XDG_CONFIG_DIRS': '/etc/xdg/xdg-ubuntu:/etc/xdg', 'DBUS_STARTER_ADDRESS': 'unix:path=/run/user/1000/bus,guid=6da02ccfb5f5be8b2dc210526992ca6b', 'XDG_DATA_DIRS': '/usr/share/ubuntu:/usr/share/gnome:/usr/local/share/:/usr/share/:/var/lib/snapd/desktop', 'PYTHONPATH': '/home/user/celluleflexible_en_cours_ROS2/ros_ws/install/shuttles/lib/python3.12/site-packages:/home/user/celluleflexible_en_cours_ROS2/ros_ws/install/robots/lib/python3.12/site-packages:/home/user/celluleflexible_en_cours_ROS2/ros_ws/install/commande_locale/lib/python3.12/site-packages:/home/user/celluleflexible_en_cours_ROS2/ros_ws/install/aiguillages/lib/python3.12/site-packages:/opt/ros/jazzy/lib/python3.12/site-packages', 'COLCON': '1', 'MEMORY_PRESSURE_WRITE': 'c29tZSAyMDAwMDAgMjAwMDAwMAA=', 'VTE_VERSION': '7600', 'CMAKE_PREFIX_PATH': '/home/user/celluleflexible_en_cours_ROS2/ros_ws/install/shuttles:/home/user/celluleflexible_en_cours_ROS2/ros_ws/install/robots:/home/user/celluleflexible_en_cours_ROS2/ros_ws/install/commande_locale:/home/user/celluleflexible_en_cours_ROS2/ros_ws/install/aiguillages:/opt/ros/jazzy/opt/gz_math_vendor:/opt/ros/jazzy/opt/gz_utils_vendor:/opt/ros/jazzy/opt/gz_cmake_vendor:/opt/ros/jazzy'}), 'shell': False}
[0.073323] (aiguillages) StdoutLine: {'line': b'[  1%] Built target aiguillages__rosidl_generator_type_description\n'}
[0.082481] (aiguillages) StdoutLine: {'line': b'[  1%] Built target ament_cmake_python_copy_aiguillages\n'}
[0.098487] (aiguillages) StdoutLine: {'line': b'[  2%] Built target aiguillages__cpp\n'}
[0.098873] (aiguillages) StdoutLine: {'line': b'[ 23%] Built target aiguillages__rosidl_generator_c\n'}
[0.099994] (-) TimerEvent: {}
[0.127274] (aiguillages) StdoutLine: {'line': b'[ 41%] Built target aiguillages__rosidl_typesupport_fastrtps_cpp\n'}
[0.127416] (aiguillages) StdoutLine: {'line': b'[ 40%] Built target aiguillages__rosidl_typesupport_introspection_c\n'}
[0.127574] (aiguillages) StdoutLine: {'line': b'[ 50%] Built target aiguillages__rosidl_typesupport_c\n'}
[0.127803] (aiguillages) StdoutLine: {'line': b'[ 59%] Built target aiguillages__rosidl_typesupport_introspection_cpp\n'}
[0.127838] (aiguillages) StdoutLine: {'line': b'[ 68%] Built target aiguillages__rosidl_typesupport_cpp\n'}
[0.132391] (aiguillages) StdoutLine: {'line': b'[ 77%] Built target aiguillages__rosidl_typesupport_fastrtps_c\n'}
[0.157784] (aiguillages) StdoutLine: {'line': b'[ 77%] Built target aiguillages\n'}
[0.158190] (aiguillages) StdoutLine: {'line': b'[ 82%] Built target run_Aiguillage\n'}
[0.178418] (aiguillages) StdoutLine: {'line': b'[ 83%] Built target aiguillages__py\n'}
[0.200838] (-) TimerEvent: {}
[0.208398] (aiguillages) StdoutLine: {'line': b'[ 91%] Built target aiguillages__rosidl_generator_py\n'}
[0.232450] (aiguillages) StdoutLine: {'line': b'[100%] Built target aiguillages_s__rosidl_typesupport_introspection_c\n'}
[0.232636] (aiguillages) StdoutLine: {'line': b'[100%] Built target aiguillages_s__rosidl_typesupport_fastrtps_c\n'}
[0.232733] (aiguillages) StdoutLine: {'line': b'[100%] Built target aiguillages_s__rosidl_typesupport_c\n'}
[0.240210] (aiguillages) StdoutLine: {'line': b'running egg_info\n'}
[0.251056] (aiguillages) StdoutLine: {'line': b'writing aiguillages.egg-info/PKG-INFO\n'}
[0.251385] (aiguillages) StdoutLine: {'line': b'writing dependency_links to aiguillages.egg-info/dependency_links.txt\n'}
[0.251797] (aiguillages) StdoutLine: {'line': b'writing top-level names to aiguillages.egg-info/top_level.txt\n'}
[0.279298] (aiguillages) StdoutLine: {'line': b"reading manifest file 'aiguillages.egg-info/SOURCES.txt'\n"}
[0.279437] (aiguillages) StdoutLine: {'line': b"writing manifest file 'aiguillages.egg-info/SOURCES.txt'\n"}
[0.299354] (aiguillages) StdoutLine: {'line': b'[100%] Built target ament_cmake_python_build_aiguillages_egg\n'}
[0.301174] (-) TimerEvent: {}
[0.311475] (aiguillages) CommandEnded: {'returncode': 0}
[0.312423] (aiguillages) JobProgress: {'identifier': 'aiguillages', 'progress': 'install'}
[0.323923] (aiguillages) Command: {'cmd': ['/usr/bin/cmake', '--install', '/home/user/celluleflexible_en_cours_ROS2/ros_ws/build/aiguillages'], 'cwd': '/home/user/celluleflexible_en_cours_ROS2/ros_ws/build/aiguillages', 'env': OrderedDict({'LESSOPEN': '| /usr/bin/lesspipe %s', 'USER': 'user', 'XDG_SESSION_TYPE': 'wayland', 'SHLVL': '1', 'LD_LIBRARY_PATH': '/home/user/celluleflexible_en_cours_ROS2/ros_ws/install/shuttles/lib:/home/user/celluleflexible_en_cours_ROS2/ros_ws/install/robots/lib:/home/user/celluleflexible_en_cours_ROS2/ros_ws/install/commande_locale/lib:/home/user/celluleflexible_en_cours_ROS2/ros_ws/install/aiguillages/lib:/opt/ros/jazzy/opt/rviz_ogre_vendor/lib:/opt/ros/jazzy/lib/x86_64-linux-gnu:/opt/ros/jazzy/opt/gz_math_vendor/lib:/opt/ros/jazzy/opt/gz_utils_vendor/lib:/opt/ros/jazzy/opt/gz_cmake_vendor/lib:/opt/ros/jazzy/lib', 'HOME': '/home/user', 'DESKTOP_SESSION': 'ubuntu', 'ROS_PYTHON_VERSION': '3', 'GNOME_SHELL_SESSION_MODE': 'ubuntu', 'GTK_MODULES': 'gail:atk-bridge', 'DBUS_STARTER_BUS_TYPE': 'session', 'SYSTEMD_EXEC_PID': '2240', 'GSM_SKIP_SSH_AGENT_WORKAROUND': 'true', 'DBUS_SESSION_BUS_ADDRESS': 'unix:path=/run/user/1000/bus,guid=6da02ccfb5f5be8b2dc210526992ca6b', 'COLORTERM': 'truecolor', 'DEBUGINFOD_URLS': 'https://debuginfod.ubuntu.com', 'IM_CONFIG_PHASE': '1', 'WAYLAND_DISPLAY': 'wayland-0', 'COLCON_PREFIX_PATH': '/home/user/celluleflexible_en_cours_ROS2/ros_ws/install', 'ROS_DISTRO': 'jazzy', 'LOGNAME': 'user', '_': '/usr/bin/colcon', 'ROS_VERSION': '2', 'MEMORY_PRESSURE_WATCH': '/sys/fs/cgroup/user.slice/user-1000.slice/user@1000.service/app.slice/app-gnome\\x2dsession\\x2dmanager.slice/gnome-session-manager@ubuntu.service/memory.pressure', 'XDG_SESSION_CLASS': 'user', 'USERNAME': 'user', 'TERM': 'xterm-256color', 'GNOME_DESKTOP_SESSION_ID': 'this-is-deprecated', 'PATH': '/opt/ros/jazzy/bin:/usr/local/sbin:/usr/local/bin:/usr/sbin:/usr/bin:/sbin:/bin:/usr/games:/usr/local/games:/snap/bin:/snap/bin', 'SESSION_MANAGER': 'local/Ubuntu:@/tmp/.ICE-unix/2240,unix/Ubuntu:/tmp/.ICE-unix/2240', 'XDG_MENU_PREFIX': 'gnome-', 'GNOME_TERMINAL_SCREEN': '/org/gnome/Terminal/screen/c7962f18_f474_48af_ace3_a3479f78beab', 'GNOME_SETUP_DISPLAY': ':1', 'XDG_RUNTIME_DIR': '/run/user/1000', 'DISPLAY': ':0', 'LANG': 'en_US.UTF-8', 'XDG_CURRENT_DESKTOP': 'ubuntu:GNOME', 'XMODIFIERS': '@im=ibus', 'XDG_SESSION_DESKTOP': 'ubuntu', 'XAUTHORITY': '/run/user/1000/.mutter-Xwaylandauth.HCD1K3', 'LS_COLORS': 'rs=0:di=01;34:ln=01;36:mh=00:pi=40;33:so=01;35:do=01;35:bd=40;33;01:cd=40;33;01:or=40;31;01:mi=00:su=37;41:sg=30;43:ca=00:tw=30;42:ow=34;42:st=37;44:ex=01;32:*.tar=01;31:*.tgz=01;31:*.arc=01;31:*.arj=01;31:*.taz=01;31:*.lha=01;31:*.lz4=01;31:*.lzh=01;31:*.lzma=01;31:*.tlz=01;31:*.txz=01;31:*.tzo=01;31:*.t7z=01;31:*.zip=01;31:*.z=01;31:*.dz=01;31:*.gz=01;31:*.lrz=01;31:*.lz=01;31:*.lzo=01;31:*.xz=01;31:*.zst=01;31:*.tzst=01;31:*.bz2=01;31:*.bz=01;31:*.tbz=01;31:*.tbz2=01;31:*.tz=01;31:*.deb=01;31:*.rpm=01;31:*.jar=01;31:*.war=01;31:*.ear=01;31:*.sar=01;31:*.rar=01;31:*.alz=01;31:*.ace=01;31:*.zoo=01;31:*.cpio=01;31:*.7z=01;31:*.rz=01;31:*.cab=01;31:*.wim=01;31:*.swm=01;31:*.dwm=01;31:*.esd=01;31:*.avif=01;35:*.jpg=01;35:*.jpeg=01;35:*.mjpg=01;35:*.mjpeg=01;35:*.gif=01;35:*.bmp=01;35:*.pbm=01;35:*.pgm=01;35:*.ppm=01;35:*.tga=01;35:*.xbm=01;35:*.xpm=01;35:*.tif=01;35:*.tiff=01;35:*.png=01;35:*.svg=01;35:*.svgz=01;35:*.mng=01;35:*.pcx=01;35:*.mov=01;35:*.mpg=01;35:*.mpeg=01;35:*.m2v=01;35:*.mkv=01;35:*.webm=01;35:*.webp=01;35:*.ogm=01;35:*.mp4=01;35:*.m4v=01;35:*.mp4v=01;35:*.vob=01;35:*.qt=01;35:*.nuv=01;35:*.wmv=01;35:*.asf=01;35:*.rm=01;35:*.rmvb=01;35:*.flc=01;35:*.avi=01;35:*.fli=01;35:*.flv=01;35:*.gl=01;35:*.dl=01;35:*.xcf=01;35:*.xwd=01;35:*.yuv=01;35:*.cgm=01;35:*.emf=01;35:*.ogv=01;35:*.ogx=01;35:*.aac=00;36:*.au=00;36:*.flac=00;36:*.m4a=00;36:*.mid=00;36:*.midi=00;36:*.mka=00;36:*.mp3=00;36:*.mpc=00;36:*.ogg=00;36:*.ra=00;36:*.wav=00;36:*.oga=00;36:*.opus=00;36:*.spx=00;36:*.xspf=00;36:*~=00;90:*#=00;90:*.bak=00;90:*.crdownload=00;90:*.dpkg-dist=00;90:*.dpkg-new=00;90:*.dpkg-old=00;90:*.dpkg-tmp=00;90:*.old=00;90:*.orig=00;90:*.part=00;90:*.rej=00;90:*.rpmnew=00;90:*.rpmorig=00;90:*.rpmsave=00;90:*.swp=00;90:*.tmp=00;90:*.ucf-dist=00;90:*.ucf-new=00;90:*.ucf-old=00;90:', 'GNOME_TERMINAL_SERVICE': ':1.781', 'SSH_AUTH_SOCK': '/run/user/1000/keyring/ssh', 'AMENT_PREFIX_PATH': '/home/user/celluleflexible_en_cours_ROS2/ros_ws/install/shuttles:/home/user/celluleflexible_en_cours_ROS2/ros_ws/install/robots:/home/user/celluleflexible_en_cours_ROS2/ros_ws/install/commande_locale:/home/user/celluleflexible_en_cours_ROS2/ros_ws/install/aiguillages:/opt/ros/jazzy', 'SHELL': '/bin/bash', 'QT_ACCESSIBILITY': '1', 'GDMSESSION': 'ubuntu', 'LESSCLOSE': '/usr/bin/lesspipe %s %s', 'ROS_AUTOMATIC_DISCOVERY_RANGE': 'SUBNET', 'QT_IM_MODULE': 'ibus', 'PWD': '/home/user/celluleflexible_en_cours_ROS2/ros_ws/build/aiguillages', 'LC_ALL': 'en_US.UTF-8', 'XDG_CONFIG_DIRS': '/etc/xdg/xdg-ubuntu:/etc/xdg', 'DBUS_STARTER_ADDRESS': 'unix:path=/run/user/1000/bus,guid=6da02ccfb5f5be8b2dc210526992ca6b', 'XDG_DATA_DIRS': '/usr/share/ubuntu:/usr/share/gnome:/usr/local/share/:/usr/share/:/var/lib/snapd/desktop', 'PYTHONPATH': '/home/user/celluleflexible_en_cours_ROS2/ros_ws/install/shuttles/lib/python3.12/site-packages:/home/user/celluleflexible_en_cours_ROS2/ros_ws/install/robots/lib/python3.12/site-packages:/home/user/celluleflexible_en_cours_ROS2/ros_ws/install/commande_locale/lib/python3.12/site-packages:/home/user/celluleflexible_en_cours_ROS2/ros_ws/install/aiguillages/lib/python3.12/site-packages:/opt/ros/jazzy/lib/python3.12/site-packages', 'COLCON': '1', 'MEMORY_PRESSURE_WRITE': 'c29tZSAyMDAwMDAgMjAwMDAwMAA=', 'VTE_VERSION': '7600', 'CMAKE_PREFIX_PATH': '/home/user/celluleflexible_en_cours_ROS2/ros_ws/install/shuttles:/home/user/celluleflexible_en_cours_ROS2/ros_ws/install/robots:/home/user/celluleflexible_en_cours_ROS2/ros_ws/install/commande_locale:/home/user/celluleflexible_en_cours_ROS2/ros_ws/install/aiguillages:/opt/ros/jazzy/opt/gz_math_vendor:/opt/ros/jazzy/opt/gz_utils_vendor:/opt/ros/jazzy/opt/gz_cmake_vendor:/opt/ros/jazzy'}), 'shell': False}
[0.331594] (aiguillages) StdoutLine: {'line': b'-- Install configuration: ""\n'}
[0.331685] (aiguillages) StdoutLine: {'line': b'-- Up-to-date: /home/user/celluleflexible_en_cours_ROS2/ros_ws/install/aiguillages/share/ament_index/resource_index/rosidl_interfaces/aiguillages\n'}
[0.331727] (aiguillages) StdoutLine: {'line': b'-- Up-to-date: /home/user/celluleflexible_en_cours_ROS2/ros_ws/install/aiguillages/share/aiguillages/msg/Capteurs.json\n'}
[0.331758] (aiguillages) StdoutLine: {'line': b'-- Up-to-date: /home/user/celluleflexible_en_cours_ROS2/ros_ws/install/aiguillages/share/aiguillages/msg/Actionneurs.json\n'}
[0.331827] (aiguillages) StdoutLine: {'line': b'-- Up-to-date: /home/user/celluleflexible_en_cours_ROS2/ros_ws/install/aiguillages/share/aiguillages/msg/ExchangeSh.json\n'}
[0.331855] (aiguillages) StdoutLine: {'line': b'-- Up-to-date: /home/user/celluleflexible_en_cours_ROS2/ros_ws/install/aiguillages/share/aiguillages/msg/MsgSensorState.json\n'}
[0.331880] (aiguillages) StdoutLine: {'line': b'-- Up-to-date: /home/user/celluleflexible_en_cours_ROS2/ros_ws/install/aiguillages/include/aiguillages/aiguillages\n'}
[0.332179] (aiguillages) StdoutLine: {'line': b'-- Up-to-date: /home/user/celluleflexible_en_cours_ROS2/ros_ws/install/aiguillages/include/aiguillages/aiguillages/msg\n'}
[0.332278] (aiguillages) StdoutLine: {'line': b'-- Up-to-date: /home/user/celluleflexible_en_cours_ROS2/ros_ws/install/aiguillages/include/aiguillages/aiguillages/msg/exchange_sh.h\n'}
[0.332310] (aiguillages) StdoutLine: {'line': b'-- Up-to-date: /home/user/celluleflexible_en_cours_ROS2/ros_ws/install/aiguillages/include/aiguillages/aiguillages/msg/rosidl_generator_c__visibility_control.h\n'}
[0.332339] (aiguillages) StdoutLine: {'line': b'-- Up-to-date: /home/user/celluleflexible_en_cours_ROS2/ros_ws/install/aiguillages/include/aiguillages/aiguillages/msg/capteurs.h\n'}
[0.332364] (aiguillages) StdoutLine: {'line': b'-- Up-to-date: /home/user/celluleflexible_en_cours_ROS2/ros_ws/install/aiguillages/include/aiguillages/aiguillages/msg/msg_sensor_state.h\n'}
[0.332388] (aiguillages) StdoutLine: {'line': b'-- Up-to-date: /home/user/celluleflexible_en_cours_ROS2/ros_ws/install/aiguillages/include/aiguillages/aiguillages/msg/actionneurs.h\n'}
[0.332419] (aiguillages) StdoutLine: {'line': b'-- Up-to-date: /home/user/celluleflexible_en_cours_ROS2/ros_ws/install/aiguillages/include/aiguillages/aiguillages/msg/detail\n'}
[0.332441] (aiguillages) StdoutLine: {'line': b'-- Up-to-date: /home/user/celluleflexible_en_cours_ROS2/ros_ws/install/aiguillages/include/aiguillages/aiguillages/msg/detail/msg_sensor_state__type_support.h\n'}
[0.332533] (aiguillages) StdoutLine: {'line': b'-- Up-to-date: /home/user/celluleflexible_en_cours_ROS2/ros_ws/install/aiguillages/include/aiguillages/aiguillages/msg/detail/exchange_sh__description.c\n'}
[0.332599] (aiguillages) StdoutLine: {'line': b'-- Up-to-date: /home/user/celluleflexible_en_cours_ROS2/ros_ws/install/aiguillages/include/aiguillages/aiguillages/msg/detail/exchange_sh__functions.c\n'}
[0.332624] (aiguillages) StdoutLine: {'line': b'-- Up-to-date: /home/user/celluleflexible_en_cours_ROS2/ros_ws/install/aiguillages/include/aiguillages/aiguillages/msg/detail/msg_sensor_state__functions.h\n'}
[0.332648] (aiguillages) StdoutLine: {'line': b'-- Up-to-date: /home/user/celluleflexible_en_cours_ROS2/ros_ws/install/aiguillages/include/aiguillages/aiguillages/msg/detail/actionneurs__functions.h\n'}
[0.332674] (aiguillages) StdoutLine: {'line': b'-- Up-to-date: /home/user/celluleflexible_en_cours_ROS2/ros_ws/install/aiguillages/include/aiguillages/aiguillages/msg/detail/capteurs__type_support.c\n'}
[0.332698] (aiguillages) StdoutLine: {'line': b'-- Up-to-date: /home/user/celluleflexible_en_cours_ROS2/ros_ws/install/aiguillages/include/aiguillages/aiguillages/msg/detail/actionneurs__type_support.c\n'}
[0.332919] (aiguillages) StdoutLine: {'line': b'-- Up-to-date: /home/user/celluleflexible_en_cours_ROS2/ros_ws/install/aiguillages/include/aiguillages/aiguillages/msg/detail/capteurs__struct.h\n'}
[0.333000] (aiguillages) StdoutLine: {'line': b'-- Up-to-date: /home/user/celluleflexible_en_cours_ROS2/ros_ws/install/aiguillages/include/aiguillages/aiguillages/msg/detail/actionneurs__type_support.h\n'}
[0.333184] (aiguillages) StdoutLine: {'line': b'-- Up-to-date: /home/user/celluleflexible_en_cours_ROS2/ros_ws/install/aiguillages/include/aiguillages/aiguillages/msg/detail/capteurs__description.c\n'}
[0.333234] (aiguillages) StdoutLine: {'line': b'-- Up-to-date: /home/user/celluleflexible_en_cours_ROS2/ros_ws/install/aiguillages/include/aiguillages/aiguillages/msg/detail/msg_sensor_state__description.c\n'}
[0.333260] (aiguillages) StdoutLine: {'line': b'-- Up-to-date: /home/user/celluleflexible_en_cours_ROS2/ros_ws/install/aiguillages/include/aiguillages/aiguillages/msg/detail/capteurs__functions.h\n'}
[0.333286] (aiguillages) StdoutLine: {'line': b'-- Up-to-date: /home/user/celluleflexible_en_cours_ROS2/ros_ws/install/aiguillages/include/aiguillages/aiguillages/msg/detail/msg_sensor_state__type_support.c\n'}
[0.333309] (aiguillages) StdoutLine: {'line': b'-- Up-to-date: /home/user/celluleflexible_en_cours_ROS2/ros_ws/install/aiguillages/include/aiguillages/aiguillages/msg/detail/exchange_sh__functions.h\n'}
[0.333646] (aiguillages) StdoutLine: {'line': b'-- Up-to-date: /home/user/celluleflexible_en_cours_ROS2/ros_ws/install/aiguillages/include/aiguillages/aiguillages/msg/detail/msg_sensor_state__struct.h\n'}
[0.333788] (aiguillages) StdoutLine: {'line': b'-- Up-to-date: /home/user/celluleflexible_en_cours_ROS2/ros_ws/install/aiguillages/include/aiguillages/aiguillages/msg/detail/msg_sensor_state__functions.c\n'}
[0.333986] (aiguillages) StdoutLine: {'line': b'-- Up-to-date: /home/user/celluleflexible_en_cours_ROS2/ros_ws/install/aiguillages/include/aiguillages/aiguillages/msg/detail/actionneurs__struct.h\n'}
[0.334421] (aiguillages) StdoutLine: {'line': b'-- Up-to-date: /home/user/celluleflexible_en_cours_ROS2/ros_ws/install/aiguillages/include/aiguillages/aiguillages/msg/detail/exchange_sh__struct.h\n'}
[0.334464] (aiguillages) StdoutLine: {'line': b'-- Up-to-date: /home/user/celluleflexible_en_cours_ROS2/ros_ws/install/aiguillages/include/aiguillages/aiguillages/msg/detail/actionneurs__description.c\n'}
[0.334492] (aiguillages) StdoutLine: {'line': b'-- Up-to-date: /home/user/celluleflexible_en_cours_ROS2/ros_ws/install/aiguillages/include/aiguillages/aiguillages/msg/detail/exchange_sh__type_support.c\n'}
[0.334517] (aiguillages) StdoutLine: {'line': b'-- Up-to-date: /home/user/celluleflexible_en_cours_ROS2/ros_ws/install/aiguillages/include/aiguillages/aiguillages/msg/detail/exchange_sh__type_support.h\n'}
[0.334541] (aiguillages) StdoutLine: {'line': b'-- Up-to-date: /home/user/celluleflexible_en_cours_ROS2/ros_ws/install/aiguillages/include/aiguillages/aiguillages/msg/detail/capteurs__functions.c\n'}
[0.334563] (aiguillages) StdoutLine: {'line': b'-- Up-to-date: /home/user/celluleflexible_en_cours_ROS2/ros_ws/install/aiguillages/include/aiguillages/aiguillages/msg/detail/capteurs__type_support.h\n'}
[0.334584] (aiguillages) StdoutLine: {'line': b'-- Up-to-date: /home/user/celluleflexible_en_cours_ROS2/ros_ws/install/aiguillages/include/aiguillages/aiguillages/msg/detail/actionneurs__functions.c\n'}
[0.334606] (aiguillages) StdoutLine: {'line': b'-- Up-to-date: /home/user/celluleflexible_en_cours_ROS2/ros_ws/install/aiguillages/share/aiguillages/environment/library_path.sh\n'}
[0.335047] (aiguillages) StdoutLine: {'line': b'-- Up-to-date: /home/user/celluleflexible_en_cours_ROS2/ros_ws/install/aiguillages/share/aiguillages/environment/library_path.dsv\n'}
[0.335101] (aiguillages) StdoutLine: {'line': b'-- Up-to-date: /home/user/celluleflexible_en_cours_ROS2/ros_ws/install/aiguillages/lib/libaiguillages__rosidl_generator_c.so\n'}
[0.335128] (aiguillages) StdoutLine: {'line': b'-- Up-to-date: /home/user/celluleflexible_en_cours_ROS2/ros_ws/install/aiguillages/include/aiguillages/aiguillages\n'}
[0.335151] (aiguillages) StdoutLine: {'line': b'-- Up-to-date: /home/user/celluleflexible_en_cours_ROS2/ros_ws/install/aiguillages/include/aiguillages/aiguillages/msg\n'}
[0.335173] (aiguillages) StdoutLine: {'line': b'-- Up-to-date: /home/user/celluleflexible_en_cours_ROS2/ros_ws/install/aiguillages/include/aiguillages/aiguillages/msg/rosidl_typesupport_fastrtps_c__visibility_control.h\n'}
[0.335201] (aiguillages) StdoutLine: {'line': b'-- Up-to-date: /home/user/celluleflexible_en_cours_ROS2/ros_ws/install/aiguillages/include/aiguillages/aiguillages/msg/detail\n'}
[0.335223] (aiguillages) StdoutLine: {'line': b'-- Up-to-date: /home/user/celluleflexible_en_cours_ROS2/ros_ws/install/aiguillages/include/aiguillages/aiguillages/msg/detail/capteurs__rosidl_typesupport_fastrtps_c.h\n'}
[0.335244] (aiguillages) StdoutLine: {'line': b'-- Up-to-date: /home/user/celluleflexible_en_cours_ROS2/ros_ws/install/aiguillages/include/aiguillages/aiguillages/msg/detail/exchange_sh__rosidl_typesupport_fastrtps_c.h\n'}
[0.335265] (aiguillages) StdoutLine: {'line': b'-- Up-to-date: /home/user/celluleflexible_en_cours_ROS2/ros_ws/install/aiguillages/include/aiguillages/aiguillages/msg/detail/actionneurs__rosidl_typesupport_fastrtps_c.h\n'}
[0.335286] (aiguillages) StdoutLine: {'line': b'-- Up-to-date: /home/user/celluleflexible_en_cours_ROS2/ros_ws/install/aiguillages/include/aiguillages/aiguillages/msg/detail/msg_sensor_state__rosidl_typesupport_fastrtps_c.h\n'}
[0.335309] (aiguillages) StdoutLine: {'line': b'-- Up-to-date: /home/user/celluleflexible_en_cours_ROS2/ros_ws/install/aiguillages/lib/libaiguillages__rosidl_typesupport_fastrtps_c.so\n'}
[0.335329] (aiguillages) StdoutLine: {'line': b'-- Up-to-date: /home/user/celluleflexible_en_cours_ROS2/ros_ws/install/aiguillages/include/aiguillages/aiguillages\n'}
[0.335350] (aiguillages) StdoutLine: {'line': b'-- Up-to-date: /home/user/celluleflexible_en_cours_ROS2/ros_ws/install/aiguillages/include/aiguillages/aiguillages/msg\n'}
[0.335371] (aiguillages) StdoutLine: {'line': b'-- Up-to-date: /home/user/celluleflexible_en_cours_ROS2/ros_ws/install/aiguillages/include/aiguillages/aiguillages/msg/capteurs.hpp\n'}
[0.335393] (aiguillages) StdoutLine: {'line': b'-- Up-to-date: /home/user/celluleflexible_en_cours_ROS2/ros_ws/install/aiguillages/include/aiguillages/aiguillages/msg/exchange_sh.hpp\n'}
[0.335538] (aiguillages) StdoutLine: {'line': b'-- Up-to-date: /home/user/celluleflexible_en_cours_ROS2/ros_ws/install/aiguillages/include/aiguillages/aiguillages/msg/rosidl_generator_cpp__visibility_control.hpp\n'}
[0.335573] (aiguillages) StdoutLine: {'line': b'-- Up-to-date: /home/user/celluleflexible_en_cours_ROS2/ros_ws/install/aiguillages/include/aiguillages/aiguillages/msg/actionneurs.hpp\n'}
[0.335596] (aiguillages) StdoutLine: {'line': b'-- Up-to-date: /home/user/celluleflexible_en_cours_ROS2/ros_ws/install/aiguillages/include/aiguillages/aiguillages/msg/detail\n'}
[0.335619] (aiguillages) StdoutLine: {'line': b'-- Up-to-date: /home/user/celluleflexible_en_cours_ROS2/ros_ws/install/aiguillages/include/aiguillages/aiguillages/msg/detail/capteurs__builder.hpp\n'}
[0.335640] (aiguillages) StdoutLine: {'line': b'-- Up-to-date: /home/user/celluleflexible_en_cours_ROS2/ros_ws/install/aiguillages/include/aiguillages/aiguillages/msg/detail/exchange_sh__traits.hpp\n'}
[0.335661] (aiguillages) StdoutLine: {'line': b'-- Up-to-date: /home/user/celluleflexible_en_cours_ROS2/ros_ws/install/aiguillages/include/aiguillages/aiguillages/msg/detail/exchange_sh__type_support.hpp\n'}
[0.335682] (aiguillages) StdoutLine: {'line': b'-- Up-to-date: /home/user/celluleflexible_en_cours_ROS2/ros_ws/install/aiguillages/include/aiguillages/aiguillages/msg/detail/exchange_sh__struct.hpp\n'}
[0.335703] (aiguillages) StdoutLine: {'line': b'-- Up-to-date: /home/user/celluleflexible_en_cours_ROS2/ros_ws/install/aiguillages/include/aiguillages/aiguillages/msg/detail/actionneurs__type_support.hpp\n'}
[0.335723] (aiguillages) StdoutLine: {'line': b'-- Up-to-date: /home/user/celluleflexible_en_cours_ROS2/ros_ws/install/aiguillages/include/aiguillages/aiguillages/msg/detail/capteurs__type_support.hpp\n'}
[0.335742] (aiguillages) StdoutLine: {'line': b'-- Up-to-date: /home/user/celluleflexible_en_cours_ROS2/ros_ws/install/aiguillages/include/aiguillages/aiguillages/msg/detail/msg_sensor_state__type_support.hpp\n'}
[0.335763] (aiguillages) StdoutLine: {'line': b'-- Up-to-date: /home/user/celluleflexible_en_cours_ROS2/ros_ws/install/aiguillages/include/aiguillages/aiguillages/msg/detail/msg_sensor_state__builder.hpp\n'}
[0.335785] (aiguillages) StdoutLine: {'line': b'-- Up-to-date: /home/user/celluleflexible_en_cours_ROS2/ros_ws/install/aiguillages/include/aiguillages/aiguillages/msg/detail/msg_sensor_state__traits.hpp\n'}
[0.335806] (aiguillages) StdoutLine: {'line': b'-- Up-to-date: /home/user/celluleflexible_en_cours_ROS2/ros_ws/install/aiguillages/include/aiguillages/aiguillages/msg/detail/exchange_sh__builder.hpp\n'}
[0.335826] (aiguillages) StdoutLine: {'line': b'-- Up-to-date: /home/user/celluleflexible_en_cours_ROS2/ros_ws/install/aiguillages/include/aiguillages/aiguillages/msg/detail/actionneurs__builder.hpp\n'}
[0.335847] (aiguillages) StdoutLine: {'line': b'-- Up-to-date: /home/user/celluleflexible_en_cours_ROS2/ros_ws/install/aiguillages/include/aiguillages/aiguillages/msg/detail/msg_sensor_state__struct.hpp\n'}
[0.335869] (aiguillages) StdoutLine: {'line': b'-- Up-to-date: /home/user/celluleflexible_en_cours_ROS2/ros_ws/install/aiguillages/include/aiguillages/aiguillages/msg/detail/capteurs__traits.hpp\n'}
[0.335889] (aiguillages) StdoutLine: {'line': b'-- Up-to-date: /home/user/celluleflexible_en_cours_ROS2/ros_ws/install/aiguillages/include/aiguillages/aiguillages/msg/detail/actionneurs__struct.hpp\n'}
[0.335909] (aiguillages) StdoutLine: {'line': b'-- Up-to-date: /home/user/celluleflexible_en_cours_ROS2/ros_ws/install/aiguillages/include/aiguillages/aiguillages/msg/detail/actionneurs__traits.hpp\n'}
[0.335929] (aiguillages) StdoutLine: {'line': b'-- Up-to-date: /home/user/celluleflexible_en_cours_ROS2/ros_ws/install/aiguillages/include/aiguillages/aiguillages/msg/detail/capteurs__struct.hpp\n'}
[0.335948] (aiguillages) StdoutLine: {'line': b'-- Up-to-date: /home/user/celluleflexible_en_cours_ROS2/ros_ws/install/aiguillages/include/aiguillages/aiguillages/msg/msg_sensor_state.hpp\n'}
[0.335968] (aiguillages) StdoutLine: {'line': b'-- Up-to-date: /home/user/celluleflexible_en_cours_ROS2/ros_ws/install/aiguillages/include/aiguillages/aiguillages\n'}
[0.335987] (aiguillages) StdoutLine: {'line': b'-- Up-to-date: /home/user/celluleflexible_en_cours_ROS2/ros_ws/install/aiguillages/include/aiguillages/aiguillages/msg\n'}
[0.336007] (aiguillages) StdoutLine: {'line': b'-- Up-to-date: /home/user/celluleflexible_en_cours_ROS2/ros_ws/install/aiguillages/include/aiguillages/aiguillages/msg/detail\n'}
[0.336026] (aiguillages) StdoutLine: {'line': b'-- Up-to-date: /home/user/celluleflexible_en_cours_ROS2/ros_ws/install/aiguillages/include/aiguillages/aiguillages/msg/detail/capteurs__rosidl_typesupport_fastrtps_cpp.hpp\n'}
[0.336048] (aiguillages) StdoutLine: {'line': b'-- Up-to-date: /home/user/celluleflexible_en_cours_ROS2/ros_ws/install/aiguillages/include/aiguillages/aiguillages/msg/detail/exchange_sh__rosidl_typesupport_fastrtps_cpp.hpp\n'}
[0.336068] (aiguillages) StdoutLine: {'line': b'-- Up-to-date: /home/user/celluleflexible_en_cours_ROS2/ros_ws/install/aiguillages/include/aiguillages/aiguillages/msg/detail/msg_sensor_state__rosidl_typesupport_fastrtps_cpp.hpp\n'}
[0.336088] (aiguillages) StdoutLine: {'line': b'-- Up-to-date: /home/user/celluleflexible_en_cours_ROS2/ros_ws/install/aiguillages/include/aiguillages/aiguillages/msg/detail/dds_fastrtps\n'}
[0.336108] (aiguillages) StdoutLine: {'line': b'-- Up-to-date: /home/user/celluleflexible_en_cours_ROS2/ros_ws/install/aiguillages/include/aiguillages/aiguillages/msg/detail/actionneurs__rosidl_typesupport_fastrtps_cpp.hpp\n'}
[0.336128] (aiguillages) StdoutLine: {'line': b'-- Up-to-date: /home/user/celluleflexible_en_cours_ROS2/ros_ws/install/aiguillages/include/aiguillages/aiguillages/msg/rosidl_typesupport_fastrtps_cpp__visibility_control.h\n'}
[0.336148] (aiguillages) StdoutLine: {'line': b'-- Up-to-date: /home/user/celluleflexible_en_cours_ROS2/ros_ws/install/aiguillages/lib/libaiguillages__rosidl_typesupport_fastrtps_cpp.so\n'}
[0.336168] (aiguillages) StdoutLine: {'line': b'-- Up-to-date: /home/user/celluleflexible_en_cours_ROS2/ros_ws/install/aiguillages/include/aiguillages/aiguillages\n'}
[0.336189] (aiguillages) StdoutLine: {'line': b'-- Up-to-date: /home/user/celluleflexible_en_cours_ROS2/ros_ws/install/aiguillages/include/aiguillages/aiguillages/msg\n'}
[0.336209] (aiguillages) StdoutLine: {'line': b'-- Up-to-date: /home/user/celluleflexible_en_cours_ROS2/ros_ws/install/aiguillages/include/aiguillages/aiguillages/msg/rosidl_typesupport_introspection_c__visibility_control.h\n'}
[0.336228] (aiguillages) StdoutLine: {'line': b'-- Up-to-date: /home/user/celluleflexible_en_cours_ROS2/ros_ws/install/aiguillages/include/aiguillages/aiguillages/msg/detail\n'}
[0.336247] (aiguillages) StdoutLine: {'line': b'-- Up-to-date: /home/user/celluleflexible_en_cours_ROS2/ros_ws/install/aiguillages/include/aiguillages/aiguillages/msg/detail/actionneurs__rosidl_typesupport_introspection_c.h\n'}
[0.336266] (aiguillages) StdoutLine: {'line': b'-- Up-to-date: /home/user/celluleflexible_en_cours_ROS2/ros_ws/install/aiguillages/include/aiguillages/aiguillages/msg/detail/msg_sensor_state__rosidl_typesupport_introspection_c.h\n'}
[0.336286] (aiguillages) StdoutLine: {'line': b'-- Up-to-date: /home/user/celluleflexible_en_cours_ROS2/ros_ws/install/aiguillages/include/aiguillages/aiguillages/msg/detail/capteurs__type_support.c\n'}
[0.336307] (aiguillages) StdoutLine: {'line': b'-- Up-to-date: /home/user/celluleflexible_en_cours_ROS2/ros_ws/install/aiguillages/include/aiguillages/aiguillages/msg/detail/capteurs__rosidl_typesupport_introspection_c.h\n'}
[0.336326] (aiguillages) StdoutLine: {'line': b'-- Up-to-date: /home/user/celluleflexible_en_cours_ROS2/ros_ws/install/aiguillages/include/aiguillages/aiguillages/msg/detail/actionneurs__type_support.c\n'}
[0.336345] (aiguillages) StdoutLine: {'line': b'-- Up-to-date: /home/user/celluleflexible_en_cours_ROS2/ros_ws/install/aiguillages/include/aiguillages/aiguillages/msg/detail/msg_sensor_state__type_support.c\n'}
[0.336365] (aiguillages) StdoutLine: {'line': b'-- Up-to-date: /home/user/celluleflexible_en_cours_ROS2/ros_ws/install/aiguillages/include/aiguillages/aiguillages/msg/detail/exchange_sh__rosidl_typesupport_introspection_c.h\n'}
[0.336384] (aiguillages) StdoutLine: {'line': b'-- Up-to-date: /home/user/celluleflexible_en_cours_ROS2/ros_ws/install/aiguillages/include/aiguillages/aiguillages/msg/detail/exchange_sh__type_support.c\n'}
[0.336403] (aiguillages) StdoutLine: {'line': b'-- Up-to-date: /home/user/celluleflexible_en_cours_ROS2/ros_ws/install/aiguillages/lib/libaiguillages__rosidl_typesupport_introspection_c.so\n'}
[0.336422] (aiguillages) StdoutLine: {'line': b'-- Up-to-date: /home/user/celluleflexible_en_cours_ROS2/ros_ws/install/aiguillages/lib/libaiguillages__rosidl_typesupport_c.so\n'}
[0.336441] (aiguillages) StdoutLine: {'line': b'-- Up-to-date: /home/user/celluleflexible_en_cours_ROS2/ros_ws/install/aiguillages/include/aiguillages/aiguillages\n'}
[0.336460] (aiguillages) StdoutLine: {'line': b'-- Up-to-date: /home/user/celluleflexible_en_cours_ROS2/ros_ws/install/aiguillages/include/aiguillages/aiguillages/msg\n'}
[0.336479] (aiguillages) StdoutLine: {'line': b'-- Up-to-date: /home/user/celluleflexible_en_cours_ROS2/ros_ws/install/aiguillages/include/aiguillages/aiguillages/msg/detail\n'}
[0.336499] (aiguillages) StdoutLine: {'line': b'-- Up-to-date: /home/user/celluleflexible_en_cours_ROS2/ros_ws/install/aiguillages/include/aiguillages/aiguillages/msg/detail/actionneurs__rosidl_typesupport_introspection_cpp.hpp\n'}
[0.336518] (aiguillages) StdoutLine: {'line': b'-- Up-to-date: /home/user/celluleflexible_en_cours_ROS2/ros_ws/install/aiguillages/include/aiguillages/aiguillages/msg/detail/capteurs__rosidl_typesupport_introspection_cpp.hpp\n'}
[0.336537] (aiguillages) StdoutLine: {'line': b'-- Up-to-date: /home/user/celluleflexible_en_cours_ROS2/ros_ws/install/aiguillages/include/aiguillages/aiguillages/msg/detail/exchange_sh__rosidl_typesupport_introspection_cpp.hpp\n'}
[0.336559] (aiguillages) StdoutLine: {'line': b'-- Up-to-date: /home/user/celluleflexible_en_cours_ROS2/ros_ws/install/aiguillages/include/aiguillages/aiguillages/msg/detail/capteurs__type_support.cpp\n'}
[0.336586] (aiguillages) StdoutLine: {'line': b'-- Up-to-date: /home/user/celluleflexible_en_cours_ROS2/ros_ws/install/aiguillages/include/aiguillages/aiguillages/msg/detail/msg_sensor_state__type_support.cpp\n'}
[0.336605] (aiguillages) StdoutLine: {'line': b'-- Up-to-date: /home/user/celluleflexible_en_cours_ROS2/ros_ws/install/aiguillages/include/aiguillages/aiguillages/msg/detail/exchange_sh__type_support.cpp\n'}
[0.336624] (aiguillages) StdoutLine: {'line': b'-- Up-to-date: /home/user/celluleflexible_en_cours_ROS2/ros_ws/install/aiguillages/include/aiguillages/aiguillages/msg/detail/actionneurs__type_support.cpp\n'}
[0.336643] (aiguillages) StdoutLine: {'line': b'-- Up-to-date: /home/user/celluleflexible_en_cours_ROS2/ros_ws/install/aiguillages/include/aiguillages/aiguillages/msg/detail/msg_sensor_state__rosidl_typesupport_introspection_cpp.hpp\n'}
[0.336662] (aiguillages) StdoutLine: {'line': b'-- Up-to-date: /home/user/celluleflexible_en_cours_ROS2/ros_ws/install/aiguillages/lib/libaiguillages__rosidl_typesupport_introspection_cpp.so\n'}
[0.336704] (aiguillages) StdoutLine: {'line': b'-- Up-to-date: /home/user/celluleflexible_en_cours_ROS2/ros_ws/install/aiguillages/lib/libaiguillages__rosidl_typesupport_cpp.so\n'}
[0.336727] (aiguillages) StdoutLine: {'line': b'-- Up-to-date: /home/user/celluleflexible_en_cours_ROS2/ros_ws/install/aiguillages/share/aiguillages/environment/pythonpath.sh\n'}
[0.336749] (aiguillages) StdoutLine: {'line': b'-- Up-to-date: /home/user/celluleflexible_en_cours_ROS2/ros_ws/install/aiguillages/share/aiguillages/environment/pythonpath.dsv\n'}
[0.336769] (aiguillages) StdoutLine: {'line': b'-- Up-to-date: /home/user/celluleflexible_en_cours_ROS2/ros_ws/install/aiguillages/lib/python3.12/site-packages/aiguillages-3.1.2-py3.12.egg-info\n'}
[0.336790] (aiguillages) StdoutLine: {'line': b'-- Installing: /home/user/celluleflexible_en_cours_ROS2/ros_ws/install/aiguillages/lib/python3.12/site-packages/aiguillages-3.1.2-py3.12.egg-info/SOURCES.txt\n'}
[0.336811] (aiguillages) StdoutLine: {'line': b'-- Installing: /home/user/celluleflexible_en_cours_ROS2/ros_ws/install/aiguillages/lib/python3.12/site-packages/aiguillages-3.1.2-py3.12.egg-info/top_level.txt\n'}
[0.336832] (aiguillages) StdoutLine: {'line': b'-- Installing: /home/user/celluleflexible_en_cours_ROS2/ros_ws/install/aiguillages/lib/python3.12/site-packages/aiguillages-3.1.2-py3.12.egg-info/PKG-INFO\n'}
[0.336854] (aiguillages) StdoutLine: {'line': b'-- Installing: /home/user/celluleflexible_en_cours_ROS2/ros_ws/install/aiguillages/lib/python3.12/site-packages/aiguillages-3.1.2-py3.12.egg-info/dependency_links.txt\n'}
[0.336874] (aiguillages) StdoutLine: {'line': b'-- Up-to-date: /home/user/celluleflexible_en_cours_ROS2/ros_ws/install/aiguillages/lib/python3.12/site-packages/aiguillages\n'}
[0.336894] (aiguillages) StdoutLine: {'line': b'-- Up-to-date: /home/user/celluleflexible_en_cours_ROS2/ros_ws/install/aiguillages/lib/python3.12/site-packages/aiguillages/_aiguillages_s.ep.rosidl_typesupport_introspection_c.c\n'}
[0.336914] (aiguillages) StdoutLine: {'line': b'-- Up-to-date: /home/user/celluleflexible_en_cours_ROS2/ros_ws/install/aiguillages/lib/python3.12/site-packages/aiguillages/msg\n'}
[0.336936] (aiguillages) StdoutLine: {'line': b'-- Up-to-date: /home/user/celluleflexible_en_cours_ROS2/ros_ws/install/aiguillages/lib/python3.12/site-packages/aiguillages/msg/__init__.py\n'}
[0.336955] (aiguillages) StdoutLine: {'line': b'-- Up-to-date: /home/user/celluleflexible_en_cours_ROS2/ros_ws/install/aiguillages/lib/python3.12/site-packages/aiguillages/msg/_exchange_sh_s.c\n'}
[0.336975] (aiguillages) StdoutLine: {'line': b'-- Up-to-date: /home/user/celluleflexible_en_cours_ROS2/ros_ws/install/aiguillages/lib/python3.12/site-packages/aiguillages/msg/_actionneurs.py\n'}
[0.336994] (aiguillages) StdoutLine: {'line': b'-- Up-to-date: /home/user/celluleflexible_en_cours_ROS2/ros_ws/install/aiguillages/lib/python3.12/site-packages/aiguillages/msg/_msg_sensor_state.py\n'}
[0.337015] (aiguillages) StdoutLine: {'line': b'-- Up-to-date: /home/user/celluleflexible_en_cours_ROS2/ros_ws/install/aiguillages/lib/python3.12/site-packages/aiguillages/msg/_exchange_sh.py\n'}
[0.337033] (aiguillages) StdoutLine: {'line': b'-- Up-to-date: /home/user/celluleflexible_en_cours_ROS2/ros_ws/install/aiguillages/lib/python3.12/site-packages/aiguillages/msg/_capteurs.py\n'}
[0.337053] (aiguillages) StdoutLine: {'line': b'-- Up-to-date: /home/user/celluleflexible_en_cours_ROS2/ros_ws/install/aiguillages/lib/python3.12/site-packages/aiguillages/msg/_capteurs_s.c\n'}
[0.337072] (aiguillages) StdoutLine: {'line': b'-- Up-to-date: /home/user/celluleflexible_en_cours_ROS2/ros_ws/install/aiguillages/lib/python3.12/site-packages/aiguillages/msg/_actionneurs_s.c\n'}
[0.337091] (aiguillages) StdoutLine: {'line': b'-- Up-to-date: /home/user/celluleflexible_en_cours_ROS2/ros_ws/install/aiguillages/lib/python3.12/site-packages/aiguillages/msg/_msg_sensor_state_s.c\n'}
[0.337109] (aiguillages) StdoutLine: {'line': b'-- Up-to-date: /home/user/celluleflexible_en_cours_ROS2/ros_ws/install/aiguillages/lib/python3.12/site-packages/aiguillages/__init__.py\n'}
[0.337127] (aiguillages) StdoutLine: {'line': b'-- Up-to-date: /home/user/celluleflexible_en_cours_ROS2/ros_ws/install/aiguillages/lib/python3.12/site-packages/aiguillages/_aiguillages_s.ep.rosidl_typesupport_fastrtps_c.c\n'}
[0.337149] (aiguillages) StdoutLine: {'line': b'-- Up-to-date: /home/user/celluleflexible_en_cours_ROS2/ros_ws/install/aiguillages/lib/python3.12/site-packages/aiguillages/aiguillages_s__rosidl_typesupport_c.so\n'}
[0.337168] (aiguillages) StdoutLine: {'line': b'-- Up-to-date: /home/user/celluleflexible_en_cours_ROS2/ros_ws/install/aiguillages/lib/python3.12/site-packages/aiguillages/aiguillages_s__rosidl_typesupport_introspection_c.so\n'}
[0.337327] (aiguillages) StdoutLine: {'line': b'-- Up-to-date: /home/user/celluleflexible_en_cours_ROS2/ros_ws/install/aiguillages/lib/python3.12/site-packages/aiguillages/_aiguillages_s.ep.rosidl_typesupport_c.c\n'}
[0.337355] (aiguillages) StdoutLine: {'line': b'-- Up-to-date: /home/user/celluleflexible_en_cours_ROS2/ros_ws/install/aiguillages/lib/python3.12/site-packages/aiguillages/aiguillages_s__rosidl_typesupport_fastrtps_c.so\n'}
[0.358350] (aiguillages) StdoutLine: {'line': b"Listing '/home/user/celluleflexible_en_cours_ROS2/ros_ws/install/aiguillages/lib/python3.12/site-packages/aiguillages'...\n"}
[0.358435] (aiguillages) StdoutLine: {'line': b"Listing '/home/user/celluleflexible_en_cours_ROS2/ros_ws/install/aiguillages/lib/python3.12/site-packages/aiguillages/msg'...\n"}
[0.362422] (aiguillages) StdoutLine: {'line': b'-- Up-to-date: /home/user/celluleflexible_en_cours_ROS2/ros_ws/install/aiguillages/lib/python3.12/site-packages/aiguillages/aiguillages_s__rosidl_typesupport_fastrtps_c.so\n'}
[0.362668] (aiguillages) StdoutLine: {'line': b'-- Up-to-date: /home/user/celluleflexible_en_cours_ROS2/ros_ws/install/aiguillages/lib/python3.12/site-packages/aiguillages/aiguillages_s__rosidl_typesupport_introspection_c.so\n'}
[0.362724] (aiguillages) StdoutLine: {'line': b'-- Up-to-date: /home/user/celluleflexible_en_cours_ROS2/ros_ws/install/aiguillages/lib/python3.12/site-packages/aiguillages/aiguillages_s__rosidl_typesupport_c.so\n'}
[0.362837] (aiguillages) StdoutLine: {'line': b'-- Up-to-date: /home/user/celluleflexible_en_cours_ROS2/ros_ws/install/aiguillages/lib/libaiguillages__rosidl_generator_py.so\n'}
[0.362868] (aiguillages) StdoutLine: {'line': b'-- Up-to-date: /home/user/celluleflexible_en_cours_ROS2/ros_ws/install/aiguillages/share/aiguillages/msg/Capteurs.idl\n'}
[0.362900] (aiguillages) StdoutLine: {'line': b'-- Up-to-date: /home/user/celluleflexible_en_cours_ROS2/ros_ws/install/aiguillages/share/aiguillages/msg/Actionneurs.idl\n'}
[0.363101] (aiguillages) StdoutLine: {'line': b'-- Up-to-date: /home/user/celluleflexible_en_cours_ROS2/ros_ws/install/aiguillages/share/aiguillages/msg/ExchangeSh.idl\n'}
[0.363130] (aiguillages) StdoutLine: {'line': b'-- Up-to-date: /home/user/celluleflexible_en_cours_ROS2/ros_ws/install/aiguillages/share/aiguillages/msg/MsgSensorState.idl\n'}
[0.363157] (aiguillages) StdoutLine: {'line': b'-- Up-to-date: /home/user/celluleflexible_en_cours_ROS2/ros_ws/install/aiguillages/share/aiguillages/msg/Capteurs.msg\n'}
[0.363181] (aiguillages) StdoutLine: {'line': b'-- Up-to-date: /home/user/celluleflexible_en_cours_ROS2/ros_ws/install/aiguillages/share/aiguillages/msg/Actionneurs.msg\n'}
[0.363204] (aiguillages) StdoutLine: {'line': b'-- Up-to-date: /home/user/celluleflexible_en_cours_ROS2/ros_ws/install/aiguillages/share/aiguillages/msg/ExchangeSh.msg\n'}
[0.363226] (aiguillages) StdoutLine: {'line': b'-- Up-to-date: /home/user/celluleflexible_en_cours_ROS2/ros_ws/install/aiguillages/share/aiguillages/msg/MsgSensorState.msg\n'}
[0.363248] (aiguillages) StdoutLine: {'line': b'-- Up-to-date: /home/user/celluleflexible_en_cours_ROS2/ros_ws/install/aiguillages/lib/aiguillages/run_Aiguillage\n'}
[0.363269] (aiguillages) StdoutLine: {'line': b'-- Up-to-date: /home/user/celluleflexible_en_cours_ROS2/ros_ws/install/aiguillages/share/ament_index/resource_index/package_run_dependencies/aiguillages\n'}
[0.363291] (aiguillages) StdoutLine: {'line': b'-- Up-to-date: /home/user/celluleflexible_en_cours_ROS2/ros_ws/install/aiguillages/share/ament_index/resource_index/parent_prefix_path/aiguillages\n'}
[0.363400] (aiguillages) StdoutLine: {'line': b'-- Up-to-date: /home/user/celluleflexible_en_cours_ROS2/ros_ws/install/aiguillages/share/aiguillages/environment/ament_prefix_path.sh\n'}
[0.363428] (aiguillages) StdoutLine: {'line': b'-- Up-to-date: /home/user/celluleflexible_en_cours_ROS2/ros_ws/install/aiguillages/share/aiguillages/environment/ament_prefix_path.dsv\n'}
[0.363451] (aiguillages) StdoutLine: {'line': b'-- Up-to-date: /home/user/celluleflexible_en_cours_ROS2/ros_ws/install/aiguillages/share/aiguillages/environment/path.sh\n'}
[0.363475] (aiguillages) StdoutLine: {'line': b'-- Up-to-date: /home/user/celluleflexible_en_cours_ROS2/ros_ws/install/aiguillages/share/aiguillages/environment/path.dsv\n'}
[0.363499] (aiguillages) StdoutLine: {'line': b'-- Up-to-date: /home/user/celluleflexible_en_cours_ROS2/ros_ws/install/aiguillages/share/aiguillages/local_setup.bash\n'}
[0.363521] (aiguillages) StdoutLine: {'line': b'-- Up-to-date: /home/user/celluleflexible_en_cours_ROS2/ros_ws/install/aiguillages/share/aiguillages/local_setup.sh\n'}
[0.363542] (aiguillages) StdoutLine: {'line': b'-- Up-to-date: /home/user/celluleflexible_en_cours_ROS2/ros_ws/install/aiguillages/share/aiguillages/local_setup.zsh\n'}
[0.363563] (aiguillages) StdoutLine: {'line': b'-- Up-to-date: /home/user/celluleflexible_en_cours_ROS2/ros_ws/install/aiguillages/share/aiguillages/local_setup.dsv\n'}
[0.363583] (aiguillages) StdoutLine: {'line': b'-- Installing: /home/user/celluleflexible_en_cours_ROS2/ros_ws/install/aiguillages/share/aiguillages/package.dsv\n'}
[0.363608] (aiguillages) StdoutLine: {'line': b'-- Up-to-date: /home/user/celluleflexible_en_cours_ROS2/ros_ws/install/aiguillages/share/ament_index/resource_index/packages/aiguillages\n'}
[0.363628] (aiguillages) StdoutLine: {'line': b'-- Up-to-date: /home/user/celluleflexible_en_cours_ROS2/ros_ws/install/aiguillages/share/aiguillages/cmake/export_aiguillages__rosidl_generator_cExport.cmake\n'}
[0.363649] (aiguillages) StdoutLine: {'line': b'-- Up-to-date: /home/user/celluleflexible_en_cours_ROS2/ros_ws/install/aiguillages/share/aiguillages/cmake/export_aiguillages__rosidl_generator_cExport-noconfig.cmake\n'}
[0.363670] (aiguillages) StdoutLine: {'line': b'-- Up-to-date: /home/user/celluleflexible_en_cours_ROS2/ros_ws/install/aiguillages/share/aiguillages/cmake/export_aiguillages__rosidl_typesupport_fastrtps_cExport.cmake\n'}
[0.363690] (aiguillages) StdoutLine: {'line': b'-- Up-to-date: /home/user/celluleflexible_en_cours_ROS2/ros_ws/install/aiguillages/share/aiguillages/cmake/export_aiguillages__rosidl_typesupport_fastrtps_cExport-noconfig.cmake\n'}
[0.363711] (aiguillages) StdoutLine: {'line': b'-- Up-to-date: /home/user/celluleflexible_en_cours_ROS2/ros_ws/install/aiguillages/share/aiguillages/cmake/export_aiguillages__rosidl_generator_cppExport.cmake\n'}
[0.363732] (aiguillages) StdoutLine: {'line': b'-- Up-to-date: /home/user/celluleflexible_en_cours_ROS2/ros_ws/install/aiguillages/share/aiguillages/cmake/export_aiguillages__rosidl_typesupport_fastrtps_cppExport.cmake\n'}
[0.363753] (aiguillages) StdoutLine: {'line': b'-- Up-to-date: /home/user/celluleflexible_en_cours_ROS2/ros_ws/install/aiguillages/share/aiguillages/cmake/export_aiguillages__rosidl_typesupport_fastrtps_cppExport-noconfig.cmake\n'}
[0.363773] (aiguillages) StdoutLine: {'line': b'-- Up-to-date: /home/user/celluleflexible_en_cours_ROS2/ros_ws/install/aiguillages/share/aiguillages/cmake/aiguillages__rosidl_typesupport_introspection_cExport.cmake\n'}
[0.363794] (aiguillages) StdoutLine: {'line': b'-- Up-to-date: /home/user/celluleflexible_en_cours_ROS2/ros_ws/install/aiguillages/share/aiguillages/cmake/aiguillages__rosidl_typesupport_introspection_cExport-noconfig.cmake\n'}
[0.363814] (aiguillages) StdoutLine: {'line': b'-- Up-to-date: /home/user/celluleflexible_en_cours_ROS2/ros_ws/install/aiguillages/share/aiguillages/cmake/aiguillages__rosidl_typesupport_cExport.cmake\n'}
[0.363834] (aiguillages) StdoutLine: {'line': b'-- Up-to-date: /home/user/celluleflexible_en_cours_ROS2/ros_ws/install/aiguillages/share/aiguillages/cmake/aiguillages__rosidl_typesupport_cExport-noconfig.cmake\n'}
[0.363854] (aiguillages) StdoutLine: {'line': b'-- Up-to-date: /home/user/celluleflexible_en_cours_ROS2/ros_ws/install/aiguillages/share/aiguillages/cmake/aiguillages__rosidl_typesupport_introspection_cppExport.cmake\n'}
[0.364143] (aiguillages) StdoutLine: {'line': b'-- Up-to-date: /home/user/celluleflexible_en_cours_ROS2/ros_ws/install/aiguillages/share/aiguillages/cmake/aiguillages__rosidl_typesupport_introspection_cppExport-noconfig.cmake\n'}
[0.364178] (aiguillages) StdoutLine: {'line': b'-- Up-to-date: /home/user/celluleflexible_en_cours_ROS2/ros_ws/install/aiguillages/share/aiguillages/cmake/aiguillages__rosidl_typesupport_cppExport.cmake\n'}
[0.364202] (aiguillages) StdoutLine: {'line': b'-- Up-to-date: /home/user/celluleflexible_en_cours_ROS2/ros_ws/install/aiguillages/share/aiguillages/cmake/aiguillages__rosidl_typesupport_cppExport-noconfig.cmake\n'}
[0.364224] (aiguillages) StdoutLine: {'line': b'-- Up-to-date: /home/user/celluleflexible_en_cours_ROS2/ros_ws/install/aiguillages/share/aiguillages/cmake/export_aiguillages__rosidl_generator_pyExport.cmake\n'}
[0.364264] (aiguillages) StdoutLine: {'line': b'-- Up-to-date: /home/user/celluleflexible_en_cours_ROS2/ros_ws/install/aiguillages/share/aiguillages/cmake/export_aiguillages__rosidl_generator_pyExport-noconfig.cmake\n'}
[0.364292] (aiguillages) StdoutLine: {'line': b'-- Up-to-date: /home/user/celluleflexible_en_cours_ROS2/ros_ws/install/aiguillages/share/aiguillages/cmake/rosidl_cmake-extras.cmake\n'}
[0.364315] (aiguillages) StdoutLine: {'line': b'-- Up-to-date: /home/user/celluleflexible_en_cours_ROS2/ros_ws/install/aiguillages/share/aiguillages/cmake/ament_cmake_export_dependencies-extras.cmake\n'}
[0.364337] (aiguillages) StdoutLine: {'line': b'-- Up-to-date: /home/user/celluleflexible_en_cours_ROS2/ros_ws/install/aiguillages/share/aiguillages/cmake/ament_cmake_export_include_directories-extras.cmake\n'}
[0.364359] (aiguillages) StdoutLine: {'line': b'-- Up-to-date: /home/user/celluleflexible_en_cours_ROS2/ros_ws/install/aiguillages/share/aiguillages/cmake/ament_cmake_export_libraries-extras.cmake\n'}
[0.364380] (aiguillages) StdoutLine: {'line': b'-- Up-to-date: /home/user/celluleflexible_en_cours_ROS2/ros_ws/install/aiguillages/share/aiguillages/cmake/ament_cmake_export_targets-extras.cmake\n'}
[0.364402] (aiguillages) StdoutLine: {'line': b'-- Up-to-date: /home/user/celluleflexible_en_cours_ROS2/ros_ws/install/aiguillages/share/aiguillages/cmake/rosidl_cmake_export_typesupport_targets-extras.cmake\n'}
[0.364619] (aiguillages) StdoutLine: {'line': b'-- Up-to-date: /home/user/celluleflexible_en_cours_ROS2/ros_ws/install/aiguillages/share/aiguillages/cmake/rosidl_cmake_export_typesupport_libraries-extras.cmake\n'}
[0.364981] (aiguillages) StdoutLine: {'line': b'-- Up-to-date: /home/user/celluleflexible_en_cours_ROS2/ros_ws/install/aiguillages/share/aiguillages/cmake/aiguillagesConfig.cmake\n'}
[0.365101] (aiguillages) StdoutLine: {'line': b'-- Up-to-date: /home/user/celluleflexible_en_cours_ROS2/ros_ws/install/aiguillages/share/aiguillages/cmake/aiguillagesConfig-version.cmake\n'}
[0.365617] (aiguillages) StdoutLine: {'line': b'-- Up-to-date: /home/user/celluleflexible_en_cours_ROS2/ros_ws/install/aiguillages/share/aiguillages/package.xml\n'}
[0.367801] (aiguillages) CommandEnded: {'returncode': 0}
[0.386369] (aiguillages) JobEnded: {'identifier': 'aiguillages', 'rc': 0}
[0.386780] (commande_locale) JobStarted: {'identifier': 'commande_locale'}
[0.392556] (shuttles) JobStarted: {'identifier': 'shuttles'}
[0.401293] (-) TimerEvent: {}
[0.406316] (commande_locale) JobProgress: {'identifier': 'commande_locale', 'progress': 'cmake'}
[0.407956] (commande_locale) JobProgress: {'identifier': 'commande_locale', 'progress': 'build'}
[0.408571] (commande_locale) Command: {'cmd': ['/usr/bin/cmake', '--build', '/home/user/celluleflexible_en_cours_ROS2/ros_ws/build/commande_locale', '--', '-j8', '-l8'], 'cwd': '/home/user/celluleflexible_en_cours_ROS2/ros_ws/build/commande_locale', 'env': OrderedDict({'LESSOPEN': '| /usr/bin/lesspipe %s', 'USER': 'user', 'XDG_SESSION_TYPE': 'wayland', 'SHLVL': '1', 'LD_LIBRARY_PATH': '/home/user/celluleflexible_en_cours_ROS2/ros_ws/install/aiguillages/lib:/home/user/celluleflexible_en_cours_ROS2/ros_ws/install/shuttles/lib:/home/user/celluleflexible_en_cours_ROS2/ros_ws/install/robots/lib:/home/user/celluleflexible_en_cours_ROS2/ros_ws/install/commande_locale/lib:/opt/ros/jazzy/opt/rviz_ogre_vendor/lib:/opt/ros/jazzy/lib/x86_64-linux-gnu:/opt/ros/jazzy/opt/gz_math_vendor/lib:/opt/ros/jazzy/opt/gz_utils_vendor/lib:/opt/ros/jazzy/opt/gz_cmake_vendor/lib:/opt/ros/jazzy/lib', 'HOME': '/home/user', 'DESKTOP_SESSION': 'ubuntu', 'ROS_PYTHON_VERSION': '3', 'GNOME_SHELL_SESSION_MODE': 'ubuntu', 'GTK_MODULES': 'gail:atk-bridge', 'DBUS_STARTER_BUS_TYPE': 'session', 'SYSTEMD_EXEC_PID': '2240', 'GSM_SKIP_SSH_AGENT_WORKAROUND': 'true', 'DBUS_SESSION_BUS_ADDRESS': 'unix:path=/run/user/1000/bus,guid=6da02ccfb5f5be8b2dc210526992ca6b', 'COLORTERM': 'truecolor', 'DEBUGINFOD_URLS': 'https://debuginfod.ubuntu.com', 'IM_CONFIG_PHASE': '1', 'WAYLAND_DISPLAY': 'wayland-0', 'COLCON_PREFIX_PATH': '/home/user/celluleflexible_en_cours_ROS2/ros_ws/install', 'ROS_DISTRO': 'jazzy', 'LOGNAME': 'user', '_': '/usr/bin/colcon', 'ROS_VERSION': '2', 'MEMORY_PRESSURE_WATCH': '/sys/fs/cgroup/user.slice/user-1000.slice/user@1000.service/app.slice/app-gnome\\x2dsession\\x2dmanager.slice/gnome-session-manager@ubuntu.service/memory.pressure', 'XDG_SESSION_CLASS': 'user', 'USERNAME': 'user', 'TERM': 'xterm-256color', 'GNOME_DESKTOP_SESSION_ID': 'this-is-deprecated', 'PATH': '/opt/ros/jazzy/bin:/usr/local/sbin:/usr/local/bin:/usr/sbin:/usr/bin:/sbin:/bin:/usr/games:/usr/local/games:/snap/bin:/snap/bin', 'SESSION_MANAGER': 'local/Ubuntu:@/tmp/.ICE-unix/2240,unix/Ubuntu:/tmp/.ICE-unix/2240', 'XDG_MENU_PREFIX': 'gnome-', 'GNOME_TERMINAL_SCREEN': '/org/gnome/Terminal/screen/c7962f18_f474_48af_ace3_a3479f78beab', 'GNOME_SETUP_DISPLAY': ':1', 'XDG_RUNTIME_DIR': '/run/user/1000', 'DISPLAY': ':0', 'LANG': 'en_US.UTF-8', 'XDG_CURRENT_DESKTOP': 'ubuntu:GNOME', 'XMODIFIERS': '@im=ibus', 'XDG_SESSION_DESKTOP': 'ubuntu', 'XAUTHORITY': '/run/user/1000/.mutter-Xwaylandauth.HCD1K3', 'LS_COLORS': 'rs=0:di=01;34:ln=01;36:mh=00:pi=40;33:so=01;35:do=01;35:bd=40;33;01:cd=40;33;01:or=40;31;01:mi=00:su=37;41:sg=30;43:ca=00:tw=30;42:ow=34;42:st=37;44:ex=01;32:*.tar=01;31:*.tgz=01;31:*.arc=01;31:*.arj=01;31:*.taz=01;31:*.lha=01;31:*.lz4=01;31:*.lzh=01;31:*.lzma=01;31:*.tlz=01;31:*.txz=01;31:*.tzo=01;31:*.t7z=01;31:*.zip=01;31:*.z=01;31:*.dz=01;31:*.gz=01;31:*.lrz=01;31:*.lz=01;31:*.lzo=01;31:*.xz=01;31:*.zst=01;31:*.tzst=01;31:*.bz2=01;31:*.bz=01;31:*.tbz=01;31:*.tbz2=01;31:*.tz=01;31:*.deb=01;31:*.rpm=01;31:*.jar=01;31:*.war=01;31:*.ear=01;31:*.sar=01;31:*.rar=01;31:*.alz=01;31:*.ace=01;31:*.zoo=01;31:*.cpio=01;31:*.7z=01;31:*.rz=01;31:*.cab=01;31:*.wim=01;31:*.swm=01;31:*.dwm=01;31:*.esd=01;31:*.avif=01;35:*.jpg=01;35:*.jpeg=01;35:*.mjpg=01;35:*.mjpeg=01;35:*.gif=01;35:*.bmp=01;35:*.pbm=01;35:*.pgm=01;35:*.ppm=01;35:*.tga=01;35:*.xbm=01;35:*.xpm=01;35:*.tif=01;35:*.tiff=01;35:*.png=01;35:*.svg=01;35:*.svgz=01;35:*.mng=01;35:*.pcx=01;35:*.mov=01;35:*.mpg=01;35:*.mpeg=01;35:*.m2v=01;35:*.mkv=01;35:*.webm=01;35:*.webp=01;35:*.ogm=01;35:*.mp4=01;35:*.m4v=01;35:*.mp4v=01;35:*.vob=01;35:*.qt=01;35:*.nuv=01;35:*.wmv=01;35:*.asf=01;35:*.rm=01;35:*.rmvb=01;35:*.flc=01;35:*.avi=01;35:*.fli=01;35:*.flv=01;35:*.gl=01;35:*.dl=01;35:*.xcf=01;35:*.xwd=01;35:*.yuv=01;35:*.cgm=01;35:*.emf=01;35:*.ogv=01;35:*.ogx=01;35:*.aac=00;36:*.au=00;36:*.flac=00;36:*.m4a=00;36:*.mid=00;36:*.midi=00;36:*.mka=00;36:*.mp3=00;36:*.mpc=00;36:*.ogg=00;36:*.ra=00;36:*.wav=00;36:*.oga=00;36:*.opus=00;36:*.spx=00;36:*.xspf=00;36:*~=00;90:*#=00;90:*.bak=00;90:*.crdownload=00;90:*.dpkg-dist=00;90:*.dpkg-new=00;90:*.dpkg-old=00;90:*.dpkg-tmp=00;90:*.old=00;90:*.orig=00;90:*.part=00;90:*.rej=00;90:*.rpmnew=00;90:*.rpmorig=00;90:*.rpmsave=00;90:*.swp=00;90:*.tmp=00;90:*.ucf-dist=00;90:*.ucf-new=00;90:*.ucf-old=00;90:', 'GNOME_TERMINAL_SERVICE': ':1.781', 'SSH_AUTH_SOCK': '/run/user/1000/keyring/ssh', 'AMENT_PREFIX_PATH': '/home/user/celluleflexible_en_cours_ROS2/ros_ws/install/shuttles:/home/user/celluleflexible_en_cours_ROS2/ros_ws/install/robots:/home/user/celluleflexible_en_cours_ROS2/ros_ws/install/commande_locale:/home/user/celluleflexible_en_cours_ROS2/ros_ws/install/aiguillages:/opt/ros/jazzy', 'SHELL': '/bin/bash', 'QT_ACCESSIBILITY': '1', 'GDMSESSION': 'ubuntu', 'LESSCLOSE': '/usr/bin/lesspipe %s %s', 'ROS_AUTOMATIC_DISCOVERY_RANGE': 'SUBNET', 'QT_IM_MODULE': 'ibus', 'PWD': '/home/user/celluleflexible_en_cours_ROS2/ros_ws/build/commande_locale', 'LC_ALL': 'en_US.UTF-8', 'XDG_CONFIG_DIRS': '/etc/xdg/xdg-ubuntu:/etc/xdg', 'DBUS_STARTER_ADDRESS': 'unix:path=/run/user/1000/bus,guid=6da02ccfb5f5be8b2dc210526992ca6b', 'XDG_DATA_DIRS': '/usr/share/ubuntu:/usr/share/gnome:/usr/local/share/:/usr/share/:/var/lib/snapd/desktop', 'PYTHONPATH': '/home/user/celluleflexible_en_cours_ROS2/ros_ws/install/aiguillages/lib/python3.12/site-packages:/home/user/celluleflexible_en_cours_ROS2/ros_ws/install/shuttles/lib/python3.12/site-packages:/home/user/celluleflexible_en_cours_ROS2/ros_ws/install/robots/lib/python3.12/site-packages:/home/user/celluleflexible_en_cours_ROS2/ros_ws/install/commande_locale/lib/python3.12/site-packages:/opt/ros/jazzy/lib/python3.12/site-packages', 'COLCON': '1', 'MEMORY_PRESSURE_WRITE': 'c29tZSAyMDAwMDAgMjAwMDAwMAA=', 'VTE_VERSION': '7600', 'CMAKE_PREFIX_PATH': '/home/user/celluleflexible_en_cours_ROS2/ros_ws/install/aiguillages:/home/user/celluleflexible_en_cours_ROS2/ros_ws/install/shuttles:/home/user/celluleflexible_en_cours_ROS2/ros_ws/install/robots:/home/user/celluleflexible_en_cours_ROS2/ros_ws/install/commande_locale:/opt/ros/jazzy/opt/gz_math_vendor:/opt/ros/jazzy/opt/gz_utils_vendor:/opt/ros/jazzy/opt/gz_cmake_vendor:/opt/ros/jazzy'}), 'shell': False}
[0.412352] (shuttles) JobProgress: {'identifier': 'shuttles', 'progress': 'cmake'}
[0.413151] (shuttles) JobProgress: {'identifier': 'shuttles', 'progress': 'build'}
[0.413172] (shuttles) Command: {'cmd': ['/usr/bin/cmake', '--build', '/home/user/celluleflexible_en_cours_ROS2/ros_ws/build/shuttles', '--', '-j8', '-l8'], 'cwd': '/home/user/celluleflexible_en_cours_ROS2/ros_ws/build/shuttles', 'env': OrderedDict({'LESSOPEN': '| /usr/bin/lesspipe %s', 'USER': 'user', 'XDG_SESSION_TYPE': 'wayland', 'SHLVL': '1', 'LD_LIBRARY_PATH': '/home/user/celluleflexible_en_cours_ROS2/ros_ws/install/aiguillages/lib:/home/user/celluleflexible_en_cours_ROS2/ros_ws/install/shuttles/lib:/home/user/celluleflexible_en_cours_ROS2/ros_ws/install/robots/lib:/home/user/celluleflexible_en_cours_ROS2/ros_ws/install/commande_locale/lib:/opt/ros/jazzy/opt/rviz_ogre_vendor/lib:/opt/ros/jazzy/lib/x86_64-linux-gnu:/opt/ros/jazzy/opt/gz_math_vendor/lib:/opt/ros/jazzy/opt/gz_utils_vendor/lib:/opt/ros/jazzy/opt/gz_cmake_vendor/lib:/opt/ros/jazzy/lib', 'HOME': '/home/user', 'DESKTOP_SESSION': 'ubuntu', 'ROS_PYTHON_VERSION': '3', 'GNOME_SHELL_SESSION_MODE': 'ubuntu', 'GTK_MODULES': 'gail:atk-bridge', 'DBUS_STARTER_BUS_TYPE': 'session', 'SYSTEMD_EXEC_PID': '2240', 'GSM_SKIP_SSH_AGENT_WORKAROUND': 'true', 'DBUS_SESSION_BUS_ADDRESS': 'unix:path=/run/user/1000/bus,guid=6da02ccfb5f5be8b2dc210526992ca6b', 'COLORTERM': 'truecolor', 'DEBUGINFOD_URLS': 'https://debuginfod.ubuntu.com', 'IM_CONFIG_PHASE': '1', 'WAYLAND_DISPLAY': 'wayland-0', 'COLCON_PREFIX_PATH': '/home/user/celluleflexible_en_cours_ROS2/ros_ws/install', 'ROS_DISTRO': 'jazzy', 'LOGNAME': 'user', '_': '/usr/bin/colcon', 'ROS_VERSION': '2', 'MEMORY_PRESSURE_WATCH': '/sys/fs/cgroup/user.slice/user-1000.slice/user@1000.service/app.slice/app-gnome\\x2dsession\\x2dmanager.slice/gnome-session-manager@ubuntu.service/memory.pressure', 'XDG_SESSION_CLASS': 'user', 'USERNAME': 'user', 'TERM': 'xterm-256color', 'GNOME_DESKTOP_SESSION_ID': 'this-is-deprecated', 'PATH': '/opt/ros/jazzy/bin:/usr/local/sbin:/usr/local/bin:/usr/sbin:/usr/bin:/sbin:/bin:/usr/games:/usr/local/games:/snap/bin:/snap/bin', 'SESSION_MANAGER': 'local/Ubuntu:@/tmp/.ICE-unix/2240,unix/Ubuntu:/tmp/.ICE-unix/2240', 'XDG_MENU_PREFIX': 'gnome-', 'GNOME_TERMINAL_SCREEN': '/org/gnome/Terminal/screen/c7962f18_f474_48af_ace3_a3479f78beab', 'GNOME_SETUP_DISPLAY': ':1', 'XDG_RUNTIME_DIR': '/run/user/1000', 'DISPLAY': ':0', 'LANG': 'en_US.UTF-8', 'XDG_CURRENT_DESKTOP': 'ubuntu:GNOME', 'XMODIFIERS': '@im=ibus', 'XDG_SESSION_DESKTOP': 'ubuntu', 'XAUTHORITY': '/run/user/1000/.mutter-Xwaylandauth.HCD1K3', 'LS_COLORS': 'rs=0:di=01;34:ln=01;36:mh=00:pi=40;33:so=01;35:do=01;35:bd=40;33;01:cd=40;33;01:or=40;31;01:mi=00:su=37;41:sg=30;43:ca=00:tw=30;42:ow=34;42:st=37;44:ex=01;32:*.tar=01;31:*.tgz=01;31:*.arc=01;31:*.arj=01;31:*.taz=01;31:*.lha=01;31:*.lz4=01;31:*.lzh=01;31:*.lzma=01;31:*.tlz=01;31:*.txz=01;31:*.tzo=01;31:*.t7z=01;31:*.zip=01;31:*.z=01;31:*.dz=01;31:*.gz=01;31:*.lrz=01;31:*.lz=01;31:*.lzo=01;31:*.xz=01;31:*.zst=01;31:*.tzst=01;31:*.bz2=01;31:*.bz=01;31:*.tbz=01;31:*.tbz2=01;31:*.tz=01;31:*.deb=01;31:*.rpm=01;31:*.jar=01;31:*.war=01;31:*.ear=01;31:*.sar=01;31:*.rar=01;31:*.alz=01;31:*.ace=01;31:*.zoo=01;31:*.cpio=01;31:*.7z=01;31:*.rz=01;31:*.cab=01;31:*.wim=01;31:*.swm=01;31:*.dwm=01;31:*.esd=01;31:*.avif=01;35:*.jpg=01;35:*.jpeg=01;35:*.mjpg=01;35:*.mjpeg=01;35:*.gif=01;35:*.bmp=01;35:*.pbm=01;35:*.pgm=01;35:*.ppm=01;35:*.tga=01;35:*.xbm=01;35:*.xpm=01;35:*.tif=01;35:*.tiff=01;35:*.png=01;35:*.svg=01;35:*.svgz=01;35:*.mng=01;35:*.pcx=01;35:*.mov=01;35:*.mpg=01;35:*.mpeg=01;35:*.m2v=01;35:*.mkv=01;35:*.webm=01;35:*.webp=01;35:*.ogm=01;35:*.mp4=01;35:*.m4v=01;35:*.mp4v=01;35:*.vob=01;35:*.qt=01;35:*.nuv=01;35:*.wmv=01;35:*.asf=01;35:*.rm=01;35:*.rmvb=01;35:*.flc=01;35:*.avi=01;35:*.fli=01;35:*.flv=01;35:*.gl=01;35:*.dl=01;35:*.xcf=01;35:*.xwd=01;35:*.yuv=01;35:*.cgm=01;35:*.emf=01;35:*.ogv=01;35:*.ogx=01;35:*.aac=00;36:*.au=00;36:*.flac=00;36:*.m4a=00;36:*.mid=00;36:*.midi=00;36:*.mka=00;36:*.mp3=00;36:*.mpc=00;36:*.ogg=00;36:*.ra=00;36:*.wav=00;36:*.oga=00;36:*.opus=00;36:*.spx=00;36:*.xspf=00;36:*~=00;90:*#=00;90:*.bak=00;90:*.crdownload=00;90:*.dpkg-dist=00;90:*.dpkg-new=00;90:*.dpkg-old=00;90:*.dpkg-tmp=00;90:*.old=00;90:*.orig=00;90:*.part=00;90:*.rej=00;90:*.rpmnew=00;90:*.rpmorig=00;90:*.rpmsave=00;90:*.swp=00;90:*.tmp=00;90:*.ucf-dist=00;90:*.ucf-new=00;90:*.ucf-old=00;90:', 'GNOME_TERMINAL_SERVICE': ':1.781', 'SSH_AUTH_SOCK': '/run/user/1000/keyring/ssh', 'AMENT_PREFIX_PATH': '/home/user/celluleflexible_en_cours_ROS2/ros_ws/install/shuttles:/home/user/celluleflexible_en_cours_ROS2/ros_ws/install/robots:/home/user/celluleflexible_en_cours_ROS2/ros_ws/install/commande_locale:/home/user/celluleflexible_en_cours_ROS2/ros_ws/install/aiguillages:/opt/ros/jazzy', 'SHELL': '/bin/bash', 'QT_ACCESSIBILITY': '1', 'GDMSESSION': 'ubuntu', 'LESSCLOSE': '/usr/bin/lesspipe %s %s', 'ROS_AUTOMATIC_DISCOVERY_RANGE': 'SUBNET', 'QT_IM_MODULE': 'ibus', 'PWD': '/home/user/celluleflexible_en_cours_ROS2/ros_ws/build/shuttles', 'LC_ALL': 'en_US.UTF-8', 'XDG_CONFIG_DIRS': '/etc/xdg/xdg-ubuntu:/etc/xdg', 'DBUS_STARTER_ADDRESS': 'unix:path=/run/user/1000/bus,guid=6da02ccfb5f5be8b2dc210526992ca6b', 'XDG_DATA_DIRS': '/usr/share/ubuntu:/usr/share/gnome:/usr/local/share/:/usr/share/:/var/lib/snapd/desktop', 'PYTHONPATH': '/home/user/celluleflexible_en_cours_ROS2/ros_ws/install/aiguillages/lib/python3.12/site-packages:/home/user/celluleflexible_en_cours_ROS2/ros_ws/install/shuttles/lib/python3.12/site-packages:/home/user/celluleflexible_en_cours_ROS2/ros_ws/install/robots/lib/python3.12/site-packages:/home/user/celluleflexible_en_cours_ROS2/ros_ws/install/commande_locale/lib/python3.12/site-packages:/opt/ros/jazzy/lib/python3.12/site-packages', 'COLCON': '1', 'MEMORY_PRESSURE_WRITE': 'c29tZSAyMDAwMDAgMjAwMDAwMAA=', 'VTE_VERSION': '7600', 'CMAKE_PREFIX_PATH': '/home/user/celluleflexible_en_cours_ROS2/ros_ws/install/aiguillages:/home/user/celluleflexible_en_cours_ROS2/ros_ws/install/shuttles:/home/user/celluleflexible_en_cours_ROS2/ros_ws/install/robots:/home/user/celluleflexible_en_cours_ROS2/ros_ws/install/commande_locale:/opt/ros/jazzy/opt/gz_math_vendor:/opt/ros/jazzy/opt/gz_utils_vendor:/opt/ros/jazzy/opt/gz_cmake_vendor:/opt/ros/jazzy'}), 'shell': False}
[0.468800] (commande_locale) StdoutLine: {'line': b'[  0%] Built target commande_locale__rosidl_generator_type_description\n'}
[0.471750] (shuttles) StdoutLine: {'line': b'[  1%] Built target shuttles__rosidl_generator_type_description\n'}
[0.481742] (shuttles) StdoutLine: {'line': b'[  1%] Built target ament_cmake_python_copy_shuttles\n'}
[0.485929] (commande_locale) StdoutLine: {'line': b'[  0%] Built target ament_cmake_python_copy_commande_locale\n'}
[0.498256] (shuttles) StdoutLine: {'line': b'[  2%] Built target shuttles__cpp\n'}
[0.498416] (commande_locale) StdoutLine: {'line': b'[  0%] Built target commande_locale__cpp\n'}
[0.500800] (shuttles) StdoutLine: {'line': b'[ 23%] Built target shuttles__rosidl_generator_c\n'}
[0.501420] (-) TimerEvent: {}
[0.511340] (commande_locale) StdoutLine: {'line': b'[ 26%] Built target commande_locale__rosidl_generator_c\n'}
[0.543887] (shuttles) StdoutLine: {'line': b'[ 32%] Built target shuttles__rosidl_typesupport_fastrtps_c\n'}
[0.562390] (shuttles) StdoutLine: {'line': b'[ 41%] Built target shuttles__rosidl_typesupport_introspection_c\n'}
[0.562530] (shuttles) StdoutLine: {'line': b'[ 50%] Built target shuttles__rosidl_typesupport_cpp\n'}
[0.562564] (shuttles) StdoutLine: {'line': b'[ 58%] Built target shuttles__rosidl_typesupport_fastrtps_cpp\n'}
[0.562593] (commande_locale) StdoutLine: {'line': b'[ 36%] Built target commande_locale__rosidl_typesupport_c\n'}
[0.571991] (shuttles) StdoutLine: {'line': b'[ 67%] Built target shuttles__rosidl_typesupport_c\n'}
[0.573738] (commande_locale) StdoutLine: {'line': b'[ 45%] Built target commande_locale__rosidl_typesupport_introspection_cpp\n'}
[0.577593] (shuttles) StdoutLine: {'line': b'[ 76%] Built target shuttles__rosidl_typesupport_introspection_cpp\n'}
[0.580297] (commande_locale) StdoutLine: {'line': b'[ 54%] Built target commande_locale__rosidl_typesupport_cpp\n'}
[0.588037] (commande_locale) StdoutLine: {'line': b'[ 64%] Built target commande_locale__rosidl_typesupport_introspection_c\n'}
[0.589663] (commande_locale) StdoutLine: {'line': b'[ 73%] Built target commande_locale__rosidl_typesupport_fastrtps_cpp\n'}
[0.592188] (commande_locale) StdoutLine: {'line': b'[ 83%] Built target commande_locale__rosidl_typesupport_fastrtps_c\n'}
[0.600119] (shuttles) StdoutLine: {'line': b'[ 82%] Built target shuttle_manager\n'}
[0.601838] (-) TimerEvent: {}
[0.612576] (shuttles) StdoutLine: {'line': b'[ 82%] Built target shuttles\n'}
[0.624467] (commande_locale) StdoutLine: {'line': b'[ 86%] Built target simulation\n'}
[0.630361] (commande_locale) StdoutLine: {'line': b'[ 86%] Built target commande_locale\n'}
[0.646142] (shuttles) StdoutLine: {'line': b'[ 83%] Built target shuttles__py\n'}
[0.657556] (commande_locale) StdoutLine: {'line': b'[ 87%] Built target commande_locale__py\n'}
[0.669544] (shuttles) StdoutLine: {'line': b'[ 91%] Built target shuttles__rosidl_generator_py\n'}
[0.678310] (commande_locale) StdoutLine: {'line': b'running egg_info\n'}
[0.680386] (commande_locale) StdoutLine: {'line': b'[ 96%] Built target commande_locale__rosidl_generator_py\n'}
[0.687405] (shuttles) StdoutLine: {'line': b'running egg_info\n'}
[0.691664] (commande_locale) StdoutLine: {'line': b'writing commande_locale.egg-info/PKG-INFO\n'}
[0.691786] (commande_locale) StdoutLine: {'line': b'writing dependency_links to commande_locale.egg-info/dependency_links.txt\n'}
[0.691821] (commande_locale) StdoutLine: {'line': b'writing top-level names to commande_locale.egg-info/top_level.txt\n'}
[0.692293] (shuttles) StdoutLine: {'line': b'[ 94%] Built target shuttles_s__rosidl_typesupport_fastrtps_c\n'}
[0.692509] (shuttles) StdoutLine: {'line': b'[ 97%] Built target shuttles_s__rosidl_typesupport_introspection_c\n'}
[0.692555] (shuttles) StdoutLine: {'line': b'[100%] Built target shuttles_s__rosidl_typesupport_c\n'}
[0.702733] (-) TimerEvent: {}
[0.703901] (shuttles) StdoutLine: {'line': b'writing shuttles.egg-info/PKG-INFO\n'}
[0.703991] (shuttles) StdoutLine: {'line': b'writing dependency_links to shuttles.egg-info/dependency_links.txt\n'}
[0.704024] (shuttles) StdoutLine: {'line': b'writing top-level names to shuttles.egg-info/top_level.txt\n'}
[0.709756] (commande_locale) StdoutLine: {'line': b'[ 98%] Built target commande_locale_s__rosidl_typesupport_fastrtps_c\n'}
[0.710940] (commande_locale) StdoutLine: {'line': b'[ 99%] Built target commande_locale_s__rosidl_typesupport_introspection_c\n'}
[0.719895] (commande_locale) StdoutLine: {'line': b'[100%] Built target commande_locale_s__rosidl_typesupport_c\n'}
[0.732339] (commande_locale) StdoutLine: {'line': b"reading manifest file 'commande_locale.egg-info/SOURCES.txt'\n"}
[0.732802] (commande_locale) StdoutLine: {'line': b"writing manifest file 'commande_locale.egg-info/SOURCES.txt'\n"}
[0.738583] (shuttles) StdoutLine: {'line': b"reading manifest file 'shuttles.egg-info/SOURCES.txt'\n"}
[0.738975] (shuttles) StdoutLine: {'line': b"writing manifest file 'shuttles.egg-info/SOURCES.txt'\n"}
[0.757352] (commande_locale) StdoutLine: {'line': b'[100%] Built target ament_cmake_python_build_commande_locale_egg\n'}
[0.767373] (shuttles) StdoutLine: {'line': b'[100%] Built target ament_cmake_python_build_shuttles_egg\n'}
[0.777945] (commande_locale) CommandEnded: {'returncode': 0}
[0.778523] (commande_locale) JobProgress: {'identifier': 'commande_locale', 'progress': 'install'}
[0.779766] (commande_locale) Command: {'cmd': ['/usr/bin/cmake', '--install', '/home/user/celluleflexible_en_cours_ROS2/ros_ws/build/commande_locale'], 'cwd': '/home/user/celluleflexible_en_cours_ROS2/ros_ws/build/commande_locale', 'env': OrderedDict({'LESSOPEN': '| /usr/bin/lesspipe %s', 'USER': 'user', 'XDG_SESSION_TYPE': 'wayland', 'SHLVL': '1', 'LD_LIBRARY_PATH': '/home/user/celluleflexible_en_cours_ROS2/ros_ws/install/aiguillages/lib:/home/user/celluleflexible_en_cours_ROS2/ros_ws/install/shuttles/lib:/home/user/celluleflexible_en_cours_ROS2/ros_ws/install/robots/lib:/home/user/celluleflexible_en_cours_ROS2/ros_ws/install/commande_locale/lib:/opt/ros/jazzy/opt/rviz_ogre_vendor/lib:/opt/ros/jazzy/lib/x86_64-linux-gnu:/opt/ros/jazzy/opt/gz_math_vendor/lib:/opt/ros/jazzy/opt/gz_utils_vendor/lib:/opt/ros/jazzy/opt/gz_cmake_vendor/lib:/opt/ros/jazzy/lib', 'HOME': '/home/user', 'DESKTOP_SESSION': 'ubuntu', 'ROS_PYTHON_VERSION': '3', 'GNOME_SHELL_SESSION_MODE': 'ubuntu', 'GTK_MODULES': 'gail:atk-bridge', 'DBUS_STARTER_BUS_TYPE': 'session', 'SYSTEMD_EXEC_PID': '2240', 'GSM_SKIP_SSH_AGENT_WORKAROUND': 'true', 'DBUS_SESSION_BUS_ADDRESS': 'unix:path=/run/user/1000/bus,guid=6da02ccfb5f5be8b2dc210526992ca6b', 'COLORTERM': 'truecolor', 'DEBUGINFOD_URLS': 'https://debuginfod.ubuntu.com', 'IM_CONFIG_PHASE': '1', 'WAYLAND_DISPLAY': 'wayland-0', 'COLCON_PREFIX_PATH': '/home/user/celluleflexible_en_cours_ROS2/ros_ws/install', 'ROS_DISTRO': 'jazzy', 'LOGNAME': 'user', '_': '/usr/bin/colcon', 'ROS_VERSION': '2', 'MEMORY_PRESSURE_WATCH': '/sys/fs/cgroup/user.slice/user-1000.slice/user@1000.service/app.slice/app-gnome\\x2dsession\\x2dmanager.slice/gnome-session-manager@ubuntu.service/memory.pressure', 'XDG_SESSION_CLASS': 'user', 'USERNAME': 'user', 'TERM': 'xterm-256color', 'GNOME_DESKTOP_SESSION_ID': 'this-is-deprecated', 'PATH': '/opt/ros/jazzy/bin:/usr/local/sbin:/usr/local/bin:/usr/sbin:/usr/bin:/sbin:/bin:/usr/games:/usr/local/games:/snap/bin:/snap/bin', 'SESSION_MANAGER': 'local/Ubuntu:@/tmp/.ICE-unix/2240,unix/Ubuntu:/tmp/.ICE-unix/2240', 'XDG_MENU_PREFIX': 'gnome-', 'GNOME_TERMINAL_SCREEN': '/org/gnome/Terminal/screen/c7962f18_f474_48af_ace3_a3479f78beab', 'GNOME_SETUP_DISPLAY': ':1', 'XDG_RUNTIME_DIR': '/run/user/1000', 'DISPLAY': ':0', 'LANG': 'en_US.UTF-8', 'XDG_CURRENT_DESKTOP': 'ubuntu:GNOME', 'XMODIFIERS': '@im=ibus', 'XDG_SESSION_DESKTOP': 'ubuntu', 'XAUTHORITY': '/run/user/1000/.mutter-Xwaylandauth.HCD1K3', 'LS_COLORS': 'rs=0:di=01;34:ln=01;36:mh=00:pi=40;33:so=01;35:do=01;35:bd=40;33;01:cd=40;33;01:or=40;31;01:mi=00:su=37;41:sg=30;43:ca=00:tw=30;42:ow=34;42:st=37;44:ex=01;32:*.tar=01;31:*.tgz=01;31:*.arc=01;31:*.arj=01;31:*.taz=01;31:*.lha=01;31:*.lz4=01;31:*.lzh=01;31:*.lzma=01;31:*.tlz=01;31:*.txz=01;31:*.tzo=01;31:*.t7z=01;31:*.zip=01;31:*.z=01;31:*.dz=01;31:*.gz=01;31:*.lrz=01;31:*.lz=01;31:*.lzo=01;31:*.xz=01;31:*.zst=01;31:*.tzst=01;31:*.bz2=01;31:*.bz=01;31:*.tbz=01;31:*.tbz2=01;31:*.tz=01;31:*.deb=01;31:*.rpm=01;31:*.jar=01;31:*.war=01;31:*.ear=01;31:*.sar=01;31:*.rar=01;31:*.alz=01;31:*.ace=01;31:*.zoo=01;31:*.cpio=01;31:*.7z=01;31:*.rz=01;31:*.cab=01;31:*.wim=01;31:*.swm=01;31:*.dwm=01;31:*.esd=01;31:*.avif=01;35:*.jpg=01;35:*.jpeg=01;35:*.mjpg=01;35:*.mjpeg=01;35:*.gif=01;35:*.bmp=01;35:*.pbm=01;35:*.pgm=01;35:*.ppm=01;35:*.tga=01;35:*.xbm=01;35:*.xpm=01;35:*.tif=01;35:*.tiff=01;35:*.png=01;35:*.svg=01;35:*.svgz=01;35:*.mng=01;35:*.pcx=01;35:*.mov=01;35:*.mpg=01;35:*.mpeg=01;35:*.m2v=01;35:*.mkv=01;35:*.webm=01;35:*.webp=01;35:*.ogm=01;35:*.mp4=01;35:*.m4v=01;35:*.mp4v=01;35:*.vob=01;35:*.qt=01;35:*.nuv=01;35:*.wmv=01;35:*.asf=01;35:*.rm=01;35:*.rmvb=01;35:*.flc=01;35:*.avi=01;35:*.fli=01;35:*.flv=01;35:*.gl=01;35:*.dl=01;35:*.xcf=01;35:*.xwd=01;35:*.yuv=01;35:*.cgm=01;35:*.emf=01;35:*.ogv=01;35:*.ogx=01;35:*.aac=00;36:*.au=00;36:*.flac=00;36:*.m4a=00;36:*.mid=00;36:*.midi=00;36:*.mka=00;36:*.mp3=00;36:*.mpc=00;36:*.ogg=00;36:*.ra=00;36:*.wav=00;36:*.oga=00;36:*.opus=00;36:*.spx=00;36:*.xspf=00;36:*~=00;90:*#=00;90:*.bak=00;90:*.crdownload=00;90:*.dpkg-dist=00;90:*.dpkg-new=00;90:*.dpkg-old=00;90:*.dpkg-tmp=00;90:*.old=00;90:*.orig=00;90:*.part=00;90:*.rej=00;90:*.rpmnew=00;90:*.rpmorig=00;90:*.rpmsave=00;90:*.swp=00;90:*.tmp=00;90:*.ucf-dist=00;90:*.ucf-new=00;90:*.ucf-old=00;90:', 'GNOME_TERMINAL_SERVICE': ':1.781', 'SSH_AUTH_SOCK': '/run/user/1000/keyring/ssh', 'AMENT_PREFIX_PATH': '/home/user/celluleflexible_en_cours_ROS2/ros_ws/install/shuttles:/home/user/celluleflexible_en_cours_ROS2/ros_ws/install/robots:/home/user/celluleflexible_en_cours_ROS2/ros_ws/install/commande_locale:/home/user/celluleflexible_en_cours_ROS2/ros_ws/install/aiguillages:/opt/ros/jazzy', 'SHELL': '/bin/bash', 'QT_ACCESSIBILITY': '1', 'GDMSESSION': 'ubuntu', 'LESSCLOSE': '/usr/bin/lesspipe %s %s', 'ROS_AUTOMATIC_DISCOVERY_RANGE': 'SUBNET', 'QT_IM_MODULE': 'ibus', 'PWD': '/home/user/celluleflexible_en_cours_ROS2/ros_ws/build/commande_locale', 'LC_ALL': 'en_US.UTF-8', 'XDG_CONFIG_DIRS': '/etc/xdg/xdg-ubuntu:/etc/xdg', 'DBUS_STARTER_ADDRESS': 'unix:path=/run/user/1000/bus,guid=6da02ccfb5f5be8b2dc210526992ca6b', 'XDG_DATA_DIRS': '/usr/share/ubuntu:/usr/share/gnome:/usr/local/share/:/usr/share/:/var/lib/snapd/desktop', 'PYTHONPATH': '/home/user/celluleflexible_en_cours_ROS2/ros_ws/install/aiguillages/lib/python3.12/site-packages:/home/user/celluleflexible_en_cours_ROS2/ros_ws/install/shuttles/lib/python3.12/site-packages:/home/user/celluleflexible_en_cours_ROS2/ros_ws/install/robots/lib/python3.12/site-packages:/home/user/celluleflexible_en_cours_ROS2/ros_ws/install/commande_locale/lib/python3.12/site-packages:/opt/ros/jazzy/lib/python3.12/site-packages', 'COLCON': '1', 'MEMORY_PRESSURE_WRITE': 'c29tZSAyMDAwMDAgMjAwMDAwMAA=', 'VTE_VERSION': '7600', 'CMAKE_PREFIX_PATH': '/home/user/celluleflexible_en_cours_ROS2/ros_ws/install/aiguillages:/home/user/celluleflexible_en_cours_ROS2/ros_ws/install/shuttles:/home/user/celluleflexible_en_cours_ROS2/ros_ws/install/robots:/home/user/celluleflexible_en_cours_ROS2/ros_ws/install/commande_locale:/opt/ros/jazzy/opt/gz_math_vendor:/opt/ros/jazzy/opt/gz_utils_vendor:/opt/ros/jazzy/opt/gz_cmake_vendor:/opt/ros/jazzy'}), 'shell': False}
[0.780929] (shuttles) CommandEnded: {'returncode': 0}
[0.781712] (shuttles) JobProgress: {'identifier': 'shuttles', 'progress': 'install'}
[0.781734] (shuttles) Command: {'cmd': ['/usr/bin/cmake', '--install', '/home/user/celluleflexible_en_cours_ROS2/ros_ws/build/shuttles'], 'cwd': '/home/user/celluleflexible_en_cours_ROS2/ros_ws/build/shuttles', 'env': OrderedDict({'LESSOPEN': '| /usr/bin/lesspipe %s', 'USER': 'user', 'XDG_SESSION_TYPE': 'wayland', 'SHLVL': '1', 'LD_LIBRARY_PATH': '/home/user/celluleflexible_en_cours_ROS2/ros_ws/install/aiguillages/lib:/home/user/celluleflexible_en_cours_ROS2/ros_ws/install/shuttles/lib:/home/user/celluleflexible_en_cours_ROS2/ros_ws/install/robots/lib:/home/user/celluleflexible_en_cours_ROS2/ros_ws/install/commande_locale/lib:/opt/ros/jazzy/opt/rviz_ogre_vendor/lib:/opt/ros/jazzy/lib/x86_64-linux-gnu:/opt/ros/jazzy/opt/gz_math_vendor/lib:/opt/ros/jazzy/opt/gz_utils_vendor/lib:/opt/ros/jazzy/opt/gz_cmake_vendor/lib:/opt/ros/jazzy/lib', 'HOME': '/home/user', 'DESKTOP_SESSION': 'ubuntu', 'ROS_PYTHON_VERSION': '3', 'GNOME_SHELL_SESSION_MODE': 'ubuntu', 'GTK_MODULES': 'gail:atk-bridge', 'DBUS_STARTER_BUS_TYPE': 'session', 'SYSTEMD_EXEC_PID': '2240', 'GSM_SKIP_SSH_AGENT_WORKAROUND': 'true', 'DBUS_SESSION_BUS_ADDRESS': 'unix:path=/run/user/1000/bus,guid=6da02ccfb5f5be8b2dc210526992ca6b', 'COLORTERM': 'truecolor', 'DEBUGINFOD_URLS': 'https://debuginfod.ubuntu.com', 'IM_CONFIG_PHASE': '1', 'WAYLAND_DISPLAY': 'wayland-0', 'COLCON_PREFIX_PATH': '/home/user/celluleflexible_en_cours_ROS2/ros_ws/install', 'ROS_DISTRO': 'jazzy', 'LOGNAME': 'user', '_': '/usr/bin/colcon', 'ROS_VERSION': '2', 'MEMORY_PRESSURE_WATCH': '/sys/fs/cgroup/user.slice/user-1000.slice/user@1000.service/app.slice/app-gnome\\x2dsession\\x2dmanager.slice/gnome-session-manager@ubuntu.service/memory.pressure', 'XDG_SESSION_CLASS': 'user', 'USERNAME': 'user', 'TERM': 'xterm-256color', 'GNOME_DESKTOP_SESSION_ID': 'this-is-deprecated', 'PATH': '/opt/ros/jazzy/bin:/usr/local/sbin:/usr/local/bin:/usr/sbin:/usr/bin:/sbin:/bin:/usr/games:/usr/local/games:/snap/bin:/snap/bin', 'SESSION_MANAGER': 'local/Ubuntu:@/tmp/.ICE-unix/2240,unix/Ubuntu:/tmp/.ICE-unix/2240', 'XDG_MENU_PREFIX': 'gnome-', 'GNOME_TERMINAL_SCREEN': '/org/gnome/Terminal/screen/c7962f18_f474_48af_ace3_a3479f78beab', 'GNOME_SETUP_DISPLAY': ':1', 'XDG_RUNTIME_DIR': '/run/user/1000', 'DISPLAY': ':0', 'LANG': 'en_US.UTF-8', 'XDG_CURRENT_DESKTOP': 'ubuntu:GNOME', 'XMODIFIERS': '@im=ibus', 'XDG_SESSION_DESKTOP': 'ubuntu', 'XAUTHORITY': '/run/user/1000/.mutter-Xwaylandauth.HCD1K3', 'LS_COLORS': 'rs=0:di=01;34:ln=01;36:mh=00:pi=40;33:so=01;35:do=01;35:bd=40;33;01:cd=40;33;01:or=40;31;01:mi=00:su=37;41:sg=30;43:ca=00:tw=30;42:ow=34;42:st=37;44:ex=01;32:*.tar=01;31:*.tgz=01;31:*.arc=01;31:*.arj=01;31:*.taz=01;31:*.lha=01;31:*.lz4=01;31:*.lzh=01;31:*.lzma=01;31:*.tlz=01;31:*.txz=01;31:*.tzo=01;31:*.t7z=01;31:*.zip=01;31:*.z=01;31:*.dz=01;31:*.gz=01;31:*.lrz=01;31:*.lz=01;31:*.lzo=01;31:*.xz=01;31:*.zst=01;31:*.tzst=01;31:*.bz2=01;31:*.bz=01;31:*.tbz=01;31:*.tbz2=01;31:*.tz=01;31:*.deb=01;31:*.rpm=01;31:*.jar=01;31:*.war=01;31:*.ear=01;31:*.sar=01;31:*.rar=01;31:*.alz=01;31:*.ace=01;31:*.zoo=01;31:*.cpio=01;31:*.7z=01;31:*.rz=01;31:*.cab=01;31:*.wim=01;31:*.swm=01;31:*.dwm=01;31:*.esd=01;31:*.avif=01;35:*.jpg=01;35:*.jpeg=01;35:*.mjpg=01;35:*.mjpeg=01;35:*.gif=01;35:*.bmp=01;35:*.pbm=01;35:*.pgm=01;35:*.ppm=01;35:*.tga=01;35:*.xbm=01;35:*.xpm=01;35:*.tif=01;35:*.tiff=01;35:*.png=01;35:*.svg=01;35:*.svgz=01;35:*.mng=01;35:*.pcx=01;35:*.mov=01;35:*.mpg=01;35:*.mpeg=01;35:*.m2v=01;35:*.mkv=01;35:*.webm=01;35:*.webp=01;35:*.ogm=01;35:*.mp4=01;35:*.m4v=01;35:*.mp4v=01;35:*.vob=01;35:*.qt=01;35:*.nuv=01;35:*.wmv=01;35:*.asf=01;35:*.rm=01;35:*.rmvb=01;35:*.flc=01;35:*.avi=01;35:*.fli=01;35:*.flv=01;35:*.gl=01;35:*.dl=01;35:*.xcf=01;35:*.xwd=01;35:*.yuv=01;35:*.cgm=01;35:*.emf=01;35:*.ogv=01;35:*.ogx=01;35:*.aac=00;36:*.au=00;36:*.flac=00;36:*.m4a=00;36:*.mid=00;36:*.midi=00;36:*.mka=00;36:*.mp3=00;36:*.mpc=00;36:*.ogg=00;36:*.ra=00;36:*.wav=00;36:*.oga=00;36:*.opus=00;36:*.spx=00;36:*.xspf=00;36:*~=00;90:*#=00;90:*.bak=00;90:*.crdownload=00;90:*.dpkg-dist=00;90:*.dpkg-new=00;90:*.dpkg-old=00;90:*.dpkg-tmp=00;90:*.old=00;90:*.orig=00;90:*.part=00;90:*.rej=00;90:*.rpmnew=00;90:*.rpmorig=00;90:*.rpmsave=00;90:*.swp=00;90:*.tmp=00;90:*.ucf-dist=00;90:*.ucf-new=00;90:*.ucf-old=00;90:', 'GNOME_TERMINAL_SERVICE': ':1.781', 'SSH_AUTH_SOCK': '/run/user/1000/keyring/ssh', 'AMENT_PREFIX_PATH': '/home/user/celluleflexible_en_cours_ROS2/ros_ws/install/shuttles:/home/user/celluleflexible_en_cours_ROS2/ros_ws/install/robots:/home/user/celluleflexible_en_cours_ROS2/ros_ws/install/commande_locale:/home/user/celluleflexible_en_cours_ROS2/ros_ws/install/aiguillages:/opt/ros/jazzy', 'SHELL': '/bin/bash', 'QT_ACCESSIBILITY': '1', 'GDMSESSION': 'ubuntu', 'LESSCLOSE': '/usr/bin/lesspipe %s %s', 'ROS_AUTOMATIC_DISCOVERY_RANGE': 'SUBNET', 'QT_IM_MODULE': 'ibus', 'PWD': '/home/user/celluleflexible_en_cours_ROS2/ros_ws/build/shuttles', 'LC_ALL': 'en_US.UTF-8', 'XDG_CONFIG_DIRS': '/etc/xdg/xdg-ubuntu:/etc/xdg', 'DBUS_STARTER_ADDRESS': 'unix:path=/run/user/1000/bus,guid=6da02ccfb5f5be8b2dc210526992ca6b', 'XDG_DATA_DIRS': '/usr/share/ubuntu:/usr/share/gnome:/usr/local/share/:/usr/share/:/var/lib/snapd/desktop', 'PYTHONPATH': '/home/user/celluleflexible_en_cours_ROS2/ros_ws/install/aiguillages/lib/python3.12/site-packages:/home/user/celluleflexible_en_cours_ROS2/ros_ws/install/shuttles/lib/python3.12/site-packages:/home/user/celluleflexible_en_cours_ROS2/ros_ws/install/robots/lib/python3.12/site-packages:/home/user/celluleflexible_en_cours_ROS2/ros_ws/install/commande_locale/lib/python3.12/site-packages:/opt/ros/jazzy/lib/python3.12/site-packages', 'COLCON': '1', 'MEMORY_PRESSURE_WRITE': 'c29tZSAyMDAwMDAgMjAwMDAwMAA=', 'VTE_VERSION': '7600', 'CMAKE_PREFIX_PATH': '/home/user/celluleflexible_en_cours_ROS2/ros_ws/install/aiguillages:/home/user/celluleflexible_en_cours_ROS2/ros_ws/install/shuttles:/home/user/celluleflexible_en_cours_ROS2/ros_ws/install/robots:/home/user/celluleflexible_en_cours_ROS2/ros_ws/install/commande_locale:/opt/ros/jazzy/opt/gz_math_vendor:/opt/ros/jazzy/opt/gz_utils_vendor:/opt/ros/jazzy/opt/gz_cmake_vendor:/opt/ros/jazzy'}), 'shell': False}
[0.785542] (commande_locale) StdoutLine: {'line': b'-- Install configuration: ""\n'}
[0.785652] (commande_locale) StdoutLine: {'line': b'-- Up-to-date: /home/user/celluleflexible_en_cours_ROS2/ros_ws/install/commande_locale/share/ament_index/resource_index/rosidl_interfaces/commande_locale\n'}
[0.785727] (commande_locale) StdoutLine: {'line': b'-- Up-to-date: /home/user/celluleflexible_en_cours_ROS2/ros_ws/install/commande_locale/share/commande_locale/srv/SrvAddProduct.json\n'}
[0.785785] (commande_locale) StdoutLine: {'line': b'-- Up-to-date: /home/user/celluleflexible_en_cours_ROS2/ros_ws/install/commande_locale/share/commande_locale/srv/SrvFinInit.json\n'}
[0.785823] (commande_locale) StdoutLine: {'line': b'-- Up-to-date: /home/user/celluleflexible_en_cours_ROS2/ros_ws/install/commande_locale/share/commande_locale/srv/SrvAddProductPushBack.json\n'}
[0.785884] (commande_locale) StdoutLine: {'line': b'-- Up-to-date: /home/user/celluleflexible_en_cours_ROS2/ros_ws/install/commande_locale/share/commande_locale/msg/MsgAddProduct.json\n'}
[0.785946] (commande_locale) StdoutLine: {'line': b'-- Up-to-date: /home/user/celluleflexible_en_cours_ROS2/ros_ws/install/commande_locale/share/commande_locale/msg/MsgStopControl.json\n'}
[0.785976] (commande_locale) StdoutLine: {'line': b'-- Up-to-date: /home/user/celluleflexible_en_cours_ROS2/ros_ws/install/commande_locale/share/commande_locale/msg/MsgColor.json\n'}
[0.786042] (commande_locale) StdoutLine: {'line': b'-- Up-to-date: /home/user/celluleflexible_en_cours_ROS2/ros_ws/install/commande_locale/share/commande_locale/msg/MsgSwitchControl.json\n'}
[0.786426] (commande_locale) StdoutLine: {'line': b'-- Up-to-date: /home/user/celluleflexible_en_cours_ROS2/ros_ws/install/commande_locale/share/commande_locale/msg/MsgPinControl.json\n'}
[0.786474] (commande_locale) StdoutLine: {'line': b'-- Up-to-date: /home/user/celluleflexible_en_cours_ROS2/ros_ws/install/commande_locale/share/commande_locale/msg/MsgErreur.json\n'}
[0.786501] (commande_locale) StdoutLine: {'line': b'-- Up-to-date: /home/user/celluleflexible_en_cours_ROS2/ros_ws/install/commande_locale/share/commande_locale/msg/RobotJoints.json\n'}
[0.786564] (commande_locale) StdoutLine: {'line': b'-- Up-to-date: /home/user/celluleflexible_en_cours_ROS2/ros_ws/install/commande_locale/share/commande_locale/msg/TacheFinieMsg.json\n'}
[0.786683] (commande_locale) StdoutLine: {'line': b'-- Up-to-date: /home/user/celluleflexible_en_cours_ROS2/ros_ws/install/commande_locale/share/commande_locale/msg/DeplacerPieceMsg.json\n'}
[0.786726] (commande_locale) StdoutLine: {'line': b'-- Up-to-date: /home/user/celluleflexible_en_cours_ROS2/ros_ws/install/commande_locale/share/commande_locale/msg/MsgChoixMode.json\n'}
[0.786954] (commande_locale) StdoutLine: {'line': b'-- Up-to-date: /home/user/celluleflexible_en_cours_ROS2/ros_ws/install/commande_locale/include/commande_locale/commande_locale\n'}
[0.786985] (commande_locale) StdoutLine: {'line': b'-- Up-to-date: /home/user/celluleflexible_en_cours_ROS2/ros_ws/install/commande_locale/include/commande_locale/commande_locale/msg\n'}
[0.787009] (commande_locale) StdoutLine: {'line': b'-- Up-to-date: /home/user/celluleflexible_en_cours_ROS2/ros_ws/install/commande_locale/include/commande_locale/commande_locale/msg/msg_choix_mode.h\n'}
[0.787071] (commande_locale) StdoutLine: {'line': b'-- Up-to-date: /home/user/celluleflexible_en_cours_ROS2/ros_ws/install/commande_locale/include/commande_locale/commande_locale/msg/msg_stop_control.h\n'}
[0.787100] (commande_locale) StdoutLine: {'line': b'-- Up-to-date: /home/user/celluleflexible_en_cours_ROS2/ros_ws/install/commande_locale/include/commande_locale/commande_locale/msg/rosidl_generator_c__visibility_control.h\n'}
[0.787159] (commande_locale) StdoutLine: {'line': b'-- Up-to-date: /home/user/celluleflexible_en_cours_ROS2/ros_ws/install/commande_locale/include/commande_locale/commande_locale/msg/msg_add_product.h\n'}
[0.787368] (commande_locale) StdoutLine: {'line': b'-- Up-to-date: /home/user/celluleflexible_en_cours_ROS2/ros_ws/install/commande_locale/include/commande_locale/commande_locale/msg/deplacer_piece_msg.h\n'}
[0.787471] (commande_locale) StdoutLine: {'line': b'-- Up-to-date: /home/user/celluleflexible_en_cours_ROS2/ros_ws/install/commande_locale/include/commande_locale/commande_locale/msg/msg_erreur.h\n'}
[0.787554] (commande_locale) StdoutLine: {'line': b'-- Up-to-date: /home/user/celluleflexible_en_cours_ROS2/ros_ws/install/commande_locale/include/commande_locale/commande_locale/msg/robot_joints.h\n'}
[0.787636] (commande_locale) StdoutLine: {'line': b'-- Up-to-date: /home/user/celluleflexible_en_cours_ROS2/ros_ws/install/commande_locale/include/commande_locale/commande_locale/msg/msg_pin_control.h\n'}
[0.787935] (commande_locale) StdoutLine: {'line': b'-- Up-to-date: /home/user/celluleflexible_en_cours_ROS2/ros_ws/install/commande_locale/include/commande_locale/commande_locale/msg/msg_switch_control.h\n'}
[0.788128] (commande_locale) StdoutLine: {'line': b'-- Up-to-date: /home/user/celluleflexible_en_cours_ROS2/ros_ws/install/commande_locale/include/commande_locale/commande_locale/msg/detail\n'}
[0.788381] (commande_locale) StdoutLine: {'line': b'-- Up-to-date: /home/user/celluleflexible_en_cours_ROS2/ros_ws/install/commande_locale/include/commande_locale/commande_locale/msg/detail/msg_pin_control__functions.h\n'}
[0.788617] (commande_locale) StdoutLine: {'line': b'-- Up-to-date: /home/user/celluleflexible_en_cours_ROS2/ros_ws/install/commande_locale/include/commande_locale/commande_locale/msg/detail/msg_choix_mode__functions.h\n'}
[0.788939] (commande_locale) StdoutLine: {'line': b'-- Up-to-date: /home/user/celluleflexible_en_cours_ROS2/ros_ws/install/commande_locale/include/commande_locale/commande_locale/msg/detail/msg_color__type_support.h\n'}
[0.789135] (commande_locale) StdoutLine: {'line': b'-- Up-to-date: /home/user/celluleflexible_en_cours_ROS2/ros_ws/install/commande_locale/include/commande_locale/commande_locale/msg/detail/msg_color__description.c\n'}
[0.789261] (commande_locale) StdoutLine: {'line': b'-- Up-to-date: /home/user/celluleflexible_en_cours_ROS2/ros_ws/install/commande_locale/include/commande_locale/commande_locale/msg/detail/msg_pin_control__functions.c\n'}
[0.789566] (commande_locale) StdoutLine: {'line': b'-- Up-to-date: /home/user/celluleflexible_en_cours_ROS2/ros_ws/install/commande_locale/include/commande_locale/commande_locale/msg/detail/msg_erreur__functions.h\n'}
[0.789855] (commande_locale) StdoutLine: {'line': b'-- Up-to-date: /home/user/celluleflexible_en_cours_ROS2/ros_ws/install/commande_locale/include/commande_locale/commande_locale/msg/detail/msg_stop_control__description.c\n'}
[0.790095] (commande_locale) StdoutLine: {'line': b'-- Installing: /home/user/celluleflexible_en_cours_ROS2/ros_ws/install/commande_locale/include/commande_locale/commande_locale/msg/detail/msg_switch_control__type_support.c\n'}
[0.790512] (commande_locale) StdoutLine: {'line': b'-- Up-to-date: /home/user/celluleflexible_en_cours_ROS2/ros_ws/install/commande_locale/include/commande_locale/commande_locale/msg/detail/robot_joints__type_support.h\n'}
[0.792202] (commande_locale) StdoutLine: {'line': b'-- Up-to-date: /home/user/celluleflexible_en_cours_ROS2/ros_ws/install/commande_locale/include/commande_locale/commande_locale/msg/detail/msg_switch_control__functions.h\n'}
[0.792288] (commande_locale) StdoutLine: {'line': b'-- Installing: /home/user/celluleflexible_en_cours_ROS2/ros_ws/install/commande_locale/include/commande_locale/commande_locale/msg/detail/msg_stop_control__type_support.c\n'}
[0.792559] (commande_locale) StdoutLine: {'line': b'-- Up-to-date: /home/user/celluleflexible_en_cours_ROS2/ros_ws/install/commande_locale/include/commande_locale/commande_locale/msg/detail/robot_joints__struct.h\n'}
[0.792660] (commande_locale) StdoutLine: {'line': b'-- Up-to-date: /home/user/celluleflexible_en_cours_ROS2/ros_ws/install/commande_locale/include/commande_locale/commande_locale/msg/detail/msg_erreur__type_support.h\n'}
[0.792731] (commande_locale) StdoutLine: {'line': b'-- Up-to-date: /home/user/celluleflexible_en_cours_ROS2/ros_ws/install/commande_locale/include/commande_locale/commande_locale/msg/detail/deplacer_piece_msg__type_support.c\n'}
[0.792799] (commande_locale) StdoutLine: {'line': b'-- Up-to-date: /home/user/celluleflexible_en_cours_ROS2/ros_ws/install/commande_locale/include/commande_locale/commande_locale/msg/detail/deplacer_piece_msg__struct.h\n'}
[0.792888] (commande_locale) StdoutLine: {'line': b'-- Up-to-date: /home/user/celluleflexible_en_cours_ROS2/ros_ws/install/commande_locale/include/commande_locale/commande_locale/msg/detail/msg_choix_mode__description.c\n'}
[0.792955] (commande_locale) StdoutLine: {'line': b'-- Up-to-date: /home/user/celluleflexible_en_cours_ROS2/ros_ws/install/commande_locale/include/commande_locale/commande_locale/msg/detail/msg_color__struct.h\n'}
[0.793033] (commande_locale) StdoutLine: {'line': b'-- Up-to-date: /home/user/celluleflexible_en_cours_ROS2/ros_ws/install/commande_locale/include/commande_locale/commande_locale/msg/detail/msg_erreur__struct.h\n'}
[0.793178] (commande_locale) StdoutLine: {'line': b'-- Up-to-date: /home/user/celluleflexible_en_cours_ROS2/ros_ws/install/commande_locale/include/commande_locale/commande_locale/msg/detail/msg_add_product__description.c\n'}
[0.793243] (commande_locale) StdoutLine: {'line': b'-- Up-to-date: /home/user/celluleflexible_en_cours_ROS2/ros_ws/install/commande_locale/include/commande_locale/commande_locale/msg/detail/deplacer_piece_msg__functions.h\n'}
[0.793270] (commande_locale) StdoutLine: {'line': b'-- Up-to-date: /home/user/celluleflexible_en_cours_ROS2/ros_ws/install/commande_locale/include/commande_locale/commande_locale/msg/detail/msg_switch_control__description.c\n'}
[0.793331] (commande_locale) StdoutLine: {'line': b'-- Up-to-date: /home/user/celluleflexible_en_cours_ROS2/ros_ws/install/commande_locale/include/commande_locale/commande_locale/msg/detail/msg_stop_control__type_support.h\n'}
[0.793397] (commande_locale) StdoutLine: {'line': b'-- Up-to-date: /home/user/celluleflexible_en_cours_ROS2/ros_ws/install/commande_locale/include/commande_locale/commande_locale/msg/detail/msg_switch_control__functions.c\n'}
[0.793460] (commande_locale) StdoutLine: {'line': b'-- Up-to-date: /home/user/celluleflexible_en_cours_ROS2/ros_ws/install/commande_locale/include/commande_locale/commande_locale/msg/detail/msg_erreur__functions.c\n'}
[0.793524] (commande_locale) StdoutLine: {'line': b'-- Up-to-date: /home/user/celluleflexible_en_cours_ROS2/ros_ws/install/commande_locale/include/commande_locale/commande_locale/msg/detail/msg_choix_mode__type_support.h\n'}
[0.793586] (commande_locale) StdoutLine: {'line': b'-- Up-to-date: /home/user/celluleflexible_en_cours_ROS2/ros_ws/install/commande_locale/include/commande_locale/commande_locale/msg/detail/msg_add_product__functions.c\n'}
[0.793670] (commande_locale) StdoutLine: {'line': b'-- Up-to-date: /home/user/celluleflexible_en_cours_ROS2/ros_ws/install/commande_locale/include/commande_locale/commande_locale/msg/detail/msg_choix_mode__functions.c\n'}
[0.793731] (commande_locale) StdoutLine: {'line': b'-- Up-to-date: /home/user/celluleflexible_en_cours_ROS2/ros_ws/install/commande_locale/include/commande_locale/commande_locale/msg/detail/msg_stop_control__functions.h\n'}
[0.793799] (commande_locale) StdoutLine: {'line': b'-- Installing: /home/user/celluleflexible_en_cours_ROS2/ros_ws/install/commande_locale/include/commande_locale/commande_locale/msg/detail/msg_color__type_support.c\n'}
[0.793868] (commande_locale) StdoutLine: {'line': b'-- Up-to-date: /home/user/celluleflexible_en_cours_ROS2/ros_ws/install/commande_locale/include/commande_locale/commande_locale/msg/detail/deplacer_piece_msg__type_support.h\n'}
[0.793896] (commande_locale) StdoutLine: {'line': b'-- Installing: /home/user/celluleflexible_en_cours_ROS2/ros_ws/install/commande_locale/include/commande_locale/commande_locale/msg/detail/msg_add_product__type_support.c\n'}
[0.794140] (commande_locale) StdoutLine: {'line': b'-- Installing: /home/user/celluleflexible_en_cours_ROS2/ros_ws/install/commande_locale/include/commande_locale/commande_locale/msg/detail/msg_choix_mode__type_support.c\n'}
[0.794171] (commande_locale) StdoutLine: {'line': b'-- Up-to-date: /home/user/celluleflexible_en_cours_ROS2/ros_ws/install/commande_locale/include/commande_locale/commande_locale/msg/detail/robot_joints__description.c\n'}
[0.794195] (commande_locale) StdoutLine: {'line': b'-- Up-to-date: /home/user/celluleflexible_en_cours_ROS2/ros_ws/install/commande_locale/include/commande_locale/commande_locale/msg/detail/robot_joints__functions.c\n'}
[0.794218] (commande_locale) StdoutLine: {'line': b'-- Installing: /home/user/celluleflexible_en_cours_ROS2/ros_ws/install/commande_locale/include/commande_locale/commande_locale/msg/detail/robot_joints__type_support.c\n'}
[0.794244] (commande_locale) StdoutLine: {'line': b'-- Up-to-date: /home/user/celluleflexible_en_cours_ROS2/ros_ws/install/commande_locale/include/commande_locale/commande_locale/msg/detail/msg_pin_control__description.c\n'}
[0.794266] (commande_locale) StdoutLine: {'line': b'-- Up-to-date: /home/user/celluleflexible_en_cours_ROS2/ros_ws/install/commande_locale/include/commande_locale/commande_locale/msg/detail/tache_finie_msg__struct.h\n'}
[0.794287] (commande_locale) StdoutLine: {'line': b'-- Up-to-date: /home/user/celluleflexible_en_cours_ROS2/ros_ws/install/commande_locale/include/commande_locale/commande_locale/msg/detail/msg_switch_control__struct.h\n'}
[0.794309] (commande_locale) StdoutLine: {'line': b'-- Up-to-date: /home/user/celluleflexible_en_cours_ROS2/ros_ws/install/commande_locale/include/commande_locale/commande_locale/msg/detail/msg_erreur__description.c\n'}
[0.794330] (commande_locale) StdoutLine: {'line': b'-- Up-to-date: /home/user/celluleflexible_en_cours_ROS2/ros_ws/install/commande_locale/include/commande_locale/commande_locale/msg/detail/tache_finie_msg__description.c\n'}
[0.794351] (commande_locale) StdoutLine: {'line': b'-- Up-to-date: /home/user/celluleflexible_en_cours_ROS2/ros_ws/install/commande_locale/include/commande_locale/commande_locale/msg/detail/deplacer_piece_msg__description.c\n'}
[0.794371] (commande_locale) StdoutLine: {'line': b'-- Up-to-date: /home/user/celluleflexible_en_cours_ROS2/ros_ws/install/commande_locale/include/commande_locale/commande_locale/msg/detail/msg_add_product__functions.h\n'}
[0.794392] (commande_locale) StdoutLine: {'line': b'-- Installing: /home/user/celluleflexible_en_cours_ROS2/ros_ws/install/commande_locale/include/commande_locale/commande_locale/msg/detail/msg_pin_control__type_support.c\n'}
[0.794415] (commande_locale) StdoutLine: {'line': b'-- Installing: /home/user/celluleflexible_en_cours_ROS2/ros_ws/install/commande_locale/include/commande_locale/commande_locale/msg/detail/msg_erreur__type_support.c\n'}
[0.794438] (commande_locale) StdoutLine: {'line': b'-- Up-to-date: /home/user/celluleflexible_en_cours_ROS2/ros_ws/install/commande_locale/include/commande_locale/commande_locale/msg/detail/msg_add_product__type_support.h\n'}
[0.794459] (commande_locale) StdoutLine: {'line': b'-- Up-to-date: /home/user/celluleflexible_en_cours_ROS2/ros_ws/install/commande_locale/include/commande_locale/commande_locale/msg/detail/msg_stop_control__struct.h\n'}
[0.794481] (commande_locale) StdoutLine: {'line': b'-- Up-to-date: /home/user/celluleflexible_en_cours_ROS2/ros_ws/install/commande_locale/include/commande_locale/commande_locale/msg/detail/msg_stop_control__functions.c\n'}
[0.794502] (commande_locale) StdoutLine: {'line': b'-- Up-to-date: /home/user/celluleflexible_en_cours_ROS2/ros_ws/install/commande_locale/include/commande_locale/commande_locale/msg/detail/msg_switch_control__type_support.h\n'}
[0.794523] (commande_locale) StdoutLine: {'line': b'-- Up-to-date: /home/user/celluleflexible_en_cours_ROS2/ros_ws/install/commande_locale/include/commande_locale/commande_locale/msg/detail/msg_pin_control__type_support.h\n'}
[0.794543] (commande_locale) StdoutLine: {'line': b'-- Up-to-date: /home/user/celluleflexible_en_cours_ROS2/ros_ws/install/commande_locale/include/commande_locale/commande_locale/msg/detail/robot_joints__functions.h\n'}
[0.794563] (commande_locale) StdoutLine: {'line': b'-- Up-to-date: /home/user/celluleflexible_en_cours_ROS2/ros_ws/install/commande_locale/include/commande_locale/commande_locale/msg/detail/deplacer_piece_msg__functions.c\n'}
[0.794583] (commande_locale) StdoutLine: {'line': b'-- Installing: /home/user/celluleflexible_en_cours_ROS2/ros_ws/install/commande_locale/include/commande_locale/commande_locale/msg/detail/tache_finie_msg__type_support.c\n'}
[0.794603] (commande_locale) StdoutLine: {'line': b'-- Up-to-date: /home/user/celluleflexible_en_cours_ROS2/ros_ws/install/commande_locale/include/commande_locale/commande_locale/msg/detail/msg_add_product__struct.h\n'}
[0.794622] (commande_locale) StdoutLine: {'line': b'-- Up-to-date: /home/user/celluleflexible_en_cours_ROS2/ros_ws/install/commande_locale/include/commande_locale/commande_locale/msg/detail/tache_finie_msg__functions.h\n'}
[0.794642] (commande_locale) StdoutLine: {'line': b'-- Up-to-date: /home/user/celluleflexible_en_cours_ROS2/ros_ws/install/commande_locale/include/commande_locale/commande_locale/msg/detail/msg_color__functions.h\n'}
[0.794662] (commande_locale) StdoutLine: {'line': b'-- Up-to-date: /home/user/celluleflexible_en_cours_ROS2/ros_ws/install/commande_locale/include/commande_locale/commande_locale/msg/detail/msg_choix_mode__struct.h\n'}
[0.794681] (commande_locale) StdoutLine: {'line': b'-- Up-to-date: /home/user/celluleflexible_en_cours_ROS2/ros_ws/install/commande_locale/include/commande_locale/commande_locale/msg/detail/msg_pin_control__struct.h\n'}
[0.794702] (commande_locale) StdoutLine: {'line': b'-- Up-to-date: /home/user/celluleflexible_en_cours_ROS2/ros_ws/install/commande_locale/include/commande_locale/commande_locale/msg/detail/tache_finie_msg__type_support.h\n'}
[0.794722] (commande_locale) StdoutLine: {'line': b'-- Up-to-date: /home/user/celluleflexible_en_cours_ROS2/ros_ws/install/commande_locale/include/commande_locale/commande_locale/msg/detail/msg_color__functions.c\n'}
[0.794742] (commande_locale) StdoutLine: {'line': b'-- Up-to-date: /home/user/celluleflexible_en_cours_ROS2/ros_ws/install/commande_locale/include/commande_locale/commande_locale/msg/detail/tache_finie_msg__functions.c\n'}
[0.794762] (commande_locale) StdoutLine: {'line': b'-- Up-to-date: /home/user/celluleflexible_en_cours_ROS2/ros_ws/install/commande_locale/include/commande_locale/commande_locale/msg/tache_finie_msg.h\n'}
[0.794782] (commande_locale) StdoutLine: {'line': b'-- Up-to-date: /home/user/celluleflexible_en_cours_ROS2/ros_ws/install/commande_locale/include/commande_locale/commande_locale/msg/msg_color.h\n'}
[0.794803] (commande_locale) StdoutLine: {'line': b'-- Up-to-date: /home/user/celluleflexible_en_cours_ROS2/ros_ws/install/commande_locale/include/commande_locale/commande_locale/srv\n'}
[0.794825] (commande_locale) StdoutLine: {'line': b'-- Up-to-date: /home/user/celluleflexible_en_cours_ROS2/ros_ws/install/commande_locale/include/commande_locale/commande_locale/srv/srv_fin_init.h\n'}
[0.794845] (commande_locale) StdoutLine: {'line': b'-- Up-to-date: /home/user/celluleflexible_en_cours_ROS2/ros_ws/install/commande_locale/include/commande_locale/commande_locale/srv/srv_add_product_push_back.h\n'}
[0.794865] (commande_locale) StdoutLine: {'line': b'-- Up-to-date: /home/user/celluleflexible_en_cours_ROS2/ros_ws/install/commande_locale/include/commande_locale/commande_locale/srv/srv_add_product.h\n'}
[0.794885] (commande_locale) StdoutLine: {'line': b'-- Up-to-date: /home/user/celluleflexible_en_cours_ROS2/ros_ws/install/commande_locale/include/commande_locale/commande_locale/srv/detail\n'}
[0.794903] (commande_locale) StdoutLine: {'line': b'-- Up-to-date: /home/user/celluleflexible_en_cours_ROS2/ros_ws/install/commande_locale/include/commande_locale/commande_locale/srv/detail/srv_fin_init__type_support.h\n'}
[0.794924] (commande_locale) StdoutLine: {'line': b'-- Installing: /home/user/celluleflexible_en_cours_ROS2/ros_ws/install/commande_locale/include/commande_locale/commande_locale/srv/detail/srv_add_product_push_back__type_support.c\n'}
[0.794950] (commande_locale) StdoutLine: {'line': b'-- Up-to-date: /home/user/celluleflexible_en_cours_ROS2/ros_ws/install/commande_locale/include/commande_locale/commande_locale/srv/detail/srv_add_product_push_back__description.c\n'}
[0.794970] (commande_locale) StdoutLine: {'line': b'-- Up-to-date: /home/user/celluleflexible_en_cours_ROS2/ros_ws/install/commande_locale/include/commande_locale/commande_locale/srv/detail/srv_add_product__struct.h\n'}
[0.794990] (commande_locale) StdoutLine: {'line': b'-- Up-to-date: /home/user/celluleflexible_en_cours_ROS2/ros_ws/install/commande_locale/include/commande_locale/commande_locale/srv/detail/srv_fin_init__type_support.c\n'}
[0.795010] (commande_locale) StdoutLine: {'line': b'-- Up-to-date: /home/user/celluleflexible_en_cours_ROS2/ros_ws/install/commande_locale/include/commande_locale/commande_locale/srv/detail/srv_add_product__type_support.h\n'}
[0.795029] (commande_locale) StdoutLine: {'line': b'-- Up-to-date: /home/user/celluleflexible_en_cours_ROS2/ros_ws/install/commande_locale/include/commande_locale/commande_locale/srv/detail/srv_fin_init__functions.c\n'}
[0.795048] (commande_locale) StdoutLine: {'line': b'-- Up-to-date: /home/user/celluleflexible_en_cours_ROS2/ros_ws/install/commande_locale/include/commande_locale/commande_locale/srv/detail/srv_add_product__description.c\n'}
[0.795067] (commande_locale) StdoutLine: {'line': b'-- Up-to-date: /home/user/celluleflexible_en_cours_ROS2/ros_ws/install/commande_locale/include/commande_locale/commande_locale/srv/detail/srv_add_product_push_back__functions.h\n'}
[0.795087] (commande_locale) StdoutLine: {'line': b'-- Up-to-date: /home/user/celluleflexible_en_cours_ROS2/ros_ws/install/commande_locale/include/commande_locale/commande_locale/srv/detail/srv_add_product__functions.c\n'}
[0.795107] (commande_locale) StdoutLine: {'line': b'-- Up-to-date: /home/user/celluleflexible_en_cours_ROS2/ros_ws/install/commande_locale/include/commande_locale/commande_locale/srv/detail/srv_fin_init__functions.h\n'}
[0.795126] (commande_locale) StdoutLine: {'line': b'-- Installing: /home/user/celluleflexible_en_cours_ROS2/ros_ws/install/commande_locale/include/commande_locale/commande_locale/srv/detail/srv_add_product__type_support.c\n'}
[0.795147] (commande_locale) StdoutLine: {'line': b'-- Up-to-date: /home/user/celluleflexible_en_cours_ROS2/ros_ws/install/commande_locale/include/commande_locale/commande_locale/srv/detail/srv_add_product_push_back__struct.h\n'}
[0.795168] (commande_locale) StdoutLine: {'line': b'-- Up-to-date: /home/user/celluleflexible_en_cours_ROS2/ros_ws/install/commande_locale/include/commande_locale/commande_locale/srv/detail/srv_fin_init__description.c\n'}
[0.795188] (commande_locale) StdoutLine: {'line': b'-- Up-to-date: /home/user/celluleflexible_en_cours_ROS2/ros_ws/install/commande_locale/include/commande_locale/commande_locale/srv/detail/srv_add_product_push_back__type_support.h\n'}
[0.795209] (commande_locale) StdoutLine: {'line': b'-- Up-to-date: /home/user/celluleflexible_en_cours_ROS2/ros_ws/install/commande_locale/include/commande_locale/commande_locale/srv/detail/srv_fin_init__struct.h\n'}
[0.795229] (commande_locale) StdoutLine: {'line': b'-- Up-to-date: /home/user/celluleflexible_en_cours_ROS2/ros_ws/install/commande_locale/include/commande_locale/commande_locale/srv/detail/srv_add_product_push_back__functions.c\n'}
[0.795248] (commande_locale) StdoutLine: {'line': b'-- Up-to-date: /home/user/celluleflexible_en_cours_ROS2/ros_ws/install/commande_locale/include/commande_locale/commande_locale/srv/detail/srv_add_product__functions.h\n'}
[0.795268] (commande_locale) StdoutLine: {'line': b'-- Up-to-date: /home/user/celluleflexible_en_cours_ROS2/ros_ws/install/commande_locale/share/commande_locale/environment/library_path.sh\n'}
[0.795288] (commande_locale) StdoutLine: {'line': b'-- Up-to-date: /home/user/celluleflexible_en_cours_ROS2/ros_ws/install/commande_locale/share/commande_locale/environment/library_path.dsv\n'}
[0.795307] (commande_locale) StdoutLine: {'line': b'-- Up-to-date: /home/user/celluleflexible_en_cours_ROS2/ros_ws/install/commande_locale/lib/libcommande_locale__rosidl_generator_c.so\n'}
[0.795326] (commande_locale) StdoutLine: {'line': b'-- Up-to-date: /home/user/celluleflexible_en_cours_ROS2/ros_ws/install/commande_locale/include/commande_locale/commande_locale\n'}
[0.795346] (commande_locale) StdoutLine: {'line': b'-- Up-to-date: /home/user/celluleflexible_en_cours_ROS2/ros_ws/install/commande_locale/include/commande_locale/commande_locale/msg\n'}
[0.795365] (commande_locale) StdoutLine: {'line': b'-- Up-to-date: /home/user/celluleflexible_en_cours_ROS2/ros_ws/install/commande_locale/include/commande_locale/commande_locale/msg/rosidl_typesupport_fastrtps_c__visibility_control.h\n'}
[0.795386] (commande_locale) StdoutLine: {'line': b'-- Up-to-date: /home/user/celluleflexible_en_cours_ROS2/ros_ws/install/commande_locale/include/commande_locale/commande_locale/msg/detail\n'}
[0.795405] (commande_locale) StdoutLine: {'line': b'-- Up-to-date: /home/user/celluleflexible_en_cours_ROS2/ros_ws/install/commande_locale/include/commande_locale/commande_locale/msg/detail/msg_erreur__rosidl_typesupport_fastrtps_c.h\n'}
[0.795425] (commande_locale) StdoutLine: {'line': b'-- Up-to-date: /home/user/celluleflexible_en_cours_ROS2/ros_ws/install/commande_locale/include/commande_locale/commande_locale/msg/detail/msg_color__rosidl_typesupport_fastrtps_c.h\n'}
[0.795448] (commande_locale) StdoutLine: {'line': b'-- Up-to-date: /home/user/celluleflexible_en_cours_ROS2/ros_ws/install/commande_locale/include/commande_locale/commande_locale/msg/detail/msg_choix_mode__rosidl_typesupport_fastrtps_c.h\n'}
[0.795469] (commande_locale) StdoutLine: {'line': b'-- Up-to-date: /home/user/celluleflexible_en_cours_ROS2/ros_ws/install/commande_locale/include/commande_locale/commande_locale/msg/detail/tache_finie_msg__rosidl_typesupport_fastrtps_c.h\n'}
[0.795489] (commande_locale) StdoutLine: {'line': b'-- Up-to-date: /home/user/celluleflexible_en_cours_ROS2/ros_ws/install/commande_locale/include/commande_locale/commande_locale/msg/detail/robot_joints__rosidl_typesupport_fastrtps_c.h\n'}
[0.795508] (commande_locale) StdoutLine: {'line': b'-- Up-to-date: /home/user/celluleflexible_en_cours_ROS2/ros_ws/install/commande_locale/include/commande_locale/commande_locale/msg/detail/msg_add_product__rosidl_typesupport_fastrtps_c.h\n'}
[0.795527] (commande_locale) StdoutLine: {'line': b'-- Up-to-date: /home/user/celluleflexible_en_cours_ROS2/ros_ws/install/commande_locale/include/commande_locale/commande_locale/msg/detail/deplacer_piece_msg__rosidl_typesupport_fastrtps_c.h\n'}
[0.795547] (commande_locale) StdoutLine: {'line': b'-- Up-to-date: /home/user/celluleflexible_en_cours_ROS2/ros_ws/install/commande_locale/include/commande_locale/commande_locale/msg/detail/msg_pin_control__rosidl_typesupport_fastrtps_c.h\n'}
[0.795596] (commande_locale) StdoutLine: {'line': b'-- Up-to-date: /home/user/celluleflexible_en_cours_ROS2/ros_ws/install/commande_locale/include/commande_locale/commande_locale/msg/detail/msg_stop_control__rosidl_typesupport_fastrtps_c.h\n'}
[0.795621] (commande_locale) StdoutLine: {'line': b'-- Up-to-date: /home/user/celluleflexible_en_cours_ROS2/ros_ws/install/commande_locale/include/commande_locale/commande_locale/msg/detail/msg_switch_control__rosidl_typesupport_fastrtps_c.h\n'}
[0.795643] (commande_locale) StdoutLine: {'line': b'-- Up-to-date: /home/user/celluleflexible_en_cours_ROS2/ros_ws/install/commande_locale/include/commande_locale/commande_locale/srv\n'}
[0.795665] (commande_locale) StdoutLine: {'line': b'-- Up-to-date: /home/user/celluleflexible_en_cours_ROS2/ros_ws/install/commande_locale/include/commande_locale/commande_locale/srv/detail\n'}
[0.795686] (commande_locale) StdoutLine: {'line': b'-- Up-to-date: /home/user/celluleflexible_en_cours_ROS2/ros_ws/install/commande_locale/include/commande_locale/commande_locale/srv/detail/srv_add_product_push_back__rosidl_typesupport_fastrtps_c.h\n'}
[0.795708] (commande_locale) StdoutLine: {'line': b'-- Up-to-date: /home/user/celluleflexible_en_cours_ROS2/ros_ws/install/commande_locale/include/commande_locale/commande_locale/srv/detail/srv_add_product__rosidl_typesupport_fastrtps_c.h\n'}
[0.795728] (commande_locale) StdoutLine: {'line': b'-- Up-to-date: /home/user/celluleflexible_en_cours_ROS2/ros_ws/install/commande_locale/include/commande_locale/commande_locale/srv/detail/srv_fin_init__rosidl_typesupport_fastrtps_c.h\n'}
[0.795748] (commande_locale) StdoutLine: {'line': b'-- Up-to-date: /home/user/celluleflexible_en_cours_ROS2/ros_ws/install/commande_locale/lib/libcommande_locale__rosidl_typesupport_fastrtps_c.so\n'}
[0.795768] (commande_locale) StdoutLine: {'line': b'-- Up-to-date: /home/user/celluleflexible_en_cours_ROS2/ros_ws/install/commande_locale/include/commande_locale/commande_locale\n'}
[0.795787] (commande_locale) StdoutLine: {'line': b'-- Up-to-date: /home/user/celluleflexible_en_cours_ROS2/ros_ws/install/commande_locale/include/commande_locale/commande_locale/msg\n'}
[0.795827] (commande_locale) StdoutLine: {'line': b'-- Up-to-date: /home/user/celluleflexible_en_cours_ROS2/ros_ws/install/commande_locale/include/commande_locale/commande_locale/msg/deplacer_piece_msg.hpp\n'}
[0.795853] (commande_locale) StdoutLine: {'line': b'-- Up-to-date: /home/user/celluleflexible_en_cours_ROS2/ros_ws/install/commande_locale/include/commande_locale/commande_locale/msg/msg_color.hpp\n'}
[0.795877] (commande_locale) StdoutLine: {'line': b'-- Up-to-date: /home/user/celluleflexible_en_cours_ROS2/ros_ws/install/commande_locale/include/commande_locale/commande_locale/msg/msg_pin_control.hpp\n'}
[0.795900] (commande_locale) StdoutLine: {'line': b'-- Up-to-date: /home/user/celluleflexible_en_cours_ROS2/ros_ws/install/commande_locale/include/commande_locale/commande_locale/msg/msg_switch_control.hpp\n'}
[0.795921] (commande_locale) StdoutLine: {'line': b'-- Up-to-date: /home/user/celluleflexible_en_cours_ROS2/ros_ws/install/commande_locale/include/commande_locale/commande_locale/msg/rosidl_generator_cpp__visibility_control.hpp\n'}
[0.795942] (commande_locale) StdoutLine: {'line': b'-- Up-to-date: /home/user/celluleflexible_en_cours_ROS2/ros_ws/install/commande_locale/include/commande_locale/commande_locale/msg/msg_stop_control.hpp\n'}
[0.795963] (commande_locale) StdoutLine: {'line': b'-- Up-to-date: /home/user/celluleflexible_en_cours_ROS2/ros_ws/install/commande_locale/include/commande_locale/commande_locale/msg/msg_choix_mode.hpp\n'}
[0.795983] (commande_locale) StdoutLine: {'line': b'-- Up-to-date: /home/user/celluleflexible_en_cours_ROS2/ros_ws/install/commande_locale/include/commande_locale/commande_locale/msg/robot_joints.hpp\n'}
[0.796003] (commande_locale) StdoutLine: {'line': b'-- Up-to-date: /home/user/celluleflexible_en_cours_ROS2/ros_ws/install/commande_locale/include/commande_locale/commande_locale/msg/tache_finie_msg.hpp\n'}
[0.796026] (commande_locale) StdoutLine: {'line': b'-- Up-to-date: /home/user/celluleflexible_en_cours_ROS2/ros_ws/install/commande_locale/include/commande_locale/commande_locale/msg/msg_add_product.hpp\n'}
[0.796046] (commande_locale) StdoutLine: {'line': b'-- Up-to-date: /home/user/celluleflexible_en_cours_ROS2/ros_ws/install/commande_locale/include/commande_locale/commande_locale/msg/detail\n'}
[0.796065] (commande_locale) StdoutLine: {'line': b'-- Up-to-date: /home/user/celluleflexible_en_cours_ROS2/ros_ws/install/commande_locale/include/commande_locale/commande_locale/msg/detail/msg_choix_mode__struct.hpp\n'}
[0.796084] (commande_locale) StdoutLine: {'line': b'-- Up-to-date: /home/user/celluleflexible_en_cours_ROS2/ros_ws/install/commande_locale/include/commande_locale/commande_locale/msg/detail/robot_joints__type_support.hpp\n'}
[0.796104] (commande_locale) StdoutLine: {'line': b'-- Up-to-date: /home/user/celluleflexible_en_cours_ROS2/ros_ws/install/commande_locale/include/commande_locale/commande_locale/msg/detail/msg_add_product__struct.hpp\n'}
[0.796124] (commande_locale) StdoutLine: {'line': b'-- Up-to-date: /home/user/celluleflexible_en_cours_ROS2/ros_ws/install/commande_locale/include/commande_locale/commande_locale/msg/detail/tache_finie_msg__struct.hpp\n'}
[0.796144] (commande_locale) StdoutLine: {'line': b'-- Up-to-date: /home/user/celluleflexible_en_cours_ROS2/ros_ws/install/commande_locale/include/commande_locale/commande_locale/msg/detail/robot_joints__builder.hpp\n'}
[0.796164] (commande_locale) StdoutLine: {'line': b'-- Up-to-date: /home/user/celluleflexible_en_cours_ROS2/ros_ws/install/commande_locale/include/commande_locale/commande_locale/msg/detail/msg_switch_control__struct.hpp\n'}
[0.796184] (commande_locale) StdoutLine: {'line': b'-- Up-to-date: /home/user/celluleflexible_en_cours_ROS2/ros_ws/install/commande_locale/include/commande_locale/commande_locale/msg/detail/msg_stop_control__traits.hpp\n'}
[0.796203] (commande_locale) StdoutLine: {'line': b'-- Up-to-date: /home/user/celluleflexible_en_cours_ROS2/ros_ws/install/commande_locale/include/commande_locale/commande_locale/msg/detail/msg_color__traits.hpp\n'}
[0.796223] (commande_locale) StdoutLine: {'line': b'-- Up-to-date: /home/user/celluleflexible_en_cours_ROS2/ros_ws/install/commande_locale/include/commande_locale/commande_locale/msg/detail/tache_finie_msg__type_support.hpp\n'}
[0.796244] (commande_locale) StdoutLine: {'line': b'-- Up-to-date: /home/user/celluleflexible_en_cours_ROS2/ros_ws/install/commande_locale/include/commande_locale/commande_locale/msg/detail/msg_pin_control__builder.hpp\n'}
[0.796264] (commande_locale) StdoutLine: {'line': b'-- Up-to-date: /home/user/celluleflexible_en_cours_ROS2/ros_ws/install/commande_locale/include/commande_locale/commande_locale/msg/detail/msg_switch_control__traits.hpp\n'}
[0.796284] (commande_locale) StdoutLine: {'line': b'-- Up-to-date: /home/user/celluleflexible_en_cours_ROS2/ros_ws/install/commande_locale/include/commande_locale/commande_locale/msg/detail/deplacer_piece_msg__builder.hpp\n'}
[0.796303] (commande_locale) StdoutLine: {'line': b'-- Up-to-date: /home/user/celluleflexible_en_cours_ROS2/ros_ws/install/commande_locale/include/commande_locale/commande_locale/msg/detail/msg_erreur__traits.hpp\n'}
[0.796323] (commande_locale) StdoutLine: {'line': b'-- Up-to-date: /home/user/celluleflexible_en_cours_ROS2/ros_ws/install/commande_locale/include/commande_locale/commande_locale/msg/detail/msg_add_product__builder.hpp\n'}
[0.796342] (commande_locale) StdoutLine: {'line': b'-- Up-to-date: /home/user/celluleflexible_en_cours_ROS2/ros_ws/install/commande_locale/include/commande_locale/commande_locale/msg/detail/msg_stop_control__struct.hpp\n'}
[0.796361] (commande_locale) StdoutLine: {'line': b'-- Up-to-date: /home/user/celluleflexible_en_cours_ROS2/ros_ws/install/commande_locale/include/commande_locale/commande_locale/msg/detail/tache_finie_msg__traits.hpp\n'}
[0.796381] (commande_locale) StdoutLine: {'line': b'-- Up-to-date: /home/user/celluleflexible_en_cours_ROS2/ros_ws/install/commande_locale/include/commande_locale/commande_locale/msg/detail/msg_choix_mode__traits.hpp\n'}
[0.796400] (commande_locale) StdoutLine: {'line': b'-- Up-to-date: /home/user/celluleflexible_en_cours_ROS2/ros_ws/install/commande_locale/include/commande_locale/commande_locale/msg/detail/msg_choix_mode__builder.hpp\n'}
[0.796419] (commande_locale) StdoutLine: {'line': b'-- Up-to-date: /home/user/celluleflexible_en_cours_ROS2/ros_ws/install/commande_locale/include/commande_locale/commande_locale/msg/detail/msg_erreur__struct.hpp\n'}
[0.796439] (commande_locale) StdoutLine: {'line': b'-- Up-to-date: /home/user/celluleflexible_en_cours_ROS2/ros_ws/install/commande_locale/include/commande_locale/commande_locale/msg/detail/msg_color__builder.hpp\n'}
[0.796459] (commande_locale) StdoutLine: {'line': b'-- Up-to-date: /home/user/celluleflexible_en_cours_ROS2/ros_ws/install/commande_locale/include/commande_locale/commande_locale/msg/detail/msg_erreur__type_support.hpp\n'}
[0.796480] (commande_locale) StdoutLine: {'line': b'-- Up-to-date: /home/user/celluleflexible_en_cours_ROS2/ros_ws/install/commande_locale/include/commande_locale/commande_locale/msg/detail/msg_add_product__type_support.hpp\n'}
[0.796502] (commande_locale) StdoutLine: {'line': b'-- Up-to-date: /home/user/celluleflexible_en_cours_ROS2/ros_ws/install/commande_locale/include/commande_locale/commande_locale/msg/detail/deplacer_piece_msg__traits.hpp\n'}
[0.796527] (commande_locale) StdoutLine: {'line': b'-- Up-to-date: /home/user/celluleflexible_en_cours_ROS2/ros_ws/install/commande_locale/include/commande_locale/commande_locale/msg/detail/deplacer_piece_msg__type_support.hpp\n'}
[0.796547] (commande_locale) StdoutLine: {'line': b'-- Up-to-date: /home/user/celluleflexible_en_cours_ROS2/ros_ws/install/commande_locale/include/commande_locale/commande_locale/msg/detail/msg_pin_control__struct.hpp\n'}
[0.796568] (commande_locale) StdoutLine: {'line': b'-- Up-to-date: /home/user/celluleflexible_en_cours_ROS2/ros_ws/install/commande_locale/include/commande_locale/commande_locale/msg/detail/robot_joints__struct.hpp\n'}
[0.796589] (commande_locale) StdoutLine: {'line': b'-- Up-to-date: /home/user/celluleflexible_en_cours_ROS2/ros_ws/install/commande_locale/include/commande_locale/commande_locale/msg/detail/deplacer_piece_msg__struct.hpp\n'}
[0.796609] (commande_locale) StdoutLine: {'line': b'-- Up-to-date: /home/user/celluleflexible_en_cours_ROS2/ros_ws/install/commande_locale/include/commande_locale/commande_locale/msg/detail/tache_finie_msg__builder.hpp\n'}
[0.796629] (commande_locale) StdoutLine: {'line': b'-- Up-to-date: /home/user/celluleflexible_en_cours_ROS2/ros_ws/install/commande_locale/include/commande_locale/commande_locale/msg/detail/msg_erreur__builder.hpp\n'}
[0.796650] (commande_locale) StdoutLine: {'line': b'-- Up-to-date: /home/user/celluleflexible_en_cours_ROS2/ros_ws/install/commande_locale/include/commande_locale/commande_locale/msg/detail/msg_switch_control__type_support.hpp\n'}
[0.796670] (commande_locale) StdoutLine: {'line': b'-- Up-to-date: /home/user/celluleflexible_en_cours_ROS2/ros_ws/install/commande_locale/include/commande_locale/commande_locale/msg/detail/robot_joints__traits.hpp\n'}
[0.796689] (commande_locale) StdoutLine: {'line': b'-- Up-to-date: /home/user/celluleflexible_en_cours_ROS2/ros_ws/install/commande_locale/include/commande_locale/commande_locale/msg/detail/msg_pin_control__traits.hpp\n'}
[0.796710] (commande_locale) StdoutLine: {'line': b'-- Up-to-date: /home/user/celluleflexible_en_cours_ROS2/ros_ws/install/commande_locale/include/commande_locale/commande_locale/msg/detail/msg_add_product__traits.hpp\n'}
[0.796729] (commande_locale) StdoutLine: {'line': b'-- Up-to-date: /home/user/celluleflexible_en_cours_ROS2/ros_ws/install/commande_locale/include/commande_locale/commande_locale/msg/detail/msg_choix_mode__type_support.hpp\n'}
[0.796748] (commande_locale) StdoutLine: {'line': b'-- Up-to-date: /home/user/celluleflexible_en_cours_ROS2/ros_ws/install/commande_locale/include/commande_locale/commande_locale/msg/detail/msg_stop_control__type_support.hpp\n'}
[0.796767] (commande_locale) StdoutLine: {'line': b'-- Up-to-date: /home/user/celluleflexible_en_cours_ROS2/ros_ws/install/commande_locale/include/commande_locale/commande_locale/msg/detail/msg_switch_control__builder.hpp\n'}
[0.796786] (commande_locale) StdoutLine: {'line': b'-- Up-to-date: /home/user/celluleflexible_en_cours_ROS2/ros_ws/install/commande_locale/include/commande_locale/commande_locale/msg/detail/msg_stop_control__builder.hpp\n'}
[0.796806] (commande_locale) StdoutLine: {'line': b'-- Up-to-date: /home/user/celluleflexible_en_cours_ROS2/ros_ws/install/commande_locale/include/commande_locale/commande_locale/msg/detail/msg_color__type_support.hpp\n'}
[0.796827] (commande_locale) StdoutLine: {'line': b'-- Up-to-date: /home/user/celluleflexible_en_cours_ROS2/ros_ws/install/commande_locale/include/commande_locale/commande_locale/msg/detail/msg_pin_control__type_support.hpp\n'}
[0.796849] (commande_locale) StdoutLine: {'line': b'-- Up-to-date: /home/user/celluleflexible_en_cours_ROS2/ros_ws/install/commande_locale/include/commande_locale/commande_locale/msg/detail/msg_color__struct.hpp\n'}
[0.796870] (commande_locale) StdoutLine: {'line': b'-- Up-to-date: /home/user/celluleflexible_en_cours_ROS2/ros_ws/install/commande_locale/include/commande_locale/commande_locale/msg/msg_erreur.hpp\n'}
[0.796890] (commande_locale) StdoutLine: {'line': b'-- Up-to-date: /home/user/celluleflexible_en_cours_ROS2/ros_ws/install/commande_locale/include/commande_locale/commande_locale/srv\n'}
[0.796910] (commande_locale) StdoutLine: {'line': b'-- Up-to-date: /home/user/celluleflexible_en_cours_ROS2/ros_ws/install/commande_locale/include/commande_locale/commande_locale/srv/srv_add_product.hpp\n'}
[0.796931] (commande_locale) StdoutLine: {'line': b'-- Up-to-date: /home/user/celluleflexible_en_cours_ROS2/ros_ws/install/commande_locale/include/commande_locale/commande_locale/srv/srv_add_product_push_back.hpp\n'}
[0.796952] (commande_locale) StdoutLine: {'line': b'-- Up-to-date: /home/user/celluleflexible_en_cours_ROS2/ros_ws/install/commande_locale/include/commande_locale/commande_locale/srv/srv_fin_init.hpp\n'}
[0.796972] (commande_locale) StdoutLine: {'line': b'-- Up-to-date: /home/user/celluleflexible_en_cours_ROS2/ros_ws/install/commande_locale/include/commande_locale/commande_locale/srv/detail\n'}
[0.796991] (commande_locale) StdoutLine: {'line': b'-- Up-to-date: /home/user/celluleflexible_en_cours_ROS2/ros_ws/install/commande_locale/include/commande_locale/commande_locale/srv/detail/srv_add_product_push_back__builder.hpp\n'}
[0.797011] (commande_locale) StdoutLine: {'line': b'-- Up-to-date: /home/user/celluleflexible_en_cours_ROS2/ros_ws/install/commande_locale/include/commande_locale/commande_locale/srv/detail/srv_fin_init__builder.hpp\n'}
[0.797036] (commande_locale) StdoutLine: {'line': b'-- Up-to-date: /home/user/celluleflexible_en_cours_ROS2/ros_ws/install/commande_locale/include/commande_locale/commande_locale/srv/detail/srv_add_product__struct.hpp\n'}
[0.797056] (commande_locale) StdoutLine: {'line': b'-- Up-to-date: /home/user/celluleflexible_en_cours_ROS2/ros_ws/install/commande_locale/include/commande_locale/commande_locale/srv/detail/srv_fin_init__traits.hpp\n'}
[0.797077] (commande_locale) StdoutLine: {'line': b'-- Up-to-date: /home/user/celluleflexible_en_cours_ROS2/ros_ws/install/commande_locale/include/commande_locale/commande_locale/srv/detail/srv_add_product__type_support.hpp\n'}
[0.797097] (commande_locale) StdoutLine: {'line': b'-- Up-to-date: /home/user/celluleflexible_en_cours_ROS2/ros_ws/install/commande_locale/include/commande_locale/commande_locale/srv/detail/srv_add_product_push_back__struct.hpp\n'}
[0.797117] (commande_locale) StdoutLine: {'line': b'-- Up-to-date: /home/user/celluleflexible_en_cours_ROS2/ros_ws/install/commande_locale/include/commande_locale/commande_locale/srv/detail/srv_add_product_push_back__traits.hpp\n'}
[0.797137] (commande_locale) StdoutLine: {'line': b'-- Up-to-date: /home/user/celluleflexible_en_cours_ROS2/ros_ws/install/commande_locale/include/commande_locale/commande_locale/srv/detail/srv_fin_init__type_support.hpp\n'}
[0.797158] (commande_locale) StdoutLine: {'line': b'-- Up-to-date: /home/user/celluleflexible_en_cours_ROS2/ros_ws/install/commande_locale/include/commande_locale/commande_locale/srv/detail/srv_add_product__builder.hpp\n'}
[0.797177] (commande_locale) StdoutLine: {'line': b'-- Up-to-date: /home/user/celluleflexible_en_cours_ROS2/ros_ws/install/commande_locale/include/commande_locale/commande_locale/srv/detail/srv_fin_init__struct.hpp\n'}
[0.797198] (commande_locale) StdoutLine: {'line': b'-- Up-to-date: /home/user/celluleflexible_en_cours_ROS2/ros_ws/install/commande_locale/include/commande_locale/commande_locale/srv/detail/srv_add_product__traits.hpp\n'}
[0.797219] (commande_locale) StdoutLine: {'line': b'-- Up-to-date: /home/user/celluleflexible_en_cours_ROS2/ros_ws/install/commande_locale/include/commande_locale/commande_locale/srv/detail/srv_add_product_push_back__type_support.hpp\n'}
[0.797241] (commande_locale) StdoutLine: {'line': b'-- Up-to-date: /home/user/celluleflexible_en_cours_ROS2/ros_ws/install/commande_locale/include/commande_locale/commande_locale\n'}
[0.797262] (commande_locale) StdoutLine: {'line': b'-- Up-to-date: /home/user/celluleflexible_en_cours_ROS2/ros_ws/install/commande_locale/include/commande_locale/commande_locale/msg\n'}
[0.797283] (commande_locale) StdoutLine: {'line': b'-- Up-to-date: /home/user/celluleflexible_en_cours_ROS2/ros_ws/install/commande_locale/include/commande_locale/commande_locale/msg/detail\n'}
[0.797303] (commande_locale) StdoutLine: {'line': b'-- Up-to-date: /home/user/celluleflexible_en_cours_ROS2/ros_ws/install/commande_locale/include/commande_locale/commande_locale/msg/detail/msg_pin_control__rosidl_typesupport_fastrtps_cpp.hpp\n'}
[0.797323] (commande_locale) StdoutLine: {'line': b'-- Up-to-date: /home/user/celluleflexible_en_cours_ROS2/ros_ws/install/commande_locale/include/commande_locale/commande_locale/msg/detail/tache_finie_msg__rosidl_typesupport_fastrtps_cpp.hpp\n'}
[0.797344] (commande_locale) StdoutLine: {'line': b'-- Up-to-date: /home/user/celluleflexible_en_cours_ROS2/ros_ws/install/commande_locale/include/commande_locale/commande_locale/msg/detail/msg_switch_control__rosidl_typesupport_fastrtps_cpp.hpp\n'}
[0.797363] (commande_locale) StdoutLine: {'line': b'-- Up-to-date: /home/user/celluleflexible_en_cours_ROS2/ros_ws/install/commande_locale/include/commande_locale/commande_locale/msg/detail/dds_fastrtps\n'}
[0.797382] (commande_locale) StdoutLine: {'line': b'-- Up-to-date: /home/user/celluleflexible_en_cours_ROS2/ros_ws/install/commande_locale/include/commande_locale/commande_locale/msg/detail/msg_erreur__rosidl_typesupport_fastrtps_cpp.hpp\n'}
[0.797402] (commande_locale) StdoutLine: {'line': b'-- Up-to-date: /home/user/celluleflexible_en_cours_ROS2/ros_ws/install/commande_locale/include/commande_locale/commande_locale/msg/detail/robot_joints__rosidl_typesupport_fastrtps_cpp.hpp\n'}
[0.797422] (commande_locale) StdoutLine: {'line': b'-- Up-to-date: /home/user/celluleflexible_en_cours_ROS2/ros_ws/install/commande_locale/include/commande_locale/commande_locale/msg/detail/msg_add_product__rosidl_typesupport_fastrtps_cpp.hpp\n'}
[0.797442] (commande_locale) StdoutLine: {'line': b'-- Up-to-date: /home/user/celluleflexible_en_cours_ROS2/ros_ws/install/commande_locale/include/commande_locale/commande_locale/msg/detail/msg_stop_control__rosidl_typesupport_fastrtps_cpp.hpp\n'}
[0.797461] (commande_locale) StdoutLine: {'line': b'-- Up-to-date: /home/user/celluleflexible_en_cours_ROS2/ros_ws/install/commande_locale/include/commande_locale/commande_locale/msg/detail/msg_color__rosidl_typesupport_fastrtps_cpp.hpp\n'}
[0.797480] (commande_locale) StdoutLine: {'line': b'-- Up-to-date: /home/user/celluleflexible_en_cours_ROS2/ros_ws/install/commande_locale/include/commande_locale/commande_locale/msg/detail/msg_choix_mode__rosidl_typesupport_fastrtps_cpp.hpp\n'}
[0.797499] (commande_locale) StdoutLine: {'line': b'-- Up-to-date: /home/user/celluleflexible_en_cours_ROS2/ros_ws/install/commande_locale/include/commande_locale/commande_locale/msg/detail/deplacer_piece_msg__rosidl_typesupport_fastrtps_cpp.hpp\n'}
[0.797521] (commande_locale) StdoutLine: {'line': b'-- Up-to-date: /home/user/celluleflexible_en_cours_ROS2/ros_ws/install/commande_locale/include/commande_locale/commande_locale/msg/rosidl_typesupport_fastrtps_cpp__visibility_control.h\n'}
[0.797540] (commande_locale) StdoutLine: {'line': b'-- Up-to-date: /home/user/celluleflexible_en_cours_ROS2/ros_ws/install/commande_locale/include/commande_locale/commande_locale/srv\n'}
[0.797560] (commande_locale) StdoutLine: {'line': b'-- Up-to-date: /home/user/celluleflexible_en_cours_ROS2/ros_ws/install/commande_locale/include/commande_locale/commande_locale/srv/detail\n'}
[0.797582] (commande_locale) StdoutLine: {'line': b'-- Up-to-date: /home/user/celluleflexible_en_cours_ROS2/ros_ws/install/commande_locale/include/commande_locale/commande_locale/srv/detail/srv_fin_init__rosidl_typesupport_fastrtps_cpp.hpp\n'}
[0.797601] (commande_locale) StdoutLine: {'line': b'-- Up-to-date: /home/user/celluleflexible_en_cours_ROS2/ros_ws/install/commande_locale/include/commande_locale/commande_locale/srv/detail/srv_add_product__rosidl_typesupport_fastrtps_cpp.hpp\n'}
[0.797620] (commande_locale) StdoutLine: {'line': b'-- Up-to-date: /home/user/celluleflexible_en_cours_ROS2/ros_ws/install/commande_locale/include/commande_locale/commande_locale/srv/detail/srv_add_product_push_back__rosidl_typesupport_fastrtps_cpp.hpp\n'}
[0.797640] (commande_locale) StdoutLine: {'line': b'-- Up-to-date: /home/user/celluleflexible_en_cours_ROS2/ros_ws/install/commande_locale/include/commande_locale/commande_locale/srv/detail/dds_fastrtps\n'}
[0.797661] (commande_locale) StdoutLine: {'line': b'-- Up-to-date: /home/user/celluleflexible_en_cours_ROS2/ros_ws/install/commande_locale/lib/libcommande_locale__rosidl_typesupport_fastrtps_cpp.so\n'}
[0.797680] (commande_locale) StdoutLine: {'line': b'-- Up-to-date: /home/user/celluleflexible_en_cours_ROS2/ros_ws/install/commande_locale/include/commande_locale/commande_locale\n'}
[0.797698] (commande_locale) StdoutLine: {'line': b'-- Up-to-date: /home/user/celluleflexible_en_cours_ROS2/ros_ws/install/commande_locale/include/commande_locale/commande_locale/msg\n'}
[0.797717] (commande_locale) StdoutLine: {'line': b'-- Up-to-date: /home/user/celluleflexible_en_cours_ROS2/ros_ws/install/commande_locale/include/commande_locale/commande_locale/msg/rosidl_typesupport_introspection_c__visibility_control.h\n'}
[0.797736] (commande_locale) StdoutLine: {'line': b'-- Up-to-date: /home/user/celluleflexible_en_cours_ROS2/ros_ws/install/commande_locale/include/commande_locale/commande_locale/msg/detail\n'}
[0.797754] (commande_locale) StdoutLine: {'line': b'-- Up-to-date: /home/user/celluleflexible_en_cours_ROS2/ros_ws/install/commande_locale/include/commande_locale/commande_locale/msg/detail/msg_stop_control__rosidl_typesupport_introspection_c.h\n'}
[0.797774] (commande_locale) StdoutLine: {'line': b'-- Up-to-date: /home/user/celluleflexible_en_cours_ROS2/ros_ws/install/commande_locale/include/commande_locale/commande_locale/msg/detail/msg_color__rosidl_typesupport_introspection_c.h\n'}
[0.797794] (commande_locale) StdoutLine: {'line': b'-- Up-to-date: /home/user/celluleflexible_en_cours_ROS2/ros_ws/install/commande_locale/include/commande_locale/commande_locale/msg/detail/msg_add_product__rosidl_typesupport_introspection_c.h\n'}
[0.797835] (commande_locale) StdoutLine: {'line': b'-- Up-to-date: /home/user/celluleflexible_en_cours_ROS2/ros_ws/install/commande_locale/include/commande_locale/commande_locale/msg/detail/tache_finie_msg__rosidl_typesupport_introspection_c.h\n'}
[0.797861] (commande_locale) StdoutLine: {'line': b'-- Installing: /home/user/celluleflexible_en_cours_ROS2/ros_ws/install/commande_locale/include/commande_locale/commande_locale/msg/detail/msg_switch_control__type_support.c\n'}
[0.797884] (commande_locale) StdoutLine: {'line': b'-- Installing: /home/user/celluleflexible_en_cours_ROS2/ros_ws/install/commande_locale/include/commande_locale/commande_locale/msg/detail/msg_stop_control__type_support.c\n'}
[0.797906] (commande_locale) StdoutLine: {'line': b'-- Up-to-date: /home/user/celluleflexible_en_cours_ROS2/ros_ws/install/commande_locale/include/commande_locale/commande_locale/msg/detail/deplacer_piece_msg__type_support.c\n'}
[0.797927] (commande_locale) StdoutLine: {'line': b'-- Up-to-date: /home/user/celluleflexible_en_cours_ROS2/ros_ws/install/commande_locale/include/commande_locale/commande_locale/msg/detail/msg_pin_control__rosidl_typesupport_introspection_c.h\n'}
[0.797948] (commande_locale) StdoutLine: {'line': b'-- Up-to-date: /home/user/celluleflexible_en_cours_ROS2/ros_ws/install/commande_locale/include/commande_locale/commande_locale/msg/detail/deplacer_piece_msg__rosidl_typesupport_introspection_c.h\n'}
[0.797968] (commande_locale) StdoutLine: {'line': b'-- Up-to-date: /home/user/celluleflexible_en_cours_ROS2/ros_ws/install/commande_locale/include/commande_locale/commande_locale/msg/detail/msg_switch_control__rosidl_typesupport_introspection_c.h\n'}
[0.797988] (commande_locale) StdoutLine: {'line': b'-- Up-to-date: /home/user/celluleflexible_en_cours_ROS2/ros_ws/install/commande_locale/include/commande_locale/commande_locale/msg/detail/robot_joints__rosidl_typesupport_introspection_c.h\n'}
[0.798009] (commande_locale) StdoutLine: {'line': b'-- Installing: /home/user/celluleflexible_en_cours_ROS2/ros_ws/install/commande_locale/include/commande_locale/commande_locale/msg/detail/msg_color__type_support.c\n'}
[0.798032] (commande_locale) StdoutLine: {'line': b'-- Installing: /home/user/celluleflexible_en_cours_ROS2/ros_ws/install/commande_locale/include/commande_locale/commande_locale/msg/detail/msg_add_product__type_support.c\n'}
[0.798051] (commande_locale) StdoutLine: {'line': b'-- Installing: /home/user/celluleflexible_en_cours_ROS2/ros_ws/install/commande_locale/include/commande_locale/commande_locale/msg/detail/msg_choix_mode__type_support.c\n'}
[0.798071] (commande_locale) StdoutLine: {'line': b'-- Up-to-date: /home/user/celluleflexible_en_cours_ROS2/ros_ws/install/commande_locale/include/commande_locale/commande_locale/msg/detail/msg_choix_mode__rosidl_typesupport_introspection_c.h\n'}
[0.798091] (commande_locale) StdoutLine: {'line': b'-- Installing: /home/user/celluleflexible_en_cours_ROS2/ros_ws/install/commande_locale/include/commande_locale/commande_locale/msg/detail/robot_joints__type_support.c\n'}
[0.798110] (commande_locale) StdoutLine: {'line': b'-- Installing: /home/user/celluleflexible_en_cours_ROS2/ros_ws/install/commande_locale/include/commande_locale/commande_locale/msg/detail/msg_pin_control__type_support.c\n'}
[0.798131] (commande_locale) StdoutLine: {'line': b'-- Installing: /home/user/celluleflexible_en_cours_ROS2/ros_ws/install/commande_locale/include/commande_locale/commande_locale/msg/detail/msg_erreur__type_support.c\n'}
[0.798153] (shuttles) StdoutLine: {'line': b'-- Install configuration: ""\n'}
[0.798180] (shuttles) StdoutLine: {'line': b'-- Up-to-date: /home/user/celluleflexible_en_cours_ROS2/ros_ws/install/shuttles/share/ament_index/resource_index/rosidl_interfaces/shuttles\n'}
[0.798201] (shuttles) StdoutLine: {'line': b'-- Up-to-date: /home/user/celluleflexible_en_cours_ROS2/ros_ws/install/shuttles/share/shuttles/msg/MsgShuttleChange.json\n'}
[0.798222] (shuttles) StdoutLine: {'line': b'-- Up-to-date: /home/user/celluleflexible_en_cours_ROS2/ros_ws/install/shuttles/share/shuttles/msg/MsgShuttleCreate.json\n'}
[0.798242] (shuttles) StdoutLine: {'line': b'-- Up-to-date: /home/user/celluleflexible_en_cours_ROS2/ros_ws/install/shuttles/share/shuttles/msg/MsgErreur.json\n'}
[0.798262] (shuttles) StdoutLine: {'line': b'-- Up-to-date: /home/user/celluleflexible_en_cours_ROS2/ros_ws/install/shuttles/share/shuttles/srv/ShuttleId.json\n'}
[0.798282] (shuttles) StdoutLine: {'line': b'-- Up-to-date: /home/user/celluleflexible_en_cours_ROS2/ros_ws/install/shuttles/include/shuttles/shuttles\n'}
[0.798303] (shuttles) StdoutLine: {'line': b'-- Up-to-date: /home/user/celluleflexible_en_cours_ROS2/ros_ws/install/shuttles/include/shuttles/shuttles/msg\n'}
[0.798322] (shuttles) StdoutLine: {'line': b'-- Up-to-date: /home/user/celluleflexible_en_cours_ROS2/ros_ws/install/shuttles/include/shuttles/shuttles/msg/msg_shuttle_create.h\n'}
[0.798342] (shuttles) StdoutLine: {'line': b'-- Up-to-date: /home/user/celluleflexible_en_cours_ROS2/ros_ws/install/shuttles/include/shuttles/shuttles/msg/msg_shuttle_change.h\n'}
[0.798362] (shuttles) StdoutLine: {'line': b'-- Up-to-date: /home/user/celluleflexible_en_cours_ROS2/ros_ws/install/shuttles/include/shuttles/shuttles/msg/rosidl_generator_c__visibility_control.h\n'}
[0.798381] (shuttles) StdoutLine: {'line': b'-- Up-to-date: /home/user/celluleflexible_en_cours_ROS2/ros_ws/install/shuttles/include/shuttles/shuttles/msg/msg_erreur.h\n'}
[0.798401] (shuttles) StdoutLine: {'line': b'-- Up-to-date: /home/user/celluleflexible_en_cours_ROS2/ros_ws/install/shuttles/include/shuttles/shuttles/msg/detail\n'}
[0.798420] (shuttles) StdoutLine: {'line': b'-- Up-to-date: /home/user/celluleflexible_en_cours_ROS2/ros_ws/install/shuttles/include/shuttles/shuttles/msg/detail/msg_shuttle_change__functions.h\n'}
[0.798440] (shuttles) StdoutLine: {'line': b'-- Up-to-date: /home/user/celluleflexible_en_cours_ROS2/ros_ws/install/shuttles/include/shuttles/shuttles/msg/detail/msg_erreur__functions.h\n'}
[0.798460] (shuttles) StdoutLine: {'line': b'-- Up-to-date: /home/user/celluleflexible_en_cours_ROS2/ros_ws/install/shuttles/include/shuttles/shuttles/msg/detail/msg_shuttle_create__functions.c\n'}
[0.798481] (shuttles) StdoutLine: {'line': b'-- Up-to-date: /home/user/celluleflexible_en_cours_ROS2/ros_ws/install/shuttles/include/shuttles/shuttles/msg/detail/msg_shuttle_create__type_support.c\n'}
[0.798500] (shuttles) StdoutLine: {'line': b'-- Up-to-date: /home/user/celluleflexible_en_cours_ROS2/ros_ws/install/shuttles/include/shuttles/shuttles/msg/detail/msg_shuttle_create__struct.h\n'}
[0.798519] (shuttles) StdoutLine: {'line': b'-- Up-to-date: /home/user/celluleflexible_en_cours_ROS2/ros_ws/install/shuttles/include/shuttles/shuttles/msg/detail/msg_erreur__type_support.h\n'}
[0.798537] (shuttles) StdoutLine: {'line': b'-- Up-to-date: /home/user/celluleflexible_en_cours_ROS2/ros_ws/install/shuttles/include/shuttles/shuttles/msg/detail/msg_shuttle_change__struct.h\n'}
[0.798557] (shuttles) StdoutLine: {'line': b'-- Up-to-date: /home/user/celluleflexible_en_cours_ROS2/ros_ws/install/shuttles/include/shuttles/shuttles/msg/detail/msg_erreur__struct.h\n'}
[0.798576] (shuttles) StdoutLine: {'line': b'-- Up-to-date: /home/user/celluleflexible_en_cours_ROS2/ros_ws/install/shuttles/include/shuttles/shuttles/msg/detail/msg_shuttle_change__description.c\n'}
[0.798596] (shuttles) StdoutLine: {'line': b'-- Up-to-date: /home/user/celluleflexible_en_cours_ROS2/ros_ws/install/shuttles/include/shuttles/shuttles/msg/detail/msg_erreur__functions.c\n'}
[0.798624] (shuttles) StdoutLine: {'line': b'-- Up-to-date: /home/user/celluleflexible_en_cours_ROS2/ros_ws/install/shuttles/include/shuttles/shuttles/msg/detail/msg_shuttle_create__description.c\n'}
[0.798646] (shuttles) StdoutLine: {'line': b'-- Up-to-date: /home/user/celluleflexible_en_cours_ROS2/ros_ws/install/shuttles/include/shuttles/shuttles/msg/detail/msg_shuttle_change__type_support.c\n'}
[0.798666] (shuttles) StdoutLine: {'line': b'-- Up-to-date: /home/user/celluleflexible_en_cours_ROS2/ros_ws/install/shuttles/include/shuttles/shuttles/msg/detail/msg_erreur__description.c\n'}
[0.798685] (shuttles) StdoutLine: {'line': b'-- Up-to-date: /home/user/celluleflexible_en_cours_ROS2/ros_ws/install/shuttles/include/shuttles/shuttles/msg/detail/msg_erreur__type_support.c\n'}
[0.798704] (shuttles) StdoutLine: {'line': b'-- Up-to-date: /home/user/celluleflexible_en_cours_ROS2/ros_ws/install/shuttles/include/shuttles/shuttles/msg/detail/msg_shuttle_change__type_support.h\n'}
[0.798723] (shuttles) StdoutLine: {'line': b'-- Up-to-date: /home/user/celluleflexible_en_cours_ROS2/ros_ws/install/shuttles/include/shuttles/shuttles/msg/detail/msg_shuttle_create__functions.h\n'}
[0.798742] (shuttles) StdoutLine: {'line': b'-- Up-to-date: /home/user/celluleflexible_en_cours_ROS2/ros_ws/install/shuttles/include/shuttles/shuttles/msg/detail/msg_shuttle_create__type_support.h\n'}
[0.798762] (shuttles) StdoutLine: {'line': b'-- Up-to-date: /home/user/celluleflexible_en_cours_ROS2/ros_ws/install/shuttles/include/shuttles/shuttles/msg/detail/msg_shuttle_change__functions.c\n'}
[0.798781] (shuttles) StdoutLine: {'line': b'-- Up-to-date: /home/user/celluleflexible_en_cours_ROS2/ros_ws/install/shuttles/include/shuttles/shuttles/srv\n'}
[0.798800] (shuttles) StdoutLine: {'line': b'-- Up-to-date: /home/user/celluleflexible_en_cours_ROS2/ros_ws/install/shuttles/include/shuttles/shuttles/srv/shuttle_id.h\n'}
[0.798819] (shuttles) StdoutLine: {'line': b'-- Up-to-date: /home/user/celluleflexible_en_cours_ROS2/ros_ws/install/shuttles/include/shuttles/shuttles/srv/detail\n'}
[0.798838] (shuttles) StdoutLine: {'line': b'-- Up-to-date: /home/user/celluleflexible_en_cours_ROS2/ros_ws/install/shuttles/include/shuttles/shuttles/srv/detail/shuttle_id__type_support.c\n'}
[0.798857] (shuttles) StdoutLine: {'line': b'-- Up-to-date: /home/user/celluleflexible_en_cours_ROS2/ros_ws/install/shuttles/include/shuttles/shuttles/srv/detail/shuttle_id__struct.h\n'}
[0.798876] (shuttles) StdoutLine: {'line': b'-- Up-to-date: /home/user/celluleflexible_en_cours_ROS2/ros_ws/install/shuttles/include/shuttles/shuttles/srv/detail/shuttle_id__functions.c\n'}
[0.798894] (shuttles) StdoutLine: {'line': b'-- Up-to-date: /home/user/celluleflexible_en_cours_ROS2/ros_ws/install/shuttles/include/shuttles/shuttles/srv/detail/shuttle_id__functions.h\n'}
[0.798913] (shuttles) StdoutLine: {'line': b'-- Up-to-date: /home/user/celluleflexible_en_cours_ROS2/ros_ws/install/shuttles/include/shuttles/shuttles/srv/detail/shuttle_id__type_support.h\n'}
[0.798932] (shuttles) StdoutLine: {'line': b'-- Up-to-date: /home/user/celluleflexible_en_cours_ROS2/ros_ws/install/shuttles/include/shuttles/shuttles/srv/detail/shuttle_id__description.c\n'}
[0.798951] (shuttles) StdoutLine: {'line': b'-- Up-to-date: /home/user/celluleflexible_en_cours_ROS2/ros_ws/install/shuttles/share/shuttles/environment/library_path.sh\n'}
[0.798970] (shuttles) StdoutLine: {'line': b'-- Up-to-date: /home/user/celluleflexible_en_cours_ROS2/ros_ws/install/shuttles/share/shuttles/environment/library_path.dsv\n'}
[0.798989] (shuttles) StdoutLine: {'line': b'-- Up-to-date: /home/user/celluleflexible_en_cours_ROS2/ros_ws/install/shuttles/lib/libshuttles__rosidl_generator_c.so\n'}
[0.799009] (shuttles) StdoutLine: {'line': b'-- Up-to-date: /home/user/celluleflexible_en_cours_ROS2/ros_ws/install/shuttles/include/shuttles/shuttles\n'}
[0.799028] (shuttles) StdoutLine: {'line': b'-- Up-to-date: /home/user/celluleflexible_en_cours_ROS2/ros_ws/install/shuttles/include/shuttles/shuttles/msg\n'}
[0.799048] (shuttles) StdoutLine: {'line': b'-- Up-to-date: /home/user/celluleflexible_en_cours_ROS2/ros_ws/install/shuttles/include/shuttles/shuttles/msg/rosidl_typesupport_fastrtps_c__visibility_control.h\n'}
[0.799067] (shuttles) StdoutLine: {'line': b'-- Up-to-date: /home/user/celluleflexible_en_cours_ROS2/ros_ws/install/shuttles/include/shuttles/shuttles/msg/detail\n'}
[0.799086] (shuttles) StdoutLine: {'line': b'-- Up-to-date: /home/user/celluleflexible_en_cours_ROS2/ros_ws/install/shuttles/include/shuttles/shuttles/msg/detail/msg_erreur__rosidl_typesupport_fastrtps_c.h\n'}
[0.799105] (shuttles) StdoutLine: {'line': b'-- Up-to-date: /home/user/celluleflexible_en_cours_ROS2/ros_ws/install/shuttles/include/shuttles/shuttles/msg/detail/msg_shuttle_change__rosidl_typesupport_fastrtps_c.h\n'}
[0.799124] (shuttles) StdoutLine: {'line': b'-- Up-to-date: /home/user/celluleflexible_en_cours_ROS2/ros_ws/install/shuttles/include/shuttles/shuttles/msg/detail/msg_shuttle_create__rosidl_typesupport_fastrtps_c.h\n'}
[0.799143] (shuttles) StdoutLine: {'line': b'-- Up-to-date: /home/user/celluleflexible_en_cours_ROS2/ros_ws/install/shuttles/include/shuttles/shuttles/srv\n'}
[0.799161] (shuttles) StdoutLine: {'line': b'-- Up-to-date: /home/user/celluleflexible_en_cours_ROS2/ros_ws/install/shuttles/include/shuttles/shuttles/srv/detail\n'}
[0.799180] (shuttles) StdoutLine: {'line': b'-- Up-to-date: /home/user/celluleflexible_en_cours_ROS2/ros_ws/install/shuttles/include/shuttles/shuttles/srv/detail/shuttle_id__rosidl_typesupport_fastrtps_c.h\n'}
[0.799201] (shuttles) StdoutLine: {'line': b'-- Up-to-date: /home/user/celluleflexible_en_cours_ROS2/ros_ws/install/shuttles/lib/libshuttles__rosidl_typesupport_fastrtps_c.so\n'}
[0.799220] (shuttles) StdoutLine: {'line': b'-- Up-to-date: /home/user/celluleflexible_en_cours_ROS2/ros_ws/install/shuttles/include/shuttles/shuttles\n'}
[0.799238] (shuttles) StdoutLine: {'line': b'-- Up-to-date: /home/user/celluleflexible_en_cours_ROS2/ros_ws/install/shuttles/include/shuttles/shuttles/msg\n'}
[0.799257] (shuttles) StdoutLine: {'line': b'-- Up-to-date: /home/user/celluleflexible_en_cours_ROS2/ros_ws/install/shuttles/include/shuttles/shuttles/msg/rosidl_generator_cpp__visibility_control.hpp\n'}
[0.799276] (shuttles) StdoutLine: {'line': b'-- Up-to-date: /home/user/celluleflexible_en_cours_ROS2/ros_ws/install/shuttles/include/shuttles/shuttles/msg/msg_shuttle_change.hpp\n'}
[0.799295] (shuttles) StdoutLine: {'line': b'-- Up-to-date: /home/user/celluleflexible_en_cours_ROS2/ros_ws/install/shuttles/include/shuttles/shuttles/msg/msg_shuttle_create.hpp\n'}
[0.799315] (shuttles) StdoutLine: {'line': b'-- Up-to-date: /home/user/celluleflexible_en_cours_ROS2/ros_ws/install/shuttles/include/shuttles/shuttles/msg/detail\n'}
[0.799333] (shuttles) StdoutLine: {'line': b'-- Up-to-date: /home/user/celluleflexible_en_cours_ROS2/ros_ws/install/shuttles/include/shuttles/shuttles/msg/detail/msg_shuttle_change__type_support.hpp\n'}
[0.799353] (shuttles) StdoutLine: {'line': b'-- Up-to-date: /home/user/celluleflexible_en_cours_ROS2/ros_ws/install/shuttles/include/shuttles/shuttles/msg/detail/msg_shuttle_change__traits.hpp\n'}
[0.799372] (shuttles) StdoutLine: {'line': b'-- Up-to-date: /home/user/celluleflexible_en_cours_ROS2/ros_ws/install/shuttles/include/shuttles/shuttles/msg/detail/msg_shuttle_create__traits.hpp\n'}
[0.799390] (shuttles) StdoutLine: {'line': b'-- Up-to-date: /home/user/celluleflexible_en_cours_ROS2/ros_ws/install/shuttles/include/shuttles/shuttles/msg/detail/msg_erreur__traits.hpp\n'}
[0.799409] (shuttles) StdoutLine: {'line': b'-- Up-to-date: /home/user/celluleflexible_en_cours_ROS2/ros_ws/install/shuttles/include/shuttles/shuttles/msg/detail/msg_erreur__struct.hpp\n'}
[0.799427] (shuttles) StdoutLine: {'line': b'-- Up-to-date: /home/user/celluleflexible_en_cours_ROS2/ros_ws/install/shuttles/include/shuttles/shuttles/msg/detail/msg_erreur__type_support.hpp\n'}
[0.799446] (shuttles) StdoutLine: {'line': b'-- Up-to-date: /home/user/celluleflexible_en_cours_ROS2/ros_ws/install/shuttles/include/shuttles/shuttles/msg/detail/msg_shuttle_create__builder.hpp\n'}
[0.799466] (shuttles) StdoutLine: {'line': b'-- Up-to-date: /home/user/celluleflexible_en_cours_ROS2/ros_ws/install/shuttles/include/shuttles/shuttles/msg/detail/msg_shuttle_create__type_support.hpp\n'}
[0.799484] (shuttles) StdoutLine: {'line': b'-- Up-to-date: /home/user/celluleflexible_en_cours_ROS2/ros_ws/install/shuttles/include/shuttles/shuttles/msg/detail/msg_erreur__builder.hpp\n'}
[0.799503] (shuttles) StdoutLine: {'line': b'-- Up-to-date: /home/user/celluleflexible_en_cours_ROS2/ros_ws/install/shuttles/include/shuttles/shuttles/msg/detail/msg_shuttle_change__builder.hpp\n'}
[0.799522] (shuttles) StdoutLine: {'line': b'-- Up-to-date: /home/user/celluleflexible_en_cours_ROS2/ros_ws/install/shuttles/include/shuttles/shuttles/msg/detail/msg_shuttle_create__struct.hpp\n'}
[0.799542] (shuttles) StdoutLine: {'line': b'-- Up-to-date: /home/user/celluleflexible_en_cours_ROS2/ros_ws/install/shuttles/include/shuttles/shuttles/msg/detail/msg_shuttle_change__struct.hpp\n'}
[0.799580] (shuttles) StdoutLine: {'line': b'-- Up-to-date: /home/user/celluleflexible_en_cours_ROS2/ros_ws/install/shuttles/include/shuttles/shuttles/msg/msg_erreur.hpp\n'}
[0.799606] (shuttles) StdoutLine: {'line': b'-- Up-to-date: /home/user/celluleflexible_en_cours_ROS2/ros_ws/install/shuttles/include/shuttles/shuttles/srv\n'}
[0.799628] (shuttles) StdoutLine: {'line': b'-- Up-to-date: /home/user/celluleflexible_en_cours_ROS2/ros_ws/install/shuttles/include/shuttles/shuttles/srv/shuttle_id.hpp\n'}
[0.799649] (shuttles) StdoutLine: {'line': b'-- Up-to-date: /home/user/celluleflexible_en_cours_ROS2/ros_ws/install/shuttles/include/shuttles/shuttles/srv/detail\n'}
[0.799670] (shuttles) StdoutLine: {'line': b'-- Up-to-date: /home/user/celluleflexible_en_cours_ROS2/ros_ws/install/shuttles/include/shuttles/shuttles/srv/detail/shuttle_id__type_support.hpp\n'}
[0.799693] (shuttles) StdoutLine: {'line': b'-- Up-to-date: /home/user/celluleflexible_en_cours_ROS2/ros_ws/install/shuttles/include/shuttles/shuttles/srv/detail/shuttle_id__struct.hpp\n'}
[0.799715] (shuttles) StdoutLine: {'line': b'-- Up-to-date: /home/user/celluleflexible_en_cours_ROS2/ros_ws/install/shuttles/include/shuttles/shuttles/srv/detail/shuttle_id__builder.hpp\n'}
[0.799735] (shuttles) StdoutLine: {'line': b'-- Up-to-date: /home/user/celluleflexible_en_cours_ROS2/ros_ws/install/shuttles/include/shuttles/shuttles/srv/detail/shuttle_id__traits.hpp\n'}
[0.799755] (shuttles) StdoutLine: {'line': b'-- Up-to-date: /home/user/celluleflexible_en_cours_ROS2/ros_ws/install/shuttles/include/shuttles/shuttles\n'}
[0.799776] (shuttles) StdoutLine: {'line': b'-- Up-to-date: /home/user/celluleflexible_en_cours_ROS2/ros_ws/install/shuttles/include/shuttles/shuttles/msg\n'}
[0.799795] (shuttles) StdoutLine: {'line': b'-- Up-to-date: /home/user/celluleflexible_en_cours_ROS2/ros_ws/install/shuttles/include/shuttles/shuttles/msg/detail\n'}
[0.799818] (shuttles) StdoutLine: {'line': b'-- Up-to-date: /home/user/celluleflexible_en_cours_ROS2/ros_ws/install/shuttles/include/shuttles/shuttles/msg/detail/dds_fastrtps\n'}
[0.799839] (shuttles) StdoutLine: {'line': b'-- Up-to-date: /home/user/celluleflexible_en_cours_ROS2/ros_ws/install/shuttles/include/shuttles/shuttles/msg/detail/msg_shuttle_create__rosidl_typesupport_fastrtps_cpp.hpp\n'}
[0.799859] (shuttles) StdoutLine: {'line': b'-- Up-to-date: /home/user/celluleflexible_en_cours_ROS2/ros_ws/install/shuttles/include/shuttles/shuttles/msg/detail/msg_shuttle_change__rosidl_typesupport_fastrtps_cpp.hpp\n'}
[0.799879] (shuttles) StdoutLine: {'line': b'-- Up-to-date: /home/user/celluleflexible_en_cours_ROS2/ros_ws/install/shuttles/include/shuttles/shuttles/msg/detail/msg_erreur__rosidl_typesupport_fastrtps_cpp.hpp\n'}
[0.799898] (shuttles) StdoutLine: {'line': b'-- Up-to-date: /home/user/celluleflexible_en_cours_ROS2/ros_ws/install/shuttles/include/shuttles/shuttles/msg/rosidl_typesupport_fastrtps_cpp__visibility_control.h\n'}
[0.799918] (shuttles) StdoutLine: {'line': b'-- Up-to-date: /home/user/celluleflexible_en_cours_ROS2/ros_ws/install/shuttles/include/shuttles/shuttles/srv\n'}
[0.799937] (shuttles) StdoutLine: {'line': b'-- Up-to-date: /home/user/celluleflexible_en_cours_ROS2/ros_ws/install/shuttles/include/shuttles/shuttles/srv/detail\n'}
[0.799956] (shuttles) StdoutLine: {'line': b'-- Up-to-date: /home/user/celluleflexible_en_cours_ROS2/ros_ws/install/shuttles/include/shuttles/shuttles/srv/detail/shuttle_id__rosidl_typesupport_fastrtps_cpp.hpp\n'}
[0.799976] (shuttles) StdoutLine: {'line': b'-- Up-to-date: /home/user/celluleflexible_en_cours_ROS2/ros_ws/install/shuttles/include/shuttles/shuttles/srv/detail/dds_fastrtps\n'}
[0.799995] (shuttles) StdoutLine: {'line': b'-- Up-to-date: /home/user/celluleflexible_en_cours_ROS2/ros_ws/install/shuttles/lib/libshuttles__rosidl_typesupport_fastrtps_cpp.so\n'}
[0.800015] (shuttles) StdoutLine: {'line': b'-- Up-to-date: /home/user/celluleflexible_en_cours_ROS2/ros_ws/install/shuttles/include/shuttles/shuttles\n'}
[0.800034] (shuttles) StdoutLine: {'line': b'-- Up-to-date: /home/user/celluleflexible_en_cours_ROS2/ros_ws/install/shuttles/include/shuttles/shuttles/msg\n'}
[0.800054] (shuttles) StdoutLine: {'line': b'-- Up-to-date: /home/user/celluleflexible_en_cours_ROS2/ros_ws/install/shuttles/include/shuttles/shuttles/msg/rosidl_typesupport_introspection_c__visibility_control.h\n'}
[0.800073] (shuttles) StdoutLine: {'line': b'-- Up-to-date: /home/user/celluleflexible_en_cours_ROS2/ros_ws/install/shuttles/include/shuttles/shuttles/msg/detail\n'}
[0.800092] (shuttles) StdoutLine: {'line': b'-- Up-to-date: /home/user/celluleflexible_en_cours_ROS2/ros_ws/install/shuttles/include/shuttles/shuttles/msg/detail/msg_shuttle_create__type_support.c\n'}
[0.800111] (shuttles) StdoutLine: {'line': b'-- Up-to-date: /home/user/celluleflexible_en_cours_ROS2/ros_ws/install/shuttles/include/shuttles/shuttles/msg/detail/msg_shuttle_change__rosidl_typesupport_introspection_c.h\n'}
[0.800131] (shuttles) StdoutLine: {'line': b'-- Up-to-date: /home/user/celluleflexible_en_cours_ROS2/ros_ws/install/shuttles/include/shuttles/shuttles/msg/detail/msg_shuttle_change__type_support.c\n'}
[0.800151] (shuttles) StdoutLine: {'line': b'-- Up-to-date: /home/user/celluleflexible_en_cours_ROS2/ros_ws/install/shuttles/include/shuttles/shuttles/msg/detail/msg_erreur__type_support.c\n'}
[0.800170] (shuttles) StdoutLine: {'line': b'-- Up-to-date: /home/user/celluleflexible_en_cours_ROS2/ros_ws/install/shuttles/include/shuttles/shuttles/msg/detail/msg_shuttle_create__rosidl_typesupport_introspection_c.h\n'}
[0.800190] (shuttles) StdoutLine: {'line': b'-- Up-to-date: /home/user/celluleflexible_en_cours_ROS2/ros_ws/install/shuttles/include/shuttles/shuttles/msg/detail/msg_erreur__rosidl_typesupport_introspection_c.h\n'}
[0.800209] (shuttles) StdoutLine: {'line': b'-- Up-to-date: /home/user/celluleflexible_en_cours_ROS2/ros_ws/install/shuttles/include/shuttles/shuttles/srv\n'}
[0.800228] (shuttles) StdoutLine: {'line': b'-- Up-to-date: /home/user/celluleflexible_en_cours_ROS2/ros_ws/install/shuttles/include/shuttles/shuttles/srv/detail\n'}
[0.800247] (shuttles) StdoutLine: {'line': b'-- Up-to-date: /home/user/celluleflexible_en_cours_ROS2/ros_ws/install/shuttles/include/shuttles/shuttles/srv/detail/shuttle_id__type_support.c\n'}
[0.800266] (shuttles) StdoutLine: {'line': b'-- Up-to-date: /home/user/celluleflexible_en_cours_ROS2/ros_ws/install/shuttles/include/shuttles/shuttles/srv/detail/shuttle_id__rosidl_typesupport_introspection_c.h\n'}
[0.800285] (shuttles) StdoutLine: {'line': b'-- Up-to-date: /home/user/celluleflexible_en_cours_ROS2/ros_ws/install/shuttles/lib/libshuttles__rosidl_typesupport_introspection_c.so\n'}
[0.800304] (shuttles) StdoutLine: {'line': b'-- Up-to-date: /home/user/celluleflexible_en_cours_ROS2/ros_ws/install/shuttles/lib/libshuttles__rosidl_typesupport_c.so\n'}
[0.800324] (shuttles) StdoutLine: {'line': b'-- Up-to-date: /home/user/celluleflexible_en_cours_ROS2/ros_ws/install/shuttles/include/shuttles/shuttles\n'}
[0.800343] (shuttles) StdoutLine: {'line': b'-- Up-to-date: /home/user/celluleflexible_en_cours_ROS2/ros_ws/install/shuttles/include/shuttles/shuttles/msg\n'}
[0.800363] (shuttles) StdoutLine: {'line': b'-- Up-to-date: /home/user/celluleflexible_en_cours_ROS2/ros_ws/install/shuttles/include/shuttles/shuttles/msg/detail\n'}
[0.800385] (shuttles) StdoutLine: {'line': b'-- Up-to-date: /home/user/celluleflexible_en_cours_ROS2/ros_ws/install/shuttles/include/shuttles/shuttles/msg/detail/msg_shuttle_create__type_support.cpp\n'}
[0.800404] (shuttles) StdoutLine: {'line': b'-- Up-to-date: /home/user/celluleflexible_en_cours_ROS2/ros_ws/install/shuttles/include/shuttles/shuttles/msg/detail/msg_erreur__type_support.cpp\n'}
[0.800423] (shuttles) StdoutLine: {'line': b'-- Up-to-date: /home/user/celluleflexible_en_cours_ROS2/ros_ws/install/shuttles/include/shuttles/shuttles/msg/detail/msg_erreur__rosidl_typesupport_introspection_cpp.hpp\n'}
[0.800442] (shuttles) StdoutLine: {'line': b'-- Up-to-date: /home/user/celluleflexible_en_cours_ROS2/ros_ws/install/shuttles/include/shuttles/shuttles/msg/detail/msg_shuttle_change__rosidl_typesupport_introspection_cpp.hpp\n'}
[0.800460] (shuttles) StdoutLine: {'line': b'-- Up-to-date: /home/user/celluleflexible_en_cours_ROS2/ros_ws/install/shuttles/include/shuttles/shuttles/msg/detail/msg_shuttle_create__rosidl_typesupport_introspection_cpp.hpp\n'}
[0.800479] (shuttles) StdoutLine: {'line': b'-- Up-to-date: /home/user/celluleflexible_en_cours_ROS2/ros_ws/install/shuttles/include/shuttles/shuttles/msg/detail/msg_shuttle_change__type_support.cpp\n'}
[0.800498] (shuttles) StdoutLine: {'line': b'-- Up-to-date: /home/user/celluleflexible_en_cours_ROS2/ros_ws/install/shuttles/include/shuttles/shuttles/srv\n'}
[0.800517] (shuttles) StdoutLine: {'line': b'-- Up-to-date: /home/user/celluleflexible_en_cours_ROS2/ros_ws/install/shuttles/include/shuttles/shuttles/srv/detail\n'}
[0.800536] (shuttles) StdoutLine: {'line': b'-- Up-to-date: /home/user/celluleflexible_en_cours_ROS2/ros_ws/install/shuttles/include/shuttles/shuttles/srv/detail/shuttle_id__type_support.cpp\n'}
[0.800555] (shuttles) StdoutLine: {'line': b'-- Up-to-date: /home/user/celluleflexible_en_cours_ROS2/ros_ws/install/shuttles/include/shuttles/shuttles/srv/detail/shuttle_id__rosidl_typesupport_introspection_cpp.hpp\n'}
[0.800574] (shuttles) StdoutLine: {'line': b'-- Up-to-date: /home/user/celluleflexible_en_cours_ROS2/ros_ws/install/shuttles/lib/libshuttles__rosidl_typesupport_introspection_cpp.so\n'}
[0.800593] (shuttles) StdoutLine: {'line': b'-- Up-to-date: /home/user/celluleflexible_en_cours_ROS2/ros_ws/install/shuttles/lib/libshuttles__rosidl_typesupport_cpp.so\n'}
[0.800611] (shuttles) StdoutLine: {'line': b'-- Up-to-date: /home/user/celluleflexible_en_cours_ROS2/ros_ws/install/shuttles/share/shuttles/environment/pythonpath.sh\n'}
[0.800631] (shuttles) StdoutLine: {'line': b'-- Up-to-date: /home/user/celluleflexible_en_cours_ROS2/ros_ws/install/shuttles/share/shuttles/environment/pythonpath.dsv\n'}
[0.800650] (shuttles) StdoutLine: {'line': b'-- Up-to-date: /home/user/celluleflexible_en_cours_ROS2/ros_ws/install/shuttles/lib/python3.12/site-packages/shuttles-0.0.0-py3.12.egg-info\n'}
[0.800670] (shuttles) StdoutLine: {'line': b'-- Installing: /home/user/celluleflexible_en_cours_ROS2/ros_ws/install/shuttles/lib/python3.12/site-packages/shuttles-0.0.0-py3.12.egg-info/SOURCES.txt\n'}
[0.800689] (shuttles) StdoutLine: {'line': b'-- Installing: /home/user/celluleflexible_en_cours_ROS2/ros_ws/install/shuttles/lib/python3.12/site-packages/shuttles-0.0.0-py3.12.egg-info/top_level.txt\n'}
[0.800708] (shuttles) StdoutLine: {'line': b'-- Installing: /home/user/celluleflexible_en_cours_ROS2/ros_ws/install/shuttles/lib/python3.12/site-packages/shuttles-0.0.0-py3.12.egg-info/PKG-INFO\n'}
[0.800727] (shuttles) StdoutLine: {'line': b'-- Installing: /home/user/celluleflexible_en_cours_ROS2/ros_ws/install/shuttles/lib/python3.12/site-packages/shuttles-0.0.0-py3.12.egg-info/dependency_links.txt\n'}
[0.800748] (shuttles) StdoutLine: {'line': b'-- Up-to-date: /home/user/celluleflexible_en_cours_ROS2/ros_ws/install/shuttles/lib/python3.12/site-packages/shuttles\n'}
[0.800770] (shuttles) StdoutLine: {'line': b'-- Up-to-date: /home/user/celluleflexible_en_cours_ROS2/ros_ws/install/shuttles/lib/python3.12/site-packages/shuttles/shuttles_s__rosidl_typesupport_introspection_c.so\n'}
[0.800790] (shuttles) StdoutLine: {'line': b'-- Up-to-date: /home/user/celluleflexible_en_cours_ROS2/ros_ws/install/shuttles/lib/python3.12/site-packages/shuttles/_shuttles_s.ep.rosidl_typesupport_c.c\n'}
[0.800810] (shuttles) StdoutLine: {'line': b'-- Up-to-date: /home/user/celluleflexible_en_cours_ROS2/ros_ws/install/shuttles/lib/python3.12/site-packages/shuttles/msg\n'}
[0.800829] (shuttles) StdoutLine: {'line': b'-- Up-to-date: /home/user/celluleflexible_en_cours_ROS2/ros_ws/install/shuttles/lib/python3.12/site-packages/shuttles/msg/_msg_shuttle_change.py\n'}
[0.800849] (shuttles) StdoutLine: {'line': b'-- Up-to-date: /home/user/celluleflexible_en_cours_ROS2/ros_ws/install/shuttles/lib/python3.12/site-packages/shuttles/msg/_msg_erreur.py\n'}
[0.800868] (shuttles) StdoutLine: {'line': b'-- Up-to-date: /home/user/celluleflexible_en_cours_ROS2/ros_ws/install/shuttles/lib/python3.12/site-packages/shuttles/msg/__init__.py\n'}
[0.800887] (shuttles) StdoutLine: {'line': b'-- Up-to-date: /home/user/celluleflexible_en_cours_ROS2/ros_ws/install/shuttles/lib/python3.12/site-packages/shuttles/msg/_msg_shuttle_create_s.c\n'}
[0.800907] (shuttles) StdoutLine: {'line': b'-- Up-to-date: /home/user/celluleflexible_en_cours_ROS2/ros_ws/install/shuttles/lib/python3.12/site-packages/shuttles/msg/_msg_erreur_s.c\n'}
[0.800926] (shuttles) StdoutLine: {'line': b'-- Up-to-date: /home/user/celluleflexible_en_cours_ROS2/ros_ws/install/shuttles/lib/python3.12/site-packages/shuttles/msg/_msg_shuttle_create.py\n'}
[0.800948] (shuttles) StdoutLine: {'line': b'-- Up-to-date: /home/user/celluleflexible_en_cours_ROS2/ros_ws/install/shuttles/lib/python3.12/site-packages/shuttles/msg/_msg_shuttle_change_s.c\n'}
[0.800967] (commande_locale) StdoutLine: {'line': b'-- Installing: /home/user/celluleflexible_en_cours_ROS2/ros_ws/install/commande_locale/include/commande_locale/commande_locale/msg/detail/tache_finie_msg__type_support.c\n'}
[0.800987] (commande_locale) StdoutLine: {'line': b'-- Up-to-date: /home/user/celluleflexible_en_cours_ROS2/ros_ws/install/commande_locale/include/commande_locale/commande_locale/msg/detail/msg_erreur__rosidl_typesupport_introspection_c.h\n'}
[0.801007] (commande_locale) StdoutLine: {'line': b'-- Up-to-date: /home/user/celluleflexible_en_cours_ROS2/ros_ws/install/commande_locale/include/commande_locale/commande_locale/srv\n'}
[0.801026] (commande_locale) StdoutLine: {'line': b'-- Up-to-date: /home/user/celluleflexible_en_cours_ROS2/ros_ws/install/commande_locale/include/commande_locale/commande_locale/srv/detail\n'}
[0.801045] (commande_locale) StdoutLine: {'line': b'-- Installing: /home/user/celluleflexible_en_cours_ROS2/ros_ws/install/commande_locale/include/commande_locale/commande_locale/srv/detail/srv_add_product_push_back__type_support.c\n'}
[0.801065] (commande_locale) StdoutLine: {'line': b'-- Up-to-date: /home/user/celluleflexible_en_cours_ROS2/ros_ws/install/commande_locale/include/commande_locale/commande_locale/srv/detail/srv_fin_init__type_support.c\n'}
[0.801084] (commande_locale) StdoutLine: {'line': b'-- Up-to-date: /home/user/celluleflexible_en_cours_ROS2/ros_ws/install/commande_locale/include/commande_locale/commande_locale/srv/detail/srv_add_product_push_back__rosidl_typesupport_introspection_c.h\n'}
[0.801105] (commande_locale) StdoutLine: {'line': b'-- Up-to-date: /home/user/celluleflexible_en_cours_ROS2/ros_ws/install/commande_locale/include/commande_locale/commande_locale/srv/detail/srv_fin_init__rosidl_typesupport_introspection_c.h\n'}
[0.801124] (commande_locale) StdoutLine: {'line': b'-- Up-to-date: /home/user/celluleflexible_en_cours_ROS2/ros_ws/install/commande_locale/include/commande_locale/commande_locale/srv/detail/srv_add_product__rosidl_typesupport_introspection_c.h\n'}
[0.801143] (commande_locale) StdoutLine: {'line': b'-- Installing: /home/user/celluleflexible_en_cours_ROS2/ros_ws/install/commande_locale/include/commande_locale/commande_locale/srv/detail/srv_add_product__type_support.c\n'}
[0.801163] (commande_locale) StdoutLine: {'line': b'-- Up-to-date: /home/user/celluleflexible_en_cours_ROS2/ros_ws/install/commande_locale/lib/libcommande_locale__rosidl_typesupport_introspection_c.so\n'}
[0.801182] (commande_locale) StdoutLine: {'line': b'-- Up-to-date: /home/user/celluleflexible_en_cours_ROS2/ros_ws/install/commande_locale/lib/libcommande_locale__rosidl_typesupport_c.so\n'}
[0.801201] (commande_locale) StdoutLine: {'line': b'-- Up-to-date: /home/user/celluleflexible_en_cours_ROS2/ros_ws/install/commande_locale/include/commande_locale/commande_locale\n'}
[0.801221] (commande_locale) StdoutLine: {'line': b'-- Up-to-date: /home/user/celluleflexible_en_cours_ROS2/ros_ws/install/commande_locale/include/commande_locale/commande_locale/msg\n'}
[0.801239] (commande_locale) StdoutLine: {'line': b'-- Up-to-date: /home/user/celluleflexible_en_cours_ROS2/ros_ws/install/commande_locale/include/commande_locale/commande_locale/msg/detail\n'}
[0.801258] (commande_locale) StdoutLine: {'line': b'-- Up-to-date: /home/user/celluleflexible_en_cours_ROS2/ros_ws/install/commande_locale/include/commande_locale/commande_locale/msg/detail/msg_add_product__type_support.cpp\n'}
[0.801276] (commande_locale) StdoutLine: {'line': b'-- Up-to-date: /home/user/celluleflexible_en_cours_ROS2/ros_ws/install/commande_locale/include/commande_locale/commande_locale/msg/detail/msg_switch_control__rosidl_typesupport_introspection_cpp.hpp\n'}
[0.801315] (commande_locale) StdoutLine: {'line': b'-- Up-to-date: /home/user/celluleflexible_en_cours_ROS2/ros_ws/install/commande_locale/include/commande_locale/commande_locale/msg/detail/msg_pin_control__type_support.cpp\n'}
[0.801340] (commande_locale) StdoutLine: {'line': b'-- Up-to-date: /home/user/celluleflexible_en_cours_ROS2/ros_ws/install/commande_locale/include/commande_locale/commande_locale/msg/detail/msg_stop_control__rosidl_typesupport_introspection_cpp.hpp\n'}
[0.801365] (commande_locale) StdoutLine: {'line': b'-- Up-to-date: /home/user/celluleflexible_en_cours_ROS2/ros_ws/install/commande_locale/include/commande_locale/commande_locale/msg/detail/tache_finie_msg__type_support.cpp\n'}
[0.801387] (commande_locale) StdoutLine: {'line': b'-- Up-to-date: /home/user/celluleflexible_en_cours_ROS2/ros_ws/install/commande_locale/include/commande_locale/commande_locale/msg/detail/deplacer_piece_msg__rosidl_typesupport_introspection_cpp.hpp\n'}
[0.801407] (commande_locale) StdoutLine: {'line': b'-- Up-to-date: /home/user/celluleflexible_en_cours_ROS2/ros_ws/install/commande_locale/include/commande_locale/commande_locale/msg/detail/msg_stop_control__type_support.cpp\n'}
[0.801430] (commande_locale) StdoutLine: {'line': b'-- Up-to-date: /home/user/celluleflexible_en_cours_ROS2/ros_ws/install/commande_locale/include/commande_locale/commande_locale/msg/detail/msg_pin_control__rosidl_typesupport_introspection_cpp.hpp\n'}
[0.801451] (commande_locale) StdoutLine: {'line': b'-- Up-to-date: /home/user/celluleflexible_en_cours_ROS2/ros_ws/install/commande_locale/include/commande_locale/commande_locale/msg/detail/msg_erreur__type_support.cpp\n'}
[0.801470] (commande_locale) StdoutLine: {'line': b'-- Up-to-date: /home/user/celluleflexible_en_cours_ROS2/ros_ws/install/commande_locale/include/commande_locale/commande_locale/msg/detail/robot_joints__rosidl_typesupport_introspection_cpp.hpp\n'}
[0.801490] (commande_locale) StdoutLine: {'line': b'-- Up-to-date: /home/user/celluleflexible_en_cours_ROS2/ros_ws/install/commande_locale/include/commande_locale/commande_locale/msg/detail/msg_erreur__rosidl_typesupport_introspection_cpp.hpp\n'}
[0.801510] (commande_locale) StdoutLine: {'line': b'-- Up-to-date: /home/user/celluleflexible_en_cours_ROS2/ros_ws/install/commande_locale/include/commande_locale/commande_locale/msg/detail/msg_choix_mode__type_support.cpp\n'}
[0.801529] (commande_locale) StdoutLine: {'line': b'-- Up-to-date: /home/user/celluleflexible_en_cours_ROS2/ros_ws/install/commande_locale/include/commande_locale/commande_locale/msg/detail/msg_color__rosidl_typesupport_introspection_cpp.hpp\n'}
[0.801550] (commande_locale) StdoutLine: {'line': b'-- Up-to-date: /home/user/celluleflexible_en_cours_ROS2/ros_ws/install/commande_locale/include/commande_locale/commande_locale/msg/detail/msg_choix_mode__rosidl_typesupport_introspection_cpp.hpp\n'}
[0.801570] (commande_locale) StdoutLine: {'line': b'-- Up-to-date: /home/user/celluleflexible_en_cours_ROS2/ros_ws/install/commande_locale/include/commande_locale/commande_locale/msg/detail/deplacer_piece_msg__type_support.cpp\n'}
[0.801589] (commande_locale) StdoutLine: {'line': b'-- Up-to-date: /home/user/celluleflexible_en_cours_ROS2/ros_ws/install/commande_locale/include/commande_locale/commande_locale/msg/detail/msg_switch_control__type_support.cpp\n'}
[0.801608] (commande_locale) StdoutLine: {'line': b'-- Up-to-date: /home/user/celluleflexible_en_cours_ROS2/ros_ws/install/commande_locale/include/commande_locale/commande_locale/msg/detail/robot_joints__type_support.cpp\n'}
[0.801627] (commande_locale) StdoutLine: {'line': b'-- Up-to-date: /home/user/celluleflexible_en_cours_ROS2/ros_ws/install/commande_locale/include/commande_locale/commande_locale/msg/detail/tache_finie_msg__rosidl_typesupport_introspection_cpp.hpp\n'}
[0.801647] (commande_locale) StdoutLine: {'line': b'-- Up-to-date: /home/user/celluleflexible_en_cours_ROS2/ros_ws/install/commande_locale/include/commande_locale/commande_locale/msg/detail/msg_color__type_support.cpp\n'}
[0.801667] (commande_locale) StdoutLine: {'line': b'-- Up-to-date: /home/user/celluleflexible_en_cours_ROS2/ros_ws/install/commande_locale/include/commande_locale/commande_locale/msg/detail/msg_add_product__rosidl_typesupport_introspection_cpp.hpp\n'}
[0.801687] (commande_locale) StdoutLine: {'line': b'-- Up-to-date: /home/user/celluleflexible_en_cours_ROS2/ros_ws/install/commande_locale/include/commande_locale/commande_locale/srv\n'}
[0.801706] (commande_locale) StdoutLine: {'line': b'-- Up-to-date: /home/user/celluleflexible_en_cours_ROS2/ros_ws/install/commande_locale/include/commande_locale/commande_locale/srv/detail\n'}
[0.801725] (commande_locale) StdoutLine: {'line': b'-- Up-to-date: /home/user/celluleflexible_en_cours_ROS2/ros_ws/install/commande_locale/include/commande_locale/commande_locale/srv/detail/srv_add_product_push_back__rosidl_typesupport_introspection_cpp.hpp\n'}
[0.801745] (commande_locale) StdoutLine: {'line': b'-- Up-to-date: /home/user/celluleflexible_en_cours_ROS2/ros_ws/install/commande_locale/include/commande_locale/commande_locale/srv/detail/srv_add_product__type_support.cpp\n'}
[0.801764] (commande_locale) StdoutLine: {'line': b'-- Up-to-date: /home/user/celluleflexible_en_cours_ROS2/ros_ws/install/commande_locale/include/commande_locale/commande_locale/srv/detail/srv_add_product__rosidl_typesupport_introspection_cpp.hpp\n'}
[0.801783] (commande_locale) StdoutLine: {'line': b'-- Up-to-date: /home/user/celluleflexible_en_cours_ROS2/ros_ws/install/commande_locale/include/commande_locale/commande_locale/srv/detail/srv_fin_init__rosidl_typesupport_introspection_cpp.hpp\n'}
[0.801805] (commande_locale) StdoutLine: {'line': b'-- Up-to-date: /home/user/celluleflexible_en_cours_ROS2/ros_ws/install/commande_locale/include/commande_locale/commande_locale/srv/detail/srv_add_product_push_back__type_support.cpp\n'}
[0.801826] (commande_locale) StdoutLine: {'line': b'-- Up-to-date: /home/user/celluleflexible_en_cours_ROS2/ros_ws/install/commande_locale/include/commande_locale/commande_locale/srv/detail/srv_fin_init__type_support.cpp\n'}
[0.801846] (commande_locale) StdoutLine: {'line': b'-- Up-to-date: /home/user/celluleflexible_en_cours_ROS2/ros_ws/install/commande_locale/lib/libcommande_locale__rosidl_typesupport_introspection_cpp.so\n'}
[0.801867] (commande_locale) StdoutLine: {'line': b'-- Up-to-date: /home/user/celluleflexible_en_cours_ROS2/ros_ws/install/commande_locale/lib/libcommande_locale__rosidl_typesupport_cpp.so\n'}
[0.801887] (commande_locale) StdoutLine: {'line': b'-- Up-to-date: /home/user/celluleflexible_en_cours_ROS2/ros_ws/install/commande_locale/share/commande_locale/environment/pythonpath.sh\n'}
[0.801908] (commande_locale) StdoutLine: {'line': b'-- Up-to-date: /home/user/celluleflexible_en_cours_ROS2/ros_ws/install/commande_locale/share/commande_locale/environment/pythonpath.dsv\n'}
[0.801927] (commande_locale) StdoutLine: {'line': b'-- Up-to-date: /home/user/celluleflexible_en_cours_ROS2/ros_ws/install/commande_locale/lib/python3.12/site-packages/commande_locale-3.1.2-py3.12.egg-info\n'}
[0.801946] (commande_locale) StdoutLine: {'line': b'-- Installing: /home/user/celluleflexible_en_cours_ROS2/ros_ws/install/commande_locale/lib/python3.12/site-packages/commande_locale-3.1.2-py3.12.egg-info/SOURCES.txt\n'}
[0.801965] (commande_locale) StdoutLine: {'line': b'-- Installing: /home/user/celluleflexible_en_cours_ROS2/ros_ws/install/commande_locale/lib/python3.12/site-packages/commande_locale-3.1.2-py3.12.egg-info/top_level.txt\n'}
[0.801985] (commande_locale) StdoutLine: {'line': b'-- Installing: /home/user/celluleflexible_en_cours_ROS2/ros_ws/install/commande_locale/lib/python3.12/site-packages/commande_locale-3.1.2-py3.12.egg-info/PKG-INFO\n'}
[0.802004] (shuttles) StdoutLine: {'line': b'-- Up-to-date: /home/user/celluleflexible_en_cours_ROS2/ros_ws/install/shuttles/lib/python3.12/site-packages/shuttles/shuttles_s__rosidl_typesupport_c.so\n'}
[0.802023] (shuttles) StdoutLine: {'line': b'-- Up-to-date: /home/user/celluleflexible_en_cours_ROS2/ros_ws/install/shuttles/lib/python3.12/site-packages/shuttles/__init__.py\n'}
[0.802042] (shuttles) StdoutLine: {'line': b'-- Up-to-date: /home/user/celluleflexible_en_cours_ROS2/ros_ws/install/shuttles/lib/python3.12/site-packages/shuttles/_shuttles_s.ep.rosidl_typesupport_fastrtps_c.c\n'}
[0.802060] (shuttles) StdoutLine: {'line': b'-- Up-to-date: /home/user/celluleflexible_en_cours_ROS2/ros_ws/install/shuttles/lib/python3.12/site-packages/shuttles/srv\n'}
[0.802080] (shuttles) StdoutLine: {'line': b'-- Up-to-date: /home/user/celluleflexible_en_cours_ROS2/ros_ws/install/shuttles/lib/python3.12/site-packages/shuttles/srv/__init__.py\n'}
[0.802099] (shuttles) StdoutLine: {'line': b'-- Up-to-date: /home/user/celluleflexible_en_cours_ROS2/ros_ws/install/shuttles/lib/python3.12/site-packages/shuttles/srv/_shuttle_id.py\n'}
[0.802118] (shuttles) StdoutLine: {'line': b'-- Up-to-date: /home/user/celluleflexible_en_cours_ROS2/ros_ws/install/shuttles/lib/python3.12/site-packages/shuttles/srv/_shuttle_id_s.c\n'}
[0.802137] (shuttles) StdoutLine: {'line': b'-- Up-to-date: /home/user/celluleflexible_en_cours_ROS2/ros_ws/install/shuttles/lib/python3.12/site-packages/shuttles/_shuttles_s.ep.rosidl_typesupport_introspection_c.c\n'}
[0.802156] (shuttles) StdoutLine: {'line': b'-- Up-to-date: /home/user/celluleflexible_en_cours_ROS2/ros_ws/install/shuttles/lib/python3.12/site-packages/shuttles/shuttles_s__rosidl_typesupport_fastrtps_c.so\n'}
[0.802176] (commande_locale) StdoutLine: {'line': b'-- Installing: /home/user/celluleflexible_en_cours_ROS2/ros_ws/install/commande_locale/lib/python3.12/site-packages/commande_locale-3.1.2-py3.12.egg-info/dependency_links.txt\n'}
[0.802195] (commande_locale) StdoutLine: {'line': b'-- Up-to-date: /home/user/celluleflexible_en_cours_ROS2/ros_ws/install/commande_locale/lib/python3.12/site-packages/commande_locale\n'}
[0.802214] (commande_locale) StdoutLine: {'line': b'-- Up-to-date: /home/user/celluleflexible_en_cours_ROS2/ros_ws/install/commande_locale/lib/python3.12/site-packages/commande_locale/msg\n'}
[0.802233] (commande_locale) StdoutLine: {'line': b'-- Up-to-date: /home/user/celluleflexible_en_cours_ROS2/ros_ws/install/commande_locale/lib/python3.12/site-packages/commande_locale/msg/_deplacer_piece_msg.py\n'}
[0.802252] (commande_locale) StdoutLine: {'line': b'-- Up-to-date: /home/user/celluleflexible_en_cours_ROS2/ros_ws/install/commande_locale/lib/python3.12/site-packages/commande_locale/msg/_msg_color_s.c\n'}
[0.802271] (commande_locale) StdoutLine: {'line': b'-- Up-to-date: /home/user/celluleflexible_en_cours_ROS2/ros_ws/install/commande_locale/lib/python3.12/site-packages/commande_locale/msg/_tache_finie_msg_s.c\n'}
[0.802291] (commande_locale) StdoutLine: {'line': b'-- Up-to-date: /home/user/celluleflexible_en_cours_ROS2/ros_ws/install/commande_locale/lib/python3.12/site-packages/commande_locale/msg/_msg_color.py\n'}
[0.802310] (commande_locale) StdoutLine: {'line': b'-- Up-to-date: /home/user/celluleflexible_en_cours_ROS2/ros_ws/install/commande_locale/lib/python3.12/site-packages/commande_locale/msg/_msg_stop_control.py\n'}
[0.802330] (commande_locale) StdoutLine: {'line': b'-- Up-to-date: /home/user/celluleflexible_en_cours_ROS2/ros_ws/install/commande_locale/lib/python3.12/site-packages/commande_locale/msg/_msg_erreur.py\n'}
[0.802349] (commande_locale) StdoutLine: {'line': b'-- Up-to-date: /home/user/celluleflexible_en_cours_ROS2/ros_ws/install/commande_locale/lib/python3.12/site-packages/commande_locale/msg/_msg_choix_mode_s.c\n'}
[0.802367] (commande_locale) StdoutLine: {'line': b'-- Up-to-date: /home/user/celluleflexible_en_cours_ROS2/ros_ws/install/commande_locale/lib/python3.12/site-packages/commande_locale/msg/__init__.py\n'}
[0.802386] (commande_locale) StdoutLine: {'line': b'-- Up-to-date: /home/user/celluleflexible_en_cours_ROS2/ros_ws/install/commande_locale/lib/python3.12/site-packages/commande_locale/msg/_msg_add_product_s.c\n'}
[0.802405] (commande_locale) StdoutLine: {'line': b'-- Up-to-date: /home/user/celluleflexible_en_cours_ROS2/ros_ws/install/commande_locale/lib/python3.12/site-packages/commande_locale/msg/_msg_choix_mode.py\n'}
[0.802424] (commande_locale) StdoutLine: {'line': b'-- Up-to-date: /home/user/celluleflexible_en_cours_ROS2/ros_ws/install/commande_locale/lib/python3.12/site-packages/commande_locale/msg/_tache_finie_msg.py\n'}
[0.802444] (commande_locale) StdoutLine: {'line': b'-- Up-to-date: /home/user/celluleflexible_en_cours_ROS2/ros_ws/install/commande_locale/lib/python3.12/site-packages/commande_locale/msg/_msg_switch_control.py\n'}
[0.802463] (commande_locale) StdoutLine: {'line': b'-- Up-to-date: /home/user/celluleflexible_en_cours_ROS2/ros_ws/install/commande_locale/lib/python3.12/site-packages/commande_locale/msg/_msg_stop_control_s.c\n'}
[0.802482] (commande_locale) StdoutLine: {'line': b'-- Up-to-date: /home/user/celluleflexible_en_cours_ROS2/ros_ws/install/commande_locale/lib/python3.12/site-packages/commande_locale/msg/_robot_joints_s.c\n'}
[0.802503] (commande_locale) StdoutLine: {'line': b'-- Up-to-date: /home/user/celluleflexible_en_cours_ROS2/ros_ws/install/commande_locale/lib/python3.12/site-packages/commande_locale/msg/_deplacer_piece_msg_s.c\n'}
[0.802525] (commande_locale) StdoutLine: {'line': b'-- Up-to-date: /home/user/celluleflexible_en_cours_ROS2/ros_ws/install/commande_locale/lib/python3.12/site-packages/commande_locale/msg/_msg_switch_control_s.c\n'}
[0.802544] (commande_locale) StdoutLine: {'line': b'-- Up-to-date: /home/user/celluleflexible_en_cours_ROS2/ros_ws/install/commande_locale/lib/python3.12/site-packages/commande_locale/msg/_msg_pin_control_s.c\n'}
[0.802563] (commande_locale) StdoutLine: {'line': b'-- Up-to-date: /home/user/celluleflexible_en_cours_ROS2/ros_ws/install/commande_locale/lib/python3.12/site-packages/commande_locale/msg/_msg_erreur_s.c\n'}
[0.802582] (commande_locale) StdoutLine: {'line': b'-- Up-to-date: /home/user/celluleflexible_en_cours_ROS2/ros_ws/install/commande_locale/lib/python3.12/site-packages/commande_locale/msg/_msg_pin_control.py\n'}
[0.802601] (commande_locale) StdoutLine: {'line': b'-- Up-to-date: /home/user/celluleflexible_en_cours_ROS2/ros_ws/install/commande_locale/lib/python3.12/site-packages/commande_locale/msg/_robot_joints.py\n'}
[0.802619] (commande_locale) StdoutLine: {'line': b'-- Up-to-date: /home/user/celluleflexible_en_cours_ROS2/ros_ws/install/commande_locale/lib/python3.12/site-packages/commande_locale/msg/_msg_add_product.py\n'}
[0.802638] (commande_locale) StdoutLine: {'line': b'-- Up-to-date: /home/user/celluleflexible_en_cours_ROS2/ros_ws/install/commande_locale/lib/python3.12/site-packages/commande_locale/__init__.py\n'}
[0.802658] (commande_locale) StdoutLine: {'line': b'-- Up-to-date: /home/user/celluleflexible_en_cours_ROS2/ros_ws/install/commande_locale/lib/python3.12/site-packages/commande_locale/_commande_locale_s.ep.rosidl_typesupport_c.c\n'}
[0.802677] (commande_locale) StdoutLine: {'line': b'-- Up-to-date: /home/user/celluleflexible_en_cours_ROS2/ros_ws/install/commande_locale/lib/python3.12/site-packages/commande_locale/commande_locale_s__rosidl_typesupport_c.so\n'}
[0.802695] (commande_locale) StdoutLine: {'line': b'-- Up-to-date: /home/user/celluleflexible_en_cours_ROS2/ros_ws/install/commande_locale/lib/python3.12/site-packages/commande_locale/commande_locale_s__rosidl_typesupport_fastrtps_c.so\n'}
[0.802714] (commande_locale) StdoutLine: {'line': b'-- Up-to-date: /home/user/celluleflexible_en_cours_ROS2/ros_ws/install/commande_locale/lib/python3.12/site-packages/commande_locale/srv\n'}
[0.802733] (-) TimerEvent: {}
[0.802867] (commande_locale) StdoutLine: {'line': b'-- Up-to-date: /home/user/celluleflexible_en_cours_ROS2/ros_ws/install/commande_locale/lib/python3.12/site-packages/commande_locale/srv/_srv_add_product.py\n'}
[0.802925] (commande_locale) StdoutLine: {'line': b'-- Up-to-date: /home/user/celluleflexible_en_cours_ROS2/ros_ws/install/commande_locale/lib/python3.12/site-packages/commande_locale/srv/_srv_add_product_push_back.py\n'}
[0.802952] (commande_locale) StdoutLine: {'line': b'-- Up-to-date: /home/user/celluleflexible_en_cours_ROS2/ros_ws/install/commande_locale/lib/python3.12/site-packages/commande_locale/srv/__init__.py\n'}
[0.802977] (commande_locale) StdoutLine: {'line': b'-- Up-to-date: /home/user/celluleflexible_en_cours_ROS2/ros_ws/install/commande_locale/lib/python3.12/site-packages/commande_locale/srv/_srv_add_product_push_back_s.c\n'}
[0.802999] (commande_locale) StdoutLine: {'line': b'-- Up-to-date: /home/user/celluleflexible_en_cours_ROS2/ros_ws/install/commande_locale/lib/python3.12/site-packages/commande_locale/srv/_srv_fin_init.py\n'}
[0.803022] (commande_locale) StdoutLine: {'line': b'-- Up-to-date: /home/user/celluleflexible_en_cours_ROS2/ros_ws/install/commande_locale/lib/python3.12/site-packages/commande_locale/srv/_srv_fin_init_s.c\n'}
[0.803067] (commande_locale) StdoutLine: {'line': b'-- Up-to-date: /home/user/celluleflexible_en_cours_ROS2/ros_ws/install/commande_locale/lib/python3.12/site-packages/commande_locale/srv/_srv_add_product_s.c\n'}
[0.803091] (commande_locale) StdoutLine: {'line': b'-- Up-to-date: /home/user/celluleflexible_en_cours_ROS2/ros_ws/install/commande_locale/lib/python3.12/site-packages/commande_locale/_commande_locale_s.ep.rosidl_typesupport_introspection_c.c\n'}
[0.803114] (commande_locale) StdoutLine: {'line': b'-- Up-to-date: /home/user/celluleflexible_en_cours_ROS2/ros_ws/install/commande_locale/lib/python3.12/site-packages/commande_locale/commande_locale_s__rosidl_typesupport_introspection_c.so\n'}
[0.803137] (commande_locale) StdoutLine: {'line': b'-- Up-to-date: /home/user/celluleflexible_en_cours_ROS2/ros_ws/install/commande_locale/lib/python3.12/site-packages/commande_locale/_commande_locale_s.ep.rosidl_typesupport_fastrtps_c.c\n'}
[0.815221] (commande_locale) StdoutLine: {'line': b"Listing '/home/user/celluleflexible_en_cours_ROS2/ros_ws/install/commande_locale/lib/python3.12/site-packages/commande_locale'...\n"}
[0.815420] (commande_locale) StdoutLine: {'line': b"Listing '/home/user/celluleflexible_en_cours_ROS2/ros_ws/install/commande_locale/lib/python3.12/site-packages/commande_locale/msg'...\n"}
[0.815495] (commande_locale) StdoutLine: {'line': b"Listing '/home/user/celluleflexible_en_cours_ROS2/ros_ws/install/commande_locale/lib/python3.12/site-packages/commande_locale/srv'...\n"}
[0.815736] (shuttles) StdoutLine: {'line': b"Listing '/home/user/celluleflexible_en_cours_ROS2/ros_ws/install/shuttles/lib/python3.12/site-packages/shuttles'...\n"}
[0.815788] (shuttles) StdoutLine: {'line': b"Listing '/home/user/celluleflexible_en_cours_ROS2/ros_ws/install/shuttles/lib/python3.12/site-packages/shuttles/msg'...\n"}
[0.815817] (shuttles) StdoutLine: {'line': b"Listing '/home/user/celluleflexible_en_cours_ROS2/ros_ws/install/shuttles/lib/python3.12/site-packages/shuttles/srv'...\n"}
[0.818479] (commande_locale) StdoutLine: {'line': b'-- Up-to-date: /home/user/celluleflexible_en_cours_ROS2/ros_ws/install/commande_locale/lib/python3.12/site-packages/commande_locale/commande_locale_s__rosidl_typesupport_fastrtps_c.so\n'}
[0.818587] (commande_locale) StdoutLine: {'line': b'-- Up-to-date: /home/user/celluleflexible_en_cours_ROS2/ros_ws/install/commande_locale/lib/python3.12/site-packages/commande_locale/commande_locale_s__rosidl_typesupport_introspection_c.so\n'}
[0.818959] (shuttles) StdoutLine: {'line': b'-- Up-to-date: /home/user/celluleflexible_en_cours_ROS2/ros_ws/install/shuttles/lib/python3.12/site-packages/shuttles/shuttles_s__rosidl_typesupport_fastrtps_c.so\n'}
[0.819345] (commande_locale) StdoutLine: {'line': b'-- Up-to-date: /home/user/celluleflexible_en_cours_ROS2/ros_ws/install/commande_locale/lib/python3.12/site-packages/commande_locale/commande_locale_s__rosidl_typesupport_c.so\n'}
[0.819404] (shuttles) StdoutLine: {'line': b'-- Up-to-date: /home/user/celluleflexible_en_cours_ROS2/ros_ws/install/shuttles/lib/python3.12/site-packages/shuttles/shuttles_s__rosidl_typesupport_introspection_c.so\n'}
[0.819520] (shuttles) StdoutLine: {'line': b'-- Up-to-date: /home/user/celluleflexible_en_cours_ROS2/ros_ws/install/shuttles/lib/python3.12/site-packages/shuttles/shuttles_s__rosidl_typesupport_c.so\n'}
[0.819659] (shuttles) StdoutLine: {'line': b'-- Up-to-date: /home/user/celluleflexible_en_cours_ROS2/ros_ws/install/shuttles/lib/libshuttles__rosidl_generator_py.so\n'}
[0.819961] (shuttles) StdoutLine: {'line': b'-- Up-to-date: /home/user/celluleflexible_en_cours_ROS2/ros_ws/install/shuttles/share/shuttles/msg/MsgShuttleChange.idl\n'}
[0.820330] (shuttles) StdoutLine: {'line': b'-- Up-to-date: /home/user/celluleflexible_en_cours_ROS2/ros_ws/install/shuttles/share/shuttles/msg/MsgShuttleCreate.idl\n'}
[0.820511] (shuttles) StdoutLine: {'line': b'-- Up-to-date: /home/user/celluleflexible_en_cours_ROS2/ros_ws/install/shuttles/share/shuttles/msg/MsgErreur.idl\n'}
[0.820926] (shuttles) StdoutLine: {'line': b'-- Up-to-date: /home/user/celluleflexible_en_cours_ROS2/ros_ws/install/shuttles/share/shuttles/srv/ShuttleId.idl\n'}
[0.821313] (shuttles) StdoutLine: {'line': b'-- Up-to-date: /home/user/celluleflexible_en_cours_ROS2/ros_ws/install/shuttles/share/shuttles/msg/MsgShuttleChange.msg\n'}
[0.821552] (shuttles) StdoutLine: {'line': b'-- Up-to-date: /home/user/celluleflexible_en_cours_ROS2/ros_ws/install/shuttles/share/shuttles/msg/MsgShuttleCreate.msg\n'}
[0.821674] (shuttles) StdoutLine: {'line': b'-- Up-to-date: /home/user/celluleflexible_en_cours_ROS2/ros_ws/install/shuttles/share/shuttles/msg/MsgErreur.msg\n'}
[0.821877] (shuttles) StdoutLine: {'line': b'-- Up-to-date: /home/user/celluleflexible_en_cours_ROS2/ros_ws/install/shuttles/share/shuttles/srv/ShuttleId.srv\n'}
[0.822297] (shuttles) StdoutLine: {'line': b'-- Up-to-date: /home/user/celluleflexible_en_cours_ROS2/ros_ws/install/shuttles/lib/shuttles/shuttle_manager\n'}
[0.822943] (commande_locale) StdoutLine: {'line': b'-- Up-to-date: /home/user/celluleflexible_en_cours_ROS2/ros_ws/install/commande_locale/lib/libcommande_locale__rosidl_generator_py.so\n'}
[0.823029] (commande_locale) StdoutLine: {'line': b'-- Up-to-date: /home/user/celluleflexible_en_cours_ROS2/ros_ws/install/commande_locale/share/commande_locale/srv/SrvAddProduct.idl\n'}
[0.823126] (commande_locale) StdoutLine: {'line': b'-- Up-to-date: /home/user/celluleflexible_en_cours_ROS2/ros_ws/install/commande_locale/share/commande_locale/srv/SrvFinInit.idl\n'}
[0.823203] (commande_locale) StdoutLine: {'line': b'-- Up-to-date: /home/user/celluleflexible_en_cours_ROS2/ros_ws/install/commande_locale/share/commande_locale/srv/SrvAddProductPushBack.idl\n'}
[0.823296] (commande_locale) StdoutLine: {'line': b'-- Up-to-date: /home/user/celluleflexible_en_cours_ROS2/ros_ws/install/commande_locale/share/commande_locale/msg/MsgAddProduct.idl\n'}
[0.823371] (commande_locale) StdoutLine: {'line': b'-- Up-to-date: /home/user/celluleflexible_en_cours_ROS2/ros_ws/install/commande_locale/share/commande_locale/msg/MsgStopControl.idl\n'}
[0.823459] (commande_locale) StdoutLine: {'line': b'-- Up-to-date: /home/user/celluleflexible_en_cours_ROS2/ros_ws/install/commande_locale/share/commande_locale/msg/MsgColor.idl\n'}
[0.823528] (commande_locale) StdoutLine: {'line': b'-- Up-to-date: /home/user/celluleflexible_en_cours_ROS2/ros_ws/install/commande_locale/share/commande_locale/msg/MsgSwitchControl.idl\n'}
[0.823593] (commande_locale) StdoutLine: {'line': b'-- Up-to-date: /home/user/celluleflexible_en_cours_ROS2/ros_ws/install/commande_locale/share/commande_locale/msg/MsgPinControl.idl\n'}
[0.823621] (commande_locale) StdoutLine: {'line': b'-- Up-to-date: /home/user/celluleflexible_en_cours_ROS2/ros_ws/install/commande_locale/share/commande_locale/msg/MsgErreur.idl\n'}
[0.823646] (commande_locale) StdoutLine: {'line': b'-- Up-to-date: /home/user/celluleflexible_en_cours_ROS2/ros_ws/install/commande_locale/share/commande_locale/msg/RobotJoints.idl\n'}
[0.823668] (commande_locale) StdoutLine: {'line': b'-- Up-to-date: /home/user/celluleflexible_en_cours_ROS2/ros_ws/install/commande_locale/share/commande_locale/msg/TacheFinieMsg.idl\n'}
[0.823691] (commande_locale) StdoutLine: {'line': b'-- Up-to-date: /home/user/celluleflexible_en_cours_ROS2/ros_ws/install/commande_locale/share/commande_locale/msg/DeplacerPieceMsg.idl\n'}
[0.825162] (commande_locale) StdoutLine: {'line': b'-- Up-to-date: /home/user/celluleflexible_en_cours_ROS2/ros_ws/install/commande_locale/share/commande_locale/msg/MsgChoixMode.idl\n'}
[0.825237] (commande_locale) StdoutLine: {'line': b'-- Up-to-date: /home/user/celluleflexible_en_cours_ROS2/ros_ws/install/commande_locale/share/commande_locale/srv/SrvAddProduct.srv\n'}
[0.825304] (commande_locale) StdoutLine: {'line': b'-- Up-to-date: /home/user/celluleflexible_en_cours_ROS2/ros_ws/install/commande_locale/share/commande_locale/srv/SrvFinInit.srv\n'}
[0.825453] (commande_locale) StdoutLine: {'line': b'-- Up-to-date: /home/user/celluleflexible_en_cours_ROS2/ros_ws/install/commande_locale/share/commande_locale/srv/SrvAddProductPushBack.srv\n'}
[0.825523] (commande_locale) StdoutLine: {'line': b'-- Up-to-date: /home/user/celluleflexible_en_cours_ROS2/ros_ws/install/commande_locale/share/commande_locale/msg/MsgAddProduct.msg\n'}
[0.825588] (commande_locale) StdoutLine: {'line': b'-- Up-to-date: /home/user/celluleflexible_en_cours_ROS2/ros_ws/install/commande_locale/share/commande_locale/msg/MsgStopControl.msg\n'}
[0.825725] (commande_locale) StdoutLine: {'line': b'-- Up-to-date: /home/user/celluleflexible_en_cours_ROS2/ros_ws/install/commande_locale/share/commande_locale/msg/MsgColor.msg\n'}
[0.825752] (commande_locale) StdoutLine: {'line': b'-- Up-to-date: /home/user/celluleflexible_en_cours_ROS2/ros_ws/install/commande_locale/share/commande_locale/msg/MsgSwitchControl.msg\n'}
[0.825814] (commande_locale) StdoutLine: {'line': b'-- Up-to-date: /home/user/celluleflexible_en_cours_ROS2/ros_ws/install/commande_locale/share/commande_locale/msg/MsgPinControl.msg\n'}
[0.825876] (commande_locale) StdoutLine: {'line': b'-- Up-to-date: /home/user/celluleflexible_en_cours_ROS2/ros_ws/install/commande_locale/share/commande_locale/msg/MsgErreur.msg\n'}
[0.825937] (commande_locale) StdoutLine: {'line': b'-- Up-to-date: /home/user/celluleflexible_en_cours_ROS2/ros_ws/install/commande_locale/share/commande_locale/msg/RobotJoints.msg\n'}
[0.826088] (commande_locale) StdoutLine: {'line': b'-- Up-to-date: /home/user/celluleflexible_en_cours_ROS2/ros_ws/install/commande_locale/share/commande_locale/msg/TacheFinieMsg.msg\n'}
[0.826156] (commande_locale) StdoutLine: {'line': b'-- Up-to-date: /home/user/celluleflexible_en_cours_ROS2/ros_ws/install/commande_locale/share/commande_locale/msg/DeplacerPieceMsg.msg\n'}
[0.826225] (commande_locale) StdoutLine: {'line': b'-- Up-to-date: /home/user/celluleflexible_en_cours_ROS2/ros_ws/install/commande_locale/share/commande_locale/msg/MsgChoixMode.msg\n'}
[0.826325] (commande_locale) StdoutLine: {'line': b'-- Up-to-date: /home/user/celluleflexible_en_cours_ROS2/ros_ws/install/commande_locale/lib/commande_locale/simulation\n'}
[0.826389] (commande_locale) StdoutLine: {'line': b'-- Up-to-date: /home/user/celluleflexible_en_cours_ROS2/ros_ws/install/commande_locale/share/ament_index/resource_index/package_run_dependencies/commande_locale\n'}
[0.826451] (commande_locale) StdoutLine: {'line': b'-- Up-to-date: /home/user/celluleflexible_en_cours_ROS2/ros_ws/install/commande_locale/share/ament_index/resource_index/parent_prefix_path/commande_locale\n'}
[0.826515] (commande_locale) StdoutLine: {'line': b'-- Up-to-date: /home/user/celluleflexible_en_cours_ROS2/ros_ws/install/commande_locale/share/commande_locale/environment/ament_prefix_path.sh\n'}
[0.826672] (commande_locale) StdoutLine: {'line': b'-- Up-to-date: /home/user/celluleflexible_en_cours_ROS2/ros_ws/install/commande_locale/share/commande_locale/environment/ament_prefix_path.dsv\n'}
[0.826952] (commande_locale) StdoutLine: {'line': b'-- Up-to-date: /home/user/celluleflexible_en_cours_ROS2/ros_ws/install/commande_locale/share/commande_locale/environment/path.sh\n'}
[0.827019] (commande_locale) StdoutLine: {'line': b'-- Up-to-date: /home/user/celluleflexible_en_cours_ROS2/ros_ws/install/commande_locale/share/commande_locale/environment/path.dsv\n'}
[0.827088] (commande_locale) StdoutLine: {'line': b'-- Up-to-date: /home/user/celluleflexible_en_cours_ROS2/ros_ws/install/commande_locale/share/commande_locale/local_setup.bash\n'}
[0.827151] (commande_locale) StdoutLine: {'line': b'-- Up-to-date: /home/user/celluleflexible_en_cours_ROS2/ros_ws/install/commande_locale/share/commande_locale/local_setup.sh\n'}
[0.827216] (commande_locale) StdoutLine: {'line': b'-- Up-to-date: /home/user/celluleflexible_en_cours_ROS2/ros_ws/install/commande_locale/share/commande_locale/local_setup.zsh\n'}
[0.827300] (commande_locale) StdoutLine: {'line': b'-- Up-to-date: /home/user/celluleflexible_en_cours_ROS2/ros_ws/install/commande_locale/share/commande_locale/local_setup.dsv\n'}
[0.827368] (commande_locale) StdoutLine: {'line': b'-- Installing: /home/user/celluleflexible_en_cours_ROS2/ros_ws/install/commande_locale/share/commande_locale/package.dsv\n'}
[0.827438] (commande_locale) StdoutLine: {'line': b'-- Up-to-date: /home/user/celluleflexible_en_cours_ROS2/ros_ws/install/commande_locale/share/ament_index/resource_index/packages/commande_locale\n'}
[0.827521] (commande_locale) StdoutLine: {'line': b'-- Up-to-date: /home/user/celluleflexible_en_cours_ROS2/ros_ws/install/commande_locale/share/commande_locale/cmake/export_commande_locale__rosidl_generator_cExport.cmake\n'}
[0.827715] (commande_locale) StdoutLine: {'line': b'-- Up-to-date: /home/user/celluleflexible_en_cours_ROS2/ros_ws/install/commande_locale/share/commande_locale/cmake/export_commande_locale__rosidl_generator_cExport-noconfig.cmake\n'}
[0.827750] (commande_locale) StdoutLine: {'line': b'-- Up-to-date: /home/user/celluleflexible_en_cours_ROS2/ros_ws/install/commande_locale/share/commande_locale/cmake/export_commande_locale__rosidl_typesupport_fastrtps_cExport.cmake\n'}
[0.827781] (commande_locale) StdoutLine: {'line': b'-- Up-to-date: /home/user/celluleflexible_en_cours_ROS2/ros_ws/install/commande_locale/share/commande_locale/cmake/export_commande_locale__rosidl_typesupport_fastrtps_cExport-noconfig.cmake\n'}
[0.827841] (commande_locale) StdoutLine: {'line': b'-- Up-to-date: /home/user/celluleflexible_en_cours_ROS2/ros_ws/install/commande_locale/share/commande_locale/cmake/export_commande_locale__rosidl_generator_cppExport.cmake\n'}
[0.827924] (commande_locale) StdoutLine: {'line': b'-- Up-to-date: /home/user/celluleflexible_en_cours_ROS2/ros_ws/install/commande_locale/share/commande_locale/cmake/export_commande_locale__rosidl_typesupport_fastrtps_cppExport.cmake\n'}
[0.828151] (commande_locale) StdoutLine: {'line': b'-- Up-to-date: /home/user/celluleflexible_en_cours_ROS2/ros_ws/install/commande_locale/share/commande_locale/cmake/export_commande_locale__rosidl_typesupport_fastrtps_cppExport-noconfig.cmake\n'}
[0.828337] (commande_locale) StdoutLine: {'line': b'-- Up-to-date: /home/user/celluleflexible_en_cours_ROS2/ros_ws/install/commande_locale/share/commande_locale/cmake/commande_locale__rosidl_typesupport_introspection_cExport.cmake\n'}
[0.830124] (commande_locale) StdoutLine: {'line': b'-- Up-to-date: /home/user/celluleflexible_en_cours_ROS2/ros_ws/install/commande_locale/share/commande_locale/cmake/commande_locale__rosidl_typesupport_introspection_cExport-noconfig.cmake\n'}
[0.830216] (commande_locale) StdoutLine: {'line': b'-- Up-to-date: /home/user/celluleflexible_en_cours_ROS2/ros_ws/install/commande_locale/share/commande_locale/cmake/commande_locale__rosidl_typesupport_cExport.cmake\n'}
[0.830310] (commande_locale) StdoutLine: {'line': b'-- Up-to-date: /home/user/celluleflexible_en_cours_ROS2/ros_ws/install/commande_locale/share/commande_locale/cmake/commande_locale__rosidl_typesupport_cExport-noconfig.cmake\n'}
[0.831363] (commande_locale) StdoutLine: {'line': b'-- Up-to-date: /home/user/celluleflexible_en_cours_ROS2/ros_ws/install/commande_locale/share/commande_locale/cmake/commande_locale__rosidl_typesupport_introspection_cppExport.cmake\n'}
[0.832256] (commande_locale) StdoutLine: {'line': b'-- Up-to-date: /home/user/celluleflexible_en_cours_ROS2/ros_ws/install/commande_locale/share/commande_locale/cmake/commande_locale__rosidl_typesupport_introspection_cppExport-noconfig.cmake\n'}
[0.834823] (commande_locale) StdoutLine: {'line': b'-- Up-to-date: /home/user/celluleflexible_en_cours_ROS2/ros_ws/install/commande_locale/share/commande_locale/cmake/commande_locale__rosidl_typesupport_cppExport.cmake\n'}
[0.835089] (commande_locale) StdoutLine: {'line': b'-- Up-to-date: /home/user/celluleflexible_en_cours_ROS2/ros_ws/install/commande_locale/share/commande_locale/cmake/commande_locale__rosidl_typesupport_cppExport-noconfig.cmake\n'}
[0.835273] (shuttles) StdoutLine: {'line': b'-- Up-to-date: /home/user/celluleflexible_en_cours_ROS2/ros_ws/install/shuttles/share/ament_index/resource_index/package_run_dependencies/shuttles\n'}
[0.835454] (shuttles) StdoutLine: {'line': b'-- Up-to-date: /home/user/celluleflexible_en_cours_ROS2/ros_ws/install/shuttles/share/ament_index/resource_index/parent_prefix_path/shuttles\n'}
[0.835873] (shuttles) StdoutLine: {'line': b'-- Up-to-date: /home/user/celluleflexible_en_cours_ROS2/ros_ws/install/shuttles/share/shuttles/environment/ament_prefix_path.sh\n'}
[0.836273] (commande_locale) StdoutLine: {'line': b'-- Up-to-date: /home/user/celluleflexible_en_cours_ROS2/ros_ws/install/commande_locale/share/commande_locale/cmake/export_commande_locale__rosidl_generator_pyExport.cmake\n'}
[0.836488] (commande_locale) StdoutLine: {'line': b'-- Up-to-date: /home/user/celluleflexible_en_cours_ROS2/ros_ws/install/commande_locale/share/commande_locale/cmake/export_commande_locale__rosidl_generator_pyExport-noconfig.cmake\n'}
[0.836788] (commande_locale) StdoutLine: {'line': b'-- Up-to-date: /home/user/celluleflexible_en_cours_ROS2/ros_ws/install/commande_locale/share/commande_locale/cmake/rosidl_cmake-extras.cmake\n'}
[0.836902] (commande_locale) StdoutLine: {'line': b'-- Up-to-date: /home/user/celluleflexible_en_cours_ROS2/ros_ws/install/commande_locale/share/commande_locale/cmake/ament_cmake_export_dependencies-extras.cmake\n'}
[0.837255] (commande_locale) StdoutLine: {'line': b'-- Up-to-date: /home/user/celluleflexible_en_cours_ROS2/ros_ws/install/commande_locale/share/commande_locale/cmake/ament_cmake_export_include_directories-extras.cmake\n'}
[0.837286] (commande_locale) StdoutLine: {'line': b'-- Up-to-date: /home/user/celluleflexible_en_cours_ROS2/ros_ws/install/commande_locale/share/commande_locale/cmake/ament_cmake_export_libraries-extras.cmake\n'}
[0.837610] (commande_locale) StdoutLine: {'line': b'-- Up-to-date: /home/user/celluleflexible_en_cours_ROS2/ros_ws/install/commande_locale/share/commande_locale/cmake/ament_cmake_export_targets-extras.cmake\n'}
[0.837887] (commande_locale) StdoutLine: {'line': b'-- Up-to-date: /home/user/celluleflexible_en_cours_ROS2/ros_ws/install/commande_locale/share/commande_locale/cmake/rosidl_cmake_export_typesupport_targets-extras.cmake\n'}
[0.838071] (commande_locale) StdoutLine: {'line': b'-- Up-to-date: /home/user/celluleflexible_en_cours_ROS2/ros_ws/install/commande_locale/share/commande_locale/cmake/rosidl_cmake_export_typesupport_libraries-extras.cmake\n'}
[0.838287] (commande_locale) StdoutLine: {'line': b'-- Up-to-date: /home/user/celluleflexible_en_cours_ROS2/ros_ws/install/commande_locale/share/commande_locale/cmake/commande_localeConfig.cmake\n'}
[0.838688] (commande_locale) StdoutLine: {'line': b'-- Up-to-date: /home/user/celluleflexible_en_cours_ROS2/ros_ws/install/commande_locale/share/commande_locale/cmake/commande_localeConfig-version.cmake\n'}
[0.838760] (commande_locale) StdoutLine: {'line': b'-- Up-to-date: /home/user/celluleflexible_en_cours_ROS2/ros_ws/install/commande_locale/share/commande_locale/package.xml\n'}
[0.838951] (shuttles) StdoutLine: {'line': b'-- Up-to-date: /home/user/celluleflexible_en_cours_ROS2/ros_ws/install/shuttles/share/shuttles/environment/ament_prefix_path.dsv\n'}
[0.839843] (shuttles) StdoutLine: {'line': b'-- Up-to-date: /home/user/celluleflexible_en_cours_ROS2/ros_ws/install/shuttles/share/shuttles/environment/path.sh\n'}
[0.839954] (shuttles) StdoutLine: {'line': b'-- Up-to-date: /home/user/celluleflexible_en_cours_ROS2/ros_ws/install/shuttles/share/shuttles/environment/path.dsv\n'}
[0.840025] (shuttles) StdoutLine: {'line': b'-- Up-to-date: /home/user/celluleflexible_en_cours_ROS2/ros_ws/install/shuttles/share/shuttles/local_setup.bash\n'}
[0.840111] (shuttles) StdoutLine: {'line': b'-- Up-to-date: /home/user/celluleflexible_en_cours_ROS2/ros_ws/install/shuttles/share/shuttles/local_setup.sh\n'}
[0.840180] (shuttles) StdoutLine: {'line': b'-- Up-to-date: /home/user/celluleflexible_en_cours_ROS2/ros_ws/install/shuttles/share/shuttles/local_setup.zsh\n'}
[0.840249] (shuttles) StdoutLine: {'line': b'-- Up-to-date: /home/user/celluleflexible_en_cours_ROS2/ros_ws/install/shuttles/share/shuttles/local_setup.dsv\n'}
[0.840332] (shuttles) StdoutLine: {'line': b'-- Installing: /home/user/celluleflexible_en_cours_ROS2/ros_ws/install/shuttles/share/shuttles/package.dsv\n'}
[0.840400] (shuttles) StdoutLine: {'line': b'-- Up-to-date: /home/user/celluleflexible_en_cours_ROS2/ros_ws/install/shuttles/share/ament_index/resource_index/packages/shuttles\n'}
[0.840469] (shuttles) StdoutLine: {'line': b'-- Up-to-date: /home/user/celluleflexible_en_cours_ROS2/ros_ws/install/shuttles/share/shuttles/cmake/export_shuttles__rosidl_generator_cExport.cmake\n'}
[0.840538] (shuttles) StdoutLine: {'line': b'-- Up-to-date: /home/user/celluleflexible_en_cours_ROS2/ros_ws/install/shuttles/share/shuttles/cmake/export_shuttles__rosidl_generator_cExport-noconfig.cmake\n'}
[0.840669] (shuttles) StdoutLine: {'line': b'-- Up-to-date: /home/user/celluleflexible_en_cours_ROS2/ros_ws/install/shuttles/share/shuttles/cmake/export_shuttles__rosidl_typesupport_fastrtps_cExport.cmake\n'}
[0.840944] (shuttles) StdoutLine: {'line': b'-- Up-to-date: /home/user/celluleflexible_en_cours_ROS2/ros_ws/install/shuttles/share/shuttles/cmake/export_shuttles__rosidl_typesupport_fastrtps_cExport-noconfig.cmake\n'}
[0.841707] (shuttles) StdoutLine: {'line': b'-- Up-to-date: /home/user/celluleflexible_en_cours_ROS2/ros_ws/install/shuttles/share/shuttles/cmake/export_shuttles__rosidl_generator_cppExport.cmake\n'}
[0.842343] (shuttles) StdoutLine: {'line': b'-- Up-to-date: /home/user/celluleflexible_en_cours_ROS2/ros_ws/install/shuttles/share/shuttles/cmake/export_shuttles__rosidl_typesupport_fastrtps_cppExport.cmake\n'}
[0.842466] (shuttles) StdoutLine: {'line': b'-- Up-to-date: /home/user/celluleflexible_en_cours_ROS2/ros_ws/install/shuttles/share/shuttles/cmake/export_shuttles__rosidl_typesupport_fastrtps_cppExport-noconfig.cmake\n'}
[0.842548] (shuttles) StdoutLine: {'line': b'-- Up-to-date: /home/user/celluleflexible_en_cours_ROS2/ros_ws/install/shuttles/share/shuttles/cmake/shuttles__rosidl_typesupport_introspection_cExport.cmake\n'}
[0.842651] (shuttles) StdoutLine: {'line': b'-- Up-to-date: /home/user/celluleflexible_en_cours_ROS2/ros_ws/install/shuttles/share/shuttles/cmake/shuttles__rosidl_typesupport_introspection_cExport-noconfig.cmake\n'}
[0.842718] (shuttles) StdoutLine: {'line': b'-- Up-to-date: /home/user/celluleflexible_en_cours_ROS2/ros_ws/install/shuttles/share/shuttles/cmake/shuttles__rosidl_typesupport_cExport.cmake\n'}
[0.842898] (shuttles) StdoutLine: {'line': b'-- Up-to-date: /home/user/celluleflexible_en_cours_ROS2/ros_ws/install/shuttles/share/shuttles/cmake/shuttles__rosidl_typesupport_cExport-noconfig.cmake\n'}
[0.842961] (shuttles) StdoutLine: {'line': b'-- Up-to-date: /home/user/celluleflexible_en_cours_ROS2/ros_ws/install/shuttles/share/shuttles/cmake/shuttles__rosidl_typesupport_introspection_cppExport.cmake\n'}
[0.843691] (shuttles) StdoutLine: {'line': b'-- Up-to-date: /home/user/celluleflexible_en_cours_ROS2/ros_ws/install/shuttles/share/shuttles/cmake/shuttles__rosidl_typesupport_introspection_cppExport-noconfig.cmake\n'}
[0.843806] (shuttles) StdoutLine: {'line': b'-- Up-to-date: /home/user/celluleflexible_en_cours_ROS2/ros_ws/install/shuttles/share/shuttles/cmake/shuttles__rosidl_typesupport_cppExport.cmake\n'}
[0.843900] (shuttles) StdoutLine: {'line': b'-- Up-to-date: /home/user/celluleflexible_en_cours_ROS2/ros_ws/install/shuttles/share/shuttles/cmake/shuttles__rosidl_typesupport_cppExport-noconfig.cmake\n'}
[0.843974] (shuttles) StdoutLine: {'line': b'-- Up-to-date: /home/user/celluleflexible_en_cours_ROS2/ros_ws/install/shuttles/share/shuttles/cmake/export_shuttles__rosidl_generator_pyExport.cmake\n'}
[0.844121] (shuttles) StdoutLine: {'line': b'-- Up-to-date: /home/user/celluleflexible_en_cours_ROS2/ros_ws/install/shuttles/share/shuttles/cmake/export_shuttles__rosidl_generator_pyExport-noconfig.cmake\n'}
[0.844185] (shuttles) StdoutLine: {'line': b'-- Up-to-date: /home/user/celluleflexible_en_cours_ROS2/ros_ws/install/shuttles/share/shuttles/cmake/rosidl_cmake-extras.cmake\n'}
[0.844731] (shuttles) StdoutLine: {'line': b'-- Up-to-date: /home/user/celluleflexible_en_cours_ROS2/ros_ws/install/shuttles/share/shuttles/cmake/ament_cmake_export_dependencies-extras.cmake\n'}
[0.844834] (shuttles) StdoutLine: {'line': b'-- Up-to-date: /home/user/celluleflexible_en_cours_ROS2/ros_ws/install/shuttles/share/shuttles/cmake/ament_cmake_export_include_directories-extras.cmake\n'}
[0.844902] (shuttles) StdoutLine: {'line': b'-- Up-to-date: /home/user/celluleflexible_en_cours_ROS2/ros_ws/install/shuttles/share/shuttles/cmake/ament_cmake_export_libraries-extras.cmake\n'}
[0.844975] (shuttles) StdoutLine: {'line': b'-- Up-to-date: /home/user/celluleflexible_en_cours_ROS2/ros_ws/install/shuttles/share/shuttles/cmake/ament_cmake_export_targets-extras.cmake\n'}
[0.845038] (shuttles) StdoutLine: {'line': b'-- Up-to-date: /home/user/celluleflexible_en_cours_ROS2/ros_ws/install/shuttles/share/shuttles/cmake/rosidl_cmake_export_typesupport_targets-extras.cmake\n'}
[0.845099] (shuttles) StdoutLine: {'line': b'-- Up-to-date: /home/user/celluleflexible_en_cours_ROS2/ros_ws/install/shuttles/share/shuttles/cmake/rosidl_cmake_export_typesupport_libraries-extras.cmake\n'}
[0.845188] (shuttles) StdoutLine: {'line': b'-- Up-to-date: /home/user/celluleflexible_en_cours_ROS2/ros_ws/install/shuttles/share/shuttles/cmake/shuttlesConfig.cmake\n'}
[0.845253] (shuttles) StdoutLine: {'line': b'-- Up-to-date: /home/user/celluleflexible_en_cours_ROS2/ros_ws/install/shuttles/share/shuttles/cmake/shuttlesConfig-version.cmake\n'}
[0.845441] (shuttles) StdoutLine: {'line': b'-- Up-to-date: /home/user/celluleflexible_en_cours_ROS2/ros_ws/install/shuttles/share/shuttles/package.xml\n'}
[0.845507] (shuttles) CommandEnded: {'returncode': 0}
[0.856865] (shuttles) JobEnded: {'identifier': 'shuttles', 'rc': 0}
[0.857250] (commande_locale) CommandEnded: {'returncode': 0}
[0.872984] (commande_locale) JobEnded: {'identifier': 'commande_locale', 'rc': 0}
[0.873445] (robots) JobStarted: {'identifier': 'robots'}
[0.892218] (robots) JobProgress: {'identifier': 'robots', 'progress': 'cmake'}
[0.893148] (robots) JobProgress: {'identifier': 'robots', 'progress': 'build'}
[0.893169] (robots) Command: {'cmd': ['/usr/bin/cmake', '--build', '/home/user/celluleflexible_en_cours_ROS2/ros_ws/build/robots', '--', '-j8', '-l8'], 'cwd': '/home/user/celluleflexible_en_cours_ROS2/ros_ws/build/robots', 'env': OrderedDict({'LESSOPEN': '| /usr/bin/lesspipe %s', 'USER': 'user', 'XDG_SESSION_TYPE': 'wayland', 'SHLVL': '1', 'LD_LIBRARY_PATH': '/home/user/celluleflexible_en_cours_ROS2/ros_ws/install/shuttles/lib:/home/user/celluleflexible_en_cours_ROS2/ros_ws/install/commande_locale/lib:/home/user/celluleflexible_en_cours_ROS2/ros_ws/install/aiguillages/lib:/home/user/celluleflexible_en_cours_ROS2/ros_ws/install/robots/lib:/opt/ros/jazzy/opt/rviz_ogre_vendor/lib:/opt/ros/jazzy/lib/x86_64-linux-gnu:/opt/ros/jazzy/opt/gz_math_vendor/lib:/opt/ros/jazzy/opt/gz_utils_vendor/lib:/opt/ros/jazzy/opt/gz_cmake_vendor/lib:/opt/ros/jazzy/lib', 'HOME': '/home/user', 'DESKTOP_SESSION': 'ubuntu', 'ROS_PYTHON_VERSION': '3', 'GNOME_SHELL_SESSION_MODE': 'ubuntu', 'GTK_MODULES': 'gail:atk-bridge', 'DBUS_STARTER_BUS_TYPE': 'session', 'SYSTEMD_EXEC_PID': '2240', 'GSM_SKIP_SSH_AGENT_WORKAROUND': 'true', 'DBUS_SESSION_BUS_ADDRESS': 'unix:path=/run/user/1000/bus,guid=6da02ccfb5f5be8b2dc210526992ca6b', 'COLORTERM': 'truecolor', 'DEBUGINFOD_URLS': 'https://debuginfod.ubuntu.com', 'IM_CONFIG_PHASE': '1', 'WAYLAND_DISPLAY': 'wayland-0', 'COLCON_PREFIX_PATH': '/home/user/celluleflexible_en_cours_ROS2/ros_ws/install', 'ROS_DISTRO': 'jazzy', 'LOGNAME': 'user', '_': '/usr/bin/colcon', 'ROS_VERSION': '2', 'MEMORY_PRESSURE_WATCH': '/sys/fs/cgroup/user.slice/user-1000.slice/user@1000.service/app.slice/app-gnome\\x2dsession\\x2dmanager.slice/gnome-session-manager@ubuntu.service/memory.pressure', 'XDG_SESSION_CLASS': 'user', 'USERNAME': 'user', 'TERM': 'xterm-256color', 'GNOME_DESKTOP_SESSION_ID': 'this-is-deprecated', 'PATH': '/opt/ros/jazzy/bin:/usr/local/sbin:/usr/local/bin:/usr/sbin:/usr/bin:/sbin:/bin:/usr/games:/usr/local/games:/snap/bin:/snap/bin', 'SESSION_MANAGER': 'local/Ubuntu:@/tmp/.ICE-unix/2240,unix/Ubuntu:/tmp/.ICE-unix/2240', 'XDG_MENU_PREFIX': 'gnome-', 'GNOME_TERMINAL_SCREEN': '/org/gnome/Terminal/screen/c7962f18_f474_48af_ace3_a3479f78beab', 'GNOME_SETUP_DISPLAY': ':1', 'XDG_RUNTIME_DIR': '/run/user/1000', 'DISPLAY': ':0', 'LANG': 'en_US.UTF-8', 'XDG_CURRENT_DESKTOP': 'ubuntu:GNOME', 'XMODIFIERS': '@im=ibus', 'XDG_SESSION_DESKTOP': 'ubuntu', 'XAUTHORITY': '/run/user/1000/.mutter-Xwaylandauth.HCD1K3', 'LS_COLORS': 'rs=0:di=01;34:ln=01;36:mh=00:pi=40;33:so=01;35:do=01;35:bd=40;33;01:cd=40;33;01:or=40;31;01:mi=00:su=37;41:sg=30;43:ca=00:tw=30;42:ow=34;42:st=37;44:ex=01;32:*.tar=01;31:*.tgz=01;31:*.arc=01;31:*.arj=01;31:*.taz=01;31:*.lha=01;31:*.lz4=01;31:*.lzh=01;31:*.lzma=01;31:*.tlz=01;31:*.txz=01;31:*.tzo=01;31:*.t7z=01;31:*.zip=01;31:*.z=01;31:*.dz=01;31:*.gz=01;31:*.lrz=01;31:*.lz=01;31:*.lzo=01;31:*.xz=01;31:*.zst=01;31:*.tzst=01;31:*.bz2=01;31:*.bz=01;31:*.tbz=01;31:*.tbz2=01;31:*.tz=01;31:*.deb=01;31:*.rpm=01;31:*.jar=01;31:*.war=01;31:*.ear=01;31:*.sar=01;31:*.rar=01;31:*.alz=01;31:*.ace=01;31:*.zoo=01;31:*.cpio=01;31:*.7z=01;31:*.rz=01;31:*.cab=01;31:*.wim=01;31:*.swm=01;31:*.dwm=01;31:*.esd=01;31:*.avif=01;35:*.jpg=01;35:*.jpeg=01;35:*.mjpg=01;35:*.mjpeg=01;35:*.gif=01;35:*.bmp=01;35:*.pbm=01;35:*.pgm=01;35:*.ppm=01;35:*.tga=01;35:*.xbm=01;35:*.xpm=01;35:*.tif=01;35:*.tiff=01;35:*.png=01;35:*.svg=01;35:*.svgz=01;35:*.mng=01;35:*.pcx=01;35:*.mov=01;35:*.mpg=01;35:*.mpeg=01;35:*.m2v=01;35:*.mkv=01;35:*.webm=01;35:*.webp=01;35:*.ogm=01;35:*.mp4=01;35:*.m4v=01;35:*.mp4v=01;35:*.vob=01;35:*.qt=01;35:*.nuv=01;35:*.wmv=01;35:*.asf=01;35:*.rm=01;35:*.rmvb=01;35:*.flc=01;35:*.avi=01;35:*.fli=01;35:*.flv=01;35:*.gl=01;35:*.dl=01;35:*.xcf=01;35:*.xwd=01;35:*.yuv=01;35:*.cgm=01;35:*.emf=01;35:*.ogv=01;35:*.ogx=01;35:*.aac=00;36:*.au=00;36:*.flac=00;36:*.m4a=00;36:*.mid=00;36:*.midi=00;36:*.mka=00;36:*.mp3=00;36:*.mpc=00;36:*.ogg=00;36:*.ra=00;36:*.wav=00;36:*.oga=00;36:*.opus=00;36:*.spx=00;36:*.xspf=00;36:*~=00;90:*#=00;90:*.bak=00;90:*.crdownload=00;90:*.dpkg-dist=00;90:*.dpkg-new=00;90:*.dpkg-old=00;90:*.dpkg-tmp=00;90:*.old=00;90:*.orig=00;90:*.part=00;90:*.rej=00;90:*.rpmnew=00;90:*.rpmorig=00;90:*.rpmsave=00;90:*.swp=00;90:*.tmp=00;90:*.ucf-dist=00;90:*.ucf-new=00;90:*.ucf-old=00;90:', 'GNOME_TERMINAL_SERVICE': ':1.781', 'SSH_AUTH_SOCK': '/run/user/1000/keyring/ssh', 'AMENT_PREFIX_PATH': '/home/user/celluleflexible_en_cours_ROS2/ros_ws/install/shuttles:/home/user/celluleflexible_en_cours_ROS2/ros_ws/install/robots:/home/user/celluleflexible_en_cours_ROS2/ros_ws/install/commande_locale:/home/user/celluleflexible_en_cours_ROS2/ros_ws/install/aiguillages:/opt/ros/jazzy', 'SHELL': '/bin/bash', 'QT_ACCESSIBILITY': '1', 'GDMSESSION': 'ubuntu', 'LESSCLOSE': '/usr/bin/lesspipe %s %s', 'ROS_AUTOMATIC_DISCOVERY_RANGE': 'SUBNET', 'QT_IM_MODULE': 'ibus', 'PWD': '/home/user/celluleflexible_en_cours_ROS2/ros_ws/build/robots', 'LC_ALL': 'en_US.UTF-8', 'XDG_CONFIG_DIRS': '/etc/xdg/xdg-ubuntu:/etc/xdg', 'DBUS_STARTER_ADDRESS': 'unix:path=/run/user/1000/bus,guid=6da02ccfb5f5be8b2dc210526992ca6b', 'XDG_DATA_DIRS': '/usr/share/ubuntu:/usr/share/gnome:/usr/local/share/:/usr/share/:/var/lib/snapd/desktop', 'PYTHONPATH': '/home/user/celluleflexible_en_cours_ROS2/ros_ws/install/shuttles/lib/python3.12/site-packages:/home/user/celluleflexible_en_cours_ROS2/ros_ws/install/commande_locale/lib/python3.12/site-packages:/home/user/celluleflexible_en_cours_ROS2/ros_ws/install/aiguillages/lib/python3.12/site-packages:/home/user/celluleflexible_en_cours_ROS2/ros_ws/install/robots/lib/python3.12/site-packages:/opt/ros/jazzy/lib/python3.12/site-packages', 'COLCON': '1', 'MEMORY_PRESSURE_WRITE': 'c29tZSAyMDAwMDAgMjAwMDAwMAA=', 'VTE_VERSION': '7600', 'CMAKE_PREFIX_PATH': '/home/user/celluleflexible_en_cours_ROS2/ros_ws/install/shuttles:/home/user/celluleflexible_en_cours_ROS2/ros_ws/install/commande_locale:/home/user/celluleflexible_en_cours_ROS2/ros_ws/install/aiguillages:/home/user/celluleflexible_en_cours_ROS2/ros_ws/install/robots:/opt/ros/jazzy/opt/gz_math_vendor:/opt/ros/jazzy/opt/gz_utils_vendor:/opt/ros/jazzy/opt/gz_cmake_vendor:/opt/ros/jazzy'}), 'shell': False}
[0.903080] (-) TimerEvent: {}
[0.953186] (robots) StdoutLine: {'line': b'[  1%] Built target robots__rosidl_generator_type_description\n'}
[0.962509] (robots) StdoutLine: {'line': b'[  1%] Built target ament_cmake_python_copy_robots\n'}
[0.976005] (robots) StdoutLine: {'line': b'[  3%] Built target robots__cpp\n'}
[0.978415] (robots) StdoutLine: {'line': b'[ 22%] Built target robots__rosidl_generator_c\n'}
[1.004128] (-) TimerEvent: {}
[1.015861] (robots) StdoutLine: {'line': b'[ 48%] Built target robots__rosidl_typesupport_fastrtps_c\n'}
[1.016561] (robots) StdoutLine: {'line': b'[ 48%] Built target robots__rosidl_typesupport_cpp\n'}
[1.017556] (robots) StdoutLine: {'line': b'[ 56%] Built target robots__rosidl_typesupport_fastrtps_cpp\n'}
[1.017773] (robots) StdoutLine: {'line': b'[ 67%] Built target robots__rosidl_typesupport_introspection_cpp\n'}
[1.017825] (robots) StdoutLine: {'line': b'[ 48%] Built target robots__rosidl_typesupport_introspection_c\n'}
[1.017857] (robots) StdoutLine: {'line': b'[ 74%] Built target robots__rosidl_typesupport_c\n'}
[1.041208] (robots) StdoutLine: {'line': b'[ 74%] Built target robots\n'}
[1.067494] (robots) StdoutLine: {'line': b'[ 75%] Built target robots__py\n'}
[1.078284] (robots) StdoutLine: {'line': b'[ 77%] \x1b[32mBuilding CXX object CMakeFiles/robot.dir/src/Robot.cpp.o\x1b[0m\n'}
[1.091376] (robots) StdoutLine: {'line': b'[ 84%] Built target robots__rosidl_generator_py\n'}
[1.106997] (-) TimerEvent: {}
[1.124338] (robots) StdoutLine: {'line': b'[ 91%] Built target robots_s__rosidl_typesupport_c\n'}
[1.124482] (robots) StdoutLine: {'line': b'[ 91%] Built target robots_s__rosidl_typesupport_introspection_c\n'}
[1.128025] (robots) StdoutLine: {'line': b'[ 94%] Built target robots_s__rosidl_typesupport_fastrtps_c\n'}
[1.138390] (robots) StdoutLine: {'line': b'running egg_info\n'}
[1.150273] (robots) StdoutLine: {'line': b'writing robots.egg-info/PKG-INFO\n'}
[1.150640] (robots) StdoutLine: {'line': b'writing dependency_links to robots.egg-info/dependency_links.txt\n'}
[1.150862] (robots) StdoutLine: {'line': b'writing top-level names to robots.egg-info/top_level.txt\n'}
[1.178881] (robots) StdoutLine: {'line': b"reading manifest file 'robots.egg-info/SOURCES.txt'\n"}
[1.179279] (robots) StdoutLine: {'line': b"writing manifest file 'robots.egg-info/SOURCES.txt'\n"}
[1.202166] (robots) StdoutLine: {'line': b'[ 94%] Built target ament_cmake_python_build_robots_egg\n'}
[1.207389] (-) TimerEvent: {}
[1.346259] (-) TimerEvent: {}
[1.541800] (-) TimerEvent: {}
[1.839334] (-) TimerEvent: {}
[2.007695] (-) TimerEvent: {}
[2.164644] (-) TimerEvent: {}
[2.356310] (-) TimerEvent: {}
[2.535525] (-) TimerEvent: {}
[2.740526] (-) TimerEvent: {}
[3.079929] (-) TimerEvent: {}
[3.217668] (-) TimerEvent: {}
[3.536679] (-) TimerEvent: {}
[3.689486] (-) TimerEvent: {}
[3.798429] (-) TimerEvent: {}
[4.059520] (-) TimerEvent: {}
[4.267138] (-) TimerEvent: {}
[4.583961] (-) TimerEvent: {}
[4.747641] (-) TimerEvent: {}
[4.856618] (-) TimerEvent: {}
[5.286353] (-) TimerEvent: {}
[5.785160] (-) TimerEvent: {}
[5.886155] (-) TimerEvent: {}
[6.076460] (-) TimerEvent: {}
[6.263480] (-) TimerEvent: {}
[6.397349] (-) TimerEvent: {}
[6.572421] (-) TimerEvent: {}
[6.698363] (-) TimerEvent: {}
[6.953741] (-) TimerEvent: {}
[7.176476] (-) TimerEvent: {}
[7.277812] (-) TimerEvent: {}
[7.387846] (-) TimerEvent: {}
[7.597802] (-) TimerEvent: {}
[7.735438] (-) TimerEvent: {}
[8.004551] (-) TimerEvent: {}
[8.167971] (-) TimerEvent: {}
[8.358404] (-) TimerEvent: {}
[8.460221] (-) TimerEvent: {}
[8.886989] (-) TimerEvent: {}
[9.141997] (-) TimerEvent: {}
[9.373995] (-) TimerEvent: {}
[9.492434] (-) TimerEvent: {}
[9.734448] (-) TimerEvent: {}
[9.970021] (-) TimerEvent: {}
[10.282518] (-) TimerEvent: {}
[10.460903] (-) TimerEvent: {}
[10.576311] (-) TimerEvent: {}
[10.763498] (-) TimerEvent: {}
[11.059904] (-) TimerEvent: {}
[11.293207] (-) TimerEvent: {}
[11.479929] (-) TimerEvent: {}
[11.582625] (-) TimerEvent: {}
[11.682995] (-) TimerEvent: {}
[12.054215] (-) TimerEvent: {}
[12.159012] (-) TimerEvent: {}
[12.543901] (-) TimerEvent: {}
[12.645341] (-) TimerEvent: {}
[12.878129] (-) TimerEvent: {}
[13.179565] (-) TimerEvent: {}
[13.439661] (-) TimerEvent: {}
[13.773014] (-) TimerEvent: {}
[14.164495] (-) TimerEvent: {}
[14.449914] (-) TimerEvent: {}
[14.649427] (-) TimerEvent: {}
[14.894824] (-) TimerEvent: {}
[15.001954] (-) TimerEvent: {}
[15.114594] (-) TimerEvent: {}
[15.215592] (-) TimerEvent: {}
[15.422420] (-) TimerEvent: {}
[15.523803] (-) TimerEvent: {}
[15.668363] (-) TimerEvent: {}
[15.792760] (-) TimerEvent: {}
[15.962623] (-) TimerEvent: {}
[16.069617] (-) TimerEvent: {}
[16.315610] (-) TimerEvent: {}
[16.532531] (-) TimerEvent: {}
[16.633320] (-) TimerEvent: {}
[16.733998] (-) TimerEvent: {}
[17.042712] (-) TimerEvent: {}
[17.177078] (-) TimerEvent: {}
[17.435696] (-) TimerEvent: {}
[17.659305] (-) TimerEvent: {}
[17.789449] (-) TimerEvent: {}
[18.137186] (-) TimerEvent: {}
[18.238963] (-) TimerEvent: {}
[18.370349] (robots) StdoutLine: {'line': b'[ 96%] \x1b[32m\x1b[1mLinking CXX executable robot\x1b[0m\n'}
[18.370598] (-) TimerEvent: {}
[18.747336] (-) TimerEvent: {}
[18.884234] (-) TimerEvent: {}
[19.084826] (-) TimerEvent: {}
[19.152838] (robots) StdoutLine: {'line': b'[100%] Built target robot\n'}
[19.164472] (robots) CommandEnded: {'returncode': 0}
[19.165694] (robots) JobProgress: {'identifier': 'robots', 'progress': 'install'}
[19.165714] (robots) Command: {'cmd': ['/usr/bin/cmake', '--install', '/home/user/celluleflexible_en_cours_ROS2/ros_ws/build/robots'], 'cwd': '/home/user/celluleflexible_en_cours_ROS2/ros_ws/build/robots', 'env': OrderedDict({'LESSOPEN': '| /usr/bin/lesspipe %s', 'USER': 'user', 'XDG_SESSION_TYPE': 'wayland', 'SHLVL': '1', 'LD_LIBRARY_PATH': '/home/user/celluleflexible_en_cours_ROS2/ros_ws/install/shuttles/lib:/home/user/celluleflexible_en_cours_ROS2/ros_ws/install/commande_locale/lib:/home/user/celluleflexible_en_cours_ROS2/ros_ws/install/aiguillages/lib:/home/user/celluleflexible_en_cours_ROS2/ros_ws/install/robots/lib:/opt/ros/jazzy/opt/rviz_ogre_vendor/lib:/opt/ros/jazzy/lib/x86_64-linux-gnu:/opt/ros/jazzy/opt/gz_math_vendor/lib:/opt/ros/jazzy/opt/gz_utils_vendor/lib:/opt/ros/jazzy/opt/gz_cmake_vendor/lib:/opt/ros/jazzy/lib', 'HOME': '/home/user', 'DESKTOP_SESSION': 'ubuntu', 'ROS_PYTHON_VERSION': '3', 'GNOME_SHELL_SESSION_MODE': 'ubuntu', 'GTK_MODULES': 'gail:atk-bridge', 'DBUS_STARTER_BUS_TYPE': 'session', 'SYSTEMD_EXEC_PID': '2240', 'GSM_SKIP_SSH_AGENT_WORKAROUND': 'true', 'DBUS_SESSION_BUS_ADDRESS': 'unix:path=/run/user/1000/bus,guid=6da02ccfb5f5be8b2dc210526992ca6b', 'COLORTERM': 'truecolor', 'DEBUGINFOD_URLS': 'https://debuginfod.ubuntu.com', 'IM_CONFIG_PHASE': '1', 'WAYLAND_DISPLAY': 'wayland-0', 'COLCON_PREFIX_PATH': '/home/user/celluleflexible_en_cours_ROS2/ros_ws/install', 'ROS_DISTRO': 'jazzy', 'LOGNAME': 'user', '_': '/usr/bin/colcon', 'ROS_VERSION': '2', 'MEMORY_PRESSURE_WATCH': '/sys/fs/cgroup/user.slice/user-1000.slice/user@1000.service/app.slice/app-gnome\\x2dsession\\x2dmanager.slice/gnome-session-manager@ubuntu.service/memory.pressure', 'XDG_SESSION_CLASS': 'user', 'USERNAME': 'user', 'TERM': 'xterm-256color', 'GNOME_DESKTOP_SESSION_ID': 'this-is-deprecated', 'PATH': '/opt/ros/jazzy/bin:/usr/local/sbin:/usr/local/bin:/usr/sbin:/usr/bin:/sbin:/bin:/usr/games:/usr/local/games:/snap/bin:/snap/bin', 'SESSION_MANAGER': 'local/Ubuntu:@/tmp/.ICE-unix/2240,unix/Ubuntu:/tmp/.ICE-unix/2240', 'XDG_MENU_PREFIX': 'gnome-', 'GNOME_TERMINAL_SCREEN': '/org/gnome/Terminal/screen/c7962f18_f474_48af_ace3_a3479f78beab', 'GNOME_SETUP_DISPLAY': ':1', 'XDG_RUNTIME_DIR': '/run/user/1000', 'DISPLAY': ':0', 'LANG': 'en_US.UTF-8', 'XDG_CURRENT_DESKTOP': 'ubuntu:GNOME', 'XMODIFIERS': '@im=ibus', 'XDG_SESSION_DESKTOP': 'ubuntu', 'XAUTHORITY': '/run/user/1000/.mutter-Xwaylandauth.HCD1K3', 'LS_COLORS': 'rs=0:di=01;34:ln=01;36:mh=00:pi=40;33:so=01;35:do=01;35:bd=40;33;01:cd=40;33;01:or=40;31;01:mi=00:su=37;41:sg=30;43:ca=00:tw=30;42:ow=34;42:st=37;44:ex=01;32:*.tar=01;31:*.tgz=01;31:*.arc=01;31:*.arj=01;31:*.taz=01;31:*.lha=01;31:*.lz4=01;31:*.lzh=01;31:*.lzma=01;31:*.tlz=01;31:*.txz=01;31:*.tzo=01;31:*.t7z=01;31:*.zip=01;31:*.z=01;31:*.dz=01;31:*.gz=01;31:*.lrz=01;31:*.lz=01;31:*.lzo=01;31:*.xz=01;31:*.zst=01;31:*.tzst=01;31:*.bz2=01;31:*.bz=01;31:*.tbz=01;31:*.tbz2=01;31:*.tz=01;31:*.deb=01;31:*.rpm=01;31:*.jar=01;31:*.war=01;31:*.ear=01;31:*.sar=01;31:*.rar=01;31:*.alz=01;31:*.ace=01;31:*.zoo=01;31:*.cpio=01;31:*.7z=01;31:*.rz=01;31:*.cab=01;31:*.wim=01;31:*.swm=01;31:*.dwm=01;31:*.esd=01;31:*.avif=01;35:*.jpg=01;35:*.jpeg=01;35:*.mjpg=01;35:*.mjpeg=01;35:*.gif=01;35:*.bmp=01;35:*.pbm=01;35:*.pgm=01;35:*.ppm=01;35:*.tga=01;35:*.xbm=01;35:*.xpm=01;35:*.tif=01;35:*.tiff=01;35:*.png=01;35:*.svg=01;35:*.svgz=01;35:*.mng=01;35:*.pcx=01;35:*.mov=01;35:*.mpg=01;35:*.mpeg=01;35:*.m2v=01;35:*.mkv=01;35:*.webm=01;35:*.webp=01;35:*.ogm=01;35:*.mp4=01;35:*.m4v=01;35:*.mp4v=01;35:*.vob=01;35:*.qt=01;35:*.nuv=01;35:*.wmv=01;35:*.asf=01;35:*.rm=01;35:*.rmvb=01;35:*.flc=01;35:*.avi=01;35:*.fli=01;35:*.flv=01;35:*.gl=01;35:*.dl=01;35:*.xcf=01;35:*.xwd=01;35:*.yuv=01;35:*.cgm=01;35:*.emf=01;35:*.ogv=01;35:*.ogx=01;35:*.aac=00;36:*.au=00;36:*.flac=00;36:*.m4a=00;36:*.mid=00;36:*.midi=00;36:*.mka=00;36:*.mp3=00;36:*.mpc=00;36:*.ogg=00;36:*.ra=00;36:*.wav=00;36:*.oga=00;36:*.opus=00;36:*.spx=00;36:*.xspf=00;36:*~=00;90:*#=00;90:*.bak=00;90:*.crdownload=00;90:*.dpkg-dist=00;90:*.dpkg-new=00;90:*.dpkg-old=00;90:*.dpkg-tmp=00;90:*.old=00;90:*.orig=00;90:*.part=00;90:*.rej=00;90:*.rpmnew=00;90:*.rpmorig=00;90:*.rpmsave=00;90:*.swp=00;90:*.tmp=00;90:*.ucf-dist=00;90:*.ucf-new=00;90:*.ucf-old=00;90:', 'GNOME_TERMINAL_SERVICE': ':1.781', 'SSH_AUTH_SOCK': '/run/user/1000/keyring/ssh', 'AMENT_PREFIX_PATH': '/home/user/celluleflexible_en_cours_ROS2/ros_ws/install/shuttles:/home/user/celluleflexible_en_cours_ROS2/ros_ws/install/robots:/home/user/celluleflexible_en_cours_ROS2/ros_ws/install/commande_locale:/home/user/celluleflexible_en_cours_ROS2/ros_ws/install/aiguillages:/opt/ros/jazzy', 'SHELL': '/bin/bash', 'QT_ACCESSIBILITY': '1', 'GDMSESSION': 'ubuntu', 'LESSCLOSE': '/usr/bin/lesspipe %s %s', 'ROS_AUTOMATIC_DISCOVERY_RANGE': 'SUBNET', 'QT_IM_MODULE': 'ibus', 'PWD': '/home/user/celluleflexible_en_cours_ROS2/ros_ws/build/robots', 'LC_ALL': 'en_US.UTF-8', 'XDG_CONFIG_DIRS': '/etc/xdg/xdg-ubuntu:/etc/xdg', 'DBUS_STARTER_ADDRESS': 'unix:path=/run/user/1000/bus,guid=6da02ccfb5f5be8b2dc210526992ca6b', 'XDG_DATA_DIRS': '/usr/share/ubuntu:/usr/share/gnome:/usr/local/share/:/usr/share/:/var/lib/snapd/desktop', 'PYTHONPATH': '/home/user/celluleflexible_en_cours_ROS2/ros_ws/install/shuttles/lib/python3.12/site-packages:/home/user/celluleflexible_en_cours_ROS2/ros_ws/install/commande_locale/lib/python3.12/site-packages:/home/user/celluleflexible_en_cours_ROS2/ros_ws/install/aiguillages/lib/python3.12/site-packages:/home/user/celluleflexible_en_cours_ROS2/ros_ws/install/robots/lib/python3.12/site-packages:/opt/ros/jazzy/lib/python3.12/site-packages', 'COLCON': '1', 'MEMORY_PRESSURE_WRITE': 'c29tZSAyMDAwMDAgMjAwMDAwMAA=', 'VTE_VERSION': '7600', 'CMAKE_PREFIX_PATH': '/home/user/celluleflexible_en_cours_ROS2/ros_ws/install/shuttles:/home/user/celluleflexible_en_cours_ROS2/ros_ws/install/commande_locale:/home/user/celluleflexible_en_cours_ROS2/ros_ws/install/aiguillages:/home/user/celluleflexible_en_cours_ROS2/ros_ws/install/robots:/opt/ros/jazzy/opt/gz_math_vendor:/opt/ros/jazzy/opt/gz_utils_vendor:/opt/ros/jazzy/opt/gz_cmake_vendor:/opt/ros/jazzy'}), 'shell': False}
[19.172811] (robots) StdoutLine: {'line': b'-- Install configuration: ""\n'}
[19.172993] (robots) StdoutLine: {'line': b'-- Up-to-date: /home/user/celluleflexible_en_cours_ROS2/ros_ws/install/robots/share/ament_index/resource_index/rosidl_interfaces/robots\n'}
[19.173234] (robots) StdoutLine: {'line': b'-- Up-to-date: /home/user/celluleflexible_en_cours_ROS2/ros_ws/install/robots/share/robots/msg/MoveRobot.json\n'}
[19.173316] (robots) StdoutLine: {'line': b'-- Up-to-date: /home/user/celluleflexible_en_cours_ROS2/ros_ws/install/robots/share/robots/msg/FaireTacheMsg.json\n'}
[19.173756] (robots) StdoutLine: {'line': b'-- Up-to-date: /home/user/celluleflexible_en_cours_ROS2/ros_ws/install/robots/share/robots/msg/MsgNumRobot.json\n'}
[19.173811] (robots) StdoutLine: {'line': b'-- Up-to-date: /home/user/celluleflexible_en_cours_ROS2/ros_ws/install/robots/include/robots/robots\n'}
[19.173838] (robots) StdoutLine: {'line': b'-- Up-to-date: /home/user/celluleflexible_en_cours_ROS2/ros_ws/install/robots/include/robots/robots/msg\n'}
[19.173908] (robots) StdoutLine: {'line': b'-- Up-to-date: /home/user/celluleflexible_en_cours_ROS2/ros_ws/install/robots/include/robots/robots/msg/move_robot.h\n'}
[19.173977] (robots) StdoutLine: {'line': b'-- Up-to-date: /home/user/celluleflexible_en_cours_ROS2/ros_ws/install/robots/include/robots/robots/msg/rosidl_generator_c__visibility_control.h\n'}
[19.174203] (robots) StdoutLine: {'line': b'-- Up-to-date: /home/user/celluleflexible_en_cours_ROS2/ros_ws/install/robots/include/robots/robots/msg/faire_tache_msg.h\n'}
[19.174303] (robots) StdoutLine: {'line': b'-- Up-to-date: /home/user/celluleflexible_en_cours_ROS2/ros_ws/install/robots/include/robots/robots/msg/msg_num_robot.h\n'}
[19.174357] (robots) StdoutLine: {'line': b'-- Up-to-date: /home/user/celluleflexible_en_cours_ROS2/ros_ws/install/robots/include/robots/robots/msg/detail\n'}
[19.174391] (robots) StdoutLine: {'line': b'-- Up-to-date: /home/user/celluleflexible_en_cours_ROS2/ros_ws/install/robots/include/robots/robots/msg/detail/move_robot__functions.c\n'}
[19.174453] (robots) StdoutLine: {'line': b'-- Up-to-date: /home/user/celluleflexible_en_cours_ROS2/ros_ws/install/robots/include/robots/robots/msg/detail/faire_tache_msg__type_support.h\n'}
[19.174516] (robots) StdoutLine: {'line': b'-- Up-to-date: /home/user/celluleflexible_en_cours_ROS2/ros_ws/install/robots/include/robots/robots/msg/detail/msg_num_robot__description.c\n'}
[19.174663] (robots) StdoutLine: {'line': b'-- Up-to-date: /home/user/celluleflexible_en_cours_ROS2/ros_ws/install/robots/include/robots/robots/msg/detail/move_robot__struct.h\n'}
[19.174704] (robots) StdoutLine: {'line': b'-- Up-to-date: /home/user/celluleflexible_en_cours_ROS2/ros_ws/install/robots/include/robots/robots/msg/detail/faire_tache_msg__functions.c\n'}
[19.174729] (robots) StdoutLine: {'line': b'-- Up-to-date: /home/user/celluleflexible_en_cours_ROS2/ros_ws/install/robots/include/robots/robots/msg/detail/move_robot__type_support.h\n'}
[19.174791] (robots) StdoutLine: {'line': b'-- Up-to-date: /home/user/celluleflexible_en_cours_ROS2/ros_ws/install/robots/include/robots/robots/msg/detail/msg_num_robot__type_support.c\n'}
[19.174858] (robots) StdoutLine: {'line': b'-- Up-to-date: /home/user/celluleflexible_en_cours_ROS2/ros_ws/install/robots/include/robots/robots/msg/detail/faire_tache_msg__description.c\n'}
[19.174926] (robots) StdoutLine: {'line': b'-- Up-to-date: /home/user/celluleflexible_en_cours_ROS2/ros_ws/install/robots/include/robots/robots/msg/detail/faire_tache_msg__struct.h\n'}
[19.175069] (robots) StdoutLine: {'line': b'-- Up-to-date: /home/user/celluleflexible_en_cours_ROS2/ros_ws/install/robots/include/robots/robots/msg/detail/msg_num_robot__functions.h\n'}
[19.175104] (robots) StdoutLine: {'line': b'-- Up-to-date: /home/user/celluleflexible_en_cours_ROS2/ros_ws/install/robots/include/robots/robots/msg/detail/move_robot__type_support.c\n'}
[19.175134] (robots) StdoutLine: {'line': b'-- Up-to-date: /home/user/celluleflexible_en_cours_ROS2/ros_ws/install/robots/include/robots/robots/msg/detail/msg_num_robot__struct.h\n'}
[19.175157] (robots) StdoutLine: {'line': b'-- Up-to-date: /home/user/celluleflexible_en_cours_ROS2/ros_ws/install/robots/include/robots/robots/msg/detail/msg_num_robot__type_support.h\n'}
[19.175180] (robots) StdoutLine: {'line': b'-- Up-to-date: /home/user/celluleflexible_en_cours_ROS2/ros_ws/install/robots/include/robots/robots/msg/detail/faire_tache_msg__type_support.c\n'}
[19.175202] (robots) StdoutLine: {'line': b'-- Up-to-date: /home/user/celluleflexible_en_cours_ROS2/ros_ws/install/robots/include/robots/robots/msg/detail/msg_num_robot__functions.c\n'}
[19.175344] (robots) StdoutLine: {'line': b'-- Up-to-date: /home/user/celluleflexible_en_cours_ROS2/ros_ws/install/robots/include/robots/robots/msg/detail/move_robot__description.c\n'}
[19.175382] (robots) StdoutLine: {'line': b'-- Up-to-date: /home/user/celluleflexible_en_cours_ROS2/ros_ws/install/robots/include/robots/robots/msg/detail/move_robot__functions.h\n'}
[19.175407] (robots) StdoutLine: {'line': b'-- Up-to-date: /home/user/celluleflexible_en_cours_ROS2/ros_ws/install/robots/include/robots/robots/msg/detail/faire_tache_msg__functions.h\n'}
[19.175432] (robots) StdoutLine: {'line': b'-- Up-to-date: /home/user/celluleflexible_en_cours_ROS2/ros_ws/install/robots/share/robots/environment/library_path.sh\n'}
[19.175520] (robots) StdoutLine: {'line': b'-- Up-to-date: /home/user/celluleflexible_en_cours_ROS2/ros_ws/install/robots/share/robots/environment/library_path.dsv\n'}
[19.175552] (robots) StdoutLine: {'line': b'-- Up-to-date: /home/user/celluleflexible_en_cours_ROS2/ros_ws/install/robots/lib/librobots__rosidl_generator_c.so\n'}
[19.175576] (robots) StdoutLine: {'line': b'-- Up-to-date: /home/user/celluleflexible_en_cours_ROS2/ros_ws/install/robots/include/robots/robots\n'}
[19.175599] (robots) StdoutLine: {'line': b'-- Up-to-date: /home/user/celluleflexible_en_cours_ROS2/ros_ws/install/robots/include/robots/robots/msg\n'}
[19.175620] (robots) StdoutLine: {'line': b'-- Up-to-date: /home/user/celluleflexible_en_cours_ROS2/ros_ws/install/robots/include/robots/robots/msg/rosidl_typesupport_fastrtps_c__visibility_control.h\n'}
[19.175643] (robots) StdoutLine: {'line': b'-- Up-to-date: /home/user/celluleflexible_en_cours_ROS2/ros_ws/install/robots/include/robots/robots/msg/detail\n'}
[19.175702] (robots) StdoutLine: {'line': b'-- Up-to-date: /home/user/celluleflexible_en_cours_ROS2/ros_ws/install/robots/include/robots/robots/msg/detail/move_robot__rosidl_typesupport_fastrtps_c.h\n'}
[19.175732] (robots) StdoutLine: {'line': b'-- Up-to-date: /home/user/celluleflexible_en_cours_ROS2/ros_ws/install/robots/include/robots/robots/msg/detail/msg_num_robot__rosidl_typesupport_fastrtps_c.h\n'}
[19.175757] (robots) StdoutLine: {'line': b'-- Up-to-date: /home/user/celluleflexible_en_cours_ROS2/ros_ws/install/robots/include/robots/robots/msg/detail/faire_tache_msg__rosidl_typesupport_fastrtps_c.h\n'}
[19.175780] (robots) StdoutLine: {'line': b'-- Up-to-date: /home/user/celluleflexible_en_cours_ROS2/ros_ws/install/robots/lib/librobots__rosidl_typesupport_fastrtps_c.so\n'}
[19.175839] (robots) StdoutLine: {'line': b'-- Up-to-date: /home/user/celluleflexible_en_cours_ROS2/ros_ws/install/robots/include/robots/robots\n'}
[19.175866] (robots) StdoutLine: {'line': b'-- Up-to-date: /home/user/celluleflexible_en_cours_ROS2/ros_ws/install/robots/include/robots/robots/msg\n'}
[19.175888] (robots) StdoutLine: {'line': b'-- Up-to-date: /home/user/celluleflexible_en_cours_ROS2/ros_ws/install/robots/include/robots/robots/msg/faire_tache_msg.hpp\n'}
[19.176673] (robots) StdoutLine: {'line': b'-- Up-to-date: /home/user/celluleflexible_en_cours_ROS2/ros_ws/install/robots/include/robots/robots/msg/rosidl_generator_cpp__visibility_control.hpp\n'}
[19.176752] (robots) StdoutLine: {'line': b'-- Up-to-date: /home/user/celluleflexible_en_cours_ROS2/ros_ws/install/robots/include/robots/robots/msg/move_robot.hpp\n'}
[19.176786] (robots) StdoutLine: {'line': b'-- Up-to-date: /home/user/celluleflexible_en_cours_ROS2/ros_ws/install/robots/include/robots/robots/msg/msg_num_robot.hpp\n'}
[19.176816] (robots) StdoutLine: {'line': b'-- Up-to-date: /home/user/celluleflexible_en_cours_ROS2/ros_ws/install/robots/include/robots/robots/msg/detail\n'}
[19.176844] (robots) StdoutLine: {'line': b'-- Up-to-date: /home/user/celluleflexible_en_cours_ROS2/ros_ws/install/robots/include/robots/robots/msg/detail/msg_num_robot__traits.hpp\n'}
[19.176870] (robots) StdoutLine: {'line': b'-- Up-to-date: /home/user/celluleflexible_en_cours_ROS2/ros_ws/install/robots/include/robots/robots/msg/detail/faire_tache_msg__traits.hpp\n'}
[19.176895] (robots) StdoutLine: {'line': b'-- Up-to-date: /home/user/celluleflexible_en_cours_ROS2/ros_ws/install/robots/include/robots/robots/msg/detail/faire_tache_msg__type_support.hpp\n'}
[19.176919] (robots) StdoutLine: {'line': b'-- Up-to-date: /home/user/celluleflexible_en_cours_ROS2/ros_ws/install/robots/include/robots/robots/msg/detail/move_robot__type_support.hpp\n'}
[19.176943] (robots) StdoutLine: {'line': b'-- Up-to-date: /home/user/celluleflexible_en_cours_ROS2/ros_ws/install/robots/include/robots/robots/msg/detail/faire_tache_msg__builder.hpp\n'}
[19.176966] (robots) StdoutLine: {'line': b'-- Up-to-date: /home/user/celluleflexible_en_cours_ROS2/ros_ws/install/robots/include/robots/robots/msg/detail/move_robot__builder.hpp\n'}
[19.176994] (robots) StdoutLine: {'line': b'-- Up-to-date: /home/user/celluleflexible_en_cours_ROS2/ros_ws/install/robots/include/robots/robots/msg/detail/move_robot__traits.hpp\n'}
[19.177017] (robots) StdoutLine: {'line': b'-- Up-to-date: /home/user/celluleflexible_en_cours_ROS2/ros_ws/install/robots/include/robots/robots/msg/detail/msg_num_robot__struct.hpp\n'}
[19.177041] (robots) StdoutLine: {'line': b'-- Up-to-date: /home/user/celluleflexible_en_cours_ROS2/ros_ws/install/robots/include/robots/robots/msg/detail/faire_tache_msg__struct.hpp\n'}
[19.177064] (robots) StdoutLine: {'line': b'-- Up-to-date: /home/user/celluleflexible_en_cours_ROS2/ros_ws/install/robots/include/robots/robots/msg/detail/msg_num_robot__builder.hpp\n'}
[19.177087] (robots) StdoutLine: {'line': b'-- Up-to-date: /home/user/celluleflexible_en_cours_ROS2/ros_ws/install/robots/include/robots/robots/msg/detail/move_robot__struct.hpp\n'}
[19.177109] (robots) StdoutLine: {'line': b'-- Up-to-date: /home/user/celluleflexible_en_cours_ROS2/ros_ws/install/robots/include/robots/robots/msg/detail/msg_num_robot__type_support.hpp\n'}
[19.177131] (robots) StdoutLine: {'line': b'-- Up-to-date: /home/user/celluleflexible_en_cours_ROS2/ros_ws/install/robots/include/robots/robots\n'}
[19.177153] (robots) StdoutLine: {'line': b'-- Up-to-date: /home/user/celluleflexible_en_cours_ROS2/ros_ws/install/robots/include/robots/robots/msg\n'}
[19.177178] (robots) StdoutLine: {'line': b'-- Up-to-date: /home/user/celluleflexible_en_cours_ROS2/ros_ws/install/robots/include/robots/robots/msg/detail\n'}
[19.177200] (robots) StdoutLine: {'line': b'-- Up-to-date: /home/user/celluleflexible_en_cours_ROS2/ros_ws/install/robots/include/robots/robots/msg/detail/msg_num_robot__rosidl_typesupport_fastrtps_cpp.hpp\n'}
[19.177223] (robots) StdoutLine: {'line': b'-- Up-to-date: /home/user/celluleflexible_en_cours_ROS2/ros_ws/install/robots/include/robots/robots/msg/detail/faire_tache_msg__rosidl_typesupport_fastrtps_cpp.hpp\n'}
[19.177246] (robots) StdoutLine: {'line': b'-- Up-to-date: /home/user/celluleflexible_en_cours_ROS2/ros_ws/install/robots/include/robots/robots/msg/detail/move_robot__rosidl_typesupport_fastrtps_cpp.hpp\n'}
[19.177270] (robots) StdoutLine: {'line': b'-- Up-to-date: /home/user/celluleflexible_en_cours_ROS2/ros_ws/install/robots/include/robots/robots/msg/detail/dds_fastrtps\n'}
[19.177292] (robots) StdoutLine: {'line': b'-- Up-to-date: /home/user/celluleflexible_en_cours_ROS2/ros_ws/install/robots/include/robots/robots/msg/rosidl_typesupport_fastrtps_cpp__visibility_control.h\n'}
[19.177315] (robots) StdoutLine: {'line': b'-- Up-to-date: /home/user/celluleflexible_en_cours_ROS2/ros_ws/install/robots/lib/librobots__rosidl_typesupport_fastrtps_cpp.so\n'}
[19.177335] (robots) StdoutLine: {'line': b'-- Up-to-date: /home/user/celluleflexible_en_cours_ROS2/ros_ws/install/robots/include/robots/robots\n'}
[19.177356] (robots) StdoutLine: {'line': b'-- Up-to-date: /home/user/celluleflexible_en_cours_ROS2/ros_ws/install/robots/include/robots/robots/msg\n'}
[19.177376] (robots) StdoutLine: {'line': b'-- Up-to-date: /home/user/celluleflexible_en_cours_ROS2/ros_ws/install/robots/include/robots/robots/msg/rosidl_typesupport_introspection_c__visibility_control.h\n'}
[19.177397] (robots) StdoutLine: {'line': b'-- Up-to-date: /home/user/celluleflexible_en_cours_ROS2/ros_ws/install/robots/include/robots/robots/msg/detail\n'}
[19.177436] (robots) StdoutLine: {'line': b'-- Up-to-date: /home/user/celluleflexible_en_cours_ROS2/ros_ws/install/robots/include/robots/robots/msg/detail/faire_tache_msg__rosidl_typesupport_introspection_c.h\n'}
[19.177467] (robots) StdoutLine: {'line': b'-- Up-to-date: /home/user/celluleflexible_en_cours_ROS2/ros_ws/install/robots/include/robots/robots/msg/detail/msg_num_robot__rosidl_typesupport_introspection_c.h\n'}
[19.177491] (robots) StdoutLine: {'line': b'-- Up-to-date: /home/user/celluleflexible_en_cours_ROS2/ros_ws/install/robots/include/robots/robots/msg/detail/msg_num_robot__type_support.c\n'}
[19.177513] (robots) StdoutLine: {'line': b'-- Up-to-date: /home/user/celluleflexible_en_cours_ROS2/ros_ws/install/robots/include/robots/robots/msg/detail/move_robot__type_support.c\n'}
[19.177534] (robots) StdoutLine: {'line': b'-- Up-to-date: /home/user/celluleflexible_en_cours_ROS2/ros_ws/install/robots/include/robots/robots/msg/detail/move_robot__rosidl_typesupport_introspection_c.h\n'}
[19.177555] (robots) StdoutLine: {'line': b'-- Up-to-date: /home/user/celluleflexible_en_cours_ROS2/ros_ws/install/robots/include/robots/robots/msg/detail/faire_tache_msg__type_support.c\n'}
[19.177575] (robots) StdoutLine: {'line': b'-- Up-to-date: /home/user/celluleflexible_en_cours_ROS2/ros_ws/install/robots/lib/librobots__rosidl_typesupport_introspection_c.so\n'}
[19.177596] (robots) StdoutLine: {'line': b'-- Up-to-date: /home/user/celluleflexible_en_cours_ROS2/ros_ws/install/robots/lib/librobots__rosidl_typesupport_c.so\n'}
[19.177616] (robots) StdoutLine: {'line': b'-- Up-to-date: /home/user/celluleflexible_en_cours_ROS2/ros_ws/install/robots/include/robots/robots\n'}
[19.177637] (robots) StdoutLine: {'line': b'-- Up-to-date: /home/user/celluleflexible_en_cours_ROS2/ros_ws/install/robots/include/robots/robots/msg\n'}
[19.177657] (robots) StdoutLine: {'line': b'-- Up-to-date: /home/user/celluleflexible_en_cours_ROS2/ros_ws/install/robots/include/robots/robots/msg/detail\n'}
[19.177680] (robots) StdoutLine: {'line': b'-- Up-to-date: /home/user/celluleflexible_en_cours_ROS2/ros_ws/install/robots/include/robots/robots/msg/detail/faire_tache_msg__type_support.cpp\n'}
[19.177703] (robots) StdoutLine: {'line': b'-- Up-to-date: /home/user/celluleflexible_en_cours_ROS2/ros_ws/install/robots/include/robots/robots/msg/detail/msg_num_robot__type_support.cpp\n'}
[19.177723] (robots) StdoutLine: {'line': b'-- Up-to-date: /home/user/celluleflexible_en_cours_ROS2/ros_ws/install/robots/include/robots/robots/msg/detail/move_robot__rosidl_typesupport_introspection_cpp.hpp\n'}
[19.177743] (robots) StdoutLine: {'line': b'-- Up-to-date: /home/user/celluleflexible_en_cours_ROS2/ros_ws/install/robots/include/robots/robots/msg/detail/msg_num_robot__rosidl_typesupport_introspection_cpp.hpp\n'}
[19.177763] (robots) StdoutLine: {'line': b'-- Up-to-date: /home/user/celluleflexible_en_cours_ROS2/ros_ws/install/robots/include/robots/robots/msg/detail/faire_tache_msg__rosidl_typesupport_introspection_cpp.hpp\n'}
[19.177782] (robots) StdoutLine: {'line': b'-- Up-to-date: /home/user/celluleflexible_en_cours_ROS2/ros_ws/install/robots/include/robots/robots/msg/detail/move_robot__type_support.cpp\n'}
[19.177802] (robots) StdoutLine: {'line': b'-- Up-to-date: /home/user/celluleflexible_en_cours_ROS2/ros_ws/install/robots/lib/librobots__rosidl_typesupport_introspection_cpp.so\n'}
[19.177822] (robots) StdoutLine: {'line': b'-- Up-to-date: /home/user/celluleflexible_en_cours_ROS2/ros_ws/install/robots/lib/librobots__rosidl_typesupport_cpp.so\n'}
[19.177842] (robots) StdoutLine: {'line': b'-- Up-to-date: /home/user/celluleflexible_en_cours_ROS2/ros_ws/install/robots/share/robots/environment/pythonpath.sh\n'}
[19.177862] (robots) StdoutLine: {'line': b'-- Up-to-date: /home/user/celluleflexible_en_cours_ROS2/ros_ws/install/robots/share/robots/environment/pythonpath.dsv\n'}
[19.177882] (robots) StdoutLine: {'line': b'-- Up-to-date: /home/user/celluleflexible_en_cours_ROS2/ros_ws/install/robots/lib/python3.12/site-packages/robots-3.1.2-py3.12.egg-info\n'}
[19.177903] (robots) StdoutLine: {'line': b'-- Installing: /home/user/celluleflexible_en_cours_ROS2/ros_ws/install/robots/lib/python3.12/site-packages/robots-3.1.2-py3.12.egg-info/SOURCES.txt\n'}
[19.177923] (robots) StdoutLine: {'line': b'-- Installing: /home/user/celluleflexible_en_cours_ROS2/ros_ws/install/robots/lib/python3.12/site-packages/robots-3.1.2-py3.12.egg-info/top_level.txt\n'}
[19.177942] (robots) StdoutLine: {'line': b'-- Installing: /home/user/celluleflexible_en_cours_ROS2/ros_ws/install/robots/lib/python3.12/site-packages/robots-3.1.2-py3.12.egg-info/PKG-INFO\n'}
[19.177961] (robots) StdoutLine: {'line': b'-- Installing: /home/user/celluleflexible_en_cours_ROS2/ros_ws/install/robots/lib/python3.12/site-packages/robots-3.1.2-py3.12.egg-info/dependency_links.txt\n'}
[19.177981] (robots) StdoutLine: {'line': b'-- Up-to-date: /home/user/celluleflexible_en_cours_ROS2/ros_ws/install/robots/lib/python3.12/site-packages/robots\n'}
[19.178001] (robots) StdoutLine: {'line': b'-- Up-to-date: /home/user/celluleflexible_en_cours_ROS2/ros_ws/install/robots/lib/python3.12/site-packages/robots/robots_s__rosidl_typesupport_c.so\n'}
[19.178022] (robots) StdoutLine: {'line': b'-- Up-to-date: /home/user/celluleflexible_en_cours_ROS2/ros_ws/install/robots/lib/python3.12/site-packages/robots/_robots_s.ep.rosidl_typesupport_c.c\n'}
[19.178042] (robots) StdoutLine: {'line': b'-- Up-to-date: /home/user/celluleflexible_en_cours_ROS2/ros_ws/install/robots/lib/python3.12/site-packages/robots/msg\n'}
[19.178062] (robots) StdoutLine: {'line': b'-- Up-to-date: /home/user/celluleflexible_en_cours_ROS2/ros_ws/install/robots/lib/python3.12/site-packages/robots/msg/_move_robot_s.c\n'}
[19.178081] (robots) StdoutLine: {'line': b'-- Up-to-date: /home/user/celluleflexible_en_cours_ROS2/ros_ws/install/robots/lib/python3.12/site-packages/robots/msg/_move_robot.py\n'}
[19.178100] (robots) StdoutLine: {'line': b'-- Up-to-date: /home/user/celluleflexible_en_cours_ROS2/ros_ws/install/robots/lib/python3.12/site-packages/robots/msg/_msg_num_robot.py\n'}
[19.178122] (robots) StdoutLine: {'line': b'-- Up-to-date: /home/user/celluleflexible_en_cours_ROS2/ros_ws/install/robots/lib/python3.12/site-packages/robots/msg/__init__.py\n'}
[19.178141] (robots) StdoutLine: {'line': b'-- Up-to-date: /home/user/celluleflexible_en_cours_ROS2/ros_ws/install/robots/lib/python3.12/site-packages/robots/msg/_msg_num_robot_s.c\n'}
[19.178160] (robots) StdoutLine: {'line': b'-- Up-to-date: /home/user/celluleflexible_en_cours_ROS2/ros_ws/install/robots/lib/python3.12/site-packages/robots/msg/_faire_tache_msg_s.c\n'}
[19.178180] (robots) StdoutLine: {'line': b'-- Up-to-date: /home/user/celluleflexible_en_cours_ROS2/ros_ws/install/robots/lib/python3.12/site-packages/robots/msg/_faire_tache_msg.py\n'}
[19.178200] (robots) StdoutLine: {'line': b'-- Up-to-date: /home/user/celluleflexible_en_cours_ROS2/ros_ws/install/robots/lib/python3.12/site-packages/robots/__init__.py\n'}
[19.178219] (robots) StdoutLine: {'line': b'-- Up-to-date: /home/user/celluleflexible_en_cours_ROS2/ros_ws/install/robots/lib/python3.12/site-packages/robots/robots_s__rosidl_typesupport_introspection_c.so\n'}
[19.178238] (robots) StdoutLine: {'line': b'-- Up-to-date: /home/user/celluleflexible_en_cours_ROS2/ros_ws/install/robots/lib/python3.12/site-packages/robots/_robots_s.ep.rosidl_typesupport_introspection_c.c\n'}
[19.178257] (robots) StdoutLine: {'line': b'-- Up-to-date: /home/user/celluleflexible_en_cours_ROS2/ros_ws/install/robots/lib/python3.12/site-packages/robots/_robots_s.ep.rosidl_typesupport_fastrtps_c.c\n'}
[19.178287] (robots) StdoutLine: {'line': b'-- Up-to-date: /home/user/celluleflexible_en_cours_ROS2/ros_ws/install/robots/lib/python3.12/site-packages/robots/robots_s__rosidl_typesupport_fastrtps_c.so\n'}
[19.185241] (-) TimerEvent: {}
[19.220185] (robots) StdoutLine: {'line': b"Listing '/home/user/celluleflexible_en_cours_ROS2/ros_ws/install/robots/lib/python3.12/site-packages/robots'...\n"}
[19.220332] (robots) StdoutLine: {'line': b"Listing '/home/user/celluleflexible_en_cours_ROS2/ros_ws/install/robots/lib/python3.12/site-packages/robots/msg'...\n"}
[19.223633] (robots) StdoutLine: {'line': b'-- Up-to-date: /home/user/celluleflexible_en_cours_ROS2/ros_ws/install/robots/lib/python3.12/site-packages/robots/robots_s__rosidl_typesupport_fastrtps_c.so\n'}
[19.224106] (robots) StdoutLine: {'line': b'-- Up-to-date: /home/user/celluleflexible_en_cours_ROS2/ros_ws/install/robots/lib/python3.12/site-packages/robots/robots_s__rosidl_typesupport_introspection_c.so\n'}
[19.224316] (robots) StdoutLine: {'line': b'-- Up-to-date: /home/user/celluleflexible_en_cours_ROS2/ros_ws/install/robots/lib/python3.12/site-packages/robots/robots_s__rosidl_typesupport_c.so\n'}
[19.224470] (robots) StdoutLine: {'line': b'-- Up-to-date: /home/user/celluleflexible_en_cours_ROS2/ros_ws/install/robots/lib/librobots__rosidl_generator_py.so\n'}
[19.224678] (robots) StdoutLine: {'line': b'-- Up-to-date: /home/user/celluleflexible_en_cours_ROS2/ros_ws/install/robots/share/robots/msg/MoveRobot.idl\n'}
[19.224902] (robots) StdoutLine: {'line': b'-- Up-to-date: /home/user/celluleflexible_en_cours_ROS2/ros_ws/install/robots/share/robots/msg/FaireTacheMsg.idl\n'}
[19.224943] (robots) StdoutLine: {'line': b'-- Up-to-date: /home/user/celluleflexible_en_cours_ROS2/ros_ws/install/robots/share/robots/msg/MsgNumRobot.idl\n'}
[19.224972] (robots) StdoutLine: {'line': b'-- Up-to-date: /home/user/celluleflexible_en_cours_ROS2/ros_ws/install/robots/share/robots/msg/MoveRobot.msg\n'}
[19.224998] (robots) StdoutLine: {'line': b'-- Up-to-date: /home/user/celluleflexible_en_cours_ROS2/ros_ws/install/robots/share/robots/msg/FaireTacheMsg.msg\n'}
[19.225024] (robots) StdoutLine: {'line': b'-- Up-to-date: /home/user/celluleflexible_en_cours_ROS2/ros_ws/install/robots/share/robots/msg/MsgNumRobot.msg\n'}
[19.226870] (robots) StdoutLine: {'line': b'-- Installing: /home/user/celluleflexible_en_cours_ROS2/ros_ws/install/robots/lib/robots/robot\n'}
[19.242371] (robots) StdoutLine: {'line': b'-- Set non-toolchain portion of runtime path of "/home/user/celluleflexible_en_cours_ROS2/ros_ws/install/robots/lib/robots/robot" to ""\n'}
[19.242534] (robots) StdoutLine: {'line': b'-- Up-to-date: /home/user/celluleflexible_en_cours_ROS2/ros_ws/install/robots/share/robots\n'}
[19.242614] (robots) StdoutLine: {'line': b'-- Up-to-date: /home/user/celluleflexible_en_cours_ROS2/ros_ws/install/robots/share/robots/robotsGauche.launch.py\n'}
[19.242680] (robots) StdoutLine: {'line': b'-- Up-to-date: /home/user/celluleflexible_en_cours_ROS2/ros_ws/install/robots/share/ament_index/resource_index/package_run_dependencies/robots\n'}
[19.242742] (robots) StdoutLine: {'line': b'-- Up-to-date: /home/user/celluleflexible_en_cours_ROS2/ros_ws/install/robots/share/ament_index/resource_index/parent_prefix_path/robots\n'}
[19.242801] (robots) StdoutLine: {'line': b'-- Up-to-date: /home/user/celluleflexible_en_cours_ROS2/ros_ws/install/robots/share/robots/environment/ament_prefix_path.sh\n'}
[19.242848] (robots) StdoutLine: {'line': b'-- Up-to-date: /home/user/celluleflexible_en_cours_ROS2/ros_ws/install/robots/share/robots/environment/ament_prefix_path.dsv\n'}
[19.242893] (robots) StdoutLine: {'line': b'-- Up-to-date: /home/user/celluleflexible_en_cours_ROS2/ros_ws/install/robots/share/robots/environment/path.sh\n'}
[19.242938] (robots) StdoutLine: {'line': b'-- Up-to-date: /home/user/celluleflexible_en_cours_ROS2/ros_ws/install/robots/share/robots/environment/path.dsv\n'}
[19.242982] (robots) StdoutLine: {'line': b'-- Up-to-date: /home/user/celluleflexible_en_cours_ROS2/ros_ws/install/robots/share/robots/local_setup.bash\n'}
[19.243026] (robots) StdoutLine: {'line': b'-- Up-to-date: /home/user/celluleflexible_en_cours_ROS2/ros_ws/install/robots/share/robots/local_setup.sh\n'}
[19.243071] (robots) StdoutLine: {'line': b'-- Up-to-date: /home/user/celluleflexible_en_cours_ROS2/ros_ws/install/robots/share/robots/local_setup.zsh\n'}
[19.243113] (robots) StdoutLine: {'line': b'-- Up-to-date: /home/user/celluleflexible_en_cours_ROS2/ros_ws/install/robots/share/robots/local_setup.dsv\n'}
[19.243157] (robots) StdoutLine: {'line': b'-- Installing: /home/user/celluleflexible_en_cours_ROS2/ros_ws/install/robots/share/robots/package.dsv\n'}
[19.243202] (robots) StdoutLine: {'line': b'-- Up-to-date: /home/user/celluleflexible_en_cours_ROS2/ros_ws/install/robots/share/ament_index/resource_index/packages/robots\n'}
[19.243768] (robots) StdoutLine: {'line': b'-- Up-to-date: /home/user/celluleflexible_en_cours_ROS2/ros_ws/install/robots/share/robots/cmake/export_robots__rosidl_generator_cExport.cmake\n'}
[19.244198] (robots) StdoutLine: {'line': b'-- Up-to-date: /home/user/celluleflexible_en_cours_ROS2/ros_ws/install/robots/share/robots/cmake/export_robots__rosidl_generator_cExport-noconfig.cmake\n'}
[19.244240] (robots) StdoutLine: {'line': b'-- Up-to-date: /home/user/celluleflexible_en_cours_ROS2/ros_ws/install/robots/share/robots/cmake/export_robots__rosidl_typesupport_fastrtps_cExport.cmake\n'}
[19.244319] (robots) StdoutLine: {'line': b'-- Up-to-date: /home/user/celluleflexible_en_cours_ROS2/ros_ws/install/robots/share/robots/cmake/export_robots__rosidl_typesupport_fastrtps_cExport-noconfig.cmake\n'}
[19.244426] (robots) StdoutLine: {'line': b'-- Up-to-date: /home/user/celluleflexible_en_cours_ROS2/ros_ws/install/robots/share/robots/cmake/export_robots__rosidl_generator_cppExport.cmake\n'}
[19.244504] (robots) StdoutLine: {'line': b'-- Up-to-date: /home/user/celluleflexible_en_cours_ROS2/ros_ws/install/robots/share/robots/cmake/export_robots__rosidl_typesupport_fastrtps_cppExport.cmake\n'}
[19.244568] (robots) StdoutLine: {'line': b'-- Up-to-date: /home/user/celluleflexible_en_cours_ROS2/ros_ws/install/robots/share/robots/cmake/export_robots__rosidl_typesupport_fastrtps_cppExport-noconfig.cmake\n'}
[19.244634] (robots) StdoutLine: {'line': b'-- Up-to-date: /home/user/celluleflexible_en_cours_ROS2/ros_ws/install/robots/share/robots/cmake/robots__rosidl_typesupport_introspection_cExport.cmake\n'}
[19.244701] (robots) StdoutLine: {'line': b'-- Up-to-date: /home/user/celluleflexible_en_cours_ROS2/ros_ws/install/robots/share/robots/cmake/robots__rosidl_typesupport_introspection_cExport-noconfig.cmake\n'}
[19.244765] (robots) StdoutLine: {'line': b'-- Up-to-date: /home/user/celluleflexible_en_cours_ROS2/ros_ws/install/robots/share/robots/cmake/robots__rosidl_typesupport_cExport.cmake\n'}
[19.244848] (robots) StdoutLine: {'line': b'-- Up-to-date: /home/user/celluleflexible_en_cours_ROS2/ros_ws/install/robots/share/robots/cmake/robots__rosidl_typesupport_cExport-noconfig.cmake\n'}
[19.244912] (robots) StdoutLine: {'line': b'-- Up-to-date: /home/user/celluleflexible_en_cours_ROS2/ros_ws/install/robots/share/robots/cmake/robots__rosidl_typesupport_introspection_cppExport.cmake\n'}
[19.244979] (robots) StdoutLine: {'line': b'-- Up-to-date: /home/user/celluleflexible_en_cours_ROS2/ros_ws/install/robots/share/robots/cmake/robots__rosidl_typesupport_introspection_cppExport-noconfig.cmake\n'}
[19.245109] (robots) StdoutLine: {'line': b'-- Up-to-date: /home/user/celluleflexible_en_cours_ROS2/ros_ws/install/robots/share/robots/cmake/robots__rosidl_typesupport_cppExport.cmake\n'}
[19.245182] (robots) StdoutLine: {'line': b'-- Up-to-date: /home/user/celluleflexible_en_cours_ROS2/ros_ws/install/robots/share/robots/cmake/robots__rosidl_typesupport_cppExport-noconfig.cmake\n'}
[19.245212] (robots) StdoutLine: {'line': b'-- Up-to-date: /home/user/celluleflexible_en_cours_ROS2/ros_ws/install/robots/share/robots/cmake/export_robots__rosidl_generator_pyExport.cmake\n'}
[19.245237] (robots) StdoutLine: {'line': b'-- Up-to-date: /home/user/celluleflexible_en_cours_ROS2/ros_ws/install/robots/share/robots/cmake/export_robots__rosidl_generator_pyExport-noconfig.cmake\n'}
[19.245303] (robots) StdoutLine: {'line': b'-- Up-to-date: /home/user/celluleflexible_en_cours_ROS2/ros_ws/install/robots/share/robots/cmake/rosidl_cmake-extras.cmake\n'}
[19.245364] (robots) StdoutLine: {'line': b'-- Up-to-date: /home/user/celluleflexible_en_cours_ROS2/ros_ws/install/robots/share/robots/cmake/ament_cmake_export_dependencies-extras.cmake\n'}
[19.245425] (robots) StdoutLine: {'line': b'-- Up-to-date: /home/user/celluleflexible_en_cours_ROS2/ros_ws/install/robots/share/robots/cmake/ament_cmake_export_include_directories-extras.cmake\n'}
[19.245494] (robots) StdoutLine: {'line': b'-- Up-to-date: /home/user/celluleflexible_en_cours_ROS2/ros_ws/install/robots/share/robots/cmake/ament_cmake_export_libraries-extras.cmake\n'}
[19.246241] (robots) StdoutLine: {'line': b'-- Up-to-date: /home/user/celluleflexible_en_cours_ROS2/ros_ws/install/robots/share/robots/cmake/ament_cmake_export_targets-extras.cmake\n'}
[19.246360] (robots) StdoutLine: {'line': b'-- Up-to-date: /home/user/celluleflexible_en_cours_ROS2/ros_ws/install/robots/share/robots/cmake/rosidl_cmake_export_typesupport_targets-extras.cmake\n'}
[19.246530] (robots) StdoutLine: {'line': b'-- Up-to-date: /home/user/celluleflexible_en_cours_ROS2/ros_ws/install/robots/share/robots/cmake/rosidl_cmake_export_typesupport_libraries-extras.cmake\n'}
[19.246637] (robots) StdoutLine: {'line': b'-- Up-to-date: /home/user/celluleflexible_en_cours_ROS2/ros_ws/install/robots/share/robots/cmake/robotsConfig.cmake\n'}
[19.246709] (robots) StdoutLine: {'line': b'-- Up-to-date: /home/user/celluleflexible_en_cours_ROS2/ros_ws/install/robots/share/robots/cmake/robotsConfig-version.cmake\n'}
[19.246796] (robots) StdoutLine: {'line': b'-- Up-to-date: /home/user/celluleflexible_en_cours_ROS2/ros_ws/install/robots/share/robots/package.xml\n'}
[19.246865] (robots) CommandEnded: {'returncode': 0}
[19.261300] (robots) JobEnded: {'identifier': 'robots', 'rc': 0}
[19.263139] (-) EventReactorShutdown: {}
