[0.053s] DEBUG:colcon:Command line arguments: ['/usr/bin/colcon', 'build']
[0.053s] DEBUG:colcon:Parsed command line arguments: Namespace(log_base=None, log_level=None, verb_name='build', build_base='build', install_base='install', merge_install=False, symlink_install=False, test_result_base=None, continue_on_error=False, executor='parallel', parallel_workers=8, event_handlers=None, ignore_user_meta=False, metas=['./colcon.meta'], base_paths=['.'], packages_ignore=None, packages_ignore_regex=None, paths=None, packages_up_to=None, packages_up_to_regex=None, packages_above=None, packages_above_and_dependencies=None, packages_above_depth=None, packages_select_by_dep=None, packages_skip_by_dep=None, packages_skip_up_to=None, packages_select_build_failed=False, packages_skip_build_finished=False, packages_select_test_failures=False, packages_skip_test_passed=False, packages_select=None, packages_skip=None, packages_select_regex=None, packages_skip_regex=None, packages_start=None, packages_end=None, allow_overriding=[], cmake_args=None, cmake_target=None, cmake_target_skip_unavailable=False, cmake_clean_cache=False, cmake_clean_first=False, cmake_force_configure=False, ament_cmake_args=None, catkin_cmake_args=None, catkin_skip_building_tests=False, mixin_files=None, mixin=None, verb_parser=<colcon_mixin.mixin.mixin_argument.MixinArgumentDecorator object at 0x73b904d9cfe0>, verb_extension=<colcon_core.verb.build.BuildVerb object at 0x73b904ec9490>, main=<bound method BuildVerb.main of <colcon_core.verb.build.BuildVerb object at 0x73b904ec9490>>, mixin_verb=('build',))
[0.073s] Level 1:colcon.colcon_core.package_discovery:discover_packages(colcon_meta) check parameters
[0.073s] Level 1:colcon.colcon_core.package_discovery:discover_packages(recursive) check parameters
[0.073s] Level 1:colcon.colcon_core.package_discovery:discover_packages(ignore) check parameters
[0.073s] Level 1:colcon.colcon_core.package_discovery:discover_packages(path) check parameters
[0.073s] Level 1:colcon.colcon_core.package_discovery:discover_packages(colcon_meta) discover
[0.073s] Level 1:colcon.colcon_core.package_discovery:discover_packages(recursive) discover
[0.073s] INFO:colcon.colcon_core.package_discovery:Crawling recursively for packages in '/home/user/celluleflexible_en_cours_ROS2/ros_ws'
[0.073s] Level 1:colcon.colcon_core.package_identification:_identify(.) by extensions ['ignore', 'ignore_ament_install']
[0.073s] Level 1:colcon.colcon_core.package_identification:_identify(.) by extension 'ignore'
[0.073s] Level 1:colcon.colcon_core.package_identification:_identify(.) by extension 'ignore_ament_install'
[0.073s] Level 1:colcon.colcon_core.package_identification:_identify(.) by extensions ['colcon_pkg']
[0.073s] Level 1:colcon.colcon_core.package_identification:_identify(.) by extension 'colcon_pkg'
[0.073s] Level 1:colcon.colcon_core.package_identification:_identify(.) by extensions ['colcon_meta']
[0.073s] Level 1:colcon.colcon_core.package_identification:_identify(.) by extension 'colcon_meta'
[0.073s] Level 1:colcon.colcon_core.package_identification:_identify(.) by extensions ['ros']
[0.073s] Level 1:colcon.colcon_core.package_identification:_identify(.) by extension 'ros'
[0.087s] Level 1:colcon.colcon_core.package_identification:_identify(.) by extensions ['cmake', 'python']
[0.087s] Level 1:colcon.colcon_core.package_identification:_identify(.) by extension 'cmake'
[0.087s] Level 1:colcon.colcon_core.package_identification:_identify(.) by extension 'python'
[0.087s] Level 1:colcon.colcon_core.package_identification:_identify(.) by extensions ['python_setup_py']
[0.087s] Level 1:colcon.colcon_core.package_identification:_identify(.) by extension 'python_setup_py'
[0.087s] Level 1:colcon.colcon_core.package_identification:_identify(build) by extensions ['ignore', 'ignore_ament_install']
[0.087s] Level 1:colcon.colcon_core.package_identification:_identify(build) by extension 'ignore'
[0.087s] Level 1:colcon.colcon_core.package_identification:_identify(build) ignored
[0.087s] Level 1:colcon.colcon_core.package_identification:_identify(install) by extensions ['ignore', 'ignore_ament_install']
[0.087s] Level 1:colcon.colcon_core.package_identification:_identify(install) by extension 'ignore'
[0.087s] Level 1:colcon.colcon_core.package_identification:_identify(install) ignored
[0.087s] Level 1:colcon.colcon_core.package_identification:_identify(log) by extensions ['ignore', 'ignore_ament_install']
[0.087s] Level 1:colcon.colcon_core.package_identification:_identify(log) by extension 'ignore'
[0.087s] Level 1:colcon.colcon_core.package_identification:_identify(log) ignored
[0.087s] Level 1:colcon.colcon_core.package_identification:_identify(src) by extensions ['ignore', 'ignore_ament_install']
[0.087s] Level 1:colcon.colcon_core.package_identification:_identify(src) by extension 'ignore'
[0.087s] Level 1:colcon.colcon_core.package_identification:_identify(src) by extension 'ignore_ament_install'
[0.087s] Level 1:colcon.colcon_core.package_identification:_identify(src) by extensions ['colcon_pkg']
[0.087s] Level 1:colcon.colcon_core.package_identification:_identify(src) by extension 'colcon_pkg'
[0.087s] Level 1:colcon.colcon_core.package_identification:_identify(src) by extensions ['colcon_meta']
[0.087s] Level 1:colcon.colcon_core.package_identification:_identify(src) by extension 'colcon_meta'
[0.087s] Level 1:colcon.colcon_core.package_identification:_identify(src) by extensions ['ros']
[0.087s] Level 1:colcon.colcon_core.package_identification:_identify(src) by extension 'ros'
[0.087s] Level 1:colcon.colcon_core.package_identification:_identify(src) by extensions ['cmake', 'python']
[0.087s] Level 1:colcon.colcon_core.package_identification:_identify(src) by extension 'cmake'
[0.087s] Level 1:colcon.colcon_core.package_identification:_identify(src) by extension 'python'
[0.087s] Level 1:colcon.colcon_core.package_identification:_identify(src) by extensions ['python_setup_py']
[0.087s] Level 1:colcon.colcon_core.package_identification:_identify(src) by extension 'python_setup_py'
[0.087s] Level 1:colcon.colcon_core.package_identification:_identify(src/aiguillages) by extensions ['ignore', 'ignore_ament_install']
[0.087s] Level 1:colcon.colcon_core.package_identification:_identify(src/aiguillages) by extension 'ignore'
[0.087s] Level 1:colcon.colcon_core.package_identification:_identify(src/aiguillages) by extension 'ignore_ament_install'
[0.087s] Level 1:colcon.colcon_core.package_identification:_identify(src/aiguillages) by extensions ['colcon_pkg']
[0.087s] Level 1:colcon.colcon_core.package_identification:_identify(src/aiguillages) by extension 'colcon_pkg'
[0.087s] Level 1:colcon.colcon_core.package_identification:_identify(src/aiguillages) by extensions ['colcon_meta']
[0.087s] Level 1:colcon.colcon_core.package_identification:_identify(src/aiguillages) by extension 'colcon_meta'
[0.087s] Level 1:colcon.colcon_core.package_identification:_identify(src/aiguillages) by extensions ['ros']
[0.087s] Level 1:colcon.colcon_core.package_identification:_identify(src/aiguillages) by extension 'ros'
[0.089s] DEBUG:colcon.colcon_core.package_identification:Package 'src/aiguillages' with type 'ros.ament_cmake' and name 'aiguillages'
[0.089s] Level 1:colcon.colcon_core.package_identification:_identify(src/commande) by extensions ['ignore', 'ignore_ament_install']
[0.089s] Level 1:colcon.colcon_core.package_identification:_identify(src/commande) by extension 'ignore'
[0.089s] Level 1:colcon.colcon_core.package_identification:_identify(src/commande) by extension 'ignore_ament_install'
[0.089s] Level 1:colcon.colcon_core.package_identification:_identify(src/commande) by extensions ['colcon_pkg']
[0.089s] Level 1:colcon.colcon_core.package_identification:_identify(src/commande) by extension 'colcon_pkg'
[0.089s] Level 1:colcon.colcon_core.package_identification:_identify(src/commande) by extensions ['colcon_meta']
[0.089s] Level 1:colcon.colcon_core.package_identification:_identify(src/commande) by extension 'colcon_meta'
[0.089s] Level 1:colcon.colcon_core.package_identification:_identify(src/commande) by extensions ['ros']
[0.089s] Level 1:colcon.colcon_core.package_identification:_identify(src/commande) by extension 'ros'
[0.089s] DEBUG:colcon.colcon_core.package_identification:Package 'src/commande' with type 'ros.ament_cmake' and name 'commande'
[0.089s] Level 1:colcon.colcon_core.package_identification:_identify(src/commande_locale) by extensions ['ignore', 'ignore_ament_install']
[0.089s] Level 1:colcon.colcon_core.package_identification:_identify(src/commande_locale) by extension 'ignore'
[0.090s] Level 1:colcon.colcon_core.package_identification:_identify(src/commande_locale) by extension 'ignore_ament_install'
[0.090s] Level 1:colcon.colcon_core.package_identification:_identify(src/commande_locale) by extensions ['colcon_pkg']
[0.090s] Level 1:colcon.colcon_core.package_identification:_identify(src/commande_locale) by extension 'colcon_pkg'
[0.090s] Level 1:colcon.colcon_core.package_identification:_identify(src/commande_locale) by extensions ['colcon_meta']
[0.090s] Level 1:colcon.colcon_core.package_identification:_identify(src/commande_locale) by extension 'colcon_meta'
[0.090s] Level 1:colcon.colcon_core.package_identification:_identify(src/commande_locale) by extensions ['ros']
[0.090s] Level 1:colcon.colcon_core.package_identification:_identify(src/commande_locale) by extension 'ros'
[0.090s] DEBUG:colcon.colcon_core.package_identification:Package 'src/commande_locale' with type 'ros.ament_cmake' and name 'commande_locale'
[0.090s] Level 1:colcon.colcon_core.package_identification:_identify(src/launcher) by extensions ['ignore', 'ignore_ament_install']
[0.090s] Level 1:colcon.colcon_core.package_identification:_identify(src/launcher) by extension 'ignore'
[0.090s] Level 1:colcon.colcon_core.package_identification:_identify(src/launcher) by extension 'ignore_ament_install'
[0.090s] Level 1:colcon.colcon_core.package_identification:_identify(src/launcher) by extensions ['colcon_pkg']
[0.090s] Level 1:colcon.colcon_core.package_identification:_identify(src/launcher) by extension 'colcon_pkg'
[0.090s] Level 1:colcon.colcon_core.package_identification:_identify(src/launcher) by extensions ['colcon_meta']
[0.090s] Level 1:colcon.colcon_core.package_identification:_identify(src/launcher) by extension 'colcon_meta'
[0.090s] Level 1:colcon.colcon_core.package_identification:_identify(src/launcher) by extensions ['ros']
[0.090s] Level 1:colcon.colcon_core.package_identification:_identify(src/launcher) by extension 'ros'
[0.091s] DEBUG:colcon.colcon_core.package_identification:Package 'src/launcher' with type 'ros.ament_cmake' and name 'launcher'
[0.091s] Level 1:colcon.colcon_core.package_identification:_identify(src/robots) by extensions ['ignore', 'ignore_ament_install']
[0.091s] Level 1:colcon.colcon_core.package_identification:_identify(src/robots) by extension 'ignore'
[0.091s] Level 1:colcon.colcon_core.package_identification:_identify(src/robots) by extension 'ignore_ament_install'
[0.091s] Level 1:colcon.colcon_core.package_identification:_identify(src/robots) by extensions ['colcon_pkg']
[0.091s] Level 1:colcon.colcon_core.package_identification:_identify(src/robots) by extension 'colcon_pkg'
[0.091s] Level 1:colcon.colcon_core.package_identification:_identify(src/robots) by extensions ['colcon_meta']
[0.091s] Level 1:colcon.colcon_core.package_identification:_identify(src/robots) by extension 'colcon_meta'
[0.091s] Level 1:colcon.colcon_core.package_identification:_identify(src/robots) by extensions ['ros']
[0.091s] Level 1:colcon.colcon_core.package_identification:_identify(src/robots) by extension 'ros'
[0.091s] DEBUG:colcon.colcon_core.package_identification:Package 'src/robots' with type 'ros.ament_cmake' and name 'robots'
[0.091s] Level 1:colcon.colcon_core.package_identification:_identify(src/shuttles) by extensions ['ignore', 'ignore_ament_install']
[0.091s] Level 1:colcon.colcon_core.package_identification:_identify(src/shuttles) by extension 'ignore'
[0.091s] Level 1:colcon.colcon_core.package_identification:_identify(src/shuttles) by extension 'ignore_ament_install'
[0.091s] Level 1:colcon.colcon_core.package_identification:_identify(src/shuttles) by extensions ['colcon_pkg']
[0.091s] Level 1:colcon.colcon_core.package_identification:_identify(src/shuttles) by extension 'colcon_pkg'
[0.091s] Level 1:colcon.colcon_core.package_identification:_identify(src/shuttles) by extensions ['colcon_meta']
[0.091s] Level 1:colcon.colcon_core.package_identification:_identify(src/shuttles) by extension 'colcon_meta'
[0.091s] Level 1:colcon.colcon_core.package_identification:_identify(src/shuttles) by extensions ['ros']
[0.091s] Level 1:colcon.colcon_core.package_identification:_identify(src/shuttles) by extension 'ros'
[0.091s] DEBUG:colcon.colcon_core.package_identification:Package 'src/shuttles' with type 'ros.ament_cmake' and name 'shuttles'
[0.091s] Level 1:colcon.colcon_core.package_discovery:discover_packages(recursive) using defaults
[0.091s] Level 1:colcon.colcon_core.package_discovery:discover_packages(ignore) discover
[0.092s] Level 1:colcon.colcon_core.package_discovery:discover_packages(ignore) using defaults
[0.092s] Level 1:colcon.colcon_core.package_discovery:discover_packages(path) discover
[0.092s] Level 1:colcon.colcon_core.package_discovery:discover_packages(path) using defaults
[0.102s] Level 1:colcon.colcon_core.package_discovery:discover_packages(prefix_path) check parameters
[0.102s] Level 1:colcon.colcon_core.package_discovery:discover_packages(prefix_path) discover
[0.103s] DEBUG:colcon.colcon_installed_package_information.package_discovery:Found 6 installed packages in /home/user/celluleflexible_en_cours_ROS2/ros_ws/install
[0.103s] DEBUG:colcon.colcon_installed_package_information.package_discovery:Found 286 installed packages in /opt/ros/jazzy
[0.104s] Level 1:colcon.colcon_core.package_discovery:discover_packages(prefix_path) using defaults
[0.121s] Level 5:colcon.colcon_core.verb:set package 'aiguillages' build argument 'cmake_args' from command line to 'None'
[0.121s] Level 5:colcon.colcon_core.verb:set package 'aiguillages' build argument 'cmake_target' from command line to 'None'
[0.121s] Level 5:colcon.colcon_core.verb:set package 'aiguillages' build argument 'cmake_target_skip_unavailable' from command line to 'False'
[0.121s] Level 5:colcon.colcon_core.verb:set package 'aiguillages' build argument 'cmake_clean_cache' from command line to 'False'
[0.121s] Level 5:colcon.colcon_core.verb:set package 'aiguillages' build argument 'cmake_clean_first' from command line to 'False'
[0.121s] Level 5:colcon.colcon_core.verb:set package 'aiguillages' build argument 'cmake_force_configure' from command line to 'False'
[0.121s] Level 5:colcon.colcon_core.verb:set package 'aiguillages' build argument 'ament_cmake_args' from command line to 'None'
[0.121s] Level 5:colcon.colcon_core.verb:set package 'aiguillages' build argument 'catkin_cmake_args' from command line to 'None'
[0.121s] Level 5:colcon.colcon_core.verb:set package 'aiguillages' build argument 'catkin_skip_building_tests' from command line to 'False'
[0.121s] DEBUG:colcon.colcon_core.verb:Building package 'aiguillages' with the following arguments: {'ament_cmake_args': None, 'build_base': '/home/user/celluleflexible_en_cours_ROS2/ros_ws/build/aiguillages', 'catkin_cmake_args': None, 'catkin_skip_building_tests': False, 'cmake_args': None, 'cmake_clean_cache': False, 'cmake_clean_first': False, 'cmake_force_configure': False, 'cmake_target': None, 'cmake_target_skip_unavailable': False, 'install_base': '/home/user/celluleflexible_en_cours_ROS2/ros_ws/install/aiguillages', 'merge_install': False, 'path': '/home/user/celluleflexible_en_cours_ROS2/ros_ws/src/aiguillages', 'symlink_install': False, 'test_result_base': None}
[0.121s] Level 5:colcon.colcon_core.verb:set package 'launcher' build argument 'cmake_args' from command line to 'None'
[0.121s] Level 5:colcon.colcon_core.verb:set package 'launcher' build argument 'cmake_target' from command line to 'None'
[0.121s] Level 5:colcon.colcon_core.verb:set package 'launcher' build argument 'cmake_target_skip_unavailable' from command line to 'False'
[0.121s] Level 5:colcon.colcon_core.verb:set package 'launcher' build argument 'cmake_clean_cache' from command line to 'False'
[0.121s] Level 5:colcon.colcon_core.verb:set package 'launcher' build argument 'cmake_clean_first' from command line to 'False'
[0.121s] Level 5:colcon.colcon_core.verb:set package 'launcher' build argument 'cmake_force_configure' from command line to 'False'
[0.121s] Level 5:colcon.colcon_core.verb:set package 'launcher' build argument 'ament_cmake_args' from command line to 'None'
[0.121s] Level 5:colcon.colcon_core.verb:set package 'launcher' build argument 'catkin_cmake_args' from command line to 'None'
[0.121s] Level 5:colcon.colcon_core.verb:set package 'launcher' build argument 'catkin_skip_building_tests' from command line to 'False'
[0.121s] DEBUG:colcon.colcon_core.verb:Building package 'launcher' with the following arguments: {'ament_cmake_args': None, 'build_base': '/home/user/celluleflexible_en_cours_ROS2/ros_ws/build/launcher', 'catkin_cmake_args': None, 'catkin_skip_building_tests': False, 'cmake_args': None, 'cmake_clean_cache': False, 'cmake_clean_first': False, 'cmake_force_configure': False, 'cmake_target': None, 'cmake_target_skip_unavailable': False, 'install_base': '/home/user/celluleflexible_en_cours_ROS2/ros_ws/install/launcher', 'merge_install': False, 'path': '/home/user/celluleflexible_en_cours_ROS2/ros_ws/src/launcher', 'symlink_install': False, 'test_result_base': None}
[0.121s] Level 5:colcon.colcon_core.verb:set package 'commande_locale' build argument 'cmake_args' from command line to 'None'
[0.121s] Level 5:colcon.colcon_core.verb:set package 'commande_locale' build argument 'cmake_target' from command line to 'None'
[0.121s] Level 5:colcon.colcon_core.verb:set package 'commande_locale' build argument 'cmake_target_skip_unavailable' from command line to 'False'
[0.121s] Level 5:colcon.colcon_core.verb:set package 'commande_locale' build argument 'cmake_clean_cache' from command line to 'False'
[0.121s] Level 5:colcon.colcon_core.verb:set package 'commande_locale' build argument 'cmake_clean_first' from command line to 'False'
[0.121s] Level 5:colcon.colcon_core.verb:set package 'commande_locale' build argument 'cmake_force_configure' from command line to 'False'
[0.121s] Level 5:colcon.colcon_core.verb:set package 'commande_locale' build argument 'ament_cmake_args' from command line to 'None'
[0.121s] Level 5:colcon.colcon_core.verb:set package 'commande_locale' build argument 'catkin_cmake_args' from command line to 'None'
[0.121s] Level 5:colcon.colcon_core.verb:set package 'commande_locale' build argument 'catkin_skip_building_tests' from command line to 'False'
[0.121s] DEBUG:colcon.colcon_core.verb:Building package 'commande_locale' with the following arguments: {'ament_cmake_args': None, 'build_base': '/home/user/celluleflexible_en_cours_ROS2/ros_ws/build/commande_locale', 'catkin_cmake_args': None, 'catkin_skip_building_tests': False, 'cmake_args': None, 'cmake_clean_cache': False, 'cmake_clean_first': False, 'cmake_force_configure': False, 'cmake_target': None, 'cmake_target_skip_unavailable': False, 'install_base': '/home/user/celluleflexible_en_cours_ROS2/ros_ws/install/commande_locale', 'merge_install': False, 'path': '/home/user/celluleflexible_en_cours_ROS2/ros_ws/src/commande_locale', 'symlink_install': False, 'test_result_base': None}
[0.122s] Level 5:colcon.colcon_core.verb:set package 'shuttles' build argument 'cmake_args' from command line to 'None'
[0.122s] Level 5:colcon.colcon_core.verb:set package 'shuttles' build argument 'cmake_target' from command line to 'None'
[0.122s] Level 5:colcon.colcon_core.verb:set package 'shuttles' build argument 'cmake_target_skip_unavailable' from command line to 'False'
[0.122s] Level 5:colcon.colcon_core.verb:set package 'shuttles' build argument 'cmake_clean_cache' from command line to 'False'
[0.122s] Level 5:colcon.colcon_core.verb:set package 'shuttles' build argument 'cmake_clean_first' from command line to 'False'
[0.122s] Level 5:colcon.colcon_core.verb:set package 'shuttles' build argument 'cmake_force_configure' from command line to 'False'
[0.122s] Level 5:colcon.colcon_core.verb:set package 'shuttles' build argument 'ament_cmake_args' from command line to 'None'
[0.122s] Level 5:colcon.colcon_core.verb:set package 'shuttles' build argument 'catkin_cmake_args' from command line to 'None'
[0.122s] Level 5:colcon.colcon_core.verb:set package 'shuttles' build argument 'catkin_skip_building_tests' from command line to 'False'
[0.122s] DEBUG:colcon.colcon_core.verb:Building package 'shuttles' with the following arguments: {'ament_cmake_args': None, 'build_base': '/home/user/celluleflexible_en_cours_ROS2/ros_ws/build/shuttles', 'catkin_cmake_args': None, 'catkin_skip_building_tests': False, 'cmake_args': None, 'cmake_clean_cache': False, 'cmake_clean_first': False, 'cmake_force_configure': False, 'cmake_target': None, 'cmake_target_skip_unavailable': False, 'install_base': '/home/user/celluleflexible_en_cours_ROS2/ros_ws/install/shuttles', 'merge_install': False, 'path': '/home/user/celluleflexible_en_cours_ROS2/ros_ws/src/shuttles', 'symlink_install': False, 'test_result_base': None}
[0.122s] Level 5:colcon.colcon_core.verb:set package 'robots' build argument 'cmake_args' from command line to 'None'
[0.122s] Level 5:colcon.colcon_core.verb:set package 'robots' build argument 'cmake_target' from command line to 'None'
[0.122s] Level 5:colcon.colcon_core.verb:set package 'robots' build argument 'cmake_target_skip_unavailable' from command line to 'False'
[0.122s] Level 5:colcon.colcon_core.verb:set package 'robots' build argument 'cmake_clean_cache' from command line to 'False'
[0.122s] Level 5:colcon.colcon_core.verb:set package 'robots' build argument 'cmake_clean_first' from command line to 'False'
[0.122s] Level 5:colcon.colcon_core.verb:set package 'robots' build argument 'cmake_force_configure' from command line to 'False'
[0.122s] Level 5:colcon.colcon_core.verb:set package 'robots' build argument 'ament_cmake_args' from command line to 'None'
[0.122s] Level 5:colcon.colcon_core.verb:set package 'robots' build argument 'catkin_cmake_args' from command line to 'None'
[0.122s] Level 5:colcon.colcon_core.verb:set package 'robots' build argument 'catkin_skip_building_tests' from command line to 'False'
[0.122s] DEBUG:colcon.colcon_core.verb:Building package 'robots' with the following arguments: {'ament_cmake_args': None, 'build_base': '/home/user/celluleflexible_en_cours_ROS2/ros_ws/build/robots', 'catkin_cmake_args': None, 'catkin_skip_building_tests': False, 'cmake_args': None, 'cmake_clean_cache': False, 'cmake_clean_first': False, 'cmake_force_configure': False, 'cmake_target': None, 'cmake_target_skip_unavailable': False, 'install_base': '/home/user/celluleflexible_en_cours_ROS2/ros_ws/install/robots', 'merge_install': False, 'path': '/home/user/celluleflexible_en_cours_ROS2/ros_ws/src/robots', 'symlink_install': False, 'test_result_base': None}
[0.122s] Level 5:colcon.colcon_core.verb:set package 'commande' build argument 'cmake_args' from command line to 'None'
[0.122s] Level 5:colcon.colcon_core.verb:set package 'commande' build argument 'cmake_target' from command line to 'None'
[0.122s] Level 5:colcon.colcon_core.verb:set package 'commande' build argument 'cmake_target_skip_unavailable' from command line to 'False'
[0.122s] Level 5:colcon.colcon_core.verb:set package 'commande' build argument 'cmake_clean_cache' from command line to 'False'
[0.122s] Level 5:colcon.colcon_core.verb:set package 'commande' build argument 'cmake_clean_first' from command line to 'False'
[0.122s] Level 5:colcon.colcon_core.verb:set package 'commande' build argument 'cmake_force_configure' from command line to 'False'
[0.122s] Level 5:colcon.colcon_core.verb:set package 'commande' build argument 'ament_cmake_args' from command line to 'None'
[0.122s] Level 5:colcon.colcon_core.verb:set package 'commande' build argument 'catkin_cmake_args' from command line to 'None'
[0.122s] Level 5:colcon.colcon_core.verb:set package 'commande' build argument 'catkin_skip_building_tests' from command line to 'False'
[0.122s] DEBUG:colcon.colcon_core.verb:Building package 'commande' with the following arguments: {'ament_cmake_args': None, 'build_base': '/home/user/celluleflexible_en_cours_ROS2/ros_ws/build/commande', 'catkin_cmake_args': None, 'catkin_skip_building_tests': False, 'cmake_args': None, 'cmake_clean_cache': False, 'cmake_clean_first': False, 'cmake_force_configure': False, 'cmake_target': None, 'cmake_target_skip_unavailable': False, 'install_base': '/home/user/celluleflexible_en_cours_ROS2/ros_ws/install/commande', 'merge_install': False, 'path': '/home/user/celluleflexible_en_cours_ROS2/ros_ws/src/commande', 'symlink_install': False, 'test_result_base': None}
[0.122s] INFO:colcon.colcon_core.executor:Executing jobs using 'parallel' executor
[0.123s] DEBUG:colcon.colcon_parallel_executor.executor.parallel:run_until_complete
[0.123s] INFO:colcon.colcon_ros.task.ament_cmake.build:Building ROS package in '/home/user/celluleflexible_en_cours_ROS2/ros_ws/src/aiguillages' with build type 'ament_cmake'
[0.123s] INFO:colcon.colcon_cmake.task.cmake.build:Building CMake package in '/home/user/celluleflexible_en_cours_ROS2/ros_ws/src/aiguillages'
[0.126s] INFO:colcon.colcon_core.plugin_system:Skipping extension 'colcon_core.shell.bat': Not used on non-Windows systems
[0.126s] INFO:colcon.colcon_core.shell:Skip shell extension 'powershell' for command environment: Not usable outside of PowerShell
[0.126s] DEBUG:colcon.colcon_core.shell:Skip shell extension 'dsv' for command environment
[0.133s] INFO:colcon.colcon_ros.task.ament_cmake.build:Building ROS package in '/home/user/celluleflexible_en_cours_ROS2/ros_ws/src/launcher' with build type 'ament_cmake'
[0.135s] INFO:colcon.colcon_cmake.task.cmake.build:Building CMake package in '/home/user/celluleflexible_en_cours_ROS2/ros_ws/src/launcher'
[0.135s] INFO:colcon.colcon_core.shell:Skip shell extension 'powershell' for command environment: Not usable outside of PowerShell
[0.136s] DEBUG:colcon.colcon_core.shell:Skip shell extension 'dsv' for command environment
[0.150s] DEBUG:colcon.colcon_core.event_handler.log_command:Invoking command in '/home/user/celluleflexible_en_cours_ROS2/ros_ws/build/aiguillages': CMAKE_PREFIX_PATH=${CMAKE_PREFIX_PATH}:/opt/ros/jazzy DEBUGINFOD_URLS=https://debuginfod.ubuntu.com /usr/bin/cmake --build /home/user/celluleflexible_en_cours_ROS2/ros_ws/build/aiguillages -- -j8 -l8
[0.153s] DEBUG:colcon.colcon_core.event_handler.log_command:Invoking command in '/home/user/celluleflexible_en_cours_ROS2/ros_ws/build/launcher': CMAKE_PREFIX_PATH=${CMAKE_PREFIX_PATH}:/opt/ros/jazzy DEBUGINFOD_URLS=https://debuginfod.ubuntu.com /usr/bin/cmake --build /home/user/celluleflexible_en_cours_ROS2/ros_ws/build/launcher -- -j8 -l8
[0.188s] DEBUG:colcon.colcon_core.event_handler.log_command:Invoked command in '/home/user/celluleflexible_en_cours_ROS2/ros_ws/build/launcher' returned '0': CMAKE_PREFIX_PATH=${CMAKE_PREFIX_PATH}:/opt/ros/jazzy DEBUGINFOD_URLS=https://debuginfod.ubuntu.com /usr/bin/cmake --build /home/user/celluleflexible_en_cours_ROS2/ros_ws/build/launcher -- -j8 -l8
[0.197s] DEBUG:colcon.colcon_core.event_handler.log_command:Invoking command in '/home/user/celluleflexible_en_cours_ROS2/ros_ws/build/launcher': CMAKE_PREFIX_PATH=${CMAKE_PREFIX_PATH}:/opt/ros/jazzy DEBUGINFOD_URLS=https://debuginfod.ubuntu.com /usr/bin/cmake --install /home/user/celluleflexible_en_cours_ROS2/ros_ws/build/launcher
[0.205s] Level 1:colcon.colcon_core.environment:create_environment_scripts_only(launcher)
[0.207s] DEBUG:colcon.colcon_core.event_handler.log_command:Invoked command in '/home/user/celluleflexible_en_cours_ROS2/ros_ws/build/launcher' returned '0': CMAKE_PREFIX_PATH=${CMAKE_PREFIX_PATH}:/opt/ros/jazzy DEBUGINFOD_URLS=https://debuginfod.ubuntu.com /usr/bin/cmake --install /home/user/celluleflexible_en_cours_ROS2/ros_ws/build/launcher
[0.209s] Level 1:colcon.colcon_core.environment:checking '/home/user/celluleflexible_en_cours_ROS2/ros_ws/install/launcher' for CMake module files
[0.209s] Level 1:colcon.colcon_core.environment:checking '/home/user/celluleflexible_en_cours_ROS2/ros_ws/install/launcher' for CMake config files
[0.209s] Level 1:colcon.colcon_core.shell:create_environment_hook('launcher', 'cmake_prefix_path')
[0.210s] INFO:colcon.colcon_core.shell:Creating environment hook '/home/user/celluleflexible_en_cours_ROS2/ros_ws/install/launcher/share/launcher/hook/cmake_prefix_path.ps1'
[0.211s] INFO:colcon.colcon_core.shell:Creating environment descriptor '/home/user/celluleflexible_en_cours_ROS2/ros_ws/install/launcher/share/launcher/hook/cmake_prefix_path.dsv'
[0.215s] INFO:colcon.colcon_core.shell:Creating environment hook '/home/user/celluleflexible_en_cours_ROS2/ros_ws/install/launcher/share/launcher/hook/cmake_prefix_path.sh'
[0.217s] Level 1:colcon.colcon_core.environment:checking '/home/user/celluleflexible_en_cours_ROS2/ros_ws/install/launcher/bin'
[0.218s] Level 1:colcon.colcon_core.environment:checking '/home/user/celluleflexible_en_cours_ROS2/ros_ws/install/launcher/lib/pkgconfig/launcher.pc'
[0.218s] Level 1:colcon.colcon_core.environment:checking '/home/user/celluleflexible_en_cours_ROS2/ros_ws/install/launcher/lib/python3.12/site-packages'
[0.218s] Level 1:colcon.colcon_core.environment:checking '/home/user/celluleflexible_en_cours_ROS2/ros_ws/install/launcher/bin'
[0.218s] INFO:colcon.colcon_core.shell:Creating package script '/home/user/celluleflexible_en_cours_ROS2/ros_ws/install/launcher/share/launcher/package.ps1'
[0.219s] INFO:colcon.colcon_core.shell:Creating package descriptor '/home/user/celluleflexible_en_cours_ROS2/ros_ws/install/launcher/share/launcher/package.dsv'
[0.219s] INFO:colcon.colcon_core.shell:Creating package script '/home/user/celluleflexible_en_cours_ROS2/ros_ws/install/launcher/share/launcher/package.sh'
[0.220s] INFO:colcon.colcon_core.shell:Creating package script '/home/user/celluleflexible_en_cours_ROS2/ros_ws/install/launcher/share/launcher/package.bash'
[0.220s] INFO:colcon.colcon_core.shell:Creating package script '/home/user/celluleflexible_en_cours_ROS2/ros_ws/install/launcher/share/launcher/package.zsh'
[0.221s] Level 1:colcon.colcon_core.environment:create_file_with_runtime_dependencies(/home/user/celluleflexible_en_cours_ROS2/ros_ws/install/launcher/share/colcon-core/packages/launcher)
[0.221s] Level 1:colcon.colcon_core.environment:create_environment_scripts_only(launcher)
[0.222s] Level 1:colcon.colcon_core.environment:checking '/home/user/celluleflexible_en_cours_ROS2/ros_ws/install/launcher' for CMake module files
[0.222s] Level 1:colcon.colcon_core.environment:checking '/home/user/celluleflexible_en_cours_ROS2/ros_ws/install/launcher' for CMake config files
[0.222s] Level 1:colcon.colcon_core.shell:create_environment_hook('launcher', 'cmake_prefix_path')
[0.222s] INFO:colcon.colcon_core.shell:Creating environment hook '/home/user/celluleflexible_en_cours_ROS2/ros_ws/install/launcher/share/launcher/hook/cmake_prefix_path.ps1'
[0.222s] INFO:colcon.colcon_core.shell:Creating environment descriptor '/home/user/celluleflexible_en_cours_ROS2/ros_ws/install/launcher/share/launcher/hook/cmake_prefix_path.dsv'
[0.223s] INFO:colcon.colcon_core.shell:Creating environment hook '/home/user/celluleflexible_en_cours_ROS2/ros_ws/install/launcher/share/launcher/hook/cmake_prefix_path.sh'
[0.223s] Level 1:colcon.colcon_core.environment:checking '/home/user/celluleflexible_en_cours_ROS2/ros_ws/install/launcher/bin'
[0.223s] Level 1:colcon.colcon_core.environment:checking '/home/user/celluleflexible_en_cours_ROS2/ros_ws/install/launcher/lib/pkgconfig/launcher.pc'
[0.223s] Level 1:colcon.colcon_core.environment:checking '/home/user/celluleflexible_en_cours_ROS2/ros_ws/install/launcher/lib/python3.12/site-packages'
[0.223s] Level 1:colcon.colcon_core.environment:checking '/home/user/celluleflexible_en_cours_ROS2/ros_ws/install/launcher/bin'
[0.225s] INFO:colcon.colcon_core.shell:Creating package script '/home/user/celluleflexible_en_cours_ROS2/ros_ws/install/launcher/share/launcher/package.ps1'
[0.226s] INFO:colcon.colcon_core.shell:Creating package descriptor '/home/user/celluleflexible_en_cours_ROS2/ros_ws/install/launcher/share/launcher/package.dsv'
[0.227s] INFO:colcon.colcon_core.shell:Creating package script '/home/user/celluleflexible_en_cours_ROS2/ros_ws/install/launcher/share/launcher/package.sh'
[0.227s] INFO:colcon.colcon_core.shell:Creating package script '/home/user/celluleflexible_en_cours_ROS2/ros_ws/install/launcher/share/launcher/package.bash'
[0.227s] INFO:colcon.colcon_core.shell:Creating package script '/home/user/celluleflexible_en_cours_ROS2/ros_ws/install/launcher/share/launcher/package.zsh'
[0.228s] Level 1:colcon.colcon_core.environment:create_file_with_runtime_dependencies(/home/user/celluleflexible_en_cours_ROS2/ros_ws/install/launcher/share/colcon-core/packages/launcher)
[4.406s] DEBUG:colcon.colcon_core.event_handler.log_command:Invoked command in '/home/user/celluleflexible_en_cours_ROS2/ros_ws/build/aiguillages' returned '0': CMAKE_PREFIX_PATH=${CMAKE_PREFIX_PATH}:/opt/ros/jazzy DEBUGINFOD_URLS=https://debuginfod.ubuntu.com /usr/bin/cmake --build /home/user/celluleflexible_en_cours_ROS2/ros_ws/build/aiguillages -- -j8 -l8
[4.406s] DEBUG:colcon.colcon_core.event_handler.log_command:Invoking command in '/home/user/celluleflexible_en_cours_ROS2/ros_ws/build/aiguillages': CMAKE_PREFIX_PATH=${CMAKE_PREFIX_PATH}:/opt/ros/jazzy DEBUGINFOD_URLS=https://debuginfod.ubuntu.com /usr/bin/cmake --install /home/user/celluleflexible_en_cours_ROS2/ros_ws/build/aiguillages
[4.449s] Level 1:colcon.colcon_core.environment:create_environment_scripts_only(aiguillages)
[4.450s] Level 1:colcon.colcon_core.environment:checking '/home/user/celluleflexible_en_cours_ROS2/ros_ws/install/aiguillages' for CMake module files
[4.450s] DEBUG:colcon.colcon_core.event_handler.log_command:Invoked command in '/home/user/celluleflexible_en_cours_ROS2/ros_ws/build/aiguillages' returned '0': CMAKE_PREFIX_PATH=${CMAKE_PREFIX_PATH}:/opt/ros/jazzy DEBUGINFOD_URLS=https://debuginfod.ubuntu.com /usr/bin/cmake --install /home/user/celluleflexible_en_cours_ROS2/ros_ws/build/aiguillages
[4.450s] Level 1:colcon.colcon_core.environment:checking '/home/user/celluleflexible_en_cours_ROS2/ros_ws/install/aiguillages' for CMake config files
[4.450s] Level 1:colcon.colcon_core.shell:create_environment_hook('aiguillages', 'cmake_prefix_path')
[4.450s] INFO:colcon.colcon_core.shell:Creating environment hook '/home/user/celluleflexible_en_cours_ROS2/ros_ws/install/aiguillages/share/aiguillages/hook/cmake_prefix_path.ps1'
[4.451s] INFO:colcon.colcon_core.shell:Creating environment descriptor '/home/user/celluleflexible_en_cours_ROS2/ros_ws/install/aiguillages/share/aiguillages/hook/cmake_prefix_path.dsv'
[4.452s] INFO:colcon.colcon_core.shell:Creating environment hook '/home/user/celluleflexible_en_cours_ROS2/ros_ws/install/aiguillages/share/aiguillages/hook/cmake_prefix_path.sh'
[4.452s] Level 1:colcon.colcon_core.environment:checking '/home/user/celluleflexible_en_cours_ROS2/ros_ws/install/aiguillages/lib'
[4.452s] Level 1:colcon.colcon_core.shell:create_environment_hook('aiguillages', 'ld_library_path_lib')
[4.452s] INFO:colcon.colcon_core.shell:Creating environment hook '/home/user/celluleflexible_en_cours_ROS2/ros_ws/install/aiguillages/share/aiguillages/hook/ld_library_path_lib.ps1'
[4.453s] INFO:colcon.colcon_core.shell:Creating environment descriptor '/home/user/celluleflexible_en_cours_ROS2/ros_ws/install/aiguillages/share/aiguillages/hook/ld_library_path_lib.dsv'
[4.453s] INFO:colcon.colcon_core.shell:Creating environment hook '/home/user/celluleflexible_en_cours_ROS2/ros_ws/install/aiguillages/share/aiguillages/hook/ld_library_path_lib.sh'
[4.453s] Level 1:colcon.colcon_core.environment:checking '/home/user/celluleflexible_en_cours_ROS2/ros_ws/install/aiguillages/bin'
[4.453s] Level 1:colcon.colcon_core.environment:checking '/home/user/celluleflexible_en_cours_ROS2/ros_ws/install/aiguillages/lib/pkgconfig/aiguillages.pc'
[4.454s] Level 1:colcon.colcon_core.environment:checking '/home/user/celluleflexible_en_cours_ROS2/ros_ws/install/aiguillages/lib/python3.12/site-packages'
[4.454s] Level 1:colcon.colcon_core.shell:create_environment_hook('aiguillages', 'pythonpath')
[4.454s] INFO:colcon.colcon_core.shell:Creating environment hook '/home/user/celluleflexible_en_cours_ROS2/ros_ws/install/aiguillages/share/aiguillages/hook/pythonpath.ps1'
[4.454s] INFO:colcon.colcon_core.shell:Creating environment descriptor '/home/user/celluleflexible_en_cours_ROS2/ros_ws/install/aiguillages/share/aiguillages/hook/pythonpath.dsv'
[4.454s] INFO:colcon.colcon_core.shell:Creating environment hook '/home/user/celluleflexible_en_cours_ROS2/ros_ws/install/aiguillages/share/aiguillages/hook/pythonpath.sh'
[4.455s] Level 1:colcon.colcon_core.environment:checking '/home/user/celluleflexible_en_cours_ROS2/ros_ws/install/aiguillages/bin'
[4.455s] INFO:colcon.colcon_core.shell:Creating package script '/home/user/celluleflexible_en_cours_ROS2/ros_ws/install/aiguillages/share/aiguillages/package.ps1'
[4.456s] INFO:colcon.colcon_core.shell:Creating package descriptor '/home/user/celluleflexible_en_cours_ROS2/ros_ws/install/aiguillages/share/aiguillages/package.dsv'
[4.456s] INFO:colcon.colcon_core.shell:Creating package script '/home/user/celluleflexible_en_cours_ROS2/ros_ws/install/aiguillages/share/aiguillages/package.sh'
[4.456s] INFO:colcon.colcon_core.shell:Creating package script '/home/user/celluleflexible_en_cours_ROS2/ros_ws/install/aiguillages/share/aiguillages/package.bash'
[4.457s] INFO:colcon.colcon_core.shell:Creating package script '/home/user/celluleflexible_en_cours_ROS2/ros_ws/install/aiguillages/share/aiguillages/package.zsh'
[4.457s] Level 1:colcon.colcon_core.environment:create_file_with_runtime_dependencies(/home/user/celluleflexible_en_cours_ROS2/ros_ws/install/aiguillages/share/colcon-core/packages/aiguillages)
[4.458s] Level 1:colcon.colcon_core.environment:create_environment_scripts_only(aiguillages)
[4.458s] Level 1:colcon.colcon_core.environment:checking '/home/user/celluleflexible_en_cours_ROS2/ros_ws/install/aiguillages' for CMake module files
[4.458s] Level 1:colcon.colcon_core.environment:checking '/home/user/celluleflexible_en_cours_ROS2/ros_ws/install/aiguillages' for CMake config files
[4.458s] Level 1:colcon.colcon_core.shell:create_environment_hook('aiguillages', 'cmake_prefix_path')
[4.458s] INFO:colcon.colcon_core.shell:Creating environment hook '/home/user/celluleflexible_en_cours_ROS2/ros_ws/install/aiguillages/share/aiguillages/hook/cmake_prefix_path.ps1'
[4.458s] INFO:colcon.colcon_core.shell:Creating environment descriptor '/home/user/celluleflexible_en_cours_ROS2/ros_ws/install/aiguillages/share/aiguillages/hook/cmake_prefix_path.dsv'
[4.459s] INFO:colcon.colcon_core.shell:Creating environment hook '/home/user/celluleflexible_en_cours_ROS2/ros_ws/install/aiguillages/share/aiguillages/hook/cmake_prefix_path.sh'
[4.459s] Level 1:colcon.colcon_core.environment:checking '/home/user/celluleflexible_en_cours_ROS2/ros_ws/install/aiguillages/lib'
[4.459s] Level 1:colcon.colcon_core.shell:create_environment_hook('aiguillages', 'ld_library_path_lib')
[4.459s] INFO:colcon.colcon_core.shell:Creating environment hook '/home/user/celluleflexible_en_cours_ROS2/ros_ws/install/aiguillages/share/aiguillages/hook/ld_library_path_lib.ps1'
[4.460s] INFO:colcon.colcon_core.shell:Creating environment descriptor '/home/user/celluleflexible_en_cours_ROS2/ros_ws/install/aiguillages/share/aiguillages/hook/ld_library_path_lib.dsv'
[4.460s] INFO:colcon.colcon_core.shell:Creating environment hook '/home/user/celluleflexible_en_cours_ROS2/ros_ws/install/aiguillages/share/aiguillages/hook/ld_library_path_lib.sh'
[4.460s] Level 1:colcon.colcon_core.environment:checking '/home/user/celluleflexible_en_cours_ROS2/ros_ws/install/aiguillages/bin'
[4.460s] Level 1:colcon.colcon_core.environment:checking '/home/user/celluleflexible_en_cours_ROS2/ros_ws/install/aiguillages/lib/pkgconfig/aiguillages.pc'
[4.461s] Level 1:colcon.colcon_core.environment:checking '/home/user/celluleflexible_en_cours_ROS2/ros_ws/install/aiguillages/lib/python3.12/site-packages'
[4.461s] Level 1:colcon.colcon_core.shell:create_environment_hook('aiguillages', 'pythonpath')
[4.461s] INFO:colcon.colcon_core.shell:Creating environment hook '/home/user/celluleflexible_en_cours_ROS2/ros_ws/install/aiguillages/share/aiguillages/hook/pythonpath.ps1'
[4.461s] INFO:colcon.colcon_core.shell:Creating environment descriptor '/home/user/celluleflexible_en_cours_ROS2/ros_ws/install/aiguillages/share/aiguillages/hook/pythonpath.dsv'
[4.461s] INFO:colcon.colcon_core.shell:Creating environment hook '/home/user/celluleflexible_en_cours_ROS2/ros_ws/install/aiguillages/share/aiguillages/hook/pythonpath.sh'
[4.462s] Level 1:colcon.colcon_core.environment:checking '/home/user/celluleflexible_en_cours_ROS2/ros_ws/install/aiguillages/bin'
[4.462s] INFO:colcon.colcon_core.shell:Creating package script '/home/user/celluleflexible_en_cours_ROS2/ros_ws/install/aiguillages/share/aiguillages/package.ps1'
[4.462s] INFO:colcon.colcon_core.shell:Creating package descriptor '/home/user/celluleflexible_en_cours_ROS2/ros_ws/install/aiguillages/share/aiguillages/package.dsv'
[4.463s] INFO:colcon.colcon_core.shell:Creating package script '/home/user/celluleflexible_en_cours_ROS2/ros_ws/install/aiguillages/share/aiguillages/package.sh'
[4.463s] INFO:colcon.colcon_core.shell:Creating package script '/home/user/celluleflexible_en_cours_ROS2/ros_ws/install/aiguillages/share/aiguillages/package.bash'
[4.463s] INFO:colcon.colcon_core.shell:Creating package script '/home/user/celluleflexible_en_cours_ROS2/ros_ws/install/aiguillages/share/aiguillages/package.zsh'
[4.464s] Level 1:colcon.colcon_core.environment:create_file_with_runtime_dependencies(/home/user/celluleflexible_en_cours_ROS2/ros_ws/install/aiguillages/share/colcon-core/packages/aiguillages)
[4.464s] INFO:colcon.colcon_ros.task.ament_cmake.build:Building ROS package in '/home/user/celluleflexible_en_cours_ROS2/ros_ws/src/commande_locale' with build type 'ament_cmake'
[4.464s] INFO:colcon.colcon_cmake.task.cmake.build:Building CMake package in '/home/user/celluleflexible_en_cours_ROS2/ros_ws/src/commande_locale'
[4.465s] INFO:colcon.colcon_core.shell:Skip shell extension 'powershell' for command environment: Not usable outside of PowerShell
[4.465s] DEBUG:colcon.colcon_core.shell:Skip shell extension 'dsv' for command environment
[4.468s] INFO:colcon.colcon_ros.task.ament_cmake.build:Building ROS package in '/home/user/celluleflexible_en_cours_ROS2/ros_ws/src/shuttles' with build type 'ament_cmake'
[4.468s] INFO:colcon.colcon_cmake.task.cmake.build:Building CMake package in '/home/user/celluleflexible_en_cours_ROS2/ros_ws/src/shuttles'
[4.468s] INFO:colcon.colcon_core.shell:Skip shell extension 'powershell' for command environment: Not usable outside of PowerShell
[4.468s] DEBUG:colcon.colcon_core.shell:Skip shell extension 'dsv' for command environment
[4.494s] DEBUG:colcon.colcon_core.event_handler.log_command:Invoking command in '/home/user/celluleflexible_en_cours_ROS2/ros_ws/build/commande_locale': CMAKE_PREFIX_PATH=/home/user/celluleflexible_en_cours_ROS2/ros_ws/install/aiguillages:/home/user/celluleflexible_en_cours_ROS2/ros_ws/install/commande:/home/user/celluleflexible_en_cours_ROS2/ros_ws/install/shuttles:/home/user/celluleflexible_en_cours_ROS2/ros_ws/install/robots:/home/user/celluleflexible_en_cours_ROS2/ros_ws/install/launcher:/home/user/celluleflexible_en_cours_ROS2/ros_ws/install/commande_locale:/opt/ros/jazzy/opt/gz_math_vendor:/opt/ros/jazzy/opt/gz_utils_vendor:/opt/ros/jazzy/opt/gz_cmake_vendor:/opt/ros/jazzy DEBUGINFOD_URLS=https://debuginfod.ubuntu.com LD_LIBRARY_PATH=/home/user/celluleflexible_en_cours_ROS2/ros_ws/install/aiguillages/lib:/home/user/celluleflexible_en_cours_ROS2/ros_ws/install/shuttles/lib:/home/user/celluleflexible_en_cours_ROS2/ros_ws/install/robots/lib:/home/user/celluleflexible_en_cours_ROS2/ros_ws/install/commande_locale/lib:/opt/ros/jazzy/opt/rviz_ogre_vendor/lib:/opt/ros/jazzy/lib/x86_64-linux-gnu:/opt/ros/jazzy/opt/gz_math_vendor/lib:/opt/ros/jazzy/opt/gz_utils_vendor/lib:/opt/ros/jazzy/opt/gz_cmake_vendor/lib:/opt/ros/jazzy/lib PYTHONPATH=/home/user/celluleflexible_en_cours_ROS2/ros_ws/install/aiguillages/lib/python3.12/site-packages:/home/user/celluleflexible_en_cours_ROS2/ros_ws/install/shuttles/lib/python3.12/site-packages:/home/user/celluleflexible_en_cours_ROS2/ros_ws/install/robots/lib/python3.12/site-packages:/home/user/celluleflexible_en_cours_ROS2/ros_ws/install/commande_locale/lib/python3.12/site-packages:/opt/ros/jazzy/lib/python3.12/site-packages /usr/bin/cmake --build /home/user/celluleflexible_en_cours_ROS2/ros_ws/build/commande_locale -- -j8 -l8
[4.498s] DEBUG:colcon.colcon_core.event_handler.log_command:Invoking command in '/home/user/celluleflexible_en_cours_ROS2/ros_ws/build/shuttles': CMAKE_PREFIX_PATH=/home/user/celluleflexible_en_cours_ROS2/ros_ws/install/aiguillages:/home/user/celluleflexible_en_cours_ROS2/ros_ws/install/commande:/home/user/celluleflexible_en_cours_ROS2/ros_ws/install/shuttles:/home/user/celluleflexible_en_cours_ROS2/ros_ws/install/robots:/home/user/celluleflexible_en_cours_ROS2/ros_ws/install/launcher:/home/user/celluleflexible_en_cours_ROS2/ros_ws/install/commande_locale:/opt/ros/jazzy/opt/gz_math_vendor:/opt/ros/jazzy/opt/gz_utils_vendor:/opt/ros/jazzy/opt/gz_cmake_vendor:/opt/ros/jazzy DEBUGINFOD_URLS=https://debuginfod.ubuntu.com LD_LIBRARY_PATH=/home/user/celluleflexible_en_cours_ROS2/ros_ws/install/aiguillages/lib:/home/user/celluleflexible_en_cours_ROS2/ros_ws/install/shuttles/lib:/home/user/celluleflexible_en_cours_ROS2/ros_ws/install/robots/lib:/home/user/celluleflexible_en_cours_ROS2/ros_ws/install/commande_locale/lib:/opt/ros/jazzy/opt/rviz_ogre_vendor/lib:/opt/ros/jazzy/lib/x86_64-linux-gnu:/opt/ros/jazzy/opt/gz_math_vendor/lib:/opt/ros/jazzy/opt/gz_utils_vendor/lib:/opt/ros/jazzy/opt/gz_cmake_vendor/lib:/opt/ros/jazzy/lib PYTHONPATH=/home/user/celluleflexible_en_cours_ROS2/ros_ws/install/aiguillages/lib/python3.12/site-packages:/home/user/celluleflexible_en_cours_ROS2/ros_ws/install/shuttles/lib/python3.12/site-packages:/home/user/celluleflexible_en_cours_ROS2/ros_ws/install/robots/lib/python3.12/site-packages:/home/user/celluleflexible_en_cours_ROS2/ros_ws/install/commande_locale/lib/python3.12/site-packages:/opt/ros/jazzy/lib/python3.12/site-packages /usr/bin/cmake --build /home/user/celluleflexible_en_cours_ROS2/ros_ws/build/shuttles -- -j8 -l8
[4.867s] DEBUG:colcon.colcon_core.event_handler.log_command:Invoked command in '/home/user/celluleflexible_en_cours_ROS2/ros_ws/build/shuttles' returned '0': CMAKE_PREFIX_PATH=/home/user/celluleflexible_en_cours_ROS2/ros_ws/install/aiguillages:/home/user/celluleflexible_en_cours_ROS2/ros_ws/install/commande:/home/user/celluleflexible_en_cours_ROS2/ros_ws/install/shuttles:/home/user/celluleflexible_en_cours_ROS2/ros_ws/install/robots:/home/user/celluleflexible_en_cours_ROS2/ros_ws/install/launcher:/home/user/celluleflexible_en_cours_ROS2/ros_ws/install/commande_locale:/opt/ros/jazzy/opt/gz_math_vendor:/opt/ros/jazzy/opt/gz_utils_vendor:/opt/ros/jazzy/opt/gz_cmake_vendor:/opt/ros/jazzy DEBUGINFOD_URLS=https://debuginfod.ubuntu.com LD_LIBRARY_PATH=/home/user/celluleflexible_en_cours_ROS2/ros_ws/install/aiguillages/lib:/home/user/celluleflexible_en_cours_ROS2/ros_ws/install/shuttles/lib:/home/user/celluleflexible_en_cours_ROS2/ros_ws/install/robots/lib:/home/user/celluleflexible_en_cours_ROS2/ros_ws/install/commande_locale/lib:/opt/ros/jazzy/opt/rviz_ogre_vendor/lib:/opt/ros/jazzy/lib/x86_64-linux-gnu:/opt/ros/jazzy/opt/gz_math_vendor/lib:/opt/ros/jazzy/opt/gz_utils_vendor/lib:/opt/ros/jazzy/opt/gz_cmake_vendor/lib:/opt/ros/jazzy/lib PYTHONPATH=/home/user/celluleflexible_en_cours_ROS2/ros_ws/install/aiguillages/lib/python3.12/site-packages:/home/user/celluleflexible_en_cours_ROS2/ros_ws/install/shuttles/lib/python3.12/site-packages:/home/user/celluleflexible_en_cours_ROS2/ros_ws/install/robots/lib/python3.12/site-packages:/home/user/celluleflexible_en_cours_ROS2/ros_ws/install/commande_locale/lib/python3.12/site-packages:/opt/ros/jazzy/lib/python3.12/site-packages /usr/bin/cmake --build /home/user/celluleflexible_en_cours_ROS2/ros_ws/build/shuttles -- -j8 -l8
[4.868s] DEBUG:colcon.colcon_core.event_handler.log_command:Invoking command in '/home/user/celluleflexible_en_cours_ROS2/ros_ws/build/shuttles': CMAKE_PREFIX_PATH=/home/user/celluleflexible_en_cours_ROS2/ros_ws/install/aiguillages:/home/user/celluleflexible_en_cours_ROS2/ros_ws/install/commande:/home/user/celluleflexible_en_cours_ROS2/ros_ws/install/shuttles:/home/user/celluleflexible_en_cours_ROS2/ros_ws/install/robots:/home/user/celluleflexible_en_cours_ROS2/ros_ws/install/launcher:/home/user/celluleflexible_en_cours_ROS2/ros_ws/install/commande_locale:/opt/ros/jazzy/opt/gz_math_vendor:/opt/ros/jazzy/opt/gz_utils_vendor:/opt/ros/jazzy/opt/gz_cmake_vendor:/opt/ros/jazzy DEBUGINFOD_URLS=https://debuginfod.ubuntu.com LD_LIBRARY_PATH=/home/user/celluleflexible_en_cours_ROS2/ros_ws/install/aiguillages/lib:/home/user/celluleflexible_en_cours_ROS2/ros_ws/install/shuttles/lib:/home/user/celluleflexible_en_cours_ROS2/ros_ws/install/robots/lib:/home/user/celluleflexible_en_cours_ROS2/ros_ws/install/commande_locale/lib:/opt/ros/jazzy/opt/rviz_ogre_vendor/lib:/opt/ros/jazzy/lib/x86_64-linux-gnu:/opt/ros/jazzy/opt/gz_math_vendor/lib:/opt/ros/jazzy/opt/gz_utils_vendor/lib:/opt/ros/jazzy/opt/gz_cmake_vendor/lib:/opt/ros/jazzy/lib PYTHONPATH=/home/user/celluleflexible_en_cours_ROS2/ros_ws/install/aiguillages/lib/python3.12/site-packages:/home/user/celluleflexible_en_cours_ROS2/ros_ws/install/shuttles/lib/python3.12/site-packages:/home/user/celluleflexible_en_cours_ROS2/ros_ws/install/robots/lib/python3.12/site-packages:/home/user/celluleflexible_en_cours_ROS2/ros_ws/install/commande_locale/lib/python3.12/site-packages:/opt/ros/jazzy/lib/python3.12/site-packages /usr/bin/cmake --install /home/user/celluleflexible_en_cours_ROS2/ros_ws/build/shuttles
[4.877s] DEBUG:colcon.colcon_core.event_handler.log_command:Invoked command in '/home/user/celluleflexible_en_cours_ROS2/ros_ws/build/commande_locale' returned '0': CMAKE_PREFIX_PATH=/home/user/celluleflexible_en_cours_ROS2/ros_ws/install/aiguillages:/home/user/celluleflexible_en_cours_ROS2/ros_ws/install/commande:/home/user/celluleflexible_en_cours_ROS2/ros_ws/install/shuttles:/home/user/celluleflexible_en_cours_ROS2/ros_ws/install/robots:/home/user/celluleflexible_en_cours_ROS2/ros_ws/install/launcher:/home/user/celluleflexible_en_cours_ROS2/ros_ws/install/commande_locale:/opt/ros/jazzy/opt/gz_math_vendor:/opt/ros/jazzy/opt/gz_utils_vendor:/opt/ros/jazzy/opt/gz_cmake_vendor:/opt/ros/jazzy DEBUGINFOD_URLS=https://debuginfod.ubuntu.com LD_LIBRARY_PATH=/home/user/celluleflexible_en_cours_ROS2/ros_ws/install/aiguillages/lib:/home/user/celluleflexible_en_cours_ROS2/ros_ws/install/shuttles/lib:/home/user/celluleflexible_en_cours_ROS2/ros_ws/install/robots/lib:/home/user/celluleflexible_en_cours_ROS2/ros_ws/install/commande_locale/lib:/opt/ros/jazzy/opt/rviz_ogre_vendor/lib:/opt/ros/jazzy/lib/x86_64-linux-gnu:/opt/ros/jazzy/opt/gz_math_vendor/lib:/opt/ros/jazzy/opt/gz_utils_vendor/lib:/opt/ros/jazzy/opt/gz_cmake_vendor/lib:/opt/ros/jazzy/lib PYTHONPATH=/home/user/celluleflexible_en_cours_ROS2/ros_ws/install/aiguillages/lib/python3.12/site-packages:/home/user/celluleflexible_en_cours_ROS2/ros_ws/install/shuttles/lib/python3.12/site-packages:/home/user/celluleflexible_en_cours_ROS2/ros_ws/install/robots/lib/python3.12/site-packages:/home/user/celluleflexible_en_cours_ROS2/ros_ws/install/commande_locale/lib/python3.12/site-packages:/opt/ros/jazzy/lib/python3.12/site-packages /usr/bin/cmake --build /home/user/celluleflexible_en_cours_ROS2/ros_ws/build/commande_locale -- -j8 -l8
[4.879s] DEBUG:colcon.colcon_core.event_handler.log_command:Invoking command in '/home/user/celluleflexible_en_cours_ROS2/ros_ws/build/commande_locale': CMAKE_PREFIX_PATH=/home/user/celluleflexible_en_cours_ROS2/ros_ws/install/aiguillages:/home/user/celluleflexible_en_cours_ROS2/ros_ws/install/commande:/home/user/celluleflexible_en_cours_ROS2/ros_ws/install/shuttles:/home/user/celluleflexible_en_cours_ROS2/ros_ws/install/robots:/home/user/celluleflexible_en_cours_ROS2/ros_ws/install/launcher:/home/user/celluleflexible_en_cours_ROS2/ros_ws/install/commande_locale:/opt/ros/jazzy/opt/gz_math_vendor:/opt/ros/jazzy/opt/gz_utils_vendor:/opt/ros/jazzy/opt/gz_cmake_vendor:/opt/ros/jazzy DEBUGINFOD_URLS=https://debuginfod.ubuntu.com LD_LIBRARY_PATH=/home/user/celluleflexible_en_cours_ROS2/ros_ws/install/aiguillages/lib:/home/user/celluleflexible_en_cours_ROS2/ros_ws/install/shuttles/lib:/home/user/celluleflexible_en_cours_ROS2/ros_ws/install/robots/lib:/home/user/celluleflexible_en_cours_ROS2/ros_ws/install/commande_locale/lib:/opt/ros/jazzy/opt/rviz_ogre_vendor/lib:/opt/ros/jazzy/lib/x86_64-linux-gnu:/opt/ros/jazzy/opt/gz_math_vendor/lib:/opt/ros/jazzy/opt/gz_utils_vendor/lib:/opt/ros/jazzy/opt/gz_cmake_vendor/lib:/opt/ros/jazzy/lib PYTHONPATH=/home/user/celluleflexible_en_cours_ROS2/ros_ws/install/aiguillages/lib/python3.12/site-packages:/home/user/celluleflexible_en_cours_ROS2/ros_ws/install/shuttles/lib/python3.12/site-packages:/home/user/celluleflexible_en_cours_ROS2/ros_ws/install/robots/lib/python3.12/site-packages:/home/user/celluleflexible_en_cours_ROS2/ros_ws/install/commande_locale/lib/python3.12/site-packages:/opt/ros/jazzy/lib/python3.12/site-packages /usr/bin/cmake --install /home/user/celluleflexible_en_cours_ROS2/ros_ws/build/commande_locale
[4.917s] Level 1:colcon.colcon_core.environment:create_environment_scripts_only(shuttles)
[4.918s] Level 1:colcon.colcon_core.environment:checking '/home/user/celluleflexible_en_cours_ROS2/ros_ws/install/shuttles' for CMake module files
[4.918s] DEBUG:colcon.colcon_core.event_handler.log_command:Invoked command in '/home/user/celluleflexible_en_cours_ROS2/ros_ws/build/shuttles' returned '0': CMAKE_PREFIX_PATH=/home/user/celluleflexible_en_cours_ROS2/ros_ws/install/aiguillages:/home/user/celluleflexible_en_cours_ROS2/ros_ws/install/commande:/home/user/celluleflexible_en_cours_ROS2/ros_ws/install/shuttles:/home/user/celluleflexible_en_cours_ROS2/ros_ws/install/robots:/home/user/celluleflexible_en_cours_ROS2/ros_ws/install/launcher:/home/user/celluleflexible_en_cours_ROS2/ros_ws/install/commande_locale:/opt/ros/jazzy/opt/gz_math_vendor:/opt/ros/jazzy/opt/gz_utils_vendor:/opt/ros/jazzy/opt/gz_cmake_vendor:/opt/ros/jazzy DEBUGINFOD_URLS=https://debuginfod.ubuntu.com LD_LIBRARY_PATH=/home/user/celluleflexible_en_cours_ROS2/ros_ws/install/aiguillages/lib:/home/user/celluleflexible_en_cours_ROS2/ros_ws/install/shuttles/lib:/home/user/celluleflexible_en_cours_ROS2/ros_ws/install/robots/lib:/home/user/celluleflexible_en_cours_ROS2/ros_ws/install/commande_locale/lib:/opt/ros/jazzy/opt/rviz_ogre_vendor/lib:/opt/ros/jazzy/lib/x86_64-linux-gnu:/opt/ros/jazzy/opt/gz_math_vendor/lib:/opt/ros/jazzy/opt/gz_utils_vendor/lib:/opt/ros/jazzy/opt/gz_cmake_vendor/lib:/opt/ros/jazzy/lib PYTHONPATH=/home/user/celluleflexible_en_cours_ROS2/ros_ws/install/aiguillages/lib/python3.12/site-packages:/home/user/celluleflexible_en_cours_ROS2/ros_ws/install/shuttles/lib/python3.12/site-packages:/home/user/celluleflexible_en_cours_ROS2/ros_ws/install/robots/lib/python3.12/site-packages:/home/user/celluleflexible_en_cours_ROS2/ros_ws/install/commande_locale/lib/python3.12/site-packages:/opt/ros/jazzy/lib/python3.12/site-packages /usr/bin/cmake --install /home/user/celluleflexible_en_cours_ROS2/ros_ws/build/shuttles
[4.919s] Level 1:colcon.colcon_core.environment:checking '/home/user/celluleflexible_en_cours_ROS2/ros_ws/install/shuttles' for CMake config files
[4.919s] Level 1:colcon.colcon_core.shell:create_environment_hook('shuttles', 'cmake_prefix_path')
[4.919s] INFO:colcon.colcon_core.shell:Creating environment hook '/home/user/celluleflexible_en_cours_ROS2/ros_ws/install/shuttles/share/shuttles/hook/cmake_prefix_path.ps1'
[4.920s] INFO:colcon.colcon_core.shell:Creating environment descriptor '/home/user/celluleflexible_en_cours_ROS2/ros_ws/install/shuttles/share/shuttles/hook/cmake_prefix_path.dsv'
[4.921s] INFO:colcon.colcon_core.shell:Creating environment hook '/home/user/celluleflexible_en_cours_ROS2/ros_ws/install/shuttles/share/shuttles/hook/cmake_prefix_path.sh'
[4.922s] Level 1:colcon.colcon_core.environment:checking '/home/user/celluleflexible_en_cours_ROS2/ros_ws/install/shuttles/lib'
[4.922s] Level 1:colcon.colcon_core.shell:create_environment_hook('shuttles', 'ld_library_path_lib')
[4.922s] INFO:colcon.colcon_core.shell:Creating environment hook '/home/user/celluleflexible_en_cours_ROS2/ros_ws/install/shuttles/share/shuttles/hook/ld_library_path_lib.ps1'
[4.922s] INFO:colcon.colcon_core.shell:Creating environment descriptor '/home/user/celluleflexible_en_cours_ROS2/ros_ws/install/shuttles/share/shuttles/hook/ld_library_path_lib.dsv'
[4.923s] INFO:colcon.colcon_core.shell:Creating environment hook '/home/user/celluleflexible_en_cours_ROS2/ros_ws/install/shuttles/share/shuttles/hook/ld_library_path_lib.sh'
[4.925s] Level 1:colcon.colcon_core.environment:checking '/home/user/celluleflexible_en_cours_ROS2/ros_ws/install/shuttles/bin'
[4.925s] Level 1:colcon.colcon_core.environment:checking '/home/user/celluleflexible_en_cours_ROS2/ros_ws/install/shuttles/lib/pkgconfig/shuttles.pc'
[4.925s] Level 1:colcon.colcon_core.environment:checking '/home/user/celluleflexible_en_cours_ROS2/ros_ws/install/shuttles/lib/python3.12/site-packages'
[4.926s] Level 1:colcon.colcon_core.shell:create_environment_hook('shuttles', 'pythonpath')
[4.926s] INFO:colcon.colcon_core.shell:Creating environment hook '/home/user/celluleflexible_en_cours_ROS2/ros_ws/install/shuttles/share/shuttles/hook/pythonpath.ps1'
[4.929s] INFO:colcon.colcon_core.shell:Creating environment descriptor '/home/user/celluleflexible_en_cours_ROS2/ros_ws/install/shuttles/share/shuttles/hook/pythonpath.dsv'
[4.930s] INFO:colcon.colcon_core.shell:Creating environment hook '/home/user/celluleflexible_en_cours_ROS2/ros_ws/install/shuttles/share/shuttles/hook/pythonpath.sh'
[4.933s] Level 1:colcon.colcon_core.environment:checking '/home/user/celluleflexible_en_cours_ROS2/ros_ws/install/shuttles/bin'
[4.934s] INFO:colcon.colcon_core.shell:Creating package script '/home/user/celluleflexible_en_cours_ROS2/ros_ws/install/shuttles/share/shuttles/package.ps1'
[4.934s] INFO:colcon.colcon_core.shell:Creating package descriptor '/home/user/celluleflexible_en_cours_ROS2/ros_ws/install/shuttles/share/shuttles/package.dsv'
[4.934s] INFO:colcon.colcon_core.shell:Creating package script '/home/user/celluleflexible_en_cours_ROS2/ros_ws/install/shuttles/share/shuttles/package.sh'
[4.935s] INFO:colcon.colcon_core.shell:Creating package script '/home/user/celluleflexible_en_cours_ROS2/ros_ws/install/shuttles/share/shuttles/package.bash'
[4.935s] INFO:colcon.colcon_core.shell:Creating package script '/home/user/celluleflexible_en_cours_ROS2/ros_ws/install/shuttles/share/shuttles/package.zsh'
[4.935s] Level 1:colcon.colcon_core.environment:create_file_with_runtime_dependencies(/home/user/celluleflexible_en_cours_ROS2/ros_ws/install/shuttles/share/colcon-core/packages/shuttles)
[4.936s] Level 1:colcon.colcon_core.environment:create_environment_scripts_only(shuttles)
[4.936s] Level 1:colcon.colcon_core.environment:checking '/home/user/celluleflexible_en_cours_ROS2/ros_ws/install/shuttles' for CMake module files
[4.936s] Level 1:colcon.colcon_core.environment:checking '/home/user/celluleflexible_en_cours_ROS2/ros_ws/install/shuttles' for CMake config files
[4.936s] Level 1:colcon.colcon_core.shell:create_environment_hook('shuttles', 'cmake_prefix_path')
[4.936s] INFO:colcon.colcon_core.shell:Creating environment hook '/home/user/celluleflexible_en_cours_ROS2/ros_ws/install/shuttles/share/shuttles/hook/cmake_prefix_path.ps1'
[4.936s] INFO:colcon.colcon_core.shell:Creating environment descriptor '/home/user/celluleflexible_en_cours_ROS2/ros_ws/install/shuttles/share/shuttles/hook/cmake_prefix_path.dsv'
[4.937s] INFO:colcon.colcon_core.shell:Creating environment hook '/home/user/celluleflexible_en_cours_ROS2/ros_ws/install/shuttles/share/shuttles/hook/cmake_prefix_path.sh'
[4.937s] Level 1:colcon.colcon_core.environment:checking '/home/user/celluleflexible_en_cours_ROS2/ros_ws/install/shuttles/lib'
[4.937s] Level 1:colcon.colcon_core.shell:create_environment_hook('shuttles', 'ld_library_path_lib')
[4.937s] INFO:colcon.colcon_core.shell:Creating environment hook '/home/user/celluleflexible_en_cours_ROS2/ros_ws/install/shuttles/share/shuttles/hook/ld_library_path_lib.ps1'
[4.937s] INFO:colcon.colcon_core.shell:Creating environment descriptor '/home/user/celluleflexible_en_cours_ROS2/ros_ws/install/shuttles/share/shuttles/hook/ld_library_path_lib.dsv'
[4.938s] INFO:colcon.colcon_core.shell:Creating environment hook '/home/user/celluleflexible_en_cours_ROS2/ros_ws/install/shuttles/share/shuttles/hook/ld_library_path_lib.sh'
[4.938s] Level 1:colcon.colcon_core.environment:checking '/home/user/celluleflexible_en_cours_ROS2/ros_ws/install/shuttles/bin'
[4.938s] Level 1:colcon.colcon_core.environment:checking '/home/user/celluleflexible_en_cours_ROS2/ros_ws/install/shuttles/lib/pkgconfig/shuttles.pc'
[4.938s] Level 1:colcon.colcon_core.environment:checking '/home/user/celluleflexible_en_cours_ROS2/ros_ws/install/shuttles/lib/python3.12/site-packages'
[4.938s] Level 1:colcon.colcon_core.shell:create_environment_hook('shuttles', 'pythonpath')
[4.938s] INFO:colcon.colcon_core.shell:Creating environment hook '/home/user/celluleflexible_en_cours_ROS2/ros_ws/install/shuttles/share/shuttles/hook/pythonpath.ps1'
[4.939s] INFO:colcon.colcon_core.shell:Creating environment descriptor '/home/user/celluleflexible_en_cours_ROS2/ros_ws/install/shuttles/share/shuttles/hook/pythonpath.dsv'
[4.939s] INFO:colcon.colcon_core.shell:Creating environment hook '/home/user/celluleflexible_en_cours_ROS2/ros_ws/install/shuttles/share/shuttles/hook/pythonpath.sh'
[4.939s] Level 1:colcon.colcon_core.environment:checking '/home/user/celluleflexible_en_cours_ROS2/ros_ws/install/shuttles/bin'
[4.940s] INFO:colcon.colcon_core.shell:Creating package script '/home/user/celluleflexible_en_cours_ROS2/ros_ws/install/shuttles/share/shuttles/package.ps1'
[4.940s] INFO:colcon.colcon_core.shell:Creating package descriptor '/home/user/celluleflexible_en_cours_ROS2/ros_ws/install/shuttles/share/shuttles/package.dsv'
[4.940s] INFO:colcon.colcon_core.shell:Creating package script '/home/user/celluleflexible_en_cours_ROS2/ros_ws/install/shuttles/share/shuttles/package.sh'
[4.941s] INFO:colcon.colcon_core.shell:Creating package script '/home/user/celluleflexible_en_cours_ROS2/ros_ws/install/shuttles/share/shuttles/package.bash'
[4.941s] INFO:colcon.colcon_core.shell:Creating package script '/home/user/celluleflexible_en_cours_ROS2/ros_ws/install/shuttles/share/shuttles/package.zsh'
[4.941s] Level 1:colcon.colcon_core.environment:create_file_with_runtime_dependencies(/home/user/celluleflexible_en_cours_ROS2/ros_ws/install/shuttles/share/colcon-core/packages/shuttles)
[4.943s] Level 1:colcon.colcon_core.environment:create_environment_scripts_only(commande_locale)
[4.943s] Level 1:colcon.colcon_core.environment:checking '/home/user/celluleflexible_en_cours_ROS2/ros_ws/install/commande_locale' for CMake module files
[4.944s] DEBUG:colcon.colcon_core.event_handler.log_command:Invoked command in '/home/user/celluleflexible_en_cours_ROS2/ros_ws/build/commande_locale' returned '0': CMAKE_PREFIX_PATH=/home/user/celluleflexible_en_cours_ROS2/ros_ws/install/aiguillages:/home/user/celluleflexible_en_cours_ROS2/ros_ws/install/commande:/home/user/celluleflexible_en_cours_ROS2/ros_ws/install/shuttles:/home/user/celluleflexible_en_cours_ROS2/ros_ws/install/robots:/home/user/celluleflexible_en_cours_ROS2/ros_ws/install/launcher:/home/user/celluleflexible_en_cours_ROS2/ros_ws/install/commande_locale:/opt/ros/jazzy/opt/gz_math_vendor:/opt/ros/jazzy/opt/gz_utils_vendor:/opt/ros/jazzy/opt/gz_cmake_vendor:/opt/ros/jazzy DEBUGINFOD_URLS=https://debuginfod.ubuntu.com LD_LIBRARY_PATH=/home/user/celluleflexible_en_cours_ROS2/ros_ws/install/aiguillages/lib:/home/user/celluleflexible_en_cours_ROS2/ros_ws/install/shuttles/lib:/home/user/celluleflexible_en_cours_ROS2/ros_ws/install/robots/lib:/home/user/celluleflexible_en_cours_ROS2/ros_ws/install/commande_locale/lib:/opt/ros/jazzy/opt/rviz_ogre_vendor/lib:/opt/ros/jazzy/lib/x86_64-linux-gnu:/opt/ros/jazzy/opt/gz_math_vendor/lib:/opt/ros/jazzy/opt/gz_utils_vendor/lib:/opt/ros/jazzy/opt/gz_cmake_vendor/lib:/opt/ros/jazzy/lib PYTHONPATH=/home/user/celluleflexible_en_cours_ROS2/ros_ws/install/aiguillages/lib/python3.12/site-packages:/home/user/celluleflexible_en_cours_ROS2/ros_ws/install/shuttles/lib/python3.12/site-packages:/home/user/celluleflexible_en_cours_ROS2/ros_ws/install/robots/lib/python3.12/site-packages:/home/user/celluleflexible_en_cours_ROS2/ros_ws/install/commande_locale/lib/python3.12/site-packages:/opt/ros/jazzy/lib/python3.12/site-packages /usr/bin/cmake --install /home/user/celluleflexible_en_cours_ROS2/ros_ws/build/commande_locale
[4.944s] Level 1:colcon.colcon_core.environment:checking '/home/user/celluleflexible_en_cours_ROS2/ros_ws/install/commande_locale' for CMake config files
[4.944s] Level 1:colcon.colcon_core.shell:create_environment_hook('commande_locale', 'cmake_prefix_path')
[4.944s] INFO:colcon.colcon_core.shell:Creating environment hook '/home/user/celluleflexible_en_cours_ROS2/ros_ws/install/commande_locale/share/commande_locale/hook/cmake_prefix_path.ps1'
[4.945s] INFO:colcon.colcon_core.shell:Creating environment descriptor '/home/user/celluleflexible_en_cours_ROS2/ros_ws/install/commande_locale/share/commande_locale/hook/cmake_prefix_path.dsv'
[4.945s] INFO:colcon.colcon_core.shell:Creating environment hook '/home/user/celluleflexible_en_cours_ROS2/ros_ws/install/commande_locale/share/commande_locale/hook/cmake_prefix_path.sh'
[4.945s] Level 1:colcon.colcon_core.environment:checking '/home/user/celluleflexible_en_cours_ROS2/ros_ws/install/commande_locale/lib'
[4.945s] Level 1:colcon.colcon_core.shell:create_environment_hook('commande_locale', 'ld_library_path_lib')
[4.947s] INFO:colcon.colcon_core.shell:Creating environment hook '/home/user/celluleflexible_en_cours_ROS2/ros_ws/install/commande_locale/share/commande_locale/hook/ld_library_path_lib.ps1'
[4.947s] INFO:colcon.colcon_core.shell:Creating environment descriptor '/home/user/celluleflexible_en_cours_ROS2/ros_ws/install/commande_locale/share/commande_locale/hook/ld_library_path_lib.dsv'
[4.948s] INFO:colcon.colcon_core.shell:Creating environment hook '/home/user/celluleflexible_en_cours_ROS2/ros_ws/install/commande_locale/share/commande_locale/hook/ld_library_path_lib.sh'
[4.948s] Level 1:colcon.colcon_core.environment:checking '/home/user/celluleflexible_en_cours_ROS2/ros_ws/install/commande_locale/bin'
[4.948s] Level 1:colcon.colcon_core.environment:checking '/home/user/celluleflexible_en_cours_ROS2/ros_ws/install/commande_locale/lib/pkgconfig/commande_locale.pc'
[4.948s] Level 1:colcon.colcon_core.environment:checking '/home/user/celluleflexible_en_cours_ROS2/ros_ws/install/commande_locale/lib/python3.12/site-packages'
[4.948s] Level 1:colcon.colcon_core.shell:create_environment_hook('commande_locale', 'pythonpath')
[4.948s] INFO:colcon.colcon_core.shell:Creating environment hook '/home/user/celluleflexible_en_cours_ROS2/ros_ws/install/commande_locale/share/commande_locale/hook/pythonpath.ps1'
[4.949s] INFO:colcon.colcon_core.shell:Creating environment descriptor '/home/user/celluleflexible_en_cours_ROS2/ros_ws/install/commande_locale/share/commande_locale/hook/pythonpath.dsv'
[4.949s] INFO:colcon.colcon_core.shell:Creating environment hook '/home/user/celluleflexible_en_cours_ROS2/ros_ws/install/commande_locale/share/commande_locale/hook/pythonpath.sh'
[4.951s] Level 1:colcon.colcon_core.environment:checking '/home/user/celluleflexible_en_cours_ROS2/ros_ws/install/commande_locale/bin'
[4.951s] INFO:colcon.colcon_core.shell:Creating package script '/home/user/celluleflexible_en_cours_ROS2/ros_ws/install/commande_locale/share/commande_locale/package.ps1'
[4.952s] INFO:colcon.colcon_core.shell:Creating package descriptor '/home/user/celluleflexible_en_cours_ROS2/ros_ws/install/commande_locale/share/commande_locale/package.dsv'
[4.952s] INFO:colcon.colcon_core.shell:Creating package script '/home/user/celluleflexible_en_cours_ROS2/ros_ws/install/commande_locale/share/commande_locale/package.sh'
[4.953s] INFO:colcon.colcon_core.shell:Creating package script '/home/user/celluleflexible_en_cours_ROS2/ros_ws/install/commande_locale/share/commande_locale/package.bash'
[4.953s] INFO:colcon.colcon_core.shell:Creating package script '/home/user/celluleflexible_en_cours_ROS2/ros_ws/install/commande_locale/share/commande_locale/package.zsh'
[4.954s] Level 1:colcon.colcon_core.environment:create_file_with_runtime_dependencies(/home/user/celluleflexible_en_cours_ROS2/ros_ws/install/commande_locale/share/colcon-core/packages/commande_locale)
[4.954s] Level 1:colcon.colcon_core.environment:create_environment_scripts_only(commande_locale)
[4.955s] Level 1:colcon.colcon_core.environment:checking '/home/user/celluleflexible_en_cours_ROS2/ros_ws/install/commande_locale' for CMake module files
[4.955s] Level 1:colcon.colcon_core.environment:checking '/home/user/celluleflexible_en_cours_ROS2/ros_ws/install/commande_locale' for CMake config files
[4.955s] Level 1:colcon.colcon_core.shell:create_environment_hook('commande_locale', 'cmake_prefix_path')
[4.955s] INFO:colcon.colcon_core.shell:Creating environment hook '/home/user/celluleflexible_en_cours_ROS2/ros_ws/install/commande_locale/share/commande_locale/hook/cmake_prefix_path.ps1'
[4.955s] INFO:colcon.colcon_core.shell:Creating environment descriptor '/home/user/celluleflexible_en_cours_ROS2/ros_ws/install/commande_locale/share/commande_locale/hook/cmake_prefix_path.dsv'
[4.956s] INFO:colcon.colcon_core.shell:Creating environment hook '/home/user/celluleflexible_en_cours_ROS2/ros_ws/install/commande_locale/share/commande_locale/hook/cmake_prefix_path.sh'
[4.956s] Level 1:colcon.colcon_core.environment:checking '/home/user/celluleflexible_en_cours_ROS2/ros_ws/install/commande_locale/lib'
[4.957s] Level 1:colcon.colcon_core.shell:create_environment_hook('commande_locale', 'ld_library_path_lib')
[4.957s] INFO:colcon.colcon_core.shell:Creating environment hook '/home/user/celluleflexible_en_cours_ROS2/ros_ws/install/commande_locale/share/commande_locale/hook/ld_library_path_lib.ps1'
[4.957s] INFO:colcon.colcon_core.shell:Creating environment descriptor '/home/user/celluleflexible_en_cours_ROS2/ros_ws/install/commande_locale/share/commande_locale/hook/ld_library_path_lib.dsv'
[4.957s] INFO:colcon.colcon_core.shell:Creating environment hook '/home/user/celluleflexible_en_cours_ROS2/ros_ws/install/commande_locale/share/commande_locale/hook/ld_library_path_lib.sh'
[4.957s] Level 1:colcon.colcon_core.environment:checking '/home/user/celluleflexible_en_cours_ROS2/ros_ws/install/commande_locale/bin'
[4.957s] Level 1:colcon.colcon_core.environment:checking '/home/user/celluleflexible_en_cours_ROS2/ros_ws/install/commande_locale/lib/pkgconfig/commande_locale.pc'
[4.958s] Level 1:colcon.colcon_core.environment:checking '/home/user/celluleflexible_en_cours_ROS2/ros_ws/install/commande_locale/lib/python3.12/site-packages'
[4.958s] Level 1:colcon.colcon_core.shell:create_environment_hook('commande_locale', 'pythonpath')
[4.958s] INFO:colcon.colcon_core.shell:Creating environment hook '/home/user/celluleflexible_en_cours_ROS2/ros_ws/install/commande_locale/share/commande_locale/hook/pythonpath.ps1'
[4.958s] INFO:colcon.colcon_core.shell:Creating environment descriptor '/home/user/celluleflexible_en_cours_ROS2/ros_ws/install/commande_locale/share/commande_locale/hook/pythonpath.dsv'
[4.958s] INFO:colcon.colcon_core.shell:Creating environment hook '/home/user/celluleflexible_en_cours_ROS2/ros_ws/install/commande_locale/share/commande_locale/hook/pythonpath.sh'
[4.959s] Level 1:colcon.colcon_core.environment:checking '/home/user/celluleflexible_en_cours_ROS2/ros_ws/install/commande_locale/bin'
[4.959s] INFO:colcon.colcon_core.shell:Creating package script '/home/user/celluleflexible_en_cours_ROS2/ros_ws/install/commande_locale/share/commande_locale/package.ps1'
[4.959s] INFO:colcon.colcon_core.shell:Creating package descriptor '/home/user/celluleflexible_en_cours_ROS2/ros_ws/install/commande_locale/share/commande_locale/package.dsv'
[4.960s] INFO:colcon.colcon_core.shell:Creating package script '/home/user/celluleflexible_en_cours_ROS2/ros_ws/install/commande_locale/share/commande_locale/package.sh'
[4.960s] INFO:colcon.colcon_core.shell:Creating package script '/home/user/celluleflexible_en_cours_ROS2/ros_ws/install/commande_locale/share/commande_locale/package.bash'
[4.960s] INFO:colcon.colcon_core.shell:Creating package script '/home/user/celluleflexible_en_cours_ROS2/ros_ws/install/commande_locale/share/commande_locale/package.zsh'
[4.961s] Level 1:colcon.colcon_core.environment:create_file_with_runtime_dependencies(/home/user/celluleflexible_en_cours_ROS2/ros_ws/install/commande_locale/share/colcon-core/packages/commande_locale)
[4.962s] INFO:colcon.colcon_ros.task.ament_cmake.build:Building ROS package in '/home/user/celluleflexible_en_cours_ROS2/ros_ws/src/robots' with build type 'ament_cmake'
[4.962s] INFO:colcon.colcon_cmake.task.cmake.build:Building CMake package in '/home/user/celluleflexible_en_cours_ROS2/ros_ws/src/robots'
[4.962s] INFO:colcon.colcon_core.shell:Skip shell extension 'powershell' for command environment: Not usable outside of PowerShell
[4.962s] DEBUG:colcon.colcon_core.shell:Skip shell extension 'dsv' for command environment
[4.984s] DEBUG:colcon.colcon_core.event_handler.log_command:Invoking command in '/home/user/celluleflexible_en_cours_ROS2/ros_ws/build/robots': CMAKE_PREFIX_PATH=/home/user/celluleflexible_en_cours_ROS2/ros_ws/install/shuttles:/home/user/celluleflexible_en_cours_ROS2/ros_ws/install/commande_locale:/home/user/celluleflexible_en_cours_ROS2/ros_ws/install/aiguillages:/home/user/celluleflexible_en_cours_ROS2/ros_ws/install/commande:/home/user/celluleflexible_en_cours_ROS2/ros_ws/install/robots:/home/user/celluleflexible_en_cours_ROS2/ros_ws/install/launcher:/opt/ros/jazzy/opt/gz_math_vendor:/opt/ros/jazzy/opt/gz_utils_vendor:/opt/ros/jazzy/opt/gz_cmake_vendor:/opt/ros/jazzy DEBUGINFOD_URLS=https://debuginfod.ubuntu.com LD_LIBRARY_PATH=/home/user/celluleflexible_en_cours_ROS2/ros_ws/install/shuttles/lib:/home/user/celluleflexible_en_cours_ROS2/ros_ws/install/commande_locale/lib:/home/user/celluleflexible_en_cours_ROS2/ros_ws/install/aiguillages/lib:/home/user/celluleflexible_en_cours_ROS2/ros_ws/install/robots/lib:/opt/ros/jazzy/opt/rviz_ogre_vendor/lib:/opt/ros/jazzy/lib/x86_64-linux-gnu:/opt/ros/jazzy/opt/gz_math_vendor/lib:/opt/ros/jazzy/opt/gz_utils_vendor/lib:/opt/ros/jazzy/opt/gz_cmake_vendor/lib:/opt/ros/jazzy/lib PYTHONPATH=/home/user/celluleflexible_en_cours_ROS2/ros_ws/install/shuttles/lib/python3.12/site-packages:/home/user/celluleflexible_en_cours_ROS2/ros_ws/install/commande_locale/lib/python3.12/site-packages:/home/user/celluleflexible_en_cours_ROS2/ros_ws/install/aiguillages/lib/python3.12/site-packages:/home/user/celluleflexible_en_cours_ROS2/ros_ws/install/robots/lib/python3.12/site-packages:/opt/ros/jazzy/lib/python3.12/site-packages /usr/bin/cmake --build /home/user/celluleflexible_en_cours_ROS2/ros_ws/build/robots -- -j8 -l8
[5.265s] DEBUG:colcon.colcon_core.event_handler.log_command:Invoked command in '/home/user/celluleflexible_en_cours_ROS2/ros_ws/build/robots' returned '0': CMAKE_PREFIX_PATH=/home/user/celluleflexible_en_cours_ROS2/ros_ws/install/shuttles:/home/user/celluleflexible_en_cours_ROS2/ros_ws/install/commande_locale:/home/user/celluleflexible_en_cours_ROS2/ros_ws/install/aiguillages:/home/user/celluleflexible_en_cours_ROS2/ros_ws/install/commande:/home/user/celluleflexible_en_cours_ROS2/ros_ws/install/robots:/home/user/celluleflexible_en_cours_ROS2/ros_ws/install/launcher:/opt/ros/jazzy/opt/gz_math_vendor:/opt/ros/jazzy/opt/gz_utils_vendor:/opt/ros/jazzy/opt/gz_cmake_vendor:/opt/ros/jazzy DEBUGINFOD_URLS=https://debuginfod.ubuntu.com LD_LIBRARY_PATH=/home/user/celluleflexible_en_cours_ROS2/ros_ws/install/shuttles/lib:/home/user/celluleflexible_en_cours_ROS2/ros_ws/install/commande_locale/lib:/home/user/celluleflexible_en_cours_ROS2/ros_ws/install/aiguillages/lib:/home/user/celluleflexible_en_cours_ROS2/ros_ws/install/robots/lib:/opt/ros/jazzy/opt/rviz_ogre_vendor/lib:/opt/ros/jazzy/lib/x86_64-linux-gnu:/opt/ros/jazzy/opt/gz_math_vendor/lib:/opt/ros/jazzy/opt/gz_utils_vendor/lib:/opt/ros/jazzy/opt/gz_cmake_vendor/lib:/opt/ros/jazzy/lib PYTHONPATH=/home/user/celluleflexible_en_cours_ROS2/ros_ws/install/shuttles/lib/python3.12/site-packages:/home/user/celluleflexible_en_cours_ROS2/ros_ws/install/commande_locale/lib/python3.12/site-packages:/home/user/celluleflexible_en_cours_ROS2/ros_ws/install/aiguillages/lib/python3.12/site-packages:/home/user/celluleflexible_en_cours_ROS2/ros_ws/install/robots/lib/python3.12/site-packages:/opt/ros/jazzy/lib/python3.12/site-packages /usr/bin/cmake --build /home/user/celluleflexible_en_cours_ROS2/ros_ws/build/robots -- -j8 -l8
[5.266s] DEBUG:colcon.colcon_core.event_handler.log_command:Invoking command in '/home/user/celluleflexible_en_cours_ROS2/ros_ws/build/robots': CMAKE_PREFIX_PATH=/home/user/celluleflexible_en_cours_ROS2/ros_ws/install/shuttles:/home/user/celluleflexible_en_cours_ROS2/ros_ws/install/commande_locale:/home/user/celluleflexible_en_cours_ROS2/ros_ws/install/aiguillages:/home/user/celluleflexible_en_cours_ROS2/ros_ws/install/commande:/home/user/celluleflexible_en_cours_ROS2/ros_ws/install/robots:/home/user/celluleflexible_en_cours_ROS2/ros_ws/install/launcher:/opt/ros/jazzy/opt/gz_math_vendor:/opt/ros/jazzy/opt/gz_utils_vendor:/opt/ros/jazzy/opt/gz_cmake_vendor:/opt/ros/jazzy DEBUGINFOD_URLS=https://debuginfod.ubuntu.com LD_LIBRARY_PATH=/home/user/celluleflexible_en_cours_ROS2/ros_ws/install/shuttles/lib:/home/user/celluleflexible_en_cours_ROS2/ros_ws/install/commande_locale/lib:/home/user/celluleflexible_en_cours_ROS2/ros_ws/install/aiguillages/lib:/home/user/celluleflexible_en_cours_ROS2/ros_ws/install/robots/lib:/opt/ros/jazzy/opt/rviz_ogre_vendor/lib:/opt/ros/jazzy/lib/x86_64-linux-gnu:/opt/ros/jazzy/opt/gz_math_vendor/lib:/opt/ros/jazzy/opt/gz_utils_vendor/lib:/opt/ros/jazzy/opt/gz_cmake_vendor/lib:/opt/ros/jazzy/lib PYTHONPATH=/home/user/celluleflexible_en_cours_ROS2/ros_ws/install/shuttles/lib/python3.12/site-packages:/home/user/celluleflexible_en_cours_ROS2/ros_ws/install/commande_locale/lib/python3.12/site-packages:/home/user/celluleflexible_en_cours_ROS2/ros_ws/install/aiguillages/lib/python3.12/site-packages:/home/user/celluleflexible_en_cours_ROS2/ros_ws/install/robots/lib/python3.12/site-packages:/opt/ros/jazzy/lib/python3.12/site-packages /usr/bin/cmake --install /home/user/celluleflexible_en_cours_ROS2/ros_ws/build/robots
[5.314s] Level 1:colcon.colcon_core.environment:create_environment_scripts_only(robots)
[5.314s] Level 1:colcon.colcon_core.environment:checking '/home/user/celluleflexible_en_cours_ROS2/ros_ws/install/robots' for CMake module files
[5.315s] DEBUG:colcon.colcon_core.event_handler.log_command:Invoked command in '/home/user/celluleflexible_en_cours_ROS2/ros_ws/build/robots' returned '0': CMAKE_PREFIX_PATH=/home/user/celluleflexible_en_cours_ROS2/ros_ws/install/shuttles:/home/user/celluleflexible_en_cours_ROS2/ros_ws/install/commande_locale:/home/user/celluleflexible_en_cours_ROS2/ros_ws/install/aiguillages:/home/user/celluleflexible_en_cours_ROS2/ros_ws/install/commande:/home/user/celluleflexible_en_cours_ROS2/ros_ws/install/robots:/home/user/celluleflexible_en_cours_ROS2/ros_ws/install/launcher:/opt/ros/jazzy/opt/gz_math_vendor:/opt/ros/jazzy/opt/gz_utils_vendor:/opt/ros/jazzy/opt/gz_cmake_vendor:/opt/ros/jazzy DEBUGINFOD_URLS=https://debuginfod.ubuntu.com LD_LIBRARY_PATH=/home/user/celluleflexible_en_cours_ROS2/ros_ws/install/shuttles/lib:/home/user/celluleflexible_en_cours_ROS2/ros_ws/install/commande_locale/lib:/home/user/celluleflexible_en_cours_ROS2/ros_ws/install/aiguillages/lib:/home/user/celluleflexible_en_cours_ROS2/ros_ws/install/robots/lib:/opt/ros/jazzy/opt/rviz_ogre_vendor/lib:/opt/ros/jazzy/lib/x86_64-linux-gnu:/opt/ros/jazzy/opt/gz_math_vendor/lib:/opt/ros/jazzy/opt/gz_utils_vendor/lib:/opt/ros/jazzy/opt/gz_cmake_vendor/lib:/opt/ros/jazzy/lib PYTHONPATH=/home/user/celluleflexible_en_cours_ROS2/ros_ws/install/shuttles/lib/python3.12/site-packages:/home/user/celluleflexible_en_cours_ROS2/ros_ws/install/commande_locale/lib/python3.12/site-packages:/home/user/celluleflexible_en_cours_ROS2/ros_ws/install/aiguillages/lib/python3.12/site-packages:/home/user/celluleflexible_en_cours_ROS2/ros_ws/install/robots/lib/python3.12/site-packages:/opt/ros/jazzy/lib/python3.12/site-packages /usr/bin/cmake --install /home/user/celluleflexible_en_cours_ROS2/ros_ws/build/robots
[5.315s] Level 1:colcon.colcon_core.environment:checking '/home/user/celluleflexible_en_cours_ROS2/ros_ws/install/robots' for CMake config files
[5.315s] Level 1:colcon.colcon_core.shell:create_environment_hook('robots', 'cmake_prefix_path')
[5.315s] INFO:colcon.colcon_core.shell:Creating environment hook '/home/user/celluleflexible_en_cours_ROS2/ros_ws/install/robots/share/robots/hook/cmake_prefix_path.ps1'
[5.315s] INFO:colcon.colcon_core.shell:Creating environment descriptor '/home/user/celluleflexible_en_cours_ROS2/ros_ws/install/robots/share/robots/hook/cmake_prefix_path.dsv'
[5.316s] INFO:colcon.colcon_core.shell:Creating environment hook '/home/user/celluleflexible_en_cours_ROS2/ros_ws/install/robots/share/robots/hook/cmake_prefix_path.sh'
[5.317s] Level 1:colcon.colcon_core.environment:checking '/home/user/celluleflexible_en_cours_ROS2/ros_ws/install/robots/lib'
[5.317s] Level 1:colcon.colcon_core.shell:create_environment_hook('robots', 'ld_library_path_lib')
[5.317s] INFO:colcon.colcon_core.shell:Creating environment hook '/home/user/celluleflexible_en_cours_ROS2/ros_ws/install/robots/share/robots/hook/ld_library_path_lib.ps1'
[5.317s] INFO:colcon.colcon_core.shell:Creating environment descriptor '/home/user/celluleflexible_en_cours_ROS2/ros_ws/install/robots/share/robots/hook/ld_library_path_lib.dsv'
[5.317s] INFO:colcon.colcon_core.shell:Creating environment hook '/home/user/celluleflexible_en_cours_ROS2/ros_ws/install/robots/share/robots/hook/ld_library_path_lib.sh'
[5.318s] Level 1:colcon.colcon_core.environment:checking '/home/user/celluleflexible_en_cours_ROS2/ros_ws/install/robots/bin'
[5.318s] Level 1:colcon.colcon_core.environment:checking '/home/user/celluleflexible_en_cours_ROS2/ros_ws/install/robots/lib/pkgconfig/robots.pc'
[5.318s] Level 1:colcon.colcon_core.environment:checking '/home/user/celluleflexible_en_cours_ROS2/ros_ws/install/robots/lib/python3.12/site-packages'
[5.318s] Level 1:colcon.colcon_core.shell:create_environment_hook('robots', 'pythonpath')
[5.318s] INFO:colcon.colcon_core.shell:Creating environment hook '/home/user/celluleflexible_en_cours_ROS2/ros_ws/install/robots/share/robots/hook/pythonpath.ps1'
[5.318s] INFO:colcon.colcon_core.shell:Creating environment descriptor '/home/user/celluleflexible_en_cours_ROS2/ros_ws/install/robots/share/robots/hook/pythonpath.dsv'
[5.319s] INFO:colcon.colcon_core.shell:Creating environment hook '/home/user/celluleflexible_en_cours_ROS2/ros_ws/install/robots/share/robots/hook/pythonpath.sh'
[5.319s] Level 1:colcon.colcon_core.environment:checking '/home/user/celluleflexible_en_cours_ROS2/ros_ws/install/robots/bin'
[5.319s] INFO:colcon.colcon_core.shell:Creating package script '/home/user/celluleflexible_en_cours_ROS2/ros_ws/install/robots/share/robots/package.ps1'
[5.319s] INFO:colcon.colcon_core.shell:Creating package descriptor '/home/user/celluleflexible_en_cours_ROS2/ros_ws/install/robots/share/robots/package.dsv'
[5.320s] INFO:colcon.colcon_core.shell:Creating package script '/home/user/celluleflexible_en_cours_ROS2/ros_ws/install/robots/share/robots/package.sh'
[5.320s] INFO:colcon.colcon_core.shell:Creating package script '/home/user/celluleflexible_en_cours_ROS2/ros_ws/install/robots/share/robots/package.bash'
[5.321s] INFO:colcon.colcon_core.shell:Creating package script '/home/user/celluleflexible_en_cours_ROS2/ros_ws/install/robots/share/robots/package.zsh'
[5.321s] Level 1:colcon.colcon_core.environment:create_file_with_runtime_dependencies(/home/user/celluleflexible_en_cours_ROS2/ros_ws/install/robots/share/colcon-core/packages/robots)
[5.321s] Level 1:colcon.colcon_core.environment:create_environment_scripts_only(robots)
[5.322s] Level 1:colcon.colcon_core.environment:checking '/home/user/celluleflexible_en_cours_ROS2/ros_ws/install/robots' for CMake module files
[5.322s] Level 1:colcon.colcon_core.environment:checking '/home/user/celluleflexible_en_cours_ROS2/ros_ws/install/robots' for CMake config files
[5.322s] Level 1:colcon.colcon_core.shell:create_environment_hook('robots', 'cmake_prefix_path')
[5.322s] INFO:colcon.colcon_core.shell:Creating environment hook '/home/user/celluleflexible_en_cours_ROS2/ros_ws/install/robots/share/robots/hook/cmake_prefix_path.ps1'
[5.322s] INFO:colcon.colcon_core.shell:Creating environment descriptor '/home/user/celluleflexible_en_cours_ROS2/ros_ws/install/robots/share/robots/hook/cmake_prefix_path.dsv'
[5.323s] INFO:colcon.colcon_core.shell:Creating environment hook '/home/user/celluleflexible_en_cours_ROS2/ros_ws/install/robots/share/robots/hook/cmake_prefix_path.sh'
[5.323s] Level 1:colcon.colcon_core.environment:checking '/home/user/celluleflexible_en_cours_ROS2/ros_ws/install/robots/lib'
[5.323s] Level 1:colcon.colcon_core.shell:create_environment_hook('robots', 'ld_library_path_lib')
[5.323s] INFO:colcon.colcon_core.shell:Creating environment hook '/home/user/celluleflexible_en_cours_ROS2/ros_ws/install/robots/share/robots/hook/ld_library_path_lib.ps1'
[5.323s] INFO:colcon.colcon_core.shell:Creating environment descriptor '/home/user/celluleflexible_en_cours_ROS2/ros_ws/install/robots/share/robots/hook/ld_library_path_lib.dsv'
[5.324s] INFO:colcon.colcon_core.shell:Creating environment hook '/home/user/celluleflexible_en_cours_ROS2/ros_ws/install/robots/share/robots/hook/ld_library_path_lib.sh'
[5.324s] Level 1:colcon.colcon_core.environment:checking '/home/user/celluleflexible_en_cours_ROS2/ros_ws/install/robots/bin'
[5.324s] Level 1:colcon.colcon_core.environment:checking '/home/user/celluleflexible_en_cours_ROS2/ros_ws/install/robots/lib/pkgconfig/robots.pc'
[5.324s] Level 1:colcon.colcon_core.environment:checking '/home/user/celluleflexible_en_cours_ROS2/ros_ws/install/robots/lib/python3.12/site-packages'
[5.324s] Level 1:colcon.colcon_core.shell:create_environment_hook('robots', 'pythonpath')
[5.324s] INFO:colcon.colcon_core.shell:Creating environment hook '/home/user/celluleflexible_en_cours_ROS2/ros_ws/install/robots/share/robots/hook/pythonpath.ps1'
[5.325s] INFO:colcon.colcon_core.shell:Creating environment descriptor '/home/user/celluleflexible_en_cours_ROS2/ros_ws/install/robots/share/robots/hook/pythonpath.dsv'
[5.325s] INFO:colcon.colcon_core.shell:Creating environment hook '/home/user/celluleflexible_en_cours_ROS2/ros_ws/install/robots/share/robots/hook/pythonpath.sh'
[5.325s] Level 1:colcon.colcon_core.environment:checking '/home/user/celluleflexible_en_cours_ROS2/ros_ws/install/robots/bin'
[5.325s] INFO:colcon.colcon_core.shell:Creating package script '/home/user/celluleflexible_en_cours_ROS2/ros_ws/install/robots/share/robots/package.ps1'
[5.326s] INFO:colcon.colcon_core.shell:Creating package descriptor '/home/user/celluleflexible_en_cours_ROS2/ros_ws/install/robots/share/robots/package.dsv'
[5.326s] INFO:colcon.colcon_core.shell:Creating package script '/home/user/celluleflexible_en_cours_ROS2/ros_ws/install/robots/share/robots/package.sh'
[5.327s] INFO:colcon.colcon_core.shell:Creating package script '/home/user/celluleflexible_en_cours_ROS2/ros_ws/install/robots/share/robots/package.bash'
[5.327s] INFO:colcon.colcon_core.shell:Creating package script '/home/user/celluleflexible_en_cours_ROS2/ros_ws/install/robots/share/robots/package.zsh'
[5.327s] Level 1:colcon.colcon_core.environment:create_file_with_runtime_dependencies(/home/user/celluleflexible_en_cours_ROS2/ros_ws/install/robots/share/colcon-core/packages/robots)
[5.328s] INFO:colcon.colcon_ros.task.ament_cmake.build:Building ROS package in '/home/user/celluleflexible_en_cours_ROS2/ros_ws/src/commande' with build type 'ament_cmake'
[5.328s] INFO:colcon.colcon_cmake.task.cmake.build:Building CMake package in '/home/user/celluleflexible_en_cours_ROS2/ros_ws/src/commande'
[5.328s] INFO:colcon.colcon_core.shell:Skip shell extension 'powershell' for command environment: Not usable outside of PowerShell
[5.328s] DEBUG:colcon.colcon_core.shell:Skip shell extension 'dsv' for command environment
[5.357s] DEBUG:colcon.colcon_core.event_handler.log_command:Invoking command in '/home/user/celluleflexible_en_cours_ROS2/ros_ws/build/commande': CMAKE_PREFIX_PATH=/home/user/celluleflexible_en_cours_ROS2/ros_ws/install/robots:/home/user/celluleflexible_en_cours_ROS2/ros_ws/install/shuttles:/home/user/celluleflexible_en_cours_ROS2/ros_ws/install/commande_locale:/home/user/celluleflexible_en_cours_ROS2/ros_ws/install/aiguillages:/home/user/celluleflexible_en_cours_ROS2/ros_ws/install/commande:/home/user/celluleflexible_en_cours_ROS2/ros_ws/install/launcher:/opt/ros/jazzy/opt/gz_math_vendor:/opt/ros/jazzy/opt/gz_utils_vendor:/opt/ros/jazzy/opt/gz_cmake_vendor:/opt/ros/jazzy DEBUGINFOD_URLS=https://debuginfod.ubuntu.com LD_LIBRARY_PATH=/home/user/celluleflexible_en_cours_ROS2/ros_ws/install/robots/lib:/home/user/celluleflexible_en_cours_ROS2/ros_ws/install/shuttles/lib:/home/user/celluleflexible_en_cours_ROS2/ros_ws/install/commande_locale/lib:/home/user/celluleflexible_en_cours_ROS2/ros_ws/install/aiguillages/lib:/opt/ros/jazzy/opt/rviz_ogre_vendor/lib:/opt/ros/jazzy/lib/x86_64-linux-gnu:/opt/ros/jazzy/opt/gz_math_vendor/lib:/opt/ros/jazzy/opt/gz_utils_vendor/lib:/opt/ros/jazzy/opt/gz_cmake_vendor/lib:/opt/ros/jazzy/lib PYTHONPATH=/home/user/celluleflexible_en_cours_ROS2/ros_ws/install/robots/lib/python3.12/site-packages:/home/user/celluleflexible_en_cours_ROS2/ros_ws/install/shuttles/lib/python3.12/site-packages:/home/user/celluleflexible_en_cours_ROS2/ros_ws/install/commande_locale/lib/python3.12/site-packages:/home/user/celluleflexible_en_cours_ROS2/ros_ws/install/aiguillages/lib/python3.12/site-packages:/opt/ros/jazzy/lib/python3.12/site-packages /usr/bin/cmake --build /home/user/celluleflexible_en_cours_ROS2/ros_ws/build/commande -- -j8 -l8
[13.065s] DEBUG:colcon.colcon_core.event_handler.log_command:Invoked command in '/home/user/celluleflexible_en_cours_ROS2/ros_ws/build/commande' returned '0': CMAKE_PREFIX_PATH=/home/user/celluleflexible_en_cours_ROS2/ros_ws/install/robots:/home/user/celluleflexible_en_cours_ROS2/ros_ws/install/shuttles:/home/user/celluleflexible_en_cours_ROS2/ros_ws/install/commande_locale:/home/user/celluleflexible_en_cours_ROS2/ros_ws/install/aiguillages:/home/user/celluleflexible_en_cours_ROS2/ros_ws/install/commande:/home/user/celluleflexible_en_cours_ROS2/ros_ws/install/launcher:/opt/ros/jazzy/opt/gz_math_vendor:/opt/ros/jazzy/opt/gz_utils_vendor:/opt/ros/jazzy/opt/gz_cmake_vendor:/opt/ros/jazzy DEBUGINFOD_URLS=https://debuginfod.ubuntu.com LD_LIBRARY_PATH=/home/user/celluleflexible_en_cours_ROS2/ros_ws/install/robots/lib:/home/user/celluleflexible_en_cours_ROS2/ros_ws/install/shuttles/lib:/home/user/celluleflexible_en_cours_ROS2/ros_ws/install/commande_locale/lib:/home/user/celluleflexible_en_cours_ROS2/ros_ws/install/aiguillages/lib:/opt/ros/jazzy/opt/rviz_ogre_vendor/lib:/opt/ros/jazzy/lib/x86_64-linux-gnu:/opt/ros/jazzy/opt/gz_math_vendor/lib:/opt/ros/jazzy/opt/gz_utils_vendor/lib:/opt/ros/jazzy/opt/gz_cmake_vendor/lib:/opt/ros/jazzy/lib PYTHONPATH=/home/user/celluleflexible_en_cours_ROS2/ros_ws/install/robots/lib/python3.12/site-packages:/home/user/celluleflexible_en_cours_ROS2/ros_ws/install/shuttles/lib/python3.12/site-packages:/home/user/celluleflexible_en_cours_ROS2/ros_ws/install/commande_locale/lib/python3.12/site-packages:/home/user/celluleflexible_en_cours_ROS2/ros_ws/install/aiguillages/lib/python3.12/site-packages:/opt/ros/jazzy/lib/python3.12/site-packages /usr/bin/cmake --build /home/user/celluleflexible_en_cours_ROS2/ros_ws/build/commande -- -j8 -l8
[13.066s] DEBUG:colcon.colcon_core.event_handler.log_command:Invoking command in '/home/user/celluleflexible_en_cours_ROS2/ros_ws/build/commande': CMAKE_PREFIX_PATH=/home/user/celluleflexible_en_cours_ROS2/ros_ws/install/robots:/home/user/celluleflexible_en_cours_ROS2/ros_ws/install/shuttles:/home/user/celluleflexible_en_cours_ROS2/ros_ws/install/commande_locale:/home/user/celluleflexible_en_cours_ROS2/ros_ws/install/aiguillages:/home/user/celluleflexible_en_cours_ROS2/ros_ws/install/commande:/home/user/celluleflexible_en_cours_ROS2/ros_ws/install/launcher:/opt/ros/jazzy/opt/gz_math_vendor:/opt/ros/jazzy/opt/gz_utils_vendor:/opt/ros/jazzy/opt/gz_cmake_vendor:/opt/ros/jazzy DEBUGINFOD_URLS=https://debuginfod.ubuntu.com LD_LIBRARY_PATH=/home/user/celluleflexible_en_cours_ROS2/ros_ws/install/robots/lib:/home/user/celluleflexible_en_cours_ROS2/ros_ws/install/shuttles/lib:/home/user/celluleflexible_en_cours_ROS2/ros_ws/install/commande_locale/lib:/home/user/celluleflexible_en_cours_ROS2/ros_ws/install/aiguillages/lib:/opt/ros/jazzy/opt/rviz_ogre_vendor/lib:/opt/ros/jazzy/lib/x86_64-linux-gnu:/opt/ros/jazzy/opt/gz_math_vendor/lib:/opt/ros/jazzy/opt/gz_utils_vendor/lib:/opt/ros/jazzy/opt/gz_cmake_vendor/lib:/opt/ros/jazzy/lib PYTHONPATH=/home/user/celluleflexible_en_cours_ROS2/ros_ws/install/robots/lib/python3.12/site-packages:/home/user/celluleflexible_en_cours_ROS2/ros_ws/install/shuttles/lib/python3.12/site-packages:/home/user/celluleflexible_en_cours_ROS2/ros_ws/install/commande_locale/lib/python3.12/site-packages:/home/user/celluleflexible_en_cours_ROS2/ros_ws/install/aiguillages/lib/python3.12/site-packages:/opt/ros/jazzy/lib/python3.12/site-packages /usr/bin/cmake --install /home/user/celluleflexible_en_cours_ROS2/ros_ws/build/commande
[13.089s] Level 1:colcon.colcon_core.environment:create_environment_scripts_only(commande)
[13.089s] Level 1:colcon.colcon_core.environment:checking '/home/user/celluleflexible_en_cours_ROS2/ros_ws/install/commande' for CMake module files
[13.091s] Level 1:colcon.colcon_core.environment:checking '/home/user/celluleflexible_en_cours_ROS2/ros_ws/install/commande' for CMake config files
[13.091s] DEBUG:colcon.colcon_core.event_handler.log_command:Invoked command in '/home/user/celluleflexible_en_cours_ROS2/ros_ws/build/commande' returned '0': CMAKE_PREFIX_PATH=/home/user/celluleflexible_en_cours_ROS2/ros_ws/install/robots:/home/user/celluleflexible_en_cours_ROS2/ros_ws/install/shuttles:/home/user/celluleflexible_en_cours_ROS2/ros_ws/install/commande_locale:/home/user/celluleflexible_en_cours_ROS2/ros_ws/install/aiguillages:/home/user/celluleflexible_en_cours_ROS2/ros_ws/install/commande:/home/user/celluleflexible_en_cours_ROS2/ros_ws/install/launcher:/opt/ros/jazzy/opt/gz_math_vendor:/opt/ros/jazzy/opt/gz_utils_vendor:/opt/ros/jazzy/opt/gz_cmake_vendor:/opt/ros/jazzy DEBUGINFOD_URLS=https://debuginfod.ubuntu.com LD_LIBRARY_PATH=/home/user/celluleflexible_en_cours_ROS2/ros_ws/install/robots/lib:/home/user/celluleflexible_en_cours_ROS2/ros_ws/install/shuttles/lib:/home/user/celluleflexible_en_cours_ROS2/ros_ws/install/commande_locale/lib:/home/user/celluleflexible_en_cours_ROS2/ros_ws/install/aiguillages/lib:/opt/ros/jazzy/opt/rviz_ogre_vendor/lib:/opt/ros/jazzy/lib/x86_64-linux-gnu:/opt/ros/jazzy/opt/gz_math_vendor/lib:/opt/ros/jazzy/opt/gz_utils_vendor/lib:/opt/ros/jazzy/opt/gz_cmake_vendor/lib:/opt/ros/jazzy/lib PYTHONPATH=/home/user/celluleflexible_en_cours_ROS2/ros_ws/install/robots/lib/python3.12/site-packages:/home/user/celluleflexible_en_cours_ROS2/ros_ws/install/shuttles/lib/python3.12/site-packages:/home/user/celluleflexible_en_cours_ROS2/ros_ws/install/commande_locale/lib/python3.12/site-packages:/home/user/celluleflexible_en_cours_ROS2/ros_ws/install/aiguillages/lib/python3.12/site-packages:/opt/ros/jazzy/lib/python3.12/site-packages /usr/bin/cmake --install /home/user/celluleflexible_en_cours_ROS2/ros_ws/build/commande
[13.091s] Level 1:colcon.colcon_core.shell:create_environment_hook('commande', 'cmake_prefix_path')
[13.091s] INFO:colcon.colcon_core.shell:Creating environment hook '/home/user/celluleflexible_en_cours_ROS2/ros_ws/install/commande/share/commande/hook/cmake_prefix_path.ps1'
[13.092s] INFO:colcon.colcon_core.shell:Creating environment descriptor '/home/user/celluleflexible_en_cours_ROS2/ros_ws/install/commande/share/commande/hook/cmake_prefix_path.dsv'
[13.092s] INFO:colcon.colcon_core.shell:Creating environment hook '/home/user/celluleflexible_en_cours_ROS2/ros_ws/install/commande/share/commande/hook/cmake_prefix_path.sh'
[13.093s] Level 1:colcon.colcon_core.environment:checking '/home/user/celluleflexible_en_cours_ROS2/ros_ws/install/commande/lib'
[13.093s] Level 1:colcon.colcon_core.environment:checking '/home/user/celluleflexible_en_cours_ROS2/ros_ws/install/commande/bin'
[13.093s] Level 1:colcon.colcon_core.environment:checking '/home/user/celluleflexible_en_cours_ROS2/ros_ws/install/commande/lib/pkgconfig/commande.pc'
[13.093s] Level 1:colcon.colcon_core.environment:checking '/home/user/celluleflexible_en_cours_ROS2/ros_ws/install/commande/lib/python3.12/site-packages'
[13.093s] Level 1:colcon.colcon_core.environment:checking '/home/user/celluleflexible_en_cours_ROS2/ros_ws/install/commande/bin'
[13.093s] INFO:colcon.colcon_core.shell:Creating package script '/home/user/celluleflexible_en_cours_ROS2/ros_ws/install/commande/share/commande/package.ps1'
[13.093s] INFO:colcon.colcon_core.shell:Creating package descriptor '/home/user/celluleflexible_en_cours_ROS2/ros_ws/install/commande/share/commande/package.dsv'
[13.094s] INFO:colcon.colcon_core.shell:Creating package script '/home/user/celluleflexible_en_cours_ROS2/ros_ws/install/commande/share/commande/package.sh'
[13.094s] INFO:colcon.colcon_core.shell:Creating package script '/home/user/celluleflexible_en_cours_ROS2/ros_ws/install/commande/share/commande/package.bash'
[13.094s] INFO:colcon.colcon_core.shell:Creating package script '/home/user/celluleflexible_en_cours_ROS2/ros_ws/install/commande/share/commande/package.zsh'
[13.095s] Level 1:colcon.colcon_core.environment:create_file_with_runtime_dependencies(/home/user/celluleflexible_en_cours_ROS2/ros_ws/install/commande/share/colcon-core/packages/commande)
[13.095s] Level 1:colcon.colcon_core.environment:create_environment_scripts_only(commande)
[13.095s] Level 1:colcon.colcon_core.environment:checking '/home/user/celluleflexible_en_cours_ROS2/ros_ws/install/commande' for CMake module files
[13.095s] Level 1:colcon.colcon_core.environment:checking '/home/user/celluleflexible_en_cours_ROS2/ros_ws/install/commande' for CMake config files
[13.095s] Level 1:colcon.colcon_core.shell:create_environment_hook('commande', 'cmake_prefix_path')
[13.095s] INFO:colcon.colcon_core.shell:Creating environment hook '/home/user/celluleflexible_en_cours_ROS2/ros_ws/install/commande/share/commande/hook/cmake_prefix_path.ps1'
[13.096s] INFO:colcon.colcon_core.shell:Creating environment descriptor '/home/user/celluleflexible_en_cours_ROS2/ros_ws/install/commande/share/commande/hook/cmake_prefix_path.dsv'
[13.096s] INFO:colcon.colcon_core.shell:Creating environment hook '/home/user/celluleflexible_en_cours_ROS2/ros_ws/install/commande/share/commande/hook/cmake_prefix_path.sh'
[13.096s] Level 1:colcon.colcon_core.environment:checking '/home/user/celluleflexible_en_cours_ROS2/ros_ws/install/commande/lib'
[13.096s] Level 1:colcon.colcon_core.environment:checking '/home/user/celluleflexible_en_cours_ROS2/ros_ws/install/commande/bin'
[13.096s] Level 1:colcon.colcon_core.environment:checking '/home/user/celluleflexible_en_cours_ROS2/ros_ws/install/commande/lib/pkgconfig/commande.pc'
[13.097s] Level 1:colcon.colcon_core.environment:checking '/home/user/celluleflexible_en_cours_ROS2/ros_ws/install/commande/lib/python3.12/site-packages'
[13.097s] Level 1:colcon.colcon_core.environment:checking '/home/user/celluleflexible_en_cours_ROS2/ros_ws/install/commande/bin'
[13.097s] INFO:colcon.colcon_core.shell:Creating package script '/home/user/celluleflexible_en_cours_ROS2/ros_ws/install/commande/share/commande/package.ps1'
[13.097s] INFO:colcon.colcon_core.shell:Creating package descriptor '/home/user/celluleflexible_en_cours_ROS2/ros_ws/install/commande/share/commande/package.dsv'
[13.097s] INFO:colcon.colcon_core.shell:Creating package script '/home/user/celluleflexible_en_cours_ROS2/ros_ws/install/commande/share/commande/package.sh'
[13.098s] INFO:colcon.colcon_core.shell:Creating package script '/home/user/celluleflexible_en_cours_ROS2/ros_ws/install/commande/share/commande/package.bash'
[13.098s] INFO:colcon.colcon_core.shell:Creating package script '/home/user/celluleflexible_en_cours_ROS2/ros_ws/install/commande/share/commande/package.zsh'
[13.098s] Level 1:colcon.colcon_core.environment:create_file_with_runtime_dependencies(/home/user/celluleflexible_en_cours_ROS2/ros_ws/install/commande/share/colcon-core/packages/commande)
[13.099s] DEBUG:colcon.colcon_parallel_executor.executor.parallel:closing loop
[13.099s] DEBUG:colcon.colcon_parallel_executor.executor.parallel:loop closed
[13.099s] DEBUG:colcon.colcon_parallel_executor.executor.parallel:run_until_complete finished with '0'
[13.099s] DEBUG:colcon.colcon_core.event_reactor:joining thread
[13.104s] INFO:colcon.colcon_core.plugin_system:Skipping extension 'colcon_notification.desktop_notification.terminal_notifier': Not used on non-Darwin systems
[13.104s] INFO:colcon.colcon_core.plugin_system:Skipping extension 'colcon_notification.desktop_notification.win32': Not used on non-Windows systems
[13.104s] INFO:colcon.colcon_notification.desktop_notification:Sending desktop notification using 'notify2'
[13.118s] DEBUG:colcon.colcon_core.event_reactor:joined thread
[13.119s] INFO:colcon.colcon_core.shell:Creating prefix script '/home/user/celluleflexible_en_cours_ROS2/ros_ws/install/local_setup.ps1'
[13.119s] INFO:colcon.colcon_core.shell:Creating prefix util module '/home/user/celluleflexible_en_cours_ROS2/ros_ws/install/_local_setup_util_ps1.py'
[13.120s] INFO:colcon.colcon_core.shell:Creating prefix chain script '/home/user/celluleflexible_en_cours_ROS2/ros_ws/install/setup.ps1'
[13.121s] INFO:colcon.colcon_core.shell:Creating prefix script '/home/user/celluleflexible_en_cours_ROS2/ros_ws/install/local_setup.sh'
[13.121s] INFO:colcon.colcon_core.shell:Creating prefix util module '/home/user/celluleflexible_en_cours_ROS2/ros_ws/install/_local_setup_util_sh.py'
[13.121s] INFO:colcon.colcon_core.shell:Creating prefix chain script '/home/user/celluleflexible_en_cours_ROS2/ros_ws/install/setup.sh'
[13.122s] INFO:colcon.colcon_core.shell:Creating prefix script '/home/user/celluleflexible_en_cours_ROS2/ros_ws/install/local_setup.bash'
[13.122s] INFO:colcon.colcon_core.shell:Creating prefix chain script '/home/user/celluleflexible_en_cours_ROS2/ros_ws/install/setup.bash'
[13.123s] INFO:colcon.colcon_core.shell:Creating prefix script '/home/user/celluleflexible_en_cours_ROS2/ros_ws/install/local_setup.zsh'
[13.123s] INFO:colcon.colcon_core.shell:Creating prefix chain script '/home/user/celluleflexible_en_cours_ROS2/ros_ws/install/setup.zsh'
