[0.000000] (-) TimerEvent: {}
[0.001414] (aiguillages) JobQueued: {'identifier': 'aiguillages', 'dependencies': OrderedDict()}
[0.001510] (launcher) JobQueued: {'identifier': 'launcher', 'dependencies': OrderedDict()}
[0.001523] (commande_locale) JobQueued: {'identifier': 'commande_locale', 'dependencies': OrderedDict({'aiguillages': '/home/user/celluleflexible_en_cours_ROS2/celluleflexible/ros_ws/install/aiguillages'})}
[0.001533] (shuttles) JobQueued: {'identifier': 'shuttles', 'dependencies': OrderedDict({'aiguillages': '/home/user/celluleflexible_en_cours_ROS2/celluleflexible/ros_ws/install/aiguillages'})}
[0.001540] (robots) JobQueued: {'identifier': 'robots', 'dependencies': OrderedDict({'aiguillages': '/home/user/celluleflexible_en_cours_ROS2/celluleflexible/ros_ws/install/aiguillages', 'commande_locale': '/home/user/celluleflexible_en_cours_ROS2/celluleflexible/ros_ws/install/commande_locale', 'shuttles': '/home/user/celluleflexible_en_cours_ROS2/celluleflexible/ros_ws/install/shuttles'})}
[0.001548] (commande) JobQueued: {'identifier': 'commande', 'dependencies': OrderedDict({'aiguillages': '/home/user/celluleflexible_en_cours_ROS2/celluleflexible/ros_ws/install/aiguillages', 'commande_locale': '/home/user/celluleflexible_en_cours_ROS2/celluleflexible/ros_ws/install/commande_locale', 'shuttles': '/home/user/celluleflexible_en_cours_ROS2/celluleflexible/ros_ws/install/shuttles', 'robots': '/home/user/celluleflexible_en_cours_ROS2/celluleflexible/ros_ws/install/robots'})}
[0.001567] (aiguillages) JobStarted: {'identifier': 'aiguillages'}
[0.009735] (launcher) JobStarted: {'identifier': 'launcher'}
[0.011720] (aiguillages) JobProgress: {'identifier': 'aiguillages', 'progress': 'cmake'}
[0.013283] (aiguillages) Command: {'cmd': ['/usr/bin/cmake', '/home/user/celluleflexible_en_cours_ROS2/celluleflexible/ros_ws/src/aiguillages', '-DCMAKE_INSTALL_PREFIX=/home/user/celluleflexible_en_cours_ROS2/celluleflexible/ros_ws/install/aiguillages'], 'cwd': '/home/user/celluleflexible_en_cours_ROS2/celluleflexible/ros_ws/build/aiguillages', 'env': OrderedDict({'LESSOPEN': '| /usr/bin/lesspipe %s', 'USER': 'user', 'XDG_SESSION_TYPE': 'wayland', 'SHLVL': '1', 'LD_LIBRARY_PATH': '/opt/ros/jazzy/opt/rviz_ogre_vendor/lib:/opt/ros/jazzy/lib/x86_64-linux-gnu:/opt/ros/jazzy/opt/gz_math_vendor/lib:/opt/ros/jazzy/opt/gz_utils_vendor/lib:/opt/ros/jazzy/opt/gz_cmake_vendor/lib:/opt/ros/jazzy/lib', 'HOME': '/home/user', 'DESKTOP_SESSION': 'ubuntu', 'ROS_PYTHON_VERSION': '3', 'GNOME_SHELL_SESSION_MODE': 'ubuntu', 'GTK_MODULES': 'gail:atk-bridge', 'DBUS_STARTER_BUS_TYPE': 'session', 'SYSTEMD_EXEC_PID': '2225', 'GSM_SKIP_SSH_AGENT_WORKAROUND': 'true', 'DBUS_SESSION_BUS_ADDRESS': 'unix:path=/run/user/1000/bus,guid=f75c24bd1d3f9e0a6c32f4fd699c0ca3', 'COLORTERM': 'truecolor', 'DEBUGINFOD_URLS': 'https://debuginfod.ubuntu.com', 'IM_CONFIG_PHASE': '1', 'WAYLAND_DISPLAY': 'wayland-0', 'ROS_DISTRO': 'jazzy', 'LOGNAME': 'user', '_': '/usr/bin/colcon', 'ROS_VERSION': '2', 'MEMORY_PRESSURE_WATCH': '/sys/fs/cgroup/user.slice/user-1000.slice/user@1000.service/app.slice/app-gnome\\x2dsession\\x2dmanager.slice/gnome-session-manager@ubuntu.service/memory.pressure', 'XDG_SESSION_CLASS': 'user', 'USERNAME': 'user', 'TERM': 'xterm-256color', 'GNOME_DESKTOP_SESSION_ID': 'this-is-deprecated', 'PATH': '/opt/ros/jazzy/bin:/usr/local/sbin:/usr/local/bin:/usr/sbin:/usr/bin:/sbin:/bin:/usr/games:/usr/local/games:/snap/bin:/snap/bin', 'SESSION_MANAGER': 'local/Ubuntu:@/tmp/.ICE-unix/2225,unix/Ubuntu:/tmp/.ICE-unix/2225', 'XDG_MENU_PREFIX': 'gnome-', 'GNOME_TERMINAL_SCREEN': '/org/gnome/Terminal/screen/fd7d161f_b0cd_4c91_9d8b_6a28dde0713a', 'GNOME_SETUP_DISPLAY': ':1', 'XDG_RUNTIME_DIR': '/run/user/1000', 'DISPLAY': ':0', 'LANG': 'en_US.UTF-8', 'XDG_CURRENT_DESKTOP': 'ubuntu:GNOME', 'XMODIFIERS': '@im=ibus', 'XDG_SESSION_DESKTOP': 'ubuntu', 'XAUTHORITY': '/run/user/1000/.mutter-Xwaylandauth.5JJ1K3', 'LS_COLORS': 'rs=0:di=01;34:ln=01;36:mh=00:pi=40;33:so=01;35:do=01;35:bd=40;33;01:cd=40;33;01:or=40;31;01:mi=00:su=37;41:sg=30;43:ca=00:tw=30;42:ow=34;42:st=37;44:ex=01;32:*.tar=01;31:*.tgz=01;31:*.arc=01;31:*.arj=01;31:*.taz=01;31:*.lha=01;31:*.lz4=01;31:*.lzh=01;31:*.lzma=01;31:*.tlz=01;31:*.txz=01;31:*.tzo=01;31:*.t7z=01;31:*.zip=01;31:*.z=01;31:*.dz=01;31:*.gz=01;31:*.lrz=01;31:*.lz=01;31:*.lzo=01;31:*.xz=01;31:*.zst=01;31:*.tzst=01;31:*.bz2=01;31:*.bz=01;31:*.tbz=01;31:*.tbz2=01;31:*.tz=01;31:*.deb=01;31:*.rpm=01;31:*.jar=01;31:*.war=01;31:*.ear=01;31:*.sar=01;31:*.rar=01;31:*.alz=01;31:*.ace=01;31:*.zoo=01;31:*.cpio=01;31:*.7z=01;31:*.rz=01;31:*.cab=01;31:*.wim=01;31:*.swm=01;31:*.dwm=01;31:*.esd=01;31:*.avif=01;35:*.jpg=01;35:*.jpeg=01;35:*.mjpg=01;35:*.mjpeg=01;35:*.gif=01;35:*.bmp=01;35:*.pbm=01;35:*.pgm=01;35:*.ppm=01;35:*.tga=01;35:*.xbm=01;35:*.xpm=01;35:*.tif=01;35:*.tiff=01;35:*.png=01;35:*.svg=01;35:*.svgz=01;35:*.mng=01;35:*.pcx=01;35:*.mov=01;35:*.mpg=01;35:*.mpeg=01;35:*.m2v=01;35:*.mkv=01;35:*.webm=01;35:*.webp=01;35:*.ogm=01;35:*.mp4=01;35:*.m4v=01;35:*.mp4v=01;35:*.vob=01;35:*.qt=01;35:*.nuv=01;35:*.wmv=01;35:*.asf=01;35:*.rm=01;35:*.rmvb=01;35:*.flc=01;35:*.avi=01;35:*.fli=01;35:*.flv=01;35:*.gl=01;35:*.dl=01;35:*.xcf=01;35:*.xwd=01;35:*.yuv=01;35:*.cgm=01;35:*.emf=01;35:*.ogv=01;35:*.ogx=01;35:*.aac=00;36:*.au=00;36:*.flac=00;36:*.m4a=00;36:*.mid=00;36:*.midi=00;36:*.mka=00;36:*.mp3=00;36:*.mpc=00;36:*.ogg=00;36:*.ra=00;36:*.wav=00;36:*.oga=00;36:*.opus=00;36:*.spx=00;36:*.xspf=00;36:*~=00;90:*#=00;90:*.bak=00;90:*.crdownload=00;90:*.dpkg-dist=00;90:*.dpkg-new=00;90:*.dpkg-old=00;90:*.dpkg-tmp=00;90:*.old=00;90:*.orig=00;90:*.part=00;90:*.rej=00;90:*.rpmnew=00;90:*.rpmorig=00;90:*.rpmsave=00;90:*.swp=00;90:*.tmp=00;90:*.ucf-dist=00;90:*.ucf-new=00;90:*.ucf-old=00;90:', 'GNOME_TERMINAL_SERVICE': ':1.1258', 'SSH_AUTH_SOCK': '/run/user/1000/keyring/ssh', 'AMENT_PREFIX_PATH': '/opt/ros/jazzy', 'SHELL': '/bin/bash', 'QT_ACCESSIBILITY': '1', 'GDMSESSION': 'ubuntu', 'LESSCLOSE': '/usr/bin/lesspipe %s %s', 'ROS_AUTOMATIC_DISCOVERY_RANGE': 'SUBNET', 'QT_IM_MODULE': 'ibus', 'PWD': '/home/user/celluleflexible_en_cours_ROS2/celluleflexible/ros_ws/build/aiguillages', 'LC_ALL': 'en_US.UTF-8', 'XDG_CONFIG_DIRS': '/etc/xdg/xdg-ubuntu:/etc/xdg', 'DBUS_STARTER_ADDRESS': 'unix:path=/run/user/1000/bus,guid=f75c24bd1d3f9e0a6c32f4fd699c0ca3', 'XDG_DATA_DIRS': '/usr/share/ubuntu:/usr/share/gnome:/usr/local/share/:/usr/share/:/var/lib/snapd/desktop', 'PYTHONPATH': '/opt/ros/jazzy/lib/python3.12/site-packages', 'COLCON': '1', 'MEMORY_PRESSURE_WRITE': 'c29tZSAyMDAwMDAgMjAwMDAwMAA=', 'VTE_VERSION': '7600', 'CMAKE_PREFIX_PATH': '/opt/ros/jazzy/opt/gz_math_vendor:/opt/ros/jazzy/opt/gz_utils_vendor:/opt/ros/jazzy/opt/gz_cmake_vendor:/opt/ros/jazzy'}), 'shell': False}
[0.019769] (launcher) JobProgress: {'identifier': 'launcher', 'progress': 'cmake'}
[0.022508] (launcher) Command: {'cmd': ['/usr/bin/cmake', '/home/user/celluleflexible_en_cours_ROS2/celluleflexible/ros_ws/src/launcher', '-DCMAKE_INSTALL_PREFIX=/home/user/celluleflexible_en_cours_ROS2/celluleflexible/ros_ws/install/launcher'], 'cwd': '/home/user/celluleflexible_en_cours_ROS2/celluleflexible/ros_ws/build/launcher', 'env': OrderedDict({'LESSOPEN': '| /usr/bin/lesspipe %s', 'USER': 'user', 'XDG_SESSION_TYPE': 'wayland', 'SHLVL': '1', 'LD_LIBRARY_PATH': '/opt/ros/jazzy/opt/rviz_ogre_vendor/lib:/opt/ros/jazzy/lib/x86_64-linux-gnu:/opt/ros/jazzy/opt/gz_math_vendor/lib:/opt/ros/jazzy/opt/gz_utils_vendor/lib:/opt/ros/jazzy/opt/gz_cmake_vendor/lib:/opt/ros/jazzy/lib', 'HOME': '/home/user', 'DESKTOP_SESSION': 'ubuntu', 'ROS_PYTHON_VERSION': '3', 'GNOME_SHELL_SESSION_MODE': 'ubuntu', 'GTK_MODULES': 'gail:atk-bridge', 'DBUS_STARTER_BUS_TYPE': 'session', 'SYSTEMD_EXEC_PID': '2225', 'GSM_SKIP_SSH_AGENT_WORKAROUND': 'true', 'DBUS_SESSION_BUS_ADDRESS': 'unix:path=/run/user/1000/bus,guid=f75c24bd1d3f9e0a6c32f4fd699c0ca3', 'COLORTERM': 'truecolor', 'DEBUGINFOD_URLS': 'https://debuginfod.ubuntu.com', 'IM_CONFIG_PHASE': '1', 'WAYLAND_DISPLAY': 'wayland-0', 'ROS_DISTRO': 'jazzy', 'LOGNAME': 'user', '_': '/usr/bin/colcon', 'ROS_VERSION': '2', 'MEMORY_PRESSURE_WATCH': '/sys/fs/cgroup/user.slice/user-1000.slice/user@1000.service/app.slice/app-gnome\\x2dsession\\x2dmanager.slice/gnome-session-manager@ubuntu.service/memory.pressure', 'XDG_SESSION_CLASS': 'user', 'USERNAME': 'user', 'TERM': 'xterm-256color', 'GNOME_DESKTOP_SESSION_ID': 'this-is-deprecated', 'PATH': '/opt/ros/jazzy/bin:/usr/local/sbin:/usr/local/bin:/usr/sbin:/usr/bin:/sbin:/bin:/usr/games:/usr/local/games:/snap/bin:/snap/bin', 'SESSION_MANAGER': 'local/Ubuntu:@/tmp/.ICE-unix/2225,unix/Ubuntu:/tmp/.ICE-unix/2225', 'XDG_MENU_PREFIX': 'gnome-', 'GNOME_TERMINAL_SCREEN': '/org/gnome/Terminal/screen/fd7d161f_b0cd_4c91_9d8b_6a28dde0713a', 'GNOME_SETUP_DISPLAY': ':1', 'XDG_RUNTIME_DIR': '/run/user/1000', 'DISPLAY': ':0', 'LANG': 'en_US.UTF-8', 'XDG_CURRENT_DESKTOP': 'ubuntu:GNOME', 'XMODIFIERS': '@im=ibus', 'XDG_SESSION_DESKTOP': 'ubuntu', 'XAUTHORITY': '/run/user/1000/.mutter-Xwaylandauth.5JJ1K3', 'LS_COLORS': 'rs=0:di=01;34:ln=01;36:mh=00:pi=40;33:so=01;35:do=01;35:bd=40;33;01:cd=40;33;01:or=40;31;01:mi=00:su=37;41:sg=30;43:ca=00:tw=30;42:ow=34;42:st=37;44:ex=01;32:*.tar=01;31:*.tgz=01;31:*.arc=01;31:*.arj=01;31:*.taz=01;31:*.lha=01;31:*.lz4=01;31:*.lzh=01;31:*.lzma=01;31:*.tlz=01;31:*.txz=01;31:*.tzo=01;31:*.t7z=01;31:*.zip=01;31:*.z=01;31:*.dz=01;31:*.gz=01;31:*.lrz=01;31:*.lz=01;31:*.lzo=01;31:*.xz=01;31:*.zst=01;31:*.tzst=01;31:*.bz2=01;31:*.bz=01;31:*.tbz=01;31:*.tbz2=01;31:*.tz=01;31:*.deb=01;31:*.rpm=01;31:*.jar=01;31:*.war=01;31:*.ear=01;31:*.sar=01;31:*.rar=01;31:*.alz=01;31:*.ace=01;31:*.zoo=01;31:*.cpio=01;31:*.7z=01;31:*.rz=01;31:*.cab=01;31:*.wim=01;31:*.swm=01;31:*.dwm=01;31:*.esd=01;31:*.avif=01;35:*.jpg=01;35:*.jpeg=01;35:*.mjpg=01;35:*.mjpeg=01;35:*.gif=01;35:*.bmp=01;35:*.pbm=01;35:*.pgm=01;35:*.ppm=01;35:*.tga=01;35:*.xbm=01;35:*.xpm=01;35:*.tif=01;35:*.tiff=01;35:*.png=01;35:*.svg=01;35:*.svgz=01;35:*.mng=01;35:*.pcx=01;35:*.mov=01;35:*.mpg=01;35:*.mpeg=01;35:*.m2v=01;35:*.mkv=01;35:*.webm=01;35:*.webp=01;35:*.ogm=01;35:*.mp4=01;35:*.m4v=01;35:*.mp4v=01;35:*.vob=01;35:*.qt=01;35:*.nuv=01;35:*.wmv=01;35:*.asf=01;35:*.rm=01;35:*.rmvb=01;35:*.flc=01;35:*.avi=01;35:*.fli=01;35:*.flv=01;35:*.gl=01;35:*.dl=01;35:*.xcf=01;35:*.xwd=01;35:*.yuv=01;35:*.cgm=01;35:*.emf=01;35:*.ogv=01;35:*.ogx=01;35:*.aac=00;36:*.au=00;36:*.flac=00;36:*.m4a=00;36:*.mid=00;36:*.midi=00;36:*.mka=00;36:*.mp3=00;36:*.mpc=00;36:*.ogg=00;36:*.ra=00;36:*.wav=00;36:*.oga=00;36:*.opus=00;36:*.spx=00;36:*.xspf=00;36:*~=00;90:*#=00;90:*.bak=00;90:*.crdownload=00;90:*.dpkg-dist=00;90:*.dpkg-new=00;90:*.dpkg-old=00;90:*.dpkg-tmp=00;90:*.old=00;90:*.orig=00;90:*.part=00;90:*.rej=00;90:*.rpmnew=00;90:*.rpmorig=00;90:*.rpmsave=00;90:*.swp=00;90:*.tmp=00;90:*.ucf-dist=00;90:*.ucf-new=00;90:*.ucf-old=00;90:', 'GNOME_TERMINAL_SERVICE': ':1.1258', 'SSH_AUTH_SOCK': '/run/user/1000/keyring/ssh', 'AMENT_PREFIX_PATH': '/opt/ros/jazzy', 'SHELL': '/bin/bash', 'QT_ACCESSIBILITY': '1', 'GDMSESSION': 'ubuntu', 'LESSCLOSE': '/usr/bin/lesspipe %s %s', 'ROS_AUTOMATIC_DISCOVERY_RANGE': 'SUBNET', 'QT_IM_MODULE': 'ibus', 'PWD': '/home/user/celluleflexible_en_cours_ROS2/celluleflexible/ros_ws/build/launcher', 'LC_ALL': 'en_US.UTF-8', 'XDG_CONFIG_DIRS': '/etc/xdg/xdg-ubuntu:/etc/xdg', 'DBUS_STARTER_ADDRESS': 'unix:path=/run/user/1000/bus,guid=f75c24bd1d3f9e0a6c32f4fd699c0ca3', 'XDG_DATA_DIRS': '/usr/share/ubuntu:/usr/share/gnome:/usr/local/share/:/usr/share/:/var/lib/snapd/desktop', 'PYTHONPATH': '/opt/ros/jazzy/lib/python3.12/site-packages', 'COLCON': '1', 'MEMORY_PRESSURE_WRITE': 'c29tZSAyMDAwMDAgMjAwMDAwMAA=', 'VTE_VERSION': '7600', 'CMAKE_PREFIX_PATH': '/opt/ros/jazzy/opt/gz_math_vendor:/opt/ros/jazzy/opt/gz_utils_vendor:/opt/ros/jazzy/opt/gz_cmake_vendor:/opt/ros/jazzy'}), 'shell': False}
[0.071381] (launcher) StdoutLine: {'line': b'-- The C compiler identification is GNU 13.3.0\n'}
[0.072377] (aiguillages) StdoutLine: {'line': b'-- The C compiler identification is GNU 13.3.0\n'}
[0.099957] (-) TimerEvent: {}
[0.114707] (aiguillages) StdoutLine: {'line': b'-- The CXX compiler identification is GNU 13.3.0\n'}
[0.116631] (launcher) StdoutLine: {'line': b'-- The CXX compiler identification is GNU 13.3.0\n'}
[0.131086] (aiguillages) StdoutLine: {'line': b'-- Detecting C compiler ABI info\n'}
[0.134218] (launcher) StdoutLine: {'line': b'-- Detecting C compiler ABI info\n'}
[0.201964] (-) TimerEvent: {}
[0.223159] (aiguillages) StdoutLine: {'line': b'-- Detecting C compiler ABI info - done\n'}
[0.226242] (launcher) StdoutLine: {'line': b'-- Detecting C compiler ABI info - done\n'}
[0.230818] (launcher) StdoutLine: {'line': b'-- Check for working C compiler: /usr/bin/cc - skipped\n'}
[0.231268] (launcher) StdoutLine: {'line': b'-- Detecting C compile features\n'}
[0.231323] (aiguillages) StdoutLine: {'line': b'-- Check for working C compiler: /usr/bin/cc - skipped\n'}
[0.231463] (aiguillages) StdoutLine: {'line': b'-- Detecting C compile features\n'}
[0.231828] (aiguillages) StdoutLine: {'line': b'-- Detecting C compile features - done\n'}
[0.232138] (launcher) StdoutLine: {'line': b'-- Detecting C compile features - done\n'}
[0.242611] (aiguillages) StdoutLine: {'line': b'-- Detecting CXX compiler ABI info\n'}
[0.244078] (launcher) StdoutLine: {'line': b'-- Detecting CXX compiler ABI info\n'}
[0.303226] (-) TimerEvent: {}
[0.329967] (launcher) StdoutLine: {'line': b'-- Detecting CXX compiler ABI info - done\n'}
[0.334042] (aiguillages) StdoutLine: {'line': b'-- Detecting CXX compiler ABI info - done\n'}
[0.337710] (launcher) StdoutLine: {'line': b'-- Check for working CXX compiler: /usr/bin/c++ - skipped\n'}
[0.337955] (launcher) StdoutLine: {'line': b'-- Detecting CXX compile features\n'}
[0.337999] (launcher) StdoutLine: {'line': b'-- Detecting CXX compile features - done\n'}
[0.338717] (aiguillages) StdoutLine: {'line': b'-- Check for working CXX compiler: /usr/bin/c++ - skipped\n'}
[0.338794] (aiguillages) StdoutLine: {'line': b'-- Detecting CXX compile features\n'}
[0.338826] (launcher) StdoutLine: {'line': b'-- Found ament_cmake: 2.5.5 (/opt/ros/jazzy/share/ament_cmake/cmake)\n'}
[0.340119] (aiguillages) StdoutLine: {'line': b'-- Detecting CXX compile features - done\n'}
[0.343463] (aiguillages) StdoutLine: {'line': b'-- Found ament_cmake: 2.5.5 (/opt/ros/jazzy/share/ament_cmake/cmake)\n'}
[0.419595] (-) TimerEvent: {}
[0.439534] (aiguillages) StdoutLine: {'line': b'-- Found Python3: /usr/bin/python3 (found version "3.12.3") found components: Interpreter \n'}
[0.439682] (launcher) StdoutLine: {'line': b'-- Found Python3: /usr/bin/python3 (found version "3.12.3") found components: Interpreter \n'}
[0.495894] (aiguillages) StdoutLine: {'line': b'-- Found rclcpp: 28.1.16 (/opt/ros/jazzy/share/rclcpp/cmake)\n'}
[0.497518] (launcher) StdoutLine: {'line': b'-- Found rclcpp: 28.1.16 (/opt/ros/jazzy/share/rclcpp/cmake)\n'}
[0.514919] (aiguillages) StdoutLine: {'line': b'-- Found rosidl_generator_c: 4.6.7 (/opt/ros/jazzy/share/rosidl_generator_c/cmake)\n'}
[0.515522] (launcher) StdoutLine: {'line': b'-- Found rosidl_generator_c: 4.6.7 (/opt/ros/jazzy/share/rosidl_generator_c/cmake)\n'}
[0.521103] (-) TimerEvent: {}
[0.521406] (aiguillages) StdoutLine: {'line': b'-- Found rosidl_generator_cpp: 4.6.7 (/opt/ros/jazzy/share/rosidl_generator_cpp/cmake)\n'}
[0.522602] (launcher) StdoutLine: {'line': b'-- Found rosidl_generator_cpp: 4.6.7 (/opt/ros/jazzy/share/rosidl_generator_cpp/cmake)\n'}
[0.529677] (aiguillages) StdoutLine: {'line': b'-- Using all available rosidl_typesupport_c: rosidl_typesupport_fastrtps_c;rosidl_typesupport_introspection_c\n'}
[0.532639] (launcher) StdoutLine: {'line': b'-- Using all available rosidl_typesupport_c: rosidl_typesupport_fastrtps_c;rosidl_typesupport_introspection_c\n'}
[0.539327] (aiguillages) StdoutLine: {'line': b'-- Using all available rosidl_typesupport_cpp: rosidl_typesupport_fastrtps_cpp;rosidl_typesupport_introspection_cpp\n'}
[0.541677] (launcher) StdoutLine: {'line': b'-- Using all available rosidl_typesupport_cpp: rosidl_typesupport_fastrtps_cpp;rosidl_typesupport_introspection_cpp\n'}
[0.577438] (aiguillages) StdoutLine: {'line': b'-- Found rmw_implementation_cmake: 7.3.3 (/opt/ros/jazzy/share/rmw_implementation_cmake/cmake)\n'}
[0.578990] (aiguillages) StdoutLine: {'line': b'-- Found rmw_fastrtps_cpp: 8.4.3 (/opt/ros/jazzy/share/rmw_fastrtps_cpp/cmake)\n'}
[0.579621] (launcher) StdoutLine: {'line': b'-- Found rmw_implementation_cmake: 7.3.3 (/opt/ros/jazzy/share/rmw_implementation_cmake/cmake)\n'}
[0.580927] (launcher) StdoutLine: {'line': b'-- Found rmw_fastrtps_cpp: 8.4.3 (/opt/ros/jazzy/share/rmw_fastrtps_cpp/cmake)\n'}
[0.621419] (-) TimerEvent: {}
[0.656751] (aiguillages) StdoutLine: {'line': b'-- Found OpenSSL: /usr/lib/x86_64-linux-gnu/libcrypto.so (found version "3.0.13")  \n'}
[0.658490] (launcher) StdoutLine: {'line': b'-- Found OpenSSL: /usr/lib/x86_64-linux-gnu/libcrypto.so (found version "3.0.13")  \n'}
[0.669338] (aiguillages) StdoutLine: {'line': b'-- Found FastRTPS: /opt/ros/jazzy/include (Required is at least version "2.13") \n'}
[0.672547] (launcher) StdoutLine: {'line': b'-- Found FastRTPS: /opt/ros/jazzy/include (Required is at least version "2.13") \n'}
[0.686673] (aiguillages) StdoutLine: {'line': b"-- Using RMW implementation 'rmw_fastrtps_cpp' as default\n"}
[0.689454] (launcher) StdoutLine: {'line': b"-- Using RMW implementation 'rmw_fastrtps_cpp' as default\n"}
[0.722142] (-) TimerEvent: {}
[0.728186] (aiguillages) StdoutLine: {'line': b'-- Found std_msgs: 5.3.6 (/opt/ros/jazzy/share/std_msgs/cmake)\n'}
[0.728374] (launcher) StdoutLine: {'line': b'-- Found std_msgs: 5.3.6 (/opt/ros/jazzy/share/std_msgs/cmake)\n'}
[0.736589] (aiguillages) StdoutLine: {'line': b'-- Found rosidl_default_generators: 1.6.0 (/opt/ros/jazzy/share/rosidl_default_generators/cmake)\n'}
[0.737865] (launcher) StdoutLine: {'line': b'-- Found ament_lint_auto: 0.17.4 (/opt/ros/jazzy/share/ament_lint_auto/cmake)\n'}
[0.743798] (aiguillages) StdoutLine: {'line': b'-- Found rosidl_adapter: 4.6.7 (/opt/ros/jazzy/share/rosidl_adapter/cmake)\n'}
[0.749427] (aiguillages) StdoutLine: {'line': b'-- Found OpenCV: /usr (found version "4.6.0") \n'}
[0.799104] (launcher) StdoutLine: {'line': b"-- Added test 'flake8' to check Python code syntax and style conventions\n"}
[0.799433] (launcher) StdoutLine: {'line': b"-- Configured 'flake8' exclude dirs and/or files: \n"}
[0.799521] (launcher) StdoutLine: {'line': b"-- Added test 'lint_cmake' to check CMake code style\n"}
[0.799679] (launcher) StdoutLine: {'line': b"-- Added test 'pep257' to check Python code against some of the docstring style conventions in PEP 257\n"}
[0.800082] (launcher) StdoutLine: {'line': b"-- Added test 'xmllint' to check XML markup files\n"}
[0.800695] (launcher) StdoutLine: {'line': b'-- Configuring done (0.8s)\n'}
[0.803190] (launcher) StdoutLine: {'line': b'-- Generating done (0.0s)\n'}
[0.804620] (launcher) StdoutLine: {'line': b'-- Build files have been written to: /home/user/celluleflexible_en_cours_ROS2/celluleflexible/ros_ws/build/launcher\n'}
[0.816348] (launcher) CommandEnded: {'returncode': 0}
[0.816611] (launcher) JobProgress: {'identifier': 'launcher', 'progress': 'build'}
[0.816650] (launcher) Command: {'cmd': ['/usr/bin/cmake', '--build', '/home/user/celluleflexible_en_cours_ROS2/celluleflexible/ros_ws/build/launcher', '--', '-j8', '-l8'], 'cwd': '/home/user/celluleflexible_en_cours_ROS2/celluleflexible/ros_ws/build/launcher', 'env': OrderedDict({'LESSOPEN': '| /usr/bin/lesspipe %s', 'USER': 'user', 'XDG_SESSION_TYPE': 'wayland', 'SHLVL': '1', 'LD_LIBRARY_PATH': '/opt/ros/jazzy/opt/rviz_ogre_vendor/lib:/opt/ros/jazzy/lib/x86_64-linux-gnu:/opt/ros/jazzy/opt/gz_math_vendor/lib:/opt/ros/jazzy/opt/gz_utils_vendor/lib:/opt/ros/jazzy/opt/gz_cmake_vendor/lib:/opt/ros/jazzy/lib', 'HOME': '/home/user', 'DESKTOP_SESSION': 'ubuntu', 'ROS_PYTHON_VERSION': '3', 'GNOME_SHELL_SESSION_MODE': 'ubuntu', 'GTK_MODULES': 'gail:atk-bridge', 'DBUS_STARTER_BUS_TYPE': 'session', 'SYSTEMD_EXEC_PID': '2225', 'GSM_SKIP_SSH_AGENT_WORKAROUND': 'true', 'DBUS_SESSION_BUS_ADDRESS': 'unix:path=/run/user/1000/bus,guid=f75c24bd1d3f9e0a6c32f4fd699c0ca3', 'COLORTERM': 'truecolor', 'DEBUGINFOD_URLS': 'https://debuginfod.ubuntu.com', 'IM_CONFIG_PHASE': '1', 'WAYLAND_DISPLAY': 'wayland-0', 'ROS_DISTRO': 'jazzy', 'LOGNAME': 'user', '_': '/usr/bin/colcon', 'ROS_VERSION': '2', 'MEMORY_PRESSURE_WATCH': '/sys/fs/cgroup/user.slice/user-1000.slice/user@1000.service/app.slice/app-gnome\\x2dsession\\x2dmanager.slice/gnome-session-manager@ubuntu.service/memory.pressure', 'XDG_SESSION_CLASS': 'user', 'USERNAME': 'user', 'TERM': 'xterm-256color', 'GNOME_DESKTOP_SESSION_ID': 'this-is-deprecated', 'PATH': '/opt/ros/jazzy/bin:/usr/local/sbin:/usr/local/bin:/usr/sbin:/usr/bin:/sbin:/bin:/usr/games:/usr/local/games:/snap/bin:/snap/bin', 'SESSION_MANAGER': 'local/Ubuntu:@/tmp/.ICE-unix/2225,unix/Ubuntu:/tmp/.ICE-unix/2225', 'XDG_MENU_PREFIX': 'gnome-', 'GNOME_TERMINAL_SCREEN': '/org/gnome/Terminal/screen/fd7d161f_b0cd_4c91_9d8b_6a28dde0713a', 'GNOME_SETUP_DISPLAY': ':1', 'XDG_RUNTIME_DIR': '/run/user/1000', 'DISPLAY': ':0', 'LANG': 'en_US.UTF-8', 'XDG_CURRENT_DESKTOP': 'ubuntu:GNOME', 'XMODIFIERS': '@im=ibus', 'XDG_SESSION_DESKTOP': 'ubuntu', 'XAUTHORITY': '/run/user/1000/.mutter-Xwaylandauth.5JJ1K3', 'LS_COLORS': 'rs=0:di=01;34:ln=01;36:mh=00:pi=40;33:so=01;35:do=01;35:bd=40;33;01:cd=40;33;01:or=40;31;01:mi=00:su=37;41:sg=30;43:ca=00:tw=30;42:ow=34;42:st=37;44:ex=01;32:*.tar=01;31:*.tgz=01;31:*.arc=01;31:*.arj=01;31:*.taz=01;31:*.lha=01;31:*.lz4=01;31:*.lzh=01;31:*.lzma=01;31:*.tlz=01;31:*.txz=01;31:*.tzo=01;31:*.t7z=01;31:*.zip=01;31:*.z=01;31:*.dz=01;31:*.gz=01;31:*.lrz=01;31:*.lz=01;31:*.lzo=01;31:*.xz=01;31:*.zst=01;31:*.tzst=01;31:*.bz2=01;31:*.bz=01;31:*.tbz=01;31:*.tbz2=01;31:*.tz=01;31:*.deb=01;31:*.rpm=01;31:*.jar=01;31:*.war=01;31:*.ear=01;31:*.sar=01;31:*.rar=01;31:*.alz=01;31:*.ace=01;31:*.zoo=01;31:*.cpio=01;31:*.7z=01;31:*.rz=01;31:*.cab=01;31:*.wim=01;31:*.swm=01;31:*.dwm=01;31:*.esd=01;31:*.avif=01;35:*.jpg=01;35:*.jpeg=01;35:*.mjpg=01;35:*.mjpeg=01;35:*.gif=01;35:*.bmp=01;35:*.pbm=01;35:*.pgm=01;35:*.ppm=01;35:*.tga=01;35:*.xbm=01;35:*.xpm=01;35:*.tif=01;35:*.tiff=01;35:*.png=01;35:*.svg=01;35:*.svgz=01;35:*.mng=01;35:*.pcx=01;35:*.mov=01;35:*.mpg=01;35:*.mpeg=01;35:*.m2v=01;35:*.mkv=01;35:*.webm=01;35:*.webp=01;35:*.ogm=01;35:*.mp4=01;35:*.m4v=01;35:*.mp4v=01;35:*.vob=01;35:*.qt=01;35:*.nuv=01;35:*.wmv=01;35:*.asf=01;35:*.rm=01;35:*.rmvb=01;35:*.flc=01;35:*.avi=01;35:*.fli=01;35:*.flv=01;35:*.gl=01;35:*.dl=01;35:*.xcf=01;35:*.xwd=01;35:*.yuv=01;35:*.cgm=01;35:*.emf=01;35:*.ogv=01;35:*.ogx=01;35:*.aac=00;36:*.au=00;36:*.flac=00;36:*.m4a=00;36:*.mid=00;36:*.midi=00;36:*.mka=00;36:*.mp3=00;36:*.mpc=00;36:*.ogg=00;36:*.ra=00;36:*.wav=00;36:*.oga=00;36:*.opus=00;36:*.spx=00;36:*.xspf=00;36:*~=00;90:*#=00;90:*.bak=00;90:*.crdownload=00;90:*.dpkg-dist=00;90:*.dpkg-new=00;90:*.dpkg-old=00;90:*.dpkg-tmp=00;90:*.old=00;90:*.orig=00;90:*.part=00;90:*.rej=00;90:*.rpmnew=00;90:*.rpmorig=00;90:*.rpmsave=00;90:*.swp=00;90:*.tmp=00;90:*.ucf-dist=00;90:*.ucf-new=00;90:*.ucf-old=00;90:', 'GNOME_TERMINAL_SERVICE': ':1.1258', 'SSH_AUTH_SOCK': '/run/user/1000/keyring/ssh', 'AMENT_PREFIX_PATH': '/opt/ros/jazzy', 'SHELL': '/bin/bash', 'QT_ACCESSIBILITY': '1', 'GDMSESSION': 'ubuntu', 'LESSCLOSE': '/usr/bin/lesspipe %s %s', 'ROS_AUTOMATIC_DISCOVERY_RANGE': 'SUBNET', 'QT_IM_MODULE': 'ibus', 'PWD': '/home/user/celluleflexible_en_cours_ROS2/celluleflexible/ros_ws/build/launcher', 'LC_ALL': 'en_US.UTF-8', 'XDG_CONFIG_DIRS': '/etc/xdg/xdg-ubuntu:/etc/xdg', 'DBUS_STARTER_ADDRESS': 'unix:path=/run/user/1000/bus,guid=f75c24bd1d3f9e0a6c32f4fd699c0ca3', 'XDG_DATA_DIRS': '/usr/share/ubuntu:/usr/share/gnome:/usr/local/share/:/usr/share/:/var/lib/snapd/desktop', 'PYTHONPATH': '/opt/ros/jazzy/lib/python3.12/site-packages', 'COLCON': '1', 'MEMORY_PRESSURE_WRITE': 'c29tZSAyMDAwMDAgMjAwMDAwMAA=', 'VTE_VERSION': '7600', 'CMAKE_PREFIX_PATH': '/opt/ros/jazzy/opt/gz_math_vendor:/opt/ros/jazzy/opt/gz_utils_vendor:/opt/ros/jazzy/opt/gz_cmake_vendor:/opt/ros/jazzy'}), 'shell': False}
[0.822335] (-) TimerEvent: {}
[0.861147] (launcher) CommandEnded: {'returncode': 0}
[0.861398] (launcher) JobProgress: {'identifier': 'launcher', 'progress': 'install'}
[0.871284] (launcher) Command: {'cmd': ['/usr/bin/cmake', '--install', '/home/user/celluleflexible_en_cours_ROS2/celluleflexible/ros_ws/build/launcher'], 'cwd': '/home/user/celluleflexible_en_cours_ROS2/celluleflexible/ros_ws/build/launcher', 'env': OrderedDict({'LESSOPEN': '| /usr/bin/lesspipe %s', 'USER': 'user', 'XDG_SESSION_TYPE': 'wayland', 'SHLVL': '1', 'LD_LIBRARY_PATH': '/opt/ros/jazzy/opt/rviz_ogre_vendor/lib:/opt/ros/jazzy/lib/x86_64-linux-gnu:/opt/ros/jazzy/opt/gz_math_vendor/lib:/opt/ros/jazzy/opt/gz_utils_vendor/lib:/opt/ros/jazzy/opt/gz_cmake_vendor/lib:/opt/ros/jazzy/lib', 'HOME': '/home/user', 'DESKTOP_SESSION': 'ubuntu', 'ROS_PYTHON_VERSION': '3', 'GNOME_SHELL_SESSION_MODE': 'ubuntu', 'GTK_MODULES': 'gail:atk-bridge', 'DBUS_STARTER_BUS_TYPE': 'session', 'SYSTEMD_EXEC_PID': '2225', 'GSM_SKIP_SSH_AGENT_WORKAROUND': 'true', 'DBUS_SESSION_BUS_ADDRESS': 'unix:path=/run/user/1000/bus,guid=f75c24bd1d3f9e0a6c32f4fd699c0ca3', 'COLORTERM': 'truecolor', 'DEBUGINFOD_URLS': 'https://debuginfod.ubuntu.com', 'IM_CONFIG_PHASE': '1', 'WAYLAND_DISPLAY': 'wayland-0', 'ROS_DISTRO': 'jazzy', 'LOGNAME': 'user', '_': '/usr/bin/colcon', 'ROS_VERSION': '2', 'MEMORY_PRESSURE_WATCH': '/sys/fs/cgroup/user.slice/user-1000.slice/user@1000.service/app.slice/app-gnome\\x2dsession\\x2dmanager.slice/gnome-session-manager@ubuntu.service/memory.pressure', 'XDG_SESSION_CLASS': 'user', 'USERNAME': 'user', 'TERM': 'xterm-256color', 'GNOME_DESKTOP_SESSION_ID': 'this-is-deprecated', 'PATH': '/opt/ros/jazzy/bin:/usr/local/sbin:/usr/local/bin:/usr/sbin:/usr/bin:/sbin:/bin:/usr/games:/usr/local/games:/snap/bin:/snap/bin', 'SESSION_MANAGER': 'local/Ubuntu:@/tmp/.ICE-unix/2225,unix/Ubuntu:/tmp/.ICE-unix/2225', 'XDG_MENU_PREFIX': 'gnome-', 'GNOME_TERMINAL_SCREEN': '/org/gnome/Terminal/screen/fd7d161f_b0cd_4c91_9d8b_6a28dde0713a', 'GNOME_SETUP_DISPLAY': ':1', 'XDG_RUNTIME_DIR': '/run/user/1000', 'DISPLAY': ':0', 'LANG': 'en_US.UTF-8', 'XDG_CURRENT_DESKTOP': 'ubuntu:GNOME', 'XMODIFIERS': '@im=ibus', 'XDG_SESSION_DESKTOP': 'ubuntu', 'XAUTHORITY': '/run/user/1000/.mutter-Xwaylandauth.5JJ1K3', 'LS_COLORS': 'rs=0:di=01;34:ln=01;36:mh=00:pi=40;33:so=01;35:do=01;35:bd=40;33;01:cd=40;33;01:or=40;31;01:mi=00:su=37;41:sg=30;43:ca=00:tw=30;42:ow=34;42:st=37;44:ex=01;32:*.tar=01;31:*.tgz=01;31:*.arc=01;31:*.arj=01;31:*.taz=01;31:*.lha=01;31:*.lz4=01;31:*.lzh=01;31:*.lzma=01;31:*.tlz=01;31:*.txz=01;31:*.tzo=01;31:*.t7z=01;31:*.zip=01;31:*.z=01;31:*.dz=01;31:*.gz=01;31:*.lrz=01;31:*.lz=01;31:*.lzo=01;31:*.xz=01;31:*.zst=01;31:*.tzst=01;31:*.bz2=01;31:*.bz=01;31:*.tbz=01;31:*.tbz2=01;31:*.tz=01;31:*.deb=01;31:*.rpm=01;31:*.jar=01;31:*.war=01;31:*.ear=01;31:*.sar=01;31:*.rar=01;31:*.alz=01;31:*.ace=01;31:*.zoo=01;31:*.cpio=01;31:*.7z=01;31:*.rz=01;31:*.cab=01;31:*.wim=01;31:*.swm=01;31:*.dwm=01;31:*.esd=01;31:*.avif=01;35:*.jpg=01;35:*.jpeg=01;35:*.mjpg=01;35:*.mjpeg=01;35:*.gif=01;35:*.bmp=01;35:*.pbm=01;35:*.pgm=01;35:*.ppm=01;35:*.tga=01;35:*.xbm=01;35:*.xpm=01;35:*.tif=01;35:*.tiff=01;35:*.png=01;35:*.svg=01;35:*.svgz=01;35:*.mng=01;35:*.pcx=01;35:*.mov=01;35:*.mpg=01;35:*.mpeg=01;35:*.m2v=01;35:*.mkv=01;35:*.webm=01;35:*.webp=01;35:*.ogm=01;35:*.mp4=01;35:*.m4v=01;35:*.mp4v=01;35:*.vob=01;35:*.qt=01;35:*.nuv=01;35:*.wmv=01;35:*.asf=01;35:*.rm=01;35:*.rmvb=01;35:*.flc=01;35:*.avi=01;35:*.fli=01;35:*.flv=01;35:*.gl=01;35:*.dl=01;35:*.xcf=01;35:*.xwd=01;35:*.yuv=01;35:*.cgm=01;35:*.emf=01;35:*.ogv=01;35:*.ogx=01;35:*.aac=00;36:*.au=00;36:*.flac=00;36:*.m4a=00;36:*.mid=00;36:*.midi=00;36:*.mka=00;36:*.mp3=00;36:*.mpc=00;36:*.ogg=00;36:*.ra=00;36:*.wav=00;36:*.oga=00;36:*.opus=00;36:*.spx=00;36:*.xspf=00;36:*~=00;90:*#=00;90:*.bak=00;90:*.crdownload=00;90:*.dpkg-dist=00;90:*.dpkg-new=00;90:*.dpkg-old=00;90:*.dpkg-tmp=00;90:*.old=00;90:*.orig=00;90:*.part=00;90:*.rej=00;90:*.rpmnew=00;90:*.rpmorig=00;90:*.rpmsave=00;90:*.swp=00;90:*.tmp=00;90:*.ucf-dist=00;90:*.ucf-new=00;90:*.ucf-old=00;90:', 'GNOME_TERMINAL_SERVICE': ':1.1258', 'SSH_AUTH_SOCK': '/run/user/1000/keyring/ssh', 'AMENT_PREFIX_PATH': '/opt/ros/jazzy', 'SHELL': '/bin/bash', 'QT_ACCESSIBILITY': '1', 'GDMSESSION': 'ubuntu', 'LESSCLOSE': '/usr/bin/lesspipe %s %s', 'ROS_AUTOMATIC_DISCOVERY_RANGE': 'SUBNET', 'QT_IM_MODULE': 'ibus', 'PWD': '/home/user/celluleflexible_en_cours_ROS2/celluleflexible/ros_ws/build/launcher', 'LC_ALL': 'en_US.UTF-8', 'XDG_CONFIG_DIRS': '/etc/xdg/xdg-ubuntu:/etc/xdg', 'DBUS_STARTER_ADDRESS': 'unix:path=/run/user/1000/bus,guid=f75c24bd1d3f9e0a6c32f4fd699c0ca3', 'XDG_DATA_DIRS': '/usr/share/ubuntu:/usr/share/gnome:/usr/local/share/:/usr/share/:/var/lib/snapd/desktop', 'PYTHONPATH': '/opt/ros/jazzy/lib/python3.12/site-packages', 'COLCON': '1', 'MEMORY_PRESSURE_WRITE': 'c29tZSAyMDAwMDAgMjAwMDAwMAA=', 'VTE_VERSION': '7600', 'CMAKE_PREFIX_PATH': '/opt/ros/jazzy/opt/gz_math_vendor:/opt/ros/jazzy/opt/gz_utils_vendor:/opt/ros/jazzy/opt/gz_cmake_vendor:/opt/ros/jazzy'}), 'shell': False}
[0.877457] (launcher) StdoutLine: {'line': b'-- Install configuration: ""\n'}
[0.877619] (launcher) StdoutLine: {'line': b'-- Installing: /home/user/celluleflexible_en_cours_ROS2/celluleflexible/ros_ws/install/launcher/share/launcher/launch\n'}
[0.877789] (launcher) StdoutLine: {'line': b'-- Installing: /home/user/celluleflexible_en_cours_ROS2/celluleflexible/ros_ws/install/launcher/share/launcher/launch/launch_alpha.launch.py\n'}
[0.877838] (launcher) StdoutLine: {'line': b'-- Installing: /home/user/celluleflexible_en_cours_ROS2/celluleflexible/ros_ws/install/launcher/share/launcher/launch/launch_beta.launch.py\n'}
[0.877867] (launcher) StdoutLine: {'line': b'-- Installing: /home/user/celluleflexible_en_cours_ROS2/celluleflexible/ros_ws/install/launcher/share/ament_index/resource_index/package_run_dependencies/launcher\n'}
[0.877929] (launcher) StdoutLine: {'line': b'-- Installing: /home/user/celluleflexible_en_cours_ROS2/celluleflexible/ros_ws/install/launcher/share/ament_index/resource_index/parent_prefix_path/launcher\n'}
[0.877996] (launcher) StdoutLine: {'line': b'-- Installing: /home/user/celluleflexible_en_cours_ROS2/celluleflexible/ros_ws/install/launcher/share/launcher/environment/ament_prefix_path.sh\n'}
[0.878183] (launcher) StdoutLine: {'line': b'-- Installing: /home/user/celluleflexible_en_cours_ROS2/celluleflexible/ros_ws/install/launcher/share/launcher/environment/ament_prefix_path.dsv\n'}
[0.878225] (launcher) StdoutLine: {'line': b'-- Installing: /home/user/celluleflexible_en_cours_ROS2/celluleflexible/ros_ws/install/launcher/share/launcher/environment/path.sh\n'}
[0.878366] (launcher) StdoutLine: {'line': b'-- Installing: /home/user/celluleflexible_en_cours_ROS2/celluleflexible/ros_ws/install/launcher/share/launcher/environment/path.dsv\n'}
[0.878432] (launcher) StdoutLine: {'line': b'-- Installing: /home/user/celluleflexible_en_cours_ROS2/celluleflexible/ros_ws/install/launcher/share/launcher/local_setup.bash\n'}
[0.878545] (launcher) StdoutLine: {'line': b'-- Installing: /home/user/celluleflexible_en_cours_ROS2/celluleflexible/ros_ws/install/launcher/share/launcher/local_setup.sh\n'}
[0.878575] (launcher) StdoutLine: {'line': b'-- Installing: /home/user/celluleflexible_en_cours_ROS2/celluleflexible/ros_ws/install/launcher/share/launcher/local_setup.zsh\n'}
[0.878599] (launcher) StdoutLine: {'line': b'-- Installing: /home/user/celluleflexible_en_cours_ROS2/celluleflexible/ros_ws/install/launcher/share/launcher/local_setup.dsv\n'}
[0.878622] (launcher) StdoutLine: {'line': b'-- Installing: /home/user/celluleflexible_en_cours_ROS2/celluleflexible/ros_ws/install/launcher/share/launcher/package.dsv\n'}
[0.878644] (launcher) StdoutLine: {'line': b'-- Installing: /home/user/celluleflexible_en_cours_ROS2/celluleflexible/ros_ws/install/launcher/share/ament_index/resource_index/packages/launcher\n'}
[0.878677] (launcher) StdoutLine: {'line': b'-- Installing: /home/user/celluleflexible_en_cours_ROS2/celluleflexible/ros_ws/install/launcher/share/launcher/cmake/launcherConfig.cmake\n'}
[0.878699] (launcher) StdoutLine: {'line': b'-- Installing: /home/user/celluleflexible_en_cours_ROS2/celluleflexible/ros_ws/install/launcher/share/launcher/cmake/launcherConfig-version.cmake\n'}
[0.878721] (launcher) StdoutLine: {'line': b'-- Installing: /home/user/celluleflexible_en_cours_ROS2/celluleflexible/ros_ws/install/launcher/share/launcher/package.xml\n'}
[0.880457] (launcher) CommandEnded: {'returncode': 0}
[0.889189] (launcher) JobEnded: {'identifier': 'launcher', 'rc': 0}
[0.922944] (-) TimerEvent: {}
[1.024706] (-) TimerEvent: {}
[1.128756] (-) TimerEvent: {}
[1.188010] (aiguillages) StdoutLine: {'line': b'-- Found ament_cmake_ros: 0.12.0 (/opt/ros/jazzy/share/ament_cmake_ros/cmake)\n'}
[1.263723] (-) TimerEvent: {}
[1.418305] (-) TimerEvent: {}
[1.528177] (-) TimerEvent: {}
[1.675993] (aiguillages) StdoutLine: {'line': b'-- Using all available rosidl_typesupport_c: rosidl_typesupport_fastrtps_c;rosidl_typesupport_introspection_c\n'}
[1.676195] (-) TimerEvent: {}
[1.811912] (-) TimerEvent: {}
[1.881283] (aiguillages) StdoutLine: {'line': b'-- Using all available rosidl_typesupport_cpp: rosidl_typesupport_fastrtps_cpp;rosidl_typesupport_introspection_cpp\n'}
[1.881500] (aiguillages) StdoutLine: {'line': b'-- Found python_cmake_module: 0.11.1 (/opt/ros/jazzy/share/python_cmake_module/cmake)\n'}
[1.912658] (-) TimerEvent: {}
[1.971229] (aiguillages) StdoutLine: {'line': b'-- Found PythonExtra: /usr/bin/python3  \n'}
[2.012741] (-) TimerEvent: {}
[2.118272] (-) TimerEvent: {}
[2.219812] (-) TimerEvent: {}
[2.245304] (aiguillages) StdoutLine: {'line': b'-- Found Python3: /usr/bin/python3 (found version "3.12.3") found components: Interpreter Development NumPy Development.Module Development.Embed \n'}
[2.271502] (aiguillages) StdoutLine: {'line': b'-- Configuring done (2.2s)\n'}
[2.297125] (aiguillages) StdoutLine: {'line': b'-- Generating done (0.0s)\n'}
[2.304269] (aiguillages) StdoutLine: {'line': b'-- Build files have been written to: /home/user/celluleflexible_en_cours_ROS2/celluleflexible/ros_ws/build/aiguillages\n'}
[2.312600] (aiguillages) CommandEnded: {'returncode': 0}
[2.313423] (aiguillages) JobProgress: {'identifier': 'aiguillages', 'progress': 'build'}
[2.313440] (aiguillages) Command: {'cmd': ['/usr/bin/cmake', '--build', '/home/user/celluleflexible_en_cours_ROS2/celluleflexible/ros_ws/build/aiguillages', '--', '-j8', '-l8'], 'cwd': '/home/user/celluleflexible_en_cours_ROS2/celluleflexible/ros_ws/build/aiguillages', 'env': OrderedDict({'LESSOPEN': '| /usr/bin/lesspipe %s', 'USER': 'user', 'XDG_SESSION_TYPE': 'wayland', 'SHLVL': '1', 'LD_LIBRARY_PATH': '/opt/ros/jazzy/opt/rviz_ogre_vendor/lib:/opt/ros/jazzy/lib/x86_64-linux-gnu:/opt/ros/jazzy/opt/gz_math_vendor/lib:/opt/ros/jazzy/opt/gz_utils_vendor/lib:/opt/ros/jazzy/opt/gz_cmake_vendor/lib:/opt/ros/jazzy/lib', 'HOME': '/home/user', 'DESKTOP_SESSION': 'ubuntu', 'ROS_PYTHON_VERSION': '3', 'GNOME_SHELL_SESSION_MODE': 'ubuntu', 'GTK_MODULES': 'gail:atk-bridge', 'DBUS_STARTER_BUS_TYPE': 'session', 'SYSTEMD_EXEC_PID': '2225', 'GSM_SKIP_SSH_AGENT_WORKAROUND': 'true', 'DBUS_SESSION_BUS_ADDRESS': 'unix:path=/run/user/1000/bus,guid=f75c24bd1d3f9e0a6c32f4fd699c0ca3', 'COLORTERM': 'truecolor', 'DEBUGINFOD_URLS': 'https://debuginfod.ubuntu.com', 'IM_CONFIG_PHASE': '1', 'WAYLAND_DISPLAY': 'wayland-0', 'ROS_DISTRO': 'jazzy', 'LOGNAME': 'user', '_': '/usr/bin/colcon', 'ROS_VERSION': '2', 'MEMORY_PRESSURE_WATCH': '/sys/fs/cgroup/user.slice/user-1000.slice/user@1000.service/app.slice/app-gnome\\x2dsession\\x2dmanager.slice/gnome-session-manager@ubuntu.service/memory.pressure', 'XDG_SESSION_CLASS': 'user', 'USERNAME': 'user', 'TERM': 'xterm-256color', 'GNOME_DESKTOP_SESSION_ID': 'this-is-deprecated', 'PATH': '/opt/ros/jazzy/bin:/usr/local/sbin:/usr/local/bin:/usr/sbin:/usr/bin:/sbin:/bin:/usr/games:/usr/local/games:/snap/bin:/snap/bin', 'SESSION_MANAGER': 'local/Ubuntu:@/tmp/.ICE-unix/2225,unix/Ubuntu:/tmp/.ICE-unix/2225', 'XDG_MENU_PREFIX': 'gnome-', 'GNOME_TERMINAL_SCREEN': '/org/gnome/Terminal/screen/fd7d161f_b0cd_4c91_9d8b_6a28dde0713a', 'GNOME_SETUP_DISPLAY': ':1', 'XDG_RUNTIME_DIR': '/run/user/1000', 'DISPLAY': ':0', 'LANG': 'en_US.UTF-8', 'XDG_CURRENT_DESKTOP': 'ubuntu:GNOME', 'XMODIFIERS': '@im=ibus', 'XDG_SESSION_DESKTOP': 'ubuntu', 'XAUTHORITY': '/run/user/1000/.mutter-Xwaylandauth.5JJ1K3', 'LS_COLORS': 'rs=0:di=01;34:ln=01;36:mh=00:pi=40;33:so=01;35:do=01;35:bd=40;33;01:cd=40;33;01:or=40;31;01:mi=00:su=37;41:sg=30;43:ca=00:tw=30;42:ow=34;42:st=37;44:ex=01;32:*.tar=01;31:*.tgz=01;31:*.arc=01;31:*.arj=01;31:*.taz=01;31:*.lha=01;31:*.lz4=01;31:*.lzh=01;31:*.lzma=01;31:*.tlz=01;31:*.txz=01;31:*.tzo=01;31:*.t7z=01;31:*.zip=01;31:*.z=01;31:*.dz=01;31:*.gz=01;31:*.lrz=01;31:*.lz=01;31:*.lzo=01;31:*.xz=01;31:*.zst=01;31:*.tzst=01;31:*.bz2=01;31:*.bz=01;31:*.tbz=01;31:*.tbz2=01;31:*.tz=01;31:*.deb=01;31:*.rpm=01;31:*.jar=01;31:*.war=01;31:*.ear=01;31:*.sar=01;31:*.rar=01;31:*.alz=01;31:*.ace=01;31:*.zoo=01;31:*.cpio=01;31:*.7z=01;31:*.rz=01;31:*.cab=01;31:*.wim=01;31:*.swm=01;31:*.dwm=01;31:*.esd=01;31:*.avif=01;35:*.jpg=01;35:*.jpeg=01;35:*.mjpg=01;35:*.mjpeg=01;35:*.gif=01;35:*.bmp=01;35:*.pbm=01;35:*.pgm=01;35:*.ppm=01;35:*.tga=01;35:*.xbm=01;35:*.xpm=01;35:*.tif=01;35:*.tiff=01;35:*.png=01;35:*.svg=01;35:*.svgz=01;35:*.mng=01;35:*.pcx=01;35:*.mov=01;35:*.mpg=01;35:*.mpeg=01;35:*.m2v=01;35:*.mkv=01;35:*.webm=01;35:*.webp=01;35:*.ogm=01;35:*.mp4=01;35:*.m4v=01;35:*.mp4v=01;35:*.vob=01;35:*.qt=01;35:*.nuv=01;35:*.wmv=01;35:*.asf=01;35:*.rm=01;35:*.rmvb=01;35:*.flc=01;35:*.avi=01;35:*.fli=01;35:*.flv=01;35:*.gl=01;35:*.dl=01;35:*.xcf=01;35:*.xwd=01;35:*.yuv=01;35:*.cgm=01;35:*.emf=01;35:*.ogv=01;35:*.ogx=01;35:*.aac=00;36:*.au=00;36:*.flac=00;36:*.m4a=00;36:*.mid=00;36:*.midi=00;36:*.mka=00;36:*.mp3=00;36:*.mpc=00;36:*.ogg=00;36:*.ra=00;36:*.wav=00;36:*.oga=00;36:*.opus=00;36:*.spx=00;36:*.xspf=00;36:*~=00;90:*#=00;90:*.bak=00;90:*.crdownload=00;90:*.dpkg-dist=00;90:*.dpkg-new=00;90:*.dpkg-old=00;90:*.dpkg-tmp=00;90:*.old=00;90:*.orig=00;90:*.part=00;90:*.rej=00;90:*.rpmnew=00;90:*.rpmorig=00;90:*.rpmsave=00;90:*.swp=00;90:*.tmp=00;90:*.ucf-dist=00;90:*.ucf-new=00;90:*.ucf-old=00;90:', 'GNOME_TERMINAL_SERVICE': ':1.1258', 'SSH_AUTH_SOCK': '/run/user/1000/keyring/ssh', 'AMENT_PREFIX_PATH': '/opt/ros/jazzy', 'SHELL': '/bin/bash', 'QT_ACCESSIBILITY': '1', 'GDMSESSION': 'ubuntu', 'LESSCLOSE': '/usr/bin/lesspipe %s %s', 'ROS_AUTOMATIC_DISCOVERY_RANGE': 'SUBNET', 'QT_IM_MODULE': 'ibus', 'PWD': '/home/user/celluleflexible_en_cours_ROS2/celluleflexible/ros_ws/build/aiguillages', 'LC_ALL': 'en_US.UTF-8', 'XDG_CONFIG_DIRS': '/etc/xdg/xdg-ubuntu:/etc/xdg', 'DBUS_STARTER_ADDRESS': 'unix:path=/run/user/1000/bus,guid=f75c24bd1d3f9e0a6c32f4fd699c0ca3', 'XDG_DATA_DIRS': '/usr/share/ubuntu:/usr/share/gnome:/usr/local/share/:/usr/share/:/var/lib/snapd/desktop', 'PYTHONPATH': '/opt/ros/jazzy/lib/python3.12/site-packages', 'COLCON': '1', 'MEMORY_PRESSURE_WRITE': 'c29tZSAyMDAwMDAgMjAwMDAwMAA=', 'VTE_VERSION': '7600', 'CMAKE_PREFIX_PATH': '/opt/ros/jazzy/opt/gz_math_vendor:/opt/ros/jazzy/opt/gz_utils_vendor:/opt/ros/jazzy/opt/gz_cmake_vendor:/opt/ros/jazzy'}), 'shell': False}
[2.320153] (-) TimerEvent: {}
[2.364593] (aiguillages) StdoutLine: {'line': b'[  1%] \x1b[34m\x1b[1mGenerating type hashes for ROS interfaces\x1b[0m\n'}
[2.373854] (aiguillages) StdoutLine: {'line': b'[  1%] Built target ament_cmake_python_copy_aiguillages\n'}
[2.489351] (-) TimerEvent: {}
[2.491738] (aiguillages) StdoutLine: {'line': b'running egg_info\n'}
[2.492889] (aiguillages) StdoutLine: {'line': b'creating aiguillages.egg-info\n'}
[2.506685] (aiguillages) StdoutLine: {'line': b'writing aiguillages.egg-info/PKG-INFO\n'}
[2.506813] (aiguillages) StdoutLine: {'line': b'writing dependency_links to aiguillages.egg-info/dependency_links.txt\n'}
[2.506850] (aiguillages) StdoutLine: {'line': b'writing top-level names to aiguillages.egg-info/top_level.txt\n'}
[2.506879] (aiguillages) StdoutLine: {'line': b"writing manifest file 'aiguillages.egg-info/SOURCES.txt'\n"}
[2.528334] (aiguillages) StdoutLine: {'line': b'[  1%] Built target aiguillages__rosidl_generator_type_description\n'}
[2.537422] (aiguillages) StdoutLine: {'line': b'[  2%] \x1b[34m\x1b[1mGenerating C code for ROS interfaces\x1b[0m\n'}
[2.540922] (aiguillages) StdoutLine: {'line': b"reading manifest file 'aiguillages.egg-info/SOURCES.txt'\n"}
[2.541002] (aiguillages) StdoutLine: {'line': b"writing manifest file 'aiguillages.egg-info/SOURCES.txt'\n"}
[2.548396] (aiguillages) StdoutLine: {'line': b'[  4%] \x1b[34m\x1b[1mGenerating C++ code for ROS interfaces\x1b[0m\n'}
[2.563977] (aiguillages) StdoutLine: {'line': b'[  4%] Built target ament_cmake_python_build_aiguillages_egg\n'}
[2.589959] (-) TimerEvent: {}
[2.696540] (-) TimerEvent: {}
[2.783667] (aiguillages) StdoutLine: {'line': b'[  4%] Built target aiguillages__cpp\n'}
[2.796975] (-) TimerEvent: {}
[2.830130] (aiguillages) StdoutLine: {'line': b'[ 11%] \x1b[32mBuilding C object CMakeFiles/aiguillages__rosidl_generator_c.dir/rosidl_generator_c/aiguillages/msg/detail/actionneurs__type_support.c.o\x1b[0m\n'}
[2.830347] (aiguillages) StdoutLine: {'line': b'[ 11%] \x1b[32mBuilding C object CMakeFiles/aiguillages__rosidl_generator_c.dir/rosidl_generator_c/aiguillages/msg/detail/capteurs__type_support.c.o\x1b[0m\n'}
[2.830385] (aiguillages) StdoutLine: {'line': b'[ 11%] \x1b[32mBuilding C object CMakeFiles/aiguillages__rosidl_generator_c.dir/rosidl_generator_c/aiguillages/msg/detail/capteurs__functions.c.o\x1b[0m\n'}
[2.830445] (aiguillages) StdoutLine: {'line': b'[ 11%] \x1b[32mBuilding C object CMakeFiles/aiguillages__rosidl_generator_c.dir/rosidl_generator_c/aiguillages/msg/detail/actionneurs__description.c.o\x1b[0m\n'}
[2.830472] (aiguillages) StdoutLine: {'line': b'[ 11%] \x1b[32mBuilding C object CMakeFiles/aiguillages__rosidl_generator_c.dir/rosidl_generator_c/aiguillages/msg/detail/actionneurs__functions.c.o\x1b[0m\n'}
[2.830497] (aiguillages) StdoutLine: {'line': b'[ 13%] \x1b[32mBuilding C object CMakeFiles/aiguillages__rosidl_generator_c.dir/rosidl_generator_c/aiguillages/msg/detail/exchange_sh__description.c.o\x1b[0m\n'}
[2.837614] (aiguillages) StdoutLine: {'line': b'[ 14%] \x1b[32mBuilding C object CMakeFiles/aiguillages__rosidl_generator_c.dir/rosidl_generator_c/aiguillages/msg/detail/capteurs__description.c.o\x1b[0m\n'}
[2.844600] (aiguillages) StdoutLine: {'line': b'[ 16%] \x1b[32mBuilding C object CMakeFiles/aiguillages__rosidl_generator_c.dir/rosidl_generator_c/aiguillages/msg/detail/exchange_sh__functions.c.o\x1b[0m\n'}
[2.862818] (aiguillages) StdoutLine: {'line': b'[ 17%] \x1b[32mBuilding C object CMakeFiles/aiguillages__rosidl_generator_c.dir/rosidl_generator_c/aiguillages/msg/detail/exchange_sh__type_support.c.o\x1b[0m\n'}
[2.866590] (aiguillages) StdoutLine: {'line': b'[ 19%] \x1b[32mBuilding C object CMakeFiles/aiguillages__rosidl_generator_c.dir/rosidl_generator_c/aiguillages/msg/detail/msg_sensor_state__description.c.o\x1b[0m\n'}
[2.879609] (aiguillages) StdoutLine: {'line': b'[ 20%] \x1b[32mBuilding C object CMakeFiles/aiguillages__rosidl_generator_c.dir/rosidl_generator_c/aiguillages/msg/detail/msg_sensor_state__functions.c.o\x1b[0m\n'}
[2.886739] (aiguillages) StdoutLine: {'line': b'[ 22%] \x1b[32mBuilding C object CMakeFiles/aiguillages__rosidl_generator_c.dir/rosidl_generator_c/aiguillages/msg/detail/msg_sensor_state__type_support.c.o\x1b[0m\n'}
[2.900827] (-) TimerEvent: {}
[2.939873] (aiguillages) StdoutLine: {'line': b'[ 23%] \x1b[32m\x1b[1mLinking C shared library libaiguillages__rosidl_generator_c.so\x1b[0m\n'}
[2.976476] (aiguillages) StdoutLine: {'line': b'[ 23%] Built target aiguillages__rosidl_generator_c\n'}
[2.986462] (aiguillages) StdoutLine: {'line': b'[ 25%] \x1b[34m\x1b[1mGenerating C++ type support dispatch for ROS interfaces\x1b[0m\n'}
[2.987086] (aiguillages) StdoutLine: {'line': b'[ 26%] \x1b[34m\x1b[1mGenerating C++ type support for eProsima Fast-RTPS\x1b[0m\n'}
[2.987153] (aiguillages) StdoutLine: {'line': b'[ 28%] \x1b[34m\x1b[1mGenerating C introspection for ROS interfaces\x1b[0m\n'}
[2.987185] (aiguillages) StdoutLine: {'line': b'[ 29%] \x1b[34m\x1b[1mGenerating C type support for eProsima Fast-RTPS\x1b[0m\n'}
[2.990074] (aiguillages) StdoutLine: {'line': b'[ 31%] \x1b[34m\x1b[1mGenerating C type support dispatch for ROS interfaces\x1b[0m\n'}
[2.990154] (aiguillages) StdoutLine: {'line': b'[ 32%] \x1b[34m\x1b[1mGenerating C++ introspection for ROS interfaces\x1b[0m\n'}
[3.006325] (-) TimerEvent: {}
[3.108298] (-) TimerEvent: {}
[3.172759] (aiguillages) StdoutLine: {'line': b'[ 34%] \x1b[32mBuilding CXX object CMakeFiles/aiguillages__rosidl_typesupport_cpp.dir/rosidl_typesupport_cpp/aiguillages/msg/capteurs__type_support.cpp.o\x1b[0m\n'}
[3.177919] (aiguillages) StdoutLine: {'line': b'[ 35%] \x1b[32mBuilding CXX object CMakeFiles/aiguillages__rosidl_typesupport_c.dir/rosidl_typesupport_c/aiguillages/msg/capteurs__type_support.cpp.o\x1b[0m\n'}
[3.182801] (aiguillages) StdoutLine: {'line': b'[ 37%] \x1b[32mBuilding CXX object CMakeFiles/aiguillages__rosidl_typesupport_c.dir/rosidl_typesupport_c/aiguillages/msg/actionneurs__type_support.cpp.o\x1b[0m\n'}
[3.184770] (aiguillages) StdoutLine: {'line': b'[ 38%] \x1b[32mBuilding CXX object CMakeFiles/aiguillages__rosidl_typesupport_c.dir/rosidl_typesupport_c/aiguillages/msg/exchange_sh__type_support.cpp.o\x1b[0m\n'}
[3.201285] (aiguillages) StdoutLine: {'line': b'[ 40%] \x1b[32mBuilding CXX object CMakeFiles/aiguillages__rosidl_typesupport_introspection_cpp.dir/rosidl_typesupport_introspection_cpp/aiguillages/msg/detail/capteurs__type_support.cpp.o\x1b[0m\n'}
[3.211679] (aiguillages) StdoutLine: {'line': b'[ 41%] \x1b[32mBuilding CXX object CMakeFiles/aiguillages__rosidl_typesupport_c.dir/rosidl_typesupport_c/aiguillages/msg/msg_sensor_state__type_support.cpp.o\x1b[0m\n'}
[3.211841] (-) TimerEvent: {}
[3.228841] (aiguillages) StdoutLine: {'line': b'[ 43%] \x1b[32mBuilding CXX object CMakeFiles/aiguillages__rosidl_typesupport_introspection_cpp.dir/rosidl_typesupport_introspection_cpp/aiguillages/msg/detail/actionneurs__type_support.cpp.o\x1b[0m\n'}
[3.240124] (aiguillages) StdoutLine: {'line': b'[ 44%] \x1b[32mBuilding CXX object CMakeFiles/aiguillages__rosidl_typesupport_introspection_cpp.dir/rosidl_typesupport_introspection_cpp/aiguillages/msg/detail/exchange_sh__type_support.cpp.o\x1b[0m\n'}
[3.257905] (aiguillages) StdoutLine: {'line': b'[ 46%] \x1b[32mBuilding C object CMakeFiles/aiguillages__rosidl_typesupport_introspection_c.dir/rosidl_typesupport_introspection_c/aiguillages/msg/detail/capteurs__type_support.c.o\x1b[0m\n'}
[3.259799] (aiguillages) StdoutLine: {'line': b'[ 47%] \x1b[32m\x1b[1mLinking CXX shared library libaiguillages__rosidl_typesupport_c.so\x1b[0m\n'}
[3.281891] (aiguillages) StdoutLine: {'line': b'[ 50%] \x1b[32mBuilding CXX object CMakeFiles/aiguillages__rosidl_typesupport_fastrtps_c.dir/rosidl_typesupport_fastrtps_c/aiguillages/msg/detail/capteurs__type_support_c.cpp.o\x1b[0m\n'}
[3.282335] (aiguillages) StdoutLine: {'line': b'[ 50%] \x1b[32mBuilding CXX object CMakeFiles/aiguillages__rosidl_typesupport_fastrtps_cpp.dir/rosidl_typesupport_fastrtps_cpp/aiguillages/msg/detail/dds_fastrtps/capteurs__type_support.cpp.o\x1b[0m\n'}
[3.285742] (aiguillages) StdoutLine: {'line': b'[ 52%] \x1b[32mBuilding C object CMakeFiles/aiguillages__rosidl_typesupport_introspection_c.dir/rosidl_typesupport_introspection_c/aiguillages/msg/detail/actionneurs__type_support.c.o\x1b[0m\n'}
[3.309598] (aiguillages) StdoutLine: {'line': b'[ 52%] Built target aiguillages__rosidl_typesupport_c\n'}
[3.312162] (-) TimerEvent: {}
[3.328954] (aiguillages) StdoutLine: {'line': b'[ 53%] \x1b[32mBuilding CXX object CMakeFiles/aiguillages__rosidl_typesupport_fastrtps_c.dir/rosidl_typesupport_fastrtps_c/aiguillages/msg/detail/actionneurs__type_support_c.cpp.o\x1b[0m\n'}
[3.330115] (aiguillages) StdoutLine: {'line': b'[ 55%] \x1b[32mBuilding C object CMakeFiles/aiguillages__rosidl_typesupport_introspection_c.dir/rosidl_typesupport_introspection_c/aiguillages/msg/detail/exchange_sh__type_support.c.o\x1b[0m\n'}
[3.361288] (aiguillages) StdoutLine: {'line': b'[ 56%] \x1b[32mBuilding C object CMakeFiles/aiguillages__rosidl_typesupport_introspection_c.dir/rosidl_typesupport_introspection_c/aiguillages/msg/detail/msg_sensor_state__type_support.c.o\x1b[0m\n'}
[3.383704] (aiguillages) StdoutLine: {'line': b'[ 58%] \x1b[32mBuilding CXX object CMakeFiles/aiguillages__rosidl_typesupport_cpp.dir/rosidl_typesupport_cpp/aiguillages/msg/actionneurs__type_support.cpp.o\x1b[0m\n'}
[3.398803] (aiguillages) StdoutLine: {'line': b'[ 59%] \x1b[32m\x1b[1mLinking C shared library libaiguillages__rosidl_typesupport_introspection_c.so\x1b[0m\n'}
[3.412867] (-) TimerEvent: {}
[3.434531] (aiguillages) StdoutLine: {'line': b'[ 61%] \x1b[32mBuilding CXX object CMakeFiles/aiguillages__rosidl_typesupport_introspection_cpp.dir/rosidl_typesupport_introspection_cpp/aiguillages/msg/detail/msg_sensor_state__type_support.cpp.o\x1b[0m\n'}
[3.438023] (aiguillages) StdoutLine: {'line': b'[ 62%] \x1b[32mBuilding CXX object CMakeFiles/aiguillages__rosidl_typesupport_cpp.dir/rosidl_typesupport_cpp/aiguillages/msg/exchange_sh__type_support.cpp.o\x1b[0m\n'}
[3.447716] (aiguillages) StdoutLine: {'line': b'[ 62%] Built target aiguillages__rosidl_typesupport_introspection_c\n'}
[3.451422] (aiguillages) StdoutLine: {'line': b'[ 64%] \x1b[32mBuilding CXX object CMakeFiles/aiguillages__rosidl_typesupport_cpp.dir/rosidl_typesupport_cpp/aiguillages/msg/msg_sensor_state__type_support.cpp.o\x1b[0m\n'}
[3.459025] (aiguillages) StdoutLine: {'line': b'[ 65%] \x1b[32mBuilding CXX object CMakeFiles/aiguillages__rosidl_typesupport_fastrtps_c.dir/rosidl_typesupport_fastrtps_c/aiguillages/msg/detail/exchange_sh__type_support_c.cpp.o\x1b[0m\n'}
[3.521439] (-) TimerEvent: {}
[3.552398] (aiguillages) StdoutLine: {'line': b'[ 67%] \x1b[32mBuilding CXX object CMakeFiles/aiguillages__rosidl_typesupport_fastrtps_cpp.dir/rosidl_typesupport_fastrtps_cpp/aiguillages/msg/detail/dds_fastrtps/actionneurs__type_support.cpp.o\x1b[0m\n'}
[3.556566] (aiguillages) StdoutLine: {'line': b'[ 68%] \x1b[32mBuilding CXX object CMakeFiles/aiguillages__rosidl_typesupport_fastrtps_cpp.dir/rosidl_typesupport_fastrtps_cpp/aiguillages/msg/detail/dds_fastrtps/exchange_sh__type_support.cpp.o\x1b[0m\n'}
[3.558004] (aiguillages) StdoutLine: {'line': b'[ 70%] \x1b[32mBuilding CXX object CMakeFiles/aiguillages__rosidl_typesupport_fastrtps_c.dir/rosidl_typesupport_fastrtps_c/aiguillages/msg/detail/msg_sensor_state__type_support_c.cpp.o\x1b[0m\n'}
[3.596669] (aiguillages) StdoutLine: {'line': b'[ 71%] \x1b[32mBuilding CXX object CMakeFiles/aiguillages__rosidl_typesupport_fastrtps_cpp.dir/rosidl_typesupport_fastrtps_cpp/aiguillages/msg/detail/dds_fastrtps/msg_sensor_state__type_support.cpp.o\x1b[0m\n'}
[3.609627] (aiguillages) StdoutLine: {'line': b'[ 73%] \x1b[32m\x1b[1mLinking CXX shared library libaiguillages__rosidl_typesupport_introspection_cpp.so\x1b[0m\n'}
[3.610237] (aiguillages) StdoutLine: {'line': b'[ 74%] \x1b[32m\x1b[1mLinking CXX shared library libaiguillages__rosidl_typesupport_cpp.so\x1b[0m\n'}
[3.645356] (aiguillages) StdoutLine: {'line': b'[ 74%] Built target aiguillages__rosidl_typesupport_cpp\n'}
[3.645514] (-) TimerEvent: {}
[3.667525] (aiguillages) StdoutLine: {'line': b'[ 74%] Built target aiguillages__rosidl_typesupport_introspection_cpp\n'}
[3.668998] (aiguillages) StdoutLine: {'line': b'[ 76%] \x1b[32mBuilding CXX object CMakeFiles/run_Aiguillage.dir/src/Aiguillage.cpp.o\x1b[0m\n'}
[3.669605] (aiguillages) StdoutLine: {'line': b'[ 77%] \x1b[32mBuilding CXX object CMakeFiles/run_Aiguillage.dir/src/main_aiguillage.cpp.o\x1b[0m\n'}
[3.775804] (-) TimerEvent: {}
[3.792094] (aiguillages) StdoutLine: {'line': b'[ 79%] \x1b[32m\x1b[1mLinking CXX shared library libaiguillages__rosidl_typesupport_fastrtps_c.so\x1b[0m\n'}
[3.840704] (aiguillages) StdoutLine: {'line': b'[ 79%] Built target aiguillages__rosidl_typesupport_fastrtps_c\n'}
[3.876048] (-) TimerEvent: {}
[3.888183] (aiguillages) StdoutLine: {'line': b'[ 80%] \x1b[32m\x1b[1mLinking CXX shared library libaiguillages__rosidl_typesupport_fastrtps_cpp.so\x1b[0m\n'}
[3.954852] (aiguillages) StdoutLine: {'line': b'[ 80%] Built target aiguillages__rosidl_typesupport_fastrtps_cpp\n'}
[3.976618] (-) TimerEvent: {}
[3.977740] (aiguillages) StdoutLine: {'line': b'[ 80%] Built target aiguillages\n'}
[4.004196] (aiguillages) StdoutLine: {'line': b'[ 82%] \x1b[34m\x1b[1mGenerating Python code for ROS interfaces\x1b[0m\n'}
[4.129125] (-) TimerEvent: {}
[4.265050] (-) TimerEvent: {}
[4.311652] (aiguillages) StdoutLine: {'line': b'[ 82%] Built target aiguillages__py\n'}
[4.335954] (aiguillages) StdoutLine: {'line': b'[ 86%] \x1b[32mBuilding C object CMakeFiles/aiguillages__rosidl_generator_py.dir/rosidl_generator_py/aiguillages/msg/_msg_sensor_state_s.c.o\x1b[0m\n'}
[4.336135] (aiguillages) StdoutLine: {'line': b'[ 86%] \x1b[32mBuilding C object CMakeFiles/aiguillages__rosidl_generator_py.dir/rosidl_generator_py/aiguillages/msg/_actionneurs_s.c.o\x1b[0m\n'}
[4.336179] (aiguillages) StdoutLine: {'line': b'[ 88%] \x1b[32mBuilding C object CMakeFiles/aiguillages__rosidl_generator_py.dir/rosidl_generator_py/aiguillages/msg/_exchange_sh_s.c.o\x1b[0m\n'}
[4.336727] (aiguillages) StdoutLine: {'line': b'[ 86%] \x1b[32mBuilding C object CMakeFiles/aiguillages__rosidl_generator_py.dir/rosidl_generator_py/aiguillages/msg/_capteurs_s.c.o\x1b[0m\n'}
[4.365986] (-) TimerEvent: {}
[4.437389] (aiguillages) StdoutLine: {'line': b'[ 89%] \x1b[32m\x1b[1mLinking C shared library libaiguillages__rosidl_generator_py.so\x1b[0m\n'}
[4.466079] (-) TimerEvent: {}
[4.483655] (aiguillages) StdoutLine: {'line': b'[ 89%] Built target aiguillages__rosidl_generator_py\n'}
[4.508483] (aiguillages) StdoutLine: {'line': b'[ 94%] \x1b[32mBuilding C object CMakeFiles/aiguillages_s__rosidl_typesupport_c.dir/rosidl_generator_py/aiguillages/_aiguillages_s.ep.rosidl_typesupport_c.c.o\x1b[0m\n'}
[4.510663] (aiguillages) StdoutLine: {'line': b'[ 94%] \x1b[32mBuilding C object CMakeFiles/aiguillages_s__rosidl_typesupport_fastrtps_c.dir/rosidl_generator_py/aiguillages/_aiguillages_s.ep.rosidl_typesupport_fastrtps_c.c.o\x1b[0m\n'}
[4.510746] (aiguillages) StdoutLine: {'line': b'[ 94%] \x1b[32mBuilding C object CMakeFiles/aiguillages_s__rosidl_typesupport_introspection_c.dir/rosidl_generator_py/aiguillages/_aiguillages_s.ep.rosidl_typesupport_introspection_c.c.o\x1b[0m\n'}
[4.566877] (-) TimerEvent: {}
[4.587133] (aiguillages) StdoutLine: {'line': b'[ 95%] \x1b[32m\x1b[1mLinking C shared module rosidl_generator_py/aiguillages/aiguillages_s__rosidl_typesupport_fastrtps_c.so\x1b[0m\n'}
[4.588561] (aiguillages) StdoutLine: {'line': b'[ 97%] \x1b[32m\x1b[1mLinking C shared module rosidl_generator_py/aiguillages/aiguillages_s__rosidl_typesupport_introspection_c.so\x1b[0m\n'}
[4.589087] (aiguillages) StdoutLine: {'line': b'[ 98%] \x1b[32m\x1b[1mLinking C shared module rosidl_generator_py/aiguillages/aiguillages_s__rosidl_typesupport_c.so\x1b[0m\n'}
[4.624143] (aiguillages) StdoutLine: {'line': b'[ 98%] Built target aiguillages_s__rosidl_typesupport_fastrtps_c\n'}
[4.624301] (aiguillages) StdoutLine: {'line': b'[ 98%] Built target aiguillages_s__rosidl_typesupport_introspection_c\n'}
[4.625008] (aiguillages) StdoutLine: {'line': b'[ 98%] Built target aiguillages_s__rosidl_typesupport_c\n'}
[4.666994] (-) TimerEvent: {}
[4.784882] (-) TimerEvent: {}
[4.975729] (-) TimerEvent: {}
[5.125369] (-) TimerEvent: {}
[5.276139] (-) TimerEvent: {}
[5.586019] (-) TimerEvent: {}
[6.067622] (-) TimerEvent: {}
[6.169182] (-) TimerEvent: {}
[6.281291] (-) TimerEvent: {}
[6.453578] (-) TimerEvent: {}
[6.563378] (-) TimerEvent: {}
[6.668190] (-) TimerEvent: {}
[6.782016] (-) TimerEvent: {}
[6.885269] (-) TimerEvent: {}
[6.987965] (-) TimerEvent: {}
[7.089669] (-) TimerEvent: {}
[7.203574] (-) TimerEvent: {}
[7.305474] (-) TimerEvent: {}
[7.407733] (-) TimerEvent: {}
[7.510767] (-) TimerEvent: {}
[7.616976] (-) TimerEvent: {}
[7.723048] (-) TimerEvent: {}
[7.825231] (-) TimerEvent: {}
[7.927471] (-) TimerEvent: {}
[8.040228] (-) TimerEvent: {}
[8.143383] (-) TimerEvent: {}
[8.278086] (-) TimerEvent: {}
[8.286538] (aiguillages) StdoutLine: {'line': b'[100%] \x1b[32m\x1b[1mLinking CXX executable run_Aiguillage\x1b[0m\n'}
[8.378974] (-) TimerEvent: {}
[8.483890] (-) TimerEvent: {}
[8.528648] (aiguillages) StdoutLine: {'line': b'[100%] Built target run_Aiguillage\n'}
[8.537634] (aiguillages) CommandEnded: {'returncode': 0}
[8.538401] (aiguillages) JobProgress: {'identifier': 'aiguillages', 'progress': 'install'}
[8.538908] (aiguillages) Command: {'cmd': ['/usr/bin/cmake', '--install', '/home/user/celluleflexible_en_cours_ROS2/celluleflexible/ros_ws/build/aiguillages'], 'cwd': '/home/user/celluleflexible_en_cours_ROS2/celluleflexible/ros_ws/build/aiguillages', 'env': OrderedDict({'LESSOPEN': '| /usr/bin/lesspipe %s', 'USER': 'user', 'XDG_SESSION_TYPE': 'wayland', 'SHLVL': '1', 'LD_LIBRARY_PATH': '/opt/ros/jazzy/opt/rviz_ogre_vendor/lib:/opt/ros/jazzy/lib/x86_64-linux-gnu:/opt/ros/jazzy/opt/gz_math_vendor/lib:/opt/ros/jazzy/opt/gz_utils_vendor/lib:/opt/ros/jazzy/opt/gz_cmake_vendor/lib:/opt/ros/jazzy/lib', 'HOME': '/home/user', 'DESKTOP_SESSION': 'ubuntu', 'ROS_PYTHON_VERSION': '3', 'GNOME_SHELL_SESSION_MODE': 'ubuntu', 'GTK_MODULES': 'gail:atk-bridge', 'DBUS_STARTER_BUS_TYPE': 'session', 'SYSTEMD_EXEC_PID': '2225', 'GSM_SKIP_SSH_AGENT_WORKAROUND': 'true', 'DBUS_SESSION_BUS_ADDRESS': 'unix:path=/run/user/1000/bus,guid=f75c24bd1d3f9e0a6c32f4fd699c0ca3', 'COLORTERM': 'truecolor', 'DEBUGINFOD_URLS': 'https://debuginfod.ubuntu.com', 'IM_CONFIG_PHASE': '1', 'WAYLAND_DISPLAY': 'wayland-0', 'ROS_DISTRO': 'jazzy', 'LOGNAME': 'user', '_': '/usr/bin/colcon', 'ROS_VERSION': '2', 'MEMORY_PRESSURE_WATCH': '/sys/fs/cgroup/user.slice/user-1000.slice/user@1000.service/app.slice/app-gnome\\x2dsession\\x2dmanager.slice/gnome-session-manager@ubuntu.service/memory.pressure', 'XDG_SESSION_CLASS': 'user', 'USERNAME': 'user', 'TERM': 'xterm-256color', 'GNOME_DESKTOP_SESSION_ID': 'this-is-deprecated', 'PATH': '/opt/ros/jazzy/bin:/usr/local/sbin:/usr/local/bin:/usr/sbin:/usr/bin:/sbin:/bin:/usr/games:/usr/local/games:/snap/bin:/snap/bin', 'SESSION_MANAGER': 'local/Ubuntu:@/tmp/.ICE-unix/2225,unix/Ubuntu:/tmp/.ICE-unix/2225', 'XDG_MENU_PREFIX': 'gnome-', 'GNOME_TERMINAL_SCREEN': '/org/gnome/Terminal/screen/fd7d161f_b0cd_4c91_9d8b_6a28dde0713a', 'GNOME_SETUP_DISPLAY': ':1', 'XDG_RUNTIME_DIR': '/run/user/1000', 'DISPLAY': ':0', 'LANG': 'en_US.UTF-8', 'XDG_CURRENT_DESKTOP': 'ubuntu:GNOME', 'XMODIFIERS': '@im=ibus', 'XDG_SESSION_DESKTOP': 'ubuntu', 'XAUTHORITY': '/run/user/1000/.mutter-Xwaylandauth.5JJ1K3', 'LS_COLORS': 'rs=0:di=01;34:ln=01;36:mh=00:pi=40;33:so=01;35:do=01;35:bd=40;33;01:cd=40;33;01:or=40;31;01:mi=00:su=37;41:sg=30;43:ca=00:tw=30;42:ow=34;42:st=37;44:ex=01;32:*.tar=01;31:*.tgz=01;31:*.arc=01;31:*.arj=01;31:*.taz=01;31:*.lha=01;31:*.lz4=01;31:*.lzh=01;31:*.lzma=01;31:*.tlz=01;31:*.txz=01;31:*.tzo=01;31:*.t7z=01;31:*.zip=01;31:*.z=01;31:*.dz=01;31:*.gz=01;31:*.lrz=01;31:*.lz=01;31:*.lzo=01;31:*.xz=01;31:*.zst=01;31:*.tzst=01;31:*.bz2=01;31:*.bz=01;31:*.tbz=01;31:*.tbz2=01;31:*.tz=01;31:*.deb=01;31:*.rpm=01;31:*.jar=01;31:*.war=01;31:*.ear=01;31:*.sar=01;31:*.rar=01;31:*.alz=01;31:*.ace=01;31:*.zoo=01;31:*.cpio=01;31:*.7z=01;31:*.rz=01;31:*.cab=01;31:*.wim=01;31:*.swm=01;31:*.dwm=01;31:*.esd=01;31:*.avif=01;35:*.jpg=01;35:*.jpeg=01;35:*.mjpg=01;35:*.mjpeg=01;35:*.gif=01;35:*.bmp=01;35:*.pbm=01;35:*.pgm=01;35:*.ppm=01;35:*.tga=01;35:*.xbm=01;35:*.xpm=01;35:*.tif=01;35:*.tiff=01;35:*.png=01;35:*.svg=01;35:*.svgz=01;35:*.mng=01;35:*.pcx=01;35:*.mov=01;35:*.mpg=01;35:*.mpeg=01;35:*.m2v=01;35:*.mkv=01;35:*.webm=01;35:*.webp=01;35:*.ogm=01;35:*.mp4=01;35:*.m4v=01;35:*.mp4v=01;35:*.vob=01;35:*.qt=01;35:*.nuv=01;35:*.wmv=01;35:*.asf=01;35:*.rm=01;35:*.rmvb=01;35:*.flc=01;35:*.avi=01;35:*.fli=01;35:*.flv=01;35:*.gl=01;35:*.dl=01;35:*.xcf=01;35:*.xwd=01;35:*.yuv=01;35:*.cgm=01;35:*.emf=01;35:*.ogv=01;35:*.ogx=01;35:*.aac=00;36:*.au=00;36:*.flac=00;36:*.m4a=00;36:*.mid=00;36:*.midi=00;36:*.mka=00;36:*.mp3=00;36:*.mpc=00;36:*.ogg=00;36:*.ra=00;36:*.wav=00;36:*.oga=00;36:*.opus=00;36:*.spx=00;36:*.xspf=00;36:*~=00;90:*#=00;90:*.bak=00;90:*.crdownload=00;90:*.dpkg-dist=00;90:*.dpkg-new=00;90:*.dpkg-old=00;90:*.dpkg-tmp=00;90:*.old=00;90:*.orig=00;90:*.part=00;90:*.rej=00;90:*.rpmnew=00;90:*.rpmorig=00;90:*.rpmsave=00;90:*.swp=00;90:*.tmp=00;90:*.ucf-dist=00;90:*.ucf-new=00;90:*.ucf-old=00;90:', 'GNOME_TERMINAL_SERVICE': ':1.1258', 'SSH_AUTH_SOCK': '/run/user/1000/keyring/ssh', 'AMENT_PREFIX_PATH': '/opt/ros/jazzy', 'SHELL': '/bin/bash', 'QT_ACCESSIBILITY': '1', 'GDMSESSION': 'ubuntu', 'LESSCLOSE': '/usr/bin/lesspipe %s %s', 'ROS_AUTOMATIC_DISCOVERY_RANGE': 'SUBNET', 'QT_IM_MODULE': 'ibus', 'PWD': '/home/user/celluleflexible_en_cours_ROS2/celluleflexible/ros_ws/build/aiguillages', 'LC_ALL': 'en_US.UTF-8', 'XDG_CONFIG_DIRS': '/etc/xdg/xdg-ubuntu:/etc/xdg', 'DBUS_STARTER_ADDRESS': 'unix:path=/run/user/1000/bus,guid=f75c24bd1d3f9e0a6c32f4fd699c0ca3', 'XDG_DATA_DIRS': '/usr/share/ubuntu:/usr/share/gnome:/usr/local/share/:/usr/share/:/var/lib/snapd/desktop', 'PYTHONPATH': '/opt/ros/jazzy/lib/python3.12/site-packages', 'COLCON': '1', 'MEMORY_PRESSURE_WRITE': 'c29tZSAyMDAwMDAgMjAwMDAwMAA=', 'VTE_VERSION': '7600', 'CMAKE_PREFIX_PATH': '/opt/ros/jazzy/opt/gz_math_vendor:/opt/ros/jazzy/opt/gz_utils_vendor:/opt/ros/jazzy/opt/gz_cmake_vendor:/opt/ros/jazzy'}), 'shell': False}
[8.545217] (aiguillages) StdoutLine: {'line': b'-- Install configuration: ""\n'}
[8.545541] (aiguillages) StdoutLine: {'line': b'-- Installing: /home/user/celluleflexible_en_cours_ROS2/celluleflexible/ros_ws/install/aiguillages/share/ament_index/resource_index/rosidl_interfaces/aiguillages\n'}
[8.545748] (aiguillages) StdoutLine: {'line': b'-- Installing: /home/user/celluleflexible_en_cours_ROS2/celluleflexible/ros_ws/install/aiguillages/share/aiguillages/msg/Capteurs.json\n'}
[8.546999] (aiguillages) StdoutLine: {'line': b'-- Installing: /home/user/celluleflexible_en_cours_ROS2/celluleflexible/ros_ws/install/aiguillages/share/aiguillages/msg/Actionneurs.json\n'}
[8.547494] (aiguillages) StdoutLine: {'line': b'-- Installing: /home/user/celluleflexible_en_cours_ROS2/celluleflexible/ros_ws/install/aiguillages/share/aiguillages/msg/ExchangeSh.json\n'}
[8.547574] (aiguillages) StdoutLine: {'line': b'-- Installing: /home/user/celluleflexible_en_cours_ROS2/celluleflexible/ros_ws/install/aiguillages/share/aiguillages/msg/MsgSensorState.json\n'}
[8.547607] (aiguillages) StdoutLine: {'line': b'-- Installing: /home/user/celluleflexible_en_cours_ROS2/celluleflexible/ros_ws/install/aiguillages/include/aiguillages/aiguillages\n'}
[8.547634] (aiguillages) StdoutLine: {'line': b'-- Installing: /home/user/celluleflexible_en_cours_ROS2/celluleflexible/ros_ws/install/aiguillages/include/aiguillages/aiguillages/msg\n'}
[8.547661] (aiguillages) StdoutLine: {'line': b'-- Installing: /home/user/celluleflexible_en_cours_ROS2/celluleflexible/ros_ws/install/aiguillages/include/aiguillages/aiguillages/msg/exchange_sh.h\n'}
[8.547685] (aiguillages) StdoutLine: {'line': b'-- Installing: /home/user/celluleflexible_en_cours_ROS2/celluleflexible/ros_ws/install/aiguillages/include/aiguillages/aiguillages/msg/rosidl_generator_c__visibility_control.h\n'}
[8.547710] (aiguillages) StdoutLine: {'line': b'-- Installing: /home/user/celluleflexible_en_cours_ROS2/celluleflexible/ros_ws/install/aiguillages/include/aiguillages/aiguillages/msg/capteurs.h\n'}
[8.547735] (aiguillages) StdoutLine: {'line': b'-- Installing: /home/user/celluleflexible_en_cours_ROS2/celluleflexible/ros_ws/install/aiguillages/include/aiguillages/aiguillages/msg/msg_sensor_state.h\n'}
[8.548036] (aiguillages) StdoutLine: {'line': b'-- Installing: /home/user/celluleflexible_en_cours_ROS2/celluleflexible/ros_ws/install/aiguillages/include/aiguillages/aiguillages/msg/actionneurs.h\n'}
[8.548159] (aiguillages) StdoutLine: {'line': b'-- Installing: /home/user/celluleflexible_en_cours_ROS2/celluleflexible/ros_ws/install/aiguillages/include/aiguillages/aiguillages/msg/detail\n'}
[8.548188] (aiguillages) StdoutLine: {'line': b'-- Installing: /home/user/celluleflexible_en_cours_ROS2/celluleflexible/ros_ws/install/aiguillages/include/aiguillages/aiguillages/msg/detail/msg_sensor_state__type_support.h\n'}
[8.548369] (aiguillages) StdoutLine: {'line': b'-- Installing: /home/user/celluleflexible_en_cours_ROS2/celluleflexible/ros_ws/install/aiguillages/include/aiguillages/aiguillages/msg/detail/exchange_sh__description.c\n'}
[8.548399] (aiguillages) StdoutLine: {'line': b'-- Installing: /home/user/celluleflexible_en_cours_ROS2/celluleflexible/ros_ws/install/aiguillages/include/aiguillages/aiguillages/msg/detail/exchange_sh__functions.c\n'}
[8.548424] (aiguillages) StdoutLine: {'line': b'-- Installing: /home/user/celluleflexible_en_cours_ROS2/celluleflexible/ros_ws/install/aiguillages/include/aiguillages/aiguillages/msg/detail/msg_sensor_state__functions.h\n'}
[8.548448] (aiguillages) StdoutLine: {'line': b'-- Installing: /home/user/celluleflexible_en_cours_ROS2/celluleflexible/ros_ws/install/aiguillages/include/aiguillages/aiguillages/msg/detail/actionneurs__functions.h\n'}
[8.548476] (aiguillages) StdoutLine: {'line': b'-- Installing: /home/user/celluleflexible_en_cours_ROS2/celluleflexible/ros_ws/install/aiguillages/include/aiguillages/aiguillages/msg/detail/capteurs__type_support.c\n'}
[8.548680] (aiguillages) StdoutLine: {'line': b'-- Installing: /home/user/celluleflexible_en_cours_ROS2/celluleflexible/ros_ws/install/aiguillages/include/aiguillages/aiguillages/msg/detail/actionneurs__type_support.c\n'}
[8.548709] (aiguillages) StdoutLine: {'line': b'-- Installing: /home/user/celluleflexible_en_cours_ROS2/celluleflexible/ros_ws/install/aiguillages/include/aiguillages/aiguillages/msg/detail/capteurs__struct.h\n'}
[8.548739] (aiguillages) StdoutLine: {'line': b'-- Installing: /home/user/celluleflexible_en_cours_ROS2/celluleflexible/ros_ws/install/aiguillages/include/aiguillages/aiguillages/msg/detail/actionneurs__type_support.h\n'}
[8.548763] (aiguillages) StdoutLine: {'line': b'-- Installing: /home/user/celluleflexible_en_cours_ROS2/celluleflexible/ros_ws/install/aiguillages/include/aiguillages/aiguillages/msg/detail/capteurs__description.c\n'}
[8.548785] (aiguillages) StdoutLine: {'line': b'-- Installing: /home/user/celluleflexible_en_cours_ROS2/celluleflexible/ros_ws/install/aiguillages/include/aiguillages/aiguillages/msg/detail/msg_sensor_state__description.c\n'}
[8.548807] (aiguillages) StdoutLine: {'line': b'-- Installing: /home/user/celluleflexible_en_cours_ROS2/celluleflexible/ros_ws/install/aiguillages/include/aiguillages/aiguillages/msg/detail/capteurs__functions.h\n'}
[8.549035] (aiguillages) StdoutLine: {'line': b'-- Installing: /home/user/celluleflexible_en_cours_ROS2/celluleflexible/ros_ws/install/aiguillages/include/aiguillages/aiguillages/msg/detail/msg_sensor_state__type_support.c\n'}
[8.549109] (aiguillages) StdoutLine: {'line': b'-- Installing: /home/user/celluleflexible_en_cours_ROS2/celluleflexible/ros_ws/install/aiguillages/include/aiguillages/aiguillages/msg/detail/exchange_sh__functions.h\n'}
[8.549135] (aiguillages) StdoutLine: {'line': b'-- Installing: /home/user/celluleflexible_en_cours_ROS2/celluleflexible/ros_ws/install/aiguillages/include/aiguillages/aiguillages/msg/detail/msg_sensor_state__struct.h\n'}
[8.549264] (aiguillages) StdoutLine: {'line': b'-- Installing: /home/user/celluleflexible_en_cours_ROS2/celluleflexible/ros_ws/install/aiguillages/include/aiguillages/aiguillages/msg/detail/msg_sensor_state__functions.c\n'}
[8.549291] (aiguillages) StdoutLine: {'line': b'-- Installing: /home/user/celluleflexible_en_cours_ROS2/celluleflexible/ros_ws/install/aiguillages/include/aiguillages/aiguillages/msg/detail/actionneurs__struct.h\n'}
[8.549315] (aiguillages) StdoutLine: {'line': b'-- Installing: /home/user/celluleflexible_en_cours_ROS2/celluleflexible/ros_ws/install/aiguillages/include/aiguillages/aiguillages/msg/detail/exchange_sh__struct.h\n'}
[8.549341] (aiguillages) StdoutLine: {'line': b'-- Installing: /home/user/celluleflexible_en_cours_ROS2/celluleflexible/ros_ws/install/aiguillages/include/aiguillages/aiguillages/msg/detail/actionneurs__description.c\n'}
[8.549364] (aiguillages) StdoutLine: {'line': b'-- Installing: /home/user/celluleflexible_en_cours_ROS2/celluleflexible/ros_ws/install/aiguillages/include/aiguillages/aiguillages/msg/detail/exchange_sh__type_support.c\n'}
[8.549385] (aiguillages) StdoutLine: {'line': b'-- Installing: /home/user/celluleflexible_en_cours_ROS2/celluleflexible/ros_ws/install/aiguillages/include/aiguillages/aiguillages/msg/detail/exchange_sh__type_support.h\n'}
[8.549408] (aiguillages) StdoutLine: {'line': b'-- Installing: /home/user/celluleflexible_en_cours_ROS2/celluleflexible/ros_ws/install/aiguillages/include/aiguillages/aiguillages/msg/detail/capteurs__functions.c\n'}
[8.549429] (aiguillages) StdoutLine: {'line': b'-- Installing: /home/user/celluleflexible_en_cours_ROS2/celluleflexible/ros_ws/install/aiguillages/include/aiguillages/aiguillages/msg/detail/capteurs__type_support.h\n'}
[8.549449] (aiguillages) StdoutLine: {'line': b'-- Installing: /home/user/celluleflexible_en_cours_ROS2/celluleflexible/ros_ws/install/aiguillages/include/aiguillages/aiguillages/msg/detail/actionneurs__functions.c\n'}
[8.549475] (aiguillages) StdoutLine: {'line': b'-- Installing: /home/user/celluleflexible_en_cours_ROS2/celluleflexible/ros_ws/install/aiguillages/share/aiguillages/environment/library_path.sh\n'}
[8.549497] (aiguillages) StdoutLine: {'line': b'-- Installing: /home/user/celluleflexible_en_cours_ROS2/celluleflexible/ros_ws/install/aiguillages/share/aiguillages/environment/library_path.dsv\n'}
[8.549520] (aiguillages) StdoutLine: {'line': b'-- Installing: /home/user/celluleflexible_en_cours_ROS2/celluleflexible/ros_ws/install/aiguillages/lib/libaiguillages__rosidl_generator_c.so\n'}
[8.549698] (aiguillages) StdoutLine: {'line': b'-- Set non-toolchain portion of runtime path of "/home/user/celluleflexible_en_cours_ROS2/celluleflexible/ros_ws/install/aiguillages/lib/libaiguillages__rosidl_generator_c.so" to ""\n'}
[8.549886] (aiguillages) StdoutLine: {'line': b'-- Up-to-date: /home/user/celluleflexible_en_cours_ROS2/celluleflexible/ros_ws/install/aiguillages/include/aiguillages/aiguillages\n'}
[8.550151] (aiguillages) StdoutLine: {'line': b'-- Up-to-date: /home/user/celluleflexible_en_cours_ROS2/celluleflexible/ros_ws/install/aiguillages/include/aiguillages/aiguillages/msg\n'}
[8.550194] (aiguillages) StdoutLine: {'line': b'-- Installing: /home/user/celluleflexible_en_cours_ROS2/celluleflexible/ros_ws/install/aiguillages/include/aiguillages/aiguillages/msg/rosidl_typesupport_fastrtps_c__visibility_control.h\n'}
[8.550230] (aiguillages) StdoutLine: {'line': b'-- Up-to-date: /home/user/celluleflexible_en_cours_ROS2/celluleflexible/ros_ws/install/aiguillages/include/aiguillages/aiguillages/msg/detail\n'}
[8.550263] (aiguillages) StdoutLine: {'line': b'-- Installing: /home/user/celluleflexible_en_cours_ROS2/celluleflexible/ros_ws/install/aiguillages/include/aiguillages/aiguillages/msg/detail/capteurs__rosidl_typesupport_fastrtps_c.h\n'}
[8.550315] (aiguillages) StdoutLine: {'line': b'-- Installing: /home/user/celluleflexible_en_cours_ROS2/celluleflexible/ros_ws/install/aiguillages/include/aiguillages/aiguillages/msg/detail/exchange_sh__rosidl_typesupport_fastrtps_c.h\n'}
[8.550347] (aiguillages) StdoutLine: {'line': b'-- Installing: /home/user/celluleflexible_en_cours_ROS2/celluleflexible/ros_ws/install/aiguillages/include/aiguillages/aiguillages/msg/detail/actionneurs__rosidl_typesupport_fastrtps_c.h\n'}
[8.550378] (aiguillages) StdoutLine: {'line': b'-- Installing: /home/user/celluleflexible_en_cours_ROS2/celluleflexible/ros_ws/install/aiguillages/include/aiguillages/aiguillages/msg/detail/msg_sensor_state__rosidl_typesupport_fastrtps_c.h\n'}
[8.550408] (aiguillages) StdoutLine: {'line': b'-- Installing: /home/user/celluleflexible_en_cours_ROS2/celluleflexible/ros_ws/install/aiguillages/lib/libaiguillages__rosidl_typesupport_fastrtps_c.so\n'}
[8.550438] (aiguillages) StdoutLine: {'line': b'-- Set non-toolchain portion of runtime path of "/home/user/celluleflexible_en_cours_ROS2/celluleflexible/ros_ws/install/aiguillages/lib/libaiguillages__rosidl_typesupport_fastrtps_c.so" to ""\n'}
[8.550468] (aiguillages) StdoutLine: {'line': b'-- Up-to-date: /home/user/celluleflexible_en_cours_ROS2/celluleflexible/ros_ws/install/aiguillages/include/aiguillages/aiguillages\n'}
[8.550498] (aiguillages) StdoutLine: {'line': b'-- Up-to-date: /home/user/celluleflexible_en_cours_ROS2/celluleflexible/ros_ws/install/aiguillages/include/aiguillages/aiguillages/msg\n'}
[8.550528] (aiguillages) StdoutLine: {'line': b'-- Installing: /home/user/celluleflexible_en_cours_ROS2/celluleflexible/ros_ws/install/aiguillages/include/aiguillages/aiguillages/msg/capteurs.hpp\n'}
[8.550559] (aiguillages) StdoutLine: {'line': b'-- Installing: /home/user/celluleflexible_en_cours_ROS2/celluleflexible/ros_ws/install/aiguillages/include/aiguillages/aiguillages/msg/exchange_sh.hpp\n'}
[8.551265] (aiguillages) StdoutLine: {'line': b'-- Installing: /home/user/celluleflexible_en_cours_ROS2/celluleflexible/ros_ws/install/aiguillages/include/aiguillages/aiguillages/msg/rosidl_generator_cpp__visibility_control.hpp\n'}
[8.551318] (aiguillages) StdoutLine: {'line': b'-- Installing: /home/user/celluleflexible_en_cours_ROS2/celluleflexible/ros_ws/install/aiguillages/include/aiguillages/aiguillages/msg/actionneurs.hpp\n'}
[8.551357] (aiguillages) StdoutLine: {'line': b'-- Up-to-date: /home/user/celluleflexible_en_cours_ROS2/celluleflexible/ros_ws/install/aiguillages/include/aiguillages/aiguillages/msg/detail\n'}
[8.551385] (aiguillages) StdoutLine: {'line': b'-- Installing: /home/user/celluleflexible_en_cours_ROS2/celluleflexible/ros_ws/install/aiguillages/include/aiguillages/aiguillages/msg/detail/capteurs__builder.hpp\n'}
[8.551413] (aiguillages) StdoutLine: {'line': b'-- Installing: /home/user/celluleflexible_en_cours_ROS2/celluleflexible/ros_ws/install/aiguillages/include/aiguillages/aiguillages/msg/detail/exchange_sh__traits.hpp\n'}
[8.551436] (aiguillages) StdoutLine: {'line': b'-- Installing: /home/user/celluleflexible_en_cours_ROS2/celluleflexible/ros_ws/install/aiguillages/include/aiguillages/aiguillages/msg/detail/exchange_sh__type_support.hpp\n'}
[8.551464] (aiguillages) StdoutLine: {'line': b'-- Installing: /home/user/celluleflexible_en_cours_ROS2/celluleflexible/ros_ws/install/aiguillages/include/aiguillages/aiguillages/msg/detail/exchange_sh__struct.hpp\n'}
[8.551488] (aiguillages) StdoutLine: {'line': b'-- Installing: /home/user/celluleflexible_en_cours_ROS2/celluleflexible/ros_ws/install/aiguillages/include/aiguillages/aiguillages/msg/detail/actionneurs__type_support.hpp\n'}
[8.551515] (aiguillages) StdoutLine: {'line': b'-- Installing: /home/user/celluleflexible_en_cours_ROS2/celluleflexible/ros_ws/install/aiguillages/include/aiguillages/aiguillages/msg/detail/capteurs__type_support.hpp\n'}
[8.551542] (aiguillages) StdoutLine: {'line': b'-- Installing: /home/user/celluleflexible_en_cours_ROS2/celluleflexible/ros_ws/install/aiguillages/include/aiguillages/aiguillages/msg/detail/msg_sensor_state__type_support.hpp\n'}
[8.551564] (aiguillages) StdoutLine: {'line': b'-- Installing: /home/user/celluleflexible_en_cours_ROS2/celluleflexible/ros_ws/install/aiguillages/include/aiguillages/aiguillages/msg/detail/msg_sensor_state__builder.hpp\n'}
[8.551590] (aiguillages) StdoutLine: {'line': b'-- Installing: /home/user/celluleflexible_en_cours_ROS2/celluleflexible/ros_ws/install/aiguillages/include/aiguillages/aiguillages/msg/detail/msg_sensor_state__traits.hpp\n'}
[8.551611] (aiguillages) StdoutLine: {'line': b'-- Installing: /home/user/celluleflexible_en_cours_ROS2/celluleflexible/ros_ws/install/aiguillages/include/aiguillages/aiguillages/msg/detail/exchange_sh__builder.hpp\n'}
[8.551636] (aiguillages) StdoutLine: {'line': b'-- Installing: /home/user/celluleflexible_en_cours_ROS2/celluleflexible/ros_ws/install/aiguillages/include/aiguillages/aiguillages/msg/detail/actionneurs__builder.hpp\n'}
[8.551657] (aiguillages) StdoutLine: {'line': b'-- Installing: /home/user/celluleflexible_en_cours_ROS2/celluleflexible/ros_ws/install/aiguillages/include/aiguillages/aiguillages/msg/detail/msg_sensor_state__struct.hpp\n'}
[8.551682] (aiguillages) StdoutLine: {'line': b'-- Installing: /home/user/celluleflexible_en_cours_ROS2/celluleflexible/ros_ws/install/aiguillages/include/aiguillages/aiguillages/msg/detail/capteurs__traits.hpp\n'}
[8.551706] (aiguillages) StdoutLine: {'line': b'-- Installing: /home/user/celluleflexible_en_cours_ROS2/celluleflexible/ros_ws/install/aiguillages/include/aiguillages/aiguillages/msg/detail/actionneurs__struct.hpp\n'}
[8.551732] (aiguillages) StdoutLine: {'line': b'-- Installing: /home/user/celluleflexible_en_cours_ROS2/celluleflexible/ros_ws/install/aiguillages/include/aiguillages/aiguillages/msg/detail/actionneurs__traits.hpp\n'}
[8.552120] (aiguillages) StdoutLine: {'line': b'-- Installing: /home/user/celluleflexible_en_cours_ROS2/celluleflexible/ros_ws/install/aiguillages/include/aiguillages/aiguillages/msg/detail/capteurs__struct.hpp\n'}
[8.552165] (aiguillages) StdoutLine: {'line': b'-- Installing: /home/user/celluleflexible_en_cours_ROS2/celluleflexible/ros_ws/install/aiguillages/include/aiguillages/aiguillages/msg/msg_sensor_state.hpp\n'}
[8.552266] (aiguillages) StdoutLine: {'line': b'-- Up-to-date: /home/user/celluleflexible_en_cours_ROS2/celluleflexible/ros_ws/install/aiguillages/include/aiguillages/aiguillages\n'}
[8.552296] (aiguillages) StdoutLine: {'line': b'-- Up-to-date: /home/user/celluleflexible_en_cours_ROS2/celluleflexible/ros_ws/install/aiguillages/include/aiguillages/aiguillages/msg\n'}
[8.552325] (aiguillages) StdoutLine: {'line': b'-- Up-to-date: /home/user/celluleflexible_en_cours_ROS2/celluleflexible/ros_ws/install/aiguillages/include/aiguillages/aiguillages/msg/detail\n'}
[8.552354] (aiguillages) StdoutLine: {'line': b'-- Installing: /home/user/celluleflexible_en_cours_ROS2/celluleflexible/ros_ws/install/aiguillages/include/aiguillages/aiguillages/msg/detail/capteurs__rosidl_typesupport_fastrtps_cpp.hpp\n'}
[8.552378] (aiguillages) StdoutLine: {'line': b'-- Installing: /home/user/celluleflexible_en_cours_ROS2/celluleflexible/ros_ws/install/aiguillages/include/aiguillages/aiguillages/msg/detail/exchange_sh__rosidl_typesupport_fastrtps_cpp.hpp\n'}
[8.552404] (aiguillages) StdoutLine: {'line': b'-- Installing: /home/user/celluleflexible_en_cours_ROS2/celluleflexible/ros_ws/install/aiguillages/include/aiguillages/aiguillages/msg/detail/msg_sensor_state__rosidl_typesupport_fastrtps_cpp.hpp\n'}
[8.552485] (aiguillages) StdoutLine: {'line': b'-- Installing: /home/user/celluleflexible_en_cours_ROS2/celluleflexible/ros_ws/install/aiguillages/include/aiguillages/aiguillages/msg/detail/dds_fastrtps\n'}
[8.552510] (aiguillages) StdoutLine: {'line': b'-- Installing: /home/user/celluleflexible_en_cours_ROS2/celluleflexible/ros_ws/install/aiguillages/include/aiguillages/aiguillages/msg/detail/actionneurs__rosidl_typesupport_fastrtps_cpp.hpp\n'}
[8.552533] (aiguillages) StdoutLine: {'line': b'-- Installing: /home/user/celluleflexible_en_cours_ROS2/celluleflexible/ros_ws/install/aiguillages/include/aiguillages/aiguillages/msg/rosidl_typesupport_fastrtps_cpp__visibility_control.h\n'}
[8.552555] (aiguillages) StdoutLine: {'line': b'-- Installing: /home/user/celluleflexible_en_cours_ROS2/celluleflexible/ros_ws/install/aiguillages/lib/libaiguillages__rosidl_typesupport_fastrtps_cpp.so\n'}
[8.552576] (aiguillages) StdoutLine: {'line': b'-- Set non-toolchain portion of runtime path of "/home/user/celluleflexible_en_cours_ROS2/celluleflexible/ros_ws/install/aiguillages/lib/libaiguillages__rosidl_typesupport_fastrtps_cpp.so" to ""\n'}
[8.552599] (aiguillages) StdoutLine: {'line': b'-- Up-to-date: /home/user/celluleflexible_en_cours_ROS2/celluleflexible/ros_ws/install/aiguillages/include/aiguillages/aiguillages\n'}
[8.552658] (aiguillages) StdoutLine: {'line': b'-- Up-to-date: /home/user/celluleflexible_en_cours_ROS2/celluleflexible/ros_ws/install/aiguillages/include/aiguillages/aiguillages/msg\n'}
[8.552686] (aiguillages) StdoutLine: {'line': b'-- Installing: /home/user/celluleflexible_en_cours_ROS2/celluleflexible/ros_ws/install/aiguillages/include/aiguillages/aiguillages/msg/rosidl_typesupport_introspection_c__visibility_control.h\n'}
[8.552709] (aiguillages) StdoutLine: {'line': b'-- Up-to-date: /home/user/celluleflexible_en_cours_ROS2/celluleflexible/ros_ws/install/aiguillages/include/aiguillages/aiguillages/msg/detail\n'}
[8.552733] (aiguillages) StdoutLine: {'line': b'-- Installing: /home/user/celluleflexible_en_cours_ROS2/celluleflexible/ros_ws/install/aiguillages/include/aiguillages/aiguillages/msg/detail/actionneurs__rosidl_typesupport_introspection_c.h\n'}
[8.552814] (aiguillages) StdoutLine: {'line': b'-- Installing: /home/user/celluleflexible_en_cours_ROS2/celluleflexible/ros_ws/install/aiguillages/include/aiguillages/aiguillages/msg/detail/msg_sensor_state__rosidl_typesupport_introspection_c.h\n'}
[8.552841] (aiguillages) StdoutLine: {'line': b'-- Up-to-date: /home/user/celluleflexible_en_cours_ROS2/celluleflexible/ros_ws/install/aiguillages/include/aiguillages/aiguillages/msg/detail/capteurs__type_support.c\n'}
[8.552868] (aiguillages) StdoutLine: {'line': b'-- Installing: /home/user/celluleflexible_en_cours_ROS2/celluleflexible/ros_ws/install/aiguillages/include/aiguillages/aiguillages/msg/detail/capteurs__rosidl_typesupport_introspection_c.h\n'}
[8.553020] (aiguillages) StdoutLine: {'line': b'-- Up-to-date: /home/user/celluleflexible_en_cours_ROS2/celluleflexible/ros_ws/install/aiguillages/include/aiguillages/aiguillages/msg/detail/actionneurs__type_support.c\n'}
[8.553059] (aiguillages) StdoutLine: {'line': b'-- Up-to-date: /home/user/celluleflexible_en_cours_ROS2/celluleflexible/ros_ws/install/aiguillages/include/aiguillages/aiguillages/msg/detail/msg_sensor_state__type_support.c\n'}
[8.553089] (aiguillages) StdoutLine: {'line': b'-- Installing: /home/user/celluleflexible_en_cours_ROS2/celluleflexible/ros_ws/install/aiguillages/include/aiguillages/aiguillages/msg/detail/exchange_sh__rosidl_typesupport_introspection_c.h\n'}
[8.553370] (aiguillages) StdoutLine: {'line': b'-- Up-to-date: /home/user/celluleflexible_en_cours_ROS2/celluleflexible/ros_ws/install/aiguillages/include/aiguillages/aiguillages/msg/detail/exchange_sh__type_support.c\n'}
[8.553463] (aiguillages) StdoutLine: {'line': b'-- Installing: /home/user/celluleflexible_en_cours_ROS2/celluleflexible/ros_ws/install/aiguillages/lib/libaiguillages__rosidl_typesupport_introspection_c.so\n'}
[8.553498] (aiguillages) StdoutLine: {'line': b'-- Set non-toolchain portion of runtime path of "/home/user/celluleflexible_en_cours_ROS2/celluleflexible/ros_ws/install/aiguillages/lib/libaiguillages__rosidl_typesupport_introspection_c.so" to ""\n'}
[8.553526] (aiguillages) StdoutLine: {'line': b'-- Installing: /home/user/celluleflexible_en_cours_ROS2/celluleflexible/ros_ws/install/aiguillages/lib/libaiguillages__rosidl_typesupport_c.so\n'}
[8.553551] (aiguillages) StdoutLine: {'line': b'-- Set non-toolchain portion of runtime path of "/home/user/celluleflexible_en_cours_ROS2/celluleflexible/ros_ws/install/aiguillages/lib/libaiguillages__rosidl_typesupport_c.so" to ""\n'}
[8.553575] (aiguillages) StdoutLine: {'line': b'-- Up-to-date: /home/user/celluleflexible_en_cours_ROS2/celluleflexible/ros_ws/install/aiguillages/include/aiguillages/aiguillages\n'}
[8.553598] (aiguillages) StdoutLine: {'line': b'-- Up-to-date: /home/user/celluleflexible_en_cours_ROS2/celluleflexible/ros_ws/install/aiguillages/include/aiguillages/aiguillages/msg\n'}
[8.553692] (aiguillages) StdoutLine: {'line': b'-- Up-to-date: /home/user/celluleflexible_en_cours_ROS2/celluleflexible/ros_ws/install/aiguillages/include/aiguillages/aiguillages/msg/detail\n'}
[8.553796] (aiguillages) StdoutLine: {'line': b'-- Installing: /home/user/celluleflexible_en_cours_ROS2/celluleflexible/ros_ws/install/aiguillages/include/aiguillages/aiguillages/msg/detail/actionneurs__rosidl_typesupport_introspection_cpp.hpp\n'}
[8.553836] (aiguillages) StdoutLine: {'line': b'-- Installing: /home/user/celluleflexible_en_cours_ROS2/celluleflexible/ros_ws/install/aiguillages/include/aiguillages/aiguillages/msg/detail/capteurs__rosidl_typesupport_introspection_cpp.hpp\n'}
[8.554018] (aiguillages) StdoutLine: {'line': b'-- Installing: /home/user/celluleflexible_en_cours_ROS2/celluleflexible/ros_ws/install/aiguillages/include/aiguillages/aiguillages/msg/detail/exchange_sh__rosidl_typesupport_introspection_cpp.hpp\n'}
[8.554045] (aiguillages) StdoutLine: {'line': b'-- Installing: /home/user/celluleflexible_en_cours_ROS2/celluleflexible/ros_ws/install/aiguillages/include/aiguillages/aiguillages/msg/detail/capteurs__type_support.cpp\n'}
[8.554237] (aiguillages) StdoutLine: {'line': b'-- Installing: /home/user/celluleflexible_en_cours_ROS2/celluleflexible/ros_ws/install/aiguillages/include/aiguillages/aiguillages/msg/detail/msg_sensor_state__type_support.cpp\n'}
[8.554267] (aiguillages) StdoutLine: {'line': b'-- Installing: /home/user/celluleflexible_en_cours_ROS2/celluleflexible/ros_ws/install/aiguillages/include/aiguillages/aiguillages/msg/detail/exchange_sh__type_support.cpp\n'}
[8.554340] (aiguillages) StdoutLine: {'line': b'-- Installing: /home/user/celluleflexible_en_cours_ROS2/celluleflexible/ros_ws/install/aiguillages/include/aiguillages/aiguillages/msg/detail/actionneurs__type_support.cpp\n'}
[8.554381] (aiguillages) StdoutLine: {'line': b'-- Installing: /home/user/celluleflexible_en_cours_ROS2/celluleflexible/ros_ws/install/aiguillages/include/aiguillages/aiguillages/msg/detail/msg_sensor_state__rosidl_typesupport_introspection_cpp.hpp\n'}
[8.554405] (aiguillages) StdoutLine: {'line': b'-- Installing: /home/user/celluleflexible_en_cours_ROS2/celluleflexible/ros_ws/install/aiguillages/lib/libaiguillages__rosidl_typesupport_introspection_cpp.so\n'}
[8.554430] (aiguillages) StdoutLine: {'line': b'-- Set non-toolchain portion of runtime path of "/home/user/celluleflexible_en_cours_ROS2/celluleflexible/ros_ws/install/aiguillages/lib/libaiguillages__rosidl_typesupport_introspection_cpp.so" to ""\n'}
[8.554454] (aiguillages) StdoutLine: {'line': b'-- Installing: /home/user/celluleflexible_en_cours_ROS2/celluleflexible/ros_ws/install/aiguillages/lib/libaiguillages__rosidl_typesupport_cpp.so\n'}
[8.554478] (aiguillages) StdoutLine: {'line': b'-- Set non-toolchain portion of runtime path of "/home/user/celluleflexible_en_cours_ROS2/celluleflexible/ros_ws/install/aiguillages/lib/libaiguillages__rosidl_typesupport_cpp.so" to ""\n'}
[8.554501] (aiguillages) StdoutLine: {'line': b'-- Installing: /home/user/celluleflexible_en_cours_ROS2/celluleflexible/ros_ws/install/aiguillages/share/aiguillages/environment/pythonpath.sh\n'}
[8.554525] (aiguillages) StdoutLine: {'line': b'-- Installing: /home/user/celluleflexible_en_cours_ROS2/celluleflexible/ros_ws/install/aiguillages/share/aiguillages/environment/pythonpath.dsv\n'}
[8.554548] (aiguillages) StdoutLine: {'line': b'-- Installing: /home/user/celluleflexible_en_cours_ROS2/celluleflexible/ros_ws/install/aiguillages/lib/python3.12/site-packages/aiguillages-3.1.2-py3.12.egg-info\n'}
[8.554683] (aiguillages) StdoutLine: {'line': b'-- Installing: /home/user/celluleflexible_en_cours_ROS2/celluleflexible/ros_ws/install/aiguillages/lib/python3.12/site-packages/aiguillages-3.1.2-py3.12.egg-info/SOURCES.txt\n'}
[8.554768] (aiguillages) StdoutLine: {'line': b'-- Installing: /home/user/celluleflexible_en_cours_ROS2/celluleflexible/ros_ws/install/aiguillages/lib/python3.12/site-packages/aiguillages-3.1.2-py3.12.egg-info/top_level.txt\n'}
[8.554805] (aiguillages) StdoutLine: {'line': b'-- Installing: /home/user/celluleflexible_en_cours_ROS2/celluleflexible/ros_ws/install/aiguillages/lib/python3.12/site-packages/aiguillages-3.1.2-py3.12.egg-info/PKG-INFO\n'}
[8.554829] (aiguillages) StdoutLine: {'line': b'-- Installing: /home/user/celluleflexible_en_cours_ROS2/celluleflexible/ros_ws/install/aiguillages/lib/python3.12/site-packages/aiguillages-3.1.2-py3.12.egg-info/dependency_links.txt\n'}
[8.554852] (aiguillages) StdoutLine: {'line': b'-- Installing: /home/user/celluleflexible_en_cours_ROS2/celluleflexible/ros_ws/install/aiguillages/lib/python3.12/site-packages/aiguillages\n'}
[8.555773] (aiguillages) StdoutLine: {'line': b'-- Installing: /home/user/celluleflexible_en_cours_ROS2/celluleflexible/ros_ws/install/aiguillages/lib/python3.12/site-packages/aiguillages/_aiguillages_s.ep.rosidl_typesupport_introspection_c.c\n'}
[8.555812] (aiguillages) StdoutLine: {'line': b'-- Installing: /home/user/celluleflexible_en_cours_ROS2/celluleflexible/ros_ws/install/aiguillages/lib/python3.12/site-packages/aiguillages/msg\n'}
[8.555843] (aiguillages) StdoutLine: {'line': b'-- Installing: /home/user/celluleflexible_en_cours_ROS2/celluleflexible/ros_ws/install/aiguillages/lib/python3.12/site-packages/aiguillages/msg/__init__.py\n'}
[8.556165] (aiguillages) StdoutLine: {'line': b'-- Installing: /home/user/celluleflexible_en_cours_ROS2/celluleflexible/ros_ws/install/aiguillages/lib/python3.12/site-packages/aiguillages/msg/_exchange_sh_s.c\n'}
[8.556230] (aiguillages) StdoutLine: {'line': b'-- Installing: /home/user/celluleflexible_en_cours_ROS2/celluleflexible/ros_ws/install/aiguillages/lib/python3.12/site-packages/aiguillages/msg/_actionneurs.py\n'}
[8.556264] (aiguillages) StdoutLine: {'line': b'-- Installing: /home/user/celluleflexible_en_cours_ROS2/celluleflexible/ros_ws/install/aiguillages/lib/python3.12/site-packages/aiguillages/msg/_msg_sensor_state.py\n'}
[8.556293] (aiguillages) StdoutLine: {'line': b'-- Installing: /home/user/celluleflexible_en_cours_ROS2/celluleflexible/ros_ws/install/aiguillages/lib/python3.12/site-packages/aiguillages/msg/_exchange_sh.py\n'}
[8.556320] (aiguillages) StdoutLine: {'line': b'-- Installing: /home/user/celluleflexible_en_cours_ROS2/celluleflexible/ros_ws/install/aiguillages/lib/python3.12/site-packages/aiguillages/msg/_capteurs.py\n'}
[8.556347] (aiguillages) StdoutLine: {'line': b'-- Installing: /home/user/celluleflexible_en_cours_ROS2/celluleflexible/ros_ws/install/aiguillages/lib/python3.12/site-packages/aiguillages/msg/_capteurs_s.c\n'}
[8.556371] (aiguillages) StdoutLine: {'line': b'-- Installing: /home/user/celluleflexible_en_cours_ROS2/celluleflexible/ros_ws/install/aiguillages/lib/python3.12/site-packages/aiguillages/msg/_actionneurs_s.c\n'}
[8.556395] (aiguillages) StdoutLine: {'line': b'-- Installing: /home/user/celluleflexible_en_cours_ROS2/celluleflexible/ros_ws/install/aiguillages/lib/python3.12/site-packages/aiguillages/msg/_msg_sensor_state_s.c\n'}
[8.556418] (aiguillages) StdoutLine: {'line': b'-- Installing: /home/user/celluleflexible_en_cours_ROS2/celluleflexible/ros_ws/install/aiguillages/lib/python3.12/site-packages/aiguillages/__init__.py\n'}
[8.556441] (aiguillages) StdoutLine: {'line': b'-- Installing: /home/user/celluleflexible_en_cours_ROS2/celluleflexible/ros_ws/install/aiguillages/lib/python3.12/site-packages/aiguillages/_aiguillages_s.ep.rosidl_typesupport_fastrtps_c.c\n'}
[8.556464] (aiguillages) StdoutLine: {'line': b'-- Installing: /home/user/celluleflexible_en_cours_ROS2/celluleflexible/ros_ws/install/aiguillages/lib/python3.12/site-packages/aiguillages/aiguillages_s__rosidl_typesupport_c.so\n'}
[8.556641] (aiguillages) StdoutLine: {'line': b'-- Installing: /home/user/celluleflexible_en_cours_ROS2/celluleflexible/ros_ws/install/aiguillages/lib/python3.12/site-packages/aiguillages/aiguillages_s__rosidl_typesupport_introspection_c.so\n'}
[8.556694] (aiguillages) StdoutLine: {'line': b'-- Installing: /home/user/celluleflexible_en_cours_ROS2/celluleflexible/ros_ws/install/aiguillages/lib/python3.12/site-packages/aiguillages/_aiguillages_s.ep.rosidl_typesupport_c.c\n'}
[8.556725] (aiguillages) StdoutLine: {'line': b'-- Installing: /home/user/celluleflexible_en_cours_ROS2/celluleflexible/ros_ws/install/aiguillages/lib/python3.12/site-packages/aiguillages/aiguillages_s__rosidl_typesupport_fastrtps_c.so\n'}
[8.580284] (aiguillages) StdoutLine: {'line': b"Listing '/home/user/celluleflexible_en_cours_ROS2/celluleflexible/ros_ws/install/aiguillages/lib/python3.12/site-packages/aiguillages'...\n"}
[8.580383] (aiguillages) StdoutLine: {'line': b"Compiling '/home/user/celluleflexible_en_cours_ROS2/celluleflexible/ros_ws/install/aiguillages/lib/python3.12/site-packages/aiguillages/__init__.py'...\n"}
[8.580417] (aiguillages) StdoutLine: {'line': b"Listing '/home/user/celluleflexible_en_cours_ROS2/celluleflexible/ros_ws/install/aiguillages/lib/python3.12/site-packages/aiguillages/msg'...\n"}
[8.580445] (aiguillages) StdoutLine: {'line': b"Compiling '/home/user/celluleflexible_en_cours_ROS2/celluleflexible/ros_ws/install/aiguillages/lib/python3.12/site-packages/aiguillages/msg/__init__.py'...\n"}
[8.580471] (aiguillages) StdoutLine: {'line': b"Compiling '/home/user/celluleflexible_en_cours_ROS2/celluleflexible/ros_ws/install/aiguillages/lib/python3.12/site-packages/aiguillages/msg/_actionneurs.py'...\n"}
[8.580496] (aiguillages) StdoutLine: {'line': b"Compiling '/home/user/celluleflexible_en_cours_ROS2/celluleflexible/ros_ws/install/aiguillages/lib/python3.12/site-packages/aiguillages/msg/_capteurs.py'...\n"}
[8.580520] (aiguillages) StdoutLine: {'line': b"Compiling '/home/user/celluleflexible_en_cours_ROS2/celluleflexible/ros_ws/install/aiguillages/lib/python3.12/site-packages/aiguillages/msg/_exchange_sh.py'...\n"}
[8.580545] (aiguillages) StdoutLine: {'line': b"Compiling '/home/user/celluleflexible_en_cours_ROS2/celluleflexible/ros_ws/install/aiguillages/lib/python3.12/site-packages/aiguillages/msg/_msg_sensor_state.py'...\n"}
[8.584012] (-) TimerEvent: {}
[8.584937] (aiguillages) StdoutLine: {'line': b'-- Installing: /home/user/celluleflexible_en_cours_ROS2/celluleflexible/ros_ws/install/aiguillages/lib/python3.12/site-packages/aiguillages/aiguillages_s__rosidl_typesupport_fastrtps_c.so\n'}
[8.585087] (aiguillages) StdoutLine: {'line': b'-- Set non-toolchain portion of runtime path of "/home/user/celluleflexible_en_cours_ROS2/celluleflexible/ros_ws/install/aiguillages/lib/python3.12/site-packages/aiguillages/aiguillages_s__rosidl_typesupport_fastrtps_c.so" to ""\n'}
[8.585240] (aiguillages) StdoutLine: {'line': b'-- Installing: /home/user/celluleflexible_en_cours_ROS2/celluleflexible/ros_ws/install/aiguillages/lib/python3.12/site-packages/aiguillages/aiguillages_s__rosidl_typesupport_introspection_c.so\n'}
[8.585422] (aiguillages) StdoutLine: {'line': b'-- Set non-toolchain portion of runtime path of "/home/user/celluleflexible_en_cours_ROS2/celluleflexible/ros_ws/install/aiguillages/lib/python3.12/site-packages/aiguillages/aiguillages_s__rosidl_typesupport_introspection_c.so" to ""\n'}
[8.585565] (aiguillages) StdoutLine: {'line': b'-- Installing: /home/user/celluleflexible_en_cours_ROS2/celluleflexible/ros_ws/install/aiguillages/lib/python3.12/site-packages/aiguillages/aiguillages_s__rosidl_typesupport_c.so\n'}
[8.585728] (aiguillages) StdoutLine: {'line': b'-- Set non-toolchain portion of runtime path of "/home/user/celluleflexible_en_cours_ROS2/celluleflexible/ros_ws/install/aiguillages/lib/python3.12/site-packages/aiguillages/aiguillages_s__rosidl_typesupport_c.so" to ""\n'}
[8.585843] (aiguillages) StdoutLine: {'line': b'-- Installing: /home/user/celluleflexible_en_cours_ROS2/celluleflexible/ros_ws/install/aiguillages/lib/libaiguillages__rosidl_generator_py.so\n'}
[8.586164] (aiguillages) StdoutLine: {'line': b'-- Set non-toolchain portion of runtime path of "/home/user/celluleflexible_en_cours_ROS2/celluleflexible/ros_ws/install/aiguillages/lib/libaiguillages__rosidl_generator_py.so" to ""\n'}
[8.586324] (aiguillages) StdoutLine: {'line': b'-- Installing: /home/user/celluleflexible_en_cours_ROS2/celluleflexible/ros_ws/install/aiguillages/share/aiguillages/msg/Capteurs.idl\n'}
[8.586360] (aiguillages) StdoutLine: {'line': b'-- Installing: /home/user/celluleflexible_en_cours_ROS2/celluleflexible/ros_ws/install/aiguillages/share/aiguillages/msg/Actionneurs.idl\n'}
[8.586388] (aiguillages) StdoutLine: {'line': b'-- Installing: /home/user/celluleflexible_en_cours_ROS2/celluleflexible/ros_ws/install/aiguillages/share/aiguillages/msg/ExchangeSh.idl\n'}
[8.586432] (aiguillages) StdoutLine: {'line': b'-- Installing: /home/user/celluleflexible_en_cours_ROS2/celluleflexible/ros_ws/install/aiguillages/share/aiguillages/msg/MsgSensorState.idl\n'}
[8.586461] (aiguillages) StdoutLine: {'line': b'-- Installing: /home/user/celluleflexible_en_cours_ROS2/celluleflexible/ros_ws/install/aiguillages/share/aiguillages/msg/Capteurs.msg\n'}
[8.586633] (aiguillages) StdoutLine: {'line': b'-- Installing: /home/user/celluleflexible_en_cours_ROS2/celluleflexible/ros_ws/install/aiguillages/share/aiguillages/msg/Actionneurs.msg\n'}
[8.586748] (aiguillages) StdoutLine: {'line': b'-- Installing: /home/user/celluleflexible_en_cours_ROS2/celluleflexible/ros_ws/install/aiguillages/share/aiguillages/msg/ExchangeSh.msg\n'}
[8.586778] (aiguillages) StdoutLine: {'line': b'-- Installing: /home/user/celluleflexible_en_cours_ROS2/celluleflexible/ros_ws/install/aiguillages/share/aiguillages/msg/MsgSensorState.msg\n'}
[8.586805] (aiguillages) StdoutLine: {'line': b'-- Installing: /home/user/celluleflexible_en_cours_ROS2/celluleflexible/ros_ws/install/aiguillages/lib/aiguillages/run_Aiguillage\n'}
[8.591286] (aiguillages) StdoutLine: {'line': b'-- Set non-toolchain portion of runtime path of "/home/user/celluleflexible_en_cours_ROS2/celluleflexible/ros_ws/install/aiguillages/lib/aiguillages/run_Aiguillage" to ""\n'}
[8.591446] (aiguillages) StdoutLine: {'line': b'-- Installing: /home/user/celluleflexible_en_cours_ROS2/celluleflexible/ros_ws/install/aiguillages/share/ament_index/resource_index/package_run_dependencies/aiguillages\n'}
[8.591578] (aiguillages) StdoutLine: {'line': b'-- Installing: /home/user/celluleflexible_en_cours_ROS2/celluleflexible/ros_ws/install/aiguillages/share/ament_index/resource_index/parent_prefix_path/aiguillages\n'}
[8.591635] (aiguillages) StdoutLine: {'line': b'-- Installing: /home/user/celluleflexible_en_cours_ROS2/celluleflexible/ros_ws/install/aiguillages/share/aiguillages/environment/ament_prefix_path.sh\n'}
[8.591667] (aiguillages) StdoutLine: {'line': b'-- Installing: /home/user/celluleflexible_en_cours_ROS2/celluleflexible/ros_ws/install/aiguillages/share/aiguillages/environment/ament_prefix_path.dsv\n'}
[8.591705] (aiguillages) StdoutLine: {'line': b'-- Installing: /home/user/celluleflexible_en_cours_ROS2/celluleflexible/ros_ws/install/aiguillages/share/aiguillages/environment/path.sh\n'}
[8.591734] (aiguillages) StdoutLine: {'line': b'-- Installing: /home/user/celluleflexible_en_cours_ROS2/celluleflexible/ros_ws/install/aiguillages/share/aiguillages/environment/path.dsv\n'}
[8.591828] (aiguillages) StdoutLine: {'line': b'-- Installing: /home/user/celluleflexible_en_cours_ROS2/celluleflexible/ros_ws/install/aiguillages/share/aiguillages/local_setup.bash\n'}
[8.591920] (aiguillages) StdoutLine: {'line': b'-- Installing: /home/user/celluleflexible_en_cours_ROS2/celluleflexible/ros_ws/install/aiguillages/share/aiguillages/local_setup.sh\n'}
[8.592127] (aiguillages) StdoutLine: {'line': b'-- Installing: /home/user/celluleflexible_en_cours_ROS2/celluleflexible/ros_ws/install/aiguillages/share/aiguillages/local_setup.zsh\n'}
[8.592176] (aiguillages) StdoutLine: {'line': b'-- Installing: /home/user/celluleflexible_en_cours_ROS2/celluleflexible/ros_ws/install/aiguillages/share/aiguillages/local_setup.dsv\n'}
[8.592262] (aiguillages) StdoutLine: {'line': b'-- Installing: /home/user/celluleflexible_en_cours_ROS2/celluleflexible/ros_ws/install/aiguillages/share/aiguillages/package.dsv\n'}
[8.592491] (aiguillages) StdoutLine: {'line': b'-- Installing: /home/user/celluleflexible_en_cours_ROS2/celluleflexible/ros_ws/install/aiguillages/share/ament_index/resource_index/packages/aiguillages\n'}
[8.592615] (aiguillages) StdoutLine: {'line': b'-- Installing: /home/user/celluleflexible_en_cours_ROS2/celluleflexible/ros_ws/install/aiguillages/share/aiguillages/cmake/export_aiguillages__rosidl_generator_cExport.cmake\n'}
[8.592663] (aiguillages) StdoutLine: {'line': b'-- Installing: /home/user/celluleflexible_en_cours_ROS2/celluleflexible/ros_ws/install/aiguillages/share/aiguillages/cmake/export_aiguillages__rosidl_generator_cExport-noconfig.cmake\n'}
[8.592806] (aiguillages) StdoutLine: {'line': b'-- Installing: /home/user/celluleflexible_en_cours_ROS2/celluleflexible/ros_ws/install/aiguillages/share/aiguillages/cmake/export_aiguillages__rosidl_typesupport_fastrtps_cExport.cmake\n'}
[8.592916] (aiguillages) StdoutLine: {'line': b'-- Installing: /home/user/celluleflexible_en_cours_ROS2/celluleflexible/ros_ws/install/aiguillages/share/aiguillages/cmake/export_aiguillages__rosidl_typesupport_fastrtps_cExport-noconfig.cmake\n'}
[8.592953] (aiguillages) StdoutLine: {'line': b'-- Installing: /home/user/celluleflexible_en_cours_ROS2/celluleflexible/ros_ws/install/aiguillages/share/aiguillages/cmake/export_aiguillages__rosidl_generator_cppExport.cmake\n'}
[8.593298] (aiguillages) StdoutLine: {'line': b'-- Installing: /home/user/celluleflexible_en_cours_ROS2/celluleflexible/ros_ws/install/aiguillages/share/aiguillages/cmake/export_aiguillages__rosidl_typesupport_fastrtps_cppExport.cmake\n'}
[8.593341] (aiguillages) StdoutLine: {'line': b'-- Installing: /home/user/celluleflexible_en_cours_ROS2/celluleflexible/ros_ws/install/aiguillages/share/aiguillages/cmake/export_aiguillages__rosidl_typesupport_fastrtps_cppExport-noconfig.cmake\n'}
[8.593893] (aiguillages) StdoutLine: {'line': b'-- Installing: /home/user/celluleflexible_en_cours_ROS2/celluleflexible/ros_ws/install/aiguillages/share/aiguillages/cmake/aiguillages__rosidl_typesupport_introspection_cExport.cmake\n'}
[8.593947] (aiguillages) StdoutLine: {'line': b'-- Installing: /home/user/celluleflexible_en_cours_ROS2/celluleflexible/ros_ws/install/aiguillages/share/aiguillages/cmake/aiguillages__rosidl_typesupport_introspection_cExport-noconfig.cmake\n'}
[8.594779] (aiguillages) StdoutLine: {'line': b'-- Installing: /home/user/celluleflexible_en_cours_ROS2/celluleflexible/ros_ws/install/aiguillages/share/aiguillages/cmake/aiguillages__rosidl_typesupport_cExport.cmake\n'}
[8.594918] (aiguillages) StdoutLine: {'line': b'-- Installing: /home/user/celluleflexible_en_cours_ROS2/celluleflexible/ros_ws/install/aiguillages/share/aiguillages/cmake/aiguillages__rosidl_typesupport_cExport-noconfig.cmake\n'}
[8.594963] (aiguillages) StdoutLine: {'line': b'-- Installing: /home/user/celluleflexible_en_cours_ROS2/celluleflexible/ros_ws/install/aiguillages/share/aiguillages/cmake/aiguillages__rosidl_typesupport_introspection_cppExport.cmake\n'}
[8.595091] (aiguillages) StdoutLine: {'line': b'-- Installing: /home/user/celluleflexible_en_cours_ROS2/celluleflexible/ros_ws/install/aiguillages/share/aiguillages/cmake/aiguillages__rosidl_typesupport_introspection_cppExport-noconfig.cmake\n'}
[8.595130] (aiguillages) StdoutLine: {'line': b'-- Installing: /home/user/celluleflexible_en_cours_ROS2/celluleflexible/ros_ws/install/aiguillages/share/aiguillages/cmake/aiguillages__rosidl_typesupport_cppExport.cmake\n'}
[8.595160] (aiguillages) StdoutLine: {'line': b'-- Installing: /home/user/celluleflexible_en_cours_ROS2/celluleflexible/ros_ws/install/aiguillages/share/aiguillages/cmake/aiguillages__rosidl_typesupport_cppExport-noconfig.cmake\n'}
[8.595222] (aiguillages) StdoutLine: {'line': b'-- Installing: /home/user/celluleflexible_en_cours_ROS2/celluleflexible/ros_ws/install/aiguillages/share/aiguillages/cmake/export_aiguillages__rosidl_generator_pyExport.cmake\n'}
[8.595286] (aiguillages) StdoutLine: {'line': b'-- Installing: /home/user/celluleflexible_en_cours_ROS2/celluleflexible/ros_ws/install/aiguillages/share/aiguillages/cmake/export_aiguillages__rosidl_generator_pyExport-noconfig.cmake\n'}
[8.595376] (aiguillages) StdoutLine: {'line': b'-- Installing: /home/user/celluleflexible_en_cours_ROS2/celluleflexible/ros_ws/install/aiguillages/share/aiguillages/cmake/rosidl_cmake-extras.cmake\n'}
[8.595493] (aiguillages) StdoutLine: {'line': b'-- Installing: /home/user/celluleflexible_en_cours_ROS2/celluleflexible/ros_ws/install/aiguillages/share/aiguillages/cmake/ament_cmake_export_dependencies-extras.cmake\n'}
[8.595532] (aiguillages) StdoutLine: {'line': b'-- Installing: /home/user/celluleflexible_en_cours_ROS2/celluleflexible/ros_ws/install/aiguillages/share/aiguillages/cmake/ament_cmake_export_include_directories-extras.cmake\n'}
[8.595556] (aiguillages) StdoutLine: {'line': b'-- Installing: /home/user/celluleflexible_en_cours_ROS2/celluleflexible/ros_ws/install/aiguillages/share/aiguillages/cmake/ament_cmake_export_libraries-extras.cmake\n'}
[8.595579] (aiguillages) StdoutLine: {'line': b'-- Installing: /home/user/celluleflexible_en_cours_ROS2/celluleflexible/ros_ws/install/aiguillages/share/aiguillages/cmake/ament_cmake_export_targets-extras.cmake\n'}
[8.595639] (aiguillages) StdoutLine: {'line': b'-- Installing: /home/user/celluleflexible_en_cours_ROS2/celluleflexible/ros_ws/install/aiguillages/share/aiguillages/cmake/rosidl_cmake_export_typesupport_targets-extras.cmake\n'}
[8.595702] (aiguillages) StdoutLine: {'line': b'-- Installing: /home/user/celluleflexible_en_cours_ROS2/celluleflexible/ros_ws/install/aiguillages/share/aiguillages/cmake/rosidl_cmake_export_typesupport_libraries-extras.cmake\n'}
[8.595822] (aiguillages) StdoutLine: {'line': b'-- Installing: /home/user/celluleflexible_en_cours_ROS2/celluleflexible/ros_ws/install/aiguillages/share/aiguillages/cmake/aiguillagesConfig.cmake\n'}
[8.596367] (aiguillages) StdoutLine: {'line': b'-- Installing: /home/user/celluleflexible_en_cours_ROS2/celluleflexible/ros_ws/install/aiguillages/share/aiguillages/cmake/aiguillagesConfig-version.cmake\n'}
[8.596418] (aiguillages) StdoutLine: {'line': b'-- Installing: /home/user/celluleflexible_en_cours_ROS2/celluleflexible/ros_ws/install/aiguillages/share/aiguillages/package.xml\n'}
[8.598262] (aiguillages) CommandEnded: {'returncode': 0}
[8.611909] (aiguillages) JobEnded: {'identifier': 'aiguillages', 'rc': 0}
[8.613097] (commande_locale) JobStarted: {'identifier': 'commande_locale'}
[8.614888] (shuttles) JobStarted: {'identifier': 'shuttles'}
[8.623120] (commande_locale) JobProgress: {'identifier': 'commande_locale', 'progress': 'cmake'}
[8.623727] (commande_locale) Command: {'cmd': ['/usr/bin/cmake', '/home/user/celluleflexible_en_cours_ROS2/celluleflexible/ros_ws/src/commande_locale', '-DCMAKE_INSTALL_PREFIX=/home/user/celluleflexible_en_cours_ROS2/celluleflexible/ros_ws/install/commande_locale'], 'cwd': '/home/user/celluleflexible_en_cours_ROS2/celluleflexible/ros_ws/build/commande_locale', 'env': OrderedDict({'LESSOPEN': '| /usr/bin/lesspipe %s', 'USER': 'user', 'XDG_SESSION_TYPE': 'wayland', 'SHLVL': '1', 'LD_LIBRARY_PATH': '/home/user/celluleflexible_en_cours_ROS2/celluleflexible/ros_ws/install/aiguillages/lib:/opt/ros/jazzy/opt/rviz_ogre_vendor/lib:/opt/ros/jazzy/lib/x86_64-linux-gnu:/opt/ros/jazzy/opt/gz_math_vendor/lib:/opt/ros/jazzy/opt/gz_utils_vendor/lib:/opt/ros/jazzy/opt/gz_cmake_vendor/lib:/opt/ros/jazzy/lib', 'HOME': '/home/user', 'DESKTOP_SESSION': 'ubuntu', 'ROS_PYTHON_VERSION': '3', 'GNOME_SHELL_SESSION_MODE': 'ubuntu', 'GTK_MODULES': 'gail:atk-bridge', 'DBUS_STARTER_BUS_TYPE': 'session', 'SYSTEMD_EXEC_PID': '2225', 'GSM_SKIP_SSH_AGENT_WORKAROUND': 'true', 'DBUS_SESSION_BUS_ADDRESS': 'unix:path=/run/user/1000/bus,guid=f75c24bd1d3f9e0a6c32f4fd699c0ca3', 'COLORTERM': 'truecolor', 'DEBUGINFOD_URLS': 'https://debuginfod.ubuntu.com', 'IM_CONFIG_PHASE': '1', 'WAYLAND_DISPLAY': 'wayland-0', 'ROS_DISTRO': 'jazzy', 'LOGNAME': 'user', '_': '/usr/bin/colcon', 'ROS_VERSION': '2', 'MEMORY_PRESSURE_WATCH': '/sys/fs/cgroup/user.slice/user-1000.slice/user@1000.service/app.slice/app-gnome\\x2dsession\\x2dmanager.slice/gnome-session-manager@ubuntu.service/memory.pressure', 'XDG_SESSION_CLASS': 'user', 'USERNAME': 'user', 'TERM': 'xterm-256color', 'GNOME_DESKTOP_SESSION_ID': 'this-is-deprecated', 'PATH': '/opt/ros/jazzy/bin:/usr/local/sbin:/usr/local/bin:/usr/sbin:/usr/bin:/sbin:/bin:/usr/games:/usr/local/games:/snap/bin:/snap/bin', 'SESSION_MANAGER': 'local/Ubuntu:@/tmp/.ICE-unix/2225,unix/Ubuntu:/tmp/.ICE-unix/2225', 'XDG_MENU_PREFIX': 'gnome-', 'GNOME_TERMINAL_SCREEN': '/org/gnome/Terminal/screen/fd7d161f_b0cd_4c91_9d8b_6a28dde0713a', 'GNOME_SETUP_DISPLAY': ':1', 'XDG_RUNTIME_DIR': '/run/user/1000', 'DISPLAY': ':0', 'LANG': 'en_US.UTF-8', 'XDG_CURRENT_DESKTOP': 'ubuntu:GNOME', 'XMODIFIERS': '@im=ibus', 'XDG_SESSION_DESKTOP': 'ubuntu', 'XAUTHORITY': '/run/user/1000/.mutter-Xwaylandauth.5JJ1K3', 'LS_COLORS': 'rs=0:di=01;34:ln=01;36:mh=00:pi=40;33:so=01;35:do=01;35:bd=40;33;01:cd=40;33;01:or=40;31;01:mi=00:su=37;41:sg=30;43:ca=00:tw=30;42:ow=34;42:st=37;44:ex=01;32:*.tar=01;31:*.tgz=01;31:*.arc=01;31:*.arj=01;31:*.taz=01;31:*.lha=01;31:*.lz4=01;31:*.lzh=01;31:*.lzma=01;31:*.tlz=01;31:*.txz=01;31:*.tzo=01;31:*.t7z=01;31:*.zip=01;31:*.z=01;31:*.dz=01;31:*.gz=01;31:*.lrz=01;31:*.lz=01;31:*.lzo=01;31:*.xz=01;31:*.zst=01;31:*.tzst=01;31:*.bz2=01;31:*.bz=01;31:*.tbz=01;31:*.tbz2=01;31:*.tz=01;31:*.deb=01;31:*.rpm=01;31:*.jar=01;31:*.war=01;31:*.ear=01;31:*.sar=01;31:*.rar=01;31:*.alz=01;31:*.ace=01;31:*.zoo=01;31:*.cpio=01;31:*.7z=01;31:*.rz=01;31:*.cab=01;31:*.wim=01;31:*.swm=01;31:*.dwm=01;31:*.esd=01;31:*.avif=01;35:*.jpg=01;35:*.jpeg=01;35:*.mjpg=01;35:*.mjpeg=01;35:*.gif=01;35:*.bmp=01;35:*.pbm=01;35:*.pgm=01;35:*.ppm=01;35:*.tga=01;35:*.xbm=01;35:*.xpm=01;35:*.tif=01;35:*.tiff=01;35:*.png=01;35:*.svg=01;35:*.svgz=01;35:*.mng=01;35:*.pcx=01;35:*.mov=01;35:*.mpg=01;35:*.mpeg=01;35:*.m2v=01;35:*.mkv=01;35:*.webm=01;35:*.webp=01;35:*.ogm=01;35:*.mp4=01;35:*.m4v=01;35:*.mp4v=01;35:*.vob=01;35:*.qt=01;35:*.nuv=01;35:*.wmv=01;35:*.asf=01;35:*.rm=01;35:*.rmvb=01;35:*.flc=01;35:*.avi=01;35:*.fli=01;35:*.flv=01;35:*.gl=01;35:*.dl=01;35:*.xcf=01;35:*.xwd=01;35:*.yuv=01;35:*.cgm=01;35:*.emf=01;35:*.ogv=01;35:*.ogx=01;35:*.aac=00;36:*.au=00;36:*.flac=00;36:*.m4a=00;36:*.mid=00;36:*.midi=00;36:*.mka=00;36:*.mp3=00;36:*.mpc=00;36:*.ogg=00;36:*.ra=00;36:*.wav=00;36:*.oga=00;36:*.opus=00;36:*.spx=00;36:*.xspf=00;36:*~=00;90:*#=00;90:*.bak=00;90:*.crdownload=00;90:*.dpkg-dist=00;90:*.dpkg-new=00;90:*.dpkg-old=00;90:*.dpkg-tmp=00;90:*.old=00;90:*.orig=00;90:*.part=00;90:*.rej=00;90:*.rpmnew=00;90:*.rpmorig=00;90:*.rpmsave=00;90:*.swp=00;90:*.tmp=00;90:*.ucf-dist=00;90:*.ucf-new=00;90:*.ucf-old=00;90:', 'GNOME_TERMINAL_SERVICE': ':1.1258', 'SSH_AUTH_SOCK': '/run/user/1000/keyring/ssh', 'AMENT_PREFIX_PATH': '/home/user/celluleflexible_en_cours_ROS2/celluleflexible/ros_ws/install/aiguillages:/opt/ros/jazzy', 'SHELL': '/bin/bash', 'QT_ACCESSIBILITY': '1', 'GDMSESSION': 'ubuntu', 'LESSCLOSE': '/usr/bin/lesspipe %s %s', 'ROS_AUTOMATIC_DISCOVERY_RANGE': 'SUBNET', 'QT_IM_MODULE': 'ibus', 'PWD': '/home/user/celluleflexible_en_cours_ROS2/celluleflexible/ros_ws/build/commande_locale', 'LC_ALL': 'en_US.UTF-8', 'XDG_CONFIG_DIRS': '/etc/xdg/xdg-ubuntu:/etc/xdg', 'DBUS_STARTER_ADDRESS': 'unix:path=/run/user/1000/bus,guid=f75c24bd1d3f9e0a6c32f4fd699c0ca3', 'XDG_DATA_DIRS': '/usr/share/ubuntu:/usr/share/gnome:/usr/local/share/:/usr/share/:/var/lib/snapd/desktop', 'PYTHONPATH': '/home/user/celluleflexible_en_cours_ROS2/celluleflexible/ros_ws/install/aiguillages/lib/python3.12/site-packages:/opt/ros/jazzy/lib/python3.12/site-packages', 'COLCON': '1', 'MEMORY_PRESSURE_WRITE': 'c29tZSAyMDAwMDAgMjAwMDAwMAA=', 'VTE_VERSION': '7600', 'CMAKE_PREFIX_PATH': '/home/user/celluleflexible_en_cours_ROS2/celluleflexible/ros_ws/install/aiguillages:/opt/ros/jazzy/opt/gz_math_vendor:/opt/ros/jazzy/opt/gz_utils_vendor:/opt/ros/jazzy/opt/gz_cmake_vendor:/opt/ros/jazzy'}), 'shell': False}
[8.626031] (shuttles) JobProgress: {'identifier': 'shuttles', 'progress': 'cmake'}
[8.626699] (shuttles) Command: {'cmd': ['/usr/bin/cmake', '/home/user/celluleflexible_en_cours_ROS2/celluleflexible/ros_ws/src/shuttles', '-DCMAKE_INSTALL_PREFIX=/home/user/celluleflexible_en_cours_ROS2/celluleflexible/ros_ws/install/shuttles'], 'cwd': '/home/user/celluleflexible_en_cours_ROS2/celluleflexible/ros_ws/build/shuttles', 'env': OrderedDict({'LESSOPEN': '| /usr/bin/lesspipe %s', 'USER': 'user', 'XDG_SESSION_TYPE': 'wayland', 'SHLVL': '1', 'LD_LIBRARY_PATH': '/home/user/celluleflexible_en_cours_ROS2/celluleflexible/ros_ws/install/aiguillages/lib:/opt/ros/jazzy/opt/rviz_ogre_vendor/lib:/opt/ros/jazzy/lib/x86_64-linux-gnu:/opt/ros/jazzy/opt/gz_math_vendor/lib:/opt/ros/jazzy/opt/gz_utils_vendor/lib:/opt/ros/jazzy/opt/gz_cmake_vendor/lib:/opt/ros/jazzy/lib', 'HOME': '/home/user', 'DESKTOP_SESSION': 'ubuntu', 'ROS_PYTHON_VERSION': '3', 'GNOME_SHELL_SESSION_MODE': 'ubuntu', 'GTK_MODULES': 'gail:atk-bridge', 'DBUS_STARTER_BUS_TYPE': 'session', 'SYSTEMD_EXEC_PID': '2225', 'GSM_SKIP_SSH_AGENT_WORKAROUND': 'true', 'DBUS_SESSION_BUS_ADDRESS': 'unix:path=/run/user/1000/bus,guid=f75c24bd1d3f9e0a6c32f4fd699c0ca3', 'COLORTERM': 'truecolor', 'DEBUGINFOD_URLS': 'https://debuginfod.ubuntu.com', 'IM_CONFIG_PHASE': '1', 'WAYLAND_DISPLAY': 'wayland-0', 'ROS_DISTRO': 'jazzy', 'LOGNAME': 'user', '_': '/usr/bin/colcon', 'ROS_VERSION': '2', 'MEMORY_PRESSURE_WATCH': '/sys/fs/cgroup/user.slice/user-1000.slice/user@1000.service/app.slice/app-gnome\\x2dsession\\x2dmanager.slice/gnome-session-manager@ubuntu.service/memory.pressure', 'XDG_SESSION_CLASS': 'user', 'USERNAME': 'user', 'TERM': 'xterm-256color', 'GNOME_DESKTOP_SESSION_ID': 'this-is-deprecated', 'PATH': '/opt/ros/jazzy/bin:/usr/local/sbin:/usr/local/bin:/usr/sbin:/usr/bin:/sbin:/bin:/usr/games:/usr/local/games:/snap/bin:/snap/bin', 'SESSION_MANAGER': 'local/Ubuntu:@/tmp/.ICE-unix/2225,unix/Ubuntu:/tmp/.ICE-unix/2225', 'XDG_MENU_PREFIX': 'gnome-', 'GNOME_TERMINAL_SCREEN': '/org/gnome/Terminal/screen/fd7d161f_b0cd_4c91_9d8b_6a28dde0713a', 'GNOME_SETUP_DISPLAY': ':1', 'XDG_RUNTIME_DIR': '/run/user/1000', 'DISPLAY': ':0', 'LANG': 'en_US.UTF-8', 'XDG_CURRENT_DESKTOP': 'ubuntu:GNOME', 'XMODIFIERS': '@im=ibus', 'XDG_SESSION_DESKTOP': 'ubuntu', 'XAUTHORITY': '/run/user/1000/.mutter-Xwaylandauth.5JJ1K3', 'LS_COLORS': 'rs=0:di=01;34:ln=01;36:mh=00:pi=40;33:so=01;35:do=01;35:bd=40;33;01:cd=40;33;01:or=40;31;01:mi=00:su=37;41:sg=30;43:ca=00:tw=30;42:ow=34;42:st=37;44:ex=01;32:*.tar=01;31:*.tgz=01;31:*.arc=01;31:*.arj=01;31:*.taz=01;31:*.lha=01;31:*.lz4=01;31:*.lzh=01;31:*.lzma=01;31:*.tlz=01;31:*.txz=01;31:*.tzo=01;31:*.t7z=01;31:*.zip=01;31:*.z=01;31:*.dz=01;31:*.gz=01;31:*.lrz=01;31:*.lz=01;31:*.lzo=01;31:*.xz=01;31:*.zst=01;31:*.tzst=01;31:*.bz2=01;31:*.bz=01;31:*.tbz=01;31:*.tbz2=01;31:*.tz=01;31:*.deb=01;31:*.rpm=01;31:*.jar=01;31:*.war=01;31:*.ear=01;31:*.sar=01;31:*.rar=01;31:*.alz=01;31:*.ace=01;31:*.zoo=01;31:*.cpio=01;31:*.7z=01;31:*.rz=01;31:*.cab=01;31:*.wim=01;31:*.swm=01;31:*.dwm=01;31:*.esd=01;31:*.avif=01;35:*.jpg=01;35:*.jpeg=01;35:*.mjpg=01;35:*.mjpeg=01;35:*.gif=01;35:*.bmp=01;35:*.pbm=01;35:*.pgm=01;35:*.ppm=01;35:*.tga=01;35:*.xbm=01;35:*.xpm=01;35:*.tif=01;35:*.tiff=01;35:*.png=01;35:*.svg=01;35:*.svgz=01;35:*.mng=01;35:*.pcx=01;35:*.mov=01;35:*.mpg=01;35:*.mpeg=01;35:*.m2v=01;35:*.mkv=01;35:*.webm=01;35:*.webp=01;35:*.ogm=01;35:*.mp4=01;35:*.m4v=01;35:*.mp4v=01;35:*.vob=01;35:*.qt=01;35:*.nuv=01;35:*.wmv=01;35:*.asf=01;35:*.rm=01;35:*.rmvb=01;35:*.flc=01;35:*.avi=01;35:*.fli=01;35:*.flv=01;35:*.gl=01;35:*.dl=01;35:*.xcf=01;35:*.xwd=01;35:*.yuv=01;35:*.cgm=01;35:*.emf=01;35:*.ogv=01;35:*.ogx=01;35:*.aac=00;36:*.au=00;36:*.flac=00;36:*.m4a=00;36:*.mid=00;36:*.midi=00;36:*.mka=00;36:*.mp3=00;36:*.mpc=00;36:*.ogg=00;36:*.ra=00;36:*.wav=00;36:*.oga=00;36:*.opus=00;36:*.spx=00;36:*.xspf=00;36:*~=00;90:*#=00;90:*.bak=00;90:*.crdownload=00;90:*.dpkg-dist=00;90:*.dpkg-new=00;90:*.dpkg-old=00;90:*.dpkg-tmp=00;90:*.old=00;90:*.orig=00;90:*.part=00;90:*.rej=00;90:*.rpmnew=00;90:*.rpmorig=00;90:*.rpmsave=00;90:*.swp=00;90:*.tmp=00;90:*.ucf-dist=00;90:*.ucf-new=00;90:*.ucf-old=00;90:', 'GNOME_TERMINAL_SERVICE': ':1.1258', 'SSH_AUTH_SOCK': '/run/user/1000/keyring/ssh', 'AMENT_PREFIX_PATH': '/home/user/celluleflexible_en_cours_ROS2/celluleflexible/ros_ws/install/aiguillages:/opt/ros/jazzy', 'SHELL': '/bin/bash', 'QT_ACCESSIBILITY': '1', 'GDMSESSION': 'ubuntu', 'LESSCLOSE': '/usr/bin/lesspipe %s %s', 'ROS_AUTOMATIC_DISCOVERY_RANGE': 'SUBNET', 'QT_IM_MODULE': 'ibus', 'PWD': '/home/user/celluleflexible_en_cours_ROS2/celluleflexible/ros_ws/build/shuttles', 'LC_ALL': 'en_US.UTF-8', 'XDG_CONFIG_DIRS': '/etc/xdg/xdg-ubuntu:/etc/xdg', 'DBUS_STARTER_ADDRESS': 'unix:path=/run/user/1000/bus,guid=f75c24bd1d3f9e0a6c32f4fd699c0ca3', 'XDG_DATA_DIRS': '/usr/share/ubuntu:/usr/share/gnome:/usr/local/share/:/usr/share/:/var/lib/snapd/desktop', 'PYTHONPATH': '/home/user/celluleflexible_en_cours_ROS2/celluleflexible/ros_ws/install/aiguillages/lib/python3.12/site-packages:/opt/ros/jazzy/lib/python3.12/site-packages', 'COLCON': '1', 'MEMORY_PRESSURE_WRITE': 'c29tZSAyMDAwMDAgMjAwMDAwMAA=', 'VTE_VERSION': '7600', 'CMAKE_PREFIX_PATH': '/home/user/celluleflexible_en_cours_ROS2/celluleflexible/ros_ws/install/aiguillages:/opt/ros/jazzy/opt/gz_math_vendor:/opt/ros/jazzy/opt/gz_utils_vendor:/opt/ros/jazzy/opt/gz_cmake_vendor:/opt/ros/jazzy'}), 'shell': False}
[8.672967] (commande_locale) StdoutLine: {'line': b'-- The C compiler identification is GNU 13.3.0\n'}
[8.673126] (shuttles) StdoutLine: {'line': b'-- The C compiler identification is GNU 13.3.0\n'}
[8.684169] (-) TimerEvent: {}
[8.720108] (shuttles) StdoutLine: {'line': b'-- The CXX compiler identification is GNU 13.3.0\n'}
[8.722665] (commande_locale) StdoutLine: {'line': b'-- The CXX compiler identification is GNU 13.3.0\n'}
[8.735494] (shuttles) StdoutLine: {'line': b'-- Detecting C compiler ABI info\n'}
[8.737104] (commande_locale) StdoutLine: {'line': b'-- Detecting C compiler ABI info\n'}
[8.784656] (-) TimerEvent: {}
[8.830836] (commande_locale) StdoutLine: {'line': b'-- Detecting C compiler ABI info - done\n'}
[8.831307] (shuttles) StdoutLine: {'line': b'-- Detecting C compiler ABI info - done\n'}
[8.831364] (shuttles) StdoutLine: {'line': b'-- Check for working C compiler: /usr/bin/cc - skipped\n'}
[8.831398] (shuttles) StdoutLine: {'line': b'-- Detecting C compile features\n'}
[8.831428] (shuttles) StdoutLine: {'line': b'-- Detecting C compile features - done\n'}
[8.832282] (commande_locale) StdoutLine: {'line': b'-- Check for working C compiler: /usr/bin/cc - skipped\n'}
[8.832884] (commande_locale) StdoutLine: {'line': b'-- Detecting C compile features\n'}
[8.832961] (commande_locale) StdoutLine: {'line': b'-- Detecting C compile features - done\n'}
[8.841747] (shuttles) StdoutLine: {'line': b'-- Detecting CXX compiler ABI info\n'}
[8.842122] (commande_locale) StdoutLine: {'line': b'-- Detecting CXX compiler ABI info\n'}
[8.885050] (-) TimerEvent: {}
[8.929541] (shuttles) StdoutLine: {'line': b'-- Detecting CXX compiler ABI info - done\n'}
[8.930023] (commande_locale) StdoutLine: {'line': b'-- Detecting CXX compiler ABI info - done\n'}
[8.937102] (shuttles) StdoutLine: {'line': b'-- Check for working CXX compiler: /usr/bin/c++ - skipped\n'}
[8.937460] (shuttles) StdoutLine: {'line': b'-- Detecting CXX compile features\n'}
[8.937826] (commande_locale) StdoutLine: {'line': b'-- Check for working CXX compiler: /usr/bin/c++ - skipped\n'}
[8.938020] (commande_locale) StdoutLine: {'line': b'-- Detecting CXX compile features\n'}
[8.938060] (commande_locale) StdoutLine: {'line': b'-- Detecting CXX compile features - done\n'}
[8.938090] (shuttles) StdoutLine: {'line': b'-- Detecting CXX compile features - done\n'}
[8.939143] (shuttles) StdoutLine: {'line': b'-- Found ament_cmake: 2.5.5 (/opt/ros/jazzy/share/ament_cmake/cmake)\n'}
[8.939393] (commande_locale) StdoutLine: {'line': b'-- Found ament_cmake: 2.5.5 (/opt/ros/jazzy/share/ament_cmake/cmake)\n'}
[8.988718] (-) TimerEvent: {}
[9.038526] (commande_locale) StdoutLine: {'line': b'-- Found Python3: /usr/bin/python3 (found version "3.12.3") found components: Interpreter \n'}
[9.038693] (shuttles) StdoutLine: {'line': b'-- Found Python3: /usr/bin/python3 (found version "3.12.3") found components: Interpreter \n'}
[9.089741] (-) TimerEvent: {}
[9.094270] (shuttles) StdoutLine: {'line': b'-- Found rclcpp: 28.1.16 (/opt/ros/jazzy/share/rclcpp/cmake)\n'}
[9.095895] (commande_locale) StdoutLine: {'line': b'-- Found rclcpp: 28.1.16 (/opt/ros/jazzy/share/rclcpp/cmake)\n'}
[9.117310] (shuttles) StdoutLine: {'line': b'-- Found rosidl_generator_c: 4.6.7 (/opt/ros/jazzy/share/rosidl_generator_c/cmake)\n'}
[9.117536] (commande_locale) StdoutLine: {'line': b'-- Found rosidl_generator_c: 4.6.7 (/opt/ros/jazzy/share/rosidl_generator_c/cmake)\n'}
[9.123233] (shuttles) StdoutLine: {'line': b'-- Found rosidl_generator_cpp: 4.6.7 (/opt/ros/jazzy/share/rosidl_generator_cpp/cmake)\n'}
[9.123586] (commande_locale) StdoutLine: {'line': b'-- Found rosidl_generator_cpp: 4.6.7 (/opt/ros/jazzy/share/rosidl_generator_cpp/cmake)\n'}
[9.129635] (shuttles) StdoutLine: {'line': b'-- Using all available rosidl_typesupport_c: rosidl_typesupport_fastrtps_c;rosidl_typesupport_introspection_c\n'}
[9.130389] (commande_locale) StdoutLine: {'line': b'-- Using all available rosidl_typesupport_c: rosidl_typesupport_fastrtps_c;rosidl_typesupport_introspection_c\n'}
[9.142212] (commande_locale) StdoutLine: {'line': b'-- Using all available rosidl_typesupport_cpp: rosidl_typesupport_fastrtps_cpp;rosidl_typesupport_introspection_cpp\n'}
[9.142294] (shuttles) StdoutLine: {'line': b'-- Using all available rosidl_typesupport_cpp: rosidl_typesupport_fastrtps_cpp;rosidl_typesupport_introspection_cpp\n'}
[9.175888] (commande_locale) StdoutLine: {'line': b'-- Found rmw_implementation_cmake: 7.3.3 (/opt/ros/jazzy/share/rmw_implementation_cmake/cmake)\n'}
[9.180183] (commande_locale) StdoutLine: {'line': b'-- Found rmw_fastrtps_cpp: 8.4.3 (/opt/ros/jazzy/share/rmw_fastrtps_cpp/cmake)\n'}
[9.180371] (shuttles) StdoutLine: {'line': b'-- Found rmw_implementation_cmake: 7.3.3 (/opt/ros/jazzy/share/rmw_implementation_cmake/cmake)\n'}
[9.180872] (shuttles) StdoutLine: {'line': b'-- Found rmw_fastrtps_cpp: 8.4.3 (/opt/ros/jazzy/share/rmw_fastrtps_cpp/cmake)\n'}
[9.193024] (-) TimerEvent: {}
[9.262675] (shuttles) StdoutLine: {'line': b'-- Found OpenSSL: /usr/lib/x86_64-linux-gnu/libcrypto.so (found version "3.0.13")  \n'}
[9.263546] (commande_locale) StdoutLine: {'line': b'-- Found OpenSSL: /usr/lib/x86_64-linux-gnu/libcrypto.so (found version "3.0.13")  \n'}
[9.276046] (shuttles) StdoutLine: {'line': b'-- Found FastRTPS: /opt/ros/jazzy/include (Required is at least version "2.13") \n'}
[9.276833] (commande_locale) StdoutLine: {'line': b'-- Found FastRTPS: /opt/ros/jazzy/include (Required is at least version "2.13") \n'}
[9.292355] (shuttles) StdoutLine: {'line': b"-- Using RMW implementation 'rmw_fastrtps_cpp' as default\n"}
[9.293685] (-) TimerEvent: {}
[9.296114] (commande_locale) StdoutLine: {'line': b"-- Using RMW implementation 'rmw_fastrtps_cpp' as default\n"}
[9.332737] (shuttles) StdoutLine: {'line': b'-- Found std_msgs: 5.3.6 (/opt/ros/jazzy/share/std_msgs/cmake)\n'}
[9.334514] (commande_locale) StdoutLine: {'line': b'-- Found std_msgs: 5.3.6 (/opt/ros/jazzy/share/std_msgs/cmake)\n'}
[9.340992] (shuttles) StdoutLine: {'line': b'-- Found rosidl_default_generators: 1.6.0 (/opt/ros/jazzy/share/rosidl_default_generators/cmake)\n'}
[9.342848] (commande_locale) StdoutLine: {'line': b'-- Found sensor_msgs: 5.3.6 (/opt/ros/jazzy/share/sensor_msgs/cmake)\n'}
[9.347262] (shuttles) StdoutLine: {'line': b'-- Found rosidl_adapter: 4.6.7 (/opt/ros/jazzy/share/rosidl_adapter/cmake)\n'}
[9.348394] (shuttles) StdoutLine: {'line': b'-- Found aiguillages: 3.1.2 (/home/user/celluleflexible_en_cours_ROS2/celluleflexible/ros_ws/install/aiguillages/share/aiguillages/cmake)\n'}
[9.364338] (commande_locale) StdoutLine: {'line': b'-- Found image_transport: 5.1.7 (/opt/ros/jazzy/share/image_transport/cmake)\n'}
[9.376983] (commande_locale) StdoutLine: {'line': b'-- Found cv_bridge: 4.1.0 (/opt/ros/jazzy/share/cv_bridge/cmake)\n'}
[9.383795] (commande_locale) StdoutLine: {'line': b'-- Found aiguillages: 3.1.2 (/home/user/celluleflexible_en_cours_ROS2/celluleflexible/ros_ws/install/aiguillages/share/aiguillages/cmake)\n'}
[9.393689] (commande_locale) StdoutLine: {'line': b'-- Found OpenCV: /usr (found version "4.6.0") \n'}
[9.393772] (-) TimerEvent: {}
[9.396923] (commande_locale) StdoutLine: {'line': b'-- Found rosidl_default_generators: 1.6.0 (/opt/ros/jazzy/share/rosidl_default_generators/cmake)\n'}
[9.406505] (commande_locale) StdoutLine: {'line': b'-- Found rosidl_adapter: 4.6.7 (/opt/ros/jazzy/share/rosidl_adapter/cmake)\n'}
[9.494007] (-) TimerEvent: {}
[9.638467] (-) TimerEvent: {}
[9.738972] (-) TimerEvent: {}
[9.762420] (shuttles) StdoutLine: {'line': b'-- Found ament_cmake_ros: 0.12.0 (/opt/ros/jazzy/share/ament_cmake_ros/cmake)\n'}
[9.828056] (commande_locale) StdoutLine: {'line': b'-- Found ament_cmake_ros: 0.12.0 (/opt/ros/jazzy/share/ament_cmake_ros/cmake)\n'}
[9.839077] (-) TimerEvent: {}
[9.939349] (-) TimerEvent: {}
[10.040477] (-) TimerEvent: {}
[10.210203] (-) TimerEvent: {}
[10.294734] (shuttles) StdoutLine: {'line': b'-- Using all available rosidl_typesupport_c: rosidl_typesupport_fastrtps_c;rosidl_typesupport_introspection_c\n'}
[10.310996] (-) TimerEvent: {}
[10.349784] (commande_locale) StdoutLine: {'line': b'-- Using all available rosidl_typesupport_c: rosidl_typesupport_fastrtps_c;rosidl_typesupport_introspection_c\n'}
[10.411492] (-) TimerEvent: {}
[10.499822] (shuttles) StdoutLine: {'line': b'-- Using all available rosidl_typesupport_cpp: rosidl_typesupport_fastrtps_cpp;rosidl_typesupport_introspection_cpp\n'}
[10.501495] (shuttles) StdoutLine: {'line': b'-- Found python_cmake_module: 0.11.1 (/opt/ros/jazzy/share/python_cmake_module/cmake)\n'}
[10.511592] (-) TimerEvent: {}
[10.562676] (commande_locale) StdoutLine: {'line': b'-- Using all available rosidl_typesupport_cpp: rosidl_typesupport_fastrtps_cpp;rosidl_typesupport_introspection_cpp\n'}
[10.566145] (commande_locale) StdoutLine: {'line': b'-- Found python_cmake_module: 0.11.1 (/opt/ros/jazzy/share/python_cmake_module/cmake)\n'}
[10.599433] (shuttles) StdoutLine: {'line': b'-- Found PythonExtra: /usr/bin/python3  \n'}
[10.611660] (-) TimerEvent: {}
[10.659438] (commande_locale) StdoutLine: {'line': b'-- Found PythonExtra: /usr/bin/python3  \n'}
[10.711731] (-) TimerEvent: {}
[10.812877] (-) TimerEvent: {}
[10.886247] (shuttles) StdoutLine: {'line': b'-- Found Python3: /usr/bin/python3 (found version "3.12.3") found components: Interpreter Development NumPy Development.Module Development.Embed \n'}
[10.913292] (-) TimerEvent: {}
[10.921225] (shuttles) StdoutLine: {'line': b'-- Configuring done (2.3s)\n'}
[10.949311] (shuttles) StdoutLine: {'line': b'-- Generating done (0.0s)\n'}
[10.957112] (commande_locale) StdoutLine: {'line': b'-- Found Python3: /usr/bin/python3 (found version "3.12.3") found components: Interpreter Development NumPy Development.Module Development.Embed \n'}
[10.957390] (shuttles) StdoutLine: {'line': b'-- Build files have been written to: /home/user/celluleflexible_en_cours_ROS2/celluleflexible/ros_ws/build/shuttles\n'}
[10.968523] (shuttles) CommandEnded: {'returncode': 0}
[10.969646] (shuttles) JobProgress: {'identifier': 'shuttles', 'progress': 'build'}
[10.969667] (shuttles) Command: {'cmd': ['/usr/bin/cmake', '--build', '/home/user/celluleflexible_en_cours_ROS2/celluleflexible/ros_ws/build/shuttles', '--', '-j8', '-l8'], 'cwd': '/home/user/celluleflexible_en_cours_ROS2/celluleflexible/ros_ws/build/shuttles', 'env': OrderedDict({'LESSOPEN': '| /usr/bin/lesspipe %s', 'USER': 'user', 'XDG_SESSION_TYPE': 'wayland', 'SHLVL': '1', 'LD_LIBRARY_PATH': '/home/user/celluleflexible_en_cours_ROS2/celluleflexible/ros_ws/install/aiguillages/lib:/opt/ros/jazzy/opt/rviz_ogre_vendor/lib:/opt/ros/jazzy/lib/x86_64-linux-gnu:/opt/ros/jazzy/opt/gz_math_vendor/lib:/opt/ros/jazzy/opt/gz_utils_vendor/lib:/opt/ros/jazzy/opt/gz_cmake_vendor/lib:/opt/ros/jazzy/lib', 'HOME': '/home/user', 'DESKTOP_SESSION': 'ubuntu', 'ROS_PYTHON_VERSION': '3', 'GNOME_SHELL_SESSION_MODE': 'ubuntu', 'GTK_MODULES': 'gail:atk-bridge', 'DBUS_STARTER_BUS_TYPE': 'session', 'SYSTEMD_EXEC_PID': '2225', 'GSM_SKIP_SSH_AGENT_WORKAROUND': 'true', 'DBUS_SESSION_BUS_ADDRESS': 'unix:path=/run/user/1000/bus,guid=f75c24bd1d3f9e0a6c32f4fd699c0ca3', 'COLORTERM': 'truecolor', 'DEBUGINFOD_URLS': 'https://debuginfod.ubuntu.com', 'IM_CONFIG_PHASE': '1', 'WAYLAND_DISPLAY': 'wayland-0', 'ROS_DISTRO': 'jazzy', 'LOGNAME': 'user', '_': '/usr/bin/colcon', 'ROS_VERSION': '2', 'MEMORY_PRESSURE_WATCH': '/sys/fs/cgroup/user.slice/user-1000.slice/user@1000.service/app.slice/app-gnome\\x2dsession\\x2dmanager.slice/gnome-session-manager@ubuntu.service/memory.pressure', 'XDG_SESSION_CLASS': 'user', 'USERNAME': 'user', 'TERM': 'xterm-256color', 'GNOME_DESKTOP_SESSION_ID': 'this-is-deprecated', 'PATH': '/opt/ros/jazzy/bin:/usr/local/sbin:/usr/local/bin:/usr/sbin:/usr/bin:/sbin:/bin:/usr/games:/usr/local/games:/snap/bin:/snap/bin', 'SESSION_MANAGER': 'local/Ubuntu:@/tmp/.ICE-unix/2225,unix/Ubuntu:/tmp/.ICE-unix/2225', 'XDG_MENU_PREFIX': 'gnome-', 'GNOME_TERMINAL_SCREEN': '/org/gnome/Terminal/screen/fd7d161f_b0cd_4c91_9d8b_6a28dde0713a', 'GNOME_SETUP_DISPLAY': ':1', 'XDG_RUNTIME_DIR': '/run/user/1000', 'DISPLAY': ':0', 'LANG': 'en_US.UTF-8', 'XDG_CURRENT_DESKTOP': 'ubuntu:GNOME', 'XMODIFIERS': '@im=ibus', 'XDG_SESSION_DESKTOP': 'ubuntu', 'XAUTHORITY': '/run/user/1000/.mutter-Xwaylandauth.5JJ1K3', 'LS_COLORS': 'rs=0:di=01;34:ln=01;36:mh=00:pi=40;33:so=01;35:do=01;35:bd=40;33;01:cd=40;33;01:or=40;31;01:mi=00:su=37;41:sg=30;43:ca=00:tw=30;42:ow=34;42:st=37;44:ex=01;32:*.tar=01;31:*.tgz=01;31:*.arc=01;31:*.arj=01;31:*.taz=01;31:*.lha=01;31:*.lz4=01;31:*.lzh=01;31:*.lzma=01;31:*.tlz=01;31:*.txz=01;31:*.tzo=01;31:*.t7z=01;31:*.zip=01;31:*.z=01;31:*.dz=01;31:*.gz=01;31:*.lrz=01;31:*.lz=01;31:*.lzo=01;31:*.xz=01;31:*.zst=01;31:*.tzst=01;31:*.bz2=01;31:*.bz=01;31:*.tbz=01;31:*.tbz2=01;31:*.tz=01;31:*.deb=01;31:*.rpm=01;31:*.jar=01;31:*.war=01;31:*.ear=01;31:*.sar=01;31:*.rar=01;31:*.alz=01;31:*.ace=01;31:*.zoo=01;31:*.cpio=01;31:*.7z=01;31:*.rz=01;31:*.cab=01;31:*.wim=01;31:*.swm=01;31:*.dwm=01;31:*.esd=01;31:*.avif=01;35:*.jpg=01;35:*.jpeg=01;35:*.mjpg=01;35:*.mjpeg=01;35:*.gif=01;35:*.bmp=01;35:*.pbm=01;35:*.pgm=01;35:*.ppm=01;35:*.tga=01;35:*.xbm=01;35:*.xpm=01;35:*.tif=01;35:*.tiff=01;35:*.png=01;35:*.svg=01;35:*.svgz=01;35:*.mng=01;35:*.pcx=01;35:*.mov=01;35:*.mpg=01;35:*.mpeg=01;35:*.m2v=01;35:*.mkv=01;35:*.webm=01;35:*.webp=01;35:*.ogm=01;35:*.mp4=01;35:*.m4v=01;35:*.mp4v=01;35:*.vob=01;35:*.qt=01;35:*.nuv=01;35:*.wmv=01;35:*.asf=01;35:*.rm=01;35:*.rmvb=01;35:*.flc=01;35:*.avi=01;35:*.fli=01;35:*.flv=01;35:*.gl=01;35:*.dl=01;35:*.xcf=01;35:*.xwd=01;35:*.yuv=01;35:*.cgm=01;35:*.emf=01;35:*.ogv=01;35:*.ogx=01;35:*.aac=00;36:*.au=00;36:*.flac=00;36:*.m4a=00;36:*.mid=00;36:*.midi=00;36:*.mka=00;36:*.mp3=00;36:*.mpc=00;36:*.ogg=00;36:*.ra=00;36:*.wav=00;36:*.oga=00;36:*.opus=00;36:*.spx=00;36:*.xspf=00;36:*~=00;90:*#=00;90:*.bak=00;90:*.crdownload=00;90:*.dpkg-dist=00;90:*.dpkg-new=00;90:*.dpkg-old=00;90:*.dpkg-tmp=00;90:*.old=00;90:*.orig=00;90:*.part=00;90:*.rej=00;90:*.rpmnew=00;90:*.rpmorig=00;90:*.rpmsave=00;90:*.swp=00;90:*.tmp=00;90:*.ucf-dist=00;90:*.ucf-new=00;90:*.ucf-old=00;90:', 'GNOME_TERMINAL_SERVICE': ':1.1258', 'SSH_AUTH_SOCK': '/run/user/1000/keyring/ssh', 'AMENT_PREFIX_PATH': '/home/user/celluleflexible_en_cours_ROS2/celluleflexible/ros_ws/install/aiguillages:/opt/ros/jazzy', 'SHELL': '/bin/bash', 'QT_ACCESSIBILITY': '1', 'GDMSESSION': 'ubuntu', 'LESSCLOSE': '/usr/bin/lesspipe %s %s', 'ROS_AUTOMATIC_DISCOVERY_RANGE': 'SUBNET', 'QT_IM_MODULE': 'ibus', 'PWD': '/home/user/celluleflexible_en_cours_ROS2/celluleflexible/ros_ws/build/shuttles', 'LC_ALL': 'en_US.UTF-8', 'XDG_CONFIG_DIRS': '/etc/xdg/xdg-ubuntu:/etc/xdg', 'DBUS_STARTER_ADDRESS': 'unix:path=/run/user/1000/bus,guid=f75c24bd1d3f9e0a6c32f4fd699c0ca3', 'XDG_DATA_DIRS': '/usr/share/ubuntu:/usr/share/gnome:/usr/local/share/:/usr/share/:/var/lib/snapd/desktop', 'PYTHONPATH': '/home/user/celluleflexible_en_cours_ROS2/celluleflexible/ros_ws/install/aiguillages/lib/python3.12/site-packages:/opt/ros/jazzy/lib/python3.12/site-packages', 'COLCON': '1', 'MEMORY_PRESSURE_WRITE': 'c29tZSAyMDAwMDAgMjAwMDAwMAA=', 'VTE_VERSION': '7600', 'CMAKE_PREFIX_PATH': '/home/user/celluleflexible_en_cours_ROS2/celluleflexible/ros_ws/install/aiguillages:/opt/ros/jazzy/opt/gz_math_vendor:/opt/ros/jazzy/opt/gz_utils_vendor:/opt/ros/jazzy/opt/gz_cmake_vendor:/opt/ros/jazzy'}), 'shell': False}
[10.995210] (commande_locale) StdoutLine: {'line': b'-- Configuring done (2.4s)\n'}
[11.015847] (shuttles) StdoutLine: {'line': b'[  1%] \x1b[34m\x1b[1mGenerating type hashes for ROS interfaces\x1b[0m\n'}
[11.016001] (-) TimerEvent: {}
[11.024669] (shuttles) StdoutLine: {'line': b'[  1%] Built target ament_cmake_python_copy_shuttles\n'}
[11.035236] (commande_locale) StdoutLine: {'line': b'-- Generating done (0.0s)\n'}
[11.043677] (commande_locale) StdoutLine: {'line': b'-- Build files have been written to: /home/user/celluleflexible_en_cours_ROS2/celluleflexible/ros_ws/build/commande_locale\n'}
[11.057840] (commande_locale) CommandEnded: {'returncode': 0}
[11.058145] (commande_locale) JobProgress: {'identifier': 'commande_locale', 'progress': 'build'}
[11.058158] (commande_locale) Command: {'cmd': ['/usr/bin/cmake', '--build', '/home/user/celluleflexible_en_cours_ROS2/celluleflexible/ros_ws/build/commande_locale', '--', '-j8', '-l8'], 'cwd': '/home/user/celluleflexible_en_cours_ROS2/celluleflexible/ros_ws/build/commande_locale', 'env': OrderedDict({'LESSOPEN': '| /usr/bin/lesspipe %s', 'USER': 'user', 'XDG_SESSION_TYPE': 'wayland', 'SHLVL': '1', 'LD_LIBRARY_PATH': '/home/user/celluleflexible_en_cours_ROS2/celluleflexible/ros_ws/install/aiguillages/lib:/opt/ros/jazzy/opt/rviz_ogre_vendor/lib:/opt/ros/jazzy/lib/x86_64-linux-gnu:/opt/ros/jazzy/opt/gz_math_vendor/lib:/opt/ros/jazzy/opt/gz_utils_vendor/lib:/opt/ros/jazzy/opt/gz_cmake_vendor/lib:/opt/ros/jazzy/lib', 'HOME': '/home/user', 'DESKTOP_SESSION': 'ubuntu', 'ROS_PYTHON_VERSION': '3', 'GNOME_SHELL_SESSION_MODE': 'ubuntu', 'GTK_MODULES': 'gail:atk-bridge', 'DBUS_STARTER_BUS_TYPE': 'session', 'SYSTEMD_EXEC_PID': '2225', 'GSM_SKIP_SSH_AGENT_WORKAROUND': 'true', 'DBUS_SESSION_BUS_ADDRESS': 'unix:path=/run/user/1000/bus,guid=f75c24bd1d3f9e0a6c32f4fd699c0ca3', 'COLORTERM': 'truecolor', 'DEBUGINFOD_URLS': 'https://debuginfod.ubuntu.com', 'IM_CONFIG_PHASE': '1', 'WAYLAND_DISPLAY': 'wayland-0', 'ROS_DISTRO': 'jazzy', 'LOGNAME': 'user', '_': '/usr/bin/colcon', 'ROS_VERSION': '2', 'MEMORY_PRESSURE_WATCH': '/sys/fs/cgroup/user.slice/user-1000.slice/user@1000.service/app.slice/app-gnome\\x2dsession\\x2dmanager.slice/gnome-session-manager@ubuntu.service/memory.pressure', 'XDG_SESSION_CLASS': 'user', 'USERNAME': 'user', 'TERM': 'xterm-256color', 'GNOME_DESKTOP_SESSION_ID': 'this-is-deprecated', 'PATH': '/opt/ros/jazzy/bin:/usr/local/sbin:/usr/local/bin:/usr/sbin:/usr/bin:/sbin:/bin:/usr/games:/usr/local/games:/snap/bin:/snap/bin', 'SESSION_MANAGER': 'local/Ubuntu:@/tmp/.ICE-unix/2225,unix/Ubuntu:/tmp/.ICE-unix/2225', 'XDG_MENU_PREFIX': 'gnome-', 'GNOME_TERMINAL_SCREEN': '/org/gnome/Terminal/screen/fd7d161f_b0cd_4c91_9d8b_6a28dde0713a', 'GNOME_SETUP_DISPLAY': ':1', 'XDG_RUNTIME_DIR': '/run/user/1000', 'DISPLAY': ':0', 'LANG': 'en_US.UTF-8', 'XDG_CURRENT_DESKTOP': 'ubuntu:GNOME', 'XMODIFIERS': '@im=ibus', 'XDG_SESSION_DESKTOP': 'ubuntu', 'XAUTHORITY': '/run/user/1000/.mutter-Xwaylandauth.5JJ1K3', 'LS_COLORS': 'rs=0:di=01;34:ln=01;36:mh=00:pi=40;33:so=01;35:do=01;35:bd=40;33;01:cd=40;33;01:or=40;31;01:mi=00:su=37;41:sg=30;43:ca=00:tw=30;42:ow=34;42:st=37;44:ex=01;32:*.tar=01;31:*.tgz=01;31:*.arc=01;31:*.arj=01;31:*.taz=01;31:*.lha=01;31:*.lz4=01;31:*.lzh=01;31:*.lzma=01;31:*.tlz=01;31:*.txz=01;31:*.tzo=01;31:*.t7z=01;31:*.zip=01;31:*.z=01;31:*.dz=01;31:*.gz=01;31:*.lrz=01;31:*.lz=01;31:*.lzo=01;31:*.xz=01;31:*.zst=01;31:*.tzst=01;31:*.bz2=01;31:*.bz=01;31:*.tbz=01;31:*.tbz2=01;31:*.tz=01;31:*.deb=01;31:*.rpm=01;31:*.jar=01;31:*.war=01;31:*.ear=01;31:*.sar=01;31:*.rar=01;31:*.alz=01;31:*.ace=01;31:*.zoo=01;31:*.cpio=01;31:*.7z=01;31:*.rz=01;31:*.cab=01;31:*.wim=01;31:*.swm=01;31:*.dwm=01;31:*.esd=01;31:*.avif=01;35:*.jpg=01;35:*.jpeg=01;35:*.mjpg=01;35:*.mjpeg=01;35:*.gif=01;35:*.bmp=01;35:*.pbm=01;35:*.pgm=01;35:*.ppm=01;35:*.tga=01;35:*.xbm=01;35:*.xpm=01;35:*.tif=01;35:*.tiff=01;35:*.png=01;35:*.svg=01;35:*.svgz=01;35:*.mng=01;35:*.pcx=01;35:*.mov=01;35:*.mpg=01;35:*.mpeg=01;35:*.m2v=01;35:*.mkv=01;35:*.webm=01;35:*.webp=01;35:*.ogm=01;35:*.mp4=01;35:*.m4v=01;35:*.mp4v=01;35:*.vob=01;35:*.qt=01;35:*.nuv=01;35:*.wmv=01;35:*.asf=01;35:*.rm=01;35:*.rmvb=01;35:*.flc=01;35:*.avi=01;35:*.fli=01;35:*.flv=01;35:*.gl=01;35:*.dl=01;35:*.xcf=01;35:*.xwd=01;35:*.yuv=01;35:*.cgm=01;35:*.emf=01;35:*.ogv=01;35:*.ogx=01;35:*.aac=00;36:*.au=00;36:*.flac=00;36:*.m4a=00;36:*.mid=00;36:*.midi=00;36:*.mka=00;36:*.mp3=00;36:*.mpc=00;36:*.ogg=00;36:*.ra=00;36:*.wav=00;36:*.oga=00;36:*.opus=00;36:*.spx=00;36:*.xspf=00;36:*~=00;90:*#=00;90:*.bak=00;90:*.crdownload=00;90:*.dpkg-dist=00;90:*.dpkg-new=00;90:*.dpkg-old=00;90:*.dpkg-tmp=00;90:*.old=00;90:*.orig=00;90:*.part=00;90:*.rej=00;90:*.rpmnew=00;90:*.rpmorig=00;90:*.rpmsave=00;90:*.swp=00;90:*.tmp=00;90:*.ucf-dist=00;90:*.ucf-new=00;90:*.ucf-old=00;90:', 'GNOME_TERMINAL_SERVICE': ':1.1258', 'SSH_AUTH_SOCK': '/run/user/1000/keyring/ssh', 'AMENT_PREFIX_PATH': '/home/user/celluleflexible_en_cours_ROS2/celluleflexible/ros_ws/install/aiguillages:/opt/ros/jazzy', 'SHELL': '/bin/bash', 'QT_ACCESSIBILITY': '1', 'GDMSESSION': 'ubuntu', 'LESSCLOSE': '/usr/bin/lesspipe %s %s', 'ROS_AUTOMATIC_DISCOVERY_RANGE': 'SUBNET', 'QT_IM_MODULE': 'ibus', 'PWD': '/home/user/celluleflexible_en_cours_ROS2/celluleflexible/ros_ws/build/commande_locale', 'LC_ALL': 'en_US.UTF-8', 'XDG_CONFIG_DIRS': '/etc/xdg/xdg-ubuntu:/etc/xdg', 'DBUS_STARTER_ADDRESS': 'unix:path=/run/user/1000/bus,guid=f75c24bd1d3f9e0a6c32f4fd699c0ca3', 'XDG_DATA_DIRS': '/usr/share/ubuntu:/usr/share/gnome:/usr/local/share/:/usr/share/:/var/lib/snapd/desktop', 'PYTHONPATH': '/home/user/celluleflexible_en_cours_ROS2/celluleflexible/ros_ws/install/aiguillages/lib/python3.12/site-packages:/opt/ros/jazzy/lib/python3.12/site-packages', 'COLCON': '1', 'MEMORY_PRESSURE_WRITE': 'c29tZSAyMDAwMDAgMjAwMDAwMAA=', 'VTE_VERSION': '7600', 'CMAKE_PREFIX_PATH': '/home/user/celluleflexible_en_cours_ROS2/celluleflexible/ros_ws/install/aiguillages:/opt/ros/jazzy/opt/gz_math_vendor:/opt/ros/jazzy/opt/gz_utils_vendor:/opt/ros/jazzy/opt/gz_cmake_vendor:/opt/ros/jazzy'}), 'shell': False}
[11.116106] (commande_locale) StdoutLine: {'line': b'[  1%] \x1b[34m\x1b[1mGenerating type hashes for ROS interfaces\x1b[0m\n'}
[11.116252] (-) TimerEvent: {}
[11.125039] (commande_locale) StdoutLine: {'line': b'[  1%] Built target ament_cmake_python_copy_commande_locale\n'}
[11.154901] (shuttles) StdoutLine: {'line': b'[  1%] Built target shuttles__rosidl_generator_type_description\n'}
[11.168064] (shuttles) StdoutLine: {'line': b'[  2%] \x1b[34m\x1b[1mGenerating C code for ROS interfaces\x1b[0m\n'}
[11.172984] (shuttles) StdoutLine: {'line': b'running egg_info\n'}
[11.173138] (shuttles) StdoutLine: {'line': b'creating shuttles.egg-info\n'}
[11.180946] (shuttles) StdoutLine: {'line': b'[  4%] \x1b[34m\x1b[1mGenerating C++ code for ROS interfaces\x1b[0m\n'}
[11.218925] (-) TimerEvent: {}
[11.219219] (shuttles) StdoutLine: {'line': b'writing shuttles.egg-info/PKG-INFO\n'}
[11.219324] (shuttles) StdoutLine: {'line': b'writing dependency_links to shuttles.egg-info/dependency_links.txt\n'}
[11.219358] (shuttles) StdoutLine: {'line': b'writing top-level names to shuttles.egg-info/top_level.txt\n'}
[11.219387] (shuttles) StdoutLine: {'line': b"writing manifest file 'shuttles.egg-info/SOURCES.txt'\n"}
[11.219412] (shuttles) StdoutLine: {'line': b"reading manifest file 'shuttles.egg-info/SOURCES.txt'\n"}
[11.219437] (shuttles) StdoutLine: {'line': b"writing manifest file 'shuttles.egg-info/SOURCES.txt'\n"}
[11.234822] (shuttles) StdoutLine: {'line': b'[  4%] Built target ament_cmake_python_build_shuttles_egg\n'}
[11.279307] (commande_locale) StdoutLine: {'line': b'running egg_info\n'}
[11.279511] (commande_locale) StdoutLine: {'line': b'creating commande_locale.egg-info\n'}
[11.279559] (commande_locale) StdoutLine: {'line': b'writing commande_locale.egg-info/PKG-INFO\n'}
[11.279592] (commande_locale) StdoutLine: {'line': b'writing dependency_links to commande_locale.egg-info/dependency_links.txt\n'}
[11.279624] (commande_locale) StdoutLine: {'line': b'writing top-level names to commande_locale.egg-info/top_level.txt\n'}
[11.279653] (commande_locale) StdoutLine: {'line': b"writing manifest file 'commande_locale.egg-info/SOURCES.txt'\n"}
[11.303814] (commande_locale) StdoutLine: {'line': b"reading manifest file 'commande_locale.egg-info/SOURCES.txt'\n"}
[11.303958] (commande_locale) StdoutLine: {'line': b"writing manifest file 'commande_locale.egg-info/SOURCES.txt'\n"}
[11.319444] (-) TimerEvent: {}
[11.319741] (commande_locale) StdoutLine: {'line': b'[  1%] Built target ament_cmake_python_build_commande_locale_egg\n'}
[11.328637] (commande_locale) StdoutLine: {'line': b'[  1%] Built target commande_locale__rosidl_generator_type_description\n'}
[11.341216] (commande_locale) StdoutLine: {'line': b'[  1%] \x1b[34m\x1b[1mGenerating C code for ROS interfaces\x1b[0m\n'}
[11.354133] (commande_locale) StdoutLine: {'line': b'[  1%] \x1b[34m\x1b[1mGenerating C++ code for ROS interfaces\x1b[0m\n'}
[11.413049] (shuttles) StdoutLine: {'line': b'[  4%] Built target shuttles__cpp\n'}
[11.420419] (-) TimerEvent: {}
[11.468420] (shuttles) StdoutLine: {'line': b'[  5%] \x1b[32mBuilding C object CMakeFiles/shuttles__rosidl_generator_c.dir/rosidl_generator_c/shuttles/msg/detail/msg_shuttle_change__description.c.o\x1b[0m\n'}
[11.468567] (shuttles) StdoutLine: {'line': b'[  7%] \x1b[32mBuilding C object CMakeFiles/shuttles__rosidl_generator_c.dir/rosidl_generator_c/shuttles/msg/detail/msg_shuttle_create__description.c.o\x1b[0m\n'}
[11.472333] (shuttles) StdoutLine: {'line': b'[ 10%] \x1b[32mBuilding C object CMakeFiles/shuttles__rosidl_generator_c.dir/rosidl_generator_c/shuttles/msg/detail/msg_shuttle_create__functions.c.o\x1b[0m\n'}
[11.472441] (shuttles) StdoutLine: {'line': b'[  8%] \x1b[32mBuilding C object CMakeFiles/shuttles__rosidl_generator_c.dir/rosidl_generator_c/shuttles/msg/detail/msg_shuttle_change__type_support.c.o\x1b[0m\n'}
[11.472510] (shuttles) StdoutLine: {'line': b'[ 13%] \x1b[32mBuilding C object CMakeFiles/shuttles__rosidl_generator_c.dir/rosidl_generator_c/shuttles/msg/detail/msg_erreur__description.c.o\x1b[0m\n'}
[11.472551] (shuttles) StdoutLine: {'line': b'[ 11%] \x1b[32mBuilding C object CMakeFiles/shuttles__rosidl_generator_c.dir/rosidl_generator_c/shuttles/msg/detail/msg_shuttle_change__functions.c.o\x1b[0m\n'}
[11.491195] (shuttles) StdoutLine: {'line': b'[ 14%] \x1b[32mBuilding C object CMakeFiles/shuttles__rosidl_generator_c.dir/rosidl_generator_c/shuttles/msg/detail/msg_erreur__functions.c.o\x1b[0m\n'}
[11.491338] (shuttles) StdoutLine: {'line': b'[ 16%] \x1b[32mBuilding C object CMakeFiles/shuttles__rosidl_generator_c.dir/rosidl_generator_c/shuttles/msg/detail/msg_shuttle_create__type_support.c.o\x1b[0m\n'}
[11.495679] (shuttles) StdoutLine: {'line': b'[ 17%] \x1b[32mBuilding C object CMakeFiles/shuttles__rosidl_generator_c.dir/rosidl_generator_c/shuttles/msg/detail/msg_erreur__type_support.c.o\x1b[0m\n'}
[11.496103] (shuttles) StdoutLine: {'line': b'[ 20%] \x1b[32mBuilding C object CMakeFiles/shuttles__rosidl_generator_c.dir/rosidl_generator_c/shuttles/srv/detail/shuttle_id__description.c.o\x1b[0m\n'}
[11.496234] (shuttles) StdoutLine: {'line': b'[ 20%] \x1b[32mBuilding C object CMakeFiles/shuttles__rosidl_generator_c.dir/rosidl_generator_c/shuttles/srv/detail/shuttle_id__functions.c.o\x1b[0m\n'}
[11.504293] (shuttles) StdoutLine: {'line': b'[ 22%] \x1b[32mBuilding C object CMakeFiles/shuttles__rosidl_generator_c.dir/rosidl_generator_c/shuttles/srv/detail/shuttle_id__type_support.c.o\x1b[0m\n'}
[11.521103] (-) TimerEvent: {}
[11.556471] (shuttles) StdoutLine: {'line': b'[ 23%] \x1b[32m\x1b[1mLinking C shared library libshuttles__rosidl_generator_c.so\x1b[0m\n'}
[11.592590] (shuttles) StdoutLine: {'line': b'[ 23%] Built target shuttles__rosidl_generator_c\n'}
[11.604884] (shuttles) StdoutLine: {'line': b'[ 26%] \x1b[34m\x1b[1mGenerating C type support for eProsima Fast-RTPS\x1b[0m\n'}
[11.605175] (shuttles) StdoutLine: {'line': b'[ 27%] \x1b[34m\x1b[1mGenerating C++ type support for eProsima Fast-RTPS\x1b[0m\n'}
[11.635216] (-) TimerEvent: {}
[11.635417] (shuttles) StdoutLine: {'line': b'[ 26%] \x1b[34m\x1b[1mGenerating C++ type support dispatch for ROS interfaces\x1b[0m\n'}
[11.636242] (shuttles) StdoutLine: {'line': b'[ 29%] \x1b[34m\x1b[1mGenerating C type support dispatch for ROS interfaces\x1b[0m\n'}
[11.636278] (shuttles) StdoutLine: {'line': b'[ 30%] \x1b[34m\x1b[1mGenerating C introspection for ROS interfaces\x1b[0m\n'}
[11.636307] (shuttles) StdoutLine: {'line': b'[ 32%] \x1b[34m\x1b[1mGenerating C++ introspection for ROS interfaces\x1b[0m\n'}
[11.735406] (-) TimerEvent: {}
[11.791578] (shuttles) StdoutLine: {'line': b'[ 33%] \x1b[32mBuilding CXX object CMakeFiles/shuttles__rosidl_typesupport_c.dir/rosidl_typesupport_c/shuttles/msg/msg_shuttle_create__type_support.cpp.o\x1b[0m\n'}
[11.795118] (shuttles) StdoutLine: {'line': b'[ 35%] \x1b[32mBuilding CXX object CMakeFiles/shuttles__rosidl_typesupport_c.dir/rosidl_typesupport_c/shuttles/msg/msg_shuttle_change__type_support.cpp.o\x1b[0m\n'}
[11.797369] (shuttles) StdoutLine: {'line': b'[ 38%] \x1b[32mBuilding CXX object CMakeFiles/shuttles__rosidl_typesupport_cpp.dir/rosidl_typesupport_cpp/shuttles/msg/msg_shuttle_create__type_support.cpp.o\x1b[0m\n'}
[11.797466] (shuttles) StdoutLine: {'line': b'[ 36%] \x1b[32mBuilding CXX object CMakeFiles/shuttles__rosidl_typesupport_cpp.dir/rosidl_typesupport_cpp/shuttles/msg/msg_shuttle_change__type_support.cpp.o\x1b[0m\n'}
[11.810494] (shuttles) StdoutLine: {'line': b'[ 39%] \x1b[32mBuilding CXX object CMakeFiles/shuttles__rosidl_typesupport_introspection_cpp.dir/rosidl_typesupport_introspection_cpp/shuttles/msg/detail/msg_shuttle_change__type_support.cpp.o\x1b[0m\n'}
[11.830965] (shuttles) StdoutLine: {'line': b'[ 41%] \x1b[32mBuilding CXX object CMakeFiles/shuttles__rosidl_typesupport_c.dir/rosidl_typesupport_c/shuttles/msg/msg_erreur__type_support.cpp.o\x1b[0m\n'}
[11.833262] (shuttles) StdoutLine: {'line': b'[ 42%] \x1b[32mBuilding C object CMakeFiles/shuttles__rosidl_typesupport_introspection_c.dir/rosidl_typesupport_introspection_c/shuttles/msg/detail/msg_shuttle_change__type_support.c.o\x1b[0m\n'}
[11.836296] (-) TimerEvent: {}
[11.856115] (shuttles) StdoutLine: {'line': b'[ 44%] \x1b[32mBuilding CXX object CMakeFiles/shuttles__rosidl_typesupport_cpp.dir/rosidl_typesupport_cpp/shuttles/msg/msg_erreur__type_support.cpp.o\x1b[0m\n'}
[11.902730] (shuttles) StdoutLine: {'line': b'[ 45%] \x1b[32mBuilding C object CMakeFiles/shuttles__rosidl_typesupport_introspection_c.dir/rosidl_typesupport_introspection_c/shuttles/msg/detail/msg_shuttle_create__type_support.c.o\x1b[0m\n'}
[11.905373] (shuttles) StdoutLine: {'line': b'[ 47%] \x1b[32mBuilding CXX object CMakeFiles/shuttles__rosidl_typesupport_c.dir/rosidl_typesupport_c/shuttles/srv/shuttle_id__type_support.cpp.o\x1b[0m\n'}
[11.939227] (-) TimerEvent: {}
[11.970194] (shuttles) StdoutLine: {'line': b'[ 48%] \x1b[32mBuilding CXX object CMakeFiles/shuttles__rosidl_typesupport_fastrtps_cpp.dir/rosidl_typesupport_fastrtps_cpp/shuttles/msg/detail/dds_fastrtps/msg_shuttle_change__type_support.cpp.o\x1b[0m\n'}
[11.977982] (shuttles) StdoutLine: {'line': b'[ 50%] \x1b[32mBuilding CXX object CMakeFiles/shuttles__rosidl_typesupport_fastrtps_c.dir/rosidl_typesupport_fastrtps_c/shuttles/msg/detail/msg_shuttle_change__type_support_c.cpp.o\x1b[0m\n'}
[11.978138] (shuttles) StdoutLine: {'line': b'[ 51%] \x1b[32mBuilding C object CMakeFiles/shuttles__rosidl_typesupport_introspection_c.dir/rosidl_typesupport_introspection_c/shuttles/msg/detail/msg_erreur__type_support.c.o\x1b[0m\n'}
[11.990070] (shuttles) StdoutLine: {'line': b'[ 52%] \x1b[32m\x1b[1mLinking CXX shared library libshuttles__rosidl_typesupport_c.so\x1b[0m\n'}
[12.012254] (shuttles) StdoutLine: {'line': b'[ 54%] \x1b[32mBuilding CXX object CMakeFiles/shuttles__rosidl_typesupport_cpp.dir/rosidl_typesupport_cpp/shuttles/srv/shuttle_id__type_support.cpp.o\x1b[0m\n'}
[12.039966] (-) TimerEvent: {}
[12.059047] (shuttles) StdoutLine: {'line': b'[ 54%] Built target shuttles__rosidl_typesupport_c\n'}
[12.081102] (shuttles) StdoutLine: {'line': b'[ 55%] \x1b[32mBuilding C object CMakeFiles/shuttles__rosidl_typesupport_introspection_c.dir/rosidl_typesupport_introspection_c/shuttles/srv/detail/shuttle_id__type_support.c.o\x1b[0m\n'}
[12.090009] (shuttles) StdoutLine: {'line': b'[ 57%] \x1b[32mBuilding CXX object CMakeFiles/shuttles__rosidl_typesupport_introspection_cpp.dir/rosidl_typesupport_introspection_cpp/shuttles/msg/detail/msg_shuttle_create__type_support.cpp.o\x1b[0m\n'}
[12.098558] (shuttles) StdoutLine: {'line': b'[ 58%] \x1b[32mBuilding CXX object CMakeFiles/shuttles__rosidl_typesupport_introspection_cpp.dir/rosidl_typesupport_introspection_cpp/shuttles/msg/detail/msg_erreur__type_support.cpp.o\x1b[0m\n'}
[12.114165] (shuttles) StdoutLine: {'line': b'[ 60%] \x1b[32mBuilding CXX object CMakeFiles/shuttles__rosidl_typesupport_introspection_cpp.dir/rosidl_typesupport_introspection_cpp/shuttles/srv/detail/shuttle_id__type_support.cpp.o\x1b[0m\n'}
[12.116532] (commande_locale) StdoutLine: {'line': b'[  1%] Built target commande_locale__cpp\n'}
[12.140209] (-) TimerEvent: {}
[12.152214] (shuttles) StdoutLine: {'line': b'[ 61%] \x1b[32mBuilding CXX object CMakeFiles/shuttles__rosidl_typesupport_fastrtps_cpp.dir/rosidl_typesupport_fastrtps_cpp/shuttles/msg/detail/dds_fastrtps/msg_shuttle_create__type_support.cpp.o\x1b[0m\n'}
[12.168960] (shuttles) StdoutLine: {'line': b'[ 63%] \x1b[32m\x1b[1mLinking C shared library libshuttles__rosidl_typesupport_introspection_c.so\x1b[0m\n'}
[12.261987] (-) TimerEvent: {}
[12.294151] (shuttles) StdoutLine: {'line': b'[ 64%] \x1b[32mBuilding CXX object CMakeFiles/shuttles__rosidl_typesupport_fastrtps_cpp.dir/rosidl_typesupport_fastrtps_cpp/shuttles/msg/detail/dds_fastrtps/msg_erreur__type_support.cpp.o\x1b[0m\n'}
[12.323039] (shuttles) StdoutLine: {'line': b'[ 66%] \x1b[32mBuilding CXX object CMakeFiles/shuttles__rosidl_typesupport_fastrtps_c.dir/rosidl_typesupport_fastrtps_c/shuttles/msg/detail/msg_shuttle_create__type_support_c.cpp.o\x1b[0m\n'}
[12.323530] (shuttles) StdoutLine: {'line': b'[ 67%] \x1b[32mBuilding CXX object CMakeFiles/shuttles__rosidl_typesupport_fastrtps_cpp.dir/rosidl_typesupport_fastrtps_cpp/shuttles/srv/detail/dds_fastrtps/shuttle_id__type_support.cpp.o\x1b[0m\n'}
[12.327689] (shuttles) StdoutLine: {'line': b'[ 69%] \x1b[32mBuilding CXX object CMakeFiles/shuttles__rosidl_typesupport_fastrtps_c.dir/rosidl_typesupport_fastrtps_c/shuttles/msg/detail/msg_erreur__type_support_c.cpp.o\x1b[0m\n'}
[12.328326] (shuttles) StdoutLine: {'line': b'[ 69%] Built target shuttles__rosidl_typesupport_introspection_c\n'}
[12.341966] (shuttles) StdoutLine: {'line': b'[ 70%] \x1b[32mBuilding CXX object CMakeFiles/shuttles__rosidl_typesupport_fastrtps_c.dir/rosidl_typesupport_fastrtps_c/shuttles/srv/detail/shuttle_id__type_support_c.cpp.o\x1b[0m\n'}
[12.342128] (shuttles) StdoutLine: {'line': b'[ 72%] \x1b[32m\x1b[1mLinking CXX shared library libshuttles__rosidl_typesupport_cpp.so\x1b[0m\n'}
[12.357195] (commande_locale) StdoutLine: {'line': b'[  2%] \x1b[32mBuilding C object CMakeFiles/commande_locale__rosidl_generator_c.dir/rosidl_generator_c/commande_locale/srv/detail/srv_add_product__description.c.o\x1b[0m\n'}
[12.379481] (shuttles) StdoutLine: {'line': b'[ 73%] \x1b[32m\x1b[1mLinking CXX shared library libshuttles__rosidl_typesupport_introspection_cpp.so\x1b[0m\n'}
[12.379658] (-) TimerEvent: {}
[12.380863] (commande_locale) StdoutLine: {'line': b'[  2%] \x1b[32mBuilding C object CMakeFiles/commande_locale__rosidl_generator_c.dir/rosidl_generator_c/commande_locale/srv/detail/srv_add_product__functions.c.o\x1b[0m\n'}
[12.399814] (commande_locale) StdoutLine: {'line': b'[  3%] \x1b[32mBuilding C object CMakeFiles/commande_locale__rosidl_generator_c.dir/rosidl_generator_c/commande_locale/srv/detail/srv_add_product__type_support.c.o\x1b[0m\n'}
[12.405340] (commande_locale) StdoutLine: {'line': b'[  4%] \x1b[32mBuilding C object CMakeFiles/commande_locale__rosidl_generator_c.dir/rosidl_generator_c/commande_locale/srv/detail/srv_fin_init__functions.c.o\x1b[0m\n'}
[12.405684] (commande_locale) StdoutLine: {'line': b'[  4%] \x1b[32mBuilding C object CMakeFiles/commande_locale__rosidl_generator_c.dir/rosidl_generator_c/commande_locale/srv/detail/srv_fin_init__description.c.o\x1b[0m\n'}
[12.406939] (shuttles) StdoutLine: {'line': b'[ 73%] Built target shuttles__rosidl_typesupport_cpp\n'}
[12.452023] (commande_locale) StdoutLine: {'line': b'[  5%] \x1b[32mBuilding C object CMakeFiles/commande_locale__rosidl_generator_c.dir/rosidl_generator_c/commande_locale/srv/detail/srv_fin_init__type_support.c.o\x1b[0m\n'}
[12.452189] (commande_locale) StdoutLine: {'line': b'[  6%] \x1b[32mBuilding C object CMakeFiles/commande_locale__rosidl_generator_c.dir/rosidl_generator_c/commande_locale/srv/detail/srv_add_product_push_back__functions.c.o\x1b[0m\n'}
[12.452232] (commande_locale) StdoutLine: {'line': b'[  6%] \x1b[32mBuilding C object CMakeFiles/commande_locale__rosidl_generator_c.dir/rosidl_generator_c/commande_locale/srv/detail/srv_add_product_push_back__description.c.o\x1b[0m\n'}
[12.475554] (commande_locale) StdoutLine: {'line': b'[  6%] \x1b[32mBuilding C object CMakeFiles/commande_locale__rosidl_generator_c.dir/rosidl_generator_c/commande_locale/srv/detail/srv_add_product_push_back__type_support.c.o\x1b[0m\n'}
[12.475713] (commande_locale) StdoutLine: {'line': b'[  7%] \x1b[32mBuilding C object CMakeFiles/commande_locale__rosidl_generator_c.dir/rosidl_generator_c/commande_locale/msg/detail/msg_add_product__description.c.o\x1b[0m\n'}
[12.475750] (commande_locale) StdoutLine: {'line': b'[  7%] \x1b[32mBuilding C object CMakeFiles/commande_locale__rosidl_generator_c.dir/rosidl_generator_c/commande_locale/msg/detail/msg_stop_control__description.c.o\x1b[0m\n'}
[12.475781] (commande_locale) StdoutLine: {'line': b'[  7%] \x1b[32mBuilding C object CMakeFiles/commande_locale__rosidl_generator_c.dir/rosidl_generator_c/commande_locale/msg/detail/msg_add_product__functions.c.o\x1b[0m\n'}
[12.478617] (commande_locale) StdoutLine: {'line': b'[  8%] \x1b[32mBuilding C object CMakeFiles/commande_locale__rosidl_generator_c.dir/rosidl_generator_c/commande_locale/msg/detail/msg_add_product__type_support.c.o\x1b[0m\n'}
[12.503131] (commande_locale) StdoutLine: {'line': b'[  9%] \x1b[32mBuilding C object CMakeFiles/commande_locale__rosidl_generator_c.dir/rosidl_generator_c/commande_locale/msg/detail/msg_stop_control__functions.c.o\x1b[0m\n'}
[12.503296] (-) TimerEvent: {}
[12.517664] (shuttles) StdoutLine: {'line': b'[ 75%] \x1b[32mBuilding CXX object CMakeFiles/shuttle_manager.dir/src/main_ShuttleManager.cpp.o\x1b[0m\n'}
[12.524347] (commande_locale) StdoutLine: {'line': b'[  9%] \x1b[32mBuilding C object CMakeFiles/commande_locale__rosidl_generator_c.dir/rosidl_generator_c/commande_locale/msg/detail/msg_color__description.c.o\x1b[0m\n'}
[12.542463] (commande_locale) StdoutLine: {'line': b'[ 10%] \x1b[32mBuilding C object CMakeFiles/commande_locale__rosidl_generator_c.dir/rosidl_generator_c/commande_locale/msg/detail/msg_color__functions.c.o\x1b[0m\n'}
[12.542840] (shuttles) StdoutLine: {'line': b'[ 76%] \x1b[32mBuilding CXX object CMakeFiles/shuttle_manager.dir/src/capteurs.cpp.o\x1b[0m\n'}
[12.543374] (shuttles) StdoutLine: {'line': b'[ 76%] Built target shuttles__rosidl_typesupport_introspection_cpp\n'}
[12.544064] (commande_locale) StdoutLine: {'line': b'[ 11%] \x1b[32mBuilding C object CMakeFiles/commande_locale__rosidl_generator_c.dir/rosidl_generator_c/commande_locale/msg/detail/msg_stop_control__type_support.c.o\x1b[0m\n'}
[12.544688] (commande_locale) StdoutLine: {'line': b'[ 12%] \x1b[32mBuilding C object CMakeFiles/commande_locale__rosidl_generator_c.dir/rosidl_generator_c/commande_locale/msg/detail/msg_switch_control__description.c.o\x1b[0m\n'}
[12.544740] (commande_locale) StdoutLine: {'line': b'[ 12%] \x1b[32mBuilding C object CMakeFiles/commande_locale__rosidl_generator_c.dir/rosidl_generator_c/commande_locale/msg/detail/msg_color__type_support.c.o\x1b[0m\n'}
[12.544771] (commande_locale) StdoutLine: {'line': b'[ 12%] \x1b[32mBuilding C object CMakeFiles/commande_locale__rosidl_generator_c.dir/rosidl_generator_c/commande_locale/msg/detail/msg_switch_control__functions.c.o\x1b[0m\n'}
[12.560360] (shuttles) StdoutLine: {'line': b'[ 77%] \x1b[32mBuilding CXX object CMakeFiles/shuttle_manager.dir/src/FileAttente.cpp.o\x1b[0m\n'}
[12.568607] (commande_locale) StdoutLine: {'line': b'[ 13%] \x1b[32mBuilding C object CMakeFiles/commande_locale__rosidl_generator_c.dir/rosidl_generator_c/commande_locale/msg/detail/msg_switch_control__type_support.c.o\x1b[0m\n'}
[12.618853] (commande_locale) StdoutLine: {'line': b'[ 14%] \x1b[32mBuilding C object CMakeFiles/commande_locale__rosidl_generator_c.dir/rosidl_generator_c/commande_locale/msg/detail/msg_pin_control__description.c.o\x1b[0m\n'}
[12.619765] (-) TimerEvent: {}
[12.627859] (commande_locale) StdoutLine: {'line': b'[ 15%] \x1b[32mBuilding C object CMakeFiles/commande_locale__rosidl_generator_c.dir/rosidl_generator_c/commande_locale/msg/detail/msg_pin_control__type_support.c.o\x1b[0m\n'}
[12.628016] (commande_locale) StdoutLine: {'line': b'[ 15%] \x1b[32mBuilding C object CMakeFiles/commande_locale__rosidl_generator_c.dir/rosidl_generator_c/commande_locale/msg/detail/msg_pin_control__functions.c.o\x1b[0m\n'}
[12.633147] (commande_locale) StdoutLine: {'line': b'[ 16%] \x1b[32mBuilding C object CMakeFiles/commande_locale__rosidl_generator_c.dir/rosidl_generator_c/commande_locale/msg/detail/msg_erreur__functions.c.o\x1b[0m\n'}
[12.637293] (commande_locale) StdoutLine: {'line': b'[ 16%] \x1b[32mBuilding C object CMakeFiles/commande_locale__rosidl_generator_c.dir/rosidl_generator_c/commande_locale/msg/detail/msg_erreur__type_support.c.o\x1b[0m\n'}
[12.646612] (commande_locale) StdoutLine: {'line': b'[ 16%] \x1b[32mBuilding C object CMakeFiles/commande_locale__rosidl_generator_c.dir/rosidl_generator_c/commande_locale/msg/detail/msg_erreur__description.c.o\x1b[0m\n'}
[12.652339] (commande_locale) StdoutLine: {'line': b'[ 17%] \x1b[32mBuilding C object CMakeFiles/commande_locale__rosidl_generator_c.dir/rosidl_generator_c/commande_locale/msg/detail/robot_joints__description.c.o\x1b[0m\n'}
[12.652499] (commande_locale) StdoutLine: {'line': b'[ 17%] \x1b[32mBuilding C object CMakeFiles/commande_locale__rosidl_generator_c.dir/rosidl_generator_c/commande_locale/msg/detail/robot_joints__functions.c.o\x1b[0m\n'}
[12.669134] (commande_locale) StdoutLine: {'line': b'[ 18%] \x1b[32mBuilding C object CMakeFiles/commande_locale__rosidl_generator_c.dir/rosidl_generator_c/commande_locale/msg/detail/robot_joints__type_support.c.o\x1b[0m\n'}
[12.677555] (commande_locale) StdoutLine: {'line': b'[ 19%] \x1b[32mBuilding C object CMakeFiles/commande_locale__rosidl_generator_c.dir/rosidl_generator_c/commande_locale/msg/detail/tache_finie_msg__description.c.o\x1b[0m\n'}
[12.704333] (commande_locale) StdoutLine: {'line': b'[ 19%] \x1b[32mBuilding C object CMakeFiles/commande_locale__rosidl_generator_c.dir/rosidl_generator_c/commande_locale/msg/detail/tache_finie_msg__functions.c.o\x1b[0m\n'}
[12.705259] (commande_locale) StdoutLine: {'line': b'[ 20%] \x1b[32mBuilding C object CMakeFiles/commande_locale__rosidl_generator_c.dir/rosidl_generator_c/commande_locale/msg/detail/tache_finie_msg__type_support.c.o\x1b[0m\n'}
[12.705730] (commande_locale) StdoutLine: {'line': b'[ 19%] \x1b[32mBuilding C object CMakeFiles/commande_locale__rosidl_generator_c.dir/rosidl_generator_c/commande_locale/msg/detail/deplacer_piece_msg__description.c.o\x1b[0m\n'}
[12.723826] (commande_locale) StdoutLine: {'line': b'[ 21%] \x1b[32mBuilding C object CMakeFiles/commande_locale__rosidl_generator_c.dir/rosidl_generator_c/commande_locale/msg/detail/deplacer_piece_msg__functions.c.o\x1b[0m\n'}
[12.724064] (-) TimerEvent: {}
[12.727647] (shuttles) StdoutLine: {'line': b'[ 79%] \x1b[32m\x1b[1mLinking CXX shared library libshuttles__rosidl_typesupport_fastrtps_c.so\x1b[0m\n'}
[12.733745] (shuttles) StdoutLine: {'line': b'[ 80%] \x1b[32m\x1b[1mLinking CXX shared library libshuttles__rosidl_typesupport_fastrtps_cpp.so\x1b[0m\n'}
[12.733832] (commande_locale) StdoutLine: {'line': b'[ 22%] \x1b[32mBuilding C object CMakeFiles/commande_locale__rosidl_generator_c.dir/rosidl_generator_c/commande_locale/msg/detail/actionneurs__functions.c.o\x1b[0m\n'}
[12.739287] (commande_locale) StdoutLine: {'line': b'[ 22%] \x1b[32mBuilding C object CMakeFiles/commande_locale__rosidl_generator_c.dir/rosidl_generator_c/commande_locale/msg/detail/deplacer_piece_msg__type_support.c.o\x1b[0m\n'}
[12.741200] (commande_locale) StdoutLine: {'line': b'[ 23%] \x1b[32mBuilding C object CMakeFiles/commande_locale__rosidl_generator_c.dir/rosidl_generator_c/commande_locale/msg/detail/actionneurs__description.c.o\x1b[0m\n'}
[12.762591] (commande_locale) StdoutLine: {'line': b'[ 23%] \x1b[32mBuilding C object CMakeFiles/commande_locale__rosidl_generator_c.dir/rosidl_generator_c/commande_locale/msg/detail/actionneurs__type_support.c.o\x1b[0m\n'}
[12.763325] (commande_locale) StdoutLine: {'line': b'[ 23%] \x1b[32mBuilding C object CMakeFiles/commande_locale__rosidl_generator_c.dir/rosidl_generator_c/commande_locale/msg/detail/capteurs__functions.c.o\x1b[0m\n'}
[12.768226] (commande_locale) StdoutLine: {'line': b'[ 24%] \x1b[32mBuilding C object CMakeFiles/commande_locale__rosidl_generator_c.dir/rosidl_generator_c/commande_locale/msg/detail/capteurs__description.c.o\x1b[0m\n'}
[12.793372] (commande_locale) StdoutLine: {'line': b'[ 25%] \x1b[32mBuilding C object CMakeFiles/commande_locale__rosidl_generator_c.dir/rosidl_generator_c/commande_locale/msg/detail/capteurs__type_support.c.o\x1b[0m\n'}
[12.793537] (commande_locale) StdoutLine: {'line': b'[ 25%] \x1b[32mBuilding C object CMakeFiles/commande_locale__rosidl_generator_c.dir/rosidl_generator_c/commande_locale/msg/detail/msg_choix_mode__description.c.o\x1b[0m\n'}
[12.797142] (commande_locale) StdoutLine: {'line': b'[ 25%] \x1b[32mBuilding C object CMakeFiles/commande_locale__rosidl_generator_c.dir/rosidl_generator_c/commande_locale/msg/detail/msg_choix_mode__type_support.c.o\x1b[0m\n'}
[12.797534] (commande_locale) StdoutLine: {'line': b'[ 26%] \x1b[32mBuilding C object CMakeFiles/commande_locale__rosidl_generator_c.dir/rosidl_generator_c/commande_locale/msg/detail/msg_choix_mode__functions.c.o\x1b[0m\n'}
[12.799139] (shuttles) StdoutLine: {'line': b'[ 80%] Built target shuttles__rosidl_typesupport_fastrtps_c\n'}
[12.819355] (shuttles) StdoutLine: {'line': b'[ 80%] Built target shuttles__rosidl_typesupport_fastrtps_cpp\n'}
[12.824558] (-) TimerEvent: {}
[12.839625] (commande_locale) StdoutLine: {'line': b'[ 27%] \x1b[32m\x1b[1mLinking C shared library libcommande_locale__rosidl_generator_c.so\x1b[0m\n'}
[12.844947] (shuttles) StdoutLine: {'line': b'[ 80%] Built target shuttles\n'}
[12.873514] (shuttles) StdoutLine: {'line': b'[ 82%] \x1b[34m\x1b[1mGenerating Python code for ROS interfaces\x1b[0m\n'}
[12.877157] (commande_locale) StdoutLine: {'line': b'[ 27%] Built target commande_locale__rosidl_generator_c\n'}
[12.887941] (commande_locale) StdoutLine: {'line': b'[ 29%] \x1b[34m\x1b[1mGenerating C++ type support dispatch for ROS interfaces\x1b[0m\n'}
[12.888166] (commande_locale) StdoutLine: {'line': b'[ 29%] \x1b[34m\x1b[1mGenerating C++ type support for eProsima Fast-RTPS\x1b[0m\n'}
[12.889513] (commande_locale) StdoutLine: {'line': b'[ 29%] \x1b[34m\x1b[1mGenerating C type support for eProsima Fast-RTPS\x1b[0m\n'}
[13.130992] (commande_locale) StdoutLine: {'line': b'[ 29%] \x1b[34m\x1b[1mGenerating C type support dispatch for ROS interfaces\x1b[0m\n'}
[13.131143] (-) TimerEvent: {}
[13.131445] (commande_locale) StdoutLine: {'line': b'[ 30%] \x1b[34m\x1b[1mGenerating C introspection for ROS interfaces\x1b[0m\n'}
[13.131552] (commande_locale) StdoutLine: {'line': b'[ 30%] \x1b[34m\x1b[1mGenerating C++ introspection for ROS interfaces\x1b[0m\n'}
[13.224325] (shuttles) StdoutLine: {'line': b'[ 82%] Built target shuttles__py\n'}
[13.236107] (-) TimerEvent: {}
[13.242036] (commande_locale) StdoutLine: {'line': b'[ 30%] \x1b[32mBuilding CXX object CMakeFiles/commande_locale__rosidl_typesupport_cpp.dir/rosidl_typesupport_cpp/commande_locale/srv/srv_add_product__type_support.cpp.o\x1b[0m\n'}
[13.254115] (commande_locale) StdoutLine: {'line': b'[ 31%] \x1b[32mBuilding CXX object CMakeFiles/commande_locale__rosidl_typesupport_cpp.dir/rosidl_typesupport_cpp/commande_locale/srv/srv_fin_init__type_support.cpp.o\x1b[0m\n'}
[13.317650] (commande_locale) StdoutLine: {'line': b'[ 31%] \x1b[32mBuilding CXX object CMakeFiles/commande_locale__rosidl_typesupport_cpp.dir/rosidl_typesupport_cpp/commande_locale/srv/srv_add_product_push_back__type_support.cpp.o\x1b[0m\n'}
[13.378134] (-) TimerEvent: {}
[13.492680] (shuttles) StdoutLine: {'line': b'[ 83%] \x1b[32mBuilding C object CMakeFiles/shuttles__rosidl_generator_py.dir/rosidl_generator_py/shuttles/msg/_msg_shuttle_change_s.c.o\x1b[0m\n'}
[13.492852] (-) TimerEvent: {}
[13.515215] (shuttles) StdoutLine: {'line': b'[ 85%] \x1b[32mBuilding C object CMakeFiles/shuttles__rosidl_generator_py.dir/rosidl_generator_py/shuttles/msg/_msg_shuttle_create_s.c.o\x1b[0m\n'}
[13.517527] (shuttles) StdoutLine: {'line': b'[ 86%] \x1b[32mBuilding C object CMakeFiles/shuttles__rosidl_generator_py.dir/rosidl_generator_py/shuttles/msg/_msg_erreur_s.c.o\x1b[0m\n'}
[13.523354] (shuttles) StdoutLine: {'line': b'[ 88%] \x1b[32mBuilding C object CMakeFiles/shuttles__rosidl_generator_py.dir/rosidl_generator_py/shuttles/srv/_shuttle_id_s.c.o\x1b[0m\n'}
[13.542532] (commande_locale) StdoutLine: {'line': b'[ 32%] \x1b[32mBuilding CXX object CMakeFiles/commande_locale__rosidl_typesupport_cpp.dir/rosidl_typesupport_cpp/commande_locale/msg/msg_add_product__type_support.cpp.o\x1b[0m\n'}
[13.618290] (-) TimerEvent: {}
[13.635266] (shuttles) StdoutLine: {'line': b'[ 89%] \x1b[32m\x1b[1mLinking C shared library libshuttles__rosidl_generator_py.so\x1b[0m\n'}
[13.647693] (commande_locale) StdoutLine: {'line': b'[ 33%] \x1b[32mBuilding CXX object CMakeFiles/commande_locale__rosidl_typesupport_cpp.dir/rosidl_typesupport_cpp/commande_locale/msg/msg_stop_control__type_support.cpp.o\x1b[0m\n'}
[13.674548] (shuttles) StdoutLine: {'line': b'[ 89%] Built target shuttles__rosidl_generator_py\n'}
[13.685801] (commande_locale) StdoutLine: {'line': b'[ 33%] \x1b[32mBuilding CXX object CMakeFiles/commande_locale__rosidl_typesupport_fastrtps_cpp.dir/rosidl_typesupport_fastrtps_cpp/commande_locale/srv/detail/dds_fastrtps/srv_add_product__type_support.cpp.o\x1b[0m\n'}
[13.719053] (commande_locale) StdoutLine: {'line': b'[ 33%] \x1b[32mBuilding CXX object CMakeFiles/commande_locale__rosidl_typesupport_c.dir/rosidl_typesupport_c/commande_locale/srv/srv_fin_init__type_support.cpp.o\x1b[0m\n'}
[13.719291] (-) TimerEvent: {}
[13.719582] (shuttles) StdoutLine: {'line': b'[ 91%] \x1b[32mBuilding C object CMakeFiles/shuttles_s__rosidl_typesupport_c.dir/rosidl_generator_py/shuttles/_shuttles_s.ep.rosidl_typesupport_c.c.o\x1b[0m\n'}
[13.719651] (commande_locale) StdoutLine: {'line': b'[ 34%] \x1b[32mBuilding CXX object CMakeFiles/commande_locale__rosidl_typesupport_c.dir/rosidl_typesupport_c/commande_locale/srv/srv_add_product__type_support.cpp.o\x1b[0m\n'}
[13.729149] (shuttles) StdoutLine: {'line': b'[ 92%] \x1b[32mBuilding C object CMakeFiles/shuttles_s__rosidl_typesupport_introspection_c.dir/rosidl_generator_py/shuttles/_shuttles_s.ep.rosidl_typesupport_introspection_c.c.o\x1b[0m\n'}
[13.746303] (shuttles) StdoutLine: {'line': b'[ 94%] \x1b[32mBuilding C object CMakeFiles/shuttles_s__rosidl_typesupport_fastrtps_c.dir/rosidl_generator_py/shuttles/_shuttles_s.ep.rosidl_typesupport_fastrtps_c.c.o\x1b[0m\n'}
[13.804067] (commande_locale) StdoutLine: {'line': b'[ 35%] \x1b[32mBuilding CXX object CMakeFiles/commande_locale__rosidl_typesupport_c.dir/rosidl_typesupport_c/commande_locale/srv/srv_add_product_push_back__type_support.cpp.o\x1b[0m\n'}
[13.819185] (commande_locale) StdoutLine: {'line': b'[ 35%] \x1b[32mBuilding CXX object CMakeFiles/commande_locale__rosidl_typesupport_c.dir/rosidl_typesupport_c/commande_locale/msg/msg_add_product__type_support.cpp.o\x1b[0m\n'}
[13.819399] (-) TimerEvent: {}
[13.831728] (commande_locale) StdoutLine: {'line': b'[ 36%] \x1b[32mBuilding CXX object CMakeFiles/commande_locale__rosidl_typesupport_c.dir/rosidl_typesupport_c/commande_locale/msg/msg_stop_control__type_support.cpp.o\x1b[0m\n'}
[13.841041] (commande_locale) StdoutLine: {'line': b'[ 36%] \x1b[32mBuilding CXX object CMakeFiles/commande_locale__rosidl_typesupport_cpp.dir/rosidl_typesupport_cpp/commande_locale/msg/msg_color__type_support.cpp.o\x1b[0m\n'}
[13.872538] (shuttles) StdoutLine: {'line': b'[ 95%] \x1b[32m\x1b[1mLinking C shared module rosidl_generator_py/shuttles/shuttles_s__rosidl_typesupport_fastrtps_c.so\x1b[0m\n'}
[13.874807] (shuttles) StdoutLine: {'line': b'[ 97%] \x1b[32m\x1b[1mLinking C shared module rosidl_generator_py/shuttles/shuttles_s__rosidl_typesupport_c.so\x1b[0m\n'}
[13.893263] (commande_locale) StdoutLine: {'line': b'[ 36%] \x1b[32mBuilding CXX object CMakeFiles/commande_locale__rosidl_typesupport_c.dir/rosidl_typesupport_c/commande_locale/msg/msg_switch_control__type_support.cpp.o\x1b[0m\n'}
[13.896066] (commande_locale) StdoutLine: {'line': b'[ 37%] \x1b[32mBuilding CXX object CMakeFiles/commande_locale__rosidl_typesupport_c.dir/rosidl_typesupport_c/commande_locale/msg/msg_color__type_support.cpp.o\x1b[0m\n'}
[13.904604] (commande_locale) StdoutLine: {'line': b'[ 38%] \x1b[32mBuilding CXX object CMakeFiles/commande_locale__rosidl_typesupport_introspection_cpp.dir/rosidl_typesupport_introspection_cpp/commande_locale/srv/detail/srv_fin_init__type_support.cpp.o\x1b[0m\n'}
[13.905222] (commande_locale) StdoutLine: {'line': b'[ 39%] \x1b[32mBuilding CXX object CMakeFiles/commande_locale__rosidl_typesupport_fastrtps_c.dir/rosidl_typesupport_fastrtps_c/commande_locale/srv/detail/srv_add_product__type_support_c.cpp.o\x1b[0m\n'}
[13.919842] (-) TimerEvent: {}
[13.929470] (commande_locale) StdoutLine: {'line': b'[ 39%] \x1b[32mBuilding CXX object CMakeFiles/commande_locale__rosidl_typesupport_introspection_cpp.dir/rosidl_typesupport_introspection_cpp/commande_locale/srv/detail/srv_add_product__type_support.cpp.o\x1b[0m\n'}
[13.946078] (shuttles) StdoutLine: {'line': b'[ 98%] \x1b[32m\x1b[1mLinking C shared module rosidl_generator_py/shuttles/shuttles_s__rosidl_typesupport_introspection_c.so\x1b[0m\n'}
[13.946249] (shuttles) StdoutLine: {'line': b'[ 98%] Built target shuttles_s__rosidl_typesupport_c\n'}
[13.963294] (shuttles) StdoutLine: {'line': b'[ 98%] Built target shuttles_s__rosidl_typesupport_fastrtps_c\n'}
[13.967805] (commande_locale) StdoutLine: {'line': b'[ 40%] \x1b[32mBuilding CXX object CMakeFiles/commande_locale__rosidl_typesupport_introspection_cpp.dir/rosidl_typesupport_introspection_cpp/commande_locale/srv/detail/srv_add_product_push_back__type_support.cpp.o\x1b[0m\n'}
[13.993613] (commande_locale) StdoutLine: {'line': b'[ 41%] \x1b[32mBuilding CXX object CMakeFiles/commande_locale__rosidl_typesupport_c.dir/rosidl_typesupport_c/commande_locale/msg/msg_pin_control__type_support.cpp.o\x1b[0m\n'}
[13.994415] (shuttles) StdoutLine: {'line': b'[ 98%] Built target shuttles_s__rosidl_typesupport_introspection_c\n'}
[14.018451] (commande_locale) StdoutLine: {'line': b'[ 42%] \x1b[32mBuilding C object CMakeFiles/commande_locale__rosidl_typesupport_introspection_c.dir/rosidl_typesupport_introspection_c/commande_locale/srv/detail/srv_add_product__type_support.c.o\x1b[0m\n'}
[14.022612] (-) TimerEvent: {}
[14.043838] (commande_locale) StdoutLine: {'line': b'[ 42%] \x1b[32mBuilding CXX object CMakeFiles/commande_locale__rosidl_typesupport_c.dir/rosidl_typesupport_c/commande_locale/msg/msg_erreur__type_support.cpp.o\x1b[0m\n'}
[14.052474] (commande_locale) StdoutLine: {'line': b'[ 43%] \x1b[32mBuilding CXX object CMakeFiles/commande_locale__rosidl_typesupport_cpp.dir/rosidl_typesupport_cpp/commande_locale/msg/msg_switch_control__type_support.cpp.o\x1b[0m\n'}
[14.073589] (commande_locale) StdoutLine: {'line': b'[ 44%] \x1b[32mBuilding CXX object CMakeFiles/commande_locale__rosidl_typesupport_fastrtps_cpp.dir/rosidl_typesupport_fastrtps_cpp/commande_locale/srv/detail/dds_fastrtps/srv_fin_init__type_support.cpp.o\x1b[0m\n'}
[14.076011] (commande_locale) StdoutLine: {'line': b'[ 45%] \x1b[32mBuilding CXX object CMakeFiles/commande_locale__rosidl_typesupport_c.dir/rosidl_typesupport_c/commande_locale/msg/robot_joints__type_support.cpp.o\x1b[0m\n'}
[14.108744] (commande_locale) StdoutLine: {'line': b'[ 45%] \x1b[32mBuilding C object CMakeFiles/commande_locale__rosidl_typesupport_introspection_c.dir/rosidl_typesupport_introspection_c/commande_locale/srv/detail/srv_fin_init__type_support.c.o\x1b[0m\n'}
[14.108915] (commande_locale) StdoutLine: {'line': b'[ 45%] \x1b[32mBuilding CXX object CMakeFiles/commande_locale__rosidl_typesupport_c.dir/rosidl_typesupport_c/commande_locale/msg/tache_finie_msg__type_support.cpp.o\x1b[0m\n'}
[14.136446] (-) TimerEvent: {}
[14.152931] (commande_locale) StdoutLine: {'line': b'[ 46%] \x1b[32mBuilding CXX object CMakeFiles/commande_locale__rosidl_typesupport_c.dir/rosidl_typesupport_c/commande_locale/msg/deplacer_piece_msg__type_support.cpp.o\x1b[0m\n'}
[14.201940] (commande_locale) StdoutLine: {'line': b'[ 46%] \x1b[32mBuilding CXX object CMakeFiles/commande_locale__rosidl_typesupport_fastrtps_c.dir/rosidl_typesupport_fastrtps_c/commande_locale/srv/detail/srv_fin_init__type_support_c.cpp.o\x1b[0m\n'}
[14.202719] (commande_locale) StdoutLine: {'line': b'[ 47%] \x1b[32mBuilding C object CMakeFiles/commande_locale__rosidl_typesupport_introspection_c.dir/rosidl_typesupport_introspection_c/commande_locale/srv/detail/srv_add_product_push_back__type_support.c.o\x1b[0m\n'}
[14.205610] (commande_locale) StdoutLine: {'line': b'[ 48%] \x1b[32mBuilding C object CMakeFiles/commande_locale__rosidl_typesupport_introspection_c.dir/rosidl_typesupport_introspection_c/commande_locale/msg/detail/msg_add_product__type_support.c.o\x1b[0m\n'}
[14.212124] (commande_locale) StdoutLine: {'line': b'[ 48%] \x1b[32mBuilding CXX object CMakeFiles/commande_locale__rosidl_typesupport_c.dir/rosidl_typesupport_c/commande_locale/msg/actionneurs__type_support.cpp.o\x1b[0m\n'}
[14.246720] (-) TimerEvent: {}
[14.268512] (commande_locale) StdoutLine: {'line': b'[ 49%] \x1b[32mBuilding CXX object CMakeFiles/commande_locale__rosidl_typesupport_c.dir/rosidl_typesupport_c/commande_locale/msg/capteurs__type_support.cpp.o\x1b[0m\n'}
[14.275163] (commande_locale) StdoutLine: {'line': b'[ 50%] \x1b[32mBuilding CXX object CMakeFiles/commande_locale__rosidl_typesupport_c.dir/rosidl_typesupport_c/commande_locale/msg/msg_choix_mode__type_support.cpp.o\x1b[0m\n'}
[14.284410] (commande_locale) StdoutLine: {'line': b'[ 50%] \x1b[32mBuilding CXX object CMakeFiles/commande_locale__rosidl_typesupport_introspection_cpp.dir/rosidl_typesupport_introspection_cpp/commande_locale/msg/detail/msg_add_product__type_support.cpp.o\x1b[0m\n'}
[14.299407] (commande_locale) StdoutLine: {'line': b'[ 50%] \x1b[32mBuilding C object CMakeFiles/commande_locale__rosidl_typesupport_introspection_c.dir/rosidl_typesupport_introspection_c/commande_locale/msg/detail/msg_stop_control__type_support.c.o\x1b[0m\n'}
[14.315427] (commande_locale) StdoutLine: {'line': b'[ 50%] \x1b[32mBuilding CXX object CMakeFiles/commande_locale__rosidl_typesupport_cpp.dir/rosidl_typesupport_cpp/commande_locale/msg/msg_pin_control__type_support.cpp.o\x1b[0m\n'}
[14.335120] (commande_locale) StdoutLine: {'line': b'[ 50%] \x1b[32mBuilding CXX object CMakeFiles/commande_locale__rosidl_typesupport_cpp.dir/rosidl_typesupport_cpp/commande_locale/msg/robot_joints__type_support.cpp.o\x1b[0m\n'}
[14.342634] (commande_locale) StdoutLine: {'line': b'[ 51%] \x1b[32mBuilding CXX object CMakeFiles/commande_locale__rosidl_typesupport_cpp.dir/rosidl_typesupport_cpp/commande_locale/msg/msg_erreur__type_support.cpp.o\x1b[0m\n'}
[14.354974] (-) TimerEvent: {}
[14.360004] (commande_locale) StdoutLine: {'line': b'[ 51%] \x1b[32m\x1b[1mLinking CXX shared library libcommande_locale__rosidl_typesupport_c.so\x1b[0m\n'}
[14.434692] (commande_locale) StdoutLine: {'line': b'[ 52%] \x1b[32mBuilding C object CMakeFiles/commande_locale__rosidl_typesupport_introspection_c.dir/rosidl_typesupport_introspection_c/commande_locale/msg/detail/msg_color__type_support.c.o\x1b[0m\n'}
[14.463662] (-) TimerEvent: {}
[14.471891] (commande_locale) StdoutLine: {'line': b'[ 52%] \x1b[32mBuilding CXX object CMakeFiles/commande_locale__rosidl_typesupport_fastrtps_cpp.dir/rosidl_typesupport_fastrtps_cpp/commande_locale/srv/detail/dds_fastrtps/srv_add_product_push_back__type_support.cpp.o\x1b[0m\n'}
[14.501515] (commande_locale) StdoutLine: {'line': b'[ 53%] \x1b[32mBuilding CXX object CMakeFiles/commande_locale__rosidl_typesupport_cpp.dir/rosidl_typesupport_cpp/commande_locale/msg/tache_finie_msg__type_support.cpp.o\x1b[0m\n'}
[14.501674] (commande_locale) StdoutLine: {'line': b'[ 54%] \x1b[32mBuilding CXX object CMakeFiles/commande_locale__rosidl_typesupport_fastrtps_c.dir/rosidl_typesupport_fastrtps_c/commande_locale/srv/detail/srv_add_product_push_back__type_support_c.cpp.o\x1b[0m\n'}
[14.501711] (commande_locale) StdoutLine: {'line': b'[ 53%] \x1b[32mBuilding C object CMakeFiles/commande_locale__rosidl_typesupport_introspection_c.dir/rosidl_typesupport_introspection_c/commande_locale/msg/detail/msg_switch_control__type_support.c.o\x1b[0m\n'}
[14.511347] (commande_locale) StdoutLine: {'line': b'[ 54%] Built target commande_locale__rosidl_typesupport_c\n'}
[14.512239] (commande_locale) StdoutLine: {'line': b'[ 55%] \x1b[32mBuilding CXX object CMakeFiles/commande_locale__rosidl_typesupport_introspection_cpp.dir/rosidl_typesupport_introspection_cpp/commande_locale/msg/detail/msg_stop_control__type_support.cpp.o\x1b[0m\n'}
[14.537532] (commande_locale) StdoutLine: {'line': b'[ 56%] \x1b[32mBuilding C object CMakeFiles/commande_locale__rosidl_typesupport_introspection_c.dir/rosidl_typesupport_introspection_c/commande_locale/msg/detail/msg_pin_control__type_support.c.o\x1b[0m\n'}
[14.563224] (commande_locale) StdoutLine: {'line': b'[ 56%] \x1b[32mBuilding C object CMakeFiles/commande_locale__rosidl_typesupport_introspection_c.dir/rosidl_typesupport_introspection_c/commande_locale/msg/detail/msg_erreur__type_support.c.o\x1b[0m\n'}
[14.584950] (-) TimerEvent: {}
[14.602601] (commande_locale) StdoutLine: {'line': b'[ 57%] \x1b[32mBuilding CXX object CMakeFiles/commande_locale__rosidl_typesupport_fastrtps_c.dir/rosidl_typesupport_fastrtps_c/commande_locale/msg/detail/msg_stop_control__type_support_c.cpp.o\x1b[0m\n'}
[14.602768] (commande_locale) StdoutLine: {'line': b'[ 58%] \x1b[32mBuilding C object CMakeFiles/commande_locale__rosidl_typesupport_introspection_c.dir/rosidl_typesupport_introspection_c/commande_locale/msg/detail/robot_joints__type_support.c.o\x1b[0m\n'}
[14.643403] (commande_locale) StdoutLine: {'line': b'[ 58%] \x1b[32mBuilding CXX object CMakeFiles/commande_locale__rosidl_typesupport_fastrtps_c.dir/rosidl_typesupport_fastrtps_c/commande_locale/msg/detail/msg_add_product__type_support_c.cpp.o\x1b[0m\n'}
[14.643730] (commande_locale) StdoutLine: {'line': b'[ 58%] \x1b[32mBuilding CXX object CMakeFiles/commande_locale__rosidl_typesupport_introspection_cpp.dir/rosidl_typesupport_introspection_cpp/commande_locale/msg/detail/msg_color__type_support.cpp.o\x1b[0m\n'}
[14.678610] (commande_locale) StdoutLine: {'line': b'[ 58%] \x1b[32mBuilding CXX object CMakeFiles/commande_locale__rosidl_typesupport_cpp.dir/rosidl_typesupport_cpp/commande_locale/msg/deplacer_piece_msg__type_support.cpp.o\x1b[0m\n'}
[14.686713] (-) TimerEvent: {}
[14.790631] (commande_locale) StdoutLine: {'line': b'[ 59%] \x1b[32mBuilding CXX object CMakeFiles/commande_locale__rosidl_typesupport_cpp.dir/rosidl_typesupport_cpp/commande_locale/msg/actionneurs__type_support.cpp.o\x1b[0m\n'}
[14.790797] (-) TimerEvent: {}
[14.810863] (commande_locale) StdoutLine: {'line': b'[ 60%] \x1b[32mBuilding CXX object CMakeFiles/commande_locale__rosidl_typesupport_fastrtps_c.dir/rosidl_typesupport_fastrtps_c/commande_locale/msg/detail/msg_color__type_support_c.cpp.o\x1b[0m\n'}
[14.812573] (commande_locale) StdoutLine: {'line': b'[ 61%] \x1b[32mBuilding CXX object CMakeFiles/commande_locale__rosidl_typesupport_fastrtps_cpp.dir/rosidl_typesupport_fastrtps_cpp/commande_locale/msg/detail/dds_fastrtps/msg_add_product__type_support.cpp.o\x1b[0m\n'}
[14.834984] (commande_locale) StdoutLine: {'line': b'[ 62%] \x1b[32mBuilding C object CMakeFiles/commande_locale__rosidl_typesupport_introspection_c.dir/rosidl_typesupport_introspection_c/commande_locale/msg/detail/tache_finie_msg__type_support.c.o\x1b[0m\n'}
[14.840372] (commande_locale) StdoutLine: {'line': b'[ 63%] \x1b[32mBuilding CXX object CMakeFiles/commande_locale__rosidl_typesupport_introspection_cpp.dir/rosidl_typesupport_introspection_cpp/commande_locale/msg/detail/msg_switch_control__type_support.cpp.o\x1b[0m\n'}
[14.891462] (-) TimerEvent: {}
[14.893088] (commande_locale) StdoutLine: {'line': b'[ 63%] \x1b[32mBuilding C object CMakeFiles/commande_locale__rosidl_typesupport_introspection_c.dir/rosidl_typesupport_introspection_c/commande_locale/msg/detail/deplacer_piece_msg__type_support.c.o\x1b[0m\n'}
[14.896736] (commande_locale) StdoutLine: {'line': b'[ 63%] \x1b[32mBuilding CXX object CMakeFiles/commande_locale__rosidl_typesupport_fastrtps_c.dir/rosidl_typesupport_fastrtps_c/commande_locale/msg/detail/msg_switch_control__type_support_c.cpp.o\x1b[0m\n'}
[14.933016] (commande_locale) StdoutLine: {'line': b'[ 64%] \x1b[32mBuilding C object CMakeFiles/commande_locale__rosidl_typesupport_introspection_c.dir/rosidl_typesupport_introspection_c/commande_locale/msg/detail/actionneurs__type_support.c.o\x1b[0m\n'}
[14.952107] (commande_locale) StdoutLine: {'line': b'[ 65%] \x1b[32mBuilding CXX object CMakeFiles/commande_locale__rosidl_typesupport_cpp.dir/rosidl_typesupport_cpp/commande_locale/msg/capteurs__type_support.cpp.o\x1b[0m\n'}
[15.018623] (-) TimerEvent: {}
[15.032777] (commande_locale) StdoutLine: {'line': b'[ 65%] \x1b[32mBuilding CXX object CMakeFiles/commande_locale__rosidl_typesupport_cpp.dir/rosidl_typesupport_cpp/commande_locale/msg/msg_choix_mode__type_support.cpp.o\x1b[0m\n'}
[15.035389] (commande_locale) StdoutLine: {'line': b'[ 65%] \x1b[32mBuilding C object CMakeFiles/commande_locale__rosidl_typesupport_introspection_c.dir/rosidl_typesupport_introspection_c/commande_locale/msg/detail/capteurs__type_support.c.o\x1b[0m\n'}
[15.068874] (commande_locale) StdoutLine: {'line': b'[ 66%] \x1b[32mBuilding C object CMakeFiles/commande_locale__rosidl_typesupport_introspection_c.dir/rosidl_typesupport_introspection_c/commande_locale/msg/detail/msg_choix_mode__type_support.c.o\x1b[0m\n'}
[15.072418] (commande_locale) StdoutLine: {'line': b'[ 66%] \x1b[32mBuilding CXX object CMakeFiles/commande_locale__rosidl_typesupport_introspection_cpp.dir/rosidl_typesupport_introspection_cpp/commande_locale/msg/detail/msg_pin_control__type_support.cpp.o\x1b[0m\n'}
[15.087205] (commande_locale) StdoutLine: {'line': b'[ 67%] \x1b[32mBuilding CXX object CMakeFiles/commande_locale__rosidl_typesupport_fastrtps_cpp.dir/rosidl_typesupport_fastrtps_cpp/commande_locale/msg/detail/dds_fastrtps/msg_stop_control__type_support.cpp.o\x1b[0m\n'}
[15.094138] (commande_locale) StdoutLine: {'line': b'[ 68%] \x1b[32mBuilding CXX object CMakeFiles/commande_locale__rosidl_typesupport_introspection_cpp.dir/rosidl_typesupport_introspection_cpp/commande_locale/msg/detail/msg_erreur__type_support.cpp.o\x1b[0m\n'}
[15.103770] (commande_locale) StdoutLine: {'line': b'[ 69%] \x1b[32mBuilding CXX object CMakeFiles/commande_locale__rosidl_typesupport_fastrtps_c.dir/rosidl_typesupport_fastrtps_c/commande_locale/msg/detail/msg_pin_control__type_support_c.cpp.o\x1b[0m\n'}
[15.113222] (commande_locale) StdoutLine: {'line': b'[ 69%] \x1b[32m\x1b[1mLinking C shared library libcommande_locale__rosidl_typesupport_introspection_c.so\x1b[0m\n'}
[15.126084] (-) TimerEvent: {}
[15.189645] (commande_locale) StdoutLine: {'line': b'[ 70%] \x1b[32mBuilding CXX object CMakeFiles/commande_locale__rosidl_typesupport_introspection_cpp.dir/rosidl_typesupport_introspection_cpp/commande_locale/msg/detail/robot_joints__type_support.cpp.o\x1b[0m\n'}
[15.251395] (commande_locale) StdoutLine: {'line': b'[ 70%] \x1b[32mBuilding CXX object CMakeFiles/commande_locale__rosidl_typesupport_fastrtps_c.dir/rosidl_typesupport_fastrtps_c/commande_locale/msg/detail/msg_erreur__type_support_c.cpp.o\x1b[0m\n'}
[15.251580] (-) TimerEvent: {}
[15.256568] (commande_locale) StdoutLine: {'line': b'[ 71%] \x1b[32m\x1b[1mLinking CXX shared library libcommande_locale__rosidl_typesupport_cpp.so\x1b[0m\n'}
[15.269484] (commande_locale) StdoutLine: {'line': b'[ 71%] \x1b[32mBuilding CXX object CMakeFiles/commande_locale__rosidl_typesupport_introspection_cpp.dir/rosidl_typesupport_introspection_cpp/commande_locale/msg/detail/tache_finie_msg__type_support.cpp.o\x1b[0m\n'}
[15.270770] (commande_locale) StdoutLine: {'line': b'[ 71%] Built target commande_locale__rosidl_typesupport_introspection_c\n'}
[15.281487] (commande_locale) StdoutLine: {'line': b'[ 72%] \x1b[32mBuilding CXX object CMakeFiles/commande_locale__rosidl_typesupport_introspection_cpp.dir/rosidl_typesupport_introspection_cpp/commande_locale/msg/detail/deplacer_piece_msg__type_support.cpp.o\x1b[0m\n'}
[15.335972] (commande_locale) StdoutLine: {'line': b'[ 72%] Built target commande_locale__rosidl_typesupport_cpp\n'}
[15.338979] (commande_locale) StdoutLine: {'line': b'[ 72%] \x1b[32mBuilding CXX object CMakeFiles/commande_locale__rosidl_typesupport_fastrtps_cpp.dir/rosidl_typesupport_fastrtps_cpp/commande_locale/msg/detail/dds_fastrtps/msg_color__type_support.cpp.o\x1b[0m\n'}
[15.339105] (commande_locale) StdoutLine: {'line': b'[ 72%] \x1b[32mBuilding CXX object CMakeFiles/commande_locale__rosidl_typesupport_introspection_cpp.dir/rosidl_typesupport_introspection_cpp/commande_locale/msg/detail/actionneurs__type_support.cpp.o\x1b[0m\n'}
[15.347418] (commande_locale) StdoutLine: {'line': b'[ 73%] \x1b[32mBuilding CXX object CMakeFiles/commande_locale__rosidl_typesupport_fastrtps_cpp.dir/rosidl_typesupport_fastrtps_cpp/commande_locale/msg/detail/dds_fastrtps/msg_switch_control__type_support.cpp.o\x1b[0m\n'}
[15.364288] (commande_locale) StdoutLine: {'line': b'[ 74%] \x1b[32mBuilding CXX object CMakeFiles/commande_locale__rosidl_typesupport_fastrtps_cpp.dir/rosidl_typesupport_fastrtps_cpp/commande_locale/msg/detail/dds_fastrtps/msg_erreur__type_support.cpp.o\x1b[0m\n'}
[15.364464] (-) TimerEvent: {}
[15.367220] (commande_locale) StdoutLine: {'line': b'[ 74%] \x1b[32mBuilding CXX object CMakeFiles/commande_locale__rosidl_typesupport_fastrtps_cpp.dir/rosidl_typesupport_fastrtps_cpp/commande_locale/msg/detail/dds_fastrtps/msg_pin_control__type_support.cpp.o\x1b[0m\n'}
[15.470520] (-) TimerEvent: {}
[15.489618] (commande_locale) StdoutLine: {'line': b'[ 74%] \x1b[32mBuilding CXX object CMakeFiles/commande_locale__rosidl_typesupport_fastrtps_cpp.dir/rosidl_typesupport_fastrtps_cpp/commande_locale/msg/detail/dds_fastrtps/robot_joints__type_support.cpp.o\x1b[0m\n'}
[15.497853] (commande_locale) StdoutLine: {'line': b'[ 75%] \x1b[32mBuilding CXX object CMakeFiles/commande_locale__rosidl_typesupport_fastrtps_c.dir/rosidl_typesupport_fastrtps_c/commande_locale/msg/detail/robot_joints__type_support_c.cpp.o\x1b[0m\n'}
[15.578797] (-) TimerEvent: {}
[15.602186] (commande_locale) StdoutLine: {'line': b'[ 75%] \x1b[32mBuilding CXX object CMakeFiles/commande_locale__rosidl_typesupport_fastrtps_c.dir/rosidl_typesupport_fastrtps_c/commande_locale/msg/detail/tache_finie_msg__type_support_c.cpp.o\x1b[0m\n'}
[15.607415] (commande_locale) StdoutLine: {'line': b'[ 76%] \x1b[32mBuilding CXX object CMakeFiles/commande_locale__rosidl_typesupport_fastrtps_cpp.dir/rosidl_typesupport_fastrtps_cpp/commande_locale/msg/detail/dds_fastrtps/tache_finie_msg__type_support.cpp.o\x1b[0m\n'}
[15.613089] (commande_locale) StdoutLine: {'line': b'[ 77%] \x1b[32mBuilding CXX object CMakeFiles/commande_locale__rosidl_typesupport_introspection_cpp.dir/rosidl_typesupport_introspection_cpp/commande_locale/msg/detail/capteurs__type_support.cpp.o\x1b[0m\n'}
[15.644697] (commande_locale) StdoutLine: {'line': b'[ 77%] \x1b[32mBuilding CXX object CMakeFiles/commande_locale__rosidl_typesupport_introspection_cpp.dir/rosidl_typesupport_introspection_cpp/commande_locale/msg/detail/msg_choix_mode__type_support.cpp.o\x1b[0m\n'}
[15.653629] (commande_locale) StdoutLine: {'line': b'[ 78%] \x1b[32mBuilding CXX object CMakeFiles/commande_locale__rosidl_typesupport_fastrtps_c.dir/rosidl_typesupport_fastrtps_c/commande_locale/msg/detail/deplacer_piece_msg__type_support_c.cpp.o\x1b[0m\n'}
[15.756436] (-) TimerEvent: {}
[15.756635] (commande_locale) StdoutLine: {'line': b'[ 79%] \x1b[32mBuilding CXX object CMakeFiles/commande_locale__rosidl_typesupport_fastrtps_cpp.dir/rosidl_typesupport_fastrtps_cpp/commande_locale/msg/detail/dds_fastrtps/deplacer_piece_msg__type_support.cpp.o\x1b[0m\n'}
[15.756753] (commande_locale) StdoutLine: {'line': b'[ 79%] \x1b[32mBuilding CXX object CMakeFiles/commande_locale__rosidl_typesupport_fastrtps_cpp.dir/rosidl_typesupport_fastrtps_cpp/commande_locale/msg/detail/dds_fastrtps/actionneurs__type_support.cpp.o\x1b[0m\n'}
[15.804713] (commande_locale) StdoutLine: {'line': b'[ 80%] \x1b[32mBuilding CXX object CMakeFiles/commande_locale__rosidl_typesupport_fastrtps_cpp.dir/rosidl_typesupport_fastrtps_cpp/commande_locale/msg/detail/dds_fastrtps/capteurs__type_support.cpp.o\x1b[0m\n'}
[15.828078] (commande_locale) StdoutLine: {'line': b'[ 81%] \x1b[32m\x1b[1mLinking CXX shared library libcommande_locale__rosidl_typesupport_introspection_cpp.so\x1b[0m\n'}
[15.878692] (commande_locale) StdoutLine: {'line': b'[ 81%] \x1b[32mBuilding CXX object CMakeFiles/commande_locale__rosidl_typesupport_fastrtps_cpp.dir/rosidl_typesupport_fastrtps_cpp/commande_locale/msg/detail/dds_fastrtps/msg_choix_mode__type_support.cpp.o\x1b[0m\n'}
[15.878857] (-) TimerEvent: {}
[15.878985] (commande_locale) StdoutLine: {'line': b'[ 82%] \x1b[32mBuilding CXX object CMakeFiles/commande_locale__rosidl_typesupport_fastrtps_c.dir/rosidl_typesupport_fastrtps_c/commande_locale/msg/detail/actionneurs__type_support_c.cpp.o\x1b[0m\n'}
[15.953894] (commande_locale) StdoutLine: {'line': b'[ 82%] Built target commande_locale__rosidl_typesupport_introspection_cpp\n'}
[15.966906] (commande_locale) StdoutLine: {'line': b'[ 82%] \x1b[32mBuilding CXX object CMakeFiles/commande_locale__rosidl_typesupport_fastrtps_c.dir/rosidl_typesupport_fastrtps_c/commande_locale/msg/detail/capteurs__type_support_c.cpp.o\x1b[0m\n'}
[15.979146] (-) TimerEvent: {}
[15.993698] (commande_locale) StdoutLine: {'line': b'[ 83%] \x1b[32mBuilding CXX object CMakeFiles/commande_locale__rosidl_typesupport_fastrtps_c.dir/rosidl_typesupport_fastrtps_c/commande_locale/msg/detail/msg_choix_mode__type_support_c.cpp.o\x1b[0m\n'}
[16.027917] (commande_locale) StdoutLine: {'line': b'[ 84%] \x1b[32mBuilding CXX object CMakeFiles/simulation.dir/src/commande_locale.cpp.o\x1b[0m\n'}
[16.035488] (commande_locale) StdoutLine: {'line': b'[ 84%] \x1b[32mBuilding CXX object CMakeFiles/simulation.dir/src/vrepController.cpp.o\x1b[0m\n'}
[16.085802] (-) TimerEvent: {}
[16.095981] (commande_locale) StdoutLine: {'line': b'[ 85%] \x1b[32mBuilding CXX object CMakeFiles/simulation.dir/src/inOutController.cpp.o\x1b[0m\n'}
[16.138595] (commande_locale) StdoutLine: {'line': b'[ 86%] \x1b[32m\x1b[1mLinking CXX shared library libcommande_locale__rosidl_typesupport_fastrtps_cpp.so\x1b[0m\n'}
[16.187819] (-) TimerEvent: {}
[16.204832] (commande_locale) StdoutLine: {'line': b'[ 86%] Built target commande_locale__rosidl_typesupport_fastrtps_cpp\n'}
[16.248395] (commande_locale) StdoutLine: {'line': b'[ 86%] \x1b[32m\x1b[1mLinking CXX shared library libcommande_locale__rosidl_typesupport_fastrtps_c.so\x1b[0m\n'}
[16.288182] (-) TimerEvent: {}
[16.301721] (commande_locale) StdoutLine: {'line': b'[ 86%] Built target commande_locale__rosidl_typesupport_fastrtps_c\n'}
[16.327440] (commande_locale) StdoutLine: {'line': b'[ 86%] Built target commande_locale\n'}
[16.353074] (commande_locale) StdoutLine: {'line': b'[ 87%] \x1b[34m\x1b[1mGenerating Python code for ROS interfaces\x1b[0m\n'}
[16.391490] (-) TimerEvent: {}
[16.650238] (-) TimerEvent: {}
[16.944103] (-) TimerEvent: {}
[17.047041] (-) TimerEvent: {}
[17.069566] (commande_locale) StdoutLine: {'line': b'[ 87%] Built target commande_locale__py\n'}
[17.093282] (commande_locale) StdoutLine: {'line': b'[ 87%] \x1b[32mBuilding C object CMakeFiles/commande_locale__rosidl_generator_py.dir/rosidl_generator_py/commande_locale/srv/_srv_fin_init_s.c.o\x1b[0m\n'}
[17.098780] (commande_locale) StdoutLine: {'line': b'[ 88%] \x1b[32mBuilding C object CMakeFiles/commande_locale__rosidl_generator_py.dir/rosidl_generator_py/commande_locale/msg/_msg_stop_control_s.c.o\x1b[0m\n'}
[17.106410] (commande_locale) StdoutLine: {'line': b'[ 89%] \x1b[32mBuilding C object CMakeFiles/commande_locale__rosidl_generator_py.dir/rosidl_generator_py/commande_locale/srv/_srv_add_product_s.c.o\x1b[0m\n'}
[17.109256] (commande_locale) StdoutLine: {'line': b'[ 89%] \x1b[32mBuilding C object CMakeFiles/commande_locale__rosidl_generator_py.dir/rosidl_generator_py/commande_locale/msg/_msg_add_product_s.c.o\x1b[0m\n'}
[17.110535] (commande_locale) StdoutLine: {'line': b'[ 90%] \x1b[32mBuilding C object CMakeFiles/commande_locale__rosidl_generator_py.dir/rosidl_generator_py/commande_locale/srv/_srv_add_product_push_back_s.c.o\x1b[0m\n'}
[17.163524] (-) TimerEvent: {}
[17.209075] (commande_locale) StdoutLine: {'line': b'[ 90%] \x1b[32mBuilding C object CMakeFiles/commande_locale__rosidl_generator_py.dir/rosidl_generator_py/commande_locale/msg/_msg_color_s.c.o\x1b[0m\n'}
[17.211601] (commande_locale) StdoutLine: {'line': b'[ 91%] \x1b[32mBuilding C object CMakeFiles/commande_locale__rosidl_generator_py.dir/rosidl_generator_py/commande_locale/msg/_msg_switch_control_s.c.o\x1b[0m\n'}
[17.235589] (commande_locale) StdoutLine: {'line': b'[ 92%] \x1b[32mBuilding C object CMakeFiles/commande_locale__rosidl_generator_py.dir/rosidl_generator_py/commande_locale/msg/_msg_pin_control_s.c.o\x1b[0m\n'}
[17.242350] (commande_locale) StdoutLine: {'line': b'[ 92%] \x1b[32mBuilding C object CMakeFiles/commande_locale__rosidl_generator_py.dir/rosidl_generator_py/commande_locale/msg/_msg_erreur_s.c.o\x1b[0m\n'}
[17.243055] (commande_locale) StdoutLine: {'line': b'[ 93%] \x1b[32mBuilding C object CMakeFiles/commande_locale__rosidl_generator_py.dir/rosidl_generator_py/commande_locale/msg/_robot_joints_s.c.o\x1b[0m\n'}
[17.297803] (commande_locale) StdoutLine: {'line': b'[ 93%] \x1b[32mBuilding C object CMakeFiles/commande_locale__rosidl_generator_py.dir/rosidl_generator_py/commande_locale/msg/_tache_finie_msg_s.c.o\x1b[0m\n'}
[17.298028] (-) TimerEvent: {}
[17.307615] (commande_locale) StdoutLine: {'line': b'[ 94%] \x1b[32mBuilding C object CMakeFiles/commande_locale__rosidl_generator_py.dir/rosidl_generator_py/commande_locale/msg/_deplacer_piece_msg_s.c.o\x1b[0m\n'}
[17.389990] (commande_locale) StdoutLine: {'line': b'[ 94%] \x1b[32mBuilding C object CMakeFiles/commande_locale__rosidl_generator_py.dir/rosidl_generator_py/commande_locale/msg/_actionneurs_s.c.o\x1b[0m\n'}
[17.398291] (-) TimerEvent: {}
[17.399845] (commande_locale) StdoutLine: {'line': b'[ 95%] \x1b[32mBuilding C object CMakeFiles/commande_locale__rosidl_generator_py.dir/rosidl_generator_py/commande_locale/msg/_capteurs_s.c.o\x1b[0m\n'}
[17.406253] (commande_locale) StdoutLine: {'line': b'[ 95%] \x1b[32mBuilding C object CMakeFiles/commande_locale__rosidl_generator_py.dir/rosidl_generator_py/commande_locale/msg/_msg_choix_mode_s.c.o\x1b[0m\n'}
[17.479596] (commande_locale) StdoutLine: {'line': b'[ 96%] \x1b[32m\x1b[1mLinking C shared library libcommande_locale__rosidl_generator_py.so\x1b[0m\n'}
[17.498569] (-) TimerEvent: {}
[17.526860] (commande_locale) StdoutLine: {'line': b'[ 96%] Built target commande_locale__rosidl_generator_py\n'}
[17.554303] (commande_locale) StdoutLine: {'line': b'[ 97%] \x1b[32mBuilding C object CMakeFiles/commande_locale_s__rosidl_typesupport_fastrtps_c.dir/rosidl_generator_py/commande_locale/_commande_locale_s.ep.rosidl_typesupport_fastrtps_c.c.o\x1b[0m\n'}
[17.554553] (commande_locale) StdoutLine: {'line': b'[ 98%] \x1b[32mBuilding C object CMakeFiles/commande_locale_s__rosidl_typesupport_introspection_c.dir/rosidl_generator_py/commande_locale/_commande_locale_s.ep.rosidl_typesupport_introspection_c.c.o\x1b[0m\n'}
[17.554619] (commande_locale) StdoutLine: {'line': b'[ 98%] \x1b[32mBuilding C object CMakeFiles/commande_locale_s__rosidl_typesupport_c.dir/rosidl_generator_py/commande_locale/_commande_locale_s.ep.rosidl_typesupport_c.c.o\x1b[0m\n'}
[17.602368] (-) TimerEvent: {}
[17.664154] (commande_locale) StdoutLine: {'line': b'[ 98%] \x1b[32m\x1b[1mLinking C shared module rosidl_generator_py/commande_locale/commande_locale_s__rosidl_typesupport_introspection_c.so\x1b[0m\n'}
[17.671024] (commande_locale) StdoutLine: {'line': b'[ 99%] \x1b[32m\x1b[1mLinking C shared module rosidl_generator_py/commande_locale/commande_locale_s__rosidl_typesupport_c.so\x1b[0m\n'}
[17.674701] (commande_locale) StdoutLine: {'line': b'[ 99%] \x1b[32m\x1b[1mLinking C shared module rosidl_generator_py/commande_locale/commande_locale_s__rosidl_typesupport_fastrtps_c.so\x1b[0m\n'}
[17.700975] (commande_locale) StdoutLine: {'line': b'[ 99%] Built target commande_locale_s__rosidl_typesupport_introspection_c\n'}
[17.702458] (-) TimerEvent: {}
[17.702593] (commande_locale) StdoutLine: {'line': b'[ 99%] Built target commande_locale_s__rosidl_typesupport_c\n'}
[17.716849] (commande_locale) StdoutLine: {'line': b'[ 99%] Built target commande_locale_s__rosidl_typesupport_fastrtps_c\n'}
[17.860055] (-) TimerEvent: {}
[18.036267] (-) TimerEvent: {}
[18.282393] (-) TimerEvent: {}
[18.446218] (-) TimerEvent: {}
[18.598151] (-) TimerEvent: {}
[18.700557] (-) TimerEvent: {}
[18.908916] (-) TimerEvent: {}
[19.045196] (-) TimerEvent: {}
[19.157132] (-) TimerEvent: {}
[19.264006] (-) TimerEvent: {}
[19.366678] (-) TimerEvent: {}
[19.467185] (-) TimerEvent: {}
[19.560002] (shuttles) StdoutLine: {'line': b'[100%] \x1b[32m\x1b[1mLinking CXX executable shuttle_manager\x1b[0m\n'}
[19.570435] (-) TimerEvent: {}
[19.671374] (-) TimerEvent: {}
[19.772674] (-) TimerEvent: {}
[19.874040] (-) TimerEvent: {}
[19.883009] (shuttles) StdoutLine: {'line': b'[100%] Built target shuttle_manager\n'}
[19.894116] (shuttles) CommandEnded: {'returncode': 0}
[19.896286] (shuttles) JobProgress: {'identifier': 'shuttles', 'progress': 'install'}
[19.896317] (shuttles) Command: {'cmd': ['/usr/bin/cmake', '--install', '/home/user/celluleflexible_en_cours_ROS2/celluleflexible/ros_ws/build/shuttles'], 'cwd': '/home/user/celluleflexible_en_cours_ROS2/celluleflexible/ros_ws/build/shuttles', 'env': OrderedDict({'LESSOPEN': '| /usr/bin/lesspipe %s', 'USER': 'user', 'XDG_SESSION_TYPE': 'wayland', 'SHLVL': '1', 'LD_LIBRARY_PATH': '/home/user/celluleflexible_en_cours_ROS2/celluleflexible/ros_ws/install/aiguillages/lib:/opt/ros/jazzy/opt/rviz_ogre_vendor/lib:/opt/ros/jazzy/lib/x86_64-linux-gnu:/opt/ros/jazzy/opt/gz_math_vendor/lib:/opt/ros/jazzy/opt/gz_utils_vendor/lib:/opt/ros/jazzy/opt/gz_cmake_vendor/lib:/opt/ros/jazzy/lib', 'HOME': '/home/user', 'DESKTOP_SESSION': 'ubuntu', 'ROS_PYTHON_VERSION': '3', 'GNOME_SHELL_SESSION_MODE': 'ubuntu', 'GTK_MODULES': 'gail:atk-bridge', 'DBUS_STARTER_BUS_TYPE': 'session', 'SYSTEMD_EXEC_PID': '2225', 'GSM_SKIP_SSH_AGENT_WORKAROUND': 'true', 'DBUS_SESSION_BUS_ADDRESS': 'unix:path=/run/user/1000/bus,guid=f75c24bd1d3f9e0a6c32f4fd699c0ca3', 'COLORTERM': 'truecolor', 'DEBUGINFOD_URLS': 'https://debuginfod.ubuntu.com', 'IM_CONFIG_PHASE': '1', 'WAYLAND_DISPLAY': 'wayland-0', 'ROS_DISTRO': 'jazzy', 'LOGNAME': 'user', '_': '/usr/bin/colcon', 'ROS_VERSION': '2', 'MEMORY_PRESSURE_WATCH': '/sys/fs/cgroup/user.slice/user-1000.slice/user@1000.service/app.slice/app-gnome\\x2dsession\\x2dmanager.slice/gnome-session-manager@ubuntu.service/memory.pressure', 'XDG_SESSION_CLASS': 'user', 'USERNAME': 'user', 'TERM': 'xterm-256color', 'GNOME_DESKTOP_SESSION_ID': 'this-is-deprecated', 'PATH': '/opt/ros/jazzy/bin:/usr/local/sbin:/usr/local/bin:/usr/sbin:/usr/bin:/sbin:/bin:/usr/games:/usr/local/games:/snap/bin:/snap/bin', 'SESSION_MANAGER': 'local/Ubuntu:@/tmp/.ICE-unix/2225,unix/Ubuntu:/tmp/.ICE-unix/2225', 'XDG_MENU_PREFIX': 'gnome-', 'GNOME_TERMINAL_SCREEN': '/org/gnome/Terminal/screen/fd7d161f_b0cd_4c91_9d8b_6a28dde0713a', 'GNOME_SETUP_DISPLAY': ':1', 'XDG_RUNTIME_DIR': '/run/user/1000', 'DISPLAY': ':0', 'LANG': 'en_US.UTF-8', 'XDG_CURRENT_DESKTOP': 'ubuntu:GNOME', 'XMODIFIERS': '@im=ibus', 'XDG_SESSION_DESKTOP': 'ubuntu', 'XAUTHORITY': '/run/user/1000/.mutter-Xwaylandauth.5JJ1K3', 'LS_COLORS': 'rs=0:di=01;34:ln=01;36:mh=00:pi=40;33:so=01;35:do=01;35:bd=40;33;01:cd=40;33;01:or=40;31;01:mi=00:su=37;41:sg=30;43:ca=00:tw=30;42:ow=34;42:st=37;44:ex=01;32:*.tar=01;31:*.tgz=01;31:*.arc=01;31:*.arj=01;31:*.taz=01;31:*.lha=01;31:*.lz4=01;31:*.lzh=01;31:*.lzma=01;31:*.tlz=01;31:*.txz=01;31:*.tzo=01;31:*.t7z=01;31:*.zip=01;31:*.z=01;31:*.dz=01;31:*.gz=01;31:*.lrz=01;31:*.lz=01;31:*.lzo=01;31:*.xz=01;31:*.zst=01;31:*.tzst=01;31:*.bz2=01;31:*.bz=01;31:*.tbz=01;31:*.tbz2=01;31:*.tz=01;31:*.deb=01;31:*.rpm=01;31:*.jar=01;31:*.war=01;31:*.ear=01;31:*.sar=01;31:*.rar=01;31:*.alz=01;31:*.ace=01;31:*.zoo=01;31:*.cpio=01;31:*.7z=01;31:*.rz=01;31:*.cab=01;31:*.wim=01;31:*.swm=01;31:*.dwm=01;31:*.esd=01;31:*.avif=01;35:*.jpg=01;35:*.jpeg=01;35:*.mjpg=01;35:*.mjpeg=01;35:*.gif=01;35:*.bmp=01;35:*.pbm=01;35:*.pgm=01;35:*.ppm=01;35:*.tga=01;35:*.xbm=01;35:*.xpm=01;35:*.tif=01;35:*.tiff=01;35:*.png=01;35:*.svg=01;35:*.svgz=01;35:*.mng=01;35:*.pcx=01;35:*.mov=01;35:*.mpg=01;35:*.mpeg=01;35:*.m2v=01;35:*.mkv=01;35:*.webm=01;35:*.webp=01;35:*.ogm=01;35:*.mp4=01;35:*.m4v=01;35:*.mp4v=01;35:*.vob=01;35:*.qt=01;35:*.nuv=01;35:*.wmv=01;35:*.asf=01;35:*.rm=01;35:*.rmvb=01;35:*.flc=01;35:*.avi=01;35:*.fli=01;35:*.flv=01;35:*.gl=01;35:*.dl=01;35:*.xcf=01;35:*.xwd=01;35:*.yuv=01;35:*.cgm=01;35:*.emf=01;35:*.ogv=01;35:*.ogx=01;35:*.aac=00;36:*.au=00;36:*.flac=00;36:*.m4a=00;36:*.mid=00;36:*.midi=00;36:*.mka=00;36:*.mp3=00;36:*.mpc=00;36:*.ogg=00;36:*.ra=00;36:*.wav=00;36:*.oga=00;36:*.opus=00;36:*.spx=00;36:*.xspf=00;36:*~=00;90:*#=00;90:*.bak=00;90:*.crdownload=00;90:*.dpkg-dist=00;90:*.dpkg-new=00;90:*.dpkg-old=00;90:*.dpkg-tmp=00;90:*.old=00;90:*.orig=00;90:*.part=00;90:*.rej=00;90:*.rpmnew=00;90:*.rpmorig=00;90:*.rpmsave=00;90:*.swp=00;90:*.tmp=00;90:*.ucf-dist=00;90:*.ucf-new=00;90:*.ucf-old=00;90:', 'GNOME_TERMINAL_SERVICE': ':1.1258', 'SSH_AUTH_SOCK': '/run/user/1000/keyring/ssh', 'AMENT_PREFIX_PATH': '/home/user/celluleflexible_en_cours_ROS2/celluleflexible/ros_ws/install/aiguillages:/opt/ros/jazzy', 'SHELL': '/bin/bash', 'QT_ACCESSIBILITY': '1', 'GDMSESSION': 'ubuntu', 'LESSCLOSE': '/usr/bin/lesspipe %s %s', 'ROS_AUTOMATIC_DISCOVERY_RANGE': 'SUBNET', 'QT_IM_MODULE': 'ibus', 'PWD': '/home/user/celluleflexible_en_cours_ROS2/celluleflexible/ros_ws/build/shuttles', 'LC_ALL': 'en_US.UTF-8', 'XDG_CONFIG_DIRS': '/etc/xdg/xdg-ubuntu:/etc/xdg', 'DBUS_STARTER_ADDRESS': 'unix:path=/run/user/1000/bus,guid=f75c24bd1d3f9e0a6c32f4fd699c0ca3', 'XDG_DATA_DIRS': '/usr/share/ubuntu:/usr/share/gnome:/usr/local/share/:/usr/share/:/var/lib/snapd/desktop', 'PYTHONPATH': '/home/user/celluleflexible_en_cours_ROS2/celluleflexible/ros_ws/install/aiguillages/lib/python3.12/site-packages:/opt/ros/jazzy/lib/python3.12/site-packages', 'COLCON': '1', 'MEMORY_PRESSURE_WRITE': 'c29tZSAyMDAwMDAgMjAwMDAwMAA=', 'VTE_VERSION': '7600', 'CMAKE_PREFIX_PATH': '/home/user/celluleflexible_en_cours_ROS2/celluleflexible/ros_ws/install/aiguillages:/opt/ros/jazzy/opt/gz_math_vendor:/opt/ros/jazzy/opt/gz_utils_vendor:/opt/ros/jazzy/opt/gz_cmake_vendor:/opt/ros/jazzy'}), 'shell': False}
[19.904284] (shuttles) StdoutLine: {'line': b'-- Install configuration: ""\n'}
[19.904620] (shuttles) StdoutLine: {'line': b'-- Installing: /home/user/celluleflexible_en_cours_ROS2/celluleflexible/ros_ws/install/shuttles/share/ament_index/resource_index/rosidl_interfaces/shuttles\n'}
[19.904762] (shuttles) StdoutLine: {'line': b'-- Installing: /home/user/celluleflexible_en_cours_ROS2/celluleflexible/ros_ws/install/shuttles/share/shuttles/msg/MsgShuttleChange.json\n'}
[19.904994] (shuttles) StdoutLine: {'line': b'-- Installing: /home/user/celluleflexible_en_cours_ROS2/celluleflexible/ros_ws/install/shuttles/share/shuttles/msg/MsgShuttleCreate.json\n'}
[19.905088] (shuttles) StdoutLine: {'line': b'-- Installing: /home/user/celluleflexible_en_cours_ROS2/celluleflexible/ros_ws/install/shuttles/share/shuttles/msg/MsgErreur.json\n'}
[19.905205] (shuttles) StdoutLine: {'line': b'-- Installing: /home/user/celluleflexible_en_cours_ROS2/celluleflexible/ros_ws/install/shuttles/share/shuttles/srv/ShuttleId.json\n'}
[19.905236] (shuttles) StdoutLine: {'line': b'-- Installing: /home/user/celluleflexible_en_cours_ROS2/celluleflexible/ros_ws/install/shuttles/include/shuttles/shuttles\n'}
[19.905299] (shuttles) StdoutLine: {'line': b'-- Installing: /home/user/celluleflexible_en_cours_ROS2/celluleflexible/ros_ws/install/shuttles/include/shuttles/shuttles/msg\n'}
[19.905399] (shuttles) StdoutLine: {'line': b'-- Installing: /home/user/celluleflexible_en_cours_ROS2/celluleflexible/ros_ws/install/shuttles/include/shuttles/shuttles/msg/msg_shuttle_create.h\n'}
[19.905473] (shuttles) StdoutLine: {'line': b'-- Installing: /home/user/celluleflexible_en_cours_ROS2/celluleflexible/ros_ws/install/shuttles/include/shuttles/shuttles/msg/msg_shuttle_change.h\n'}
[19.905642] (shuttles) StdoutLine: {'line': b'-- Installing: /home/user/celluleflexible_en_cours_ROS2/celluleflexible/ros_ws/install/shuttles/include/shuttles/shuttles/msg/rosidl_generator_c__visibility_control.h\n'}
[19.905683] (shuttles) StdoutLine: {'line': b'-- Installing: /home/user/celluleflexible_en_cours_ROS2/celluleflexible/ros_ws/install/shuttles/include/shuttles/shuttles/msg/msg_erreur.h\n'}
[19.905737] (shuttles) StdoutLine: {'line': b'-- Installing: /home/user/celluleflexible_en_cours_ROS2/celluleflexible/ros_ws/install/shuttles/include/shuttles/shuttles/msg/detail\n'}
[19.905813] (shuttles) StdoutLine: {'line': b'-- Installing: /home/user/celluleflexible_en_cours_ROS2/celluleflexible/ros_ws/install/shuttles/include/shuttles/shuttles/msg/detail/msg_shuttle_change__functions.h\n'}
[19.906037] (shuttles) StdoutLine: {'line': b'-- Installing: /home/user/celluleflexible_en_cours_ROS2/celluleflexible/ros_ws/install/shuttles/include/shuttles/shuttles/msg/detail/msg_erreur__functions.h\n'}
[19.906157] (shuttles) StdoutLine: {'line': b'-- Installing: /home/user/celluleflexible_en_cours_ROS2/celluleflexible/ros_ws/install/shuttles/include/shuttles/shuttles/msg/detail/msg_shuttle_create__functions.c\n'}
[19.906318] (shuttles) StdoutLine: {'line': b'-- Installing: /home/user/celluleflexible_en_cours_ROS2/celluleflexible/ros_ws/install/shuttles/include/shuttles/shuttles/msg/detail/msg_shuttle_create__type_support.c\n'}
[19.906431] (shuttles) StdoutLine: {'line': b'-- Installing: /home/user/celluleflexible_en_cours_ROS2/celluleflexible/ros_ws/install/shuttles/include/shuttles/shuttles/msg/detail/msg_shuttle_create__struct.h\n'}
[19.906508] (shuttles) StdoutLine: {'line': b'-- Installing: /home/user/celluleflexible_en_cours_ROS2/celluleflexible/ros_ws/install/shuttles/include/shuttles/shuttles/msg/detail/msg_erreur__type_support.h\n'}
[19.906653] (shuttles) StdoutLine: {'line': b'-- Installing: /home/user/celluleflexible_en_cours_ROS2/celluleflexible/ros_ws/install/shuttles/include/shuttles/shuttles/msg/detail/msg_shuttle_change__struct.h\n'}
[19.906686] (shuttles) StdoutLine: {'line': b'-- Installing: /home/user/celluleflexible_en_cours_ROS2/celluleflexible/ros_ws/install/shuttles/include/shuttles/shuttles/msg/detail/msg_erreur__struct.h\n'}
[19.906713] (shuttles) StdoutLine: {'line': b'-- Installing: /home/user/celluleflexible_en_cours_ROS2/celluleflexible/ros_ws/install/shuttles/include/shuttles/shuttles/msg/detail/msg_shuttle_change__description.c\n'}
[19.906777] (shuttles) StdoutLine: {'line': b'-- Installing: /home/user/celluleflexible_en_cours_ROS2/celluleflexible/ros_ws/install/shuttles/include/shuttles/shuttles/msg/detail/msg_erreur__functions.c\n'}
[19.907705] (shuttles) StdoutLine: {'line': b'-- Installing: /home/user/celluleflexible_en_cours_ROS2/celluleflexible/ros_ws/install/shuttles/include/shuttles/shuttles/msg/detail/msg_shuttle_create__description.c\n'}
[19.907822] (shuttles) StdoutLine: {'line': b'-- Installing: /home/user/celluleflexible_en_cours_ROS2/celluleflexible/ros_ws/install/shuttles/include/shuttles/shuttles/msg/detail/msg_shuttle_change__type_support.c\n'}
[19.907941] (shuttles) StdoutLine: {'line': b'-- Installing: /home/user/celluleflexible_en_cours_ROS2/celluleflexible/ros_ws/install/shuttles/include/shuttles/shuttles/msg/detail/msg_erreur__description.c\n'}
[19.907968] (shuttles) StdoutLine: {'line': b'-- Installing: /home/user/celluleflexible_en_cours_ROS2/celluleflexible/ros_ws/install/shuttles/include/shuttles/shuttles/msg/detail/msg_erreur__type_support.c\n'}
[19.907992] (shuttles) StdoutLine: {'line': b'-- Installing: /home/user/celluleflexible_en_cours_ROS2/celluleflexible/ros_ws/install/shuttles/include/shuttles/shuttles/msg/detail/msg_shuttle_change__type_support.h\n'}
[19.908015] (shuttles) StdoutLine: {'line': b'-- Installing: /home/user/celluleflexible_en_cours_ROS2/celluleflexible/ros_ws/install/shuttles/include/shuttles/shuttles/msg/detail/msg_shuttle_create__functions.h\n'}
[19.908076] (shuttles) StdoutLine: {'line': b'-- Installing: /home/user/celluleflexible_en_cours_ROS2/celluleflexible/ros_ws/install/shuttles/include/shuttles/shuttles/msg/detail/msg_shuttle_create__type_support.h\n'}
[19.908189] (shuttles) StdoutLine: {'line': b'-- Installing: /home/user/celluleflexible_en_cours_ROS2/celluleflexible/ros_ws/install/shuttles/include/shuttles/shuttles/msg/detail/msg_shuttle_change__functions.c\n'}
[19.908216] (shuttles) StdoutLine: {'line': b'-- Installing: /home/user/celluleflexible_en_cours_ROS2/celluleflexible/ros_ws/install/shuttles/include/shuttles/shuttles/srv\n'}
[19.908242] (shuttles) StdoutLine: {'line': b'-- Installing: /home/user/celluleflexible_en_cours_ROS2/celluleflexible/ros_ws/install/shuttles/include/shuttles/shuttles/srv/shuttle_id.h\n'}
[19.908328] (shuttles) StdoutLine: {'line': b'-- Installing: /home/user/celluleflexible_en_cours_ROS2/celluleflexible/ros_ws/install/shuttles/include/shuttles/shuttles/srv/detail\n'}
[19.908399] (shuttles) StdoutLine: {'line': b'-- Installing: /home/user/celluleflexible_en_cours_ROS2/celluleflexible/ros_ws/install/shuttles/include/shuttles/shuttles/srv/detail/shuttle_id__type_support.c\n'}
[19.908471] (shuttles) StdoutLine: {'line': b'-- Installing: /home/user/celluleflexible_en_cours_ROS2/celluleflexible/ros_ws/install/shuttles/include/shuttles/shuttles/srv/detail/shuttle_id__struct.h\n'}
[19.908558] (shuttles) StdoutLine: {'line': b'-- Installing: /home/user/celluleflexible_en_cours_ROS2/celluleflexible/ros_ws/install/shuttles/include/shuttles/shuttles/srv/detail/shuttle_id__functions.c\n'}
[19.908634] (shuttles) StdoutLine: {'line': b'-- Installing: /home/user/celluleflexible_en_cours_ROS2/celluleflexible/ros_ws/install/shuttles/include/shuttles/shuttles/srv/detail/shuttle_id__functions.h\n'}
[19.908997] (shuttles) StdoutLine: {'line': b'-- Installing: /home/user/celluleflexible_en_cours_ROS2/celluleflexible/ros_ws/install/shuttles/include/shuttles/shuttles/srv/detail/shuttle_id__type_support.h\n'}
[19.909070] (shuttles) StdoutLine: {'line': b'-- Installing: /home/user/celluleflexible_en_cours_ROS2/celluleflexible/ros_ws/install/shuttles/include/shuttles/shuttles/srv/detail/shuttle_id__description.c\n'}
[19.909157] (shuttles) StdoutLine: {'line': b'-- Installing: /home/user/celluleflexible_en_cours_ROS2/celluleflexible/ros_ws/install/shuttles/share/shuttles/environment/library_path.sh\n'}
[19.909229] (shuttles) StdoutLine: {'line': b'-- Installing: /home/user/celluleflexible_en_cours_ROS2/celluleflexible/ros_ws/install/shuttles/share/shuttles/environment/library_path.dsv\n'}
[19.909417] (shuttles) StdoutLine: {'line': b'-- Installing: /home/user/celluleflexible_en_cours_ROS2/celluleflexible/ros_ws/install/shuttles/lib/libshuttles__rosidl_generator_c.so\n'}
[19.909463] (shuttles) StdoutLine: {'line': b'-- Set non-toolchain portion of runtime path of "/home/user/celluleflexible_en_cours_ROS2/celluleflexible/ros_ws/install/shuttles/lib/libshuttles__rosidl_generator_c.so" to ""\n'}
[19.909521] (shuttles) StdoutLine: {'line': b'-- Up-to-date: /home/user/celluleflexible_en_cours_ROS2/celluleflexible/ros_ws/install/shuttles/include/shuttles/shuttles\n'}
[19.909640] (shuttles) StdoutLine: {'line': b'-- Up-to-date: /home/user/celluleflexible_en_cours_ROS2/celluleflexible/ros_ws/install/shuttles/include/shuttles/shuttles/msg\n'}
[19.909671] (shuttles) StdoutLine: {'line': b'-- Installing: /home/user/celluleflexible_en_cours_ROS2/celluleflexible/ros_ws/install/shuttles/include/shuttles/shuttles/msg/rosidl_typesupport_fastrtps_c__visibility_control.h\n'}
[19.909742] (shuttles) StdoutLine: {'line': b'-- Up-to-date: /home/user/celluleflexible_en_cours_ROS2/celluleflexible/ros_ws/install/shuttles/include/shuttles/shuttles/msg/detail\n'}
[19.909815] (shuttles) StdoutLine: {'line': b'-- Installing: /home/user/celluleflexible_en_cours_ROS2/celluleflexible/ros_ws/install/shuttles/include/shuttles/shuttles/msg/detail/msg_erreur__rosidl_typesupport_fastrtps_c.h\n'}
[19.910040] (shuttles) StdoutLine: {'line': b'-- Installing: /home/user/celluleflexible_en_cours_ROS2/celluleflexible/ros_ws/install/shuttles/include/shuttles/shuttles/msg/detail/msg_shuttle_change__rosidl_typesupport_fastrtps_c.h\n'}
[19.910115] (shuttles) StdoutLine: {'line': b'-- Installing: /home/user/celluleflexible_en_cours_ROS2/celluleflexible/ros_ws/install/shuttles/include/shuttles/shuttles/msg/detail/msg_shuttle_create__rosidl_typesupport_fastrtps_c.h\n'}
[19.910204] (shuttles) StdoutLine: {'line': b'-- Up-to-date: /home/user/celluleflexible_en_cours_ROS2/celluleflexible/ros_ws/install/shuttles/include/shuttles/shuttles/srv\n'}
[19.910293] (shuttles) StdoutLine: {'line': b'-- Up-to-date: /home/user/celluleflexible_en_cours_ROS2/celluleflexible/ros_ws/install/shuttles/include/shuttles/shuttles/srv/detail\n'}
[19.910364] (shuttles) StdoutLine: {'line': b'-- Installing: /home/user/celluleflexible_en_cours_ROS2/celluleflexible/ros_ws/install/shuttles/include/shuttles/shuttles/srv/detail/shuttle_id__rosidl_typesupport_fastrtps_c.h\n'}
[19.910451] (shuttles) StdoutLine: {'line': b'-- Installing: /home/user/celluleflexible_en_cours_ROS2/celluleflexible/ros_ws/install/shuttles/lib/libshuttles__rosidl_typesupport_fastrtps_c.so\n'}
[19.910569] (shuttles) StdoutLine: {'line': b'-- Set non-toolchain portion of runtime path of "/home/user/celluleflexible_en_cours_ROS2/celluleflexible/ros_ws/install/shuttles/lib/libshuttles__rosidl_typesupport_fastrtps_c.so" to ""\n'}
[19.910656] (shuttles) StdoutLine: {'line': b'-- Up-to-date: /home/user/celluleflexible_en_cours_ROS2/celluleflexible/ros_ws/install/shuttles/include/shuttles/shuttles\n'}
[19.910729] (shuttles) StdoutLine: {'line': b'-- Up-to-date: /home/user/celluleflexible_en_cours_ROS2/celluleflexible/ros_ws/install/shuttles/include/shuttles/shuttles/msg\n'}
[19.910838] (shuttles) StdoutLine: {'line': b'-- Installing: /home/user/celluleflexible_en_cours_ROS2/celluleflexible/ros_ws/install/shuttles/include/shuttles/shuttles/msg/rosidl_generator_cpp__visibility_control.hpp\n'}
[19.910881] (shuttles) StdoutLine: {'line': b'-- Installing: /home/user/celluleflexible_en_cours_ROS2/celluleflexible/ros_ws/install/shuttles/include/shuttles/shuttles/msg/msg_shuttle_change.hpp\n'}
[19.910907] (shuttles) StdoutLine: {'line': b'-- Installing: /home/user/celluleflexible_en_cours_ROS2/celluleflexible/ros_ws/install/shuttles/include/shuttles/shuttles/msg/msg_shuttle_create.hpp\n'}
[19.911135] (shuttles) StdoutLine: {'line': b'-- Up-to-date: /home/user/celluleflexible_en_cours_ROS2/celluleflexible/ros_ws/install/shuttles/include/shuttles/shuttles/msg/detail\n'}
[19.911222] (shuttles) StdoutLine: {'line': b'-- Installing: /home/user/celluleflexible_en_cours_ROS2/celluleflexible/ros_ws/install/shuttles/include/shuttles/shuttles/msg/detail/msg_shuttle_change__type_support.hpp\n'}
[19.911254] (shuttles) StdoutLine: {'line': b'-- Installing: /home/user/celluleflexible_en_cours_ROS2/celluleflexible/ros_ws/install/shuttles/include/shuttles/shuttles/msg/detail/msg_shuttle_change__traits.hpp\n'}
[19.911315] (shuttles) StdoutLine: {'line': b'-- Installing: /home/user/celluleflexible_en_cours_ROS2/celluleflexible/ros_ws/install/shuttles/include/shuttles/shuttles/msg/detail/msg_shuttle_create__traits.hpp\n'}
[19.911393] (shuttles) StdoutLine: {'line': b'-- Installing: /home/user/celluleflexible_en_cours_ROS2/celluleflexible/ros_ws/install/shuttles/include/shuttles/shuttles/msg/detail/msg_erreur__traits.hpp\n'}
[19.911491] (shuttles) StdoutLine: {'line': b'-- Installing: /home/user/celluleflexible_en_cours_ROS2/celluleflexible/ros_ws/install/shuttles/include/shuttles/shuttles/msg/detail/msg_erreur__struct.hpp\n'}
[19.911576] (shuttles) StdoutLine: {'line': b'-- Installing: /home/user/celluleflexible_en_cours_ROS2/celluleflexible/ros_ws/install/shuttles/include/shuttles/shuttles/msg/detail/msg_erreur__type_support.hpp\n'}
[19.911608] (shuttles) StdoutLine: {'line': b'-- Installing: /home/user/celluleflexible_en_cours_ROS2/celluleflexible/ros_ws/install/shuttles/include/shuttles/shuttles/msg/detail/msg_shuttle_create__builder.hpp\n'}
[19.911672] (shuttles) StdoutLine: {'line': b'-- Installing: /home/user/celluleflexible_en_cours_ROS2/celluleflexible/ros_ws/install/shuttles/include/shuttles/shuttles/msg/detail/msg_shuttle_create__type_support.hpp\n'}
[19.911738] (shuttles) StdoutLine: {'line': b'-- Installing: /home/user/celluleflexible_en_cours_ROS2/celluleflexible/ros_ws/install/shuttles/include/shuttles/shuttles/msg/detail/msg_erreur__builder.hpp\n'}
[19.911906] (shuttles) StdoutLine: {'line': b'-- Installing: /home/user/celluleflexible_en_cours_ROS2/celluleflexible/ros_ws/install/shuttles/include/shuttles/shuttles/msg/detail/msg_shuttle_change__builder.hpp\n'}
[19.911941] (shuttles) StdoutLine: {'line': b'-- Installing: /home/user/celluleflexible_en_cours_ROS2/celluleflexible/ros_ws/install/shuttles/include/shuttles/shuttles/msg/detail/msg_shuttle_create__struct.hpp\n'}
[19.911966] (shuttles) StdoutLine: {'line': b'-- Installing: /home/user/celluleflexible_en_cours_ROS2/celluleflexible/ros_ws/install/shuttles/include/shuttles/shuttles/msg/detail/msg_shuttle_change__struct.hpp\n'}
[19.911990] (shuttles) StdoutLine: {'line': b'-- Installing: /home/user/celluleflexible_en_cours_ROS2/celluleflexible/ros_ws/install/shuttles/include/shuttles/shuttles/msg/msg_erreur.hpp\n'}
[19.912013] (shuttles) StdoutLine: {'line': b'-- Up-to-date: /home/user/celluleflexible_en_cours_ROS2/celluleflexible/ros_ws/install/shuttles/include/shuttles/shuttles/srv\n'}
[19.912036] (shuttles) StdoutLine: {'line': b'-- Installing: /home/user/celluleflexible_en_cours_ROS2/celluleflexible/ros_ws/install/shuttles/include/shuttles/shuttles/srv/shuttle_id.hpp\n'}
[19.912209] (shuttles) StdoutLine: {'line': b'-- Up-to-date: /home/user/celluleflexible_en_cours_ROS2/celluleflexible/ros_ws/install/shuttles/include/shuttles/shuttles/srv/detail\n'}
[19.912289] (shuttles) StdoutLine: {'line': b'-- Installing: /home/user/celluleflexible_en_cours_ROS2/celluleflexible/ros_ws/install/shuttles/include/shuttles/shuttles/srv/detail/shuttle_id__type_support.hpp\n'}
[19.912357] (shuttles) StdoutLine: {'line': b'-- Installing: /home/user/celluleflexible_en_cours_ROS2/celluleflexible/ros_ws/install/shuttles/include/shuttles/shuttles/srv/detail/shuttle_id__struct.hpp\n'}
[19.912386] (shuttles) StdoutLine: {'line': b'-- Installing: /home/user/celluleflexible_en_cours_ROS2/celluleflexible/ros_ws/install/shuttles/include/shuttles/shuttles/srv/detail/shuttle_id__builder.hpp\n'}
[19.912448] (shuttles) StdoutLine: {'line': b'-- Installing: /home/user/celluleflexible_en_cours_ROS2/celluleflexible/ros_ws/install/shuttles/include/shuttles/shuttles/srv/detail/shuttle_id__traits.hpp\n'}
[19.912513] (shuttles) StdoutLine: {'line': b'-- Up-to-date: /home/user/celluleflexible_en_cours_ROS2/celluleflexible/ros_ws/install/shuttles/include/shuttles/shuttles\n'}
[19.912605] (shuttles) StdoutLine: {'line': b'-- Up-to-date: /home/user/celluleflexible_en_cours_ROS2/celluleflexible/ros_ws/install/shuttles/include/shuttles/shuttles/msg\n'}
[19.912633] (shuttles) StdoutLine: {'line': b'-- Up-to-date: /home/user/celluleflexible_en_cours_ROS2/celluleflexible/ros_ws/install/shuttles/include/shuttles/shuttles/msg/detail\n'}
[19.912659] (shuttles) StdoutLine: {'line': b'-- Installing: /home/user/celluleflexible_en_cours_ROS2/celluleflexible/ros_ws/install/shuttles/include/shuttles/shuttles/msg/detail/dds_fastrtps\n'}
[19.912683] (shuttles) StdoutLine: {'line': b'-- Installing: /home/user/celluleflexible_en_cours_ROS2/celluleflexible/ros_ws/install/shuttles/include/shuttles/shuttles/msg/detail/msg_shuttle_create__rosidl_typesupport_fastrtps_cpp.hpp\n'}
[19.912709] (shuttles) StdoutLine: {'line': b'-- Installing: /home/user/celluleflexible_en_cours_ROS2/celluleflexible/ros_ws/install/shuttles/include/shuttles/shuttles/msg/detail/msg_shuttle_change__rosidl_typesupport_fastrtps_cpp.hpp\n'}
[19.912791] (shuttles) StdoutLine: {'line': b'-- Installing: /home/user/celluleflexible_en_cours_ROS2/celluleflexible/ros_ws/install/shuttles/include/shuttles/shuttles/msg/detail/msg_erreur__rosidl_typesupport_fastrtps_cpp.hpp\n'}
[19.912818] (shuttles) StdoutLine: {'line': b'-- Installing: /home/user/celluleflexible_en_cours_ROS2/celluleflexible/ros_ws/install/shuttles/include/shuttles/shuttles/msg/rosidl_typesupport_fastrtps_cpp__visibility_control.h\n'}
[19.912842] (shuttles) StdoutLine: {'line': b'-- Up-to-date: /home/user/celluleflexible_en_cours_ROS2/celluleflexible/ros_ws/install/shuttles/include/shuttles/shuttles/srv\n'}
[19.912866] (shuttles) StdoutLine: {'line': b'-- Up-to-date: /home/user/celluleflexible_en_cours_ROS2/celluleflexible/ros_ws/install/shuttles/include/shuttles/shuttles/srv/detail\n'}
[19.913089] (shuttles) StdoutLine: {'line': b'-- Installing: /home/user/celluleflexible_en_cours_ROS2/celluleflexible/ros_ws/install/shuttles/include/shuttles/shuttles/srv/detail/shuttle_id__rosidl_typesupport_fastrtps_cpp.hpp\n'}
[19.913155] (shuttles) StdoutLine: {'line': b'-- Installing: /home/user/celluleflexible_en_cours_ROS2/celluleflexible/ros_ws/install/shuttles/include/shuttles/shuttles/srv/detail/dds_fastrtps\n'}
[19.913224] (shuttles) StdoutLine: {'line': b'-- Installing: /home/user/celluleflexible_en_cours_ROS2/celluleflexible/ros_ws/install/shuttles/lib/libshuttles__rosidl_typesupport_fastrtps_cpp.so\n'}
[19.913293] (shuttles) StdoutLine: {'line': b'-- Set non-toolchain portion of runtime path of "/home/user/celluleflexible_en_cours_ROS2/celluleflexible/ros_ws/install/shuttles/lib/libshuttles__rosidl_typesupport_fastrtps_cpp.so" to ""\n'}
[19.913360] (shuttles) StdoutLine: {'line': b'-- Up-to-date: /home/user/celluleflexible_en_cours_ROS2/celluleflexible/ros_ws/install/shuttles/include/shuttles/shuttles\n'}
[19.913479] (shuttles) StdoutLine: {'line': b'-- Up-to-date: /home/user/celluleflexible_en_cours_ROS2/celluleflexible/ros_ws/install/shuttles/include/shuttles/shuttles/msg\n'}
[19.913507] (shuttles) StdoutLine: {'line': b'-- Installing: /home/user/celluleflexible_en_cours_ROS2/celluleflexible/ros_ws/install/shuttles/include/shuttles/shuttles/msg/rosidl_typesupport_introspection_c__visibility_control.h\n'}
[19.913531] (shuttles) StdoutLine: {'line': b'-- Up-to-date: /home/user/celluleflexible_en_cours_ROS2/celluleflexible/ros_ws/install/shuttles/include/shuttles/shuttles/msg/detail\n'}
[19.913583] (shuttles) StdoutLine: {'line': b'-- Installing: /home/user/celluleflexible_en_cours_ROS2/celluleflexible/ros_ws/install/shuttles/include/shuttles/shuttles/msg/detail/msg_shuttle_create__type_support.c\n'}
[19.913652] (shuttles) StdoutLine: {'line': b'-- Installing: /home/user/celluleflexible_en_cours_ROS2/celluleflexible/ros_ws/install/shuttles/include/shuttles/shuttles/msg/detail/msg_shuttle_change__rosidl_typesupport_introspection_c.h\n'}
[19.913719] (shuttles) StdoutLine: {'line': b'-- Installing: /home/user/celluleflexible_en_cours_ROS2/celluleflexible/ros_ws/install/shuttles/include/shuttles/shuttles/msg/detail/msg_shuttle_change__type_support.c\n'}
[19.913988] (shuttles) StdoutLine: {'line': b'-- Installing: /home/user/celluleflexible_en_cours_ROS2/celluleflexible/ros_ws/install/shuttles/include/shuttles/shuttles/msg/detail/msg_erreur__type_support.c\n'}
[19.914089] (shuttles) StdoutLine: {'line': b'-- Installing: /home/user/celluleflexible_en_cours_ROS2/celluleflexible/ros_ws/install/shuttles/include/shuttles/shuttles/msg/detail/msg_shuttle_create__rosidl_typesupport_introspection_c.h\n'}
[19.914160] (shuttles) StdoutLine: {'line': b'-- Installing: /home/user/celluleflexible_en_cours_ROS2/celluleflexible/ros_ws/install/shuttles/include/shuttles/shuttles/msg/detail/msg_erreur__rosidl_typesupport_introspection_c.h\n'}
[19.914230] (shuttles) StdoutLine: {'line': b'-- Up-to-date: /home/user/celluleflexible_en_cours_ROS2/celluleflexible/ros_ws/install/shuttles/include/shuttles/shuttles/srv\n'}
[19.914342] (shuttles) StdoutLine: {'line': b'-- Up-to-date: /home/user/celluleflexible_en_cours_ROS2/celluleflexible/ros_ws/install/shuttles/include/shuttles/shuttles/srv/detail\n'}
[19.914380] (shuttles) StdoutLine: {'line': b'-- Installing: /home/user/celluleflexible_en_cours_ROS2/celluleflexible/ros_ws/install/shuttles/include/shuttles/shuttles/srv/detail/shuttle_id__type_support.c\n'}
[19.914406] (shuttles) StdoutLine: {'line': b'-- Installing: /home/user/celluleflexible_en_cours_ROS2/celluleflexible/ros_ws/install/shuttles/include/shuttles/shuttles/srv/detail/shuttle_id__rosidl_typesupport_introspection_c.h\n'}
[19.914429] (shuttles) StdoutLine: {'line': b'-- Installing: /home/user/celluleflexible_en_cours_ROS2/celluleflexible/ros_ws/install/shuttles/lib/libshuttles__rosidl_typesupport_introspection_c.so\n'}
[19.914489] (shuttles) StdoutLine: {'line': b'-- Set non-toolchain portion of runtime path of "/home/user/celluleflexible_en_cours_ROS2/celluleflexible/ros_ws/install/shuttles/lib/libshuttles__rosidl_typesupport_introspection_c.so" to ""\n'}
[19.914560] (shuttles) StdoutLine: {'line': b'-- Installing: /home/user/celluleflexible_en_cours_ROS2/celluleflexible/ros_ws/install/shuttles/lib/libshuttles__rosidl_typesupport_c.so\n'}
[19.914670] (shuttles) StdoutLine: {'line': b'-- Set non-toolchain portion of runtime path of "/home/user/celluleflexible_en_cours_ROS2/celluleflexible/ros_ws/install/shuttles/lib/libshuttles__rosidl_typesupport_c.so" to ""\n'}
[19.914734] (shuttles) StdoutLine: {'line': b'-- Up-to-date: /home/user/celluleflexible_en_cours_ROS2/celluleflexible/ros_ws/install/shuttles/include/shuttles/shuttles\n'}
[19.914803] (shuttles) StdoutLine: {'line': b'-- Up-to-date: /home/user/celluleflexible_en_cours_ROS2/celluleflexible/ros_ws/install/shuttles/include/shuttles/shuttles/msg\n'}
[19.914913] (shuttles) StdoutLine: {'line': b'-- Up-to-date: /home/user/celluleflexible_en_cours_ROS2/celluleflexible/ros_ws/install/shuttles/include/shuttles/shuttles/msg/detail\n'}
[19.914944] (shuttles) StdoutLine: {'line': b'-- Installing: /home/user/celluleflexible_en_cours_ROS2/celluleflexible/ros_ws/install/shuttles/include/shuttles/shuttles/msg/detail/msg_shuttle_create__type_support.cpp\n'}
[19.914969] (shuttles) StdoutLine: {'line': b'-- Installing: /home/user/celluleflexible_en_cours_ROS2/celluleflexible/ros_ws/install/shuttles/include/shuttles/shuttles/msg/detail/msg_erreur__type_support.cpp\n'}
[19.914992] (shuttles) StdoutLine: {'line': b'-- Installing: /home/user/celluleflexible_en_cours_ROS2/celluleflexible/ros_ws/install/shuttles/include/shuttles/shuttles/msg/detail/msg_erreur__rosidl_typesupport_introspection_cpp.hpp\n'}
[19.915014] (shuttles) StdoutLine: {'line': b'-- Installing: /home/user/celluleflexible_en_cours_ROS2/celluleflexible/ros_ws/install/shuttles/include/shuttles/shuttles/msg/detail/msg_shuttle_change__rosidl_typesupport_introspection_cpp.hpp\n'}
[19.915037] (shuttles) StdoutLine: {'line': b'-- Installing: /home/user/celluleflexible_en_cours_ROS2/celluleflexible/ros_ws/install/shuttles/include/shuttles/shuttles/msg/detail/msg_shuttle_create__rosidl_typesupport_introspection_cpp.hpp\n'}
[19.915087] (shuttles) StdoutLine: {'line': b'-- Installing: /home/user/celluleflexible_en_cours_ROS2/celluleflexible/ros_ws/install/shuttles/include/shuttles/shuttles/msg/detail/msg_shuttle_change__type_support.cpp\n'}
[19.915155] (shuttles) StdoutLine: {'line': b'-- Up-to-date: /home/user/celluleflexible_en_cours_ROS2/celluleflexible/ros_ws/install/shuttles/include/shuttles/shuttles/srv\n'}
[19.915222] (shuttles) StdoutLine: {'line': b'-- Up-to-date: /home/user/celluleflexible_en_cours_ROS2/celluleflexible/ros_ws/install/shuttles/include/shuttles/shuttles/srv/detail\n'}
[19.915343] (shuttles) StdoutLine: {'line': b'-- Installing: /home/user/celluleflexible_en_cours_ROS2/celluleflexible/ros_ws/install/shuttles/include/shuttles/shuttles/srv/detail/shuttle_id__type_support.cpp\n'}
[19.915371] (shuttles) StdoutLine: {'line': b'-- Installing: /home/user/celluleflexible_en_cours_ROS2/celluleflexible/ros_ws/install/shuttles/include/shuttles/shuttles/srv/detail/shuttle_id__rosidl_typesupport_introspection_cpp.hpp\n'}
[19.915432] (shuttles) StdoutLine: {'line': b'-- Installing: /home/user/celluleflexible_en_cours_ROS2/celluleflexible/ros_ws/install/shuttles/lib/libshuttles__rosidl_typesupport_introspection_cpp.so\n'}
[19.915498] (shuttles) StdoutLine: {'line': b'-- Set non-toolchain portion of runtime path of "/home/user/celluleflexible_en_cours_ROS2/celluleflexible/ros_ws/install/shuttles/lib/libshuttles__rosidl_typesupport_introspection_cpp.so" to ""\n'}
[19.915573] (shuttles) StdoutLine: {'line': b'-- Installing: /home/user/celluleflexible_en_cours_ROS2/celluleflexible/ros_ws/install/shuttles/lib/libshuttles__rosidl_typesupport_cpp.so\n'}
[19.915661] (shuttles) StdoutLine: {'line': b'-- Set non-toolchain portion of runtime path of "/home/user/celluleflexible_en_cours_ROS2/celluleflexible/ros_ws/install/shuttles/lib/libshuttles__rosidl_typesupport_cpp.so" to ""\n'}
[19.915728] (shuttles) StdoutLine: {'line': b'-- Installing: /home/user/celluleflexible_en_cours_ROS2/celluleflexible/ros_ws/install/shuttles/share/shuttles/environment/pythonpath.sh\n'}
[19.915795] (shuttles) StdoutLine: {'line': b'-- Installing: /home/user/celluleflexible_en_cours_ROS2/celluleflexible/ros_ws/install/shuttles/share/shuttles/environment/pythonpath.dsv\n'}
[19.916071] (shuttles) StdoutLine: {'line': b'-- Installing: /home/user/celluleflexible_en_cours_ROS2/celluleflexible/ros_ws/install/shuttles/lib/python3.12/site-packages/shuttles-0.0.0-py3.12.egg-info\n'}
[19.916104] (shuttles) StdoutLine: {'line': b'-- Installing: /home/user/celluleflexible_en_cours_ROS2/celluleflexible/ros_ws/install/shuttles/lib/python3.12/site-packages/shuttles-0.0.0-py3.12.egg-info/SOURCES.txt\n'}
[19.916128] (shuttles) StdoutLine: {'line': b'-- Installing: /home/user/celluleflexible_en_cours_ROS2/celluleflexible/ros_ws/install/shuttles/lib/python3.12/site-packages/shuttles-0.0.0-py3.12.egg-info/top_level.txt\n'}
[19.916156] (shuttles) StdoutLine: {'line': b'-- Installing: /home/user/celluleflexible_en_cours_ROS2/celluleflexible/ros_ws/install/shuttles/lib/python3.12/site-packages/shuttles-0.0.0-py3.12.egg-info/PKG-INFO\n'}
[19.916180] (shuttles) StdoutLine: {'line': b'-- Installing: /home/user/celluleflexible_en_cours_ROS2/celluleflexible/ros_ws/install/shuttles/lib/python3.12/site-packages/shuttles-0.0.0-py3.12.egg-info/dependency_links.txt\n'}
[19.916202] (shuttles) StdoutLine: {'line': b'-- Installing: /home/user/celluleflexible_en_cours_ROS2/celluleflexible/ros_ws/install/shuttles/lib/python3.12/site-packages/shuttles\n'}
[19.916224] (shuttles) StdoutLine: {'line': b'-- Installing: /home/user/celluleflexible_en_cours_ROS2/celluleflexible/ros_ws/install/shuttles/lib/python3.12/site-packages/shuttles/shuttles_s__rosidl_typesupport_introspection_c.so\n'}
[19.916245] (shuttles) StdoutLine: {'line': b'-- Installing: /home/user/celluleflexible_en_cours_ROS2/celluleflexible/ros_ws/install/shuttles/lib/python3.12/site-packages/shuttles/_shuttles_s.ep.rosidl_typesupport_c.c\n'}
[19.916267] (shuttles) StdoutLine: {'line': b'-- Installing: /home/user/celluleflexible_en_cours_ROS2/celluleflexible/ros_ws/install/shuttles/lib/python3.12/site-packages/shuttles/msg\n'}
[19.916288] (shuttles) StdoutLine: {'line': b'-- Installing: /home/user/celluleflexible_en_cours_ROS2/celluleflexible/ros_ws/install/shuttles/lib/python3.12/site-packages/shuttles/msg/_msg_shuttle_change.py\n'}
[19.916310] (shuttles) StdoutLine: {'line': b'-- Installing: /home/user/celluleflexible_en_cours_ROS2/celluleflexible/ros_ws/install/shuttles/lib/python3.12/site-packages/shuttles/msg/_msg_erreur.py\n'}
[19.916330] (shuttles) StdoutLine: {'line': b'-- Installing: /home/user/celluleflexible_en_cours_ROS2/celluleflexible/ros_ws/install/shuttles/lib/python3.12/site-packages/shuttles/msg/__init__.py\n'}
[19.916353] (shuttles) StdoutLine: {'line': b'-- Installing: /home/user/celluleflexible_en_cours_ROS2/celluleflexible/ros_ws/install/shuttles/lib/python3.12/site-packages/shuttles/msg/_msg_shuttle_create_s.c\n'}
[19.916375] (shuttles) StdoutLine: {'line': b'-- Installing: /home/user/celluleflexible_en_cours_ROS2/celluleflexible/ros_ws/install/shuttles/lib/python3.12/site-packages/shuttles/msg/_msg_erreur_s.c\n'}
[19.916397] (shuttles) StdoutLine: {'line': b'-- Installing: /home/user/celluleflexible_en_cours_ROS2/celluleflexible/ros_ws/install/shuttles/lib/python3.12/site-packages/shuttles/msg/_msg_shuttle_create.py\n'}
[19.916418] (shuttles) StdoutLine: {'line': b'-- Installing: /home/user/celluleflexible_en_cours_ROS2/celluleflexible/ros_ws/install/shuttles/lib/python3.12/site-packages/shuttles/msg/_msg_shuttle_change_s.c\n'}
[19.916441] (shuttles) StdoutLine: {'line': b'-- Installing: /home/user/celluleflexible_en_cours_ROS2/celluleflexible/ros_ws/install/shuttles/lib/python3.12/site-packages/shuttles/shuttles_s__rosidl_typesupport_c.so\n'}
[19.916462] (shuttles) StdoutLine: {'line': b'-- Installing: /home/user/celluleflexible_en_cours_ROS2/celluleflexible/ros_ws/install/shuttles/lib/python3.12/site-packages/shuttles/__init__.py\n'}
[19.916483] (shuttles) StdoutLine: {'line': b'-- Installing: /home/user/celluleflexible_en_cours_ROS2/celluleflexible/ros_ws/install/shuttles/lib/python3.12/site-packages/shuttles/_shuttles_s.ep.rosidl_typesupport_fastrtps_c.c\n'}
[19.916504] (shuttles) StdoutLine: {'line': b'-- Installing: /home/user/celluleflexible_en_cours_ROS2/celluleflexible/ros_ws/install/shuttles/lib/python3.12/site-packages/shuttles/srv\n'}
[19.916524] (shuttles) StdoutLine: {'line': b'-- Installing: /home/user/celluleflexible_en_cours_ROS2/celluleflexible/ros_ws/install/shuttles/lib/python3.12/site-packages/shuttles/srv/__init__.py\n'}
[19.916548] (shuttles) StdoutLine: {'line': b'-- Installing: /home/user/celluleflexible_en_cours_ROS2/celluleflexible/ros_ws/install/shuttles/lib/python3.12/site-packages/shuttles/srv/_shuttle_id.py\n'}
[19.916574] (shuttles) StdoutLine: {'line': b'-- Installing: /home/user/celluleflexible_en_cours_ROS2/celluleflexible/ros_ws/install/shuttles/lib/python3.12/site-packages/shuttles/srv/_shuttle_id_s.c\n'}
[19.916593] (shuttles) StdoutLine: {'line': b'-- Installing: /home/user/celluleflexible_en_cours_ROS2/celluleflexible/ros_ws/install/shuttles/lib/python3.12/site-packages/shuttles/_shuttles_s.ep.rosidl_typesupport_introspection_c.c\n'}
[19.916613] (shuttles) StdoutLine: {'line': b'-- Installing: /home/user/celluleflexible_en_cours_ROS2/celluleflexible/ros_ws/install/shuttles/lib/python3.12/site-packages/shuttles/shuttles_s__rosidl_typesupport_fastrtps_c.so\n'}
[19.943741] (shuttles) StdoutLine: {'line': b"Listing '/home/user/celluleflexible_en_cours_ROS2/celluleflexible/ros_ws/install/shuttles/lib/python3.12/site-packages/shuttles'...\n"}
[19.943892] (shuttles) StdoutLine: {'line': b"Compiling '/home/user/celluleflexible_en_cours_ROS2/celluleflexible/ros_ws/install/shuttles/lib/python3.12/site-packages/shuttles/__init__.py'...\n"}
[19.943936] (shuttles) StdoutLine: {'line': b"Listing '/home/user/celluleflexible_en_cours_ROS2/celluleflexible/ros_ws/install/shuttles/lib/python3.12/site-packages/shuttles/msg'...\n"}
[19.943966] (shuttles) StdoutLine: {'line': b"Compiling '/home/user/celluleflexible_en_cours_ROS2/celluleflexible/ros_ws/install/shuttles/lib/python3.12/site-packages/shuttles/msg/__init__.py'...\n"}
[19.943996] (shuttles) StdoutLine: {'line': b"Compiling '/home/user/celluleflexible_en_cours_ROS2/celluleflexible/ros_ws/install/shuttles/lib/python3.12/site-packages/shuttles/msg/_msg_erreur.py'...\n"}
[19.944024] (shuttles) StdoutLine: {'line': b"Compiling '/home/user/celluleflexible_en_cours_ROS2/celluleflexible/ros_ws/install/shuttles/lib/python3.12/site-packages/shuttles/msg/_msg_shuttle_change.py'...\n"}
[19.944049] (shuttles) StdoutLine: {'line': b"Compiling '/home/user/celluleflexible_en_cours_ROS2/celluleflexible/ros_ws/install/shuttles/lib/python3.12/site-packages/shuttles/msg/_msg_shuttle_create.py'...\n"}
[19.944089] (shuttles) StdoutLine: {'line': b"Listing '/home/user/celluleflexible_en_cours_ROS2/celluleflexible/ros_ws/install/shuttles/lib/python3.12/site-packages/shuttles/srv'...\n"}
[19.944123] (shuttles) StdoutLine: {'line': b"Compiling '/home/user/celluleflexible_en_cours_ROS2/celluleflexible/ros_ws/install/shuttles/lib/python3.12/site-packages/shuttles/srv/__init__.py'...\n"}
[19.944150] (shuttles) StdoutLine: {'line': b"Compiling '/home/user/celluleflexible_en_cours_ROS2/celluleflexible/ros_ws/install/shuttles/lib/python3.12/site-packages/shuttles/srv/_shuttle_id.py'...\n"}
[19.948277] (shuttles) StdoutLine: {'line': b'-- Installing: /home/user/celluleflexible_en_cours_ROS2/celluleflexible/ros_ws/install/shuttles/lib/python3.12/site-packages/shuttles/shuttles_s__rosidl_typesupport_fastrtps_c.so\n'}
[19.948641] (shuttles) StdoutLine: {'line': b'-- Set non-toolchain portion of runtime path of "/home/user/celluleflexible_en_cours_ROS2/celluleflexible/ros_ws/install/shuttles/lib/python3.12/site-packages/shuttles/shuttles_s__rosidl_typesupport_fastrtps_c.so" to ""\n'}
[19.948788] (shuttles) StdoutLine: {'line': b'-- Installing: /home/user/celluleflexible_en_cours_ROS2/celluleflexible/ros_ws/install/shuttles/lib/python3.12/site-packages/shuttles/shuttles_s__rosidl_typesupport_introspection_c.so\n'}
[19.949604] (shuttles) StdoutLine: {'line': b'-- Set non-toolchain portion of runtime path of "/home/user/celluleflexible_en_cours_ROS2/celluleflexible/ros_ws/install/shuttles/lib/python3.12/site-packages/shuttles/shuttles_s__rosidl_typesupport_introspection_c.so" to ""\n'}
[19.949680] (shuttles) StdoutLine: {'line': b'-- Installing: /home/user/celluleflexible_en_cours_ROS2/celluleflexible/ros_ws/install/shuttles/lib/python3.12/site-packages/shuttles/shuttles_s__rosidl_typesupport_c.so\n'}
[19.949768] (shuttles) StdoutLine: {'line': b'-- Set non-toolchain portion of runtime path of "/home/user/celluleflexible_en_cours_ROS2/celluleflexible/ros_ws/install/shuttles/lib/python3.12/site-packages/shuttles/shuttles_s__rosidl_typesupport_c.so" to ""\n'}
[19.950533] (shuttles) StdoutLine: {'line': b'-- Installing: /home/user/celluleflexible_en_cours_ROS2/celluleflexible/ros_ws/install/shuttles/lib/libshuttles__rosidl_generator_py.so\n'}
[19.950982] (shuttles) StdoutLine: {'line': b'-- Set non-toolchain portion of runtime path of "/home/user/celluleflexible_en_cours_ROS2/celluleflexible/ros_ws/install/shuttles/lib/libshuttles__rosidl_generator_py.so" to ""\n'}
[19.951130] (shuttles) StdoutLine: {'line': b'-- Installing: /home/user/celluleflexible_en_cours_ROS2/celluleflexible/ros_ws/install/shuttles/share/shuttles/msg/MsgShuttleChange.idl\n'}
[19.951288] (shuttles) StdoutLine: {'line': b'-- Installing: /home/user/celluleflexible_en_cours_ROS2/celluleflexible/ros_ws/install/shuttles/share/shuttles/msg/MsgShuttleCreate.idl\n'}
[19.951399] (shuttles) StdoutLine: {'line': b'-- Installing: /home/user/celluleflexible_en_cours_ROS2/celluleflexible/ros_ws/install/shuttles/share/shuttles/msg/MsgErreur.idl\n'}
[19.951443] (shuttles) StdoutLine: {'line': b'-- Installing: /home/user/celluleflexible_en_cours_ROS2/celluleflexible/ros_ws/install/shuttles/share/shuttles/srv/ShuttleId.idl\n'}
[19.951558] (shuttles) StdoutLine: {'line': b'-- Installing: /home/user/celluleflexible_en_cours_ROS2/celluleflexible/ros_ws/install/shuttles/share/shuttles/msg/MsgShuttleChange.msg\n'}
[19.951615] (shuttles) StdoutLine: {'line': b'-- Installing: /home/user/celluleflexible_en_cours_ROS2/celluleflexible/ros_ws/install/shuttles/share/shuttles/msg/MsgShuttleCreate.msg\n'}
[19.951651] (shuttles) StdoutLine: {'line': b'-- Installing: /home/user/celluleflexible_en_cours_ROS2/celluleflexible/ros_ws/install/shuttles/share/shuttles/msg/MsgErreur.msg\n'}
[19.951749] (shuttles) StdoutLine: {'line': b'-- Installing: /home/user/celluleflexible_en_cours_ROS2/celluleflexible/ros_ws/install/shuttles/share/shuttles/srv/ShuttleId.srv\n'}
[19.951802] (shuttles) StdoutLine: {'line': b'-- Installing: /home/user/celluleflexible_en_cours_ROS2/celluleflexible/ros_ws/install/shuttles/lib/shuttles/shuttle_manager\n'}
[19.958734] (shuttles) StdoutLine: {'line': b'-- Set non-toolchain portion of runtime path of "/home/user/celluleflexible_en_cours_ROS2/celluleflexible/ros_ws/install/shuttles/lib/shuttles/shuttle_manager" to ""\n'}
[19.959163] (shuttles) StdoutLine: {'line': b'-- Installing: /home/user/celluleflexible_en_cours_ROS2/celluleflexible/ros_ws/install/shuttles/share/ament_index/resource_index/package_run_dependencies/shuttles\n'}
[19.959360] (shuttles) StdoutLine: {'line': b'-- Installing: /home/user/celluleflexible_en_cours_ROS2/celluleflexible/ros_ws/install/shuttles/share/ament_index/resource_index/parent_prefix_path/shuttles\n'}
[19.959412] (shuttles) StdoutLine: {'line': b'-- Installing: /home/user/celluleflexible_en_cours_ROS2/celluleflexible/ros_ws/install/shuttles/share/shuttles/environment/ament_prefix_path.sh\n'}
[19.959447] (shuttles) StdoutLine: {'line': b'-- Installing: /home/user/celluleflexible_en_cours_ROS2/celluleflexible/ros_ws/install/shuttles/share/shuttles/environment/ament_prefix_path.dsv\n'}
[19.959476] (shuttles) StdoutLine: {'line': b'-- Installing: /home/user/celluleflexible_en_cours_ROS2/celluleflexible/ros_ws/install/shuttles/share/shuttles/environment/path.sh\n'}
[19.959506] (shuttles) StdoutLine: {'line': b'-- Installing: /home/user/celluleflexible_en_cours_ROS2/celluleflexible/ros_ws/install/shuttles/share/shuttles/environment/path.dsv\n'}
[19.959533] (shuttles) StdoutLine: {'line': b'-- Installing: /home/user/celluleflexible_en_cours_ROS2/celluleflexible/ros_ws/install/shuttles/share/shuttles/local_setup.bash\n'}
[19.959607] (shuttles) StdoutLine: {'line': b'-- Installing: /home/user/celluleflexible_en_cours_ROS2/celluleflexible/ros_ws/install/shuttles/share/shuttles/local_setup.sh\n'}
[19.959646] (shuttles) StdoutLine: {'line': b'-- Installing: /home/user/celluleflexible_en_cours_ROS2/celluleflexible/ros_ws/install/shuttles/share/shuttles/local_setup.zsh\n'}
[19.959671] (shuttles) StdoutLine: {'line': b'-- Installing: /home/user/celluleflexible_en_cours_ROS2/celluleflexible/ros_ws/install/shuttles/share/shuttles/local_setup.dsv\n'}
[19.959700] (shuttles) StdoutLine: {'line': b'-- Installing: /home/user/celluleflexible_en_cours_ROS2/celluleflexible/ros_ws/install/shuttles/share/shuttles/package.dsv\n'}
[19.959724] (shuttles) StdoutLine: {'line': b'-- Installing: /home/user/celluleflexible_en_cours_ROS2/celluleflexible/ros_ws/install/shuttles/share/ament_index/resource_index/packages/shuttles\n'}
[19.959860] (shuttles) StdoutLine: {'line': b'-- Installing: /home/user/celluleflexible_en_cours_ROS2/celluleflexible/ros_ws/install/shuttles/share/shuttles/cmake/export_shuttles__rosidl_generator_cExport.cmake\n'}
[19.959899] (shuttles) StdoutLine: {'line': b'-- Installing: /home/user/celluleflexible_en_cours_ROS2/celluleflexible/ros_ws/install/shuttles/share/shuttles/cmake/export_shuttles__rosidl_generator_cExport-noconfig.cmake\n'}
[19.960727] (shuttles) StdoutLine: {'line': b'-- Installing: /home/user/celluleflexible_en_cours_ROS2/celluleflexible/ros_ws/install/shuttles/share/shuttles/cmake/export_shuttles__rosidl_typesupport_fastrtps_cExport.cmake\n'}
[19.960811] (shuttles) StdoutLine: {'line': b'-- Installing: /home/user/celluleflexible_en_cours_ROS2/celluleflexible/ros_ws/install/shuttles/share/shuttles/cmake/export_shuttles__rosidl_typesupport_fastrtps_cExport-noconfig.cmake\n'}
[19.960847] (shuttles) StdoutLine: {'line': b'-- Installing: /home/user/celluleflexible_en_cours_ROS2/celluleflexible/ros_ws/install/shuttles/share/shuttles/cmake/export_shuttles__rosidl_generator_cppExport.cmake\n'}
[19.962173] (shuttles) StdoutLine: {'line': b'-- Installing: /home/user/celluleflexible_en_cours_ROS2/celluleflexible/ros_ws/install/shuttles/share/shuttles/cmake/export_shuttles__rosidl_typesupport_fastrtps_cppExport.cmake\n'}
[19.962240] (shuttles) StdoutLine: {'line': b'-- Installing: /home/user/celluleflexible_en_cours_ROS2/celluleflexible/ros_ws/install/shuttles/share/shuttles/cmake/export_shuttles__rosidl_typesupport_fastrtps_cppExport-noconfig.cmake\n'}
[19.962270] (shuttles) StdoutLine: {'line': b'-- Installing: /home/user/celluleflexible_en_cours_ROS2/celluleflexible/ros_ws/install/shuttles/share/shuttles/cmake/shuttles__rosidl_typesupport_introspection_cExport.cmake\n'}
[19.962297] (shuttles) StdoutLine: {'line': b'-- Installing: /home/user/celluleflexible_en_cours_ROS2/celluleflexible/ros_ws/install/shuttles/share/shuttles/cmake/shuttles__rosidl_typesupport_introspection_cExport-noconfig.cmake\n'}
[19.962333] (shuttles) StdoutLine: {'line': b'-- Installing: /home/user/celluleflexible_en_cours_ROS2/celluleflexible/ros_ws/install/shuttles/share/shuttles/cmake/shuttles__rosidl_typesupport_cExport.cmake\n'}
[19.962360] (shuttles) StdoutLine: {'line': b'-- Installing: /home/user/celluleflexible_en_cours_ROS2/celluleflexible/ros_ws/install/shuttles/share/shuttles/cmake/shuttles__rosidl_typesupport_cExport-noconfig.cmake\n'}
[19.962386] (shuttles) StdoutLine: {'line': b'-- Installing: /home/user/celluleflexible_en_cours_ROS2/celluleflexible/ros_ws/install/shuttles/share/shuttles/cmake/shuttles__rosidl_typesupport_introspection_cppExport.cmake\n'}
[19.962458] (shuttles) StdoutLine: {'line': b'-- Installing: /home/user/celluleflexible_en_cours_ROS2/celluleflexible/ros_ws/install/shuttles/share/shuttles/cmake/shuttles__rosidl_typesupport_introspection_cppExport-noconfig.cmake\n'}
[19.962491] (shuttles) StdoutLine: {'line': b'-- Installing: /home/user/celluleflexible_en_cours_ROS2/celluleflexible/ros_ws/install/shuttles/share/shuttles/cmake/shuttles__rosidl_typesupport_cppExport.cmake\n'}
[19.962520] (shuttles) StdoutLine: {'line': b'-- Installing: /home/user/celluleflexible_en_cours_ROS2/celluleflexible/ros_ws/install/shuttles/share/shuttles/cmake/shuttles__rosidl_typesupport_cppExport-noconfig.cmake\n'}
[19.962544] (shuttles) StdoutLine: {'line': b'-- Installing: /home/user/celluleflexible_en_cours_ROS2/celluleflexible/ros_ws/install/shuttles/share/shuttles/cmake/export_shuttles__rosidl_generator_pyExport.cmake\n'}
[19.962687] (shuttles) StdoutLine: {'line': b'-- Installing: /home/user/celluleflexible_en_cours_ROS2/celluleflexible/ros_ws/install/shuttles/share/shuttles/cmake/export_shuttles__rosidl_generator_pyExport-noconfig.cmake\n'}
[19.962731] (shuttles) StdoutLine: {'line': b'-- Installing: /home/user/celluleflexible_en_cours_ROS2/celluleflexible/ros_ws/install/shuttles/share/shuttles/cmake/rosidl_cmake-extras.cmake\n'}
[19.962759] (shuttles) StdoutLine: {'line': b'-- Installing: /home/user/celluleflexible_en_cours_ROS2/celluleflexible/ros_ws/install/shuttles/share/shuttles/cmake/ament_cmake_export_dependencies-extras.cmake\n'}
[19.962784] (shuttles) StdoutLine: {'line': b'-- Installing: /home/user/celluleflexible_en_cours_ROS2/celluleflexible/ros_ws/install/shuttles/share/shuttles/cmake/ament_cmake_export_include_directories-extras.cmake\n'}
[19.962809] (shuttles) StdoutLine: {'line': b'-- Installing: /home/user/celluleflexible_en_cours_ROS2/celluleflexible/ros_ws/install/shuttles/share/shuttles/cmake/ament_cmake_export_libraries-extras.cmake\n'}
[19.962834] (shuttles) StdoutLine: {'line': b'-- Installing: /home/user/celluleflexible_en_cours_ROS2/celluleflexible/ros_ws/install/shuttles/share/shuttles/cmake/ament_cmake_export_targets-extras.cmake\n'}
[19.963047] (shuttles) StdoutLine: {'line': b'-- Installing: /home/user/celluleflexible_en_cours_ROS2/celluleflexible/ros_ws/install/shuttles/share/shuttles/cmake/rosidl_cmake_export_typesupport_targets-extras.cmake\n'}
[19.963191] (shuttles) StdoutLine: {'line': b'-- Installing: /home/user/celluleflexible_en_cours_ROS2/celluleflexible/ros_ws/install/shuttles/share/shuttles/cmake/rosidl_cmake_export_typesupport_libraries-extras.cmake\n'}
[19.963233] (shuttles) StdoutLine: {'line': b'-- Installing: /home/user/celluleflexible_en_cours_ROS2/celluleflexible/ros_ws/install/shuttles/share/shuttles/cmake/shuttlesConfig.cmake\n'}
[19.963258] (shuttles) StdoutLine: {'line': b'-- Installing: /home/user/celluleflexible_en_cours_ROS2/celluleflexible/ros_ws/install/shuttles/share/shuttles/cmake/shuttlesConfig-version.cmake\n'}
[19.963283] (shuttles) StdoutLine: {'line': b'-- Installing: /home/user/celluleflexible_en_cours_ROS2/celluleflexible/ros_ws/install/shuttles/share/shuttles/package.xml\n'}
[19.965531] (shuttles) CommandEnded: {'returncode': 0}
[19.975432] (-) TimerEvent: {}
[19.980775] (shuttles) JobEnded: {'identifier': 'shuttles', 'rc': 0}
[20.076719] (-) TimerEvent: {}
[20.177414] (-) TimerEvent: {}
[20.280121] (-) TimerEvent: {}
[20.382084] (-) TimerEvent: {}
[20.485738] (-) TimerEvent: {}
[20.605375] (-) TimerEvent: {}
[20.714349] (-) TimerEvent: {}
[20.827678] (-) TimerEvent: {}
[20.928804] (-) TimerEvent: {}
[21.030530] (-) TimerEvent: {}
[21.132959] (-) TimerEvent: {}
[21.234026] (-) TimerEvent: {}
[21.338286] (-) TimerEvent: {}
[21.440121] (-) TimerEvent: {}
[21.541373] (-) TimerEvent: {}
[21.655295] (-) TimerEvent: {}
[21.779688] (-) TimerEvent: {}
[21.894457] (-) TimerEvent: {}
[22.068115] (-) TimerEvent: {}
[22.186906] (-) TimerEvent: {}
[22.291420] (-) TimerEvent: {}
[22.396763] (-) TimerEvent: {}
[22.505205] (-) TimerEvent: {}
[22.620530] (-) TimerEvent: {}
[22.722487] (-) TimerEvent: {}
[22.824642] (-) TimerEvent: {}
[22.927115] (-) TimerEvent: {}
[23.029619] (-) TimerEvent: {}
[23.145035] (-) TimerEvent: {}
[23.247595] (-) TimerEvent: {}
[23.349809] (-) TimerEvent: {}
[23.452158] (-) TimerEvent: {}
[23.555031] (-) TimerEvent: {}
[23.657552] (-) TimerEvent: {}
[23.760139] (-) TimerEvent: {}
[23.901573] (-) TimerEvent: {}
[24.185339] (-) TimerEvent: {}
[24.288409] (-) TimerEvent: {}
[24.391123] (-) TimerEvent: {}
[24.505599] (-) TimerEvent: {}
[24.611534] (-) TimerEvent: {}
[24.831676] (-) TimerEvent: {}
[24.938175] (-) TimerEvent: {}
[25.041206] (-) TimerEvent: {}
[25.232579] (-) TimerEvent: {}
[25.403460] (-) TimerEvent: {}
[25.548555] (-) TimerEvent: {}
[25.834674] (-) TimerEvent: {}
[25.947398] (-) TimerEvent: {}
[26.059191] (-) TimerEvent: {}
[26.178388] (-) TimerEvent: {}
[26.318741] (-) TimerEvent: {}
[26.494396] (-) TimerEvent: {}
[26.731063] (-) TimerEvent: {}
[26.845198] (-) TimerEvent: {}
[26.954803] (-) TimerEvent: {}
[27.093484] (-) TimerEvent: {}
[27.215426] (-) TimerEvent: {}
[27.319638] (-) TimerEvent: {}
[27.330262] (commande_locale) StdoutLine: {'line': b'[100%] \x1b[32m\x1b[1mLinking CXX executable simulation\x1b[0m\n'}
[27.484748] (-) TimerEvent: {}
[27.767778] (-) TimerEvent: {}
[27.944242] (-) TimerEvent: {}
[28.042559] (commande_locale) StdoutLine: {'line': b'[100%] Built target simulation\n'}
[28.044825] (-) TimerEvent: {}
[28.055599] (commande_locale) CommandEnded: {'returncode': 0}
[28.057105] (commande_locale) JobProgress: {'identifier': 'commande_locale', 'progress': 'install'}
[28.057186] (commande_locale) Command: {'cmd': ['/usr/bin/cmake', '--install', '/home/user/celluleflexible_en_cours_ROS2/celluleflexible/ros_ws/build/commande_locale'], 'cwd': '/home/user/celluleflexible_en_cours_ROS2/celluleflexible/ros_ws/build/commande_locale', 'env': OrderedDict({'LESSOPEN': '| /usr/bin/lesspipe %s', 'USER': 'user', 'XDG_SESSION_TYPE': 'wayland', 'SHLVL': '1', 'LD_LIBRARY_PATH': '/home/user/celluleflexible_en_cours_ROS2/celluleflexible/ros_ws/install/aiguillages/lib:/opt/ros/jazzy/opt/rviz_ogre_vendor/lib:/opt/ros/jazzy/lib/x86_64-linux-gnu:/opt/ros/jazzy/opt/gz_math_vendor/lib:/opt/ros/jazzy/opt/gz_utils_vendor/lib:/opt/ros/jazzy/opt/gz_cmake_vendor/lib:/opt/ros/jazzy/lib', 'HOME': '/home/user', 'DESKTOP_SESSION': 'ubuntu', 'ROS_PYTHON_VERSION': '3', 'GNOME_SHELL_SESSION_MODE': 'ubuntu', 'GTK_MODULES': 'gail:atk-bridge', 'DBUS_STARTER_BUS_TYPE': 'session', 'SYSTEMD_EXEC_PID': '2225', 'GSM_SKIP_SSH_AGENT_WORKAROUND': 'true', 'DBUS_SESSION_BUS_ADDRESS': 'unix:path=/run/user/1000/bus,guid=f75c24bd1d3f9e0a6c32f4fd699c0ca3', 'COLORTERM': 'truecolor', 'DEBUGINFOD_URLS': 'https://debuginfod.ubuntu.com', 'IM_CONFIG_PHASE': '1', 'WAYLAND_DISPLAY': 'wayland-0', 'ROS_DISTRO': 'jazzy', 'LOGNAME': 'user', '_': '/usr/bin/colcon', 'ROS_VERSION': '2', 'MEMORY_PRESSURE_WATCH': '/sys/fs/cgroup/user.slice/user-1000.slice/user@1000.service/app.slice/app-gnome\\x2dsession\\x2dmanager.slice/gnome-session-manager@ubuntu.service/memory.pressure', 'XDG_SESSION_CLASS': 'user', 'USERNAME': 'user', 'TERM': 'xterm-256color', 'GNOME_DESKTOP_SESSION_ID': 'this-is-deprecated', 'PATH': '/opt/ros/jazzy/bin:/usr/local/sbin:/usr/local/bin:/usr/sbin:/usr/bin:/sbin:/bin:/usr/games:/usr/local/games:/snap/bin:/snap/bin', 'SESSION_MANAGER': 'local/Ubuntu:@/tmp/.ICE-unix/2225,unix/Ubuntu:/tmp/.ICE-unix/2225', 'XDG_MENU_PREFIX': 'gnome-', 'GNOME_TERMINAL_SCREEN': '/org/gnome/Terminal/screen/fd7d161f_b0cd_4c91_9d8b_6a28dde0713a', 'GNOME_SETUP_DISPLAY': ':1', 'XDG_RUNTIME_DIR': '/run/user/1000', 'DISPLAY': ':0', 'LANG': 'en_US.UTF-8', 'XDG_CURRENT_DESKTOP': 'ubuntu:GNOME', 'XMODIFIERS': '@im=ibus', 'XDG_SESSION_DESKTOP': 'ubuntu', 'XAUTHORITY': '/run/user/1000/.mutter-Xwaylandauth.5JJ1K3', 'LS_COLORS': 'rs=0:di=01;34:ln=01;36:mh=00:pi=40;33:so=01;35:do=01;35:bd=40;33;01:cd=40;33;01:or=40;31;01:mi=00:su=37;41:sg=30;43:ca=00:tw=30;42:ow=34;42:st=37;44:ex=01;32:*.tar=01;31:*.tgz=01;31:*.arc=01;31:*.arj=01;31:*.taz=01;31:*.lha=01;31:*.lz4=01;31:*.lzh=01;31:*.lzma=01;31:*.tlz=01;31:*.txz=01;31:*.tzo=01;31:*.t7z=01;31:*.zip=01;31:*.z=01;31:*.dz=01;31:*.gz=01;31:*.lrz=01;31:*.lz=01;31:*.lzo=01;31:*.xz=01;31:*.zst=01;31:*.tzst=01;31:*.bz2=01;31:*.bz=01;31:*.tbz=01;31:*.tbz2=01;31:*.tz=01;31:*.deb=01;31:*.rpm=01;31:*.jar=01;31:*.war=01;31:*.ear=01;31:*.sar=01;31:*.rar=01;31:*.alz=01;31:*.ace=01;31:*.zoo=01;31:*.cpio=01;31:*.7z=01;31:*.rz=01;31:*.cab=01;31:*.wim=01;31:*.swm=01;31:*.dwm=01;31:*.esd=01;31:*.avif=01;35:*.jpg=01;35:*.jpeg=01;35:*.mjpg=01;35:*.mjpeg=01;35:*.gif=01;35:*.bmp=01;35:*.pbm=01;35:*.pgm=01;35:*.ppm=01;35:*.tga=01;35:*.xbm=01;35:*.xpm=01;35:*.tif=01;35:*.tiff=01;35:*.png=01;35:*.svg=01;35:*.svgz=01;35:*.mng=01;35:*.pcx=01;35:*.mov=01;35:*.mpg=01;35:*.mpeg=01;35:*.m2v=01;35:*.mkv=01;35:*.webm=01;35:*.webp=01;35:*.ogm=01;35:*.mp4=01;35:*.m4v=01;35:*.mp4v=01;35:*.vob=01;35:*.qt=01;35:*.nuv=01;35:*.wmv=01;35:*.asf=01;35:*.rm=01;35:*.rmvb=01;35:*.flc=01;35:*.avi=01;35:*.fli=01;35:*.flv=01;35:*.gl=01;35:*.dl=01;35:*.xcf=01;35:*.xwd=01;35:*.yuv=01;35:*.cgm=01;35:*.emf=01;35:*.ogv=01;35:*.ogx=01;35:*.aac=00;36:*.au=00;36:*.flac=00;36:*.m4a=00;36:*.mid=00;36:*.midi=00;36:*.mka=00;36:*.mp3=00;36:*.mpc=00;36:*.ogg=00;36:*.ra=00;36:*.wav=00;36:*.oga=00;36:*.opus=00;36:*.spx=00;36:*.xspf=00;36:*~=00;90:*#=00;90:*.bak=00;90:*.crdownload=00;90:*.dpkg-dist=00;90:*.dpkg-new=00;90:*.dpkg-old=00;90:*.dpkg-tmp=00;90:*.old=00;90:*.orig=00;90:*.part=00;90:*.rej=00;90:*.rpmnew=00;90:*.rpmorig=00;90:*.rpmsave=00;90:*.swp=00;90:*.tmp=00;90:*.ucf-dist=00;90:*.ucf-new=00;90:*.ucf-old=00;90:', 'GNOME_TERMINAL_SERVICE': ':1.1258', 'SSH_AUTH_SOCK': '/run/user/1000/keyring/ssh', 'AMENT_PREFIX_PATH': '/home/user/celluleflexible_en_cours_ROS2/celluleflexible/ros_ws/install/aiguillages:/opt/ros/jazzy', 'SHELL': '/bin/bash', 'QT_ACCESSIBILITY': '1', 'GDMSESSION': 'ubuntu', 'LESSCLOSE': '/usr/bin/lesspipe %s %s', 'ROS_AUTOMATIC_DISCOVERY_RANGE': 'SUBNET', 'QT_IM_MODULE': 'ibus', 'PWD': '/home/user/celluleflexible_en_cours_ROS2/celluleflexible/ros_ws/build/commande_locale', 'LC_ALL': 'en_US.UTF-8', 'XDG_CONFIG_DIRS': '/etc/xdg/xdg-ubuntu:/etc/xdg', 'DBUS_STARTER_ADDRESS': 'unix:path=/run/user/1000/bus,guid=f75c24bd1d3f9e0a6c32f4fd699c0ca3', 'XDG_DATA_DIRS': '/usr/share/ubuntu:/usr/share/gnome:/usr/local/share/:/usr/share/:/var/lib/snapd/desktop', 'PYTHONPATH': '/home/user/celluleflexible_en_cours_ROS2/celluleflexible/ros_ws/install/aiguillages/lib/python3.12/site-packages:/opt/ros/jazzy/lib/python3.12/site-packages', 'COLCON': '1', 'MEMORY_PRESSURE_WRITE': 'c29tZSAyMDAwMDAgMjAwMDAwMAA=', 'VTE_VERSION': '7600', 'CMAKE_PREFIX_PATH': '/home/user/celluleflexible_en_cours_ROS2/celluleflexible/ros_ws/install/aiguillages:/opt/ros/jazzy/opt/gz_math_vendor:/opt/ros/jazzy/opt/gz_utils_vendor:/opt/ros/jazzy/opt/gz_cmake_vendor:/opt/ros/jazzy'}), 'shell': False}
[28.063455] (commande_locale) StdoutLine: {'line': b'-- Install configuration: ""\n'}
[28.063600] (commande_locale) StdoutLine: {'line': b'-- Installing: /home/user/celluleflexible_en_cours_ROS2/celluleflexible/ros_ws/install/commande_locale/share/ament_index/resource_index/rosidl_interfaces/commande_locale\n'}
[28.063834] (commande_locale) StdoutLine: {'line': b'-- Installing: /home/user/celluleflexible_en_cours_ROS2/celluleflexible/ros_ws/install/commande_locale/share/commande_locale/srv/SrvAddProduct.json\n'}
[28.063891] (commande_locale) StdoutLine: {'line': b'-- Installing: /home/user/celluleflexible_en_cours_ROS2/celluleflexible/ros_ws/install/commande_locale/share/commande_locale/srv/SrvFinInit.json\n'}
[28.064351] (commande_locale) StdoutLine: {'line': b'-- Installing: /home/user/celluleflexible_en_cours_ROS2/celluleflexible/ros_ws/install/commande_locale/share/commande_locale/srv/SrvAddProductPushBack.json\n'}
[28.064854] (commande_locale) StdoutLine: {'line': b'-- Installing: /home/user/celluleflexible_en_cours_ROS2/celluleflexible/ros_ws/install/commande_locale/share/commande_locale/msg/MsgAddProduct.json\n'}
[28.065481] (commande_locale) StdoutLine: {'line': b'-- Installing: /home/user/celluleflexible_en_cours_ROS2/celluleflexible/ros_ws/install/commande_locale/share/commande_locale/msg/MsgStopControl.json\n'}
[28.065841] (commande_locale) StdoutLine: {'line': b'-- Installing: /home/user/celluleflexible_en_cours_ROS2/celluleflexible/ros_ws/install/commande_locale/share/commande_locale/msg/MsgColor.json\n'}
[28.066176] (commande_locale) StdoutLine: {'line': b'-- Installing: /home/user/celluleflexible_en_cours_ROS2/celluleflexible/ros_ws/install/commande_locale/share/commande_locale/msg/MsgSwitchControl.json\n'}
[28.066273] (commande_locale) StdoutLine: {'line': b'-- Installing: /home/user/celluleflexible_en_cours_ROS2/celluleflexible/ros_ws/install/commande_locale/share/commande_locale/msg/MsgPinControl.json\n'}
[28.066317] (commande_locale) StdoutLine: {'line': b'-- Installing: /home/user/celluleflexible_en_cours_ROS2/celluleflexible/ros_ws/install/commande_locale/share/commande_locale/msg/MsgErreur.json\n'}
[28.066348] (commande_locale) StdoutLine: {'line': b'-- Installing: /home/user/celluleflexible_en_cours_ROS2/celluleflexible/ros_ws/install/commande_locale/share/commande_locale/msg/RobotJoints.json\n'}
[28.066418] (commande_locale) StdoutLine: {'line': b'-- Installing: /home/user/celluleflexible_en_cours_ROS2/celluleflexible/ros_ws/install/commande_locale/share/commande_locale/msg/TacheFinieMsg.json\n'}
[28.066511] (commande_locale) StdoutLine: {'line': b'-- Installing: /home/user/celluleflexible_en_cours_ROS2/celluleflexible/ros_ws/install/commande_locale/share/commande_locale/msg/DeplacerPieceMsg.json\n'}
[28.066569] (commande_locale) StdoutLine: {'line': b'-- Installing: /home/user/celluleflexible_en_cours_ROS2/celluleflexible/ros_ws/install/commande_locale/share/commande_locale/msg/Actionneurs.json\n'}
[28.066639] (commande_locale) StdoutLine: {'line': b'-- Installing: /home/user/celluleflexible_en_cours_ROS2/celluleflexible/ros_ws/install/commande_locale/share/commande_locale/msg/Capteurs.json\n'}
[28.066708] (commande_locale) StdoutLine: {'line': b'-- Installing: /home/user/celluleflexible_en_cours_ROS2/celluleflexible/ros_ws/install/commande_locale/share/commande_locale/msg/MsgChoixMode.json\n'}
[28.066806] (commande_locale) StdoutLine: {'line': b'-- Installing: /home/user/celluleflexible_en_cours_ROS2/celluleflexible/ros_ws/install/commande_locale/include/commande_locale/commande_locale\n'}
[28.066878] (commande_locale) StdoutLine: {'line': b'-- Installing: /home/user/celluleflexible_en_cours_ROS2/celluleflexible/ros_ws/install/commande_locale/include/commande_locale/commande_locale/msg\n'}
[28.066964] (commande_locale) StdoutLine: {'line': b'-- Installing: /home/user/celluleflexible_en_cours_ROS2/celluleflexible/ros_ws/install/commande_locale/include/commande_locale/commande_locale/msg/msg_choix_mode.h\n'}
[28.067140] (commande_locale) StdoutLine: {'line': b'-- Installing: /home/user/celluleflexible_en_cours_ROS2/celluleflexible/ros_ws/install/commande_locale/include/commande_locale/commande_locale/msg/msg_stop_control.h\n'}
[28.067235] (commande_locale) StdoutLine: {'line': b'-- Installing: /home/user/celluleflexible_en_cours_ROS2/celluleflexible/ros_ws/install/commande_locale/include/commande_locale/commande_locale/msg/rosidl_generator_c__visibility_control.h\n'}
[28.067272] (commande_locale) StdoutLine: {'line': b'-- Installing: /home/user/celluleflexible_en_cours_ROS2/celluleflexible/ros_ws/install/commande_locale/include/commande_locale/commande_locale/msg/msg_add_product.h\n'}
[28.067298] (commande_locale) StdoutLine: {'line': b'-- Installing: /home/user/celluleflexible_en_cours_ROS2/celluleflexible/ros_ws/install/commande_locale/include/commande_locale/commande_locale/msg/deplacer_piece_msg.h\n'}
[28.067361] (commande_locale) StdoutLine: {'line': b'-- Installing: /home/user/celluleflexible_en_cours_ROS2/celluleflexible/ros_ws/install/commande_locale/include/commande_locale/commande_locale/msg/capteurs.h\n'}
[28.067424] (commande_locale) StdoutLine: {'line': b'-- Installing: /home/user/celluleflexible_en_cours_ROS2/celluleflexible/ros_ws/install/commande_locale/include/commande_locale/commande_locale/msg/actionneurs.h\n'}
[28.067493] (commande_locale) StdoutLine: {'line': b'-- Installing: /home/user/celluleflexible_en_cours_ROS2/celluleflexible/ros_ws/install/commande_locale/include/commande_locale/commande_locale/msg/msg_erreur.h\n'}
[28.067521] (commande_locale) StdoutLine: {'line': b'-- Installing: /home/user/celluleflexible_en_cours_ROS2/celluleflexible/ros_ws/install/commande_locale/include/commande_locale/commande_locale/msg/robot_joints.h\n'}
[28.067583] (commande_locale) StdoutLine: {'line': b'-- Installing: /home/user/celluleflexible_en_cours_ROS2/celluleflexible/ros_ws/install/commande_locale/include/commande_locale/commande_locale/msg/msg_pin_control.h\n'}
[28.067692] (commande_locale) StdoutLine: {'line': b'-- Installing: /home/user/celluleflexible_en_cours_ROS2/celluleflexible/ros_ws/install/commande_locale/include/commande_locale/commande_locale/msg/msg_switch_control.h\n'}
[28.067761] (commande_locale) StdoutLine: {'line': b'-- Installing: /home/user/celluleflexible_en_cours_ROS2/celluleflexible/ros_ws/install/commande_locale/include/commande_locale/commande_locale/msg/detail\n'}
[28.067833] (commande_locale) StdoutLine: {'line': b'-- Installing: /home/user/celluleflexible_en_cours_ROS2/celluleflexible/ros_ws/install/commande_locale/include/commande_locale/commande_locale/msg/detail/msg_pin_control__functions.h\n'}
[28.067896] (commande_locale) StdoutLine: {'line': b'-- Installing: /home/user/celluleflexible_en_cours_ROS2/celluleflexible/ros_ws/install/commande_locale/include/commande_locale/commande_locale/msg/detail/msg_choix_mode__functions.h\n'}
[28.067965] (commande_locale) StdoutLine: {'line': b'-- Installing: /home/user/celluleflexible_en_cours_ROS2/celluleflexible/ros_ws/install/commande_locale/include/commande_locale/commande_locale/msg/detail/msg_color__type_support.h\n'}
[28.068166] (commande_locale) StdoutLine: {'line': b'-- Installing: /home/user/celluleflexible_en_cours_ROS2/celluleflexible/ros_ws/install/commande_locale/include/commande_locale/commande_locale/msg/detail/msg_color__description.c\n'}
[28.068193] (commande_locale) StdoutLine: {'line': b'-- Installing: /home/user/celluleflexible_en_cours_ROS2/celluleflexible/ros_ws/install/commande_locale/include/commande_locale/commande_locale/msg/detail/msg_pin_control__functions.c\n'}
[28.068219] (commande_locale) StdoutLine: {'line': b'-- Installing: /home/user/celluleflexible_en_cours_ROS2/celluleflexible/ros_ws/install/commande_locale/include/commande_locale/commande_locale/msg/detail/msg_erreur__functions.h\n'}
[28.068281] (commande_locale) StdoutLine: {'line': b'-- Installing: /home/user/celluleflexible_en_cours_ROS2/celluleflexible/ros_ws/install/commande_locale/include/commande_locale/commande_locale/msg/detail/msg_stop_control__description.c\n'}
[28.068346] (commande_locale) StdoutLine: {'line': b'-- Installing: /home/user/celluleflexible_en_cours_ROS2/celluleflexible/ros_ws/install/commande_locale/include/commande_locale/commande_locale/msg/detail/msg_switch_control__type_support.c\n'}
[28.068410] (commande_locale) StdoutLine: {'line': b'-- Installing: /home/user/celluleflexible_en_cours_ROS2/celluleflexible/ros_ws/install/commande_locale/include/commande_locale/commande_locale/msg/detail/robot_joints__type_support.h\n'}
[28.068472] (commande_locale) StdoutLine: {'line': b'-- Installing: /home/user/celluleflexible_en_cours_ROS2/celluleflexible/ros_ws/install/commande_locale/include/commande_locale/commande_locale/msg/detail/msg_switch_control__functions.h\n'}
[28.068538] (commande_locale) StdoutLine: {'line': b'-- Installing: /home/user/celluleflexible_en_cours_ROS2/celluleflexible/ros_ws/install/commande_locale/include/commande_locale/commande_locale/msg/detail/msg_stop_control__type_support.c\n'}
[28.068622] (commande_locale) StdoutLine: {'line': b'-- Installing: /home/user/celluleflexible_en_cours_ROS2/celluleflexible/ros_ws/install/commande_locale/include/commande_locale/commande_locale/msg/detail/actionneurs__functions.h\n'}
[28.068649] (commande_locale) StdoutLine: {'line': b'-- Installing: /home/user/celluleflexible_en_cours_ROS2/celluleflexible/ros_ws/install/commande_locale/include/commande_locale/commande_locale/msg/detail/robot_joints__struct.h\n'}
[28.068674] (commande_locale) StdoutLine: {'line': b'-- Installing: /home/user/celluleflexible_en_cours_ROS2/celluleflexible/ros_ws/install/commande_locale/include/commande_locale/commande_locale/msg/detail/capteurs__type_support.c\n'}
[28.068758] (commande_locale) StdoutLine: {'line': b'-- Installing: /home/user/celluleflexible_en_cours_ROS2/celluleflexible/ros_ws/install/commande_locale/include/commande_locale/commande_locale/msg/detail/msg_erreur__type_support.h\n'}
[28.068831] (commande_locale) StdoutLine: {'line': b'-- Installing: /home/user/celluleflexible_en_cours_ROS2/celluleflexible/ros_ws/install/commande_locale/include/commande_locale/commande_locale/msg/detail/deplacer_piece_msg__type_support.c\n'}
[28.068918] (commande_locale) StdoutLine: {'line': b'-- Installing: /home/user/celluleflexible_en_cours_ROS2/celluleflexible/ros_ws/install/commande_locale/include/commande_locale/commande_locale/msg/detail/deplacer_piece_msg__struct.h\n'}
[28.069272] (commande_locale) StdoutLine: {'line': b'-- Installing: /home/user/celluleflexible_en_cours_ROS2/celluleflexible/ros_ws/install/commande_locale/include/commande_locale/commande_locale/msg/detail/actionneurs__type_support.c\n'}
[28.069345] (commande_locale) StdoutLine: {'line': b'-- Installing: /home/user/celluleflexible_en_cours_ROS2/celluleflexible/ros_ws/install/commande_locale/include/commande_locale/commande_locale/msg/detail/capteurs__struct.h\n'}
[28.069414] (commande_locale) StdoutLine: {'line': b'-- Installing: /home/user/celluleflexible_en_cours_ROS2/celluleflexible/ros_ws/install/commande_locale/include/commande_locale/commande_locale/msg/detail/msg_choix_mode__description.c\n'}
[28.069507] (commande_locale) StdoutLine: {'line': b'-- Installing: /home/user/celluleflexible_en_cours_ROS2/celluleflexible/ros_ws/install/commande_locale/include/commande_locale/commande_locale/msg/detail/actionneurs__type_support.h\n'}
[28.069534] (commande_locale) StdoutLine: {'line': b'-- Installing: /home/user/celluleflexible_en_cours_ROS2/celluleflexible/ros_ws/install/commande_locale/include/commande_locale/commande_locale/msg/detail/msg_color__struct.h\n'}
[28.069556] (commande_locale) StdoutLine: {'line': b'-- Installing: /home/user/celluleflexible_en_cours_ROS2/celluleflexible/ros_ws/install/commande_locale/include/commande_locale/commande_locale/msg/detail/msg_erreur__struct.h\n'}
[28.069579] (commande_locale) StdoutLine: {'line': b'-- Installing: /home/user/celluleflexible_en_cours_ROS2/celluleflexible/ros_ws/install/commande_locale/include/commande_locale/commande_locale/msg/detail/msg_add_product__description.c\n'}
[28.069600] (commande_locale) StdoutLine: {'line': b'-- Installing: /home/user/celluleflexible_en_cours_ROS2/celluleflexible/ros_ws/install/commande_locale/include/commande_locale/commande_locale/msg/detail/deplacer_piece_msg__functions.h\n'}
[28.069622] (commande_locale) StdoutLine: {'line': b'-- Installing: /home/user/celluleflexible_en_cours_ROS2/celluleflexible/ros_ws/install/commande_locale/include/commande_locale/commande_locale/msg/detail/msg_switch_control__description.c\n'}
[28.069645] (commande_locale) StdoutLine: {'line': b'-- Installing: /home/user/celluleflexible_en_cours_ROS2/celluleflexible/ros_ws/install/commande_locale/include/commande_locale/commande_locale/msg/detail/msg_stop_control__type_support.h\n'}
[28.069667] (commande_locale) StdoutLine: {'line': b'-- Installing: /home/user/celluleflexible_en_cours_ROS2/celluleflexible/ros_ws/install/commande_locale/include/commande_locale/commande_locale/msg/detail/msg_switch_control__functions.c\n'}
[28.069689] (commande_locale) StdoutLine: {'line': b'-- Installing: /home/user/celluleflexible_en_cours_ROS2/celluleflexible/ros_ws/install/commande_locale/include/commande_locale/commande_locale/msg/detail/msg_erreur__functions.c\n'}
[28.069713] (commande_locale) StdoutLine: {'line': b'-- Installing: /home/user/celluleflexible_en_cours_ROS2/celluleflexible/ros_ws/install/commande_locale/include/commande_locale/commande_locale/msg/detail/msg_choix_mode__type_support.h\n'}
[28.069738] (commande_locale) StdoutLine: {'line': b'-- Installing: /home/user/celluleflexible_en_cours_ROS2/celluleflexible/ros_ws/install/commande_locale/include/commande_locale/commande_locale/msg/detail/msg_add_product__functions.c\n'}
[28.069760] (commande_locale) StdoutLine: {'line': b'-- Installing: /home/user/celluleflexible_en_cours_ROS2/celluleflexible/ros_ws/install/commande_locale/include/commande_locale/commande_locale/msg/detail/capteurs__description.c\n'}
[28.069781] (commande_locale) StdoutLine: {'line': b'-- Installing: /home/user/celluleflexible_en_cours_ROS2/celluleflexible/ros_ws/install/commande_locale/include/commande_locale/commande_locale/msg/detail/capteurs__functions.h\n'}
[28.069843] (commande_locale) StdoutLine: {'line': b'-- Installing: /home/user/celluleflexible_en_cours_ROS2/celluleflexible/ros_ws/install/commande_locale/include/commande_locale/commande_locale/msg/detail/msg_choix_mode__functions.c\n'}
[28.069931] (commande_locale) StdoutLine: {'line': b'-- Installing: /home/user/celluleflexible_en_cours_ROS2/celluleflexible/ros_ws/install/commande_locale/include/commande_locale/commande_locale/msg/detail/msg_stop_control__functions.h\n'}
[28.070102] (commande_locale) StdoutLine: {'line': b'-- Installing: /home/user/celluleflexible_en_cours_ROS2/celluleflexible/ros_ws/install/commande_locale/include/commande_locale/commande_locale/msg/detail/msg_color__type_support.c\n'}
[28.070165] (commande_locale) StdoutLine: {'line': b'-- Installing: /home/user/celluleflexible_en_cours_ROS2/celluleflexible/ros_ws/install/commande_locale/include/commande_locale/commande_locale/msg/detail/deplacer_piece_msg__type_support.h\n'}
[28.070232] (commande_locale) StdoutLine: {'line': b'-- Installing: /home/user/celluleflexible_en_cours_ROS2/celluleflexible/ros_ws/install/commande_locale/include/commande_locale/commande_locale/msg/detail/msg_add_product__type_support.c\n'}
[28.070321] (commande_locale) StdoutLine: {'line': b'-- Installing: /home/user/celluleflexible_en_cours_ROS2/celluleflexible/ros_ws/install/commande_locale/include/commande_locale/commande_locale/msg/detail/msg_choix_mode__type_support.c\n'}
[28.070347] (commande_locale) StdoutLine: {'line': b'-- Installing: /home/user/celluleflexible_en_cours_ROS2/celluleflexible/ros_ws/install/commande_locale/include/commande_locale/commande_locale/msg/detail/robot_joints__description.c\n'}
[28.070372] (commande_locale) StdoutLine: {'line': b'-- Installing: /home/user/celluleflexible_en_cours_ROS2/celluleflexible/ros_ws/install/commande_locale/include/commande_locale/commande_locale/msg/detail/actionneurs__struct.h\n'}
[28.070436] (commande_locale) StdoutLine: {'line': b'-- Installing: /home/user/celluleflexible_en_cours_ROS2/celluleflexible/ros_ws/install/commande_locale/include/commande_locale/commande_locale/msg/detail/robot_joints__functions.c\n'}
[28.070501] (commande_locale) StdoutLine: {'line': b'-- Installing: /home/user/celluleflexible_en_cours_ROS2/celluleflexible/ros_ws/install/commande_locale/include/commande_locale/commande_locale/msg/detail/actionneurs__description.c\n'}
[28.070562] (commande_locale) StdoutLine: {'line': b'-- Installing: /home/user/celluleflexible_en_cours_ROS2/celluleflexible/ros_ws/install/commande_locale/include/commande_locale/commande_locale/msg/detail/robot_joints__type_support.c\n'}
[28.070651] (commande_locale) StdoutLine: {'line': b'-- Installing: /home/user/celluleflexible_en_cours_ROS2/celluleflexible/ros_ws/install/commande_locale/include/commande_locale/commande_locale/msg/detail/msg_pin_control__description.c\n'}
[28.070740] (commande_locale) StdoutLine: {'line': b'-- Installing: /home/user/celluleflexible_en_cours_ROS2/celluleflexible/ros_ws/install/commande_locale/include/commande_locale/commande_locale/msg/detail/tache_finie_msg__struct.h\n'}
[28.070768] (commande_locale) StdoutLine: {'line': b'-- Installing: /home/user/celluleflexible_en_cours_ROS2/celluleflexible/ros_ws/install/commande_locale/include/commande_locale/commande_locale/msg/detail/msg_switch_control__struct.h\n'}
[28.070793] (commande_locale) StdoutLine: {'line': b'-- Installing: /home/user/celluleflexible_en_cours_ROS2/celluleflexible/ros_ws/install/commande_locale/include/commande_locale/commande_locale/msg/detail/msg_erreur__description.c\n'}
[28.070816] (commande_locale) StdoutLine: {'line': b'-- Installing: /home/user/celluleflexible_en_cours_ROS2/celluleflexible/ros_ws/install/commande_locale/include/commande_locale/commande_locale/msg/detail/tache_finie_msg__description.c\n'}
[28.070840] (commande_locale) StdoutLine: {'line': b'-- Installing: /home/user/celluleflexible_en_cours_ROS2/celluleflexible/ros_ws/install/commande_locale/include/commande_locale/commande_locale/msg/detail/deplacer_piece_msg__description.c\n'}
[28.070863] (commande_locale) StdoutLine: {'line': b'-- Installing: /home/user/celluleflexible_en_cours_ROS2/celluleflexible/ros_ws/install/commande_locale/include/commande_locale/commande_locale/msg/detail/msg_add_product__functions.h\n'}
[28.070884] (commande_locale) StdoutLine: {'line': b'-- Installing: /home/user/celluleflexible_en_cours_ROS2/celluleflexible/ros_ws/install/commande_locale/include/commande_locale/commande_locale/msg/detail/msg_pin_control__type_support.c\n'}
[28.071022] (commande_locale) StdoutLine: {'line': b'-- Installing: /home/user/celluleflexible_en_cours_ROS2/celluleflexible/ros_ws/install/commande_locale/include/commande_locale/commande_locale/msg/detail/msg_erreur__type_support.c\n'}
[28.071284] (commande_locale) StdoutLine: {'line': b'-- Installing: /home/user/celluleflexible_en_cours_ROS2/celluleflexible/ros_ws/install/commande_locale/include/commande_locale/commande_locale/msg/detail/msg_add_product__type_support.h\n'}
[28.071375] (commande_locale) StdoutLine: {'line': b'-- Installing: /home/user/celluleflexible_en_cours_ROS2/celluleflexible/ros_ws/install/commande_locale/include/commande_locale/commande_locale/msg/detail/msg_stop_control__struct.h\n'}
[28.071410] (commande_locale) StdoutLine: {'line': b'-- Installing: /home/user/celluleflexible_en_cours_ROS2/celluleflexible/ros_ws/install/commande_locale/include/commande_locale/commande_locale/msg/detail/msg_stop_control__functions.c\n'}
[28.071470] (commande_locale) StdoutLine: {'line': b'-- Installing: /home/user/celluleflexible_en_cours_ROS2/celluleflexible/ros_ws/install/commande_locale/include/commande_locale/commande_locale/msg/detail/msg_switch_control__type_support.h\n'}
[28.071582] (commande_locale) StdoutLine: {'line': b'-- Installing: /home/user/celluleflexible_en_cours_ROS2/celluleflexible/ros_ws/install/commande_locale/include/commande_locale/commande_locale/msg/detail/msg_pin_control__type_support.h\n'}
[28.071618] (commande_locale) StdoutLine: {'line': b'-- Installing: /home/user/celluleflexible_en_cours_ROS2/celluleflexible/ros_ws/install/commande_locale/include/commande_locale/commande_locale/msg/detail/robot_joints__functions.h\n'}
[28.071642] (commande_locale) StdoutLine: {'line': b'-- Installing: /home/user/celluleflexible_en_cours_ROS2/celluleflexible/ros_ws/install/commande_locale/include/commande_locale/commande_locale/msg/detail/deplacer_piece_msg__functions.c\n'}
[28.071732] (commande_locale) StdoutLine: {'line': b'-- Installing: /home/user/celluleflexible_en_cours_ROS2/celluleflexible/ros_ws/install/commande_locale/include/commande_locale/commande_locale/msg/detail/tache_finie_msg__type_support.c\n'}
[28.071801] (commande_locale) StdoutLine: {'line': b'-- Installing: /home/user/celluleflexible_en_cours_ROS2/celluleflexible/ros_ws/install/commande_locale/include/commande_locale/commande_locale/msg/detail/msg_add_product__struct.h\n'}
[28.071869] (commande_locale) StdoutLine: {'line': b'-- Installing: /home/user/celluleflexible_en_cours_ROS2/celluleflexible/ros_ws/install/commande_locale/include/commande_locale/commande_locale/msg/detail/tache_finie_msg__functions.h\n'}
[28.072195] (commande_locale) StdoutLine: {'line': b'-- Installing: /home/user/celluleflexible_en_cours_ROS2/celluleflexible/ros_ws/install/commande_locale/include/commande_locale/commande_locale/msg/detail/capteurs__functions.c\n'}
[28.072274] (commande_locale) StdoutLine: {'line': b'-- Installing: /home/user/celluleflexible_en_cours_ROS2/celluleflexible/ros_ws/install/commande_locale/include/commande_locale/commande_locale/msg/detail/msg_color__functions.h\n'}
[28.072369] (commande_locale) StdoutLine: {'line': b'-- Installing: /home/user/celluleflexible_en_cours_ROS2/celluleflexible/ros_ws/install/commande_locale/include/commande_locale/commande_locale/msg/detail/msg_choix_mode__struct.h\n'}
[28.072442] (commande_locale) StdoutLine: {'line': b'-- Installing: /home/user/celluleflexible_en_cours_ROS2/celluleflexible/ros_ws/install/commande_locale/include/commande_locale/commande_locale/msg/detail/msg_pin_control__struct.h\n'}
[28.072537] (commande_locale) StdoutLine: {'line': b'-- Installing: /home/user/celluleflexible_en_cours_ROS2/celluleflexible/ros_ws/install/commande_locale/include/commande_locale/commande_locale/msg/detail/tache_finie_msg__type_support.h\n'}
[28.072640] (commande_locale) StdoutLine: {'line': b'-- Installing: /home/user/celluleflexible_en_cours_ROS2/celluleflexible/ros_ws/install/commande_locale/include/commande_locale/commande_locale/msg/detail/msg_color__functions.c\n'}
[28.072673] (commande_locale) StdoutLine: {'line': b'-- Installing: /home/user/celluleflexible_en_cours_ROS2/celluleflexible/ros_ws/install/commande_locale/include/commande_locale/commande_locale/msg/detail/capteurs__type_support.h\n'}
[28.072760] (commande_locale) StdoutLine: {'line': b'-- Installing: /home/user/celluleflexible_en_cours_ROS2/celluleflexible/ros_ws/install/commande_locale/include/commande_locale/commande_locale/msg/detail/actionneurs__functions.c\n'}
[28.072829] (commande_locale) StdoutLine: {'line': b'-- Installing: /home/user/celluleflexible_en_cours_ROS2/celluleflexible/ros_ws/install/commande_locale/include/commande_locale/commande_locale/msg/detail/tache_finie_msg__functions.c\n'}
[28.072915] (commande_locale) StdoutLine: {'line': b'-- Installing: /home/user/celluleflexible_en_cours_ROS2/celluleflexible/ros_ws/install/commande_locale/include/commande_locale/commande_locale/msg/tache_finie_msg.h\n'}
[28.072983] (commande_locale) StdoutLine: {'line': b'-- Installing: /home/user/celluleflexible_en_cours_ROS2/celluleflexible/ros_ws/install/commande_locale/include/commande_locale/commande_locale/msg/msg_color.h\n'}
[28.073049] (commande_locale) StdoutLine: {'line': b'-- Installing: /home/user/celluleflexible_en_cours_ROS2/celluleflexible/ros_ws/install/commande_locale/include/commande_locale/commande_locale/srv\n'}
[28.073152] (commande_locale) StdoutLine: {'line': b'-- Installing: /home/user/celluleflexible_en_cours_ROS2/celluleflexible/ros_ws/install/commande_locale/include/commande_locale/commande_locale/srv/srv_fin_init.h\n'}
[28.073180] (commande_locale) StdoutLine: {'line': b'-- Installing: /home/user/celluleflexible_en_cours_ROS2/celluleflexible/ros_ws/install/commande_locale/include/commande_locale/commande_locale/srv/srv_add_product_push_back.h\n'}
[28.073205] (commande_locale) StdoutLine: {'line': b'-- Installing: /home/user/celluleflexible_en_cours_ROS2/celluleflexible/ros_ws/install/commande_locale/include/commande_locale/commande_locale/srv/srv_add_product.h\n'}
[28.073228] (commande_locale) StdoutLine: {'line': b'-- Installing: /home/user/celluleflexible_en_cours_ROS2/celluleflexible/ros_ws/install/commande_locale/include/commande_locale/commande_locale/srv/detail\n'}
[28.073251] (commande_locale) StdoutLine: {'line': b'-- Installing: /home/user/celluleflexible_en_cours_ROS2/celluleflexible/ros_ws/install/commande_locale/include/commande_locale/commande_locale/srv/detail/srv_fin_init__type_support.h\n'}
[28.073467] (commande_locale) StdoutLine: {'line': b'-- Installing: /home/user/celluleflexible_en_cours_ROS2/celluleflexible/ros_ws/install/commande_locale/include/commande_locale/commande_locale/srv/detail/srv_add_product_push_back__type_support.c\n'}
[28.073509] (commande_locale) StdoutLine: {'line': b'-- Installing: /home/user/celluleflexible_en_cours_ROS2/celluleflexible/ros_ws/install/commande_locale/include/commande_locale/commande_locale/srv/detail/srv_add_product_push_back__description.c\n'}
[28.073538] (commande_locale) StdoutLine: {'line': b'-- Installing: /home/user/celluleflexible_en_cours_ROS2/celluleflexible/ros_ws/install/commande_locale/include/commande_locale/commande_locale/srv/detail/srv_add_product__struct.h\n'}
[28.073573] (commande_locale) StdoutLine: {'line': b'-- Installing: /home/user/celluleflexible_en_cours_ROS2/celluleflexible/ros_ws/install/commande_locale/include/commande_locale/commande_locale/srv/detail/srv_fin_init__type_support.c\n'}
[28.073601] (commande_locale) StdoutLine: {'line': b'-- Installing: /home/user/celluleflexible_en_cours_ROS2/celluleflexible/ros_ws/install/commande_locale/include/commande_locale/commande_locale/srv/detail/srv_add_product__type_support.h\n'}
[28.073626] (commande_locale) StdoutLine: {'line': b'-- Installing: /home/user/celluleflexible_en_cours_ROS2/celluleflexible/ros_ws/install/commande_locale/include/commande_locale/commande_locale/srv/detail/srv_fin_init__functions.c\n'}
[28.073651] (commande_locale) StdoutLine: {'line': b'-- Installing: /home/user/celluleflexible_en_cours_ROS2/celluleflexible/ros_ws/install/commande_locale/include/commande_locale/commande_locale/srv/detail/srv_add_product__description.c\n'}
[28.073674] (commande_locale) StdoutLine: {'line': b'-- Installing: /home/user/celluleflexible_en_cours_ROS2/celluleflexible/ros_ws/install/commande_locale/include/commande_locale/commande_locale/srv/detail/srv_add_product_push_back__functions.h\n'}
[28.073697] (commande_locale) StdoutLine: {'line': b'-- Installing: /home/user/celluleflexible_en_cours_ROS2/celluleflexible/ros_ws/install/commande_locale/include/commande_locale/commande_locale/srv/detail/srv_add_product__functions.c\n'}
[28.073719] (commande_locale) StdoutLine: {'line': b'-- Installing: /home/user/celluleflexible_en_cours_ROS2/celluleflexible/ros_ws/install/commande_locale/include/commande_locale/commande_locale/srv/detail/srv_fin_init__functions.h\n'}
[28.073741] (commande_locale) StdoutLine: {'line': b'-- Installing: /home/user/celluleflexible_en_cours_ROS2/celluleflexible/ros_ws/install/commande_locale/include/commande_locale/commande_locale/srv/detail/srv_add_product__type_support.c\n'}
[28.073762] (commande_locale) StdoutLine: {'line': b'-- Installing: /home/user/celluleflexible_en_cours_ROS2/celluleflexible/ros_ws/install/commande_locale/include/commande_locale/commande_locale/srv/detail/srv_add_product_push_back__struct.h\n'}
[28.073784] (commande_locale) StdoutLine: {'line': b'-- Installing: /home/user/celluleflexible_en_cours_ROS2/celluleflexible/ros_ws/install/commande_locale/include/commande_locale/commande_locale/srv/detail/srv_fin_init__description.c\n'}
[28.073805] (commande_locale) StdoutLine: {'line': b'-- Installing: /home/user/celluleflexible_en_cours_ROS2/celluleflexible/ros_ws/install/commande_locale/include/commande_locale/commande_locale/srv/detail/srv_add_product_push_back__type_support.h\n'}
[28.073827] (commande_locale) StdoutLine: {'line': b'-- Installing: /home/user/celluleflexible_en_cours_ROS2/celluleflexible/ros_ws/install/commande_locale/include/commande_locale/commande_locale/srv/detail/srv_fin_init__struct.h\n'}
[28.073849] (commande_locale) StdoutLine: {'line': b'-- Installing: /home/user/celluleflexible_en_cours_ROS2/celluleflexible/ros_ws/install/commande_locale/include/commande_locale/commande_locale/srv/detail/srv_add_product_push_back__functions.c\n'}
[28.073870] (commande_locale) StdoutLine: {'line': b'-- Installing: /home/user/celluleflexible_en_cours_ROS2/celluleflexible/ros_ws/install/commande_locale/include/commande_locale/commande_locale/srv/detail/srv_add_product__functions.h\n'}
[28.073891] (commande_locale) StdoutLine: {'line': b'-- Installing: /home/user/celluleflexible_en_cours_ROS2/celluleflexible/ros_ws/install/commande_locale/share/commande_locale/environment/library_path.sh\n'}
[28.073913] (commande_locale) StdoutLine: {'line': b'-- Installing: /home/user/celluleflexible_en_cours_ROS2/celluleflexible/ros_ws/install/commande_locale/share/commande_locale/environment/library_path.dsv\n'}
[28.073935] (commande_locale) StdoutLine: {'line': b'-- Installing: /home/user/celluleflexible_en_cours_ROS2/celluleflexible/ros_ws/install/commande_locale/lib/libcommande_locale__rosidl_generator_c.so\n'}
[28.073957] (commande_locale) StdoutLine: {'line': b'-- Set non-toolchain portion of runtime path of "/home/user/celluleflexible_en_cours_ROS2/celluleflexible/ros_ws/install/commande_locale/lib/libcommande_locale__rosidl_generator_c.so" to ""\n'}
[28.073979] (commande_locale) StdoutLine: {'line': b'-- Up-to-date: /home/user/celluleflexible_en_cours_ROS2/celluleflexible/ros_ws/install/commande_locale/include/commande_locale/commande_locale\n'}
[28.074002] (commande_locale) StdoutLine: {'line': b'-- Up-to-date: /home/user/celluleflexible_en_cours_ROS2/celluleflexible/ros_ws/install/commande_locale/include/commande_locale/commande_locale/msg\n'}
[28.074026] (commande_locale) StdoutLine: {'line': b'-- Installing: /home/user/celluleflexible_en_cours_ROS2/celluleflexible/ros_ws/install/commande_locale/include/commande_locale/commande_locale/msg/rosidl_typesupport_fastrtps_c__visibility_control.h\n'}
[28.074052] (commande_locale) StdoutLine: {'line': b'-- Up-to-date: /home/user/celluleflexible_en_cours_ROS2/celluleflexible/ros_ws/install/commande_locale/include/commande_locale/commande_locale/msg/detail\n'}
[28.074074] (commande_locale) StdoutLine: {'line': b'-- Installing: /home/user/celluleflexible_en_cours_ROS2/celluleflexible/ros_ws/install/commande_locale/include/commande_locale/commande_locale/msg/detail/capteurs__rosidl_typesupport_fastrtps_c.h\n'}
[28.074103] (commande_locale) StdoutLine: {'line': b'-- Installing: /home/user/celluleflexible_en_cours_ROS2/celluleflexible/ros_ws/install/commande_locale/include/commande_locale/commande_locale/msg/detail/msg_erreur__rosidl_typesupport_fastrtps_c.h\n'}
[28.074125] (commande_locale) StdoutLine: {'line': b'-- Installing: /home/user/celluleflexible_en_cours_ROS2/celluleflexible/ros_ws/install/commande_locale/include/commande_locale/commande_locale/msg/detail/msg_color__rosidl_typesupport_fastrtps_c.h\n'}
[28.074146] (commande_locale) StdoutLine: {'line': b'-- Installing: /home/user/celluleflexible_en_cours_ROS2/celluleflexible/ros_ws/install/commande_locale/include/commande_locale/commande_locale/msg/detail/msg_choix_mode__rosidl_typesupport_fastrtps_c.h\n'}
[28.074167] (commande_locale) StdoutLine: {'line': b'-- Installing: /home/user/celluleflexible_en_cours_ROS2/celluleflexible/ros_ws/install/commande_locale/include/commande_locale/commande_locale/msg/detail/tache_finie_msg__rosidl_typesupport_fastrtps_c.h\n'}
[28.074188] (commande_locale) StdoutLine: {'line': b'-- Installing: /home/user/celluleflexible_en_cours_ROS2/celluleflexible/ros_ws/install/commande_locale/include/commande_locale/commande_locale/msg/detail/robot_joints__rosidl_typesupport_fastrtps_c.h\n'}
[28.074211] (commande_locale) StdoutLine: {'line': b'-- Installing: /home/user/celluleflexible_en_cours_ROS2/celluleflexible/ros_ws/install/commande_locale/include/commande_locale/commande_locale/msg/detail/msg_add_product__rosidl_typesupport_fastrtps_c.h\n'}
[28.074233] (commande_locale) StdoutLine: {'line': b'-- Installing: /home/user/celluleflexible_en_cours_ROS2/celluleflexible/ros_ws/install/commande_locale/include/commande_locale/commande_locale/msg/detail/deplacer_piece_msg__rosidl_typesupport_fastrtps_c.h\n'}
[28.074254] (commande_locale) StdoutLine: {'line': b'-- Installing: /home/user/celluleflexible_en_cours_ROS2/celluleflexible/ros_ws/install/commande_locale/include/commande_locale/commande_locale/msg/detail/msg_pin_control__rosidl_typesupport_fastrtps_c.h\n'}
[28.074276] (commande_locale) StdoutLine: {'line': b'-- Installing: /home/user/celluleflexible_en_cours_ROS2/celluleflexible/ros_ws/install/commande_locale/include/commande_locale/commande_locale/msg/detail/msg_stop_control__rosidl_typesupport_fastrtps_c.h\n'}
[28.074298] (commande_locale) StdoutLine: {'line': b'-- Installing: /home/user/celluleflexible_en_cours_ROS2/celluleflexible/ros_ws/install/commande_locale/include/commande_locale/commande_locale/msg/detail/actionneurs__rosidl_typesupport_fastrtps_c.h\n'}
[28.074319] (commande_locale) StdoutLine: {'line': b'-- Installing: /home/user/celluleflexible_en_cours_ROS2/celluleflexible/ros_ws/install/commande_locale/include/commande_locale/commande_locale/msg/detail/msg_switch_control__rosidl_typesupport_fastrtps_c.h\n'}
[28.074341] (commande_locale) StdoutLine: {'line': b'-- Up-to-date: /home/user/celluleflexible_en_cours_ROS2/celluleflexible/ros_ws/install/commande_locale/include/commande_locale/commande_locale/srv\n'}
[28.074362] (commande_locale) StdoutLine: {'line': b'-- Up-to-date: /home/user/celluleflexible_en_cours_ROS2/celluleflexible/ros_ws/install/commande_locale/include/commande_locale/commande_locale/srv/detail\n'}
[28.074871] (commande_locale) StdoutLine: {'line': b'-- Installing: /home/user/celluleflexible_en_cours_ROS2/celluleflexible/ros_ws/install/commande_locale/include/commande_locale/commande_locale/srv/detail/srv_add_product_push_back__rosidl_typesupport_fastrtps_c.h\n'}
[28.074928] (commande_locale) StdoutLine: {'line': b'-- Installing: /home/user/celluleflexible_en_cours_ROS2/celluleflexible/ros_ws/install/commande_locale/include/commande_locale/commande_locale/srv/detail/srv_add_product__rosidl_typesupport_fastrtps_c.h\n'}
[28.074956] (commande_locale) StdoutLine: {'line': b'-- Installing: /home/user/celluleflexible_en_cours_ROS2/celluleflexible/ros_ws/install/commande_locale/include/commande_locale/commande_locale/srv/detail/srv_fin_init__rosidl_typesupport_fastrtps_c.h\n'}
[28.074981] (commande_locale) StdoutLine: {'line': b'-- Installing: /home/user/celluleflexible_en_cours_ROS2/celluleflexible/ros_ws/install/commande_locale/lib/libcommande_locale__rosidl_typesupport_fastrtps_c.so\n'}
[28.075004] (commande_locale) StdoutLine: {'line': b'-- Set non-toolchain portion of runtime path of "/home/user/celluleflexible_en_cours_ROS2/celluleflexible/ros_ws/install/commande_locale/lib/libcommande_locale__rosidl_typesupport_fastrtps_c.so" to ""\n'}
[28.075027] (commande_locale) StdoutLine: {'line': b'-- Up-to-date: /home/user/celluleflexible_en_cours_ROS2/celluleflexible/ros_ws/install/commande_locale/include/commande_locale/commande_locale\n'}
[28.075050] (commande_locale) StdoutLine: {'line': b'-- Up-to-date: /home/user/celluleflexible_en_cours_ROS2/celluleflexible/ros_ws/install/commande_locale/include/commande_locale/commande_locale/msg\n'}
[28.075254] (commande_locale) StdoutLine: {'line': b'-- Installing: /home/user/celluleflexible_en_cours_ROS2/celluleflexible/ros_ws/install/commande_locale/include/commande_locale/commande_locale/msg/deplacer_piece_msg.hpp\n'}
[28.075291] (commande_locale) StdoutLine: {'line': b'-- Installing: /home/user/celluleflexible_en_cours_ROS2/celluleflexible/ros_ws/install/commande_locale/include/commande_locale/commande_locale/msg/capteurs.hpp\n'}
[28.075321] (commande_locale) StdoutLine: {'line': b'-- Installing: /home/user/celluleflexible_en_cours_ROS2/celluleflexible/ros_ws/install/commande_locale/include/commande_locale/commande_locale/msg/msg_color.hpp\n'}
[28.075347] (commande_locale) StdoutLine: {'line': b'-- Installing: /home/user/celluleflexible_en_cours_ROS2/celluleflexible/ros_ws/install/commande_locale/include/commande_locale/commande_locale/msg/msg_pin_control.hpp\n'}
[28.075373] (commande_locale) StdoutLine: {'line': b'-- Installing: /home/user/celluleflexible_en_cours_ROS2/celluleflexible/ros_ws/install/commande_locale/include/commande_locale/commande_locale/msg/msg_switch_control.hpp\n'}
[28.075396] (commande_locale) StdoutLine: {'line': b'-- Installing: /home/user/celluleflexible_en_cours_ROS2/celluleflexible/ros_ws/install/commande_locale/include/commande_locale/commande_locale/msg/rosidl_generator_cpp__visibility_control.hpp\n'}
[28.075419] (commande_locale) StdoutLine: {'line': b'-- Installing: /home/user/celluleflexible_en_cours_ROS2/celluleflexible/ros_ws/install/commande_locale/include/commande_locale/commande_locale/msg/msg_stop_control.hpp\n'}
[28.075440] (commande_locale) StdoutLine: {'line': b'-- Installing: /home/user/celluleflexible_en_cours_ROS2/celluleflexible/ros_ws/install/commande_locale/include/commande_locale/commande_locale/msg/msg_choix_mode.hpp\n'}
[28.075461] (commande_locale) StdoutLine: {'line': b'-- Installing: /home/user/celluleflexible_en_cours_ROS2/celluleflexible/ros_ws/install/commande_locale/include/commande_locale/commande_locale/msg/actionneurs.hpp\n'}
[28.075482] (commande_locale) StdoutLine: {'line': b'-- Installing: /home/user/celluleflexible_en_cours_ROS2/celluleflexible/ros_ws/install/commande_locale/include/commande_locale/commande_locale/msg/robot_joints.hpp\n'}
[28.075503] (commande_locale) StdoutLine: {'line': b'-- Installing: /home/user/celluleflexible_en_cours_ROS2/celluleflexible/ros_ws/install/commande_locale/include/commande_locale/commande_locale/msg/tache_finie_msg.hpp\n'}
[28.075524] (commande_locale) StdoutLine: {'line': b'-- Installing: /home/user/celluleflexible_en_cours_ROS2/celluleflexible/ros_ws/install/commande_locale/include/commande_locale/commande_locale/msg/msg_add_product.hpp\n'}
[28.075547] (commande_locale) StdoutLine: {'line': b'-- Up-to-date: /home/user/celluleflexible_en_cours_ROS2/celluleflexible/ros_ws/install/commande_locale/include/commande_locale/commande_locale/msg/detail\n'}
[28.075568] (commande_locale) StdoutLine: {'line': b'-- Installing: /home/user/celluleflexible_en_cours_ROS2/celluleflexible/ros_ws/install/commande_locale/include/commande_locale/commande_locale/msg/detail/msg_choix_mode__struct.hpp\n'}
[28.075589] (commande_locale) StdoutLine: {'line': b'-- Installing: /home/user/celluleflexible_en_cours_ROS2/celluleflexible/ros_ws/install/commande_locale/include/commande_locale/commande_locale/msg/detail/robot_joints__type_support.hpp\n'}
[28.075610] (commande_locale) StdoutLine: {'line': b'-- Installing: /home/user/celluleflexible_en_cours_ROS2/celluleflexible/ros_ws/install/commande_locale/include/commande_locale/commande_locale/msg/detail/capteurs__builder.hpp\n'}
[28.075631] (commande_locale) StdoutLine: {'line': b'-- Installing: /home/user/celluleflexible_en_cours_ROS2/celluleflexible/ros_ws/install/commande_locale/include/commande_locale/commande_locale/msg/detail/msg_add_product__struct.hpp\n'}
[28.075653] (commande_locale) StdoutLine: {'line': b'-- Installing: /home/user/celluleflexible_en_cours_ROS2/celluleflexible/ros_ws/install/commande_locale/include/commande_locale/commande_locale/msg/detail/tache_finie_msg__struct.hpp\n'}
[28.075674] (commande_locale) StdoutLine: {'line': b'-- Installing: /home/user/celluleflexible_en_cours_ROS2/celluleflexible/ros_ws/install/commande_locale/include/commande_locale/commande_locale/msg/detail/robot_joints__builder.hpp\n'}
[28.075695] (commande_locale) StdoutLine: {'line': b'-- Installing: /home/user/celluleflexible_en_cours_ROS2/celluleflexible/ros_ws/install/commande_locale/include/commande_locale/commande_locale/msg/detail/msg_switch_control__struct.hpp\n'}
[28.075716] (commande_locale) StdoutLine: {'line': b'-- Installing: /home/user/celluleflexible_en_cours_ROS2/celluleflexible/ros_ws/install/commande_locale/include/commande_locale/commande_locale/msg/detail/msg_stop_control__traits.hpp\n'}
[28.075736] (commande_locale) StdoutLine: {'line': b'-- Installing: /home/user/celluleflexible_en_cours_ROS2/celluleflexible/ros_ws/install/commande_locale/include/commande_locale/commande_locale/msg/detail/msg_color__traits.hpp\n'}
[28.075758] (commande_locale) StdoutLine: {'line': b'-- Installing: /home/user/celluleflexible_en_cours_ROS2/celluleflexible/ros_ws/install/commande_locale/include/commande_locale/commande_locale/msg/detail/actionneurs__type_support.hpp\n'}
[28.075780] (commande_locale) StdoutLine: {'line': b'-- Installing: /home/user/celluleflexible_en_cours_ROS2/celluleflexible/ros_ws/install/commande_locale/include/commande_locale/commande_locale/msg/detail/tache_finie_msg__type_support.hpp\n'}
[28.075801] (commande_locale) StdoutLine: {'line': b'-- Installing: /home/user/celluleflexible_en_cours_ROS2/celluleflexible/ros_ws/install/commande_locale/include/commande_locale/commande_locale/msg/detail/msg_pin_control__builder.hpp\n'}
[28.075825] (commande_locale) StdoutLine: {'line': b'-- Installing: /home/user/celluleflexible_en_cours_ROS2/celluleflexible/ros_ws/install/commande_locale/include/commande_locale/commande_locale/msg/detail/capteurs__type_support.hpp\n'}
[28.075845] (commande_locale) StdoutLine: {'line': b'-- Installing: /home/user/celluleflexible_en_cours_ROS2/celluleflexible/ros_ws/install/commande_locale/include/commande_locale/commande_locale/msg/detail/msg_switch_control__traits.hpp\n'}
[28.075866] (commande_locale) StdoutLine: {'line': b'-- Installing: /home/user/celluleflexible_en_cours_ROS2/celluleflexible/ros_ws/install/commande_locale/include/commande_locale/commande_locale/msg/detail/deplacer_piece_msg__builder.hpp\n'}
[28.075887] (commande_locale) StdoutLine: {'line': b'-- Installing: /home/user/celluleflexible_en_cours_ROS2/celluleflexible/ros_ws/install/commande_locale/include/commande_locale/commande_locale/msg/detail/msg_erreur__traits.hpp\n'}
[28.075908] (commande_locale) StdoutLine: {'line': b'-- Installing: /home/user/celluleflexible_en_cours_ROS2/celluleflexible/ros_ws/install/commande_locale/include/commande_locale/commande_locale/msg/detail/msg_add_product__builder.hpp\n'}
[28.075930] (commande_locale) StdoutLine: {'line': b'-- Installing: /home/user/celluleflexible_en_cours_ROS2/celluleflexible/ros_ws/install/commande_locale/include/commande_locale/commande_locale/msg/detail/msg_stop_control__struct.hpp\n'}
[28.075952] (commande_locale) StdoutLine: {'line': b'-- Installing: /home/user/celluleflexible_en_cours_ROS2/celluleflexible/ros_ws/install/commande_locale/include/commande_locale/commande_locale/msg/detail/tache_finie_msg__traits.hpp\n'}
[28.075973] (commande_locale) StdoutLine: {'line': b'-- Installing: /home/user/celluleflexible_en_cours_ROS2/celluleflexible/ros_ws/install/commande_locale/include/commande_locale/commande_locale/msg/detail/msg_choix_mode__traits.hpp\n'}
[28.075995] (commande_locale) StdoutLine: {'line': b'-- Installing: /home/user/celluleflexible_en_cours_ROS2/celluleflexible/ros_ws/install/commande_locale/include/commande_locale/commande_locale/msg/detail/msg_choix_mode__builder.hpp\n'}
[28.076017] (commande_locale) StdoutLine: {'line': b'-- Installing: /home/user/celluleflexible_en_cours_ROS2/celluleflexible/ros_ws/install/commande_locale/include/commande_locale/commande_locale/msg/detail/msg_erreur__struct.hpp\n'}
[28.076038] (commande_locale) StdoutLine: {'line': b'-- Installing: /home/user/celluleflexible_en_cours_ROS2/celluleflexible/ros_ws/install/commande_locale/include/commande_locale/commande_locale/msg/detail/msg_color__builder.hpp\n'}
[28.076059] (commande_locale) StdoutLine: {'line': b'-- Installing: /home/user/celluleflexible_en_cours_ROS2/celluleflexible/ros_ws/install/commande_locale/include/commande_locale/commande_locale/msg/detail/msg_erreur__type_support.hpp\n'}
[28.076080] (commande_locale) StdoutLine: {'line': b'-- Installing: /home/user/celluleflexible_en_cours_ROS2/celluleflexible/ros_ws/install/commande_locale/include/commande_locale/commande_locale/msg/detail/msg_add_product__type_support.hpp\n'}
[28.076102] (commande_locale) StdoutLine: {'line': b'-- Installing: /home/user/celluleflexible_en_cours_ROS2/celluleflexible/ros_ws/install/commande_locale/include/commande_locale/commande_locale/msg/detail/deplacer_piece_msg__traits.hpp\n'}
[28.076121] (commande_locale) StdoutLine: {'line': b'-- Installing: /home/user/celluleflexible_en_cours_ROS2/celluleflexible/ros_ws/install/commande_locale/include/commande_locale/commande_locale/msg/detail/deplacer_piece_msg__type_support.hpp\n'}
[28.076143] (commande_locale) StdoutLine: {'line': b'-- Installing: /home/user/celluleflexible_en_cours_ROS2/celluleflexible/ros_ws/install/commande_locale/include/commande_locale/commande_locale/msg/detail/msg_pin_control__struct.hpp\n'}
[28.076166] (commande_locale) StdoutLine: {'line': b'-- Installing: /home/user/celluleflexible_en_cours_ROS2/celluleflexible/ros_ws/install/commande_locale/include/commande_locale/commande_locale/msg/detail/robot_joints__struct.hpp\n'}
[28.076188] (commande_locale) StdoutLine: {'line': b'-- Installing: /home/user/celluleflexible_en_cours_ROS2/celluleflexible/ros_ws/install/commande_locale/include/commande_locale/commande_locale/msg/detail/deplacer_piece_msg__struct.hpp\n'}
[28.076209] (commande_locale) StdoutLine: {'line': b'-- Installing: /home/user/celluleflexible_en_cours_ROS2/celluleflexible/ros_ws/install/commande_locale/include/commande_locale/commande_locale/msg/detail/actionneurs__builder.hpp\n'}
[28.076232] (commande_locale) StdoutLine: {'line': b'-- Installing: /home/user/celluleflexible_en_cours_ROS2/celluleflexible/ros_ws/install/commande_locale/include/commande_locale/commande_locale/msg/detail/tache_finie_msg__builder.hpp\n'}
[28.076254] (commande_locale) StdoutLine: {'line': b'-- Installing: /home/user/celluleflexible_en_cours_ROS2/celluleflexible/ros_ws/install/commande_locale/include/commande_locale/commande_locale/msg/detail/msg_erreur__builder.hpp\n'}
[28.076275] (commande_locale) StdoutLine: {'line': b'-- Installing: /home/user/celluleflexible_en_cours_ROS2/celluleflexible/ros_ws/install/commande_locale/include/commande_locale/commande_locale/msg/detail/msg_switch_control__type_support.hpp\n'}
[28.076298] (commande_locale) StdoutLine: {'line': b'-- Installing: /home/user/celluleflexible_en_cours_ROS2/celluleflexible/ros_ws/install/commande_locale/include/commande_locale/commande_locale/msg/detail/robot_joints__traits.hpp\n'}
[28.076321] (commande_locale) StdoutLine: {'line': b'-- Installing: /home/user/celluleflexible_en_cours_ROS2/celluleflexible/ros_ws/install/commande_locale/include/commande_locale/commande_locale/msg/detail/msg_pin_control__traits.hpp\n'}
[28.076343] (commande_locale) StdoutLine: {'line': b'-- Installing: /home/user/celluleflexible_en_cours_ROS2/celluleflexible/ros_ws/install/commande_locale/include/commande_locale/commande_locale/msg/detail/msg_add_product__traits.hpp\n'}
[28.076505] (commande_locale) StdoutLine: {'line': b'-- Installing: /home/user/celluleflexible_en_cours_ROS2/celluleflexible/ros_ws/install/commande_locale/include/commande_locale/commande_locale/msg/detail/capteurs__traits.hpp\n'}
[28.076926] (commande_locale) StdoutLine: {'line': b'-- Installing: /home/user/celluleflexible_en_cours_ROS2/celluleflexible/ros_ws/install/commande_locale/include/commande_locale/commande_locale/msg/detail/actionneurs__struct.hpp\n'}
[28.077023] (commande_locale) StdoutLine: {'line': b'-- Installing: /home/user/celluleflexible_en_cours_ROS2/celluleflexible/ros_ws/install/commande_locale/include/commande_locale/commande_locale/msg/detail/msg_choix_mode__type_support.hpp\n'}
[28.077093] (commande_locale) StdoutLine: {'line': b'-- Installing: /home/user/celluleflexible_en_cours_ROS2/celluleflexible/ros_ws/install/commande_locale/include/commande_locale/commande_locale/msg/detail/actionneurs__traits.hpp\n'}
[28.077179] (commande_locale) StdoutLine: {'line': b'-- Installing: /home/user/celluleflexible_en_cours_ROS2/celluleflexible/ros_ws/install/commande_locale/include/commande_locale/commande_locale/msg/detail/msg_stop_control__type_support.hpp\n'}
[28.077249] (commande_locale) StdoutLine: {'line': b'-- Installing: /home/user/celluleflexible_en_cours_ROS2/celluleflexible/ros_ws/install/commande_locale/include/commande_locale/commande_locale/msg/detail/msg_switch_control__builder.hpp\n'}
[28.077319] (commande_locale) StdoutLine: {'line': b'-- Installing: /home/user/celluleflexible_en_cours_ROS2/celluleflexible/ros_ws/install/commande_locale/include/commande_locale/commande_locale/msg/detail/msg_stop_control__builder.hpp\n'}
[28.077470] (commande_locale) StdoutLine: {'line': b'-- Installing: /home/user/celluleflexible_en_cours_ROS2/celluleflexible/ros_ws/install/commande_locale/include/commande_locale/commande_locale/msg/detail/msg_color__type_support.hpp\n'}
[28.077497] (commande_locale) StdoutLine: {'line': b'-- Installing: /home/user/celluleflexible_en_cours_ROS2/celluleflexible/ros_ws/install/commande_locale/include/commande_locale/commande_locale/msg/detail/msg_pin_control__type_support.hpp\n'}
[28.077523] (commande_locale) StdoutLine: {'line': b'-- Installing: /home/user/celluleflexible_en_cours_ROS2/celluleflexible/ros_ws/install/commande_locale/include/commande_locale/commande_locale/msg/detail/capteurs__struct.hpp\n'}
[28.077547] (commande_locale) StdoutLine: {'line': b'-- Installing: /home/user/celluleflexible_en_cours_ROS2/celluleflexible/ros_ws/install/commande_locale/include/commande_locale/commande_locale/msg/detail/msg_color__struct.hpp\n'}
[28.077569] (commande_locale) StdoutLine: {'line': b'-- Installing: /home/user/celluleflexible_en_cours_ROS2/celluleflexible/ros_ws/install/commande_locale/include/commande_locale/commande_locale/msg/msg_erreur.hpp\n'}
[28.077593] (commande_locale) StdoutLine: {'line': b'-- Up-to-date: /home/user/celluleflexible_en_cours_ROS2/celluleflexible/ros_ws/install/commande_locale/include/commande_locale/commande_locale/srv\n'}
[28.077615] (commande_locale) StdoutLine: {'line': b'-- Installing: /home/user/celluleflexible_en_cours_ROS2/celluleflexible/ros_ws/install/commande_locale/include/commande_locale/commande_locale/srv/srv_add_product.hpp\n'}
[28.077644] (commande_locale) StdoutLine: {'line': b'-- Installing: /home/user/celluleflexible_en_cours_ROS2/celluleflexible/ros_ws/install/commande_locale/include/commande_locale/commande_locale/srv/srv_add_product_push_back.hpp\n'}
[28.077667] (commande_locale) StdoutLine: {'line': b'-- Installing: /home/user/celluleflexible_en_cours_ROS2/celluleflexible/ros_ws/install/commande_locale/include/commande_locale/commande_locale/srv/srv_fin_init.hpp\n'}
[28.077690] (commande_locale) StdoutLine: {'line': b'-- Up-to-date: /home/user/celluleflexible_en_cours_ROS2/celluleflexible/ros_ws/install/commande_locale/include/commande_locale/commande_locale/srv/detail\n'}
[28.077711] (commande_locale) StdoutLine: {'line': b'-- Installing: /home/user/celluleflexible_en_cours_ROS2/celluleflexible/ros_ws/install/commande_locale/include/commande_locale/commande_locale/srv/detail/srv_add_product_push_back__builder.hpp\n'}
[28.077733] (commande_locale) StdoutLine: {'line': b'-- Installing: /home/user/celluleflexible_en_cours_ROS2/celluleflexible/ros_ws/install/commande_locale/include/commande_locale/commande_locale/srv/detail/srv_fin_init__builder.hpp\n'}
[28.077755] (commande_locale) StdoutLine: {'line': b'-- Installing: /home/user/celluleflexible_en_cours_ROS2/celluleflexible/ros_ws/install/commande_locale/include/commande_locale/commande_locale/srv/detail/srv_add_product__struct.hpp\n'}
[28.077777] (commande_locale) StdoutLine: {'line': b'-- Installing: /home/user/celluleflexible_en_cours_ROS2/celluleflexible/ros_ws/install/commande_locale/include/commande_locale/commande_locale/srv/detail/srv_fin_init__traits.hpp\n'}
[28.077801] (commande_locale) StdoutLine: {'line': b'-- Installing: /home/user/celluleflexible_en_cours_ROS2/celluleflexible/ros_ws/install/commande_locale/include/commande_locale/commande_locale/srv/detail/srv_add_product__type_support.hpp\n'}
[28.077822] (commande_locale) StdoutLine: {'line': b'-- Installing: /home/user/celluleflexible_en_cours_ROS2/celluleflexible/ros_ws/install/commande_locale/include/commande_locale/commande_locale/srv/detail/srv_add_product_push_back__struct.hpp\n'}
[28.077843] (commande_locale) StdoutLine: {'line': b'-- Installing: /home/user/celluleflexible_en_cours_ROS2/celluleflexible/ros_ws/install/commande_locale/include/commande_locale/commande_locale/srv/detail/srv_add_product_push_back__traits.hpp\n'}
[28.077864] (commande_locale) StdoutLine: {'line': b'-- Installing: /home/user/celluleflexible_en_cours_ROS2/celluleflexible/ros_ws/install/commande_locale/include/commande_locale/commande_locale/srv/detail/srv_fin_init__type_support.hpp\n'}
[28.077886] (commande_locale) StdoutLine: {'line': b'-- Installing: /home/user/celluleflexible_en_cours_ROS2/celluleflexible/ros_ws/install/commande_locale/include/commande_locale/commande_locale/srv/detail/srv_add_product__builder.hpp\n'}
[28.077906] (commande_locale) StdoutLine: {'line': b'-- Installing: /home/user/celluleflexible_en_cours_ROS2/celluleflexible/ros_ws/install/commande_locale/include/commande_locale/commande_locale/srv/detail/srv_fin_init__struct.hpp\n'}
[28.077927] (commande_locale) StdoutLine: {'line': b'-- Installing: /home/user/celluleflexible_en_cours_ROS2/celluleflexible/ros_ws/install/commande_locale/include/commande_locale/commande_locale/srv/detail/srv_add_product__traits.hpp\n'}
[28.077949] (commande_locale) StdoutLine: {'line': b'-- Installing: /home/user/celluleflexible_en_cours_ROS2/celluleflexible/ros_ws/install/commande_locale/include/commande_locale/commande_locale/srv/detail/srv_add_product_push_back__type_support.hpp\n'}
[28.077970] (commande_locale) StdoutLine: {'line': b'-- Up-to-date: /home/user/celluleflexible_en_cours_ROS2/celluleflexible/ros_ws/install/commande_locale/include/commande_locale/commande_locale\n'}
[28.077992] (commande_locale) StdoutLine: {'line': b'-- Up-to-date: /home/user/celluleflexible_en_cours_ROS2/celluleflexible/ros_ws/install/commande_locale/include/commande_locale/commande_locale/msg\n'}
[28.078013] (commande_locale) StdoutLine: {'line': b'-- Up-to-date: /home/user/celluleflexible_en_cours_ROS2/celluleflexible/ros_ws/install/commande_locale/include/commande_locale/commande_locale/msg/detail\n'}
[28.078035] (commande_locale) StdoutLine: {'line': b'-- Installing: /home/user/celluleflexible_en_cours_ROS2/celluleflexible/ros_ws/install/commande_locale/include/commande_locale/commande_locale/msg/detail/msg_pin_control__rosidl_typesupport_fastrtps_cpp.hpp\n'}
[28.078058] (commande_locale) StdoutLine: {'line': b'-- Installing: /home/user/celluleflexible_en_cours_ROS2/celluleflexible/ros_ws/install/commande_locale/include/commande_locale/commande_locale/msg/detail/capteurs__rosidl_typesupport_fastrtps_cpp.hpp\n'}
[28.078080] (commande_locale) StdoutLine: {'line': b'-- Installing: /home/user/celluleflexible_en_cours_ROS2/celluleflexible/ros_ws/install/commande_locale/include/commande_locale/commande_locale/msg/detail/tache_finie_msg__rosidl_typesupport_fastrtps_cpp.hpp\n'}
[28.078102] (commande_locale) StdoutLine: {'line': b'-- Installing: /home/user/celluleflexible_en_cours_ROS2/celluleflexible/ros_ws/install/commande_locale/include/commande_locale/commande_locale/msg/detail/msg_switch_control__rosidl_typesupport_fastrtps_cpp.hpp\n'}
[28.078124] (commande_locale) StdoutLine: {'line': b'-- Installing: /home/user/celluleflexible_en_cours_ROS2/celluleflexible/ros_ws/install/commande_locale/include/commande_locale/commande_locale/msg/detail/dds_fastrtps\n'}
[28.078149] (commande_locale) StdoutLine: {'line': b'-- Installing: /home/user/celluleflexible_en_cours_ROS2/celluleflexible/ros_ws/install/commande_locale/include/commande_locale/commande_locale/msg/detail/msg_erreur__rosidl_typesupport_fastrtps_cpp.hpp\n'}
[28.078173] (commande_locale) StdoutLine: {'line': b'-- Installing: /home/user/celluleflexible_en_cours_ROS2/celluleflexible/ros_ws/install/commande_locale/include/commande_locale/commande_locale/msg/detail/robot_joints__rosidl_typesupport_fastrtps_cpp.hpp\n'}
[28.078196] (commande_locale) StdoutLine: {'line': b'-- Installing: /home/user/celluleflexible_en_cours_ROS2/celluleflexible/ros_ws/install/commande_locale/include/commande_locale/commande_locale/msg/detail/msg_add_product__rosidl_typesupport_fastrtps_cpp.hpp\n'}
[28.078218] (commande_locale) StdoutLine: {'line': b'-- Installing: /home/user/celluleflexible_en_cours_ROS2/celluleflexible/ros_ws/install/commande_locale/include/commande_locale/commande_locale/msg/detail/msg_stop_control__rosidl_typesupport_fastrtps_cpp.hpp\n'}
[28.078240] (commande_locale) StdoutLine: {'line': b'-- Installing: /home/user/celluleflexible_en_cours_ROS2/celluleflexible/ros_ws/install/commande_locale/include/commande_locale/commande_locale/msg/detail/actionneurs__rosidl_typesupport_fastrtps_cpp.hpp\n'}
[28.078261] (commande_locale) StdoutLine: {'line': b'-- Installing: /home/user/celluleflexible_en_cours_ROS2/celluleflexible/ros_ws/install/commande_locale/include/commande_locale/commande_locale/msg/detail/msg_color__rosidl_typesupport_fastrtps_cpp.hpp\n'}
[28.078284] (commande_locale) StdoutLine: {'line': b'-- Installing: /home/user/celluleflexible_en_cours_ROS2/celluleflexible/ros_ws/install/commande_locale/include/commande_locale/commande_locale/msg/detail/msg_choix_mode__rosidl_typesupport_fastrtps_cpp.hpp\n'}
[28.078304] (commande_locale) StdoutLine: {'line': b'-- Installing: /home/user/celluleflexible_en_cours_ROS2/celluleflexible/ros_ws/install/commande_locale/include/commande_locale/commande_locale/msg/detail/deplacer_piece_msg__rosidl_typesupport_fastrtps_cpp.hpp\n'}
[28.078324] (commande_locale) StdoutLine: {'line': b'-- Installing: /home/user/celluleflexible_en_cours_ROS2/celluleflexible/ros_ws/install/commande_locale/include/commande_locale/commande_locale/msg/rosidl_typesupport_fastrtps_cpp__visibility_control.h\n'}
[28.078467] (commande_locale) StdoutLine: {'line': b'-- Up-to-date: /home/user/celluleflexible_en_cours_ROS2/celluleflexible/ros_ws/install/commande_locale/include/commande_locale/commande_locale/srv\n'}
[28.078495] (commande_locale) StdoutLine: {'line': b'-- Up-to-date: /home/user/celluleflexible_en_cours_ROS2/celluleflexible/ros_ws/install/commande_locale/include/commande_locale/commande_locale/srv/detail\n'}
[28.078522] (commande_locale) StdoutLine: {'line': b'-- Installing: /home/user/celluleflexible_en_cours_ROS2/celluleflexible/ros_ws/install/commande_locale/include/commande_locale/commande_locale/srv/detail/srv_fin_init__rosidl_typesupport_fastrtps_cpp.hpp\n'}
[28.078546] (commande_locale) StdoutLine: {'line': b'-- Installing: /home/user/celluleflexible_en_cours_ROS2/celluleflexible/ros_ws/install/commande_locale/include/commande_locale/commande_locale/srv/detail/srv_add_product__rosidl_typesupport_fastrtps_cpp.hpp\n'}
[28.078568] (commande_locale) StdoutLine: {'line': b'-- Installing: /home/user/celluleflexible_en_cours_ROS2/celluleflexible/ros_ws/install/commande_locale/include/commande_locale/commande_locale/srv/detail/srv_add_product_push_back__rosidl_typesupport_fastrtps_cpp.hpp\n'}
[28.078590] (commande_locale) StdoutLine: {'line': b'-- Installing: /home/user/celluleflexible_en_cours_ROS2/celluleflexible/ros_ws/install/commande_locale/include/commande_locale/commande_locale/srv/detail/dds_fastrtps\n'}
[28.078612] (commande_locale) StdoutLine: {'line': b'-- Installing: /home/user/celluleflexible_en_cours_ROS2/celluleflexible/ros_ws/install/commande_locale/lib/libcommande_locale__rosidl_typesupport_fastrtps_cpp.so\n'}
[28.078633] (commande_locale) StdoutLine: {'line': b'-- Set non-toolchain portion of runtime path of "/home/user/celluleflexible_en_cours_ROS2/celluleflexible/ros_ws/install/commande_locale/lib/libcommande_locale__rosidl_typesupport_fastrtps_cpp.so" to ""\n'}
[28.078655] (commande_locale) StdoutLine: {'line': b'-- Up-to-date: /home/user/celluleflexible_en_cours_ROS2/celluleflexible/ros_ws/install/commande_locale/include/commande_locale/commande_locale\n'}
[28.078676] (commande_locale) StdoutLine: {'line': b'-- Up-to-date: /home/user/celluleflexible_en_cours_ROS2/celluleflexible/ros_ws/install/commande_locale/include/commande_locale/commande_locale/msg\n'}
[28.078696] (commande_locale) StdoutLine: {'line': b'-- Installing: /home/user/celluleflexible_en_cours_ROS2/celluleflexible/ros_ws/install/commande_locale/include/commande_locale/commande_locale/msg/rosidl_typesupport_introspection_c__visibility_control.h\n'}
[28.078718] (commande_locale) StdoutLine: {'line': b'-- Up-to-date: /home/user/celluleflexible_en_cours_ROS2/celluleflexible/ros_ws/install/commande_locale/include/commande_locale/commande_locale/msg/detail\n'}
[28.078742] (commande_locale) StdoutLine: {'line': b'-- Installing: /home/user/celluleflexible_en_cours_ROS2/celluleflexible/ros_ws/install/commande_locale/include/commande_locale/commande_locale/msg/detail/msg_stop_control__rosidl_typesupport_introspection_c.h\n'}
[28.078764] (commande_locale) StdoutLine: {'line': b'-- Installing: /home/user/celluleflexible_en_cours_ROS2/celluleflexible/ros_ws/install/commande_locale/include/commande_locale/commande_locale/msg/detail/msg_color__rosidl_typesupport_introspection_c.h\n'}
[28.078785] (commande_locale) StdoutLine: {'line': b'-- Installing: /home/user/celluleflexible_en_cours_ROS2/celluleflexible/ros_ws/install/commande_locale/include/commande_locale/commande_locale/msg/detail/msg_add_product__rosidl_typesupport_introspection_c.h\n'}
[28.078805] (commande_locale) StdoutLine: {'line': b'-- Installing: /home/user/celluleflexible_en_cours_ROS2/celluleflexible/ros_ws/install/commande_locale/include/commande_locale/commande_locale/msg/detail/actionneurs__rosidl_typesupport_introspection_c.h\n'}
[28.078826] (commande_locale) StdoutLine: {'line': b'-- Installing: /home/user/celluleflexible_en_cours_ROS2/celluleflexible/ros_ws/install/commande_locale/include/commande_locale/commande_locale/msg/detail/tache_finie_msg__rosidl_typesupport_introspection_c.h\n'}
[28.078847] (commande_locale) StdoutLine: {'line': b'-- Installing: /home/user/celluleflexible_en_cours_ROS2/celluleflexible/ros_ws/install/commande_locale/include/commande_locale/commande_locale/msg/detail/msg_switch_control__type_support.c\n'}
[28.078871] (commande_locale) StdoutLine: {'line': b'-- Installing: /home/user/celluleflexible_en_cours_ROS2/celluleflexible/ros_ws/install/commande_locale/include/commande_locale/commande_locale/msg/detail/msg_stop_control__type_support.c\n'}
[28.078893] (commande_locale) StdoutLine: {'line': b'-- Installing: /home/user/celluleflexible_en_cours_ROS2/celluleflexible/ros_ws/install/commande_locale/include/commande_locale/commande_locale/msg/detail/capteurs__type_support.c\n'}
[28.078915] (commande_locale) StdoutLine: {'line': b'-- Installing: /home/user/celluleflexible_en_cours_ROS2/celluleflexible/ros_ws/install/commande_locale/include/commande_locale/commande_locale/msg/detail/deplacer_piece_msg__type_support.c\n'}
[28.078935] (commande_locale) StdoutLine: {'line': b'-- Installing: /home/user/celluleflexible_en_cours_ROS2/celluleflexible/ros_ws/install/commande_locale/include/commande_locale/commande_locale/msg/detail/msg_pin_control__rosidl_typesupport_introspection_c.h\n'}
[28.078955] (commande_locale) StdoutLine: {'line': b'-- Installing: /home/user/celluleflexible_en_cours_ROS2/celluleflexible/ros_ws/install/commande_locale/include/commande_locale/commande_locale/msg/detail/capteurs__rosidl_typesupport_introspection_c.h\n'}
[28.078975] (commande_locale) StdoutLine: {'line': b'-- Installing: /home/user/celluleflexible_en_cours_ROS2/celluleflexible/ros_ws/install/commande_locale/include/commande_locale/commande_locale/msg/detail/actionneurs__type_support.c\n'}
[28.078995] (commande_locale) StdoutLine: {'line': b'-- Installing: /home/user/celluleflexible_en_cours_ROS2/celluleflexible/ros_ws/install/commande_locale/include/commande_locale/commande_locale/msg/detail/deplacer_piece_msg__rosidl_typesupport_introspection_c.h\n'}
[28.079015] (commande_locale) StdoutLine: {'line': b'-- Installing: /home/user/celluleflexible_en_cours_ROS2/celluleflexible/ros_ws/install/commande_locale/include/commande_locale/commande_locale/msg/detail/msg_switch_control__rosidl_typesupport_introspection_c.h\n'}
[28.079035] (commande_locale) StdoutLine: {'line': b'-- Installing: /home/user/celluleflexible_en_cours_ROS2/celluleflexible/ros_ws/install/commande_locale/include/commande_locale/commande_locale/msg/detail/robot_joints__rosidl_typesupport_introspection_c.h\n'}
[28.079056] (commande_locale) StdoutLine: {'line': b'-- Installing: /home/user/celluleflexible_en_cours_ROS2/celluleflexible/ros_ws/install/commande_locale/include/commande_locale/commande_locale/msg/detail/msg_color__type_support.c\n'}
[28.079076] (commande_locale) StdoutLine: {'line': b'-- Installing: /home/user/celluleflexible_en_cours_ROS2/celluleflexible/ros_ws/install/commande_locale/include/commande_locale/commande_locale/msg/detail/msg_add_product__type_support.c\n'}
[28.079096] (commande_locale) StdoutLine: {'line': b'-- Installing: /home/user/celluleflexible_en_cours_ROS2/celluleflexible/ros_ws/install/commande_locale/include/commande_locale/commande_locale/msg/detail/msg_choix_mode__type_support.c\n'}
[28.079400] (commande_locale) StdoutLine: {'line': b'-- Installing: /home/user/celluleflexible_en_cours_ROS2/celluleflexible/ros_ws/install/commande_locale/include/commande_locale/commande_locale/msg/detail/msg_choix_mode__rosidl_typesupport_introspection_c.h\n'}
[28.079484] (commande_locale) StdoutLine: {'line': b'-- Installing: /home/user/celluleflexible_en_cours_ROS2/celluleflexible/ros_ws/install/commande_locale/include/commande_locale/commande_locale/msg/detail/robot_joints__type_support.c\n'}
[28.079516] (commande_locale) StdoutLine: {'line': b'-- Installing: /home/user/celluleflexible_en_cours_ROS2/celluleflexible/ros_ws/install/commande_locale/include/commande_locale/commande_locale/msg/detail/msg_pin_control__type_support.c\n'}
[28.079540] (commande_locale) StdoutLine: {'line': b'-- Installing: /home/user/celluleflexible_en_cours_ROS2/celluleflexible/ros_ws/install/commande_locale/include/commande_locale/commande_locale/msg/detail/msg_erreur__type_support.c\n'}
[28.079563] (commande_locale) StdoutLine: {'line': b'-- Installing: /home/user/celluleflexible_en_cours_ROS2/celluleflexible/ros_ws/install/commande_locale/include/commande_locale/commande_locale/msg/detail/tache_finie_msg__type_support.c\n'}
[28.079630] (commande_locale) StdoutLine: {'line': b'-- Installing: /home/user/celluleflexible_en_cours_ROS2/celluleflexible/ros_ws/install/commande_locale/include/commande_locale/commande_locale/msg/detail/msg_erreur__rosidl_typesupport_introspection_c.h\n'}
[28.079743] (commande_locale) StdoutLine: {'line': b'-- Up-to-date: /home/user/celluleflexible_en_cours_ROS2/celluleflexible/ros_ws/install/commande_locale/include/commande_locale/commande_locale/srv\n'}
[28.079782] (commande_locale) StdoutLine: {'line': b'-- Up-to-date: /home/user/celluleflexible_en_cours_ROS2/celluleflexible/ros_ws/install/commande_locale/include/commande_locale/commande_locale/srv/detail\n'}
[28.079810] (commande_locale) StdoutLine: {'line': b'-- Installing: /home/user/celluleflexible_en_cours_ROS2/celluleflexible/ros_ws/install/commande_locale/include/commande_locale/commande_locale/srv/detail/srv_add_product_push_back__type_support.c\n'}
[28.079834] (commande_locale) StdoutLine: {'line': b'-- Installing: /home/user/celluleflexible_en_cours_ROS2/celluleflexible/ros_ws/install/commande_locale/include/commande_locale/commande_locale/srv/detail/srv_fin_init__type_support.c\n'}
[28.079862] (commande_locale) StdoutLine: {'line': b'-- Installing: /home/user/celluleflexible_en_cours_ROS2/celluleflexible/ros_ws/install/commande_locale/include/commande_locale/commande_locale/srv/detail/srv_add_product_push_back__rosidl_typesupport_introspection_c.h\n'}
[28.079886] (commande_locale) StdoutLine: {'line': b'-- Installing: /home/user/celluleflexible_en_cours_ROS2/celluleflexible/ros_ws/install/commande_locale/include/commande_locale/commande_locale/srv/detail/srv_fin_init__rosidl_typesupport_introspection_c.h\n'}
[28.079907] (commande_locale) StdoutLine: {'line': b'-- Installing: /home/user/celluleflexible_en_cours_ROS2/celluleflexible/ros_ws/install/commande_locale/include/commande_locale/commande_locale/srv/detail/srv_add_product__rosidl_typesupport_introspection_c.h\n'}
[28.079931] (commande_locale) StdoutLine: {'line': b'-- Installing: /home/user/celluleflexible_en_cours_ROS2/celluleflexible/ros_ws/install/commande_locale/include/commande_locale/commande_locale/srv/detail/srv_add_product__type_support.c\n'}
[28.079952] (commande_locale) StdoutLine: {'line': b'-- Installing: /home/user/celluleflexible_en_cours_ROS2/celluleflexible/ros_ws/install/commande_locale/lib/libcommande_locale__rosidl_typesupport_introspection_c.so\n'}
[28.079974] (commande_locale) StdoutLine: {'line': b'-- Set non-toolchain portion of runtime path of "/home/user/celluleflexible_en_cours_ROS2/celluleflexible/ros_ws/install/commande_locale/lib/libcommande_locale__rosidl_typesupport_introspection_c.so" to ""\n'}
[28.079995] (commande_locale) StdoutLine: {'line': b'-- Installing: /home/user/celluleflexible_en_cours_ROS2/celluleflexible/ros_ws/install/commande_locale/lib/libcommande_locale__rosidl_typesupport_c.so\n'}
[28.080017] (commande_locale) StdoutLine: {'line': b'-- Set non-toolchain portion of runtime path of "/home/user/celluleflexible_en_cours_ROS2/celluleflexible/ros_ws/install/commande_locale/lib/libcommande_locale__rosidl_typesupport_c.so" to ""\n'}
[28.080038] (commande_locale) StdoutLine: {'line': b'-- Up-to-date: /home/user/celluleflexible_en_cours_ROS2/celluleflexible/ros_ws/install/commande_locale/include/commande_locale/commande_locale\n'}
[28.080060] (commande_locale) StdoutLine: {'line': b'-- Up-to-date: /home/user/celluleflexible_en_cours_ROS2/celluleflexible/ros_ws/install/commande_locale/include/commande_locale/commande_locale/msg\n'}
[28.080082] (commande_locale) StdoutLine: {'line': b'-- Up-to-date: /home/user/celluleflexible_en_cours_ROS2/celluleflexible/ros_ws/install/commande_locale/include/commande_locale/commande_locale/msg/detail\n'}
[28.080103] (commande_locale) StdoutLine: {'line': b'-- Installing: /home/user/celluleflexible_en_cours_ROS2/celluleflexible/ros_ws/install/commande_locale/include/commande_locale/commande_locale/msg/detail/msg_add_product__type_support.cpp\n'}
[28.080129] (commande_locale) StdoutLine: {'line': b'-- Installing: /home/user/celluleflexible_en_cours_ROS2/celluleflexible/ros_ws/install/commande_locale/include/commande_locale/commande_locale/msg/detail/msg_switch_control__rosidl_typesupport_introspection_cpp.hpp\n'}
[28.080153] (commande_locale) StdoutLine: {'line': b'-- Installing: /home/user/celluleflexible_en_cours_ROS2/celluleflexible/ros_ws/install/commande_locale/include/commande_locale/commande_locale/msg/detail/msg_pin_control__type_support.cpp\n'}
[28.080173] (commande_locale) StdoutLine: {'line': b'-- Installing: /home/user/celluleflexible_en_cours_ROS2/celluleflexible/ros_ws/install/commande_locale/include/commande_locale/commande_locale/msg/detail/actionneurs__rosidl_typesupport_introspection_cpp.hpp\n'}
[28.080193] (commande_locale) StdoutLine: {'line': b'-- Installing: /home/user/celluleflexible_en_cours_ROS2/celluleflexible/ros_ws/install/commande_locale/include/commande_locale/commande_locale/msg/detail/msg_stop_control__rosidl_typesupport_introspection_cpp.hpp\n'}
[28.080213] (commande_locale) StdoutLine: {'line': b'-- Installing: /home/user/celluleflexible_en_cours_ROS2/celluleflexible/ros_ws/install/commande_locale/include/commande_locale/commande_locale/msg/detail/tache_finie_msg__type_support.cpp\n'}
[28.080363] (commande_locale) StdoutLine: {'line': b'-- Installing: /home/user/celluleflexible_en_cours_ROS2/celluleflexible/ros_ws/install/commande_locale/include/commande_locale/commande_locale/msg/detail/capteurs__rosidl_typesupport_introspection_cpp.hpp\n'}
[28.080392] (commande_locale) StdoutLine: {'line': b'-- Installing: /home/user/celluleflexible_en_cours_ROS2/celluleflexible/ros_ws/install/commande_locale/include/commande_locale/commande_locale/msg/detail/deplacer_piece_msg__rosidl_typesupport_introspection_cpp.hpp\n'}
[28.080415] (commande_locale) StdoutLine: {'line': b'-- Installing: /home/user/celluleflexible_en_cours_ROS2/celluleflexible/ros_ws/install/commande_locale/include/commande_locale/commande_locale/msg/detail/msg_stop_control__type_support.cpp\n'}
[28.080436] (commande_locale) StdoutLine: {'line': b'-- Installing: /home/user/celluleflexible_en_cours_ROS2/celluleflexible/ros_ws/install/commande_locale/include/commande_locale/commande_locale/msg/detail/msg_pin_control__rosidl_typesupport_introspection_cpp.hpp\n'}
[28.080458] (commande_locale) StdoutLine: {'line': b'-- Installing: /home/user/celluleflexible_en_cours_ROS2/celluleflexible/ros_ws/install/commande_locale/include/commande_locale/commande_locale/msg/detail/msg_erreur__type_support.cpp\n'}
[28.080483] (commande_locale) StdoutLine: {'line': b'-- Installing: /home/user/celluleflexible_en_cours_ROS2/celluleflexible/ros_ws/install/commande_locale/include/commande_locale/commande_locale/msg/detail/robot_joints__rosidl_typesupport_introspection_cpp.hpp\n'}
[28.080504] (commande_locale) StdoutLine: {'line': b'-- Installing: /home/user/celluleflexible_en_cours_ROS2/celluleflexible/ros_ws/install/commande_locale/include/commande_locale/commande_locale/msg/detail/msg_erreur__rosidl_typesupport_introspection_cpp.hpp\n'}
[28.080526] (commande_locale) StdoutLine: {'line': b'-- Installing: /home/user/celluleflexible_en_cours_ROS2/celluleflexible/ros_ws/install/commande_locale/include/commande_locale/commande_locale/msg/detail/msg_choix_mode__type_support.cpp\n'}
[28.080547] (commande_locale) StdoutLine: {'line': b'-- Installing: /home/user/celluleflexible_en_cours_ROS2/celluleflexible/ros_ws/install/commande_locale/include/commande_locale/commande_locale/msg/detail/msg_color__rosidl_typesupport_introspection_cpp.hpp\n'}
[28.080568] (commande_locale) StdoutLine: {'line': b'-- Installing: /home/user/celluleflexible_en_cours_ROS2/celluleflexible/ros_ws/install/commande_locale/include/commande_locale/commande_locale/msg/detail/msg_choix_mode__rosidl_typesupport_introspection_cpp.hpp\n'}
[28.080590] (commande_locale) StdoutLine: {'line': b'-- Installing: /home/user/celluleflexible_en_cours_ROS2/celluleflexible/ros_ws/install/commande_locale/include/commande_locale/commande_locale/msg/detail/deplacer_piece_msg__type_support.cpp\n'}
[28.080613] (commande_locale) StdoutLine: {'line': b'-- Installing: /home/user/celluleflexible_en_cours_ROS2/celluleflexible/ros_ws/install/commande_locale/include/commande_locale/commande_locale/msg/detail/msg_switch_control__type_support.cpp\n'}
[28.080635] (commande_locale) StdoutLine: {'line': b'-- Installing: /home/user/celluleflexible_en_cours_ROS2/celluleflexible/ros_ws/install/commande_locale/include/commande_locale/commande_locale/msg/detail/robot_joints__type_support.cpp\n'}
[28.080655] (commande_locale) StdoutLine: {'line': b'-- Installing: /home/user/celluleflexible_en_cours_ROS2/celluleflexible/ros_ws/install/commande_locale/include/commande_locale/commande_locale/msg/detail/capteurs__type_support.cpp\n'}
[28.080676] (commande_locale) StdoutLine: {'line': b'-- Installing: /home/user/celluleflexible_en_cours_ROS2/celluleflexible/ros_ws/install/commande_locale/include/commande_locale/commande_locale/msg/detail/tache_finie_msg__rosidl_typesupport_introspection_cpp.hpp\n'}
[28.080696] (commande_locale) StdoutLine: {'line': b'-- Installing: /home/user/celluleflexible_en_cours_ROS2/celluleflexible/ros_ws/install/commande_locale/include/commande_locale/commande_locale/msg/detail/msg_color__type_support.cpp\n'}
[28.080718] (commande_locale) StdoutLine: {'line': b'-- Installing: /home/user/celluleflexible_en_cours_ROS2/celluleflexible/ros_ws/install/commande_locale/include/commande_locale/commande_locale/msg/detail/msg_add_product__rosidl_typesupport_introspection_cpp.hpp\n'}
[28.080740] (commande_locale) StdoutLine: {'line': b'-- Installing: /home/user/celluleflexible_en_cours_ROS2/celluleflexible/ros_ws/install/commande_locale/include/commande_locale/commande_locale/msg/detail/actionneurs__type_support.cpp\n'}
[28.080761] (commande_locale) StdoutLine: {'line': b'-- Up-to-date: /home/user/celluleflexible_en_cours_ROS2/celluleflexible/ros_ws/install/commande_locale/include/commande_locale/commande_locale/srv\n'}
[28.080782] (commande_locale) StdoutLine: {'line': b'-- Up-to-date: /home/user/celluleflexible_en_cours_ROS2/celluleflexible/ros_ws/install/commande_locale/include/commande_locale/commande_locale/srv/detail\n'}
[28.080803] (commande_locale) StdoutLine: {'line': b'-- Installing: /home/user/celluleflexible_en_cours_ROS2/celluleflexible/ros_ws/install/commande_locale/include/commande_locale/commande_locale/srv/detail/srv_add_product_push_back__rosidl_typesupport_introspection_cpp.hpp\n'}
[28.080824] (commande_locale) StdoutLine: {'line': b'-- Installing: /home/user/celluleflexible_en_cours_ROS2/celluleflexible/ros_ws/install/commande_locale/include/commande_locale/commande_locale/srv/detail/srv_add_product__type_support.cpp\n'}
[28.080845] (commande_locale) StdoutLine: {'line': b'-- Installing: /home/user/celluleflexible_en_cours_ROS2/celluleflexible/ros_ws/install/commande_locale/include/commande_locale/commande_locale/srv/detail/srv_add_product__rosidl_typesupport_introspection_cpp.hpp\n'}
[28.080867] (commande_locale) StdoutLine: {'line': b'-- Installing: /home/user/celluleflexible_en_cours_ROS2/celluleflexible/ros_ws/install/commande_locale/include/commande_locale/commande_locale/srv/detail/srv_fin_init__rosidl_typesupport_introspection_cpp.hpp\n'}
[28.080889] (commande_locale) StdoutLine: {'line': b'-- Installing: /home/user/celluleflexible_en_cours_ROS2/celluleflexible/ros_ws/install/commande_locale/include/commande_locale/commande_locale/srv/detail/srv_add_product_push_back__type_support.cpp\n'}
[28.080909] (commande_locale) StdoutLine: {'line': b'-- Installing: /home/user/celluleflexible_en_cours_ROS2/celluleflexible/ros_ws/install/commande_locale/include/commande_locale/commande_locale/srv/detail/srv_fin_init__type_support.cpp\n'}
[28.080932] (commande_locale) StdoutLine: {'line': b'-- Installing: /home/user/celluleflexible_en_cours_ROS2/celluleflexible/ros_ws/install/commande_locale/lib/libcommande_locale__rosidl_typesupport_introspection_cpp.so\n'}
[28.082598] (commande_locale) StdoutLine: {'line': b'-- Set non-toolchain portion of runtime path of "/home/user/celluleflexible_en_cours_ROS2/celluleflexible/ros_ws/install/commande_locale/lib/libcommande_locale__rosidl_typesupport_introspection_cpp.so" to ""\n'}
[28.082682] (commande_locale) StdoutLine: {'line': b'-- Installing: /home/user/celluleflexible_en_cours_ROS2/celluleflexible/ros_ws/install/commande_locale/lib/libcommande_locale__rosidl_typesupport_cpp.so\n'}
[28.082708] (commande_locale) StdoutLine: {'line': b'-- Set non-toolchain portion of runtime path of "/home/user/celluleflexible_en_cours_ROS2/celluleflexible/ros_ws/install/commande_locale/lib/libcommande_locale__rosidl_typesupport_cpp.so" to ""\n'}
[28.082733] (commande_locale) StdoutLine: {'line': b'-- Installing: /home/user/celluleflexible_en_cours_ROS2/celluleflexible/ros_ws/install/commande_locale/share/commande_locale/environment/pythonpath.sh\n'}
[28.082756] (commande_locale) StdoutLine: {'line': b'-- Installing: /home/user/celluleflexible_en_cours_ROS2/celluleflexible/ros_ws/install/commande_locale/share/commande_locale/environment/pythonpath.dsv\n'}
[28.082778] (commande_locale) StdoutLine: {'line': b'-- Installing: /home/user/celluleflexible_en_cours_ROS2/celluleflexible/ros_ws/install/commande_locale/lib/python3.12/site-packages/commande_locale-3.1.2-py3.12.egg-info\n'}
[28.082800] (commande_locale) StdoutLine: {'line': b'-- Installing: /home/user/celluleflexible_en_cours_ROS2/celluleflexible/ros_ws/install/commande_locale/lib/python3.12/site-packages/commande_locale-3.1.2-py3.12.egg-info/SOURCES.txt\n'}
[28.082822] (commande_locale) StdoutLine: {'line': b'-- Installing: /home/user/celluleflexible_en_cours_ROS2/celluleflexible/ros_ws/install/commande_locale/lib/python3.12/site-packages/commande_locale-3.1.2-py3.12.egg-info/top_level.txt\n'}
[28.082843] (commande_locale) StdoutLine: {'line': b'-- Installing: /home/user/celluleflexible_en_cours_ROS2/celluleflexible/ros_ws/install/commande_locale/lib/python3.12/site-packages/commande_locale-3.1.2-py3.12.egg-info/PKG-INFO\n'}
[28.082865] (commande_locale) StdoutLine: {'line': b'-- Installing: /home/user/celluleflexible_en_cours_ROS2/celluleflexible/ros_ws/install/commande_locale/lib/python3.12/site-packages/commande_locale-3.1.2-py3.12.egg-info/dependency_links.txt\n'}
[28.082888] (commande_locale) StdoutLine: {'line': b'-- Installing: /home/user/celluleflexible_en_cours_ROS2/celluleflexible/ros_ws/install/commande_locale/lib/python3.12/site-packages/commande_locale\n'}
[28.082908] (commande_locale) StdoutLine: {'line': b'-- Installing: /home/user/celluleflexible_en_cours_ROS2/celluleflexible/ros_ws/install/commande_locale/lib/python3.12/site-packages/commande_locale/msg\n'}
[28.082927] (commande_locale) StdoutLine: {'line': b'-- Installing: /home/user/celluleflexible_en_cours_ROS2/celluleflexible/ros_ws/install/commande_locale/lib/python3.12/site-packages/commande_locale/msg/_deplacer_piece_msg.py\n'}
[28.082947] (commande_locale) StdoutLine: {'line': b'-- Installing: /home/user/celluleflexible_en_cours_ROS2/celluleflexible/ros_ws/install/commande_locale/lib/python3.12/site-packages/commande_locale/msg/_msg_color_s.c\n'}
[28.082966] (commande_locale) StdoutLine: {'line': b'-- Installing: /home/user/celluleflexible_en_cours_ROS2/celluleflexible/ros_ws/install/commande_locale/lib/python3.12/site-packages/commande_locale/msg/_tache_finie_msg_s.c\n'}
[28.082986] (commande_locale) StdoutLine: {'line': b'-- Installing: /home/user/celluleflexible_en_cours_ROS2/celluleflexible/ros_ws/install/commande_locale/lib/python3.12/site-packages/commande_locale/msg/_msg_color.py\n'}
[28.083006] (commande_locale) StdoutLine: {'line': b'-- Installing: /home/user/celluleflexible_en_cours_ROS2/celluleflexible/ros_ws/install/commande_locale/lib/python3.12/site-packages/commande_locale/msg/_msg_stop_control.py\n'}
[28.083026] (commande_locale) StdoutLine: {'line': b'-- Installing: /home/user/celluleflexible_en_cours_ROS2/celluleflexible/ros_ws/install/commande_locale/lib/python3.12/site-packages/commande_locale/msg/_msg_erreur.py\n'}
[28.083046] (commande_locale) StdoutLine: {'line': b'-- Installing: /home/user/celluleflexible_en_cours_ROS2/celluleflexible/ros_ws/install/commande_locale/lib/python3.12/site-packages/commande_locale/msg/_msg_choix_mode_s.c\n'}
[28.083068] (commande_locale) StdoutLine: {'line': b'-- Installing: /home/user/celluleflexible_en_cours_ROS2/celluleflexible/ros_ws/install/commande_locale/lib/python3.12/site-packages/commande_locale/msg/__init__.py\n'}
[28.083088] (commande_locale) StdoutLine: {'line': b'-- Installing: /home/user/celluleflexible_en_cours_ROS2/celluleflexible/ros_ws/install/commande_locale/lib/python3.12/site-packages/commande_locale/msg/_msg_add_product_s.c\n'}
[28.083107] (commande_locale) StdoutLine: {'line': b'-- Installing: /home/user/celluleflexible_en_cours_ROS2/celluleflexible/ros_ws/install/commande_locale/lib/python3.12/site-packages/commande_locale/msg/_msg_choix_mode.py\n'}
[28.083126] (commande_locale) StdoutLine: {'line': b'-- Installing: /home/user/celluleflexible_en_cours_ROS2/celluleflexible/ros_ws/install/commande_locale/lib/python3.12/site-packages/commande_locale/msg/_actionneurs.py\n'}
[28.083148] (commande_locale) StdoutLine: {'line': b'-- Installing: /home/user/celluleflexible_en_cours_ROS2/celluleflexible/ros_ws/install/commande_locale/lib/python3.12/site-packages/commande_locale/msg/_tache_finie_msg.py\n'}
[28.083167] (commande_locale) StdoutLine: {'line': b'-- Installing: /home/user/celluleflexible_en_cours_ROS2/celluleflexible/ros_ws/install/commande_locale/lib/python3.12/site-packages/commande_locale/msg/_msg_switch_control.py\n'}
[28.083186] (commande_locale) StdoutLine: {'line': b'-- Installing: /home/user/celluleflexible_en_cours_ROS2/celluleflexible/ros_ws/install/commande_locale/lib/python3.12/site-packages/commande_locale/msg/_capteurs.py\n'}
[28.083207] (commande_locale) StdoutLine: {'line': b'-- Installing: /home/user/celluleflexible_en_cours_ROS2/celluleflexible/ros_ws/install/commande_locale/lib/python3.12/site-packages/commande_locale/msg/_msg_stop_control_s.c\n'}
[28.083226] (commande_locale) StdoutLine: {'line': b'-- Installing: /home/user/celluleflexible_en_cours_ROS2/celluleflexible/ros_ws/install/commande_locale/lib/python3.12/site-packages/commande_locale/msg/_robot_joints_s.c\n'}
[28.083247] (commande_locale) StdoutLine: {'line': b'-- Installing: /home/user/celluleflexible_en_cours_ROS2/celluleflexible/ros_ws/install/commande_locale/lib/python3.12/site-packages/commande_locale/msg/_capteurs_s.c\n'}
[28.083266] (commande_locale) StdoutLine: {'line': b'-- Installing: /home/user/celluleflexible_en_cours_ROS2/celluleflexible/ros_ws/install/commande_locale/lib/python3.12/site-packages/commande_locale/msg/_deplacer_piece_msg_s.c\n'}
[28.083286] (commande_locale) StdoutLine: {'line': b'-- Installing: /home/user/celluleflexible_en_cours_ROS2/celluleflexible/ros_ws/install/commande_locale/lib/python3.12/site-packages/commande_locale/msg/_msg_switch_control_s.c\n'}
[28.083306] (commande_locale) StdoutLine: {'line': b'-- Installing: /home/user/celluleflexible_en_cours_ROS2/celluleflexible/ros_ws/install/commande_locale/lib/python3.12/site-packages/commande_locale/msg/_actionneurs_s.c\n'}
[28.083326] (commande_locale) StdoutLine: {'line': b'-- Installing: /home/user/celluleflexible_en_cours_ROS2/celluleflexible/ros_ws/install/commande_locale/lib/python3.12/site-packages/commande_locale/msg/_msg_pin_control_s.c\n'}
[28.083347] (commande_locale) StdoutLine: {'line': b'-- Installing: /home/user/celluleflexible_en_cours_ROS2/celluleflexible/ros_ws/install/commande_locale/lib/python3.12/site-packages/commande_locale/msg/_msg_erreur_s.c\n'}
[28.083367] (commande_locale) StdoutLine: {'line': b'-- Installing: /home/user/celluleflexible_en_cours_ROS2/celluleflexible/ros_ws/install/commande_locale/lib/python3.12/site-packages/commande_locale/msg/_msg_pin_control.py\n'}
[28.083386] (commande_locale) StdoutLine: {'line': b'-- Installing: /home/user/celluleflexible_en_cours_ROS2/celluleflexible/ros_ws/install/commande_locale/lib/python3.12/site-packages/commande_locale/msg/_robot_joints.py\n'}
[28.083406] (commande_locale) StdoutLine: {'line': b'-- Installing: /home/user/celluleflexible_en_cours_ROS2/celluleflexible/ros_ws/install/commande_locale/lib/python3.12/site-packages/commande_locale/msg/_msg_add_product.py\n'}
[28.083427] (commande_locale) StdoutLine: {'line': b'-- Installing: /home/user/celluleflexible_en_cours_ROS2/celluleflexible/ros_ws/install/commande_locale/lib/python3.12/site-packages/commande_locale/__init__.py\n'}
[28.083447] (commande_locale) StdoutLine: {'line': b'-- Installing: /home/user/celluleflexible_en_cours_ROS2/celluleflexible/ros_ws/install/commande_locale/lib/python3.12/site-packages/commande_locale/_commande_locale_s.ep.rosidl_typesupport_c.c\n'}
[28.083465] (commande_locale) StdoutLine: {'line': b'-- Installing: /home/user/celluleflexible_en_cours_ROS2/celluleflexible/ros_ws/install/commande_locale/lib/python3.12/site-packages/commande_locale/commande_locale_s__rosidl_typesupport_c.so\n'}
[28.083484] (commande_locale) StdoutLine: {'line': b'-- Installing: /home/user/celluleflexible_en_cours_ROS2/celluleflexible/ros_ws/install/commande_locale/lib/python3.12/site-packages/commande_locale/commande_locale_s__rosidl_typesupport_fastrtps_c.so\n'}
[28.083505] (commande_locale) StdoutLine: {'line': b'-- Installing: /home/user/celluleflexible_en_cours_ROS2/celluleflexible/ros_ws/install/commande_locale/lib/python3.12/site-packages/commande_locale/srv\n'}
[28.083525] (commande_locale) StdoutLine: {'line': b'-- Installing: /home/user/celluleflexible_en_cours_ROS2/celluleflexible/ros_ws/install/commande_locale/lib/python3.12/site-packages/commande_locale/srv/_srv_add_product.py\n'}
[28.083544] (commande_locale) StdoutLine: {'line': b'-- Installing: /home/user/celluleflexible_en_cours_ROS2/celluleflexible/ros_ws/install/commande_locale/lib/python3.12/site-packages/commande_locale/srv/_srv_add_product_push_back.py\n'}
[28.083564] (commande_locale) StdoutLine: {'line': b'-- Installing: /home/user/celluleflexible_en_cours_ROS2/celluleflexible/ros_ws/install/commande_locale/lib/python3.12/site-packages/commande_locale/srv/__init__.py\n'}
[28.083584] (commande_locale) StdoutLine: {'line': b'-- Installing: /home/user/celluleflexible_en_cours_ROS2/celluleflexible/ros_ws/install/commande_locale/lib/python3.12/site-packages/commande_locale/srv/_srv_add_product_push_back_s.c\n'}
[28.083607] (commande_locale) StdoutLine: {'line': b'-- Installing: /home/user/celluleflexible_en_cours_ROS2/celluleflexible/ros_ws/install/commande_locale/lib/python3.12/site-packages/commande_locale/srv/_srv_fin_init.py\n'}
[28.083626] (commande_locale) StdoutLine: {'line': b'-- Installing: /home/user/celluleflexible_en_cours_ROS2/celluleflexible/ros_ws/install/commande_locale/lib/python3.12/site-packages/commande_locale/srv/_srv_fin_init_s.c\n'}
[28.083645] (commande_locale) StdoutLine: {'line': b'-- Installing: /home/user/celluleflexible_en_cours_ROS2/celluleflexible/ros_ws/install/commande_locale/lib/python3.12/site-packages/commande_locale/srv/_srv_add_product_s.c\n'}
[28.083665] (commande_locale) StdoutLine: {'line': b'-- Installing: /home/user/celluleflexible_en_cours_ROS2/celluleflexible/ros_ws/install/commande_locale/lib/python3.12/site-packages/commande_locale/_commande_locale_s.ep.rosidl_typesupport_introspection_c.c\n'}
[28.083684] (commande_locale) StdoutLine: {'line': b'-- Installing: /home/user/celluleflexible_en_cours_ROS2/celluleflexible/ros_ws/install/commande_locale/lib/python3.12/site-packages/commande_locale/commande_locale_s__rosidl_typesupport_introspection_c.so\n'}
[28.083990] (commande_locale) StdoutLine: {'line': b'-- Installing: /home/user/celluleflexible_en_cours_ROS2/celluleflexible/ros_ws/install/commande_locale/lib/python3.12/site-packages/commande_locale/_commande_locale_s.ep.rosidl_typesupport_fastrtps_c.c\n'}
[28.123556] (commande_locale) StdoutLine: {'line': b"Listing '/home/user/celluleflexible_en_cours_ROS2/celluleflexible/ros_ws/install/commande_locale/lib/python3.12/site-packages/commande_locale'...\n"}
[28.123698] (commande_locale) StdoutLine: {'line': b"Compiling '/home/user/celluleflexible_en_cours_ROS2/celluleflexible/ros_ws/install/commande_locale/lib/python3.12/site-packages/commande_locale/__init__.py'...\n"}
[28.123749] (commande_locale) StdoutLine: {'line': b"Listing '/home/user/celluleflexible_en_cours_ROS2/celluleflexible/ros_ws/install/commande_locale/lib/python3.12/site-packages/commande_locale/msg'...\n"}
[28.123789] (commande_locale) StdoutLine: {'line': b"Compiling '/home/user/celluleflexible_en_cours_ROS2/celluleflexible/ros_ws/install/commande_locale/lib/python3.12/site-packages/commande_locale/msg/__init__.py'...\n"}
[28.123822] (commande_locale) StdoutLine: {'line': b"Compiling '/home/user/celluleflexible_en_cours_ROS2/celluleflexible/ros_ws/install/commande_locale/lib/python3.12/site-packages/commande_locale/msg/_actionneurs.py'...\n"}
[28.123854] (commande_locale) StdoutLine: {'line': b"Compiling '/home/user/celluleflexible_en_cours_ROS2/celluleflexible/ros_ws/install/commande_locale/lib/python3.12/site-packages/commande_locale/msg/_capteurs.py'...\n"}
[28.123980] (commande_locale) StdoutLine: {'line': b"Compiling '/home/user/celluleflexible_en_cours_ROS2/celluleflexible/ros_ws/install/commande_locale/lib/python3.12/site-packages/commande_locale/msg/_deplacer_piece_msg.py'...\n"}
[28.124024] (commande_locale) StdoutLine: {'line': b"Compiling '/home/user/celluleflexible_en_cours_ROS2/celluleflexible/ros_ws/install/commande_locale/lib/python3.12/site-packages/commande_locale/msg/_msg_add_product.py'...\n"}
[28.124053] (commande_locale) StdoutLine: {'line': b"Compiling '/home/user/celluleflexible_en_cours_ROS2/celluleflexible/ros_ws/install/commande_locale/lib/python3.12/site-packages/commande_locale/msg/_msg_choix_mode.py'...\n"}
[28.124080] (commande_locale) StdoutLine: {'line': b"Compiling '/home/user/celluleflexible_en_cours_ROS2/celluleflexible/ros_ws/install/commande_locale/lib/python3.12/site-packages/commande_locale/msg/_msg_color.py'...\n"}
[28.124106] (commande_locale) StdoutLine: {'line': b"Compiling '/home/user/celluleflexible_en_cours_ROS2/celluleflexible/ros_ws/install/commande_locale/lib/python3.12/site-packages/commande_locale/msg/_msg_erreur.py'...\n"}
[28.124131] (commande_locale) StdoutLine: {'line': b"Compiling '/home/user/celluleflexible_en_cours_ROS2/celluleflexible/ros_ws/install/commande_locale/lib/python3.12/site-packages/commande_locale/msg/_msg_pin_control.py'...\n"}
[28.124153] (commande_locale) StdoutLine: {'line': b"Compiling '/home/user/celluleflexible_en_cours_ROS2/celluleflexible/ros_ws/install/commande_locale/lib/python3.12/site-packages/commande_locale/msg/_msg_stop_control.py'...\n"}
[28.124175] (commande_locale) StdoutLine: {'line': b"Compiling '/home/user/celluleflexible_en_cours_ROS2/celluleflexible/ros_ws/install/commande_locale/lib/python3.12/site-packages/commande_locale/msg/_msg_switch_control.py'...\n"}
[28.124196] (commande_locale) StdoutLine: {'line': b"Compiling '/home/user/celluleflexible_en_cours_ROS2/celluleflexible/ros_ws/install/commande_locale/lib/python3.12/site-packages/commande_locale/msg/_robot_joints.py'...\n"}
[28.124218] (commande_locale) StdoutLine: {'line': b"Compiling '/home/user/celluleflexible_en_cours_ROS2/celluleflexible/ros_ws/install/commande_locale/lib/python3.12/site-packages/commande_locale/msg/_tache_finie_msg.py'...\n"}
[28.124240] (commande_locale) StdoutLine: {'line': b"Listing '/home/user/celluleflexible_en_cours_ROS2/celluleflexible/ros_ws/install/commande_locale/lib/python3.12/site-packages/commande_locale/srv'...\n"}
[28.124262] (commande_locale) StdoutLine: {'line': b"Compiling '/home/user/celluleflexible_en_cours_ROS2/celluleflexible/ros_ws/install/commande_locale/lib/python3.12/site-packages/commande_locale/srv/__init__.py'...\n"}
[28.124292] (commande_locale) StdoutLine: {'line': b"Compiling '/home/user/celluleflexible_en_cours_ROS2/celluleflexible/ros_ws/install/commande_locale/lib/python3.12/site-packages/commande_locale/srv/_srv_add_product.py'...\n"}
[28.124315] (commande_locale) StdoutLine: {'line': b"Compiling '/home/user/celluleflexible_en_cours_ROS2/celluleflexible/ros_ws/install/commande_locale/lib/python3.12/site-packages/commande_locale/srv/_srv_add_product_push_back.py'...\n"}
[28.124338] (commande_locale) StdoutLine: {'line': b"Compiling '/home/user/celluleflexible_en_cours_ROS2/celluleflexible/ros_ws/install/commande_locale/lib/python3.12/site-packages/commande_locale/srv/_srv_fin_init.py'...\n"}
[28.127252] (commande_locale) StdoutLine: {'line': b'-- Installing: /home/user/celluleflexible_en_cours_ROS2/celluleflexible/ros_ws/install/commande_locale/lib/python3.12/site-packages/commande_locale/commande_locale_s__rosidl_typesupport_fastrtps_c.so\n'}
[28.127326] (commande_locale) StdoutLine: {'line': b'-- Set non-toolchain portion of runtime path of "/home/user/celluleflexible_en_cours_ROS2/celluleflexible/ros_ws/install/commande_locale/lib/python3.12/site-packages/commande_locale/commande_locale_s__rosidl_typesupport_fastrtps_c.so" to ""\n'}
[28.127583] (commande_locale) StdoutLine: {'line': b'-- Installing: /home/user/celluleflexible_en_cours_ROS2/celluleflexible/ros_ws/install/commande_locale/lib/python3.12/site-packages/commande_locale/commande_locale_s__rosidl_typesupport_introspection_c.so\n'}
[28.127631] (commande_locale) StdoutLine: {'line': b'-- Set non-toolchain portion of runtime path of "/home/user/celluleflexible_en_cours_ROS2/celluleflexible/ros_ws/install/commande_locale/lib/python3.12/site-packages/commande_locale/commande_locale_s__rosidl_typesupport_introspection_c.so" to ""\n'}
[28.127666] (commande_locale) StdoutLine: {'line': b'-- Installing: /home/user/celluleflexible_en_cours_ROS2/celluleflexible/ros_ws/install/commande_locale/lib/python3.12/site-packages/commande_locale/commande_locale_s__rosidl_typesupport_c.so\n'}
[28.127888] (commande_locale) StdoutLine: {'line': b'-- Set non-toolchain portion of runtime path of "/home/user/celluleflexible_en_cours_ROS2/celluleflexible/ros_ws/install/commande_locale/lib/python3.12/site-packages/commande_locale/commande_locale_s__rosidl_typesupport_c.so" to ""\n'}
[28.127982] (commande_locale) StdoutLine: {'line': b'-- Installing: /home/user/celluleflexible_en_cours_ROS2/celluleflexible/ros_ws/install/commande_locale/lib/libcommande_locale__rosidl_generator_py.so\n'}
[28.128023] (commande_locale) StdoutLine: {'line': b'-- Set non-toolchain portion of runtime path of "/home/user/celluleflexible_en_cours_ROS2/celluleflexible/ros_ws/install/commande_locale/lib/libcommande_locale__rosidl_generator_py.so" to ""\n'}
[28.128050] (commande_locale) StdoutLine: {'line': b'-- Installing: /home/user/celluleflexible_en_cours_ROS2/celluleflexible/ros_ws/install/commande_locale/share/commande_locale/srv/SrvAddProduct.idl\n'}
[28.128273] (commande_locale) StdoutLine: {'line': b'-- Installing: /home/user/celluleflexible_en_cours_ROS2/celluleflexible/ros_ws/install/commande_locale/share/commande_locale/srv/SrvFinInit.idl\n'}
[28.128337] (commande_locale) StdoutLine: {'line': b'-- Installing: /home/user/celluleflexible_en_cours_ROS2/celluleflexible/ros_ws/install/commande_locale/share/commande_locale/srv/SrvAddProductPushBack.idl\n'}
[28.128370] (commande_locale) StdoutLine: {'line': b'-- Installing: /home/user/celluleflexible_en_cours_ROS2/celluleflexible/ros_ws/install/commande_locale/share/commande_locale/msg/MsgAddProduct.idl\n'}
[28.128609] (commande_locale) StdoutLine: {'line': b'-- Installing: /home/user/celluleflexible_en_cours_ROS2/celluleflexible/ros_ws/install/commande_locale/share/commande_locale/msg/MsgStopControl.idl\n'}
[28.128678] (commande_locale) StdoutLine: {'line': b'-- Installing: /home/user/celluleflexible_en_cours_ROS2/celluleflexible/ros_ws/install/commande_locale/share/commande_locale/msg/MsgColor.idl\n'}
[28.128708] (commande_locale) StdoutLine: {'line': b'-- Installing: /home/user/celluleflexible_en_cours_ROS2/celluleflexible/ros_ws/install/commande_locale/share/commande_locale/msg/MsgSwitchControl.idl\n'}
[28.128733] (commande_locale) StdoutLine: {'line': b'-- Installing: /home/user/celluleflexible_en_cours_ROS2/celluleflexible/ros_ws/install/commande_locale/share/commande_locale/msg/MsgPinControl.idl\n'}
[28.128758] (commande_locale) StdoutLine: {'line': b'-- Installing: /home/user/celluleflexible_en_cours_ROS2/celluleflexible/ros_ws/install/commande_locale/share/commande_locale/msg/MsgErreur.idl\n'}
[28.129164] (commande_locale) StdoutLine: {'line': b'-- Installing: /home/user/celluleflexible_en_cours_ROS2/celluleflexible/ros_ws/install/commande_locale/share/commande_locale/msg/RobotJoints.idl\n'}
[28.129260] (commande_locale) StdoutLine: {'line': b'-- Installing: /home/user/celluleflexible_en_cours_ROS2/celluleflexible/ros_ws/install/commande_locale/share/commande_locale/msg/TacheFinieMsg.idl\n'}
[28.129311] (commande_locale) StdoutLine: {'line': b'-- Installing: /home/user/celluleflexible_en_cours_ROS2/celluleflexible/ros_ws/install/commande_locale/share/commande_locale/msg/DeplacerPieceMsg.idl\n'}
[28.129353] (commande_locale) StdoutLine: {'line': b'-- Installing: /home/user/celluleflexible_en_cours_ROS2/celluleflexible/ros_ws/install/commande_locale/share/commande_locale/msg/Actionneurs.idl\n'}
[28.129559] (commande_locale) StdoutLine: {'line': b'-- Installing: /home/user/celluleflexible_en_cours_ROS2/celluleflexible/ros_ws/install/commande_locale/share/commande_locale/msg/Capteurs.idl\n'}
[28.129610] (commande_locale) StdoutLine: {'line': b'-- Installing: /home/user/celluleflexible_en_cours_ROS2/celluleflexible/ros_ws/install/commande_locale/share/commande_locale/msg/MsgChoixMode.idl\n'}
[28.129639] (commande_locale) StdoutLine: {'line': b'-- Installing: /home/user/celluleflexible_en_cours_ROS2/celluleflexible/ros_ws/install/commande_locale/share/commande_locale/srv/SrvAddProduct.srv\n'}
[28.129667] (commande_locale) StdoutLine: {'line': b'-- Installing: /home/user/celluleflexible_en_cours_ROS2/celluleflexible/ros_ws/install/commande_locale/share/commande_locale/srv/SrvFinInit.srv\n'}
[28.129693] (commande_locale) StdoutLine: {'line': b'-- Installing: /home/user/celluleflexible_en_cours_ROS2/celluleflexible/ros_ws/install/commande_locale/share/commande_locale/srv/SrvAddProductPushBack.srv\n'}
[28.130015] (commande_locale) StdoutLine: {'line': b'-- Installing: /home/user/celluleflexible_en_cours_ROS2/celluleflexible/ros_ws/install/commande_locale/share/commande_locale/msg/MsgAddProduct.msg\n'}
[28.130086] (commande_locale) StdoutLine: {'line': b'-- Installing: /home/user/celluleflexible_en_cours_ROS2/celluleflexible/ros_ws/install/commande_locale/share/commande_locale/msg/MsgStopControl.msg\n'}
[28.130116] (commande_locale) StdoutLine: {'line': b'-- Installing: /home/user/celluleflexible_en_cours_ROS2/celluleflexible/ros_ws/install/commande_locale/share/commande_locale/msg/MsgColor.msg\n'}
[28.130146] (commande_locale) StdoutLine: {'line': b'-- Installing: /home/user/celluleflexible_en_cours_ROS2/celluleflexible/ros_ws/install/commande_locale/share/commande_locale/msg/MsgSwitchControl.msg\n'}
[28.130171] (commande_locale) StdoutLine: {'line': b'-- Installing: /home/user/celluleflexible_en_cours_ROS2/celluleflexible/ros_ws/install/commande_locale/share/commande_locale/msg/MsgPinControl.msg\n'}
[28.130195] (commande_locale) StdoutLine: {'line': b'-- Installing: /home/user/celluleflexible_en_cours_ROS2/celluleflexible/ros_ws/install/commande_locale/share/commande_locale/msg/MsgErreur.msg\n'}
[28.133415] (commande_locale) StdoutLine: {'line': b'-- Installing: /home/user/celluleflexible_en_cours_ROS2/celluleflexible/ros_ws/install/commande_locale/share/commande_locale/msg/RobotJoints.msg\n'}
[28.133482] (commande_locale) StdoutLine: {'line': b'-- Installing: /home/user/celluleflexible_en_cours_ROS2/celluleflexible/ros_ws/install/commande_locale/share/commande_locale/msg/TacheFinieMsg.msg\n'}
[28.133512] (commande_locale) StdoutLine: {'line': b'-- Installing: /home/user/celluleflexible_en_cours_ROS2/celluleflexible/ros_ws/install/commande_locale/share/commande_locale/msg/DeplacerPieceMsg.msg\n'}
[28.133538] (commande_locale) StdoutLine: {'line': b'-- Installing: /home/user/celluleflexible_en_cours_ROS2/celluleflexible/ros_ws/install/commande_locale/share/commande_locale/msg/Actionneurs.msg\n'}
[28.133562] (commande_locale) StdoutLine: {'line': b'-- Installing: /home/user/celluleflexible_en_cours_ROS2/celluleflexible/ros_ws/install/commande_locale/share/commande_locale/msg/Capteurs.msg\n'}
[28.133588] (commande_locale) StdoutLine: {'line': b'-- Installing: /home/user/celluleflexible_en_cours_ROS2/celluleflexible/ros_ws/install/commande_locale/share/commande_locale/msg/MsgChoixMode.msg\n'}
[28.133610] (commande_locale) StdoutLine: {'line': b'-- Installing: /home/user/celluleflexible_en_cours_ROS2/celluleflexible/ros_ws/install/commande_locale/lib/commande_locale/simulation\n'}
[28.142686] (commande_locale) StdoutLine: {'line': b'-- Set non-toolchain portion of runtime path of "/home/user/celluleflexible_en_cours_ROS2/celluleflexible/ros_ws/install/commande_locale/lib/commande_locale/simulation" to ""\n'}
[28.142754] (commande_locale) StdoutLine: {'line': b'-- Installing: /home/user/celluleflexible_en_cours_ROS2/celluleflexible/ros_ws/install/commande_locale/share/ament_index/resource_index/package_run_dependencies/commande_locale\n'}
[28.142781] (commande_locale) StdoutLine: {'line': b'-- Installing: /home/user/celluleflexible_en_cours_ROS2/celluleflexible/ros_ws/install/commande_locale/share/ament_index/resource_index/parent_prefix_path/commande_locale\n'}
[28.142805] (commande_locale) StdoutLine: {'line': b'-- Installing: /home/user/celluleflexible_en_cours_ROS2/celluleflexible/ros_ws/install/commande_locale/share/commande_locale/environment/ament_prefix_path.sh\n'}
[28.142829] (commande_locale) StdoutLine: {'line': b'-- Installing: /home/user/celluleflexible_en_cours_ROS2/celluleflexible/ros_ws/install/commande_locale/share/commande_locale/environment/ament_prefix_path.dsv\n'}
[28.142852] (commande_locale) StdoutLine: {'line': b'-- Installing: /home/user/celluleflexible_en_cours_ROS2/celluleflexible/ros_ws/install/commande_locale/share/commande_locale/environment/path.sh\n'}
[28.142876] (commande_locale) StdoutLine: {'line': b'-- Installing: /home/user/celluleflexible_en_cours_ROS2/celluleflexible/ros_ws/install/commande_locale/share/commande_locale/environment/path.dsv\n'}
[28.142898] (commande_locale) StdoutLine: {'line': b'-- Installing: /home/user/celluleflexible_en_cours_ROS2/celluleflexible/ros_ws/install/commande_locale/share/commande_locale/local_setup.bash\n'}
[28.142921] (commande_locale) StdoutLine: {'line': b'-- Installing: /home/user/celluleflexible_en_cours_ROS2/celluleflexible/ros_ws/install/commande_locale/share/commande_locale/local_setup.sh\n'}
[28.142944] (commande_locale) StdoutLine: {'line': b'-- Installing: /home/user/celluleflexible_en_cours_ROS2/celluleflexible/ros_ws/install/commande_locale/share/commande_locale/local_setup.zsh\n'}
[28.142972] (commande_locale) StdoutLine: {'line': b'-- Installing: /home/user/celluleflexible_en_cours_ROS2/celluleflexible/ros_ws/install/commande_locale/share/commande_locale/local_setup.dsv\n'}
[28.142995] (commande_locale) StdoutLine: {'line': b'-- Installing: /home/user/celluleflexible_en_cours_ROS2/celluleflexible/ros_ws/install/commande_locale/share/commande_locale/package.dsv\n'}
[28.143017] (commande_locale) StdoutLine: {'line': b'-- Installing: /home/user/celluleflexible_en_cours_ROS2/celluleflexible/ros_ws/install/commande_locale/share/ament_index/resource_index/packages/commande_locale\n'}
[28.143038] (commande_locale) StdoutLine: {'line': b'-- Installing: /home/user/celluleflexible_en_cours_ROS2/celluleflexible/ros_ws/install/commande_locale/share/commande_locale/cmake/export_commande_locale__rosidl_generator_cExport.cmake\n'}
[28.143060] (commande_locale) StdoutLine: {'line': b'-- Installing: /home/user/celluleflexible_en_cours_ROS2/celluleflexible/ros_ws/install/commande_locale/share/commande_locale/cmake/export_commande_locale__rosidl_generator_cExport-noconfig.cmake\n'}
[28.143083] (commande_locale) StdoutLine: {'line': b'-- Installing: /home/user/celluleflexible_en_cours_ROS2/celluleflexible/ros_ws/install/commande_locale/share/commande_locale/cmake/export_commande_locale__rosidl_typesupport_fastrtps_cExport.cmake\n'}
[28.143104] (commande_locale) StdoutLine: {'line': b'-- Installing: /home/user/celluleflexible_en_cours_ROS2/celluleflexible/ros_ws/install/commande_locale/share/commande_locale/cmake/export_commande_locale__rosidl_typesupport_fastrtps_cExport-noconfig.cmake\n'}
[28.143132] (commande_locale) StdoutLine: {'line': b'-- Installing: /home/user/celluleflexible_en_cours_ROS2/celluleflexible/ros_ws/install/commande_locale/share/commande_locale/cmake/export_commande_locale__rosidl_generator_cppExport.cmake\n'}
[28.143153] (commande_locale) StdoutLine: {'line': b'-- Installing: /home/user/celluleflexible_en_cours_ROS2/celluleflexible/ros_ws/install/commande_locale/share/commande_locale/cmake/export_commande_locale__rosidl_typesupport_fastrtps_cppExport.cmake\n'}
[28.143174] (commande_locale) StdoutLine: {'line': b'-- Installing: /home/user/celluleflexible_en_cours_ROS2/celluleflexible/ros_ws/install/commande_locale/share/commande_locale/cmake/export_commande_locale__rosidl_typesupport_fastrtps_cppExport-noconfig.cmake\n'}
[28.143196] (commande_locale) StdoutLine: {'line': b'-- Installing: /home/user/celluleflexible_en_cours_ROS2/celluleflexible/ros_ws/install/commande_locale/share/commande_locale/cmake/commande_locale__rosidl_typesupport_introspection_cExport.cmake\n'}
[28.143216] (commande_locale) StdoutLine: {'line': b'-- Installing: /home/user/celluleflexible_en_cours_ROS2/celluleflexible/ros_ws/install/commande_locale/share/commande_locale/cmake/commande_locale__rosidl_typesupport_introspection_cExport-noconfig.cmake\n'}
[28.143238] (commande_locale) StdoutLine: {'line': b'-- Installing: /home/user/celluleflexible_en_cours_ROS2/celluleflexible/ros_ws/install/commande_locale/share/commande_locale/cmake/commande_locale__rosidl_typesupport_cExport.cmake\n'}
[28.143259] (commande_locale) StdoutLine: {'line': b'-- Installing: /home/user/celluleflexible_en_cours_ROS2/celluleflexible/ros_ws/install/commande_locale/share/commande_locale/cmake/commande_locale__rosidl_typesupport_cExport-noconfig.cmake\n'}
[28.143605] (commande_locale) StdoutLine: {'line': b'-- Installing: /home/user/celluleflexible_en_cours_ROS2/celluleflexible/ros_ws/install/commande_locale/share/commande_locale/cmake/commande_locale__rosidl_typesupport_introspection_cppExport.cmake\n'}
[28.143768] (commande_locale) StdoutLine: {'line': b'-- Installing: /home/user/celluleflexible_en_cours_ROS2/celluleflexible/ros_ws/install/commande_locale/share/commande_locale/cmake/commande_locale__rosidl_typesupport_introspection_cppExport-noconfig.cmake\n'}
[28.143802] (commande_locale) StdoutLine: {'line': b'-- Installing: /home/user/celluleflexible_en_cours_ROS2/celluleflexible/ros_ws/install/commande_locale/share/commande_locale/cmake/commande_locale__rosidl_typesupport_cppExport.cmake\n'}
[28.143864] (commande_locale) StdoutLine: {'line': b'-- Installing: /home/user/celluleflexible_en_cours_ROS2/celluleflexible/ros_ws/install/commande_locale/share/commande_locale/cmake/commande_locale__rosidl_typesupport_cppExport-noconfig.cmake\n'}
[28.143890] (commande_locale) StdoutLine: {'line': b'-- Installing: /home/user/celluleflexible_en_cours_ROS2/celluleflexible/ros_ws/install/commande_locale/share/commande_locale/cmake/export_commande_locale__rosidl_generator_pyExport.cmake\n'}
[28.143915] (commande_locale) StdoutLine: {'line': b'-- Installing: /home/user/celluleflexible_en_cours_ROS2/celluleflexible/ros_ws/install/commande_locale/share/commande_locale/cmake/export_commande_locale__rosidl_generator_pyExport-noconfig.cmake\n'}
[28.144080] (commande_locale) StdoutLine: {'line': b'-- Installing: /home/user/celluleflexible_en_cours_ROS2/celluleflexible/ros_ws/install/commande_locale/share/commande_locale/cmake/rosidl_cmake-extras.cmake\n'}
[28.144114] (commande_locale) StdoutLine: {'line': b'-- Installing: /home/user/celluleflexible_en_cours_ROS2/celluleflexible/ros_ws/install/commande_locale/share/commande_locale/cmake/ament_cmake_export_dependencies-extras.cmake\n'}
[28.144144] (commande_locale) StdoutLine: {'line': b'-- Installing: /home/user/celluleflexible_en_cours_ROS2/celluleflexible/ros_ws/install/commande_locale/share/commande_locale/cmake/ament_cmake_export_include_directories-extras.cmake\n'}
[28.144169] (commande_locale) StdoutLine: {'line': b'-- Installing: /home/user/celluleflexible_en_cours_ROS2/celluleflexible/ros_ws/install/commande_locale/share/commande_locale/cmake/ament_cmake_export_libraries-extras.cmake\n'}
[28.144193] (commande_locale) StdoutLine: {'line': b'-- Installing: /home/user/celluleflexible_en_cours_ROS2/celluleflexible/ros_ws/install/commande_locale/share/commande_locale/cmake/ament_cmake_export_targets-extras.cmake\n'}
[28.144216] (commande_locale) StdoutLine: {'line': b'-- Installing: /home/user/celluleflexible_en_cours_ROS2/celluleflexible/ros_ws/install/commande_locale/share/commande_locale/cmake/rosidl_cmake_export_typesupport_targets-extras.cmake\n'}
[28.144417] (commande_locale) StdoutLine: {'line': b'-- Installing: /home/user/celluleflexible_en_cours_ROS2/celluleflexible/ros_ws/install/commande_locale/share/commande_locale/cmake/rosidl_cmake_export_typesupport_libraries-extras.cmake\n'}
[28.144460] (commande_locale) StdoutLine: {'line': b'-- Installing: /home/user/celluleflexible_en_cours_ROS2/celluleflexible/ros_ws/install/commande_locale/share/commande_locale/cmake/commande_localeConfig.cmake\n'}
[28.144484] (commande_locale) StdoutLine: {'line': b'-- Installing: /home/user/celluleflexible_en_cours_ROS2/celluleflexible/ros_ws/install/commande_locale/share/commande_locale/cmake/commande_localeConfig-version.cmake\n'}
[28.144507] (commande_locale) StdoutLine: {'line': b'-- Installing: /home/user/celluleflexible_en_cours_ROS2/celluleflexible/ros_ws/install/commande_locale/share/commande_locale/package.xml\n'}
[28.146049] (commande_locale) CommandEnded: {'returncode': 0}
[28.146307] (-) TimerEvent: {}
[28.161138] (commande_locale) JobEnded: {'identifier': 'commande_locale', 'rc': 0}
[28.161808] (robots) JobStarted: {'identifier': 'robots'}
[28.177109] (robots) JobProgress: {'identifier': 'robots', 'progress': 'cmake'}
[28.178099] (robots) Command: {'cmd': ['/usr/bin/cmake', '/home/user/celluleflexible_en_cours_ROS2/celluleflexible/ros_ws/src/robots', '-DCMAKE_INSTALL_PREFIX=/home/user/celluleflexible_en_cours_ROS2/celluleflexible/ros_ws/install/robots'], 'cwd': '/home/user/celluleflexible_en_cours_ROS2/celluleflexible/ros_ws/build/robots', 'env': OrderedDict({'LESSOPEN': '| /usr/bin/lesspipe %s', 'USER': 'user', 'XDG_SESSION_TYPE': 'wayland', 'SHLVL': '1', 'LD_LIBRARY_PATH': '/home/user/celluleflexible_en_cours_ROS2/celluleflexible/ros_ws/install/shuttles/lib:/home/user/celluleflexible_en_cours_ROS2/celluleflexible/ros_ws/install/commande_locale/lib:/home/user/celluleflexible_en_cours_ROS2/celluleflexible/ros_ws/install/aiguillages/lib:/opt/ros/jazzy/opt/rviz_ogre_vendor/lib:/opt/ros/jazzy/lib/x86_64-linux-gnu:/opt/ros/jazzy/opt/gz_math_vendor/lib:/opt/ros/jazzy/opt/gz_utils_vendor/lib:/opt/ros/jazzy/opt/gz_cmake_vendor/lib:/opt/ros/jazzy/lib', 'HOME': '/home/user', 'DESKTOP_SESSION': 'ubuntu', 'ROS_PYTHON_VERSION': '3', 'GNOME_SHELL_SESSION_MODE': 'ubuntu', 'GTK_MODULES': 'gail:atk-bridge', 'DBUS_STARTER_BUS_TYPE': 'session', 'SYSTEMD_EXEC_PID': '2225', 'GSM_SKIP_SSH_AGENT_WORKAROUND': 'true', 'DBUS_SESSION_BUS_ADDRESS': 'unix:path=/run/user/1000/bus,guid=f75c24bd1d3f9e0a6c32f4fd699c0ca3', 'COLORTERM': 'truecolor', 'DEBUGINFOD_URLS': 'https://debuginfod.ubuntu.com', 'IM_CONFIG_PHASE': '1', 'WAYLAND_DISPLAY': 'wayland-0', 'ROS_DISTRO': 'jazzy', 'LOGNAME': 'user', '_': '/usr/bin/colcon', 'ROS_VERSION': '2', 'MEMORY_PRESSURE_WATCH': '/sys/fs/cgroup/user.slice/user-1000.slice/user@1000.service/app.slice/app-gnome\\x2dsession\\x2dmanager.slice/gnome-session-manager@ubuntu.service/memory.pressure', 'XDG_SESSION_CLASS': 'user', 'USERNAME': 'user', 'TERM': 'xterm-256color', 'GNOME_DESKTOP_SESSION_ID': 'this-is-deprecated', 'PATH': '/opt/ros/jazzy/bin:/usr/local/sbin:/usr/local/bin:/usr/sbin:/usr/bin:/sbin:/bin:/usr/games:/usr/local/games:/snap/bin:/snap/bin', 'SESSION_MANAGER': 'local/Ubuntu:@/tmp/.ICE-unix/2225,unix/Ubuntu:/tmp/.ICE-unix/2225', 'XDG_MENU_PREFIX': 'gnome-', 'GNOME_TERMINAL_SCREEN': '/org/gnome/Terminal/screen/fd7d161f_b0cd_4c91_9d8b_6a28dde0713a', 'GNOME_SETUP_DISPLAY': ':1', 'XDG_RUNTIME_DIR': '/run/user/1000', 'DISPLAY': ':0', 'LANG': 'en_US.UTF-8', 'XDG_CURRENT_DESKTOP': 'ubuntu:GNOME', 'XMODIFIERS': '@im=ibus', 'XDG_SESSION_DESKTOP': 'ubuntu', 'XAUTHORITY': '/run/user/1000/.mutter-Xwaylandauth.5JJ1K3', 'LS_COLORS': 'rs=0:di=01;34:ln=01;36:mh=00:pi=40;33:so=01;35:do=01;35:bd=40;33;01:cd=40;33;01:or=40;31;01:mi=00:su=37;41:sg=30;43:ca=00:tw=30;42:ow=34;42:st=37;44:ex=01;32:*.tar=01;31:*.tgz=01;31:*.arc=01;31:*.arj=01;31:*.taz=01;31:*.lha=01;31:*.lz4=01;31:*.lzh=01;31:*.lzma=01;31:*.tlz=01;31:*.txz=01;31:*.tzo=01;31:*.t7z=01;31:*.zip=01;31:*.z=01;31:*.dz=01;31:*.gz=01;31:*.lrz=01;31:*.lz=01;31:*.lzo=01;31:*.xz=01;31:*.zst=01;31:*.tzst=01;31:*.bz2=01;31:*.bz=01;31:*.tbz=01;31:*.tbz2=01;31:*.tz=01;31:*.deb=01;31:*.rpm=01;31:*.jar=01;31:*.war=01;31:*.ear=01;31:*.sar=01;31:*.rar=01;31:*.alz=01;31:*.ace=01;31:*.zoo=01;31:*.cpio=01;31:*.7z=01;31:*.rz=01;31:*.cab=01;31:*.wim=01;31:*.swm=01;31:*.dwm=01;31:*.esd=01;31:*.avif=01;35:*.jpg=01;35:*.jpeg=01;35:*.mjpg=01;35:*.mjpeg=01;35:*.gif=01;35:*.bmp=01;35:*.pbm=01;35:*.pgm=01;35:*.ppm=01;35:*.tga=01;35:*.xbm=01;35:*.xpm=01;35:*.tif=01;35:*.tiff=01;35:*.png=01;35:*.svg=01;35:*.svgz=01;35:*.mng=01;35:*.pcx=01;35:*.mov=01;35:*.mpg=01;35:*.mpeg=01;35:*.m2v=01;35:*.mkv=01;35:*.webm=01;35:*.webp=01;35:*.ogm=01;35:*.mp4=01;35:*.m4v=01;35:*.mp4v=01;35:*.vob=01;35:*.qt=01;35:*.nuv=01;35:*.wmv=01;35:*.asf=01;35:*.rm=01;35:*.rmvb=01;35:*.flc=01;35:*.avi=01;35:*.fli=01;35:*.flv=01;35:*.gl=01;35:*.dl=01;35:*.xcf=01;35:*.xwd=01;35:*.yuv=01;35:*.cgm=01;35:*.emf=01;35:*.ogv=01;35:*.ogx=01;35:*.aac=00;36:*.au=00;36:*.flac=00;36:*.m4a=00;36:*.mid=00;36:*.midi=00;36:*.mka=00;36:*.mp3=00;36:*.mpc=00;36:*.ogg=00;36:*.ra=00;36:*.wav=00;36:*.oga=00;36:*.opus=00;36:*.spx=00;36:*.xspf=00;36:*~=00;90:*#=00;90:*.bak=00;90:*.crdownload=00;90:*.dpkg-dist=00;90:*.dpkg-new=00;90:*.dpkg-old=00;90:*.dpkg-tmp=00;90:*.old=00;90:*.orig=00;90:*.part=00;90:*.rej=00;90:*.rpmnew=00;90:*.rpmorig=00;90:*.rpmsave=00;90:*.swp=00;90:*.tmp=00;90:*.ucf-dist=00;90:*.ucf-new=00;90:*.ucf-old=00;90:', 'GNOME_TERMINAL_SERVICE': ':1.1258', 'SSH_AUTH_SOCK': '/run/user/1000/keyring/ssh', 'AMENT_PREFIX_PATH': '/home/user/celluleflexible_en_cours_ROS2/celluleflexible/ros_ws/install/shuttles:/home/user/celluleflexible_en_cours_ROS2/celluleflexible/ros_ws/install/commande_locale:/home/user/celluleflexible_en_cours_ROS2/celluleflexible/ros_ws/install/aiguillages:/opt/ros/jazzy', 'SHELL': '/bin/bash', 'QT_ACCESSIBILITY': '1', 'GDMSESSION': 'ubuntu', 'LESSCLOSE': '/usr/bin/lesspipe %s %s', 'ROS_AUTOMATIC_DISCOVERY_RANGE': 'SUBNET', 'QT_IM_MODULE': 'ibus', 'PWD': '/home/user/celluleflexible_en_cours_ROS2/celluleflexible/ros_ws/build/robots', 'LC_ALL': 'en_US.UTF-8', 'XDG_CONFIG_DIRS': '/etc/xdg/xdg-ubuntu:/etc/xdg', 'DBUS_STARTER_ADDRESS': 'unix:path=/run/user/1000/bus,guid=f75c24bd1d3f9e0a6c32f4fd699c0ca3', 'XDG_DATA_DIRS': '/usr/share/ubuntu:/usr/share/gnome:/usr/local/share/:/usr/share/:/var/lib/snapd/desktop', 'PYTHONPATH': '/home/user/celluleflexible_en_cours_ROS2/celluleflexible/ros_ws/install/shuttles/lib/python3.12/site-packages:/home/user/celluleflexible_en_cours_ROS2/celluleflexible/ros_ws/install/commande_locale/lib/python3.12/site-packages:/home/user/celluleflexible_en_cours_ROS2/celluleflexible/ros_ws/install/aiguillages/lib/python3.12/site-packages:/opt/ros/jazzy/lib/python3.12/site-packages', 'COLCON': '1', 'MEMORY_PRESSURE_WRITE': 'c29tZSAyMDAwMDAgMjAwMDAwMAA=', 'VTE_VERSION': '7600', 'CMAKE_PREFIX_PATH': '/home/user/celluleflexible_en_cours_ROS2/celluleflexible/ros_ws/install/shuttles:/home/user/celluleflexible_en_cours_ROS2/celluleflexible/ros_ws/install/commande_locale:/home/user/celluleflexible_en_cours_ROS2/celluleflexible/ros_ws/install/aiguillages:/opt/ros/jazzy/opt/gz_math_vendor:/opt/ros/jazzy/opt/gz_utils_vendor:/opt/ros/jazzy/opt/gz_cmake_vendor:/opt/ros/jazzy'}), 'shell': False}
[28.222495] (robots) StdoutLine: {'line': b'-- The C compiler identification is GNU 13.3.0\n'}
[28.248367] (-) TimerEvent: {}
[28.270341] (robots) StdoutLine: {'line': b'-- The CXX compiler identification is GNU 13.3.0\n'}
[28.284782] (robots) StdoutLine: {'line': b'-- Detecting C compiler ABI info\n'}
[28.354374] (-) TimerEvent: {}
[28.356291] (robots) StdoutLine: {'line': b'-- Detecting C compiler ABI info - done\n'}
[28.363591] (robots) StdoutLine: {'line': b'-- Check for working C compiler: /usr/bin/cc - skipped\n'}
[28.363828] (robots) StdoutLine: {'line': b'-- Detecting C compile features\n'}
[28.364010] (robots) StdoutLine: {'line': b'-- Detecting C compile features - done\n'}
[28.375189] (robots) StdoutLine: {'line': b'-- Detecting CXX compiler ABI info\n'}
[28.454962] (-) TimerEvent: {}
[28.467249] (robots) StdoutLine: {'line': b'-- Detecting CXX compiler ABI info - done\n'}
[28.472507] (robots) StdoutLine: {'line': b'-- Check for working CXX compiler: /usr/bin/c++ - skipped\n'}
[28.472752] (robots) StdoutLine: {'line': b'-- Detecting CXX compile features\n'}
[28.473536] (robots) StdoutLine: {'line': b'-- Detecting CXX compile features - done\n'}
[28.475149] (robots) StdoutLine: {'line': b'-- Found ament_cmake: 2.5.5 (/opt/ros/jazzy/share/ament_cmake/cmake)\n'}
[28.560663] (-) TimerEvent: {}
[28.577160] (robots) StdoutLine: {'line': b'-- Found Python3: /usr/bin/python3 (found version "3.12.3") found components: Interpreter \n'}
[28.631272] (robots) StdoutLine: {'line': b'-- Found rclcpp: 28.1.16 (/opt/ros/jazzy/share/rclcpp/cmake)\n'}
[28.650457] (robots) StdoutLine: {'line': b'-- Found rosidl_generator_c: 4.6.7 (/opt/ros/jazzy/share/rosidl_generator_c/cmake)\n'}
[28.657353] (robots) StdoutLine: {'line': b'-- Found rosidl_generator_cpp: 4.6.7 (/opt/ros/jazzy/share/rosidl_generator_cpp/cmake)\n'}
[28.662113] (-) TimerEvent: {}
[28.669322] (robots) StdoutLine: {'line': b'-- Using all available rosidl_typesupport_c: rosidl_typesupport_fastrtps_c;rosidl_typesupport_introspection_c\n'}
[28.678431] (robots) StdoutLine: {'line': b'-- Using all available rosidl_typesupport_cpp: rosidl_typesupport_fastrtps_cpp;rosidl_typesupport_introspection_cpp\n'}
[28.717285] (robots) StdoutLine: {'line': b'-- Found rmw_implementation_cmake: 7.3.3 (/opt/ros/jazzy/share/rmw_implementation_cmake/cmake)\n'}
[28.719029] (robots) StdoutLine: {'line': b'-- Found rmw_fastrtps_cpp: 8.4.3 (/opt/ros/jazzy/share/rmw_fastrtps_cpp/cmake)\n'}
[28.763571] (-) TimerEvent: {}
[28.791981] (robots) StdoutLine: {'line': b'-- Found OpenSSL: /usr/lib/x86_64-linux-gnu/libcrypto.so (found version "3.0.13")  \n'}
[28.805744] (robots) StdoutLine: {'line': b'-- Found FastRTPS: /opt/ros/jazzy/include (Required is at least version "2.13") \n'}
[28.821616] (robots) StdoutLine: {'line': b"-- Using RMW implementation 'rmw_fastrtps_cpp' as default\n"}
[28.861082] (robots) StdoutLine: {'line': b'-- Found std_msgs: 5.3.6 (/opt/ros/jazzy/share/std_msgs/cmake)\n'}
[28.865045] (-) TimerEvent: {}
[28.872488] (robots) StdoutLine: {'line': b'-- Found sensor_msgs: 5.3.6 (/opt/ros/jazzy/share/sensor_msgs/cmake)\n'}
[28.893191] (robots) StdoutLine: {'line': b'-- Found commande_locale: 3.1.2 (/home/user/celluleflexible_en_cours_ROS2/celluleflexible/ros_ws/install/commande_locale/share/commande_locale/cmake)\n'}
[28.903871] (robots) StdoutLine: {'line': b'-- Found shuttles: 0.0.0 (/home/user/celluleflexible_en_cours_ROS2/celluleflexible/ros_ws/install/shuttles/share/shuttles/cmake)\n'}
[28.926092] (robots) StdoutLine: {'line': b'-- Found rosidl_default_generators: 1.6.0 (/opt/ros/jazzy/share/rosidl_default_generators/cmake)\n'}
[28.932931] (robots) StdoutLine: {'line': b'-- Found rosidl_adapter: 4.6.7 (/opt/ros/jazzy/share/rosidl_adapter/cmake)\n'}
[28.980628] (-) TimerEvent: {}
[29.124011] (-) TimerEvent: {}
[29.251356] (-) TimerEvent: {}
[29.318226] (robots) StdoutLine: {'line': b'-- Found ament_cmake_ros: 0.12.0 (/opt/ros/jazzy/share/ament_cmake_ros/cmake)\n'}
[29.376294] (-) TimerEvent: {}
[29.555086] (-) TimerEvent: {}
[29.699972] (-) TimerEvent: {}
[29.804448] (robots) StdoutLine: {'line': b'-- Using all available rosidl_typesupport_c: rosidl_typesupport_fastrtps_c;rosidl_typesupport_introspection_c\n'}
[29.804587] (-) TimerEvent: {}
[29.915431] (-) TimerEvent: {}
[30.005568] (robots) StdoutLine: {'line': b'-- Using all available rosidl_typesupport_cpp: rosidl_typesupport_fastrtps_cpp;rosidl_typesupport_introspection_cpp\n'}
[30.007434] (robots) StdoutLine: {'line': b'-- Found python_cmake_module: 0.11.1 (/opt/ros/jazzy/share/python_cmake_module/cmake)\n'}
[30.021364] (-) TimerEvent: {}
[30.114125] (robots) StdoutLine: {'line': b'-- Found PythonExtra: /usr/bin/python3  \n'}
[30.127058] (-) TimerEvent: {}
[30.279827] (-) TimerEvent: {}
[30.389106] (-) TimerEvent: {}
[30.394992] (robots) StdoutLine: {'line': b'-- Found Python3: /usr/bin/python3 (found version "3.12.3") found components: Interpreter Development NumPy Development.Module Development.Embed \n'}
[30.427392] (robots) StdoutLine: {'line': b'-- Configuring done (2.2s)\n'}
[30.454154] (robots) StdoutLine: {'line': b'-- Generating done (0.0s)\n'}
[30.460406] (robots) StdoutLine: {'line': b'-- Build files have been written to: /home/user/celluleflexible_en_cours_ROS2/celluleflexible/ros_ws/build/robots\n'}
[30.469606] (robots) CommandEnded: {'returncode': 0}
[30.470500] (robots) JobProgress: {'identifier': 'robots', 'progress': 'build'}
[30.470520] (robots) Command: {'cmd': ['/usr/bin/cmake', '--build', '/home/user/celluleflexible_en_cours_ROS2/celluleflexible/ros_ws/build/robots', '--', '-j8', '-l8'], 'cwd': '/home/user/celluleflexible_en_cours_ROS2/celluleflexible/ros_ws/build/robots', 'env': OrderedDict({'LESSOPEN': '| /usr/bin/lesspipe %s', 'USER': 'user', 'XDG_SESSION_TYPE': 'wayland', 'SHLVL': '1', 'LD_LIBRARY_PATH': '/home/user/celluleflexible_en_cours_ROS2/celluleflexible/ros_ws/install/shuttles/lib:/home/user/celluleflexible_en_cours_ROS2/celluleflexible/ros_ws/install/commande_locale/lib:/home/user/celluleflexible_en_cours_ROS2/celluleflexible/ros_ws/install/aiguillages/lib:/opt/ros/jazzy/opt/rviz_ogre_vendor/lib:/opt/ros/jazzy/lib/x86_64-linux-gnu:/opt/ros/jazzy/opt/gz_math_vendor/lib:/opt/ros/jazzy/opt/gz_utils_vendor/lib:/opt/ros/jazzy/opt/gz_cmake_vendor/lib:/opt/ros/jazzy/lib', 'HOME': '/home/user', 'DESKTOP_SESSION': 'ubuntu', 'ROS_PYTHON_VERSION': '3', 'GNOME_SHELL_SESSION_MODE': 'ubuntu', 'GTK_MODULES': 'gail:atk-bridge', 'DBUS_STARTER_BUS_TYPE': 'session', 'SYSTEMD_EXEC_PID': '2225', 'GSM_SKIP_SSH_AGENT_WORKAROUND': 'true', 'DBUS_SESSION_BUS_ADDRESS': 'unix:path=/run/user/1000/bus,guid=f75c24bd1d3f9e0a6c32f4fd699c0ca3', 'COLORTERM': 'truecolor', 'DEBUGINFOD_URLS': 'https://debuginfod.ubuntu.com', 'IM_CONFIG_PHASE': '1', 'WAYLAND_DISPLAY': 'wayland-0', 'ROS_DISTRO': 'jazzy', 'LOGNAME': 'user', '_': '/usr/bin/colcon', 'ROS_VERSION': '2', 'MEMORY_PRESSURE_WATCH': '/sys/fs/cgroup/user.slice/user-1000.slice/user@1000.service/app.slice/app-gnome\\x2dsession\\x2dmanager.slice/gnome-session-manager@ubuntu.service/memory.pressure', 'XDG_SESSION_CLASS': 'user', 'USERNAME': 'user', 'TERM': 'xterm-256color', 'GNOME_DESKTOP_SESSION_ID': 'this-is-deprecated', 'PATH': '/opt/ros/jazzy/bin:/usr/local/sbin:/usr/local/bin:/usr/sbin:/usr/bin:/sbin:/bin:/usr/games:/usr/local/games:/snap/bin:/snap/bin', 'SESSION_MANAGER': 'local/Ubuntu:@/tmp/.ICE-unix/2225,unix/Ubuntu:/tmp/.ICE-unix/2225', 'XDG_MENU_PREFIX': 'gnome-', 'GNOME_TERMINAL_SCREEN': '/org/gnome/Terminal/screen/fd7d161f_b0cd_4c91_9d8b_6a28dde0713a', 'GNOME_SETUP_DISPLAY': ':1', 'XDG_RUNTIME_DIR': '/run/user/1000', 'DISPLAY': ':0', 'LANG': 'en_US.UTF-8', 'XDG_CURRENT_DESKTOP': 'ubuntu:GNOME', 'XMODIFIERS': '@im=ibus', 'XDG_SESSION_DESKTOP': 'ubuntu', 'XAUTHORITY': '/run/user/1000/.mutter-Xwaylandauth.5JJ1K3', 'LS_COLORS': 'rs=0:di=01;34:ln=01;36:mh=00:pi=40;33:so=01;35:do=01;35:bd=40;33;01:cd=40;33;01:or=40;31;01:mi=00:su=37;41:sg=30;43:ca=00:tw=30;42:ow=34;42:st=37;44:ex=01;32:*.tar=01;31:*.tgz=01;31:*.arc=01;31:*.arj=01;31:*.taz=01;31:*.lha=01;31:*.lz4=01;31:*.lzh=01;31:*.lzma=01;31:*.tlz=01;31:*.txz=01;31:*.tzo=01;31:*.t7z=01;31:*.zip=01;31:*.z=01;31:*.dz=01;31:*.gz=01;31:*.lrz=01;31:*.lz=01;31:*.lzo=01;31:*.xz=01;31:*.zst=01;31:*.tzst=01;31:*.bz2=01;31:*.bz=01;31:*.tbz=01;31:*.tbz2=01;31:*.tz=01;31:*.deb=01;31:*.rpm=01;31:*.jar=01;31:*.war=01;31:*.ear=01;31:*.sar=01;31:*.rar=01;31:*.alz=01;31:*.ace=01;31:*.zoo=01;31:*.cpio=01;31:*.7z=01;31:*.rz=01;31:*.cab=01;31:*.wim=01;31:*.swm=01;31:*.dwm=01;31:*.esd=01;31:*.avif=01;35:*.jpg=01;35:*.jpeg=01;35:*.mjpg=01;35:*.mjpeg=01;35:*.gif=01;35:*.bmp=01;35:*.pbm=01;35:*.pgm=01;35:*.ppm=01;35:*.tga=01;35:*.xbm=01;35:*.xpm=01;35:*.tif=01;35:*.tiff=01;35:*.png=01;35:*.svg=01;35:*.svgz=01;35:*.mng=01;35:*.pcx=01;35:*.mov=01;35:*.mpg=01;35:*.mpeg=01;35:*.m2v=01;35:*.mkv=01;35:*.webm=01;35:*.webp=01;35:*.ogm=01;35:*.mp4=01;35:*.m4v=01;35:*.mp4v=01;35:*.vob=01;35:*.qt=01;35:*.nuv=01;35:*.wmv=01;35:*.asf=01;35:*.rm=01;35:*.rmvb=01;35:*.flc=01;35:*.avi=01;35:*.fli=01;35:*.flv=01;35:*.gl=01;35:*.dl=01;35:*.xcf=01;35:*.xwd=01;35:*.yuv=01;35:*.cgm=01;35:*.emf=01;35:*.ogv=01;35:*.ogx=01;35:*.aac=00;36:*.au=00;36:*.flac=00;36:*.m4a=00;36:*.mid=00;36:*.midi=00;36:*.mka=00;36:*.mp3=00;36:*.mpc=00;36:*.ogg=00;36:*.ra=00;36:*.wav=00;36:*.oga=00;36:*.opus=00;36:*.spx=00;36:*.xspf=00;36:*~=00;90:*#=00;90:*.bak=00;90:*.crdownload=00;90:*.dpkg-dist=00;90:*.dpkg-new=00;90:*.dpkg-old=00;90:*.dpkg-tmp=00;90:*.old=00;90:*.orig=00;90:*.part=00;90:*.rej=00;90:*.rpmnew=00;90:*.rpmorig=00;90:*.rpmsave=00;90:*.swp=00;90:*.tmp=00;90:*.ucf-dist=00;90:*.ucf-new=00;90:*.ucf-old=00;90:', 'GNOME_TERMINAL_SERVICE': ':1.1258', 'SSH_AUTH_SOCK': '/run/user/1000/keyring/ssh', 'AMENT_PREFIX_PATH': '/home/user/celluleflexible_en_cours_ROS2/celluleflexible/ros_ws/install/shuttles:/home/user/celluleflexible_en_cours_ROS2/celluleflexible/ros_ws/install/commande_locale:/home/user/celluleflexible_en_cours_ROS2/celluleflexible/ros_ws/install/aiguillages:/opt/ros/jazzy', 'SHELL': '/bin/bash', 'QT_ACCESSIBILITY': '1', 'GDMSESSION': 'ubuntu', 'LESSCLOSE': '/usr/bin/lesspipe %s %s', 'ROS_AUTOMATIC_DISCOVERY_RANGE': 'SUBNET', 'QT_IM_MODULE': 'ibus', 'PWD': '/home/user/celluleflexible_en_cours_ROS2/celluleflexible/ros_ws/build/robots', 'LC_ALL': 'en_US.UTF-8', 'XDG_CONFIG_DIRS': '/etc/xdg/xdg-ubuntu:/etc/xdg', 'DBUS_STARTER_ADDRESS': 'unix:path=/run/user/1000/bus,guid=f75c24bd1d3f9e0a6c32f4fd699c0ca3', 'XDG_DATA_DIRS': '/usr/share/ubuntu:/usr/share/gnome:/usr/local/share/:/usr/share/:/var/lib/snapd/desktop', 'PYTHONPATH': '/home/user/celluleflexible_en_cours_ROS2/celluleflexible/ros_ws/install/shuttles/lib/python3.12/site-packages:/home/user/celluleflexible_en_cours_ROS2/celluleflexible/ros_ws/install/commande_locale/lib/python3.12/site-packages:/home/user/celluleflexible_en_cours_ROS2/celluleflexible/ros_ws/install/aiguillages/lib/python3.12/site-packages:/opt/ros/jazzy/lib/python3.12/site-packages', 'COLCON': '1', 'MEMORY_PRESSURE_WRITE': 'c29tZSAyMDAwMDAgMjAwMDAwMAA=', 'VTE_VERSION': '7600', 'CMAKE_PREFIX_PATH': '/home/user/celluleflexible_en_cours_ROS2/celluleflexible/ros_ws/install/shuttles:/home/user/celluleflexible_en_cours_ROS2/celluleflexible/ros_ws/install/commande_locale:/home/user/celluleflexible_en_cours_ROS2/celluleflexible/ros_ws/install/aiguillages:/opt/ros/jazzy/opt/gz_math_vendor:/opt/ros/jazzy/opt/gz_utils_vendor:/opt/ros/jazzy/opt/gz_cmake_vendor:/opt/ros/jazzy'}), 'shell': False}
[30.489565] (-) TimerEvent: {}
[30.526984] (robots) StdoutLine: {'line': b'[  1%] \x1b[34m\x1b[1mGenerating type hashes for ROS interfaces\x1b[0m\n'}
[30.534911] (robots) StdoutLine: {'line': b'[  1%] Built target ament_cmake_python_copy_robots\n'}
[30.590011] (-) TimerEvent: {}
[30.651713] (robots) StdoutLine: {'line': b'[  1%] Built target robots__rosidl_generator_type_description\n'}
[30.663023] (robots) StdoutLine: {'line': b'[  3%] \x1b[34m\x1b[1mGenerating C code for ROS interfaces\x1b[0m\n'}
[30.667127] (robots) StdoutLine: {'line': b'running egg_info\n'}
[30.667825] (robots) StdoutLine: {'line': b'creating robots.egg-info\n'}
[30.674231] (robots) StdoutLine: {'line': b'[  5%] \x1b[34m\x1b[1mGenerating C++ code for ROS interfaces\x1b[0m\n'}
[30.680567] (robots) StdoutLine: {'line': b'writing robots.egg-info/PKG-INFO\n'}
[30.680734] (robots) StdoutLine: {'line': b'writing dependency_links to robots.egg-info/dependency_links.txt\n'}
[30.681045] (robots) StdoutLine: {'line': b'writing top-level names to robots.egg-info/top_level.txt\n'}
[30.681100] (robots) StdoutLine: {'line': b"writing manifest file 'robots.egg-info/SOURCES.txt'\n"}
[30.690495] (-) TimerEvent: {}
[30.715650] (robots) StdoutLine: {'line': b"reading manifest file 'robots.egg-info/SOURCES.txt'\n"}
[30.716093] (robots) StdoutLine: {'line': b"writing manifest file 'robots.egg-info/SOURCES.txt'\n"}
[30.738361] (robots) StdoutLine: {'line': b'[  5%] Built target ament_cmake_python_build_robots_egg\n'}
[30.853193] (robots) StdoutLine: {'line': b'[  5%] Built target robots__cpp\n'}
[30.853350] (-) TimerEvent: {}
[30.885954] (robots) StdoutLine: {'line': b'[  8%] \x1b[32mBuilding C object CMakeFiles/robots__rosidl_generator_c.dir/rosidl_generator_c/robots/msg/detail/move_robot__functions.c.o\x1b[0m\n'}
[30.886104] (robots) StdoutLine: {'line': b'[  8%] \x1b[32mBuilding C object CMakeFiles/robots__rosidl_generator_c.dir/rosidl_generator_c/robots/msg/detail/move_robot__description.c.o\x1b[0m\n'}
[30.888349] (robots) StdoutLine: {'line': b'[ 10%] \x1b[32mBuilding C object CMakeFiles/robots__rosidl_generator_c.dir/rosidl_generator_c/robots/msg/detail/move_robot__type_support.c.o\x1b[0m\n'}
[30.888441] (robots) StdoutLine: {'line': b'[ 12%] \x1b[32mBuilding C object CMakeFiles/robots__rosidl_generator_c.dir/rosidl_generator_c/robots/msg/detail/faire_tache_msg__description.c.o\x1b[0m\n'}
[30.888486] (robots) StdoutLine: {'line': b'[ 13%] \x1b[32mBuilding C object CMakeFiles/robots__rosidl_generator_c.dir/rosidl_generator_c/robots/msg/detail/faire_tache_msg__functions.c.o\x1b[0m\n'}
[30.888517] (robots) StdoutLine: {'line': b'[ 15%] \x1b[32mBuilding C object CMakeFiles/robots__rosidl_generator_c.dir/rosidl_generator_c/robots/msg/detail/faire_tache_msg__type_support.c.o\x1b[0m\n'}
[30.888546] (robots) StdoutLine: {'line': b'[ 17%] \x1b[32mBuilding C object CMakeFiles/robots__rosidl_generator_c.dir/rosidl_generator_c/robots/msg/detail/msg_num_robot__description.c.o\x1b[0m\n'}
[30.888572] (robots) StdoutLine: {'line': b'[ 18%] \x1b[32mBuilding C object CMakeFiles/robots__rosidl_generator_c.dir/rosidl_generator_c/robots/msg/detail/msg_num_robot__functions.c.o\x1b[0m\n'}
[30.912534] (robots) StdoutLine: {'line': b'[ 20%] \x1b[32mBuilding C object CMakeFiles/robots__rosidl_generator_c.dir/rosidl_generator_c/robots/msg/detail/msg_num_robot__type_support.c.o\x1b[0m\n'}
[30.938969] (robots) StdoutLine: {'line': b'[ 22%] \x1b[32m\x1b[1mLinking C shared library librobots__rosidl_generator_c.so\x1b[0m\n'}
[30.954296] (-) TimerEvent: {}
[30.982077] (robots) StdoutLine: {'line': b'[ 22%] Built target robots__rosidl_generator_c\n'}
[30.994220] (robots) StdoutLine: {'line': b'[ 25%] \x1b[34m\x1b[1mGenerating C++ type support dispatch for ROS interfaces\x1b[0m\n'}
[30.994539] (robots) StdoutLine: {'line': b'[ 27%] \x1b[34m\x1b[1mGenerating C introspection for ROS interfaces\x1b[0m\n'}
[30.994582] (robots) StdoutLine: {'line': b'[ 29%] \x1b[34m\x1b[1mGenerating C++ type support for eProsima Fast-RTPS\x1b[0m\n'}
[30.997256] (robots) StdoutLine: {'line': b'[ 25%] \x1b[34m\x1b[1mGenerating C type support for eProsima Fast-RTPS\x1b[0m\n'}
[30.997351] (robots) StdoutLine: {'line': b'[ 31%] \x1b[34m\x1b[1mGenerating C++ introspection for ROS interfaces\x1b[0m\n'}
[30.997388] (robots) StdoutLine: {'line': b'[ 32%] \x1b[34m\x1b[1mGenerating C type support dispatch for ROS interfaces\x1b[0m\n'}
[31.121264] (-) TimerEvent: {}
[31.139617] (robots) StdoutLine: {'line': b'[ 34%] \x1b[32mBuilding CXX object CMakeFiles/robots__rosidl_typesupport_cpp.dir/rosidl_typesupport_cpp/robots/msg/faire_tache_msg__type_support.cpp.o\x1b[0m\n'}
[31.140342] (robots) StdoutLine: {'line': b'[ 36%] \x1b[32mBuilding CXX object CMakeFiles/robots__rosidl_typesupport_cpp.dir/rosidl_typesupport_cpp/robots/msg/move_robot__type_support.cpp.o\x1b[0m\n'}
[31.145453] (robots) StdoutLine: {'line': b'[ 37%] \x1b[32mBuilding CXX object CMakeFiles/robots__rosidl_typesupport_c.dir/rosidl_typesupport_c/robots/msg/move_robot__type_support.cpp.o\x1b[0m\n'}
[31.145598] (robots) StdoutLine: {'line': b'[ 39%] \x1b[32mBuilding CXX object CMakeFiles/robots__rosidl_typesupport_c.dir/rosidl_typesupport_c/robots/msg/faire_tache_msg__type_support.cpp.o\x1b[0m\n'}
[31.154133] (robots) StdoutLine: {'line': b'[ 41%] \x1b[32mBuilding C object CMakeFiles/robots__rosidl_typesupport_introspection_c.dir/rosidl_typesupport_introspection_c/robots/msg/detail/move_robot__type_support.c.o\x1b[0m\n'}
[31.174657] (robots) StdoutLine: {'line': b'[ 43%] \x1b[32mBuilding CXX object CMakeFiles/robots__rosidl_typesupport_c.dir/rosidl_typesupport_c/robots/msg/msg_num_robot__type_support.cpp.o\x1b[0m\n'}
[31.176260] (robots) StdoutLine: {'line': b'[ 44%] \x1b[32mBuilding CXX object CMakeFiles/robots__rosidl_typesupport_cpp.dir/rosidl_typesupport_cpp/robots/msg/msg_num_robot__type_support.cpp.o\x1b[0m\n'}
[31.176530] (robots) StdoutLine: {'line': b'[ 46%] \x1b[32mBuilding CXX object CMakeFiles/robots__rosidl_typesupport_introspection_cpp.dir/rosidl_typesupport_introspection_cpp/robots/msg/detail/move_robot__type_support.cpp.o\x1b[0m\n'}
[31.180803] (robots) StdoutLine: {'line': b'[ 48%] \x1b[32mBuilding C object CMakeFiles/robots__rosidl_typesupport_introspection_c.dir/rosidl_typesupport_introspection_c/robots/msg/detail/faire_tache_msg__type_support.c.o\x1b[0m\n'}
[31.185932] (robots) StdoutLine: {'line': b'[ 50%] \x1b[32mBuilding CXX object CMakeFiles/robots__rosidl_typesupport_fastrtps_cpp.dir/rosidl_typesupport_fastrtps_cpp/robots/msg/detail/dds_fastrtps/move_robot__type_support.cpp.o\x1b[0m\n'}
[31.196305] (robots) StdoutLine: {'line': b'[ 51%] \x1b[32mBuilding CXX object CMakeFiles/robots__rosidl_typesupport_fastrtps_c.dir/rosidl_typesupport_fastrtps_c/robots/msg/detail/move_robot__type_support_c.cpp.o\x1b[0m\n'}
[31.202605] (robots) StdoutLine: {'line': b'[ 53%] \x1b[32m\x1b[1mLinking CXX shared library librobots__rosidl_typesupport_c.so\x1b[0m\n'}
[31.207060] (robots) StdoutLine: {'line': b'[ 55%] \x1b[32mBuilding C object CMakeFiles/robots__rosidl_typesupport_introspection_c.dir/rosidl_typesupport_introspection_c/robots/msg/detail/msg_num_robot__type_support.c.o\x1b[0m\n'}
[31.224339] (-) TimerEvent: {}
[31.230588] (robots) StdoutLine: {'line': b'[ 56%] \x1b[32m\x1b[1mLinking C shared library librobots__rosidl_typesupport_introspection_c.so\x1b[0m\n'}
[31.231709] (robots) StdoutLine: {'line': b'[ 56%] Built target robots__rosidl_typesupport_c\n'}
[31.247568] (robots) StdoutLine: {'line': b'[ 58%] \x1b[32mBuilding CXX object CMakeFiles/robots__rosidl_typesupport_fastrtps_cpp.dir/rosidl_typesupport_fastrtps_cpp/robots/msg/detail/dds_fastrtps/faire_tache_msg__type_support.cpp.o\x1b[0m\n'}
[31.263883] (robots) StdoutLine: {'line': b'[ 58%] Built target robots__rosidl_typesupport_introspection_c\n'}
[31.273809] (robots) StdoutLine: {'line': b'[ 60%] \x1b[32mBuilding CXX object CMakeFiles/robots__rosidl_typesupport_fastrtps_cpp.dir/rosidl_typesupport_fastrtps_cpp/robots/msg/detail/dds_fastrtps/msg_num_robot__type_support.cpp.o\x1b[0m\n'}
[31.308456] (robots) StdoutLine: {'line': b'[ 62%] \x1b[32mBuilding CXX object CMakeFiles/robots__rosidl_typesupport_fastrtps_c.dir/rosidl_typesupport_fastrtps_c/robots/msg/detail/faire_tache_msg__type_support_c.cpp.o\x1b[0m\n'}
[31.308620] (robots) StdoutLine: {'line': b'[ 63%] \x1b[32mBuilding CXX object CMakeFiles/robots__rosidl_typesupport_fastrtps_c.dir/rosidl_typesupport_fastrtps_c/robots/msg/detail/msg_num_robot__type_support_c.cpp.o\x1b[0m\n'}
[31.347548] (robots) StdoutLine: {'line': b'[ 65%] \x1b[32mBuilding CXX object CMakeFiles/robots__rosidl_typesupport_introspection_cpp.dir/rosidl_typesupport_introspection_cpp/robots/msg/detail/faire_tache_msg__type_support.cpp.o\x1b[0m\n'}
[31.347720] (-) TimerEvent: {}
[31.362168] (robots) StdoutLine: {'line': b'[ 67%] \x1b[32m\x1b[1mLinking CXX shared library librobots__rosidl_typesupport_cpp.so\x1b[0m\n'}
[31.394133] (robots) StdoutLine: {'line': b'[ 67%] Built target robots__rosidl_typesupport_cpp\n'}
[31.414362] (robots) StdoutLine: {'line': b'[ 68%] \x1b[32mBuilding CXX object CMakeFiles/robot.dir/src/main_robot.cpp.o\x1b[0m\n'}
[31.425384] (robots) StdoutLine: {'line': b'[ 70%] \x1b[32mBuilding CXX object CMakeFiles/robot.dir/src/Robot.cpp.o\x1b[0m\n'}
[31.442245] (robots) StdoutLine: {'line': b'[ 72%] \x1b[32mBuilding CXX object CMakeFiles/robot.dir/src/Poste.cpp.o\x1b[0m\n'}
[31.484311] (robots) StdoutLine: {'line': b'[ 74%] \x1b[32mBuilding CXX object CMakeFiles/robots__rosidl_typesupport_introspection_cpp.dir/rosidl_typesupport_introspection_cpp/robots/msg/detail/msg_num_robot__type_support.cpp.o\x1b[0m\n'}
[31.484472] (-) TimerEvent: {}
[31.515856] (robots) StdoutLine: {'line': b'[ 75%] \x1b[32m\x1b[1mLinking CXX shared library librobots__rosidl_typesupport_fastrtps_cpp.so\x1b[0m\n'}
[31.540867] (robots) StdoutLine: {'line': b'[ 77%] \x1b[32m\x1b[1mLinking CXX shared library librobots__rosidl_typesupport_fastrtps_c.so\x1b[0m\n'}
[31.567023] (robots) StdoutLine: {'line': b'[ 77%] Built target robots__rosidl_typesupport_fastrtps_cpp\n'}
[31.584994] (-) TimerEvent: {}
[31.587265] (robots) StdoutLine: {'line': b'[ 77%] Built target robots__rosidl_typesupport_fastrtps_c\n'}
[31.686203] (robots) StdoutLine: {'line': b'[ 79%] \x1b[32m\x1b[1mLinking CXX shared library librobots__rosidl_typesupport_introspection_cpp.so\x1b[0m\n'}
[31.686363] (-) TimerEvent: {}
[31.731181] (robots) StdoutLine: {'line': b'[ 79%] Built target robots__rosidl_typesupport_introspection_cpp\n'}
[31.753754] (robots) StdoutLine: {'line': b'[ 79%] Built target robots\n'}
[31.776971] (robots) StdoutLine: {'line': b'[ 81%] \x1b[34m\x1b[1mGenerating Python code for ROS interfaces\x1b[0m\n'}
[31.786826] (-) TimerEvent: {}
[31.913515] (-) TimerEvent: {}
[31.992955] (robots) StdoutLine: {'line': b'[ 81%] Built target robots__py\n'}
[32.014985] (-) TimerEvent: {}
[32.020693] (robots) StdoutLine: {'line': b'[ 82%] \x1b[32mBuilding C object CMakeFiles/robots__rosidl_generator_py.dir/rosidl_generator_py/robots/msg/_move_robot_s.c.o\x1b[0m\n'}
[32.022222] (robots) StdoutLine: {'line': b'[ 84%] \x1b[32mBuilding C object CMakeFiles/robots__rosidl_generator_py.dir/rosidl_generator_py/robots/msg/_msg_num_robot_s.c.o\x1b[0m\n'}
[32.024537] (robots) StdoutLine: {'line': b'[ 86%] \x1b[32mBuilding C object CMakeFiles/robots__rosidl_generator_py.dir/rosidl_generator_py/robots/msg/_faire_tache_msg_s.c.o\x1b[0m\n'}
[32.093735] (robots) StdoutLine: {'line': b'[ 87%] \x1b[32m\x1b[1mLinking C shared library librobots__rosidl_generator_py.so\x1b[0m\n'}
[32.115670] (-) TimerEvent: {}
[32.145270] (robots) StdoutLine: {'line': b'[ 87%] Built target robots__rosidl_generator_py\n'}
[32.168929] (robots) StdoutLine: {'line': b'[ 93%] \x1b[32mBuilding C object CMakeFiles/robots_s__rosidl_typesupport_introspection_c.dir/rosidl_generator_py/robots/_robots_s.ep.rosidl_typesupport_introspection_c.c.o\x1b[0m\n'}
[32.169101] (robots) StdoutLine: {'line': b'[ 93%] \x1b[32mBuilding C object CMakeFiles/robots_s__rosidl_typesupport_fastrtps_c.dir/rosidl_generator_py/robots/_robots_s.ep.rosidl_typesupport_fastrtps_c.c.o\x1b[0m\n'}
[32.169671] (robots) StdoutLine: {'line': b'[ 93%] \x1b[32mBuilding C object CMakeFiles/robots_s__rosidl_typesupport_c.dir/rosidl_generator_py/robots/_robots_s.ep.rosidl_typesupport_c.c.o\x1b[0m\n'}
[32.218470] (-) TimerEvent: {}
[32.256909] (robots) StdoutLine: {'line': b'[ 94%] \x1b[32m\x1b[1mLinking C shared module rosidl_generator_py/robots/robots_s__rosidl_typesupport_introspection_c.so\x1b[0m\n'}
[32.257807] (robots) StdoutLine: {'line': b'[ 96%] \x1b[32m\x1b[1mLinking C shared module rosidl_generator_py/robots/robots_s__rosidl_typesupport_c.so\x1b[0m\n'}
[32.264655] (robots) StdoutLine: {'line': b'[ 98%] \x1b[32m\x1b[1mLinking C shared module rosidl_generator_py/robots/robots_s__rosidl_typesupport_fastrtps_c.so\x1b[0m\n'}
[32.287318] (robots) StdoutLine: {'line': b'[ 98%] Built target robots_s__rosidl_typesupport_introspection_c\n'}
[32.287474] (robots) StdoutLine: {'line': b'[ 98%] Built target robots_s__rosidl_typesupport_c\n'}
[32.293501] (robots) StdoutLine: {'line': b'[ 98%] Built target robots_s__rosidl_typesupport_fastrtps_c\n'}
[32.318872] (-) TimerEvent: {}
[32.426234] (-) TimerEvent: {}
[32.664629] (-) TimerEvent: {}
[32.994780] (-) TimerEvent: {}
[33.146612] (-) TimerEvent: {}
[33.524639] (-) TimerEvent: {}
[33.662210] (-) TimerEvent: {}
[34.046453] (-) TimerEvent: {}
[34.369606] (-) TimerEvent: {}
[34.474609] (-) TimerEvent: {}
[34.581023] (-) TimerEvent: {}
[34.832361] (-) TimerEvent: {}
[35.021646] (-) TimerEvent: {}
[35.175509] (-) TimerEvent: {}
[35.276302] (-) TimerEvent: {}
[35.590421] (-) TimerEvent: {}
[35.746043] (-) TimerEvent: {}
[36.047633] (-) TimerEvent: {}
[36.168604] (-) TimerEvent: {}
[36.361287] (-) TimerEvent: {}
[36.788572] (-) TimerEvent: {}
[36.906824] (-) TimerEvent: {}
[37.038942] (-) TimerEvent: {}
[37.156618] (-) TimerEvent: {}
[37.267817] (-) TimerEvent: {}
[37.581798] (-) TimerEvent: {}
[37.801349] (-) TimerEvent: {}
[38.022918] (-) TimerEvent: {}
[38.130529] (-) TimerEvent: {}
[38.308728] (-) TimerEvent: {}
[38.613265] (-) TimerEvent: {}
[38.969001] (-) TimerEvent: {}
[39.113767] (-) TimerEvent: {}
[39.231734] (-) TimerEvent: {}
[39.451333] (-) TimerEvent: {}
[39.791731] (-) TimerEvent: {}
[40.054844] (-) TimerEvent: {}
[40.380487] (-) TimerEvent: {}
[40.481618] (-) TimerEvent: {}
[40.630644] (-) TimerEvent: {}
[41.017748] (-) TimerEvent: {}
[41.123668] (-) TimerEvent: {}
[41.227039] (-) TimerEvent: {}
[41.330106] (-) TimerEvent: {}
[41.434686] (-) TimerEvent: {}
[41.559195] (-) TimerEvent: {}
[41.879589] (-) TimerEvent: {}
[42.428892] (-) TimerEvent: {}
[42.728646] (-) TimerEvent: {}
[42.874529] (-) TimerEvent: {}
[43.001909] (-) TimerEvent: {}
[43.170151] (-) TimerEvent: {}
[43.507870] (-) TimerEvent: {}
[43.694286] (-) TimerEvent: {}
[43.801040] (-) TimerEvent: {}
[43.982838] (-) TimerEvent: {}
[44.252315] (-) TimerEvent: {}
[44.361416] (-) TimerEvent: {}
[44.880705] (-) TimerEvent: {}
[44.991533] (-) TimerEvent: {}
[45.260202] (-) TimerEvent: {}
[45.376296] (-) TimerEvent: {}
[45.515935] (-) TimerEvent: {}
[45.722146] (-) TimerEvent: {}
[45.851525] (-) TimerEvent: {}
[45.957472] (-) TimerEvent: {}
[46.064566] (-) TimerEvent: {}
[46.595298] (-) TimerEvent: {}
[46.867636] (-) TimerEvent: {}
[46.971374] (-) TimerEvent: {}
[47.072627] (-) TimerEvent: {}
[47.185625] (-) TimerEvent: {}
[47.288282] (-) TimerEvent: {}
[47.391799] (-) TimerEvent: {}
[47.689461] (-) TimerEvent: {}
[47.926789] (-) TimerEvent: {}
[48.028471] (-) TimerEvent: {}
[48.279444] (-) TimerEvent: {}
[48.385116] (-) TimerEvent: {}
[48.520920] (-) TimerEvent: {}
[48.788220] (-) TimerEvent: {}
[48.789171] (robots) StdoutLine: {'line': b'[100%] \x1b[32m\x1b[1mLinking CXX executable robot\x1b[0m\n'}
[49.537562] (-) TimerEvent: {}
[49.567542] (robots) StdoutLine: {'line': b'[100%] Built target robot\n'}
[49.578100] (robots) CommandEnded: {'returncode': 0}
[49.579567] (robots) JobProgress: {'identifier': 'robots', 'progress': 'install'}
[49.579594] (robots) Command: {'cmd': ['/usr/bin/cmake', '--install', '/home/user/celluleflexible_en_cours_ROS2/celluleflexible/ros_ws/build/robots'], 'cwd': '/home/user/celluleflexible_en_cours_ROS2/celluleflexible/ros_ws/build/robots', 'env': OrderedDict({'LESSOPEN': '| /usr/bin/lesspipe %s', 'USER': 'user', 'XDG_SESSION_TYPE': 'wayland', 'SHLVL': '1', 'LD_LIBRARY_PATH': '/home/user/celluleflexible_en_cours_ROS2/celluleflexible/ros_ws/install/shuttles/lib:/home/user/celluleflexible_en_cours_ROS2/celluleflexible/ros_ws/install/commande_locale/lib:/home/user/celluleflexible_en_cours_ROS2/celluleflexible/ros_ws/install/aiguillages/lib:/opt/ros/jazzy/opt/rviz_ogre_vendor/lib:/opt/ros/jazzy/lib/x86_64-linux-gnu:/opt/ros/jazzy/opt/gz_math_vendor/lib:/opt/ros/jazzy/opt/gz_utils_vendor/lib:/opt/ros/jazzy/opt/gz_cmake_vendor/lib:/opt/ros/jazzy/lib', 'HOME': '/home/user', 'DESKTOP_SESSION': 'ubuntu', 'ROS_PYTHON_VERSION': '3', 'GNOME_SHELL_SESSION_MODE': 'ubuntu', 'GTK_MODULES': 'gail:atk-bridge', 'DBUS_STARTER_BUS_TYPE': 'session', 'SYSTEMD_EXEC_PID': '2225', 'GSM_SKIP_SSH_AGENT_WORKAROUND': 'true', 'DBUS_SESSION_BUS_ADDRESS': 'unix:path=/run/user/1000/bus,guid=f75c24bd1d3f9e0a6c32f4fd699c0ca3', 'COLORTERM': 'truecolor', 'DEBUGINFOD_URLS': 'https://debuginfod.ubuntu.com', 'IM_CONFIG_PHASE': '1', 'WAYLAND_DISPLAY': 'wayland-0', 'ROS_DISTRO': 'jazzy', 'LOGNAME': 'user', '_': '/usr/bin/colcon', 'ROS_VERSION': '2', 'MEMORY_PRESSURE_WATCH': '/sys/fs/cgroup/user.slice/user-1000.slice/user@1000.service/app.slice/app-gnome\\x2dsession\\x2dmanager.slice/gnome-session-manager@ubuntu.service/memory.pressure', 'XDG_SESSION_CLASS': 'user', 'USERNAME': 'user', 'TERM': 'xterm-256color', 'GNOME_DESKTOP_SESSION_ID': 'this-is-deprecated', 'PATH': '/opt/ros/jazzy/bin:/usr/local/sbin:/usr/local/bin:/usr/sbin:/usr/bin:/sbin:/bin:/usr/games:/usr/local/games:/snap/bin:/snap/bin', 'SESSION_MANAGER': 'local/Ubuntu:@/tmp/.ICE-unix/2225,unix/Ubuntu:/tmp/.ICE-unix/2225', 'XDG_MENU_PREFIX': 'gnome-', 'GNOME_TERMINAL_SCREEN': '/org/gnome/Terminal/screen/fd7d161f_b0cd_4c91_9d8b_6a28dde0713a', 'GNOME_SETUP_DISPLAY': ':1', 'XDG_RUNTIME_DIR': '/run/user/1000', 'DISPLAY': ':0', 'LANG': 'en_US.UTF-8', 'XDG_CURRENT_DESKTOP': 'ubuntu:GNOME', 'XMODIFIERS': '@im=ibus', 'XDG_SESSION_DESKTOP': 'ubuntu', 'XAUTHORITY': '/run/user/1000/.mutter-Xwaylandauth.5JJ1K3', 'LS_COLORS': 'rs=0:di=01;34:ln=01;36:mh=00:pi=40;33:so=01;35:do=01;35:bd=40;33;01:cd=40;33;01:or=40;31;01:mi=00:su=37;41:sg=30;43:ca=00:tw=30;42:ow=34;42:st=37;44:ex=01;32:*.tar=01;31:*.tgz=01;31:*.arc=01;31:*.arj=01;31:*.taz=01;31:*.lha=01;31:*.lz4=01;31:*.lzh=01;31:*.lzma=01;31:*.tlz=01;31:*.txz=01;31:*.tzo=01;31:*.t7z=01;31:*.zip=01;31:*.z=01;31:*.dz=01;31:*.gz=01;31:*.lrz=01;31:*.lz=01;31:*.lzo=01;31:*.xz=01;31:*.zst=01;31:*.tzst=01;31:*.bz2=01;31:*.bz=01;31:*.tbz=01;31:*.tbz2=01;31:*.tz=01;31:*.deb=01;31:*.rpm=01;31:*.jar=01;31:*.war=01;31:*.ear=01;31:*.sar=01;31:*.rar=01;31:*.alz=01;31:*.ace=01;31:*.zoo=01;31:*.cpio=01;31:*.7z=01;31:*.rz=01;31:*.cab=01;31:*.wim=01;31:*.swm=01;31:*.dwm=01;31:*.esd=01;31:*.avif=01;35:*.jpg=01;35:*.jpeg=01;35:*.mjpg=01;35:*.mjpeg=01;35:*.gif=01;35:*.bmp=01;35:*.pbm=01;35:*.pgm=01;35:*.ppm=01;35:*.tga=01;35:*.xbm=01;35:*.xpm=01;35:*.tif=01;35:*.tiff=01;35:*.png=01;35:*.svg=01;35:*.svgz=01;35:*.mng=01;35:*.pcx=01;35:*.mov=01;35:*.mpg=01;35:*.mpeg=01;35:*.m2v=01;35:*.mkv=01;35:*.webm=01;35:*.webp=01;35:*.ogm=01;35:*.mp4=01;35:*.m4v=01;35:*.mp4v=01;35:*.vob=01;35:*.qt=01;35:*.nuv=01;35:*.wmv=01;35:*.asf=01;35:*.rm=01;35:*.rmvb=01;35:*.flc=01;35:*.avi=01;35:*.fli=01;35:*.flv=01;35:*.gl=01;35:*.dl=01;35:*.xcf=01;35:*.xwd=01;35:*.yuv=01;35:*.cgm=01;35:*.emf=01;35:*.ogv=01;35:*.ogx=01;35:*.aac=00;36:*.au=00;36:*.flac=00;36:*.m4a=00;36:*.mid=00;36:*.midi=00;36:*.mka=00;36:*.mp3=00;36:*.mpc=00;36:*.ogg=00;36:*.ra=00;36:*.wav=00;36:*.oga=00;36:*.opus=00;36:*.spx=00;36:*.xspf=00;36:*~=00;90:*#=00;90:*.bak=00;90:*.crdownload=00;90:*.dpkg-dist=00;90:*.dpkg-new=00;90:*.dpkg-old=00;90:*.dpkg-tmp=00;90:*.old=00;90:*.orig=00;90:*.part=00;90:*.rej=00;90:*.rpmnew=00;90:*.rpmorig=00;90:*.rpmsave=00;90:*.swp=00;90:*.tmp=00;90:*.ucf-dist=00;90:*.ucf-new=00;90:*.ucf-old=00;90:', 'GNOME_TERMINAL_SERVICE': ':1.1258', 'SSH_AUTH_SOCK': '/run/user/1000/keyring/ssh', 'AMENT_PREFIX_PATH': '/home/user/celluleflexible_en_cours_ROS2/celluleflexible/ros_ws/install/shuttles:/home/user/celluleflexible_en_cours_ROS2/celluleflexible/ros_ws/install/commande_locale:/home/user/celluleflexible_en_cours_ROS2/celluleflexible/ros_ws/install/aiguillages:/opt/ros/jazzy', 'SHELL': '/bin/bash', 'QT_ACCESSIBILITY': '1', 'GDMSESSION': 'ubuntu', 'LESSCLOSE': '/usr/bin/lesspipe %s %s', 'ROS_AUTOMATIC_DISCOVERY_RANGE': 'SUBNET', 'QT_IM_MODULE': 'ibus', 'PWD': '/home/user/celluleflexible_en_cours_ROS2/celluleflexible/ros_ws/build/robots', 'LC_ALL': 'en_US.UTF-8', 'XDG_CONFIG_DIRS': '/etc/xdg/xdg-ubuntu:/etc/xdg', 'DBUS_STARTER_ADDRESS': 'unix:path=/run/user/1000/bus,guid=f75c24bd1d3f9e0a6c32f4fd699c0ca3', 'XDG_DATA_DIRS': '/usr/share/ubuntu:/usr/share/gnome:/usr/local/share/:/usr/share/:/var/lib/snapd/desktop', 'PYTHONPATH': '/home/user/celluleflexible_en_cours_ROS2/celluleflexible/ros_ws/install/shuttles/lib/python3.12/site-packages:/home/user/celluleflexible_en_cours_ROS2/celluleflexible/ros_ws/install/commande_locale/lib/python3.12/site-packages:/home/user/celluleflexible_en_cours_ROS2/celluleflexible/ros_ws/install/aiguillages/lib/python3.12/site-packages:/opt/ros/jazzy/lib/python3.12/site-packages', 'COLCON': '1', 'MEMORY_PRESSURE_WRITE': 'c29tZSAyMDAwMDAgMjAwMDAwMAA=', 'VTE_VERSION': '7600', 'CMAKE_PREFIX_PATH': '/home/user/celluleflexible_en_cours_ROS2/celluleflexible/ros_ws/install/shuttles:/home/user/celluleflexible_en_cours_ROS2/celluleflexible/ros_ws/install/commande_locale:/home/user/celluleflexible_en_cours_ROS2/celluleflexible/ros_ws/install/aiguillages:/opt/ros/jazzy/opt/gz_math_vendor:/opt/ros/jazzy/opt/gz_utils_vendor:/opt/ros/jazzy/opt/gz_cmake_vendor:/opt/ros/jazzy'}), 'shell': False}
[49.585888] (robots) StdoutLine: {'line': b'-- Install configuration: ""\n'}
[49.586082] (robots) StdoutLine: {'line': b'-- Installing: /home/user/celluleflexible_en_cours_ROS2/celluleflexible/ros_ws/install/robots/share/ament_index/resource_index/rosidl_interfaces/robots\n'}
[49.586282] (robots) StdoutLine: {'line': b'-- Installing: /home/user/celluleflexible_en_cours_ROS2/celluleflexible/ros_ws/install/robots/share/robots/msg/MoveRobot.json\n'}
[49.586465] (robots) StdoutLine: {'line': b'-- Installing: /home/user/celluleflexible_en_cours_ROS2/celluleflexible/ros_ws/install/robots/share/robots/msg/FaireTacheMsg.json\n'}
[49.586642] (robots) StdoutLine: {'line': b'-- Installing: /home/user/celluleflexible_en_cours_ROS2/celluleflexible/ros_ws/install/robots/share/robots/msg/MsgNumRobot.json\n'}
[49.586937] (robots) StdoutLine: {'line': b'-- Installing: /home/user/celluleflexible_en_cours_ROS2/celluleflexible/ros_ws/install/robots/include/robots/robots\n'}
[49.587210] (robots) StdoutLine: {'line': b'-- Installing: /home/user/celluleflexible_en_cours_ROS2/celluleflexible/ros_ws/install/robots/include/robots/robots/msg\n'}
[49.587290] (robots) StdoutLine: {'line': b'-- Installing: /home/user/celluleflexible_en_cours_ROS2/celluleflexible/ros_ws/install/robots/include/robots/robots/msg/move_robot.h\n'}
[49.587452] (robots) StdoutLine: {'line': b'-- Installing: /home/user/celluleflexible_en_cours_ROS2/celluleflexible/ros_ws/install/robots/include/robots/robots/msg/rosidl_generator_c__visibility_control.h\n'}
[49.587502] (robots) StdoutLine: {'line': b'-- Installing: /home/user/celluleflexible_en_cours_ROS2/celluleflexible/ros_ws/install/robots/include/robots/robots/msg/faire_tache_msg.h\n'}
[49.587719] (robots) StdoutLine: {'line': b'-- Installing: /home/user/celluleflexible_en_cours_ROS2/celluleflexible/ros_ws/install/robots/include/robots/robots/msg/msg_num_robot.h\n'}
[49.587762] (robots) StdoutLine: {'line': b'-- Installing: /home/user/celluleflexible_en_cours_ROS2/celluleflexible/ros_ws/install/robots/include/robots/robots/msg/detail\n'}
[49.587920] (robots) StdoutLine: {'line': b'-- Installing: /home/user/celluleflexible_en_cours_ROS2/celluleflexible/ros_ws/install/robots/include/robots/robots/msg/detail/move_robot__functions.c\n'}
[49.588083] (robots) StdoutLine: {'line': b'-- Installing: /home/user/celluleflexible_en_cours_ROS2/celluleflexible/ros_ws/install/robots/include/robots/robots/msg/detail/faire_tache_msg__type_support.h\n'}
[49.588214] (robots) StdoutLine: {'line': b'-- Installing: /home/user/celluleflexible_en_cours_ROS2/celluleflexible/ros_ws/install/robots/include/robots/robots/msg/detail/msg_num_robot__description.c\n'}
[49.588418] (robots) StdoutLine: {'line': b'-- Installing: /home/user/celluleflexible_en_cours_ROS2/celluleflexible/ros_ws/install/robots/include/robots/robots/msg/detail/move_robot__struct.h\n'}
[49.588495] (robots) StdoutLine: {'line': b'-- Installing: /home/user/celluleflexible_en_cours_ROS2/celluleflexible/ros_ws/install/robots/include/robots/robots/msg/detail/faire_tache_msg__functions.c\n'}
[49.588879] (robots) StdoutLine: {'line': b'-- Installing: /home/user/celluleflexible_en_cours_ROS2/celluleflexible/ros_ws/install/robots/include/robots/robots/msg/detail/move_robot__type_support.h\n'}
[49.589099] (robots) StdoutLine: {'line': b'-- Installing: /home/user/celluleflexible_en_cours_ROS2/celluleflexible/ros_ws/install/robots/include/robots/robots/msg/detail/msg_num_robot__type_support.c\n'}
[49.589423] (robots) StdoutLine: {'line': b'-- Installing: /home/user/celluleflexible_en_cours_ROS2/celluleflexible/ros_ws/install/robots/include/robots/robots/msg/detail/faire_tache_msg__description.c\n'}
[49.589520] (robots) StdoutLine: {'line': b'-- Installing: /home/user/celluleflexible_en_cours_ROS2/celluleflexible/ros_ws/install/robots/include/robots/robots/msg/detail/faire_tache_msg__struct.h\n'}
[49.589681] (robots) StdoutLine: {'line': b'-- Installing: /home/user/celluleflexible_en_cours_ROS2/celluleflexible/ros_ws/install/robots/include/robots/robots/msg/detail/msg_num_robot__functions.h\n'}
[49.589717] (robots) StdoutLine: {'line': b'-- Installing: /home/user/celluleflexible_en_cours_ROS2/celluleflexible/ros_ws/install/robots/include/robots/robots/msg/detail/move_robot__type_support.c\n'}
[49.589868] (robots) StdoutLine: {'line': b'-- Installing: /home/user/celluleflexible_en_cours_ROS2/celluleflexible/ros_ws/install/robots/include/robots/robots/msg/detail/msg_num_robot__struct.h\n'}
[49.589938] (robots) StdoutLine: {'line': b'-- Installing: /home/user/celluleflexible_en_cours_ROS2/celluleflexible/ros_ws/install/robots/include/robots/robots/msg/detail/msg_num_robot__type_support.h\n'}
[49.590012] (robots) StdoutLine: {'line': b'-- Installing: /home/user/celluleflexible_en_cours_ROS2/celluleflexible/ros_ws/install/robots/include/robots/robots/msg/detail/faire_tache_msg__type_support.c\n'}
[49.590163] (robots) StdoutLine: {'line': b'-- Installing: /home/user/celluleflexible_en_cours_ROS2/celluleflexible/ros_ws/install/robots/include/robots/robots/msg/detail/msg_num_robot__functions.c\n'}
[49.590368] (robots) StdoutLine: {'line': b'-- Installing: /home/user/celluleflexible_en_cours_ROS2/celluleflexible/ros_ws/install/robots/include/robots/robots/msg/detail/move_robot__description.c\n'}
[49.590408] (robots) StdoutLine: {'line': b'-- Installing: /home/user/celluleflexible_en_cours_ROS2/celluleflexible/ros_ws/install/robots/include/robots/robots/msg/detail/move_robot__functions.h\n'}
[49.590538] (robots) StdoutLine: {'line': b'-- Installing: /home/user/celluleflexible_en_cours_ROS2/celluleflexible/ros_ws/install/robots/include/robots/robots/msg/detail/faire_tache_msg__functions.h\n'}
[49.590628] (robots) StdoutLine: {'line': b'-- Installing: /home/user/celluleflexible_en_cours_ROS2/celluleflexible/ros_ws/install/robots/share/robots/environment/library_path.sh\n'}
[49.590863] (robots) StdoutLine: {'line': b'-- Installing: /home/user/celluleflexible_en_cours_ROS2/celluleflexible/ros_ws/install/robots/share/robots/environment/library_path.dsv\n'}
[49.591027] (robots) StdoutLine: {'line': b'-- Installing: /home/user/celluleflexible_en_cours_ROS2/celluleflexible/ros_ws/install/robots/lib/librobots__rosidl_generator_c.so\n'}
[49.591228] (robots) StdoutLine: {'line': b'-- Set non-toolchain portion of runtime path of "/home/user/celluleflexible_en_cours_ROS2/celluleflexible/ros_ws/install/robots/lib/librobots__rosidl_generator_c.so" to ""\n'}
[49.591345] (robots) StdoutLine: {'line': b'-- Up-to-date: /home/user/celluleflexible_en_cours_ROS2/celluleflexible/ros_ws/install/robots/include/robots/robots\n'}
[49.591497] (robots) StdoutLine: {'line': b'-- Up-to-date: /home/user/celluleflexible_en_cours_ROS2/celluleflexible/ros_ws/install/robots/include/robots/robots/msg\n'}
[49.591734] (robots) StdoutLine: {'line': b'-- Installing: /home/user/celluleflexible_en_cours_ROS2/celluleflexible/ros_ws/install/robots/include/robots/robots/msg/rosidl_typesupport_fastrtps_c__visibility_control.h\n'}
[49.591992] (robots) StdoutLine: {'line': b'-- Up-to-date: /home/user/celluleflexible_en_cours_ROS2/celluleflexible/ros_ws/install/robots/include/robots/robots/msg/detail\n'}
[49.592236] (robots) StdoutLine: {'line': b'-- Installing: /home/user/celluleflexible_en_cours_ROS2/celluleflexible/ros_ws/install/robots/include/robots/robots/msg/detail/move_robot__rosidl_typesupport_fastrtps_c.h\n'}
[49.592315] (robots) StdoutLine: {'line': b'-- Installing: /home/user/celluleflexible_en_cours_ROS2/celluleflexible/ros_ws/install/robots/include/robots/robots/msg/detail/msg_num_robot__rosidl_typesupport_fastrtps_c.h\n'}
[49.592424] (robots) StdoutLine: {'line': b'-- Installing: /home/user/celluleflexible_en_cours_ROS2/celluleflexible/ros_ws/install/robots/include/robots/robots/msg/detail/faire_tache_msg__rosidl_typesupport_fastrtps_c.h\n'}
[49.592648] (robots) StdoutLine: {'line': b'-- Installing: /home/user/celluleflexible_en_cours_ROS2/celluleflexible/ros_ws/install/robots/lib/librobots__rosidl_typesupport_fastrtps_c.so\n'}
[49.592767] (robots) StdoutLine: {'line': b'-- Set non-toolchain portion of runtime path of "/home/user/celluleflexible_en_cours_ROS2/celluleflexible/ros_ws/install/robots/lib/librobots__rosidl_typesupport_fastrtps_c.so" to ""\n'}
[49.592799] (robots) StdoutLine: {'line': b'-- Up-to-date: /home/user/celluleflexible_en_cours_ROS2/celluleflexible/ros_ws/install/robots/include/robots/robots\n'}
[49.592826] (robots) StdoutLine: {'line': b'-- Up-to-date: /home/user/celluleflexible_en_cours_ROS2/celluleflexible/ros_ws/install/robots/include/robots/robots/msg\n'}
[49.592891] (robots) StdoutLine: {'line': b'-- Installing: /home/user/celluleflexible_en_cours_ROS2/celluleflexible/ros_ws/install/robots/include/robots/robots/msg/faire_tache_msg.hpp\n'}
[49.592958] (robots) StdoutLine: {'line': b'-- Installing: /home/user/celluleflexible_en_cours_ROS2/celluleflexible/ros_ws/install/robots/include/robots/robots/msg/rosidl_generator_cpp__visibility_control.hpp\n'}
[49.593093] (robots) StdoutLine: {'line': b'-- Installing: /home/user/celluleflexible_en_cours_ROS2/celluleflexible/ros_ws/install/robots/include/robots/robots/msg/move_robot.hpp\n'}
[49.593169] (robots) StdoutLine: {'line': b'-- Installing: /home/user/celluleflexible_en_cours_ROS2/celluleflexible/ros_ws/install/robots/include/robots/robots/msg/msg_num_robot.hpp\n'}
[49.593197] (robots) StdoutLine: {'line': b'-- Up-to-date: /home/user/celluleflexible_en_cours_ROS2/celluleflexible/ros_ws/install/robots/include/robots/robots/msg/detail\n'}
[49.593223] (robots) StdoutLine: {'line': b'-- Installing: /home/user/celluleflexible_en_cours_ROS2/celluleflexible/ros_ws/install/robots/include/robots/robots/msg/detail/msg_num_robot__traits.hpp\n'}
[49.593247] (robots) StdoutLine: {'line': b'-- Installing: /home/user/celluleflexible_en_cours_ROS2/celluleflexible/ros_ws/install/robots/include/robots/robots/msg/detail/faire_tache_msg__traits.hpp\n'}
[49.593310] (robots) StdoutLine: {'line': b'-- Installing: /home/user/celluleflexible_en_cours_ROS2/celluleflexible/ros_ws/install/robots/include/robots/robots/msg/detail/faire_tache_msg__type_support.hpp\n'}
[49.593465] (robots) StdoutLine: {'line': b'-- Installing: /home/user/celluleflexible_en_cours_ROS2/celluleflexible/ros_ws/install/robots/include/robots/robots/msg/detail/move_robot__type_support.hpp\n'}
[49.593697] (robots) StdoutLine: {'line': b'-- Installing: /home/user/celluleflexible_en_cours_ROS2/celluleflexible/ros_ws/install/robots/include/robots/robots/msg/detail/faire_tache_msg__builder.hpp\n'}
[49.593762] (robots) StdoutLine: {'line': b'-- Installing: /home/user/celluleflexible_en_cours_ROS2/celluleflexible/ros_ws/install/robots/include/robots/robots/msg/detail/move_robot__builder.hpp\n'}
[49.593962] (robots) StdoutLine: {'line': b'-- Installing: /home/user/celluleflexible_en_cours_ROS2/celluleflexible/ros_ws/install/robots/include/robots/robots/msg/detail/move_robot__traits.hpp\n'}
[49.594008] (robots) StdoutLine: {'line': b'-- Installing: /home/user/celluleflexible_en_cours_ROS2/celluleflexible/ros_ws/install/robots/include/robots/robots/msg/detail/msg_num_robot__struct.hpp\n'}
[49.594138] (robots) StdoutLine: {'line': b'-- Installing: /home/user/celluleflexible_en_cours_ROS2/celluleflexible/ros_ws/install/robots/include/robots/robots/msg/detail/faire_tache_msg__struct.hpp\n'}
[49.594286] (robots) StdoutLine: {'line': b'-- Installing: /home/user/celluleflexible_en_cours_ROS2/celluleflexible/ros_ws/install/robots/include/robots/robots/msg/detail/msg_num_robot__builder.hpp\n'}
[49.594356] (robots) StdoutLine: {'line': b'-- Installing: /home/user/celluleflexible_en_cours_ROS2/celluleflexible/ros_ws/install/robots/include/robots/robots/msg/detail/move_robot__struct.hpp\n'}
[49.594390] (robots) StdoutLine: {'line': b'-- Installing: /home/user/celluleflexible_en_cours_ROS2/celluleflexible/ros_ws/install/robots/include/robots/robots/msg/detail/msg_num_robot__type_support.hpp\n'}
[49.594417] (robots) StdoutLine: {'line': b'-- Up-to-date: /home/user/celluleflexible_en_cours_ROS2/celluleflexible/ros_ws/install/robots/include/robots/robots\n'}
[49.594580] (robots) StdoutLine: {'line': b'-- Up-to-date: /home/user/celluleflexible_en_cours_ROS2/celluleflexible/ros_ws/install/robots/include/robots/robots/msg\n'}
[49.594769] (robots) StdoutLine: {'line': b'-- Up-to-date: /home/user/celluleflexible_en_cours_ROS2/celluleflexible/ros_ws/install/robots/include/robots/robots/msg/detail\n'}
[49.594878] (robots) StdoutLine: {'line': b'-- Installing: /home/user/celluleflexible_en_cours_ROS2/celluleflexible/ros_ws/install/robots/include/robots/robots/msg/detail/msg_num_robot__rosidl_typesupport_fastrtps_cpp.hpp\n'}
[49.594944] (robots) StdoutLine: {'line': b'-- Installing: /home/user/celluleflexible_en_cours_ROS2/celluleflexible/ros_ws/install/robots/include/robots/robots/msg/detail/faire_tache_msg__rosidl_typesupport_fastrtps_cpp.hpp\n'}
[49.594971] (robots) StdoutLine: {'line': b'-- Installing: /home/user/celluleflexible_en_cours_ROS2/celluleflexible/ros_ws/install/robots/include/robots/robots/msg/detail/move_robot__rosidl_typesupport_fastrtps_cpp.hpp\n'}
[49.594995] (robots) StdoutLine: {'line': b'-- Installing: /home/user/celluleflexible_en_cours_ROS2/celluleflexible/ros_ws/install/robots/include/robots/robots/msg/detail/dds_fastrtps\n'}
[49.595113] (robots) StdoutLine: {'line': b'-- Installing: /home/user/celluleflexible_en_cours_ROS2/celluleflexible/ros_ws/install/robots/include/robots/robots/msg/rosidl_typesupport_fastrtps_cpp__visibility_control.h\n'}
[49.595288] (robots) StdoutLine: {'line': b'-- Installing: /home/user/celluleflexible_en_cours_ROS2/celluleflexible/ros_ws/install/robots/lib/librobots__rosidl_typesupport_fastrtps_cpp.so\n'}
[49.595363] (robots) StdoutLine: {'line': b'-- Set non-toolchain portion of runtime path of "/home/user/celluleflexible_en_cours_ROS2/celluleflexible/ros_ws/install/robots/lib/librobots__rosidl_typesupport_fastrtps_cpp.so" to ""\n'}
[49.596180] (robots) StdoutLine: {'line': b'-- Up-to-date: /home/user/celluleflexible_en_cours_ROS2/celluleflexible/ros_ws/install/robots/include/robots/robots\n'}
[49.596320] (robots) StdoutLine: {'line': b'-- Up-to-date: /home/user/celluleflexible_en_cours_ROS2/celluleflexible/ros_ws/install/robots/include/robots/robots/msg\n'}
[49.596368] (robots) StdoutLine: {'line': b'-- Installing: /home/user/celluleflexible_en_cours_ROS2/celluleflexible/ros_ws/install/robots/include/robots/robots/msg/rosidl_typesupport_introspection_c__visibility_control.h\n'}
[49.596488] (robots) StdoutLine: {'line': b'-- Up-to-date: /home/user/celluleflexible_en_cours_ROS2/celluleflexible/ros_ws/install/robots/include/robots/robots/msg/detail\n'}
[49.596692] (robots) StdoutLine: {'line': b'-- Installing: /home/user/celluleflexible_en_cours_ROS2/celluleflexible/ros_ws/install/robots/include/robots/robots/msg/detail/faire_tache_msg__rosidl_typesupport_introspection_c.h\n'}
[49.596810] (robots) StdoutLine: {'line': b'-- Installing: /home/user/celluleflexible_en_cours_ROS2/celluleflexible/ros_ws/install/robots/include/robots/robots/msg/detail/msg_num_robot__rosidl_typesupport_introspection_c.h\n'}
[49.596854] (robots) StdoutLine: {'line': b'-- Up-to-date: /home/user/celluleflexible_en_cours_ROS2/celluleflexible/ros_ws/install/robots/include/robots/robots/msg/detail/msg_num_robot__type_support.c\n'}
[49.596884] (robots) StdoutLine: {'line': b'-- Up-to-date: /home/user/celluleflexible_en_cours_ROS2/celluleflexible/ros_ws/install/robots/include/robots/robots/msg/detail/move_robot__type_support.c\n'}
[49.596913] (robots) StdoutLine: {'line': b'-- Installing: /home/user/celluleflexible_en_cours_ROS2/celluleflexible/ros_ws/install/robots/include/robots/robots/msg/detail/move_robot__rosidl_typesupport_introspection_c.h\n'}
[49.597076] (robots) StdoutLine: {'line': b'-- Up-to-date: /home/user/celluleflexible_en_cours_ROS2/celluleflexible/ros_ws/install/robots/include/robots/robots/msg/detail/faire_tache_msg__type_support.c\n'}
[49.597123] (robots) StdoutLine: {'line': b'-- Installing: /home/user/celluleflexible_en_cours_ROS2/celluleflexible/ros_ws/install/robots/lib/librobots__rosidl_typesupport_introspection_c.so\n'}
[49.597153] (robots) StdoutLine: {'line': b'-- Set non-toolchain portion of runtime path of "/home/user/celluleflexible_en_cours_ROS2/celluleflexible/ros_ws/install/robots/lib/librobots__rosidl_typesupport_introspection_c.so" to ""\n'}
[49.597370] (robots) StdoutLine: {'line': b'-- Installing: /home/user/celluleflexible_en_cours_ROS2/celluleflexible/ros_ws/install/robots/lib/librobots__rosidl_typesupport_c.so\n'}
[49.597449] (robots) StdoutLine: {'line': b'-- Set non-toolchain portion of runtime path of "/home/user/celluleflexible_en_cours_ROS2/celluleflexible/ros_ws/install/robots/lib/librobots__rosidl_typesupport_c.so" to ""\n'}
[49.597620] (robots) StdoutLine: {'line': b'-- Up-to-date: /home/user/celluleflexible_en_cours_ROS2/celluleflexible/ros_ws/install/robots/include/robots/robots\n'}
[49.597661] (robots) StdoutLine: {'line': b'-- Up-to-date: /home/user/celluleflexible_en_cours_ROS2/celluleflexible/ros_ws/install/robots/include/robots/robots/msg\n'}
[49.597796] (robots) StdoutLine: {'line': b'-- Up-to-date: /home/user/celluleflexible_en_cours_ROS2/celluleflexible/ros_ws/install/robots/include/robots/robots/msg/detail\n'}
[49.598012] (robots) StdoutLine: {'line': b'-- Installing: /home/user/celluleflexible_en_cours_ROS2/celluleflexible/ros_ws/install/robots/include/robots/robots/msg/detail/faire_tache_msg__type_support.cpp\n'}
[49.598091] (robots) StdoutLine: {'line': b'-- Installing: /home/user/celluleflexible_en_cours_ROS2/celluleflexible/ros_ws/install/robots/include/robots/robots/msg/detail/msg_num_robot__type_support.cpp\n'}
[49.598318] (robots) StdoutLine: {'line': b'-- Installing: /home/user/celluleflexible_en_cours_ROS2/celluleflexible/ros_ws/install/robots/include/robots/robots/msg/detail/move_robot__rosidl_typesupport_introspection_cpp.hpp\n'}
[49.598472] (robots) StdoutLine: {'line': b'-- Installing: /home/user/celluleflexible_en_cours_ROS2/celluleflexible/ros_ws/install/robots/include/robots/robots/msg/detail/msg_num_robot__rosidl_typesupport_introspection_cpp.hpp\n'}
[49.598547] (robots) StdoutLine: {'line': b'-- Installing: /home/user/celluleflexible_en_cours_ROS2/celluleflexible/ros_ws/install/robots/include/robots/robots/msg/detail/faire_tache_msg__rosidl_typesupport_introspection_cpp.hpp\n'}
[49.598648] (robots) StdoutLine: {'line': b'-- Installing: /home/user/celluleflexible_en_cours_ROS2/celluleflexible/ros_ws/install/robots/include/robots/robots/msg/detail/move_robot__type_support.cpp\n'}
[49.598813] (robots) StdoutLine: {'line': b'-- Installing: /home/user/celluleflexible_en_cours_ROS2/celluleflexible/ros_ws/install/robots/lib/librobots__rosidl_typesupport_introspection_cpp.so\n'}
[49.599024] (robots) StdoutLine: {'line': b'-- Set non-toolchain portion of runtime path of "/home/user/celluleflexible_en_cours_ROS2/celluleflexible/ros_ws/install/robots/lib/librobots__rosidl_typesupport_introspection_cpp.so" to ""\n'}
[49.599246] (robots) StdoutLine: {'line': b'-- Installing: /home/user/celluleflexible_en_cours_ROS2/celluleflexible/ros_ws/install/robots/lib/librobots__rosidl_typesupport_cpp.so\n'}
[49.599324] (robots) StdoutLine: {'line': b'-- Set non-toolchain portion of runtime path of "/home/user/celluleflexible_en_cours_ROS2/celluleflexible/ros_ws/install/robots/lib/librobots__rosidl_typesupport_cpp.so" to ""\n'}
[49.599545] (robots) StdoutLine: {'line': b'-- Installing: /home/user/celluleflexible_en_cours_ROS2/celluleflexible/ros_ws/install/robots/share/robots/environment/pythonpath.sh\n'}
[49.599585] (robots) StdoutLine: {'line': b'-- Installing: /home/user/celluleflexible_en_cours_ROS2/celluleflexible/ros_ws/install/robots/share/robots/environment/pythonpath.dsv\n'}
[49.599750] (robots) StdoutLine: {'line': b'-- Installing: /home/user/celluleflexible_en_cours_ROS2/celluleflexible/ros_ws/install/robots/lib/python3.12/site-packages/robots-3.1.2-py3.12.egg-info\n'}
[49.599928] (robots) StdoutLine: {'line': b'-- Installing: /home/user/celluleflexible_en_cours_ROS2/celluleflexible/ros_ws/install/robots/lib/python3.12/site-packages/robots-3.1.2-py3.12.egg-info/SOURCES.txt\n'}
[49.600101] (robots) StdoutLine: {'line': b'-- Installing: /home/user/celluleflexible_en_cours_ROS2/celluleflexible/ros_ws/install/robots/lib/python3.12/site-packages/robots-3.1.2-py3.12.egg-info/top_level.txt\n'}
[49.600142] (robots) StdoutLine: {'line': b'-- Installing: /home/user/celluleflexible_en_cours_ROS2/celluleflexible/ros_ws/install/robots/lib/python3.12/site-packages/robots-3.1.2-py3.12.egg-info/PKG-INFO\n'}
[49.600319] (robots) StdoutLine: {'line': b'-- Installing: /home/user/celluleflexible_en_cours_ROS2/celluleflexible/ros_ws/install/robots/lib/python3.12/site-packages/robots-3.1.2-py3.12.egg-info/dependency_links.txt\n'}
[49.600394] (robots) StdoutLine: {'line': b'-- Installing: /home/user/celluleflexible_en_cours_ROS2/celluleflexible/ros_ws/install/robots/lib/python3.12/site-packages/robots\n'}
[49.600558] (robots) StdoutLine: {'line': b'-- Installing: /home/user/celluleflexible_en_cours_ROS2/celluleflexible/ros_ws/install/robots/lib/python3.12/site-packages/robots/robots_s__rosidl_typesupport_c.so\n'}
[49.600755] (robots) StdoutLine: {'line': b'-- Installing: /home/user/celluleflexible_en_cours_ROS2/celluleflexible/ros_ws/install/robots/lib/python3.12/site-packages/robots/_robots_s.ep.rosidl_typesupport_c.c\n'}
[49.600830] (robots) StdoutLine: {'line': b'-- Installing: /home/user/celluleflexible_en_cours_ROS2/celluleflexible/ros_ws/install/robots/lib/python3.12/site-packages/robots/msg\n'}
[49.600861] (robots) StdoutLine: {'line': b'-- Installing: /home/user/celluleflexible_en_cours_ROS2/celluleflexible/ros_ws/install/robots/lib/python3.12/site-packages/robots/msg/_move_robot_s.c\n'}
[49.601049] (robots) StdoutLine: {'line': b'-- Installing: /home/user/celluleflexible_en_cours_ROS2/celluleflexible/ros_ws/install/robots/lib/python3.12/site-packages/robots/msg/_move_robot.py\n'}
[49.601124] (robots) StdoutLine: {'line': b'-- Installing: /home/user/celluleflexible_en_cours_ROS2/celluleflexible/ros_ws/install/robots/lib/python3.12/site-packages/robots/msg/_msg_num_robot.py\n'}
[49.601283] (robots) StdoutLine: {'line': b'-- Installing: /home/user/celluleflexible_en_cours_ROS2/celluleflexible/ros_ws/install/robots/lib/python3.12/site-packages/robots/msg/__init__.py\n'}
[49.601359] (robots) StdoutLine: {'line': b'-- Installing: /home/user/celluleflexible_en_cours_ROS2/celluleflexible/ros_ws/install/robots/lib/python3.12/site-packages/robots/msg/_msg_num_robot_s.c\n'}
[49.601490] (robots) StdoutLine: {'line': b'-- Installing: /home/user/celluleflexible_en_cours_ROS2/celluleflexible/ros_ws/install/robots/lib/python3.12/site-packages/robots/msg/_faire_tache_msg_s.c\n'}
[49.601628] (robots) StdoutLine: {'line': b'-- Installing: /home/user/celluleflexible_en_cours_ROS2/celluleflexible/ros_ws/install/robots/lib/python3.12/site-packages/robots/msg/_faire_tache_msg.py\n'}
[49.601664] (robots) StdoutLine: {'line': b'-- Installing: /home/user/celluleflexible_en_cours_ROS2/celluleflexible/ros_ws/install/robots/lib/python3.12/site-packages/robots/__init__.py\n'}
[49.601826] (robots) StdoutLine: {'line': b'-- Installing: /home/user/celluleflexible_en_cours_ROS2/celluleflexible/ros_ws/install/robots/lib/python3.12/site-packages/robots/robots_s__rosidl_typesupport_introspection_c.so\n'}
[49.601901] (robots) StdoutLine: {'line': b'-- Installing: /home/user/celluleflexible_en_cours_ROS2/celluleflexible/ros_ws/install/robots/lib/python3.12/site-packages/robots/_robots_s.ep.rosidl_typesupport_introspection_c.c\n'}
[49.602072] (robots) StdoutLine: {'line': b'-- Installing: /home/user/celluleflexible_en_cours_ROS2/celluleflexible/ros_ws/install/robots/lib/python3.12/site-packages/robots/_robots_s.ep.rosidl_typesupport_fastrtps_c.c\n'}
[49.602112] (robots) StdoutLine: {'line': b'-- Installing: /home/user/celluleflexible_en_cours_ROS2/celluleflexible/ros_ws/install/robots/lib/python3.12/site-packages/robots/robots_s__rosidl_typesupport_fastrtps_c.so\n'}
[49.626577] (robots) StdoutLine: {'line': b"Listing '/home/user/celluleflexible_en_cours_ROS2/celluleflexible/ros_ws/install/robots/lib/python3.12/site-packages/robots'...\n"}
[49.626721] (robots) StdoutLine: {'line': b"Compiling '/home/user/celluleflexible_en_cours_ROS2/celluleflexible/ros_ws/install/robots/lib/python3.12/site-packages/robots/__init__.py'...\n"}
[49.626759] (robots) StdoutLine: {'line': b"Listing '/home/user/celluleflexible_en_cours_ROS2/celluleflexible/ros_ws/install/robots/lib/python3.12/site-packages/robots/msg'...\n"}
[49.626789] (robots) StdoutLine: {'line': b"Compiling '/home/user/celluleflexible_en_cours_ROS2/celluleflexible/ros_ws/install/robots/lib/python3.12/site-packages/robots/msg/__init__.py'...\n"}
[49.626816] (robots) StdoutLine: {'line': b"Compiling '/home/user/celluleflexible_en_cours_ROS2/celluleflexible/ros_ws/install/robots/lib/python3.12/site-packages/robots/msg/_faire_tache_msg.py'...\n"}
[49.626849] (robots) StdoutLine: {'line': b"Compiling '/home/user/celluleflexible_en_cours_ROS2/celluleflexible/ros_ws/install/robots/lib/python3.12/site-packages/robots/msg/_move_robot.py'...\n"}
[49.626875] (robots) StdoutLine: {'line': b"Compiling '/home/user/celluleflexible_en_cours_ROS2/celluleflexible/ros_ws/install/robots/lib/python3.12/site-packages/robots/msg/_msg_num_robot.py'...\n"}
[49.630433] (robots) StdoutLine: {'line': b'-- Installing: /home/user/celluleflexible_en_cours_ROS2/celluleflexible/ros_ws/install/robots/lib/python3.12/site-packages/robots/robots_s__rosidl_typesupport_fastrtps_c.so\n'}
[49.630787] (robots) StdoutLine: {'line': b'-- Set non-toolchain portion of runtime path of "/home/user/celluleflexible_en_cours_ROS2/celluleflexible/ros_ws/install/robots/lib/python3.12/site-packages/robots/robots_s__rosidl_typesupport_fastrtps_c.so" to ""\n'}
[49.630929] (robots) StdoutLine: {'line': b'-- Installing: /home/user/celluleflexible_en_cours_ROS2/celluleflexible/ros_ws/install/robots/lib/python3.12/site-packages/robots/robots_s__rosidl_typesupport_introspection_c.so\n'}
[49.631218] (robots) StdoutLine: {'line': b'-- Set non-toolchain portion of runtime path of "/home/user/celluleflexible_en_cours_ROS2/celluleflexible/ros_ws/install/robots/lib/python3.12/site-packages/robots/robots_s__rosidl_typesupport_introspection_c.so" to ""\n'}
[49.631504] (robots) StdoutLine: {'line': b'-- Installing: /home/user/celluleflexible_en_cours_ROS2/celluleflexible/ros_ws/install/robots/lib/python3.12/site-packages/robots/robots_s__rosidl_typesupport_c.so\n'}
[49.631587] (robots) StdoutLine: {'line': b'-- Set non-toolchain portion of runtime path of "/home/user/celluleflexible_en_cours_ROS2/celluleflexible/ros_ws/install/robots/lib/python3.12/site-packages/robots/robots_s__rosidl_typesupport_c.so" to ""\n'}
[49.631761] (robots) StdoutLine: {'line': b'-- Installing: /home/user/celluleflexible_en_cours_ROS2/celluleflexible/ros_ws/install/robots/lib/librobots__rosidl_generator_py.so\n'}
[49.632006] (robots) StdoutLine: {'line': b'-- Set non-toolchain portion of runtime path of "/home/user/celluleflexible_en_cours_ROS2/celluleflexible/ros_ws/install/robots/lib/librobots__rosidl_generator_py.so" to ""\n'}
[49.632275] (robots) StdoutLine: {'line': b'-- Installing: /home/user/celluleflexible_en_cours_ROS2/celluleflexible/ros_ws/install/robots/share/robots/msg/MoveRobot.idl\n'}
[49.632564] (robots) StdoutLine: {'line': b'-- Installing: /home/user/celluleflexible_en_cours_ROS2/celluleflexible/ros_ws/install/robots/share/robots/msg/FaireTacheMsg.idl\n'}
[49.632617] (robots) StdoutLine: {'line': b'-- Installing: /home/user/celluleflexible_en_cours_ROS2/celluleflexible/ros_ws/install/robots/share/robots/msg/MsgNumRobot.idl\n'}
[49.632648] (robots) StdoutLine: {'line': b'-- Installing: /home/user/celluleflexible_en_cours_ROS2/celluleflexible/ros_ws/install/robots/share/robots/msg/MoveRobot.msg\n'}
[49.632816] (robots) StdoutLine: {'line': b'-- Installing: /home/user/celluleflexible_en_cours_ROS2/celluleflexible/ros_ws/install/robots/share/robots/msg/FaireTacheMsg.msg\n'}
[49.633008] (robots) StdoutLine: {'line': b'-- Installing: /home/user/celluleflexible_en_cours_ROS2/celluleflexible/ros_ws/install/robots/share/robots/msg/MsgNumRobot.msg\n'}
[49.633107] (robots) StdoutLine: {'line': b'-- Installing: /home/user/celluleflexible_en_cours_ROS2/celluleflexible/ros_ws/install/robots/lib/robots/robot\n'}
[49.637819] (-) TimerEvent: {}
[49.646764] (robots) StdoutLine: {'line': b'-- Set non-toolchain portion of runtime path of "/home/user/celluleflexible_en_cours_ROS2/celluleflexible/ros_ws/install/robots/lib/robots/robot" to ""\n'}
[49.647180] (robots) StdoutLine: {'line': b'-- Up-to-date: /home/user/celluleflexible_en_cours_ROS2/celluleflexible/ros_ws/install/robots/share/robots\n'}
[49.647235] (robots) StdoutLine: {'line': b'-- Installing: /home/user/celluleflexible_en_cours_ROS2/celluleflexible/ros_ws/install/robots/share/robots/robotsGauche.launch.py\n'}
[49.647310] (robots) StdoutLine: {'line': b'-- Installing: /home/user/celluleflexible_en_cours_ROS2/celluleflexible/ros_ws/install/robots/share/robots/robotsDroite.launch.py\n'}
[49.647429] (robots) StdoutLine: {'line': b'-- Installing: /home/user/celluleflexible_en_cours_ROS2/celluleflexible/ros_ws/install/robots/share/ament_index/resource_index/package_run_dependencies/robots\n'}
[49.647528] (robots) StdoutLine: {'line': b'-- Installing: /home/user/celluleflexible_en_cours_ROS2/celluleflexible/ros_ws/install/robots/share/ament_index/resource_index/parent_prefix_path/robots\n'}
[49.647603] (robots) StdoutLine: {'line': b'-- Installing: /home/user/celluleflexible_en_cours_ROS2/celluleflexible/ros_ws/install/robots/share/robots/environment/ament_prefix_path.sh\n'}
[49.647724] (robots) StdoutLine: {'line': b'-- Installing: /home/user/celluleflexible_en_cours_ROS2/celluleflexible/ros_ws/install/robots/share/robots/environment/ament_prefix_path.dsv\n'}
[49.647813] (robots) StdoutLine: {'line': b'-- Installing: /home/user/celluleflexible_en_cours_ROS2/celluleflexible/ros_ws/install/robots/share/robots/environment/path.sh\n'}
[49.647934] (robots) StdoutLine: {'line': b'-- Installing: /home/user/celluleflexible_en_cours_ROS2/celluleflexible/ros_ws/install/robots/share/robots/environment/path.dsv\n'}
[49.647973] (robots) StdoutLine: {'line': b'-- Installing: /home/user/celluleflexible_en_cours_ROS2/celluleflexible/ros_ws/install/robots/share/robots/local_setup.bash\n'}
[49.647999] (robots) StdoutLine: {'line': b'-- Installing: /home/user/celluleflexible_en_cours_ROS2/celluleflexible/ros_ws/install/robots/share/robots/local_setup.sh\n'}
[49.648062] (robots) StdoutLine: {'line': b'-- Installing: /home/user/celluleflexible_en_cours_ROS2/celluleflexible/ros_ws/install/robots/share/robots/local_setup.zsh\n'}
[49.648128] (robots) StdoutLine: {'line': b'-- Installing: /home/user/celluleflexible_en_cours_ROS2/celluleflexible/ros_ws/install/robots/share/robots/local_setup.dsv\n'}
[49.648198] (robots) StdoutLine: {'line': b'-- Installing: /home/user/celluleflexible_en_cours_ROS2/celluleflexible/ros_ws/install/robots/share/robots/package.dsv\n'}
[49.648261] (robots) StdoutLine: {'line': b'-- Installing: /home/user/celluleflexible_en_cours_ROS2/celluleflexible/ros_ws/install/robots/share/ament_index/resource_index/packages/robots\n'}
[49.648372] (robots) StdoutLine: {'line': b'-- Installing: /home/user/celluleflexible_en_cours_ROS2/celluleflexible/ros_ws/install/robots/share/robots/cmake/export_robots__rosidl_generator_cExport.cmake\n'}
[49.648409] (robots) StdoutLine: {'line': b'-- Installing: /home/user/celluleflexible_en_cours_ROS2/celluleflexible/ros_ws/install/robots/share/robots/cmake/export_robots__rosidl_generator_cExport-noconfig.cmake\n'}
[49.648434] (robots) StdoutLine: {'line': b'-- Installing: /home/user/celluleflexible_en_cours_ROS2/celluleflexible/ros_ws/install/robots/share/robots/cmake/export_robots__rosidl_typesupport_fastrtps_cExport.cmake\n'}
[49.648495] (robots) StdoutLine: {'line': b'-- Installing: /home/user/celluleflexible_en_cours_ROS2/celluleflexible/ros_ws/install/robots/share/robots/cmake/export_robots__rosidl_typesupport_fastrtps_cExport-noconfig.cmake\n'}
[49.648561] (robots) StdoutLine: {'line': b'-- Installing: /home/user/celluleflexible_en_cours_ROS2/celluleflexible/ros_ws/install/robots/share/robots/cmake/export_robots__rosidl_generator_cppExport.cmake\n'}
[49.648625] (robots) StdoutLine: {'line': b'-- Installing: /home/user/celluleflexible_en_cours_ROS2/celluleflexible/ros_ws/install/robots/share/robots/cmake/export_robots__rosidl_typesupport_fastrtps_cppExport.cmake\n'}
[49.648688] (robots) StdoutLine: {'line': b'-- Installing: /home/user/celluleflexible_en_cours_ROS2/celluleflexible/ros_ws/install/robots/share/robots/cmake/export_robots__rosidl_typesupport_fastrtps_cppExport-noconfig.cmake\n'}
[49.648779] (robots) StdoutLine: {'line': b'-- Installing: /home/user/celluleflexible_en_cours_ROS2/celluleflexible/ros_ws/install/robots/share/robots/cmake/robots__rosidl_typesupport_introspection_cExport.cmake\n'}
[49.648848] (robots) StdoutLine: {'line': b'-- Installing: /home/user/celluleflexible_en_cours_ROS2/celluleflexible/ros_ws/install/robots/share/robots/cmake/robots__rosidl_typesupport_introspection_cExport-noconfig.cmake\n'}
[49.649094] (robots) StdoutLine: {'line': b'-- Installing: /home/user/celluleflexible_en_cours_ROS2/celluleflexible/ros_ws/install/robots/share/robots/cmake/robots__rosidl_typesupport_cExport.cmake\n'}
[49.649151] (robots) StdoutLine: {'line': b'-- Installing: /home/user/celluleflexible_en_cours_ROS2/celluleflexible/ros_ws/install/robots/share/robots/cmake/robots__rosidl_typesupport_cExport-noconfig.cmake\n'}
[49.649246] (robots) StdoutLine: {'line': b'-- Installing: /home/user/celluleflexible_en_cours_ROS2/celluleflexible/ros_ws/install/robots/share/robots/cmake/robots__rosidl_typesupport_introspection_cppExport.cmake\n'}
[49.649276] (robots) StdoutLine: {'line': b'-- Installing: /home/user/celluleflexible_en_cours_ROS2/celluleflexible/ros_ws/install/robots/share/robots/cmake/robots__rosidl_typesupport_introspection_cppExport-noconfig.cmake\n'}
[49.649301] (robots) StdoutLine: {'line': b'-- Installing: /home/user/celluleflexible_en_cours_ROS2/celluleflexible/ros_ws/install/robots/share/robots/cmake/robots__rosidl_typesupport_cppExport.cmake\n'}
[49.649324] (robots) StdoutLine: {'line': b'-- Installing: /home/user/celluleflexible_en_cours_ROS2/celluleflexible/ros_ws/install/robots/share/robots/cmake/robots__rosidl_typesupport_cppExport-noconfig.cmake\n'}
[49.649347] (robots) StdoutLine: {'line': b'-- Installing: /home/user/celluleflexible_en_cours_ROS2/celluleflexible/ros_ws/install/robots/share/robots/cmake/export_robots__rosidl_generator_pyExport.cmake\n'}
[49.649371] (robots) StdoutLine: {'line': b'-- Installing: /home/user/celluleflexible_en_cours_ROS2/celluleflexible/ros_ws/install/robots/share/robots/cmake/export_robots__rosidl_generator_pyExport-noconfig.cmake\n'}
[49.649394] (robots) StdoutLine: {'line': b'-- Installing: /home/user/celluleflexible_en_cours_ROS2/celluleflexible/ros_ws/install/robots/share/robots/cmake/rosidl_cmake-extras.cmake\n'}
[49.649418] (robots) StdoutLine: {'line': b'-- Installing: /home/user/celluleflexible_en_cours_ROS2/celluleflexible/ros_ws/install/robots/share/robots/cmake/ament_cmake_export_dependencies-extras.cmake\n'}
[49.649440] (robots) StdoutLine: {'line': b'-- Installing: /home/user/celluleflexible_en_cours_ROS2/celluleflexible/ros_ws/install/robots/share/robots/cmake/ament_cmake_export_include_directories-extras.cmake\n'}
[49.649460] (robots) StdoutLine: {'line': b'-- Installing: /home/user/celluleflexible_en_cours_ROS2/celluleflexible/ros_ws/install/robots/share/robots/cmake/ament_cmake_export_libraries-extras.cmake\n'}
[49.649481] (robots) StdoutLine: {'line': b'-- Installing: /home/user/celluleflexible_en_cours_ROS2/celluleflexible/ros_ws/install/robots/share/robots/cmake/ament_cmake_export_targets-extras.cmake\n'}
[49.649502] (robots) StdoutLine: {'line': b'-- Installing: /home/user/celluleflexible_en_cours_ROS2/celluleflexible/ros_ws/install/robots/share/robots/cmake/rosidl_cmake_export_typesupport_targets-extras.cmake\n'}
[49.649524] (robots) StdoutLine: {'line': b'-- Installing: /home/user/celluleflexible_en_cours_ROS2/celluleflexible/ros_ws/install/robots/share/robots/cmake/rosidl_cmake_export_typesupport_libraries-extras.cmake\n'}
[49.649545] (robots) StdoutLine: {'line': b'-- Installing: /home/user/celluleflexible_en_cours_ROS2/celluleflexible/ros_ws/install/robots/share/robots/cmake/robotsConfig.cmake\n'}
[49.649566] (robots) StdoutLine: {'line': b'-- Installing: /home/user/celluleflexible_en_cours_ROS2/celluleflexible/ros_ws/install/robots/share/robots/cmake/robotsConfig-version.cmake\n'}
[49.649587] (robots) StdoutLine: {'line': b'-- Installing: /home/user/celluleflexible_en_cours_ROS2/celluleflexible/ros_ws/install/robots/share/robots/package.xml\n'}
[49.651773] (robots) CommandEnded: {'returncode': 0}
[49.665998] (robots) JobEnded: {'identifier': 'robots', 'rc': 0}
[49.667563] (commande) JobStarted: {'identifier': 'commande'}
[49.687588] (commande) JobProgress: {'identifier': 'commande', 'progress': 'cmake'}
[49.688263] (commande) Command: {'cmd': ['/usr/bin/cmake', '/home/user/celluleflexible_en_cours_ROS2/celluleflexible/ros_ws/src/commande', '-DCMAKE_INSTALL_PREFIX=/home/user/celluleflexible_en_cours_ROS2/celluleflexible/ros_ws/install/commande'], 'cwd': '/home/user/celluleflexible_en_cours_ROS2/celluleflexible/ros_ws/build/commande', 'env': OrderedDict({'LESSOPEN': '| /usr/bin/lesspipe %s', 'USER': 'user', 'XDG_SESSION_TYPE': 'wayland', 'SHLVL': '1', 'LD_LIBRARY_PATH': '/home/user/celluleflexible_en_cours_ROS2/celluleflexible/ros_ws/install/robots/lib:/home/user/celluleflexible_en_cours_ROS2/celluleflexible/ros_ws/install/shuttles/lib:/home/user/celluleflexible_en_cours_ROS2/celluleflexible/ros_ws/install/commande_locale/lib:/home/user/celluleflexible_en_cours_ROS2/celluleflexible/ros_ws/install/aiguillages/lib:/opt/ros/jazzy/opt/rviz_ogre_vendor/lib:/opt/ros/jazzy/lib/x86_64-linux-gnu:/opt/ros/jazzy/opt/gz_math_vendor/lib:/opt/ros/jazzy/opt/gz_utils_vendor/lib:/opt/ros/jazzy/opt/gz_cmake_vendor/lib:/opt/ros/jazzy/lib', 'HOME': '/home/user', 'DESKTOP_SESSION': 'ubuntu', 'ROS_PYTHON_VERSION': '3', 'GNOME_SHELL_SESSION_MODE': 'ubuntu', 'GTK_MODULES': 'gail:atk-bridge', 'DBUS_STARTER_BUS_TYPE': 'session', 'SYSTEMD_EXEC_PID': '2225', 'GSM_SKIP_SSH_AGENT_WORKAROUND': 'true', 'DBUS_SESSION_BUS_ADDRESS': 'unix:path=/run/user/1000/bus,guid=f75c24bd1d3f9e0a6c32f4fd699c0ca3', 'COLORTERM': 'truecolor', 'DEBUGINFOD_URLS': 'https://debuginfod.ubuntu.com', 'IM_CONFIG_PHASE': '1', 'WAYLAND_DISPLAY': 'wayland-0', 'ROS_DISTRO': 'jazzy', 'LOGNAME': 'user', '_': '/usr/bin/colcon', 'ROS_VERSION': '2', 'MEMORY_PRESSURE_WATCH': '/sys/fs/cgroup/user.slice/user-1000.slice/user@1000.service/app.slice/app-gnome\\x2dsession\\x2dmanager.slice/gnome-session-manager@ubuntu.service/memory.pressure', 'XDG_SESSION_CLASS': 'user', 'USERNAME': 'user', 'TERM': 'xterm-256color', 'GNOME_DESKTOP_SESSION_ID': 'this-is-deprecated', 'PATH': '/opt/ros/jazzy/bin:/usr/local/sbin:/usr/local/bin:/usr/sbin:/usr/bin:/sbin:/bin:/usr/games:/usr/local/games:/snap/bin:/snap/bin', 'SESSION_MANAGER': 'local/Ubuntu:@/tmp/.ICE-unix/2225,unix/Ubuntu:/tmp/.ICE-unix/2225', 'XDG_MENU_PREFIX': 'gnome-', 'GNOME_TERMINAL_SCREEN': '/org/gnome/Terminal/screen/fd7d161f_b0cd_4c91_9d8b_6a28dde0713a', 'GNOME_SETUP_DISPLAY': ':1', 'XDG_RUNTIME_DIR': '/run/user/1000', 'DISPLAY': ':0', 'LANG': 'en_US.UTF-8', 'XDG_CURRENT_DESKTOP': 'ubuntu:GNOME', 'XMODIFIERS': '@im=ibus', 'XDG_SESSION_DESKTOP': 'ubuntu', 'XAUTHORITY': '/run/user/1000/.mutter-Xwaylandauth.5JJ1K3', 'LS_COLORS': 'rs=0:di=01;34:ln=01;36:mh=00:pi=40;33:so=01;35:do=01;35:bd=40;33;01:cd=40;33;01:or=40;31;01:mi=00:su=37;41:sg=30;43:ca=00:tw=30;42:ow=34;42:st=37;44:ex=01;32:*.tar=01;31:*.tgz=01;31:*.arc=01;31:*.arj=01;31:*.taz=01;31:*.lha=01;31:*.lz4=01;31:*.lzh=01;31:*.lzma=01;31:*.tlz=01;31:*.txz=01;31:*.tzo=01;31:*.t7z=01;31:*.zip=01;31:*.z=01;31:*.dz=01;31:*.gz=01;31:*.lrz=01;31:*.lz=01;31:*.lzo=01;31:*.xz=01;31:*.zst=01;31:*.tzst=01;31:*.bz2=01;31:*.bz=01;31:*.tbz=01;31:*.tbz2=01;31:*.tz=01;31:*.deb=01;31:*.rpm=01;31:*.jar=01;31:*.war=01;31:*.ear=01;31:*.sar=01;31:*.rar=01;31:*.alz=01;31:*.ace=01;31:*.zoo=01;31:*.cpio=01;31:*.7z=01;31:*.rz=01;31:*.cab=01;31:*.wim=01;31:*.swm=01;31:*.dwm=01;31:*.esd=01;31:*.avif=01;35:*.jpg=01;35:*.jpeg=01;35:*.mjpg=01;35:*.mjpeg=01;35:*.gif=01;35:*.bmp=01;35:*.pbm=01;35:*.pgm=01;35:*.ppm=01;35:*.tga=01;35:*.xbm=01;35:*.xpm=01;35:*.tif=01;35:*.tiff=01;35:*.png=01;35:*.svg=01;35:*.svgz=01;35:*.mng=01;35:*.pcx=01;35:*.mov=01;35:*.mpg=01;35:*.mpeg=01;35:*.m2v=01;35:*.mkv=01;35:*.webm=01;35:*.webp=01;35:*.ogm=01;35:*.mp4=01;35:*.m4v=01;35:*.mp4v=01;35:*.vob=01;35:*.qt=01;35:*.nuv=01;35:*.wmv=01;35:*.asf=01;35:*.rm=01;35:*.rmvb=01;35:*.flc=01;35:*.avi=01;35:*.fli=01;35:*.flv=01;35:*.gl=01;35:*.dl=01;35:*.xcf=01;35:*.xwd=01;35:*.yuv=01;35:*.cgm=01;35:*.emf=01;35:*.ogv=01;35:*.ogx=01;35:*.aac=00;36:*.au=00;36:*.flac=00;36:*.m4a=00;36:*.mid=00;36:*.midi=00;36:*.mka=00;36:*.mp3=00;36:*.mpc=00;36:*.ogg=00;36:*.ra=00;36:*.wav=00;36:*.oga=00;36:*.opus=00;36:*.spx=00;36:*.xspf=00;36:*~=00;90:*#=00;90:*.bak=00;90:*.crdownload=00;90:*.dpkg-dist=00;90:*.dpkg-new=00;90:*.dpkg-old=00;90:*.dpkg-tmp=00;90:*.old=00;90:*.orig=00;90:*.part=00;90:*.rej=00;90:*.rpmnew=00;90:*.rpmorig=00;90:*.rpmsave=00;90:*.swp=00;90:*.tmp=00;90:*.ucf-dist=00;90:*.ucf-new=00;90:*.ucf-old=00;90:', 'GNOME_TERMINAL_SERVICE': ':1.1258', 'SSH_AUTH_SOCK': '/run/user/1000/keyring/ssh', 'AMENT_PREFIX_PATH': '/home/user/celluleflexible_en_cours_ROS2/celluleflexible/ros_ws/install/robots:/home/user/celluleflexible_en_cours_ROS2/celluleflexible/ros_ws/install/shuttles:/home/user/celluleflexible_en_cours_ROS2/celluleflexible/ros_ws/install/commande_locale:/home/user/celluleflexible_en_cours_ROS2/celluleflexible/ros_ws/install/aiguillages:/opt/ros/jazzy', 'SHELL': '/bin/bash', 'QT_ACCESSIBILITY': '1', 'GDMSESSION': 'ubuntu', 'LESSCLOSE': '/usr/bin/lesspipe %s %s', 'ROS_AUTOMATIC_DISCOVERY_RANGE': 'SUBNET', 'QT_IM_MODULE': 'ibus', 'PWD': '/home/user/celluleflexible_en_cours_ROS2/celluleflexible/ros_ws/build/commande', 'LC_ALL': 'en_US.UTF-8', 'XDG_CONFIG_DIRS': '/etc/xdg/xdg-ubuntu:/etc/xdg', 'DBUS_STARTER_ADDRESS': 'unix:path=/run/user/1000/bus,guid=f75c24bd1d3f9e0a6c32f4fd699c0ca3', 'XDG_DATA_DIRS': '/usr/share/ubuntu:/usr/share/gnome:/usr/local/share/:/usr/share/:/var/lib/snapd/desktop', 'PYTHONPATH': '/home/user/celluleflexible_en_cours_ROS2/celluleflexible/ros_ws/install/robots/lib/python3.12/site-packages:/home/user/celluleflexible_en_cours_ROS2/celluleflexible/ros_ws/install/shuttles/lib/python3.12/site-packages:/home/user/celluleflexible_en_cours_ROS2/celluleflexible/ros_ws/install/commande_locale/lib/python3.12/site-packages:/home/user/celluleflexible_en_cours_ROS2/celluleflexible/ros_ws/install/aiguillages/lib/python3.12/site-packages:/opt/ros/jazzy/lib/python3.12/site-packages', 'COLCON': '1', 'MEMORY_PRESSURE_WRITE': 'c29tZSAyMDAwMDAgMjAwMDAwMAA=', 'VTE_VERSION': '7600', 'CMAKE_PREFIX_PATH': '/home/user/celluleflexible_en_cours_ROS2/celluleflexible/ros_ws/install/robots:/home/user/celluleflexible_en_cours_ROS2/celluleflexible/ros_ws/install/shuttles:/home/user/celluleflexible_en_cours_ROS2/celluleflexible/ros_ws/install/commande_locale:/home/user/celluleflexible_en_cours_ROS2/celluleflexible/ros_ws/install/aiguillages:/opt/ros/jazzy/opt/gz_math_vendor:/opt/ros/jazzy/opt/gz_utils_vendor:/opt/ros/jazzy/opt/gz_cmake_vendor:/opt/ros/jazzy'}), 'shell': False}
[49.733033] (commande) StdoutLine: {'line': b'-- The C compiler identification is GNU 13.3.0\n'}
[49.738044] (-) TimerEvent: {}
[49.778154] (commande) StdoutLine: {'line': b'-- The CXX compiler identification is GNU 13.3.0\n'}
[49.795202] (commande) StdoutLine: {'line': b'-- Detecting C compiler ABI info\n'}
[49.840310] (-) TimerEvent: {}
[49.875389] (commande) StdoutLine: {'line': b'-- Detecting C compiler ABI info - done\n'}
[49.881729] (commande) StdoutLine: {'line': b'-- Check for working C compiler: /usr/bin/cc - skipped\n'}
[49.881963] (commande) StdoutLine: {'line': b'-- Detecting C compile features\n'}
[49.882241] (commande) StdoutLine: {'line': b'-- Detecting C compile features - done\n'}
[49.891845] (commande) StdoutLine: {'line': b'-- Detecting CXX compiler ABI info\n'}
[49.941037] (-) TimerEvent: {}
[49.981161] (commande) StdoutLine: {'line': b'-- Detecting CXX compiler ABI info - done\n'}
[49.986236] (commande) StdoutLine: {'line': b'-- Check for working CXX compiler: /usr/bin/c++ - skipped\n'}
[49.986311] (commande) StdoutLine: {'line': b'-- Detecting CXX compile features\n'}
[49.986525] (commande) StdoutLine: {'line': b'-- Detecting CXX compile features - done\n'}
[49.988652] (commande) StdoutLine: {'line': b'-- Found ament_cmake: 2.5.5 (/opt/ros/jazzy/share/ament_cmake/cmake)\n'}
[50.043977] (-) TimerEvent: {}
[50.092181] (commande) StdoutLine: {'line': b'-- Found Python3: /usr/bin/python3 (found version "3.12.3") found components: Interpreter \n'}
[50.149037] (commande) StdoutLine: {'line': b'-- Found rclcpp: 28.1.16 (/opt/ros/jazzy/share/rclcpp/cmake)\n'}
[50.149179] (-) TimerEvent: {}
[50.171081] (commande) StdoutLine: {'line': b'-- Found rosidl_generator_c: 4.6.7 (/opt/ros/jazzy/share/rosidl_generator_c/cmake)\n'}
[50.177538] (commande) StdoutLine: {'line': b'-- Found rosidl_generator_cpp: 4.6.7 (/opt/ros/jazzy/share/rosidl_generator_cpp/cmake)\n'}
[50.185682] (commande) StdoutLine: {'line': b'-- Using all available rosidl_typesupport_c: rosidl_typesupport_fastrtps_c;rosidl_typesupport_introspection_c\n'}
[50.194150] (commande) StdoutLine: {'line': b'-- Using all available rosidl_typesupport_cpp: rosidl_typesupport_fastrtps_cpp;rosidl_typesupport_introspection_cpp\n'}
[50.232429] (commande) StdoutLine: {'line': b'-- Found rmw_implementation_cmake: 7.3.3 (/opt/ros/jazzy/share/rmw_implementation_cmake/cmake)\n'}
[50.234034] (commande) StdoutLine: {'line': b'-- Found rmw_fastrtps_cpp: 8.4.3 (/opt/ros/jazzy/share/rmw_fastrtps_cpp/cmake)\n'}
[50.255733] (-) TimerEvent: {}
[50.320991] (commande) StdoutLine: {'line': b'-- Found OpenSSL: /usr/lib/x86_64-linux-gnu/libcrypto.so (found version "3.0.13")  \n'}
[50.330307] (commande) StdoutLine: {'line': b'-- Found FastRTPS: /opt/ros/jazzy/include (Required is at least version "2.13") \n'}
[50.351652] (commande) StdoutLine: {'line': b"-- Using RMW implementation 'rmw_fastrtps_cpp' as default\n"}
[50.384291] (commande) StdoutLine: {'line': b'-- Found std_msgs: 5.3.6 (/opt/ros/jazzy/share/std_msgs/cmake)\n'}
[50.384404] (-) TimerEvent: {}
[50.394537] (commande) StdoutLine: {'line': b'-- Found robots: 3.1.2 (/home/user/celluleflexible_en_cours_ROS2/celluleflexible/ros_ws/install/robots/share/robots/cmake)\n'}
[50.403686] (commande) StdoutLine: {'line': b'-- Found commande_locale: 3.1.2 (/home/user/celluleflexible_en_cours_ROS2/celluleflexible/ros_ws/install/commande_locale/share/commande_locale/cmake)\n'}
[50.414556] (commande) StdoutLine: {'line': b'-- Found shuttles: 0.0.0 (/home/user/celluleflexible_en_cours_ROS2/celluleflexible/ros_ws/install/shuttles/share/shuttles/cmake)\n'}
[50.439189] (commande) StdoutLine: {'line': b'-- Found OpenCV: /usr (found version "4.6.0") \n'}
[50.492689] (commande) StdoutLine: {'line': b'-- Configuring done (0.8s)\n'}
[50.492911] (-) TimerEvent: {}
[50.505541] (commande) StdoutLine: {'line': b'-- Generating done (0.0s)\n'}
[50.508194] (commande) StdoutLine: {'line': b'-- Build files have been written to: /home/user/celluleflexible_en_cours_ROS2/celluleflexible/ros_ws/build/commande\n'}
[50.516952] (commande) CommandEnded: {'returncode': 0}
[50.517181] (commande) JobProgress: {'identifier': 'commande', 'progress': 'build'}
[50.517209] (commande) Command: {'cmd': ['/usr/bin/cmake', '--build', '/home/user/celluleflexible_en_cours_ROS2/celluleflexible/ros_ws/build/commande', '--', '-j8', '-l8'], 'cwd': '/home/user/celluleflexible_en_cours_ROS2/celluleflexible/ros_ws/build/commande', 'env': OrderedDict({'LESSOPEN': '| /usr/bin/lesspipe %s', 'USER': 'user', 'XDG_SESSION_TYPE': 'wayland', 'SHLVL': '1', 'LD_LIBRARY_PATH': '/home/user/celluleflexible_en_cours_ROS2/celluleflexible/ros_ws/install/robots/lib:/home/user/celluleflexible_en_cours_ROS2/celluleflexible/ros_ws/install/shuttles/lib:/home/user/celluleflexible_en_cours_ROS2/celluleflexible/ros_ws/install/commande_locale/lib:/home/user/celluleflexible_en_cours_ROS2/celluleflexible/ros_ws/install/aiguillages/lib:/opt/ros/jazzy/opt/rviz_ogre_vendor/lib:/opt/ros/jazzy/lib/x86_64-linux-gnu:/opt/ros/jazzy/opt/gz_math_vendor/lib:/opt/ros/jazzy/opt/gz_utils_vendor/lib:/opt/ros/jazzy/opt/gz_cmake_vendor/lib:/opt/ros/jazzy/lib', 'HOME': '/home/user', 'DESKTOP_SESSION': 'ubuntu', 'ROS_PYTHON_VERSION': '3', 'GNOME_SHELL_SESSION_MODE': 'ubuntu', 'GTK_MODULES': 'gail:atk-bridge', 'DBUS_STARTER_BUS_TYPE': 'session', 'SYSTEMD_EXEC_PID': '2225', 'GSM_SKIP_SSH_AGENT_WORKAROUND': 'true', 'DBUS_SESSION_BUS_ADDRESS': 'unix:path=/run/user/1000/bus,guid=f75c24bd1d3f9e0a6c32f4fd699c0ca3', 'COLORTERM': 'truecolor', 'DEBUGINFOD_URLS': 'https://debuginfod.ubuntu.com', 'IM_CONFIG_PHASE': '1', 'WAYLAND_DISPLAY': 'wayland-0', 'ROS_DISTRO': 'jazzy', 'LOGNAME': 'user', '_': '/usr/bin/colcon', 'ROS_VERSION': '2', 'MEMORY_PRESSURE_WATCH': '/sys/fs/cgroup/user.slice/user-1000.slice/user@1000.service/app.slice/app-gnome\\x2dsession\\x2dmanager.slice/gnome-session-manager@ubuntu.service/memory.pressure', 'XDG_SESSION_CLASS': 'user', 'USERNAME': 'user', 'TERM': 'xterm-256color', 'GNOME_DESKTOP_SESSION_ID': 'this-is-deprecated', 'PATH': '/opt/ros/jazzy/bin:/usr/local/sbin:/usr/local/bin:/usr/sbin:/usr/bin:/sbin:/bin:/usr/games:/usr/local/games:/snap/bin:/snap/bin', 'SESSION_MANAGER': 'local/Ubuntu:@/tmp/.ICE-unix/2225,unix/Ubuntu:/tmp/.ICE-unix/2225', 'XDG_MENU_PREFIX': 'gnome-', 'GNOME_TERMINAL_SCREEN': '/org/gnome/Terminal/screen/fd7d161f_b0cd_4c91_9d8b_6a28dde0713a', 'GNOME_SETUP_DISPLAY': ':1', 'XDG_RUNTIME_DIR': '/run/user/1000', 'DISPLAY': ':0', 'LANG': 'en_US.UTF-8', 'XDG_CURRENT_DESKTOP': 'ubuntu:GNOME', 'XMODIFIERS': '@im=ibus', 'XDG_SESSION_DESKTOP': 'ubuntu', 'XAUTHORITY': '/run/user/1000/.mutter-Xwaylandauth.5JJ1K3', 'LS_COLORS': 'rs=0:di=01;34:ln=01;36:mh=00:pi=40;33:so=01;35:do=01;35:bd=40;33;01:cd=40;33;01:or=40;31;01:mi=00:su=37;41:sg=30;43:ca=00:tw=30;42:ow=34;42:st=37;44:ex=01;32:*.tar=01;31:*.tgz=01;31:*.arc=01;31:*.arj=01;31:*.taz=01;31:*.lha=01;31:*.lz4=01;31:*.lzh=01;31:*.lzma=01;31:*.tlz=01;31:*.txz=01;31:*.tzo=01;31:*.t7z=01;31:*.zip=01;31:*.z=01;31:*.dz=01;31:*.gz=01;31:*.lrz=01;31:*.lz=01;31:*.lzo=01;31:*.xz=01;31:*.zst=01;31:*.tzst=01;31:*.bz2=01;31:*.bz=01;31:*.tbz=01;31:*.tbz2=01;31:*.tz=01;31:*.deb=01;31:*.rpm=01;31:*.jar=01;31:*.war=01;31:*.ear=01;31:*.sar=01;31:*.rar=01;31:*.alz=01;31:*.ace=01;31:*.zoo=01;31:*.cpio=01;31:*.7z=01;31:*.rz=01;31:*.cab=01;31:*.wim=01;31:*.swm=01;31:*.dwm=01;31:*.esd=01;31:*.avif=01;35:*.jpg=01;35:*.jpeg=01;35:*.mjpg=01;35:*.mjpeg=01;35:*.gif=01;35:*.bmp=01;35:*.pbm=01;35:*.pgm=01;35:*.ppm=01;35:*.tga=01;35:*.xbm=01;35:*.xpm=01;35:*.tif=01;35:*.tiff=01;35:*.png=01;35:*.svg=01;35:*.svgz=01;35:*.mng=01;35:*.pcx=01;35:*.mov=01;35:*.mpg=01;35:*.mpeg=01;35:*.m2v=01;35:*.mkv=01;35:*.webm=01;35:*.webp=01;35:*.ogm=01;35:*.mp4=01;35:*.m4v=01;35:*.mp4v=01;35:*.vob=01;35:*.qt=01;35:*.nuv=01;35:*.wmv=01;35:*.asf=01;35:*.rm=01;35:*.rmvb=01;35:*.flc=01;35:*.avi=01;35:*.fli=01;35:*.flv=01;35:*.gl=01;35:*.dl=01;35:*.xcf=01;35:*.xwd=01;35:*.yuv=01;35:*.cgm=01;35:*.emf=01;35:*.ogv=01;35:*.ogx=01;35:*.aac=00;36:*.au=00;36:*.flac=00;36:*.m4a=00;36:*.mid=00;36:*.midi=00;36:*.mka=00;36:*.mp3=00;36:*.mpc=00;36:*.ogg=00;36:*.ra=00;36:*.wav=00;36:*.oga=00;36:*.opus=00;36:*.spx=00;36:*.xspf=00;36:*~=00;90:*#=00;90:*.bak=00;90:*.crdownload=00;90:*.dpkg-dist=00;90:*.dpkg-new=00;90:*.dpkg-old=00;90:*.dpkg-tmp=00;90:*.old=00;90:*.orig=00;90:*.part=00;90:*.rej=00;90:*.rpmnew=00;90:*.rpmorig=00;90:*.rpmsave=00;90:*.swp=00;90:*.tmp=00;90:*.ucf-dist=00;90:*.ucf-new=00;90:*.ucf-old=00;90:', 'GNOME_TERMINAL_SERVICE': ':1.1258', 'SSH_AUTH_SOCK': '/run/user/1000/keyring/ssh', 'AMENT_PREFIX_PATH': '/home/user/celluleflexible_en_cours_ROS2/celluleflexible/ros_ws/install/robots:/home/user/celluleflexible_en_cours_ROS2/celluleflexible/ros_ws/install/shuttles:/home/user/celluleflexible_en_cours_ROS2/celluleflexible/ros_ws/install/commande_locale:/home/user/celluleflexible_en_cours_ROS2/celluleflexible/ros_ws/install/aiguillages:/opt/ros/jazzy', 'SHELL': '/bin/bash', 'QT_ACCESSIBILITY': '1', 'GDMSESSION': 'ubuntu', 'LESSCLOSE': '/usr/bin/lesspipe %s %s', 'ROS_AUTOMATIC_DISCOVERY_RANGE': 'SUBNET', 'QT_IM_MODULE': 'ibus', 'PWD': '/home/user/celluleflexible_en_cours_ROS2/celluleflexible/ros_ws/build/commande', 'LC_ALL': 'en_US.UTF-8', 'XDG_CONFIG_DIRS': '/etc/xdg/xdg-ubuntu:/etc/xdg', 'DBUS_STARTER_ADDRESS': 'unix:path=/run/user/1000/bus,guid=f75c24bd1d3f9e0a6c32f4fd699c0ca3', 'XDG_DATA_DIRS': '/usr/share/ubuntu:/usr/share/gnome:/usr/local/share/:/usr/share/:/var/lib/snapd/desktop', 'PYTHONPATH': '/home/user/celluleflexible_en_cours_ROS2/celluleflexible/ros_ws/install/robots/lib/python3.12/site-packages:/home/user/celluleflexible_en_cours_ROS2/celluleflexible/ros_ws/install/shuttles/lib/python3.12/site-packages:/home/user/celluleflexible_en_cours_ROS2/celluleflexible/ros_ws/install/commande_locale/lib/python3.12/site-packages:/home/user/celluleflexible_en_cours_ROS2/celluleflexible/ros_ws/install/aiguillages/lib/python3.12/site-packages:/opt/ros/jazzy/lib/python3.12/site-packages', 'COLCON': '1', 'MEMORY_PRESSURE_WRITE': 'c29tZSAyMDAwMDAgMjAwMDAwMAA=', 'VTE_VERSION': '7600', 'CMAKE_PREFIX_PATH': '/home/user/celluleflexible_en_cours_ROS2/celluleflexible/ros_ws/install/robots:/home/user/celluleflexible_en_cours_ROS2/celluleflexible/ros_ws/install/shuttles:/home/user/celluleflexible_en_cours_ROS2/celluleflexible/ros_ws/install/commande_locale:/home/user/celluleflexible_en_cours_ROS2/celluleflexible/ros_ws/install/aiguillages:/opt/ros/jazzy/opt/gz_math_vendor:/opt/ros/jazzy/opt/gz_utils_vendor:/opt/ros/jazzy/opt/gz_cmake_vendor:/opt/ros/jazzy'}), 'shell': False}
[50.569651] (commande) StdoutLine: {'line': b'[ 12%] \x1b[32mBuilding CXX object CMakeFiles/run.dir/src/commande.cpp.o\x1b[0m\n'}
[50.569799] (commande) StdoutLine: {'line': b'[ 25%] \x1b[32mBuilding CXX object CMakeFiles/run.dir/src/actionneurs.cpp.o\x1b[0m\n'}
[50.569931] (commande) StdoutLine: {'line': b'[ 37%] \x1b[32mBuilding CXX object CMakeFiles/run.dir/src/capteurs.cpp.o\x1b[0m\n'}
[50.569962] (commande) StdoutLine: {'line': b'[ 50%] \x1b[32mBuilding CXX object CMakeFiles/run.dir/src/RobotsInterface.cpp.o\x1b[0m\n'}
[50.569990] (commande) StdoutLine: {'line': b'[ 62%] \x1b[32mBuilding CXX object CMakeFiles/run.dir/src/main_commande.cpp.o\x1b[0m\n'}
[50.570016] (commande) StdoutLine: {'line': b'[ 75%] \x1b[32mBuilding CXX object CMakeFiles/run.dir/src/communication_baxter.cpp.o\x1b[0m\n'}
[50.574733] (commande) StdoutLine: {'line': b'[ 87%] \x1b[32mBuilding CXX object CMakeFiles/run.dir/src/AigsInterface.cpp.o\x1b[0m\n'}
[50.599853] (-) TimerEvent: {}
[51.625788] (-) TimerEvent: {}
[52.262978] (-) TimerEvent: {}
[53.609447] (-) TimerEvent: {}
[53.711077] (-) TimerEvent: {}
[53.811961] (-) TimerEvent: {}
[53.912418] (-) TimerEvent: {}
[54.012995] (-) TimerEvent: {}
[54.114014] (-) TimerEvent: {}
[54.219996] (-) TimerEvent: {}
[54.322189] (-) TimerEvent: {}
[54.433388] (-) TimerEvent: {}
[54.535121] (-) TimerEvent: {}
[54.639010] (-) TimerEvent: {}
[54.762139] (-) TimerEvent: {}
[54.877258] (-) TimerEvent: {}
[54.979022] (-) TimerEvent: {}
[55.081536] (-) TimerEvent: {}
[55.182278] (-) TimerEvent: {}
[55.283728] (-) TimerEvent: {}
[55.388200] (-) TimerEvent: {}
[55.489125] (-) TimerEvent: {}
[55.592754] (-) TimerEvent: {}
[55.694157] (-) TimerEvent: {}
[55.897262] (-) TimerEvent: {}
[56.159087] (-) TimerEvent: {}
[56.261772] (-) TimerEvent: {}
[56.363047] (-) TimerEvent: {}
[56.463992] (-) TimerEvent: {}
[56.566514] (-) TimerEvent: {}
[56.667928] (-) TimerEvent: {}
[56.772632] (-) TimerEvent: {}
[56.875029] (-) TimerEvent: {}
[56.979842] (-) TimerEvent: {}
[57.083299] (-) TimerEvent: {}
[57.186759] (-) TimerEvent: {}
[57.289522] (-) TimerEvent: {}
[57.390682] (-) TimerEvent: {}
[57.491995] (-) TimerEvent: {}
[57.594417] (-) TimerEvent: {}
[57.698959] (-) TimerEvent: {}
[57.801540] (-) TimerEvent: {}
[57.905938] (-) TimerEvent: {}
[58.008629] (-) TimerEvent: {}
[58.110206] (-) TimerEvent: {}
[58.212757] (-) TimerEvent: {}
[58.315154] (-) TimerEvent: {}
[58.418348] (-) TimerEvent: {}
[58.520969] (-) TimerEvent: {}
[58.636698] (-) TimerEvent: {}
[58.737136] (-) TimerEvent: {}
[58.839246] (-) TimerEvent: {}
[59.224343] (-) TimerEvent: {}
[59.324155] (commande) StdoutLine: {'line': b'[100%] \x1b[32m\x1b[1mLinking CXX executable run\x1b[0m\n'}
[59.324347] (-) TimerEvent: {}
[59.502542] (-) TimerEvent: {}
[59.702655] (-) TimerEvent: {}
[59.805439] (-) TimerEvent: {}
[60.054123] (-) TimerEvent: {}
[60.101065] (commande) StdoutLine: {'line': b'[100%] Built target run\n'}
[60.110322] (commande) CommandEnded: {'returncode': 0}
[60.110542] (commande) JobProgress: {'identifier': 'commande', 'progress': 'install'}
[60.110554] (commande) Command: {'cmd': ['/usr/bin/cmake', '--install', '/home/user/celluleflexible_en_cours_ROS2/celluleflexible/ros_ws/build/commande'], 'cwd': '/home/user/celluleflexible_en_cours_ROS2/celluleflexible/ros_ws/build/commande', 'env': OrderedDict({'LESSOPEN': '| /usr/bin/lesspipe %s', 'USER': 'user', 'XDG_SESSION_TYPE': 'wayland', 'SHLVL': '1', 'LD_LIBRARY_PATH': '/home/user/celluleflexible_en_cours_ROS2/celluleflexible/ros_ws/install/robots/lib:/home/user/celluleflexible_en_cours_ROS2/celluleflexible/ros_ws/install/shuttles/lib:/home/user/celluleflexible_en_cours_ROS2/celluleflexible/ros_ws/install/commande_locale/lib:/home/user/celluleflexible_en_cours_ROS2/celluleflexible/ros_ws/install/aiguillages/lib:/opt/ros/jazzy/opt/rviz_ogre_vendor/lib:/opt/ros/jazzy/lib/x86_64-linux-gnu:/opt/ros/jazzy/opt/gz_math_vendor/lib:/opt/ros/jazzy/opt/gz_utils_vendor/lib:/opt/ros/jazzy/opt/gz_cmake_vendor/lib:/opt/ros/jazzy/lib', 'HOME': '/home/user', 'DESKTOP_SESSION': 'ubuntu', 'ROS_PYTHON_VERSION': '3', 'GNOME_SHELL_SESSION_MODE': 'ubuntu', 'GTK_MODULES': 'gail:atk-bridge', 'DBUS_STARTER_BUS_TYPE': 'session', 'SYSTEMD_EXEC_PID': '2225', 'GSM_SKIP_SSH_AGENT_WORKAROUND': 'true', 'DBUS_SESSION_BUS_ADDRESS': 'unix:path=/run/user/1000/bus,guid=f75c24bd1d3f9e0a6c32f4fd699c0ca3', 'COLORTERM': 'truecolor', 'DEBUGINFOD_URLS': 'https://debuginfod.ubuntu.com', 'IM_CONFIG_PHASE': '1', 'WAYLAND_DISPLAY': 'wayland-0', 'ROS_DISTRO': 'jazzy', 'LOGNAME': 'user', '_': '/usr/bin/colcon', 'ROS_VERSION': '2', 'MEMORY_PRESSURE_WATCH': '/sys/fs/cgroup/user.slice/user-1000.slice/user@1000.service/app.slice/app-gnome\\x2dsession\\x2dmanager.slice/gnome-session-manager@ubuntu.service/memory.pressure', 'XDG_SESSION_CLASS': 'user', 'USERNAME': 'user', 'TERM': 'xterm-256color', 'GNOME_DESKTOP_SESSION_ID': 'this-is-deprecated', 'PATH': '/opt/ros/jazzy/bin:/usr/local/sbin:/usr/local/bin:/usr/sbin:/usr/bin:/sbin:/bin:/usr/games:/usr/local/games:/snap/bin:/snap/bin', 'SESSION_MANAGER': 'local/Ubuntu:@/tmp/.ICE-unix/2225,unix/Ubuntu:/tmp/.ICE-unix/2225', 'XDG_MENU_PREFIX': 'gnome-', 'GNOME_TERMINAL_SCREEN': '/org/gnome/Terminal/screen/fd7d161f_b0cd_4c91_9d8b_6a28dde0713a', 'GNOME_SETUP_DISPLAY': ':1', 'XDG_RUNTIME_DIR': '/run/user/1000', 'DISPLAY': ':0', 'LANG': 'en_US.UTF-8', 'XDG_CURRENT_DESKTOP': 'ubuntu:GNOME', 'XMODIFIERS': '@im=ibus', 'XDG_SESSION_DESKTOP': 'ubuntu', 'XAUTHORITY': '/run/user/1000/.mutter-Xwaylandauth.5JJ1K3', 'LS_COLORS': 'rs=0:di=01;34:ln=01;36:mh=00:pi=40;33:so=01;35:do=01;35:bd=40;33;01:cd=40;33;01:or=40;31;01:mi=00:su=37;41:sg=30;43:ca=00:tw=30;42:ow=34;42:st=37;44:ex=01;32:*.tar=01;31:*.tgz=01;31:*.arc=01;31:*.arj=01;31:*.taz=01;31:*.lha=01;31:*.lz4=01;31:*.lzh=01;31:*.lzma=01;31:*.tlz=01;31:*.txz=01;31:*.tzo=01;31:*.t7z=01;31:*.zip=01;31:*.z=01;31:*.dz=01;31:*.gz=01;31:*.lrz=01;31:*.lz=01;31:*.lzo=01;31:*.xz=01;31:*.zst=01;31:*.tzst=01;31:*.bz2=01;31:*.bz=01;31:*.tbz=01;31:*.tbz2=01;31:*.tz=01;31:*.deb=01;31:*.rpm=01;31:*.jar=01;31:*.war=01;31:*.ear=01;31:*.sar=01;31:*.rar=01;31:*.alz=01;31:*.ace=01;31:*.zoo=01;31:*.cpio=01;31:*.7z=01;31:*.rz=01;31:*.cab=01;31:*.wim=01;31:*.swm=01;31:*.dwm=01;31:*.esd=01;31:*.avif=01;35:*.jpg=01;35:*.jpeg=01;35:*.mjpg=01;35:*.mjpeg=01;35:*.gif=01;35:*.bmp=01;35:*.pbm=01;35:*.pgm=01;35:*.ppm=01;35:*.tga=01;35:*.xbm=01;35:*.xpm=01;35:*.tif=01;35:*.tiff=01;35:*.png=01;35:*.svg=01;35:*.svgz=01;35:*.mng=01;35:*.pcx=01;35:*.mov=01;35:*.mpg=01;35:*.mpeg=01;35:*.m2v=01;35:*.mkv=01;35:*.webm=01;35:*.webp=01;35:*.ogm=01;35:*.mp4=01;35:*.m4v=01;35:*.mp4v=01;35:*.vob=01;35:*.qt=01;35:*.nuv=01;35:*.wmv=01;35:*.asf=01;35:*.rm=01;35:*.rmvb=01;35:*.flc=01;35:*.avi=01;35:*.fli=01;35:*.flv=01;35:*.gl=01;35:*.dl=01;35:*.xcf=01;35:*.xwd=01;35:*.yuv=01;35:*.cgm=01;35:*.emf=01;35:*.ogv=01;35:*.ogx=01;35:*.aac=00;36:*.au=00;36:*.flac=00;36:*.m4a=00;36:*.mid=00;36:*.midi=00;36:*.mka=00;36:*.mp3=00;36:*.mpc=00;36:*.ogg=00;36:*.ra=00;36:*.wav=00;36:*.oga=00;36:*.opus=00;36:*.spx=00;36:*.xspf=00;36:*~=00;90:*#=00;90:*.bak=00;90:*.crdownload=00;90:*.dpkg-dist=00;90:*.dpkg-new=00;90:*.dpkg-old=00;90:*.dpkg-tmp=00;90:*.old=00;90:*.orig=00;90:*.part=00;90:*.rej=00;90:*.rpmnew=00;90:*.rpmorig=00;90:*.rpmsave=00;90:*.swp=00;90:*.tmp=00;90:*.ucf-dist=00;90:*.ucf-new=00;90:*.ucf-old=00;90:', 'GNOME_TERMINAL_SERVICE': ':1.1258', 'SSH_AUTH_SOCK': '/run/user/1000/keyring/ssh', 'AMENT_PREFIX_PATH': '/home/user/celluleflexible_en_cours_ROS2/celluleflexible/ros_ws/install/robots:/home/user/celluleflexible_en_cours_ROS2/celluleflexible/ros_ws/install/shuttles:/home/user/celluleflexible_en_cours_ROS2/celluleflexible/ros_ws/install/commande_locale:/home/user/celluleflexible_en_cours_ROS2/celluleflexible/ros_ws/install/aiguillages:/opt/ros/jazzy', 'SHELL': '/bin/bash', 'QT_ACCESSIBILITY': '1', 'GDMSESSION': 'ubuntu', 'LESSCLOSE': '/usr/bin/lesspipe %s %s', 'ROS_AUTOMATIC_DISCOVERY_RANGE': 'SUBNET', 'QT_IM_MODULE': 'ibus', 'PWD': '/home/user/celluleflexible_en_cours_ROS2/celluleflexible/ros_ws/build/commande', 'LC_ALL': 'en_US.UTF-8', 'XDG_CONFIG_DIRS': '/etc/xdg/xdg-ubuntu:/etc/xdg', 'DBUS_STARTER_ADDRESS': 'unix:path=/run/user/1000/bus,guid=f75c24bd1d3f9e0a6c32f4fd699c0ca3', 'XDG_DATA_DIRS': '/usr/share/ubuntu:/usr/share/gnome:/usr/local/share/:/usr/share/:/var/lib/snapd/desktop', 'PYTHONPATH': '/home/user/celluleflexible_en_cours_ROS2/celluleflexible/ros_ws/install/robots/lib/python3.12/site-packages:/home/user/celluleflexible_en_cours_ROS2/celluleflexible/ros_ws/install/shuttles/lib/python3.12/site-packages:/home/user/celluleflexible_en_cours_ROS2/celluleflexible/ros_ws/install/commande_locale/lib/python3.12/site-packages:/home/user/celluleflexible_en_cours_ROS2/celluleflexible/ros_ws/install/aiguillages/lib/python3.12/site-packages:/opt/ros/jazzy/lib/python3.12/site-packages', 'COLCON': '1', 'MEMORY_PRESSURE_WRITE': 'c29tZSAyMDAwMDAgMjAwMDAwMAA=', 'VTE_VERSION': '7600', 'CMAKE_PREFIX_PATH': '/home/user/celluleflexible_en_cours_ROS2/celluleflexible/ros_ws/install/robots:/home/user/celluleflexible_en_cours_ROS2/celluleflexible/ros_ws/install/shuttles:/home/user/celluleflexible_en_cours_ROS2/celluleflexible/ros_ws/install/commande_locale:/home/user/celluleflexible_en_cours_ROS2/celluleflexible/ros_ws/install/aiguillages:/opt/ros/jazzy/opt/gz_math_vendor:/opt/ros/jazzy/opt/gz_utils_vendor:/opt/ros/jazzy/opt/gz_cmake_vendor:/opt/ros/jazzy'}), 'shell': False}
[60.127925] (commande) StdoutLine: {'line': b'-- Install configuration: ""\n'}
[60.128097] (commande) StdoutLine: {'line': b'-- Installing: /home/user/celluleflexible_en_cours_ROS2/celluleflexible/ros_ws/install/commande/lib/commande/run\n'}
[60.128169] (commande) StdoutLine: {'line': b'-- Set non-toolchain portion of runtime path of "/home/user/celluleflexible_en_cours_ROS2/celluleflexible/ros_ws/install/commande/lib/commande/run" to ""\n'}
[60.128254] (commande) StdoutLine: {'line': b'-- Installing: /home/user/celluleflexible_en_cours_ROS2/celluleflexible/ros_ws/install/commande/share/ament_index/resource_index/package_run_dependencies/commande\n'}
[60.128320] (commande) StdoutLine: {'line': b'-- Installing: /home/user/celluleflexible_en_cours_ROS2/celluleflexible/ros_ws/install/commande/share/ament_index/resource_index/parent_prefix_path/commande\n'}
[60.128403] (commande) StdoutLine: {'line': b'-- Installing: /home/user/celluleflexible_en_cours_ROS2/celluleflexible/ros_ws/install/commande/share/commande/environment/ament_prefix_path.sh\n'}
[60.128468] (commande) StdoutLine: {'line': b'-- Installing: /home/user/celluleflexible_en_cours_ROS2/celluleflexible/ros_ws/install/commande/share/commande/environment/ament_prefix_path.dsv\n'}
[60.129249] (commande) StdoutLine: {'line': b'-- Installing: /home/user/celluleflexible_en_cours_ROS2/celluleflexible/ros_ws/install/commande/share/commande/environment/path.sh\n'}
[60.129318] (commande) StdoutLine: {'line': b'-- Installing: /home/user/celluleflexible_en_cours_ROS2/celluleflexible/ros_ws/install/commande/share/commande/environment/path.dsv\n'}
[60.129382] (commande) StdoutLine: {'line': b'-- Installing: /home/user/celluleflexible_en_cours_ROS2/celluleflexible/ros_ws/install/commande/share/commande/local_setup.bash\n'}
[60.129453] (commande) StdoutLine: {'line': b'-- Installing: /home/user/celluleflexible_en_cours_ROS2/celluleflexible/ros_ws/install/commande/share/commande/local_setup.sh\n'}
[60.129537] (commande) StdoutLine: {'line': b'-- Installing: /home/user/celluleflexible_en_cours_ROS2/celluleflexible/ros_ws/install/commande/share/commande/local_setup.zsh\n'}
[60.129603] (commande) StdoutLine: {'line': b'-- Installing: /home/user/celluleflexible_en_cours_ROS2/celluleflexible/ros_ws/install/commande/share/commande/local_setup.dsv\n'}
[60.129685] (commande) StdoutLine: {'line': b'-- Installing: /home/user/celluleflexible_en_cours_ROS2/celluleflexible/ros_ws/install/commande/share/commande/package.dsv\n'}
[60.129747] (commande) StdoutLine: {'line': b'-- Installing: /home/user/celluleflexible_en_cours_ROS2/celluleflexible/ros_ws/install/commande/share/ament_index/resource_index/packages/commande\n'}
[60.129809] (commande) StdoutLine: {'line': b'-- Installing: /home/user/celluleflexible_en_cours_ROS2/celluleflexible/ros_ws/install/commande/share/commande/cmake/commandeConfig.cmake\n'}
[60.129892] (commande) StdoutLine: {'line': b'-- Installing: /home/user/celluleflexible_en_cours_ROS2/celluleflexible/ros_ws/install/commande/share/commande/cmake/commandeConfig-version.cmake\n'}
[60.130032] (commande) StdoutLine: {'line': b'-- Installing: /home/user/celluleflexible_en_cours_ROS2/celluleflexible/ros_ws/install/commande/share/commande/package.xml\n'}
[60.130099] (commande) CommandEnded: {'returncode': 0}
[60.137290] (commande) JobEnded: {'identifier': 'commande', 'rc': 0}
[60.138473] (-) EventReactorShutdown: {}
