[0.056s] DEBUG:colcon:Command line arguments: ['/usr/bin/colcon', 'build']
[0.056s] DEBUG:colcon:Parsed command line arguments: Namespace(log_base=None, log_level=None, verb_name='build', build_base='build', install_base='install', merge_install=False, symlink_install=False, test_result_base=None, continue_on_error=False, executor='parallel', parallel_workers=8, event_handlers=None, ignore_user_meta=False, metas=['./colcon.meta'], base_paths=['.'], packages_ignore=None, packages_ignore_regex=None, paths=None, packages_up_to=None, packages_up_to_regex=None, packages_above=None, packages_above_and_dependencies=None, packages_above_depth=None, packages_select_by_dep=None, packages_skip_by_dep=None, packages_skip_up_to=None, packages_select_build_failed=False, packages_skip_build_finished=False, packages_select_test_failures=False, packages_skip_test_passed=False, packages_select=None, packages_skip=None, packages_select_regex=None, packages_skip_regex=None, packages_start=None, packages_end=None, allow_overriding=[], cmake_args=None, cmake_target=None, cmake_target_skip_unavailable=False, cmake_clean_cache=False, cmake_clean_first=False, cmake_force_configure=False, ament_cmake_args=None, catkin_cmake_args=None, catkin_skip_building_tests=False, mixin_files=None, mixin=None, verb_parser=<colcon_mixin.mixin.mixin_argument.MixinArgumentDecorator object at 0x7d234e64c9b0>, verb_extension=<colcon_core.verb.build.BuildVerb object at 0x7d234e7cd340>, main=<bound method BuildVerb.main of <colcon_core.verb.build.BuildVerb object at 0x7d234e7cd340>>, mixin_verb=('build',))
[0.079s] Level 1:colcon.colcon_core.package_discovery:discover_packages(colcon_meta) check parameters
[0.079s] Level 1:colcon.colcon_core.package_discovery:discover_packages(recursive) check parameters
[0.079s] Level 1:colcon.colcon_core.package_discovery:discover_packages(ignore) check parameters
[0.079s] Level 1:colcon.colcon_core.package_discovery:discover_packages(path) check parameters
[0.079s] Level 1:colcon.colcon_core.package_discovery:discover_packages(colcon_meta) discover
[0.079s] Level 1:colcon.colcon_core.package_discovery:discover_packages(recursive) discover
[0.079s] INFO:colcon.colcon_core.package_discovery:Crawling recursively for packages in '/home/user/celluleflexible_en_cours_ROS2/celluleflexible/ros_ws'
[0.079s] Level 1:colcon.colcon_core.package_identification:_identify(.) by extensions ['ignore', 'ignore_ament_install']
[0.080s] Level 1:colcon.colcon_core.package_identification:_identify(.) by extension 'ignore'
[0.080s] Level 1:colcon.colcon_core.package_identification:_identify(.) by extension 'ignore_ament_install'
[0.080s] Level 1:colcon.colcon_core.package_identification:_identify(.) by extensions ['colcon_pkg']
[0.080s] Level 1:colcon.colcon_core.package_identification:_identify(.) by extension 'colcon_pkg'
[0.080s] Level 1:colcon.colcon_core.package_identification:_identify(.) by extensions ['colcon_meta']
[0.080s] Level 1:colcon.colcon_core.package_identification:_identify(.) by extension 'colcon_meta'
[0.080s] Level 1:colcon.colcon_core.package_identification:_identify(.) by extensions ['ros']
[0.080s] Level 1:colcon.colcon_core.package_identification:_identify(.) by extension 'ros'
[0.094s] Level 1:colcon.colcon_core.package_identification:_identify(.) by extensions ['cmake', 'python']
[0.094s] Level 1:colcon.colcon_core.package_identification:_identify(.) by extension 'cmake'
[0.094s] Level 1:colcon.colcon_core.package_identification:_identify(.) by extension 'python'
[0.094s] Level 1:colcon.colcon_core.package_identification:_identify(.) by extensions ['python_setup_py']
[0.094s] Level 1:colcon.colcon_core.package_identification:_identify(.) by extension 'python_setup_py'
[0.094s] Level 1:colcon.colcon_core.package_identification:_identify(build) by extensions ['ignore', 'ignore_ament_install']
[0.094s] Level 1:colcon.colcon_core.package_identification:_identify(build) by extension 'ignore'
[0.094s] Level 1:colcon.colcon_core.package_identification:_identify(build) ignored
[0.094s] Level 1:colcon.colcon_core.package_identification:_identify(install) by extensions ['ignore', 'ignore_ament_install']
[0.094s] Level 1:colcon.colcon_core.package_identification:_identify(install) by extension 'ignore'
[0.095s] Level 1:colcon.colcon_core.package_identification:_identify(install) ignored
[0.095s] Level 1:colcon.colcon_core.package_identification:_identify(log) by extensions ['ignore', 'ignore_ament_install']
[0.095s] Level 1:colcon.colcon_core.package_identification:_identify(log) by extension 'ignore'
[0.095s] Level 1:colcon.colcon_core.package_identification:_identify(log) ignored
[0.095s] Level 1:colcon.colcon_core.package_identification:_identify(src) by extensions ['ignore', 'ignore_ament_install']
[0.095s] Level 1:colcon.colcon_core.package_identification:_identify(src) by extension 'ignore'
[0.095s] Level 1:colcon.colcon_core.package_identification:_identify(src) by extension 'ignore_ament_install'
[0.095s] Level 1:colcon.colcon_core.package_identification:_identify(src) by extensions ['colcon_pkg']
[0.095s] Level 1:colcon.colcon_core.package_identification:_identify(src) by extension 'colcon_pkg'
[0.095s] Level 1:colcon.colcon_core.package_identification:_identify(src) by extensions ['colcon_meta']
[0.095s] Level 1:colcon.colcon_core.package_identification:_identify(src) by extension 'colcon_meta'
[0.095s] Level 1:colcon.colcon_core.package_identification:_identify(src) by extensions ['ros']
[0.095s] Level 1:colcon.colcon_core.package_identification:_identify(src) by extension 'ros'
[0.095s] Level 1:colcon.colcon_core.package_identification:_identify(src) by extensions ['cmake', 'python']
[0.095s] Level 1:colcon.colcon_core.package_identification:_identify(src) by extension 'cmake'
[0.095s] Level 1:colcon.colcon_core.package_identification:_identify(src) by extension 'python'
[0.095s] Level 1:colcon.colcon_core.package_identification:_identify(src) by extensions ['python_setup_py']
[0.095s] Level 1:colcon.colcon_core.package_identification:_identify(src) by extension 'python_setup_py'
[0.095s] Level 1:colcon.colcon_core.package_identification:_identify(src/aiguillages) by extensions ['ignore', 'ignore_ament_install']
[0.095s] Level 1:colcon.colcon_core.package_identification:_identify(src/aiguillages) by extension 'ignore'
[0.095s] Level 1:colcon.colcon_core.package_identification:_identify(src/aiguillages) by extension 'ignore_ament_install'
[0.095s] Level 1:colcon.colcon_core.package_identification:_identify(src/aiguillages) by extensions ['colcon_pkg']
[0.095s] Level 1:colcon.colcon_core.package_identification:_identify(src/aiguillages) by extension 'colcon_pkg'
[0.095s] Level 1:colcon.colcon_core.package_identification:_identify(src/aiguillages) by extensions ['colcon_meta']
[0.095s] Level 1:colcon.colcon_core.package_identification:_identify(src/aiguillages) by extension 'colcon_meta'
[0.095s] Level 1:colcon.colcon_core.package_identification:_identify(src/aiguillages) by extensions ['ros']
[0.095s] Level 1:colcon.colcon_core.package_identification:_identify(src/aiguillages) by extension 'ros'
[0.097s] DEBUG:colcon.colcon_core.package_identification:Package 'src/aiguillages' with type 'ros.ament_cmake' and name 'aiguillages'
[0.097s] Level 1:colcon.colcon_core.package_identification:_identify(src/commande) by extensions ['ignore', 'ignore_ament_install']
[0.097s] Level 1:colcon.colcon_core.package_identification:_identify(src/commande) by extension 'ignore'
[0.097s] Level 1:colcon.colcon_core.package_identification:_identify(src/commande) by extension 'ignore_ament_install'
[0.097s] Level 1:colcon.colcon_core.package_identification:_identify(src/commande) by extensions ['colcon_pkg']
[0.097s] Level 1:colcon.colcon_core.package_identification:_identify(src/commande) by extension 'colcon_pkg'
[0.097s] Level 1:colcon.colcon_core.package_identification:_identify(src/commande) by extensions ['colcon_meta']
[0.097s] Level 1:colcon.colcon_core.package_identification:_identify(src/commande) by extension 'colcon_meta'
[0.097s] Level 1:colcon.colcon_core.package_identification:_identify(src/commande) by extensions ['ros']
[0.097s] Level 1:colcon.colcon_core.package_identification:_identify(src/commande) by extension 'ros'
[0.097s] DEBUG:colcon.colcon_core.package_identification:Package 'src/commande' with type 'ros.ament_cmake' and name 'commande'
[0.097s] Level 1:colcon.colcon_core.package_identification:_identify(src/commande_locale) by extensions ['ignore', 'ignore_ament_install']
[0.097s] Level 1:colcon.colcon_core.package_identification:_identify(src/commande_locale) by extension 'ignore'
[0.097s] Level 1:colcon.colcon_core.package_identification:_identify(src/commande_locale) by extension 'ignore_ament_install'
[0.097s] Level 1:colcon.colcon_core.package_identification:_identify(src/commande_locale) by extensions ['colcon_pkg']
[0.097s] Level 1:colcon.colcon_core.package_identification:_identify(src/commande_locale) by extension 'colcon_pkg'
[0.097s] Level 1:colcon.colcon_core.package_identification:_identify(src/commande_locale) by extensions ['colcon_meta']
[0.097s] Level 1:colcon.colcon_core.package_identification:_identify(src/commande_locale) by extension 'colcon_meta'
[0.097s] Level 1:colcon.colcon_core.package_identification:_identify(src/commande_locale) by extensions ['ros']
[0.098s] Level 1:colcon.colcon_core.package_identification:_identify(src/commande_locale) by extension 'ros'
[0.098s] DEBUG:colcon.colcon_core.package_identification:Package 'src/commande_locale' with type 'ros.ament_cmake' and name 'commande_locale'
[0.098s] Level 1:colcon.colcon_core.package_identification:_identify(src/launcher) by extensions ['ignore', 'ignore_ament_install']
[0.098s] Level 1:colcon.colcon_core.package_identification:_identify(src/launcher) by extension 'ignore'
[0.098s] Level 1:colcon.colcon_core.package_identification:_identify(src/launcher) by extension 'ignore_ament_install'
[0.098s] Level 1:colcon.colcon_core.package_identification:_identify(src/launcher) by extensions ['colcon_pkg']
[0.098s] Level 1:colcon.colcon_core.package_identification:_identify(src/launcher) by extension 'colcon_pkg'
[0.098s] Level 1:colcon.colcon_core.package_identification:_identify(src/launcher) by extensions ['colcon_meta']
[0.098s] Level 1:colcon.colcon_core.package_identification:_identify(src/launcher) by extension 'colcon_meta'
[0.098s] Level 1:colcon.colcon_core.package_identification:_identify(src/launcher) by extensions ['ros']
[0.098s] Level 1:colcon.colcon_core.package_identification:_identify(src/launcher) by extension 'ros'
[0.098s] DEBUG:colcon.colcon_core.package_identification:Package 'src/launcher' with type 'ros.ament_cmake' and name 'launcher'
[0.098s] Level 1:colcon.colcon_core.package_identification:_identify(src/robots) by extensions ['ignore', 'ignore_ament_install']
[0.098s] Level 1:colcon.colcon_core.package_identification:_identify(src/robots) by extension 'ignore'
[0.099s] Level 1:colcon.colcon_core.package_identification:_identify(src/robots) by extension 'ignore_ament_install'
[0.099s] Level 1:colcon.colcon_core.package_identification:_identify(src/robots) by extensions ['colcon_pkg']
[0.099s] Level 1:colcon.colcon_core.package_identification:_identify(src/robots) by extension 'colcon_pkg'
[0.099s] Level 1:colcon.colcon_core.package_identification:_identify(src/robots) by extensions ['colcon_meta']
[0.099s] Level 1:colcon.colcon_core.package_identification:_identify(src/robots) by extension 'colcon_meta'
[0.099s] Level 1:colcon.colcon_core.package_identification:_identify(src/robots) by extensions ['ros']
[0.099s] Level 1:colcon.colcon_core.package_identification:_identify(src/robots) by extension 'ros'
[0.099s] DEBUG:colcon.colcon_core.package_identification:Package 'src/robots' with type 'ros.ament_cmake' and name 'robots'
[0.099s] Level 1:colcon.colcon_core.package_identification:_identify(src/shuttles) by extensions ['ignore', 'ignore_ament_install']
[0.099s] Level 1:colcon.colcon_core.package_identification:_identify(src/shuttles) by extension 'ignore'
[0.099s] Level 1:colcon.colcon_core.package_identification:_identify(src/shuttles) by extension 'ignore_ament_install'
[0.099s] Level 1:colcon.colcon_core.package_identification:_identify(src/shuttles) by extensions ['colcon_pkg']
[0.099s] Level 1:colcon.colcon_core.package_identification:_identify(src/shuttles) by extension 'colcon_pkg'
[0.099s] Level 1:colcon.colcon_core.package_identification:_identify(src/shuttles) by extensions ['colcon_meta']
[0.099s] Level 1:colcon.colcon_core.package_identification:_identify(src/shuttles) by extension 'colcon_meta'
[0.099s] Level 1:colcon.colcon_core.package_identification:_identify(src/shuttles) by extensions ['ros']
[0.099s] Level 1:colcon.colcon_core.package_identification:_identify(src/shuttles) by extension 'ros'
[0.099s] DEBUG:colcon.colcon_core.package_identification:Package 'src/shuttles' with type 'ros.ament_cmake' and name 'shuttles'
[0.099s] Level 1:colcon.colcon_core.package_discovery:discover_packages(recursive) using defaults
[0.099s] Level 1:colcon.colcon_core.package_discovery:discover_packages(ignore) discover
[0.099s] Level 1:colcon.colcon_core.package_discovery:discover_packages(ignore) using defaults
[0.099s] Level 1:colcon.colcon_core.package_discovery:discover_packages(path) discover
[0.099s] Level 1:colcon.colcon_core.package_discovery:discover_packages(path) using defaults
[0.110s] Level 1:colcon.colcon_core.package_discovery:discover_packages(prefix_path) check parameters
[0.110s] Level 1:colcon.colcon_core.package_discovery:discover_packages(prefix_path) discover
[0.111s] DEBUG:colcon.colcon_installed_package_information.package_discovery:Found 286 installed packages in /opt/ros/jazzy
[0.112s] Level 1:colcon.colcon_core.package_discovery:discover_packages(prefix_path) using defaults
[0.130s] Level 5:colcon.colcon_core.verb:set package 'aiguillages' build argument 'cmake_args' from command line to 'None'
[0.130s] Level 5:colcon.colcon_core.verb:set package 'aiguillages' build argument 'cmake_target' from command line to 'None'
[0.130s] Level 5:colcon.colcon_core.verb:set package 'aiguillages' build argument 'cmake_target_skip_unavailable' from command line to 'False'
[0.130s] Level 5:colcon.colcon_core.verb:set package 'aiguillages' build argument 'cmake_clean_cache' from command line to 'False'
[0.130s] Level 5:colcon.colcon_core.verb:set package 'aiguillages' build argument 'cmake_clean_first' from command line to 'False'
[0.130s] Level 5:colcon.colcon_core.verb:set package 'aiguillages' build argument 'cmake_force_configure' from command line to 'False'
[0.130s] Level 5:colcon.colcon_core.verb:set package 'aiguillages' build argument 'ament_cmake_args' from command line to 'None'
[0.130s] Level 5:colcon.colcon_core.verb:set package 'aiguillages' build argument 'catkin_cmake_args' from command line to 'None'
[0.130s] Level 5:colcon.colcon_core.verb:set package 'aiguillages' build argument 'catkin_skip_building_tests' from command line to 'False'
[0.130s] DEBUG:colcon.colcon_core.verb:Building package 'aiguillages' with the following arguments: {'ament_cmake_args': None, 'build_base': '/home/user/celluleflexible_en_cours_ROS2/celluleflexible/ros_ws/build/aiguillages', 'catkin_cmake_args': None, 'catkin_skip_building_tests': False, 'cmake_args': None, 'cmake_clean_cache': False, 'cmake_clean_first': False, 'cmake_force_configure': False, 'cmake_target': None, 'cmake_target_skip_unavailable': False, 'install_base': '/home/user/celluleflexible_en_cours_ROS2/celluleflexible/ros_ws/install/aiguillages', 'merge_install': False, 'path': '/home/user/celluleflexible_en_cours_ROS2/celluleflexible/ros_ws/src/aiguillages', 'symlink_install': False, 'test_result_base': None}
[0.130s] Level 5:colcon.colcon_core.verb:set package 'launcher' build argument 'cmake_args' from command line to 'None'
[0.130s] Level 5:colcon.colcon_core.verb:set package 'launcher' build argument 'cmake_target' from command line to 'None'
[0.130s] Level 5:colcon.colcon_core.verb:set package 'launcher' build argument 'cmake_target_skip_unavailable' from command line to 'False'
[0.130s] Level 5:colcon.colcon_core.verb:set package 'launcher' build argument 'cmake_clean_cache' from command line to 'False'
[0.130s] Level 5:colcon.colcon_core.verb:set package 'launcher' build argument 'cmake_clean_first' from command line to 'False'
[0.130s] Level 5:colcon.colcon_core.verb:set package 'launcher' build argument 'cmake_force_configure' from command line to 'False'
[0.130s] Level 5:colcon.colcon_core.verb:set package 'launcher' build argument 'ament_cmake_args' from command line to 'None'
[0.130s] Level 5:colcon.colcon_core.verb:set package 'launcher' build argument 'catkin_cmake_args' from command line to 'None'
[0.131s] Level 5:colcon.colcon_core.verb:set package 'launcher' build argument 'catkin_skip_building_tests' from command line to 'False'
[0.131s] DEBUG:colcon.colcon_core.verb:Building package 'launcher' with the following arguments: {'ament_cmake_args': None, 'build_base': '/home/user/celluleflexible_en_cours_ROS2/celluleflexible/ros_ws/build/launcher', 'catkin_cmake_args': None, 'catkin_skip_building_tests': False, 'cmake_args': None, 'cmake_clean_cache': False, 'cmake_clean_first': False, 'cmake_force_configure': False, 'cmake_target': None, 'cmake_target_skip_unavailable': False, 'install_base': '/home/user/celluleflexible_en_cours_ROS2/celluleflexible/ros_ws/install/launcher', 'merge_install': False, 'path': '/home/user/celluleflexible_en_cours_ROS2/celluleflexible/ros_ws/src/launcher', 'symlink_install': False, 'test_result_base': None}
[0.131s] Level 5:colcon.colcon_core.verb:set package 'commande_locale' build argument 'cmake_args' from command line to 'None'
[0.131s] Level 5:colcon.colcon_core.verb:set package 'commande_locale' build argument 'cmake_target' from command line to 'None'
[0.131s] Level 5:colcon.colcon_core.verb:set package 'commande_locale' build argument 'cmake_target_skip_unavailable' from command line to 'False'
[0.131s] Level 5:colcon.colcon_core.verb:set package 'commande_locale' build argument 'cmake_clean_cache' from command line to 'False'
[0.131s] Level 5:colcon.colcon_core.verb:set package 'commande_locale' build argument 'cmake_clean_first' from command line to 'False'
[0.131s] Level 5:colcon.colcon_core.verb:set package 'commande_locale' build argument 'cmake_force_configure' from command line to 'False'
[0.131s] Level 5:colcon.colcon_core.verb:set package 'commande_locale' build argument 'ament_cmake_args' from command line to 'None'
[0.131s] Level 5:colcon.colcon_core.verb:set package 'commande_locale' build argument 'catkin_cmake_args' from command line to 'None'
[0.131s] Level 5:colcon.colcon_core.verb:set package 'commande_locale' build argument 'catkin_skip_building_tests' from command line to 'False'
[0.131s] DEBUG:colcon.colcon_core.verb:Building package 'commande_locale' with the following arguments: {'ament_cmake_args': None, 'build_base': '/home/user/celluleflexible_en_cours_ROS2/celluleflexible/ros_ws/build/commande_locale', 'catkin_cmake_args': None, 'catkin_skip_building_tests': False, 'cmake_args': None, 'cmake_clean_cache': False, 'cmake_clean_first': False, 'cmake_force_configure': False, 'cmake_target': None, 'cmake_target_skip_unavailable': False, 'install_base': '/home/user/celluleflexible_en_cours_ROS2/celluleflexible/ros_ws/install/commande_locale', 'merge_install': False, 'path': '/home/user/celluleflexible_en_cours_ROS2/celluleflexible/ros_ws/src/commande_locale', 'symlink_install': False, 'test_result_base': None}
[0.131s] Level 5:colcon.colcon_core.verb:set package 'shuttles' build argument 'cmake_args' from command line to 'None'
[0.131s] Level 5:colcon.colcon_core.verb:set package 'shuttles' build argument 'cmake_target' from command line to 'None'
[0.131s] Level 5:colcon.colcon_core.verb:set package 'shuttles' build argument 'cmake_target_skip_unavailable' from command line to 'False'
[0.131s] Level 5:colcon.colcon_core.verb:set package 'shuttles' build argument 'cmake_clean_cache' from command line to 'False'
[0.131s] Level 5:colcon.colcon_core.verb:set package 'shuttles' build argument 'cmake_clean_first' from command line to 'False'
[0.131s] Level 5:colcon.colcon_core.verb:set package 'shuttles' build argument 'cmake_force_configure' from command line to 'False'
[0.131s] Level 5:colcon.colcon_core.verb:set package 'shuttles' build argument 'ament_cmake_args' from command line to 'None'
[0.131s] Level 5:colcon.colcon_core.verb:set package 'shuttles' build argument 'catkin_cmake_args' from command line to 'None'
[0.131s] Level 5:colcon.colcon_core.verb:set package 'shuttles' build argument 'catkin_skip_building_tests' from command line to 'False'
[0.131s] DEBUG:colcon.colcon_core.verb:Building package 'shuttles' with the following arguments: {'ament_cmake_args': None, 'build_base': '/home/user/celluleflexible_en_cours_ROS2/celluleflexible/ros_ws/build/shuttles', 'catkin_cmake_args': None, 'catkin_skip_building_tests': False, 'cmake_args': None, 'cmake_clean_cache': False, 'cmake_clean_first': False, 'cmake_force_configure': False, 'cmake_target': None, 'cmake_target_skip_unavailable': False, 'install_base': '/home/user/celluleflexible_en_cours_ROS2/celluleflexible/ros_ws/install/shuttles', 'merge_install': False, 'path': '/home/user/celluleflexible_en_cours_ROS2/celluleflexible/ros_ws/src/shuttles', 'symlink_install': False, 'test_result_base': None}
[0.131s] Level 5:colcon.colcon_core.verb:set package 'robots' build argument 'cmake_args' from command line to 'None'
[0.131s] Level 5:colcon.colcon_core.verb:set package 'robots' build argument 'cmake_target' from command line to 'None'
[0.131s] Level 5:colcon.colcon_core.verb:set package 'robots' build argument 'cmake_target_skip_unavailable' from command line to 'False'
[0.131s] Level 5:colcon.colcon_core.verb:set package 'robots' build argument 'cmake_clean_cache' from command line to 'False'
[0.131s] Level 5:colcon.colcon_core.verb:set package 'robots' build argument 'cmake_clean_first' from command line to 'False'
[0.131s] Level 5:colcon.colcon_core.verb:set package 'robots' build argument 'cmake_force_configure' from command line to 'False'
[0.131s] Level 5:colcon.colcon_core.verb:set package 'robots' build argument 'ament_cmake_args' from command line to 'None'
[0.131s] Level 5:colcon.colcon_core.verb:set package 'robots' build argument 'catkin_cmake_args' from command line to 'None'
[0.131s] Level 5:colcon.colcon_core.verb:set package 'robots' build argument 'catkin_skip_building_tests' from command line to 'False'
[0.131s] DEBUG:colcon.colcon_core.verb:Building package 'robots' with the following arguments: {'ament_cmake_args': None, 'build_base': '/home/user/celluleflexible_en_cours_ROS2/celluleflexible/ros_ws/build/robots', 'catkin_cmake_args': None, 'catkin_skip_building_tests': False, 'cmake_args': None, 'cmake_clean_cache': False, 'cmake_clean_first': False, 'cmake_force_configure': False, 'cmake_target': None, 'cmake_target_skip_unavailable': False, 'install_base': '/home/user/celluleflexible_en_cours_ROS2/celluleflexible/ros_ws/install/robots', 'merge_install': False, 'path': '/home/user/celluleflexible_en_cours_ROS2/celluleflexible/ros_ws/src/robots', 'symlink_install': False, 'test_result_base': None}
[0.131s] Level 5:colcon.colcon_core.verb:set package 'commande' build argument 'cmake_args' from command line to 'None'
[0.131s] Level 5:colcon.colcon_core.verb:set package 'commande' build argument 'cmake_target' from command line to 'None'
[0.131s] Level 5:colcon.colcon_core.verb:set package 'commande' build argument 'cmake_target_skip_unavailable' from command line to 'False'
[0.131s] Level 5:colcon.colcon_core.verb:set package 'commande' build argument 'cmake_clean_cache' from command line to 'False'
[0.131s] Level 5:colcon.colcon_core.verb:set package 'commande' build argument 'cmake_clean_first' from command line to 'False'
[0.131s] Level 5:colcon.colcon_core.verb:set package 'commande' build argument 'cmake_force_configure' from command line to 'False'
[0.131s] Level 5:colcon.colcon_core.verb:set package 'commande' build argument 'ament_cmake_args' from command line to 'None'
[0.131s] Level 5:colcon.colcon_core.verb:set package 'commande' build argument 'catkin_cmake_args' from command line to 'None'
[0.131s] Level 5:colcon.colcon_core.verb:set package 'commande' build argument 'catkin_skip_building_tests' from command line to 'False'
[0.131s] DEBUG:colcon.colcon_core.verb:Building package 'commande' with the following arguments: {'ament_cmake_args': None, 'build_base': '/home/user/celluleflexible_en_cours_ROS2/celluleflexible/ros_ws/build/commande', 'catkin_cmake_args': None, 'catkin_skip_building_tests': False, 'cmake_args': None, 'cmake_clean_cache': False, 'cmake_clean_first': False, 'cmake_force_configure': False, 'cmake_target': None, 'cmake_target_skip_unavailable': False, 'install_base': '/home/user/celluleflexible_en_cours_ROS2/celluleflexible/ros_ws/install/commande', 'merge_install': False, 'path': '/home/user/celluleflexible_en_cours_ROS2/celluleflexible/ros_ws/src/commande', 'symlink_install': False, 'test_result_base': None}
[0.131s] INFO:colcon.colcon_core.executor:Executing jobs using 'parallel' executor
[0.132s] DEBUG:colcon.colcon_parallel_executor.executor.parallel:run_until_complete
[0.133s] INFO:colcon.colcon_ros.task.ament_cmake.build:Building ROS package in '/home/user/celluleflexible_en_cours_ROS2/celluleflexible/ros_ws/src/aiguillages' with build type 'ament_cmake'
[0.133s] INFO:colcon.colcon_cmake.task.cmake.build:Building CMake package in '/home/user/celluleflexible_en_cours_ROS2/celluleflexible/ros_ws/src/aiguillages'
[0.134s] INFO:colcon.colcon_core.plugin_system:Skipping extension 'colcon_core.shell.bat': Not used on non-Windows systems
[0.134s] INFO:colcon.colcon_core.shell:Skip shell extension 'powershell' for command environment: Not usable outside of PowerShell
[0.134s] DEBUG:colcon.colcon_core.shell:Skip shell extension 'dsv' for command environment
[0.139s] INFO:colcon.colcon_ros.task.ament_cmake.build:Building ROS package in '/home/user/celluleflexible_en_cours_ROS2/celluleflexible/ros_ws/src/launcher' with build type 'ament_cmake'
[0.140s] INFO:colcon.colcon_cmake.task.cmake.build:Building CMake package in '/home/user/celluleflexible_en_cours_ROS2/celluleflexible/ros_ws/src/launcher'
[0.140s] INFO:colcon.colcon_core.shell:Skip shell extension 'powershell' for command environment: Not usable outside of PowerShell
[0.140s] DEBUG:colcon.colcon_core.shell:Skip shell extension 'dsv' for command environment
[0.147s] DEBUG:colcon.colcon_core.event_handler.log_command:Invoking command in '/home/user/celluleflexible_en_cours_ROS2/celluleflexible/ros_ws/build/aiguillages': CMAKE_PREFIX_PATH=${CMAKE_PREFIX_PATH}:/opt/ros/jazzy DEBUGINFOD_URLS=https://debuginfod.ubuntu.com /usr/bin/cmake /home/user/celluleflexible_en_cours_ROS2/celluleflexible/ros_ws/src/aiguillages -DCMAKE_INSTALL_PREFIX=/home/user/celluleflexible_en_cours_ROS2/celluleflexible/ros_ws/install/aiguillages
[0.157s] DEBUG:colcon.colcon_core.event_handler.log_command:Invoking command in '/home/user/celluleflexible_en_cours_ROS2/celluleflexible/ros_ws/build/launcher': CMAKE_PREFIX_PATH=${CMAKE_PREFIX_PATH}:/opt/ros/jazzy DEBUGINFOD_URLS=https://debuginfod.ubuntu.com /usr/bin/cmake /home/user/celluleflexible_en_cours_ROS2/celluleflexible/ros_ws/src/launcher -DCMAKE_INSTALL_PREFIX=/home/user/celluleflexible_en_cours_ROS2/celluleflexible/ros_ws/install/launcher
[0.948s] DEBUG:colcon.colcon_core.event_handler.log_command:Invoked command in '/home/user/celluleflexible_en_cours_ROS2/celluleflexible/ros_ws/build/launcher' returned '0': CMAKE_PREFIX_PATH=${CMAKE_PREFIX_PATH}:/opt/ros/jazzy DEBUGINFOD_URLS=https://debuginfod.ubuntu.com /usr/bin/cmake /home/user/celluleflexible_en_cours_ROS2/celluleflexible/ros_ws/src/launcher -DCMAKE_INSTALL_PREFIX=/home/user/celluleflexible_en_cours_ROS2/celluleflexible/ros_ws/install/launcher
[0.949s] DEBUG:colcon.colcon_core.event_handler.log_command:Invoking command in '/home/user/celluleflexible_en_cours_ROS2/celluleflexible/ros_ws/build/launcher': CMAKE_PREFIX_PATH=${CMAKE_PREFIX_PATH}:/opt/ros/jazzy DEBUGINFOD_URLS=https://debuginfod.ubuntu.com /usr/bin/cmake --build /home/user/celluleflexible_en_cours_ROS2/celluleflexible/ros_ws/build/launcher -- -j8 -l8
[0.993s] DEBUG:colcon.colcon_core.event_handler.log_command:Invoked command in '/home/user/celluleflexible_en_cours_ROS2/celluleflexible/ros_ws/build/launcher' returned '0': CMAKE_PREFIX_PATH=${CMAKE_PREFIX_PATH}:/opt/ros/jazzy DEBUGINFOD_URLS=https://debuginfod.ubuntu.com /usr/bin/cmake --build /home/user/celluleflexible_en_cours_ROS2/celluleflexible/ros_ws/build/launcher -- -j8 -l8
[1.003s] DEBUG:colcon.colcon_core.event_handler.log_command:Invoking command in '/home/user/celluleflexible_en_cours_ROS2/celluleflexible/ros_ws/build/launcher': CMAKE_PREFIX_PATH=${CMAKE_PREFIX_PATH}:/opt/ros/jazzy DEBUGINFOD_URLS=https://debuginfod.ubuntu.com /usr/bin/cmake --install /home/user/celluleflexible_en_cours_ROS2/celluleflexible/ros_ws/build/launcher
[1.011s] Level 1:colcon.colcon_core.environment:create_environment_scripts_only(launcher)
[1.013s] DEBUG:colcon.colcon_core.event_handler.log_command:Invoked command in '/home/user/celluleflexible_en_cours_ROS2/celluleflexible/ros_ws/build/launcher' returned '0': CMAKE_PREFIX_PATH=${CMAKE_PREFIX_PATH}:/opt/ros/jazzy DEBUGINFOD_URLS=https://debuginfod.ubuntu.com /usr/bin/cmake --install /home/user/celluleflexible_en_cours_ROS2/celluleflexible/ros_ws/build/launcher
[1.013s] Level 1:colcon.colcon_core.environment:checking '/home/user/celluleflexible_en_cours_ROS2/celluleflexible/ros_ws/install/launcher' for CMake module files
[1.013s] Level 1:colcon.colcon_core.environment:checking '/home/user/celluleflexible_en_cours_ROS2/celluleflexible/ros_ws/install/launcher' for CMake config files
[1.014s] Level 1:colcon.colcon_core.shell:create_environment_hook('launcher', 'cmake_prefix_path')
[1.014s] INFO:colcon.colcon_core.shell:Creating environment hook '/home/user/celluleflexible_en_cours_ROS2/celluleflexible/ros_ws/install/launcher/share/launcher/hook/cmake_prefix_path.ps1'
[1.014s] INFO:colcon.colcon_core.shell:Creating environment descriptor '/home/user/celluleflexible_en_cours_ROS2/celluleflexible/ros_ws/install/launcher/share/launcher/hook/cmake_prefix_path.dsv'
[1.014s] INFO:colcon.colcon_core.shell:Creating environment hook '/home/user/celluleflexible_en_cours_ROS2/celluleflexible/ros_ws/install/launcher/share/launcher/hook/cmake_prefix_path.sh'
[1.015s] Level 1:colcon.colcon_core.environment:checking '/home/user/celluleflexible_en_cours_ROS2/celluleflexible/ros_ws/install/launcher/bin'
[1.015s] Level 1:colcon.colcon_core.environment:checking '/home/user/celluleflexible_en_cours_ROS2/celluleflexible/ros_ws/install/launcher/lib/pkgconfig/launcher.pc'
[1.015s] Level 1:colcon.colcon_core.environment:checking '/home/user/celluleflexible_en_cours_ROS2/celluleflexible/ros_ws/install/launcher/lib/python3.12/site-packages'
[1.015s] Level 1:colcon.colcon_core.environment:checking '/home/user/celluleflexible_en_cours_ROS2/celluleflexible/ros_ws/install/launcher/bin'
[1.015s] INFO:colcon.colcon_core.shell:Creating package script '/home/user/celluleflexible_en_cours_ROS2/celluleflexible/ros_ws/install/launcher/share/launcher/package.ps1'
[1.015s] INFO:colcon.colcon_core.shell:Creating package descriptor '/home/user/celluleflexible_en_cours_ROS2/celluleflexible/ros_ws/install/launcher/share/launcher/package.dsv'
[1.016s] INFO:colcon.colcon_core.shell:Creating package script '/home/user/celluleflexible_en_cours_ROS2/celluleflexible/ros_ws/install/launcher/share/launcher/package.sh'
[1.016s] INFO:colcon.colcon_core.shell:Creating package script '/home/user/celluleflexible_en_cours_ROS2/celluleflexible/ros_ws/install/launcher/share/launcher/package.bash'
[1.017s] INFO:colcon.colcon_core.shell:Creating package script '/home/user/celluleflexible_en_cours_ROS2/celluleflexible/ros_ws/install/launcher/share/launcher/package.zsh'
[1.017s] Level 1:colcon.colcon_core.environment:create_file_with_runtime_dependencies(/home/user/celluleflexible_en_cours_ROS2/celluleflexible/ros_ws/install/launcher/share/colcon-core/packages/launcher)
[1.017s] Level 1:colcon.colcon_core.environment:create_environment_scripts_only(launcher)
[1.017s] Level 1:colcon.colcon_core.environment:checking '/home/user/celluleflexible_en_cours_ROS2/celluleflexible/ros_ws/install/launcher' for CMake module files
[1.018s] Level 1:colcon.colcon_core.environment:checking '/home/user/celluleflexible_en_cours_ROS2/celluleflexible/ros_ws/install/launcher' for CMake config files
[1.018s] Level 1:colcon.colcon_core.shell:create_environment_hook('launcher', 'cmake_prefix_path')
[1.018s] INFO:colcon.colcon_core.shell:Creating environment hook '/home/user/celluleflexible_en_cours_ROS2/celluleflexible/ros_ws/install/launcher/share/launcher/hook/cmake_prefix_path.ps1'
[1.018s] INFO:colcon.colcon_core.shell:Creating environment descriptor '/home/user/celluleflexible_en_cours_ROS2/celluleflexible/ros_ws/install/launcher/share/launcher/hook/cmake_prefix_path.dsv'
[1.018s] INFO:colcon.colcon_core.shell:Creating environment hook '/home/user/celluleflexible_en_cours_ROS2/celluleflexible/ros_ws/install/launcher/share/launcher/hook/cmake_prefix_path.sh'
[1.019s] Level 1:colcon.colcon_core.environment:checking '/home/user/celluleflexible_en_cours_ROS2/celluleflexible/ros_ws/install/launcher/bin'
[1.019s] Level 1:colcon.colcon_core.environment:checking '/home/user/celluleflexible_en_cours_ROS2/celluleflexible/ros_ws/install/launcher/lib/pkgconfig/launcher.pc'
[1.019s] Level 1:colcon.colcon_core.environment:checking '/home/user/celluleflexible_en_cours_ROS2/celluleflexible/ros_ws/install/launcher/lib/python3.12/site-packages'
[1.019s] Level 1:colcon.colcon_core.environment:checking '/home/user/celluleflexible_en_cours_ROS2/celluleflexible/ros_ws/install/launcher/bin'
[1.019s] INFO:colcon.colcon_core.shell:Creating package script '/home/user/celluleflexible_en_cours_ROS2/celluleflexible/ros_ws/install/launcher/share/launcher/package.ps1'
[1.019s] INFO:colcon.colcon_core.shell:Creating package descriptor '/home/user/celluleflexible_en_cours_ROS2/celluleflexible/ros_ws/install/launcher/share/launcher/package.dsv'
[1.020s] INFO:colcon.colcon_core.shell:Creating package script '/home/user/celluleflexible_en_cours_ROS2/celluleflexible/ros_ws/install/launcher/share/launcher/package.sh'
[1.020s] INFO:colcon.colcon_core.shell:Creating package script '/home/user/celluleflexible_en_cours_ROS2/celluleflexible/ros_ws/install/launcher/share/launcher/package.bash'
[1.020s] INFO:colcon.colcon_core.shell:Creating package script '/home/user/celluleflexible_en_cours_ROS2/celluleflexible/ros_ws/install/launcher/share/launcher/package.zsh'
[1.021s] Level 1:colcon.colcon_core.environment:create_file_with_runtime_dependencies(/home/user/celluleflexible_en_cours_ROS2/celluleflexible/ros_ws/install/launcher/share/colcon-core/packages/launcher)
[2.445s] DEBUG:colcon.colcon_core.event_handler.log_command:Invoked command in '/home/user/celluleflexible_en_cours_ROS2/celluleflexible/ros_ws/build/aiguillages' returned '0': CMAKE_PREFIX_PATH=${CMAKE_PREFIX_PATH}:/opt/ros/jazzy DEBUGINFOD_URLS=https://debuginfod.ubuntu.com /usr/bin/cmake /home/user/celluleflexible_en_cours_ROS2/celluleflexible/ros_ws/src/aiguillages -DCMAKE_INSTALL_PREFIX=/home/user/celluleflexible_en_cours_ROS2/celluleflexible/ros_ws/install/aiguillages
[2.446s] DEBUG:colcon.colcon_core.event_handler.log_command:Invoking command in '/home/user/celluleflexible_en_cours_ROS2/celluleflexible/ros_ws/build/aiguillages': CMAKE_PREFIX_PATH=${CMAKE_PREFIX_PATH}:/opt/ros/jazzy DEBUGINFOD_URLS=https://debuginfod.ubuntu.com /usr/bin/cmake --build /home/user/celluleflexible_en_cours_ROS2/celluleflexible/ros_ws/build/aiguillages -- -j8 -l8
[8.670s] DEBUG:colcon.colcon_core.event_handler.log_command:Invoked command in '/home/user/celluleflexible_en_cours_ROS2/celluleflexible/ros_ws/build/aiguillages' returned '0': CMAKE_PREFIX_PATH=${CMAKE_PREFIX_PATH}:/opt/ros/jazzy DEBUGINFOD_URLS=https://debuginfod.ubuntu.com /usr/bin/cmake --build /home/user/celluleflexible_en_cours_ROS2/celluleflexible/ros_ws/build/aiguillages -- -j8 -l8
[8.671s] DEBUG:colcon.colcon_core.event_handler.log_command:Invoking command in '/home/user/celluleflexible_en_cours_ROS2/celluleflexible/ros_ws/build/aiguillages': CMAKE_PREFIX_PATH=${CMAKE_PREFIX_PATH}:/opt/ros/jazzy DEBUGINFOD_URLS=https://debuginfod.ubuntu.com /usr/bin/cmake --install /home/user/celluleflexible_en_cours_ROS2/celluleflexible/ros_ws/build/aiguillages
[8.730s] Level 1:colcon.colcon_core.environment:create_environment_scripts_only(aiguillages)
[8.730s] Level 1:colcon.colcon_core.environment:checking '/home/user/celluleflexible_en_cours_ROS2/celluleflexible/ros_ws/install/aiguillages' for CMake module files
[8.730s] DEBUG:colcon.colcon_core.event_handler.log_command:Invoked command in '/home/user/celluleflexible_en_cours_ROS2/celluleflexible/ros_ws/build/aiguillages' returned '0': CMAKE_PREFIX_PATH=${CMAKE_PREFIX_PATH}:/opt/ros/jazzy DEBUGINFOD_URLS=https://debuginfod.ubuntu.com /usr/bin/cmake --install /home/user/celluleflexible_en_cours_ROS2/celluleflexible/ros_ws/build/aiguillages
[8.731s] Level 1:colcon.colcon_core.environment:checking '/home/user/celluleflexible_en_cours_ROS2/celluleflexible/ros_ws/install/aiguillages' for CMake config files
[8.731s] Level 1:colcon.colcon_core.shell:create_environment_hook('aiguillages', 'cmake_prefix_path')
[8.731s] INFO:colcon.colcon_core.shell:Creating environment hook '/home/user/celluleflexible_en_cours_ROS2/celluleflexible/ros_ws/install/aiguillages/share/aiguillages/hook/cmake_prefix_path.ps1'
[8.731s] INFO:colcon.colcon_core.shell:Creating environment descriptor '/home/user/celluleflexible_en_cours_ROS2/celluleflexible/ros_ws/install/aiguillages/share/aiguillages/hook/cmake_prefix_path.dsv'
[8.731s] INFO:colcon.colcon_core.shell:Creating environment hook '/home/user/celluleflexible_en_cours_ROS2/celluleflexible/ros_ws/install/aiguillages/share/aiguillages/hook/cmake_prefix_path.sh'
[8.732s] Level 1:colcon.colcon_core.environment:checking '/home/user/celluleflexible_en_cours_ROS2/celluleflexible/ros_ws/install/aiguillages/lib'
[8.732s] Level 1:colcon.colcon_core.shell:create_environment_hook('aiguillages', 'ld_library_path_lib')
[8.732s] INFO:colcon.colcon_core.shell:Creating environment hook '/home/user/celluleflexible_en_cours_ROS2/celluleflexible/ros_ws/install/aiguillages/share/aiguillages/hook/ld_library_path_lib.ps1'
[8.732s] INFO:colcon.colcon_core.shell:Creating environment descriptor '/home/user/celluleflexible_en_cours_ROS2/celluleflexible/ros_ws/install/aiguillages/share/aiguillages/hook/ld_library_path_lib.dsv'
[8.732s] INFO:colcon.colcon_core.shell:Creating environment hook '/home/user/celluleflexible_en_cours_ROS2/celluleflexible/ros_ws/install/aiguillages/share/aiguillages/hook/ld_library_path_lib.sh'
[8.733s] Level 1:colcon.colcon_core.environment:checking '/home/user/celluleflexible_en_cours_ROS2/celluleflexible/ros_ws/install/aiguillages/bin'
[8.733s] Level 1:colcon.colcon_core.environment:checking '/home/user/celluleflexible_en_cours_ROS2/celluleflexible/ros_ws/install/aiguillages/lib/pkgconfig/aiguillages.pc'
[8.733s] Level 1:colcon.colcon_core.environment:checking '/home/user/celluleflexible_en_cours_ROS2/celluleflexible/ros_ws/install/aiguillages/lib/python3.12/site-packages'
[8.733s] Level 1:colcon.colcon_core.shell:create_environment_hook('aiguillages', 'pythonpath')
[8.733s] INFO:colcon.colcon_core.shell:Creating environment hook '/home/user/celluleflexible_en_cours_ROS2/celluleflexible/ros_ws/install/aiguillages/share/aiguillages/hook/pythonpath.ps1'
[8.733s] INFO:colcon.colcon_core.shell:Creating environment descriptor '/home/user/celluleflexible_en_cours_ROS2/celluleflexible/ros_ws/install/aiguillages/share/aiguillages/hook/pythonpath.dsv'
[8.733s] INFO:colcon.colcon_core.shell:Creating environment hook '/home/user/celluleflexible_en_cours_ROS2/celluleflexible/ros_ws/install/aiguillages/share/aiguillages/hook/pythonpath.sh'
[8.734s] Level 1:colcon.colcon_core.environment:checking '/home/user/celluleflexible_en_cours_ROS2/celluleflexible/ros_ws/install/aiguillages/bin'
[8.734s] INFO:colcon.colcon_core.shell:Creating package script '/home/user/celluleflexible_en_cours_ROS2/celluleflexible/ros_ws/install/aiguillages/share/aiguillages/package.ps1'
[8.734s] INFO:colcon.colcon_core.shell:Creating package descriptor '/home/user/celluleflexible_en_cours_ROS2/celluleflexible/ros_ws/install/aiguillages/share/aiguillages/package.dsv'
[8.735s] INFO:colcon.colcon_core.shell:Creating package script '/home/user/celluleflexible_en_cours_ROS2/celluleflexible/ros_ws/install/aiguillages/share/aiguillages/package.sh'
[8.735s] INFO:colcon.colcon_core.shell:Creating package script '/home/user/celluleflexible_en_cours_ROS2/celluleflexible/ros_ws/install/aiguillages/share/aiguillages/package.bash'
[8.736s] INFO:colcon.colcon_core.shell:Creating package script '/home/user/celluleflexible_en_cours_ROS2/celluleflexible/ros_ws/install/aiguillages/share/aiguillages/package.zsh'
[8.736s] Level 1:colcon.colcon_core.environment:create_file_with_runtime_dependencies(/home/user/celluleflexible_en_cours_ROS2/celluleflexible/ros_ws/install/aiguillages/share/colcon-core/packages/aiguillages)
[8.736s] Level 1:colcon.colcon_core.environment:create_environment_scripts_only(aiguillages)
[8.736s] Level 1:colcon.colcon_core.environment:checking '/home/user/celluleflexible_en_cours_ROS2/celluleflexible/ros_ws/install/aiguillages' for CMake module files
[8.736s] Level 1:colcon.colcon_core.environment:checking '/home/user/celluleflexible_en_cours_ROS2/celluleflexible/ros_ws/install/aiguillages' for CMake config files
[8.736s] Level 1:colcon.colcon_core.shell:create_environment_hook('aiguillages', 'cmake_prefix_path')
[8.737s] INFO:colcon.colcon_core.shell:Creating environment hook '/home/user/celluleflexible_en_cours_ROS2/celluleflexible/ros_ws/install/aiguillages/share/aiguillages/hook/cmake_prefix_path.ps1'
[8.737s] INFO:colcon.colcon_core.shell:Creating environment descriptor '/home/user/celluleflexible_en_cours_ROS2/celluleflexible/ros_ws/install/aiguillages/share/aiguillages/hook/cmake_prefix_path.dsv'
[8.737s] INFO:colcon.colcon_core.shell:Creating environment hook '/home/user/celluleflexible_en_cours_ROS2/celluleflexible/ros_ws/install/aiguillages/share/aiguillages/hook/cmake_prefix_path.sh'
[8.738s] Level 1:colcon.colcon_core.environment:checking '/home/user/celluleflexible_en_cours_ROS2/celluleflexible/ros_ws/install/aiguillages/lib'
[8.738s] Level 1:colcon.colcon_core.shell:create_environment_hook('aiguillages', 'ld_library_path_lib')
[8.738s] INFO:colcon.colcon_core.shell:Creating environment hook '/home/user/celluleflexible_en_cours_ROS2/celluleflexible/ros_ws/install/aiguillages/share/aiguillages/hook/ld_library_path_lib.ps1'
[8.739s] INFO:colcon.colcon_core.shell:Creating environment descriptor '/home/user/celluleflexible_en_cours_ROS2/celluleflexible/ros_ws/install/aiguillages/share/aiguillages/hook/ld_library_path_lib.dsv'
[8.739s] INFO:colcon.colcon_core.shell:Creating environment hook '/home/user/celluleflexible_en_cours_ROS2/celluleflexible/ros_ws/install/aiguillages/share/aiguillages/hook/ld_library_path_lib.sh'
[8.739s] Level 1:colcon.colcon_core.environment:checking '/home/user/celluleflexible_en_cours_ROS2/celluleflexible/ros_ws/install/aiguillages/bin'
[8.739s] Level 1:colcon.colcon_core.environment:checking '/home/user/celluleflexible_en_cours_ROS2/celluleflexible/ros_ws/install/aiguillages/lib/pkgconfig/aiguillages.pc'
[8.739s] Level 1:colcon.colcon_core.environment:checking '/home/user/celluleflexible_en_cours_ROS2/celluleflexible/ros_ws/install/aiguillages/lib/python3.12/site-packages'
[8.739s] Level 1:colcon.colcon_core.shell:create_environment_hook('aiguillages', 'pythonpath')
[8.739s] INFO:colcon.colcon_core.shell:Creating environment hook '/home/user/celluleflexible_en_cours_ROS2/celluleflexible/ros_ws/install/aiguillages/share/aiguillages/hook/pythonpath.ps1'
[8.740s] INFO:colcon.colcon_core.shell:Creating environment descriptor '/home/user/celluleflexible_en_cours_ROS2/celluleflexible/ros_ws/install/aiguillages/share/aiguillages/hook/pythonpath.dsv'
[8.740s] INFO:colcon.colcon_core.shell:Creating environment hook '/home/user/celluleflexible_en_cours_ROS2/celluleflexible/ros_ws/install/aiguillages/share/aiguillages/hook/pythonpath.sh'
[8.741s] Level 1:colcon.colcon_core.environment:checking '/home/user/celluleflexible_en_cours_ROS2/celluleflexible/ros_ws/install/aiguillages/bin'
[8.742s] INFO:colcon.colcon_core.shell:Creating package script '/home/user/celluleflexible_en_cours_ROS2/celluleflexible/ros_ws/install/aiguillages/share/aiguillages/package.ps1'
[8.742s] INFO:colcon.colcon_core.shell:Creating package descriptor '/home/user/celluleflexible_en_cours_ROS2/celluleflexible/ros_ws/install/aiguillages/share/aiguillages/package.dsv'
[8.742s] INFO:colcon.colcon_core.shell:Creating package script '/home/user/celluleflexible_en_cours_ROS2/celluleflexible/ros_ws/install/aiguillages/share/aiguillages/package.sh'
[8.743s] INFO:colcon.colcon_core.shell:Creating package script '/home/user/celluleflexible_en_cours_ROS2/celluleflexible/ros_ws/install/aiguillages/share/aiguillages/package.bash'
[8.743s] INFO:colcon.colcon_core.shell:Creating package script '/home/user/celluleflexible_en_cours_ROS2/celluleflexible/ros_ws/install/aiguillages/share/aiguillages/package.zsh'
[8.743s] Level 1:colcon.colcon_core.environment:create_file_with_runtime_dependencies(/home/user/celluleflexible_en_cours_ROS2/celluleflexible/ros_ws/install/aiguillages/share/colcon-core/packages/aiguillages)
[8.744s] INFO:colcon.colcon_ros.task.ament_cmake.build:Building ROS package in '/home/user/celluleflexible_en_cours_ROS2/celluleflexible/ros_ws/src/commande_locale' with build type 'ament_cmake'
[8.744s] INFO:colcon.colcon_cmake.task.cmake.build:Building CMake package in '/home/user/celluleflexible_en_cours_ROS2/celluleflexible/ros_ws/src/commande_locale'
[8.744s] INFO:colcon.colcon_core.shell:Skip shell extension 'powershell' for command environment: Not usable outside of PowerShell
[8.744s] DEBUG:colcon.colcon_core.shell:Skip shell extension 'dsv' for command environment
[8.746s] INFO:colcon.colcon_ros.task.ament_cmake.build:Building ROS package in '/home/user/celluleflexible_en_cours_ROS2/celluleflexible/ros_ws/src/shuttles' with build type 'ament_cmake'
[8.746s] INFO:colcon.colcon_cmake.task.cmake.build:Building CMake package in '/home/user/celluleflexible_en_cours_ROS2/celluleflexible/ros_ws/src/shuttles'
[8.746s] INFO:colcon.colcon_core.shell:Skip shell extension 'powershell' for command environment: Not usable outside of PowerShell
[8.747s] DEBUG:colcon.colcon_core.shell:Skip shell extension 'dsv' for command environment
[8.756s] DEBUG:colcon.colcon_core.event_handler.log_command:Invoking command in '/home/user/celluleflexible_en_cours_ROS2/celluleflexible/ros_ws/build/commande_locale': AMENT_PREFIX_PATH=/home/user/celluleflexible_en_cours_ROS2/celluleflexible/ros_ws/install/aiguillages:${AMENT_PREFIX_PATH} CMAKE_PREFIX_PATH=/home/user/celluleflexible_en_cours_ROS2/celluleflexible/ros_ws/install/aiguillages:/opt/ros/jazzy/opt/gz_math_vendor:/opt/ros/jazzy/opt/gz_utils_vendor:/opt/ros/jazzy/opt/gz_cmake_vendor:/opt/ros/jazzy DEBUGINFOD_URLS=https://debuginfod.ubuntu.com LD_LIBRARY_PATH=/home/user/celluleflexible_en_cours_ROS2/celluleflexible/ros_ws/install/aiguillages/lib:${LD_LIBRARY_PATH} PYTHONPATH=/home/user/celluleflexible_en_cours_ROS2/celluleflexible/ros_ws/install/aiguillages/lib/python3.12/site-packages:${PYTHONPATH} /usr/bin/cmake /home/user/celluleflexible_en_cours_ROS2/celluleflexible/ros_ws/src/commande_locale -DCMAKE_INSTALL_PREFIX=/home/user/celluleflexible_en_cours_ROS2/celluleflexible/ros_ws/install/commande_locale
[8.759s] DEBUG:colcon.colcon_core.event_handler.log_command:Invoking command in '/home/user/celluleflexible_en_cours_ROS2/celluleflexible/ros_ws/build/shuttles': AMENT_PREFIX_PATH=/home/user/celluleflexible_en_cours_ROS2/celluleflexible/ros_ws/install/aiguillages:${AMENT_PREFIX_PATH} CMAKE_PREFIX_PATH=/home/user/celluleflexible_en_cours_ROS2/celluleflexible/ros_ws/install/aiguillages:/opt/ros/jazzy/opt/gz_math_vendor:/opt/ros/jazzy/opt/gz_utils_vendor:/opt/ros/jazzy/opt/gz_cmake_vendor:/opt/ros/jazzy DEBUGINFOD_URLS=https://debuginfod.ubuntu.com LD_LIBRARY_PATH=/home/user/celluleflexible_en_cours_ROS2/celluleflexible/ros_ws/install/aiguillages/lib:${LD_LIBRARY_PATH} PYTHONPATH=/home/user/celluleflexible_en_cours_ROS2/celluleflexible/ros_ws/install/aiguillages/lib/python3.12/site-packages:${PYTHONPATH} /usr/bin/cmake /home/user/celluleflexible_en_cours_ROS2/celluleflexible/ros_ws/src/shuttles -DCMAKE_INSTALL_PREFIX=/home/user/celluleflexible_en_cours_ROS2/celluleflexible/ros_ws/install/shuttles
[11.101s] DEBUG:colcon.colcon_core.event_handler.log_command:Invoked command in '/home/user/celluleflexible_en_cours_ROS2/celluleflexible/ros_ws/build/shuttles' returned '0': AMENT_PREFIX_PATH=/home/user/celluleflexible_en_cours_ROS2/celluleflexible/ros_ws/install/aiguillages:${AMENT_PREFIX_PATH} CMAKE_PREFIX_PATH=/home/user/celluleflexible_en_cours_ROS2/celluleflexible/ros_ws/install/aiguillages:/opt/ros/jazzy/opt/gz_math_vendor:/opt/ros/jazzy/opt/gz_utils_vendor:/opt/ros/jazzy/opt/gz_cmake_vendor:/opt/ros/jazzy DEBUGINFOD_URLS=https://debuginfod.ubuntu.com LD_LIBRARY_PATH=/home/user/celluleflexible_en_cours_ROS2/celluleflexible/ros_ws/install/aiguillages/lib:${LD_LIBRARY_PATH} PYTHONPATH=/home/user/celluleflexible_en_cours_ROS2/celluleflexible/ros_ws/install/aiguillages/lib/python3.12/site-packages:${PYTHONPATH} /usr/bin/cmake /home/user/celluleflexible_en_cours_ROS2/celluleflexible/ros_ws/src/shuttles -DCMAKE_INSTALL_PREFIX=/home/user/celluleflexible_en_cours_ROS2/celluleflexible/ros_ws/install/shuttles
[11.102s] DEBUG:colcon.colcon_core.event_handler.log_command:Invoking command in '/home/user/celluleflexible_en_cours_ROS2/celluleflexible/ros_ws/build/shuttles': AMENT_PREFIX_PATH=/home/user/celluleflexible_en_cours_ROS2/celluleflexible/ros_ws/install/aiguillages:${AMENT_PREFIX_PATH} CMAKE_PREFIX_PATH=/home/user/celluleflexible_en_cours_ROS2/celluleflexible/ros_ws/install/aiguillages:/opt/ros/jazzy/opt/gz_math_vendor:/opt/ros/jazzy/opt/gz_utils_vendor:/opt/ros/jazzy/opt/gz_cmake_vendor:/opt/ros/jazzy DEBUGINFOD_URLS=https://debuginfod.ubuntu.com LD_LIBRARY_PATH=/home/user/celluleflexible_en_cours_ROS2/celluleflexible/ros_ws/install/aiguillages/lib:${LD_LIBRARY_PATH} PYTHONPATH=/home/user/celluleflexible_en_cours_ROS2/celluleflexible/ros_ws/install/aiguillages/lib/python3.12/site-packages:${PYTHONPATH} /usr/bin/cmake --build /home/user/celluleflexible_en_cours_ROS2/celluleflexible/ros_ws/build/shuttles -- -j8 -l8
[11.190s] DEBUG:colcon.colcon_core.event_handler.log_command:Invoked command in '/home/user/celluleflexible_en_cours_ROS2/celluleflexible/ros_ws/build/commande_locale' returned '0': AMENT_PREFIX_PATH=/home/user/celluleflexible_en_cours_ROS2/celluleflexible/ros_ws/install/aiguillages:${AMENT_PREFIX_PATH} CMAKE_PREFIX_PATH=/home/user/celluleflexible_en_cours_ROS2/celluleflexible/ros_ws/install/aiguillages:/opt/ros/jazzy/opt/gz_math_vendor:/opt/ros/jazzy/opt/gz_utils_vendor:/opt/ros/jazzy/opt/gz_cmake_vendor:/opt/ros/jazzy DEBUGINFOD_URLS=https://debuginfod.ubuntu.com LD_LIBRARY_PATH=/home/user/celluleflexible_en_cours_ROS2/celluleflexible/ros_ws/install/aiguillages/lib:${LD_LIBRARY_PATH} PYTHONPATH=/home/user/celluleflexible_en_cours_ROS2/celluleflexible/ros_ws/install/aiguillages/lib/python3.12/site-packages:${PYTHONPATH} /usr/bin/cmake /home/user/celluleflexible_en_cours_ROS2/celluleflexible/ros_ws/src/commande_locale -DCMAKE_INSTALL_PREFIX=/home/user/celluleflexible_en_cours_ROS2/celluleflexible/ros_ws/install/commande_locale
[11.190s] DEBUG:colcon.colcon_core.event_handler.log_command:Invoking command in '/home/user/celluleflexible_en_cours_ROS2/celluleflexible/ros_ws/build/commande_locale': AMENT_PREFIX_PATH=/home/user/celluleflexible_en_cours_ROS2/celluleflexible/ros_ws/install/aiguillages:${AMENT_PREFIX_PATH} CMAKE_PREFIX_PATH=/home/user/celluleflexible_en_cours_ROS2/celluleflexible/ros_ws/install/aiguillages:/opt/ros/jazzy/opt/gz_math_vendor:/opt/ros/jazzy/opt/gz_utils_vendor:/opt/ros/jazzy/opt/gz_cmake_vendor:/opt/ros/jazzy DEBUGINFOD_URLS=https://debuginfod.ubuntu.com LD_LIBRARY_PATH=/home/user/celluleflexible_en_cours_ROS2/celluleflexible/ros_ws/install/aiguillages/lib:${LD_LIBRARY_PATH} PYTHONPATH=/home/user/celluleflexible_en_cours_ROS2/celluleflexible/ros_ws/install/aiguillages/lib/python3.12/site-packages:${PYTHONPATH} /usr/bin/cmake --build /home/user/celluleflexible_en_cours_ROS2/celluleflexible/ros_ws/build/commande_locale -- -j8 -l8
[20.026s] DEBUG:colcon.colcon_core.event_handler.log_command:Invoked command in '/home/user/celluleflexible_en_cours_ROS2/celluleflexible/ros_ws/build/shuttles' returned '0': AMENT_PREFIX_PATH=/home/user/celluleflexible_en_cours_ROS2/celluleflexible/ros_ws/install/aiguillages:${AMENT_PREFIX_PATH} CMAKE_PREFIX_PATH=/home/user/celluleflexible_en_cours_ROS2/celluleflexible/ros_ws/install/aiguillages:/opt/ros/jazzy/opt/gz_math_vendor:/opt/ros/jazzy/opt/gz_utils_vendor:/opt/ros/jazzy/opt/gz_cmake_vendor:/opt/ros/jazzy DEBUGINFOD_URLS=https://debuginfod.ubuntu.com LD_LIBRARY_PATH=/home/user/celluleflexible_en_cours_ROS2/celluleflexible/ros_ws/install/aiguillages/lib:${LD_LIBRARY_PATH} PYTHONPATH=/home/user/celluleflexible_en_cours_ROS2/celluleflexible/ros_ws/install/aiguillages/lib/python3.12/site-packages:${PYTHONPATH} /usr/bin/cmake --build /home/user/celluleflexible_en_cours_ROS2/celluleflexible/ros_ws/build/shuttles -- -j8 -l8
[20.028s] DEBUG:colcon.colcon_core.event_handler.log_command:Invoking command in '/home/user/celluleflexible_en_cours_ROS2/celluleflexible/ros_ws/build/shuttles': AMENT_PREFIX_PATH=/home/user/celluleflexible_en_cours_ROS2/celluleflexible/ros_ws/install/aiguillages:${AMENT_PREFIX_PATH} CMAKE_PREFIX_PATH=/home/user/celluleflexible_en_cours_ROS2/celluleflexible/ros_ws/install/aiguillages:/opt/ros/jazzy/opt/gz_math_vendor:/opt/ros/jazzy/opt/gz_utils_vendor:/opt/ros/jazzy/opt/gz_cmake_vendor:/opt/ros/jazzy DEBUGINFOD_URLS=https://debuginfod.ubuntu.com LD_LIBRARY_PATH=/home/user/celluleflexible_en_cours_ROS2/celluleflexible/ros_ws/install/aiguillages/lib:${LD_LIBRARY_PATH} PYTHONPATH=/home/user/celluleflexible_en_cours_ROS2/celluleflexible/ros_ws/install/aiguillages/lib/python3.12/site-packages:${PYTHONPATH} /usr/bin/cmake --install /home/user/celluleflexible_en_cours_ROS2/celluleflexible/ros_ws/build/shuttles
[20.097s] Level 1:colcon.colcon_core.environment:create_environment_scripts_only(shuttles)
[20.097s] Level 1:colcon.colcon_core.environment:checking '/home/user/celluleflexible_en_cours_ROS2/celluleflexible/ros_ws/install/shuttles' for CMake module files
[20.098s] DEBUG:colcon.colcon_core.event_handler.log_command:Invoked command in '/home/user/celluleflexible_en_cours_ROS2/celluleflexible/ros_ws/build/shuttles' returned '0': AMENT_PREFIX_PATH=/home/user/celluleflexible_en_cours_ROS2/celluleflexible/ros_ws/install/aiguillages:${AMENT_PREFIX_PATH} CMAKE_PREFIX_PATH=/home/user/celluleflexible_en_cours_ROS2/celluleflexible/ros_ws/install/aiguillages:/opt/ros/jazzy/opt/gz_math_vendor:/opt/ros/jazzy/opt/gz_utils_vendor:/opt/ros/jazzy/opt/gz_cmake_vendor:/opt/ros/jazzy DEBUGINFOD_URLS=https://debuginfod.ubuntu.com LD_LIBRARY_PATH=/home/user/celluleflexible_en_cours_ROS2/celluleflexible/ros_ws/install/aiguillages/lib:${LD_LIBRARY_PATH} PYTHONPATH=/home/user/celluleflexible_en_cours_ROS2/celluleflexible/ros_ws/install/aiguillages/lib/python3.12/site-packages:${PYTHONPATH} /usr/bin/cmake --install /home/user/celluleflexible_en_cours_ROS2/celluleflexible/ros_ws/build/shuttles
[20.098s] Level 1:colcon.colcon_core.environment:checking '/home/user/celluleflexible_en_cours_ROS2/celluleflexible/ros_ws/install/shuttles' for CMake config files
[20.098s] Level 1:colcon.colcon_core.shell:create_environment_hook('shuttles', 'cmake_prefix_path')
[20.098s] INFO:colcon.colcon_core.shell:Creating environment hook '/home/user/celluleflexible_en_cours_ROS2/celluleflexible/ros_ws/install/shuttles/share/shuttles/hook/cmake_prefix_path.ps1'
[20.099s] INFO:colcon.colcon_core.shell:Creating environment descriptor '/home/user/celluleflexible_en_cours_ROS2/celluleflexible/ros_ws/install/shuttles/share/shuttles/hook/cmake_prefix_path.dsv'
[20.099s] INFO:colcon.colcon_core.shell:Creating environment hook '/home/user/celluleflexible_en_cours_ROS2/celluleflexible/ros_ws/install/shuttles/share/shuttles/hook/cmake_prefix_path.sh'
[20.099s] Level 1:colcon.colcon_core.environment:checking '/home/user/celluleflexible_en_cours_ROS2/celluleflexible/ros_ws/install/shuttles/lib'
[20.099s] Level 1:colcon.colcon_core.shell:create_environment_hook('shuttles', 'ld_library_path_lib')
[20.099s] INFO:colcon.colcon_core.shell:Creating environment hook '/home/user/celluleflexible_en_cours_ROS2/celluleflexible/ros_ws/install/shuttles/share/shuttles/hook/ld_library_path_lib.ps1'
[20.100s] INFO:colcon.colcon_core.shell:Creating environment descriptor '/home/user/celluleflexible_en_cours_ROS2/celluleflexible/ros_ws/install/shuttles/share/shuttles/hook/ld_library_path_lib.dsv'
[20.100s] INFO:colcon.colcon_core.shell:Creating environment hook '/home/user/celluleflexible_en_cours_ROS2/celluleflexible/ros_ws/install/shuttles/share/shuttles/hook/ld_library_path_lib.sh'
[20.100s] Level 1:colcon.colcon_core.environment:checking '/home/user/celluleflexible_en_cours_ROS2/celluleflexible/ros_ws/install/shuttles/bin'
[20.100s] Level 1:colcon.colcon_core.environment:checking '/home/user/celluleflexible_en_cours_ROS2/celluleflexible/ros_ws/install/shuttles/lib/pkgconfig/shuttles.pc'
[20.100s] Level 1:colcon.colcon_core.environment:checking '/home/user/celluleflexible_en_cours_ROS2/celluleflexible/ros_ws/install/shuttles/lib/python3.12/site-packages'
[20.100s] Level 1:colcon.colcon_core.shell:create_environment_hook('shuttles', 'pythonpath')
[20.100s] INFO:colcon.colcon_core.shell:Creating environment hook '/home/user/celluleflexible_en_cours_ROS2/celluleflexible/ros_ws/install/shuttles/share/shuttles/hook/pythonpath.ps1'
[20.100s] INFO:colcon.colcon_core.shell:Creating environment descriptor '/home/user/celluleflexible_en_cours_ROS2/celluleflexible/ros_ws/install/shuttles/share/shuttles/hook/pythonpath.dsv'
[20.101s] INFO:colcon.colcon_core.shell:Creating environment hook '/home/user/celluleflexible_en_cours_ROS2/celluleflexible/ros_ws/install/shuttles/share/shuttles/hook/pythonpath.sh'
[20.101s] Level 1:colcon.colcon_core.environment:checking '/home/user/celluleflexible_en_cours_ROS2/celluleflexible/ros_ws/install/shuttles/bin'
[20.101s] INFO:colcon.colcon_core.shell:Creating package script '/home/user/celluleflexible_en_cours_ROS2/celluleflexible/ros_ws/install/shuttles/share/shuttles/package.ps1'
[20.101s] INFO:colcon.colcon_core.shell:Creating package descriptor '/home/user/celluleflexible_en_cours_ROS2/celluleflexible/ros_ws/install/shuttles/share/shuttles/package.dsv'
[20.101s] INFO:colcon.colcon_core.shell:Creating package script '/home/user/celluleflexible_en_cours_ROS2/celluleflexible/ros_ws/install/shuttles/share/shuttles/package.sh'
[20.102s] INFO:colcon.colcon_core.shell:Creating package script '/home/user/celluleflexible_en_cours_ROS2/celluleflexible/ros_ws/install/shuttles/share/shuttles/package.bash'
[20.102s] INFO:colcon.colcon_core.shell:Creating package script '/home/user/celluleflexible_en_cours_ROS2/celluleflexible/ros_ws/install/shuttles/share/shuttles/package.zsh'
[20.102s] Level 1:colcon.colcon_core.environment:create_file_with_runtime_dependencies(/home/user/celluleflexible_en_cours_ROS2/celluleflexible/ros_ws/install/shuttles/share/colcon-core/packages/shuttles)
[20.103s] Level 1:colcon.colcon_core.environment:create_environment_scripts_only(shuttles)
[20.103s] Level 1:colcon.colcon_core.environment:checking '/home/user/celluleflexible_en_cours_ROS2/celluleflexible/ros_ws/install/shuttles' for CMake module files
[20.103s] Level 1:colcon.colcon_core.environment:checking '/home/user/celluleflexible_en_cours_ROS2/celluleflexible/ros_ws/install/shuttles' for CMake config files
[20.103s] Level 1:colcon.colcon_core.shell:create_environment_hook('shuttles', 'cmake_prefix_path')
[20.103s] INFO:colcon.colcon_core.shell:Creating environment hook '/home/user/celluleflexible_en_cours_ROS2/celluleflexible/ros_ws/install/shuttles/share/shuttles/hook/cmake_prefix_path.ps1'
[20.103s] INFO:colcon.colcon_core.shell:Creating environment descriptor '/home/user/celluleflexible_en_cours_ROS2/celluleflexible/ros_ws/install/shuttles/share/shuttles/hook/cmake_prefix_path.dsv'
[20.104s] INFO:colcon.colcon_core.shell:Creating environment hook '/home/user/celluleflexible_en_cours_ROS2/celluleflexible/ros_ws/install/shuttles/share/shuttles/hook/cmake_prefix_path.sh'
[20.105s] Level 1:colcon.colcon_core.environment:checking '/home/user/celluleflexible_en_cours_ROS2/celluleflexible/ros_ws/install/shuttles/lib'
[20.105s] Level 1:colcon.colcon_core.shell:create_environment_hook('shuttles', 'ld_library_path_lib')
[20.105s] INFO:colcon.colcon_core.shell:Creating environment hook '/home/user/celluleflexible_en_cours_ROS2/celluleflexible/ros_ws/install/shuttles/share/shuttles/hook/ld_library_path_lib.ps1'
[20.105s] INFO:colcon.colcon_core.shell:Creating environment descriptor '/home/user/celluleflexible_en_cours_ROS2/celluleflexible/ros_ws/install/shuttles/share/shuttles/hook/ld_library_path_lib.dsv'
[20.106s] INFO:colcon.colcon_core.shell:Creating environment hook '/home/user/celluleflexible_en_cours_ROS2/celluleflexible/ros_ws/install/shuttles/share/shuttles/hook/ld_library_path_lib.sh'
[20.106s] Level 1:colcon.colcon_core.environment:checking '/home/user/celluleflexible_en_cours_ROS2/celluleflexible/ros_ws/install/shuttles/bin'
[20.106s] Level 1:colcon.colcon_core.environment:checking '/home/user/celluleflexible_en_cours_ROS2/celluleflexible/ros_ws/install/shuttles/lib/pkgconfig/shuttles.pc'
[20.106s] Level 1:colcon.colcon_core.environment:checking '/home/user/celluleflexible_en_cours_ROS2/celluleflexible/ros_ws/install/shuttles/lib/python3.12/site-packages'
[20.106s] Level 1:colcon.colcon_core.shell:create_environment_hook('shuttles', 'pythonpath')
[20.106s] INFO:colcon.colcon_core.shell:Creating environment hook '/home/user/celluleflexible_en_cours_ROS2/celluleflexible/ros_ws/install/shuttles/share/shuttles/hook/pythonpath.ps1'
[20.108s] INFO:colcon.colcon_core.shell:Creating environment descriptor '/home/user/celluleflexible_en_cours_ROS2/celluleflexible/ros_ws/install/shuttles/share/shuttles/hook/pythonpath.dsv'
[20.108s] INFO:colcon.colcon_core.shell:Creating environment hook '/home/user/celluleflexible_en_cours_ROS2/celluleflexible/ros_ws/install/shuttles/share/shuttles/hook/pythonpath.sh'
[20.109s] Level 1:colcon.colcon_core.environment:checking '/home/user/celluleflexible_en_cours_ROS2/celluleflexible/ros_ws/install/shuttles/bin'
[20.109s] INFO:colcon.colcon_core.shell:Creating package script '/home/user/celluleflexible_en_cours_ROS2/celluleflexible/ros_ws/install/shuttles/share/shuttles/package.ps1'
[20.109s] INFO:colcon.colcon_core.shell:Creating package descriptor '/home/user/celluleflexible_en_cours_ROS2/celluleflexible/ros_ws/install/shuttles/share/shuttles/package.dsv'
[20.110s] INFO:colcon.colcon_core.shell:Creating package script '/home/user/celluleflexible_en_cours_ROS2/celluleflexible/ros_ws/install/shuttles/share/shuttles/package.sh'
[20.111s] INFO:colcon.colcon_core.shell:Creating package script '/home/user/celluleflexible_en_cours_ROS2/celluleflexible/ros_ws/install/shuttles/share/shuttles/package.bash'
[20.111s] INFO:colcon.colcon_core.shell:Creating package script '/home/user/celluleflexible_en_cours_ROS2/celluleflexible/ros_ws/install/shuttles/share/shuttles/package.zsh'
[20.112s] Level 1:colcon.colcon_core.environment:create_file_with_runtime_dependencies(/home/user/celluleflexible_en_cours_ROS2/celluleflexible/ros_ws/install/shuttles/share/colcon-core/packages/shuttles)
[28.188s] DEBUG:colcon.colcon_core.event_handler.log_command:Invoked command in '/home/user/celluleflexible_en_cours_ROS2/celluleflexible/ros_ws/build/commande_locale' returned '0': AMENT_PREFIX_PATH=/home/user/celluleflexible_en_cours_ROS2/celluleflexible/ros_ws/install/aiguillages:${AMENT_PREFIX_PATH} CMAKE_PREFIX_PATH=/home/user/celluleflexible_en_cours_ROS2/celluleflexible/ros_ws/install/aiguillages:/opt/ros/jazzy/opt/gz_math_vendor:/opt/ros/jazzy/opt/gz_utils_vendor:/opt/ros/jazzy/opt/gz_cmake_vendor:/opt/ros/jazzy DEBUGINFOD_URLS=https://debuginfod.ubuntu.com LD_LIBRARY_PATH=/home/user/celluleflexible_en_cours_ROS2/celluleflexible/ros_ws/install/aiguillages/lib:${LD_LIBRARY_PATH} PYTHONPATH=/home/user/celluleflexible_en_cours_ROS2/celluleflexible/ros_ws/install/aiguillages/lib/python3.12/site-packages:${PYTHONPATH} /usr/bin/cmake --build /home/user/celluleflexible_en_cours_ROS2/celluleflexible/ros_ws/build/commande_locale -- -j8 -l8
[28.189s] DEBUG:colcon.colcon_core.event_handler.log_command:Invoking command in '/home/user/celluleflexible_en_cours_ROS2/celluleflexible/ros_ws/build/commande_locale': AMENT_PREFIX_PATH=/home/user/celluleflexible_en_cours_ROS2/celluleflexible/ros_ws/install/aiguillages:${AMENT_PREFIX_PATH} CMAKE_PREFIX_PATH=/home/user/celluleflexible_en_cours_ROS2/celluleflexible/ros_ws/install/aiguillages:/opt/ros/jazzy/opt/gz_math_vendor:/opt/ros/jazzy/opt/gz_utils_vendor:/opt/ros/jazzy/opt/gz_cmake_vendor:/opt/ros/jazzy DEBUGINFOD_URLS=https://debuginfod.ubuntu.com LD_LIBRARY_PATH=/home/user/celluleflexible_en_cours_ROS2/celluleflexible/ros_ws/install/aiguillages/lib:${LD_LIBRARY_PATH} PYTHONPATH=/home/user/celluleflexible_en_cours_ROS2/celluleflexible/ros_ws/install/aiguillages/lib/python3.12/site-packages:${PYTHONPATH} /usr/bin/cmake --install /home/user/celluleflexible_en_cours_ROS2/celluleflexible/ros_ws/build/commande_locale
[28.277s] Level 1:colcon.colcon_core.environment:create_environment_scripts_only(commande_locale)
[28.278s] Level 1:colcon.colcon_core.environment:checking '/home/user/celluleflexible_en_cours_ROS2/celluleflexible/ros_ws/install/commande_locale' for CMake module files
[28.278s] DEBUG:colcon.colcon_core.event_handler.log_command:Invoked command in '/home/user/celluleflexible_en_cours_ROS2/celluleflexible/ros_ws/build/commande_locale' returned '0': AMENT_PREFIX_PATH=/home/user/celluleflexible_en_cours_ROS2/celluleflexible/ros_ws/install/aiguillages:${AMENT_PREFIX_PATH} CMAKE_PREFIX_PATH=/home/user/celluleflexible_en_cours_ROS2/celluleflexible/ros_ws/install/aiguillages:/opt/ros/jazzy/opt/gz_math_vendor:/opt/ros/jazzy/opt/gz_utils_vendor:/opt/ros/jazzy/opt/gz_cmake_vendor:/opt/ros/jazzy DEBUGINFOD_URLS=https://debuginfod.ubuntu.com LD_LIBRARY_PATH=/home/user/celluleflexible_en_cours_ROS2/celluleflexible/ros_ws/install/aiguillages/lib:${LD_LIBRARY_PATH} PYTHONPATH=/home/user/celluleflexible_en_cours_ROS2/celluleflexible/ros_ws/install/aiguillages/lib/python3.12/site-packages:${PYTHONPATH} /usr/bin/cmake --install /home/user/celluleflexible_en_cours_ROS2/celluleflexible/ros_ws/build/commande_locale
[28.279s] Level 1:colcon.colcon_core.environment:checking '/home/user/celluleflexible_en_cours_ROS2/celluleflexible/ros_ws/install/commande_locale' for CMake config files
[28.279s] Level 1:colcon.colcon_core.shell:create_environment_hook('commande_locale', 'cmake_prefix_path')
[28.279s] INFO:colcon.colcon_core.shell:Creating environment hook '/home/user/celluleflexible_en_cours_ROS2/celluleflexible/ros_ws/install/commande_locale/share/commande_locale/hook/cmake_prefix_path.ps1'
[28.279s] INFO:colcon.colcon_core.shell:Creating environment descriptor '/home/user/celluleflexible_en_cours_ROS2/celluleflexible/ros_ws/install/commande_locale/share/commande_locale/hook/cmake_prefix_path.dsv'
[28.279s] INFO:colcon.colcon_core.shell:Creating environment hook '/home/user/celluleflexible_en_cours_ROS2/celluleflexible/ros_ws/install/commande_locale/share/commande_locale/hook/cmake_prefix_path.sh'
[28.280s] Level 1:colcon.colcon_core.environment:checking '/home/user/celluleflexible_en_cours_ROS2/celluleflexible/ros_ws/install/commande_locale/lib'
[28.280s] Level 1:colcon.colcon_core.shell:create_environment_hook('commande_locale', 'ld_library_path_lib')
[28.280s] INFO:colcon.colcon_core.shell:Creating environment hook '/home/user/celluleflexible_en_cours_ROS2/celluleflexible/ros_ws/install/commande_locale/share/commande_locale/hook/ld_library_path_lib.ps1'
[28.280s] INFO:colcon.colcon_core.shell:Creating environment descriptor '/home/user/celluleflexible_en_cours_ROS2/celluleflexible/ros_ws/install/commande_locale/share/commande_locale/hook/ld_library_path_lib.dsv'
[28.281s] INFO:colcon.colcon_core.shell:Creating environment hook '/home/user/celluleflexible_en_cours_ROS2/celluleflexible/ros_ws/install/commande_locale/share/commande_locale/hook/ld_library_path_lib.sh'
[28.281s] Level 1:colcon.colcon_core.environment:checking '/home/user/celluleflexible_en_cours_ROS2/celluleflexible/ros_ws/install/commande_locale/bin'
[28.281s] Level 1:colcon.colcon_core.environment:checking '/home/user/celluleflexible_en_cours_ROS2/celluleflexible/ros_ws/install/commande_locale/lib/pkgconfig/commande_locale.pc'
[28.281s] Level 1:colcon.colcon_core.environment:checking '/home/user/celluleflexible_en_cours_ROS2/celluleflexible/ros_ws/install/commande_locale/lib/python3.12/site-packages'
[28.281s] Level 1:colcon.colcon_core.shell:create_environment_hook('commande_locale', 'pythonpath')
[28.281s] INFO:colcon.colcon_core.shell:Creating environment hook '/home/user/celluleflexible_en_cours_ROS2/celluleflexible/ros_ws/install/commande_locale/share/commande_locale/hook/pythonpath.ps1'
[28.281s] INFO:colcon.colcon_core.shell:Creating environment descriptor '/home/user/celluleflexible_en_cours_ROS2/celluleflexible/ros_ws/install/commande_locale/share/commande_locale/hook/pythonpath.dsv'
[28.282s] INFO:colcon.colcon_core.shell:Creating environment hook '/home/user/celluleflexible_en_cours_ROS2/celluleflexible/ros_ws/install/commande_locale/share/commande_locale/hook/pythonpath.sh'
[28.282s] Level 1:colcon.colcon_core.environment:checking '/home/user/celluleflexible_en_cours_ROS2/celluleflexible/ros_ws/install/commande_locale/bin'
[28.282s] INFO:colcon.colcon_core.shell:Creating package script '/home/user/celluleflexible_en_cours_ROS2/celluleflexible/ros_ws/install/commande_locale/share/commande_locale/package.ps1'
[28.283s] INFO:colcon.colcon_core.shell:Creating package descriptor '/home/user/celluleflexible_en_cours_ROS2/celluleflexible/ros_ws/install/commande_locale/share/commande_locale/package.dsv'
[28.283s] INFO:colcon.colcon_core.shell:Creating package script '/home/user/celluleflexible_en_cours_ROS2/celluleflexible/ros_ws/install/commande_locale/share/commande_locale/package.sh'
[28.283s] INFO:colcon.colcon_core.shell:Creating package script '/home/user/celluleflexible_en_cours_ROS2/celluleflexible/ros_ws/install/commande_locale/share/commande_locale/package.bash'
[28.284s] INFO:colcon.colcon_core.shell:Creating package script '/home/user/celluleflexible_en_cours_ROS2/celluleflexible/ros_ws/install/commande_locale/share/commande_locale/package.zsh'
[28.284s] Level 1:colcon.colcon_core.environment:create_file_with_runtime_dependencies(/home/user/celluleflexible_en_cours_ROS2/celluleflexible/ros_ws/install/commande_locale/share/colcon-core/packages/commande_locale)
[28.284s] Level 1:colcon.colcon_core.environment:create_environment_scripts_only(commande_locale)
[28.284s] Level 1:colcon.colcon_core.environment:checking '/home/user/celluleflexible_en_cours_ROS2/celluleflexible/ros_ws/install/commande_locale' for CMake module files
[28.285s] Level 1:colcon.colcon_core.environment:checking '/home/user/celluleflexible_en_cours_ROS2/celluleflexible/ros_ws/install/commande_locale' for CMake config files
[28.285s] Level 1:colcon.colcon_core.shell:create_environment_hook('commande_locale', 'cmake_prefix_path')
[28.285s] INFO:colcon.colcon_core.shell:Creating environment hook '/home/user/celluleflexible_en_cours_ROS2/celluleflexible/ros_ws/install/commande_locale/share/commande_locale/hook/cmake_prefix_path.ps1'
[28.285s] INFO:colcon.colcon_core.shell:Creating environment descriptor '/home/user/celluleflexible_en_cours_ROS2/celluleflexible/ros_ws/install/commande_locale/share/commande_locale/hook/cmake_prefix_path.dsv'
[28.286s] INFO:colcon.colcon_core.shell:Creating environment hook '/home/user/celluleflexible_en_cours_ROS2/celluleflexible/ros_ws/install/commande_locale/share/commande_locale/hook/cmake_prefix_path.sh'
[28.286s] Level 1:colcon.colcon_core.environment:checking '/home/user/celluleflexible_en_cours_ROS2/celluleflexible/ros_ws/install/commande_locale/lib'
[28.286s] Level 1:colcon.colcon_core.shell:create_environment_hook('commande_locale', 'ld_library_path_lib')
[28.286s] INFO:colcon.colcon_core.shell:Creating environment hook '/home/user/celluleflexible_en_cours_ROS2/celluleflexible/ros_ws/install/commande_locale/share/commande_locale/hook/ld_library_path_lib.ps1'
[28.287s] INFO:colcon.colcon_core.shell:Creating environment descriptor '/home/user/celluleflexible_en_cours_ROS2/celluleflexible/ros_ws/install/commande_locale/share/commande_locale/hook/ld_library_path_lib.dsv'
[28.287s] INFO:colcon.colcon_core.shell:Creating environment hook '/home/user/celluleflexible_en_cours_ROS2/celluleflexible/ros_ws/install/commande_locale/share/commande_locale/hook/ld_library_path_lib.sh'
[28.287s] Level 1:colcon.colcon_core.environment:checking '/home/user/celluleflexible_en_cours_ROS2/celluleflexible/ros_ws/install/commande_locale/bin'
[28.287s] Level 1:colcon.colcon_core.environment:checking '/home/user/celluleflexible_en_cours_ROS2/celluleflexible/ros_ws/install/commande_locale/lib/pkgconfig/commande_locale.pc'
[28.288s] Level 1:colcon.colcon_core.environment:checking '/home/user/celluleflexible_en_cours_ROS2/celluleflexible/ros_ws/install/commande_locale/lib/python3.12/site-packages'
[28.288s] Level 1:colcon.colcon_core.shell:create_environment_hook('commande_locale', 'pythonpath')
[28.288s] INFO:colcon.colcon_core.shell:Creating environment hook '/home/user/celluleflexible_en_cours_ROS2/celluleflexible/ros_ws/install/commande_locale/share/commande_locale/hook/pythonpath.ps1'
[28.288s] INFO:colcon.colcon_core.shell:Creating environment descriptor '/home/user/celluleflexible_en_cours_ROS2/celluleflexible/ros_ws/install/commande_locale/share/commande_locale/hook/pythonpath.dsv'
[28.288s] INFO:colcon.colcon_core.shell:Creating environment hook '/home/user/celluleflexible_en_cours_ROS2/celluleflexible/ros_ws/install/commande_locale/share/commande_locale/hook/pythonpath.sh'
[28.289s] Level 1:colcon.colcon_core.environment:checking '/home/user/celluleflexible_en_cours_ROS2/celluleflexible/ros_ws/install/commande_locale/bin'
[28.289s] INFO:colcon.colcon_core.shell:Creating package script '/home/user/celluleflexible_en_cours_ROS2/celluleflexible/ros_ws/install/commande_locale/share/commande_locale/package.ps1'
[28.290s] INFO:colcon.colcon_core.shell:Creating package descriptor '/home/user/celluleflexible_en_cours_ROS2/celluleflexible/ros_ws/install/commande_locale/share/commande_locale/package.dsv'
[28.290s] INFO:colcon.colcon_core.shell:Creating package script '/home/user/celluleflexible_en_cours_ROS2/celluleflexible/ros_ws/install/commande_locale/share/commande_locale/package.sh'
[28.291s] INFO:colcon.colcon_core.shell:Creating package script '/home/user/celluleflexible_en_cours_ROS2/celluleflexible/ros_ws/install/commande_locale/share/commande_locale/package.bash'
[28.291s] INFO:colcon.colcon_core.shell:Creating package script '/home/user/celluleflexible_en_cours_ROS2/celluleflexible/ros_ws/install/commande_locale/share/commande_locale/package.zsh'
[28.292s] Level 1:colcon.colcon_core.environment:create_file_with_runtime_dependencies(/home/user/celluleflexible_en_cours_ROS2/celluleflexible/ros_ws/install/commande_locale/share/colcon-core/packages/commande_locale)
[28.292s] INFO:colcon.colcon_ros.task.ament_cmake.build:Building ROS package in '/home/user/celluleflexible_en_cours_ROS2/celluleflexible/ros_ws/src/robots' with build type 'ament_cmake'
[28.292s] INFO:colcon.colcon_cmake.task.cmake.build:Building CMake package in '/home/user/celluleflexible_en_cours_ROS2/celluleflexible/ros_ws/src/robots'
[28.293s] INFO:colcon.colcon_core.shell:Skip shell extension 'powershell' for command environment: Not usable outside of PowerShell
[28.293s] DEBUG:colcon.colcon_core.shell:Skip shell extension 'dsv' for command environment
[28.310s] DEBUG:colcon.colcon_core.event_handler.log_command:Invoking command in '/home/user/celluleflexible_en_cours_ROS2/celluleflexible/ros_ws/build/robots': AMENT_PREFIX_PATH=/home/user/celluleflexible_en_cours_ROS2/celluleflexible/ros_ws/install/shuttles:/home/user/celluleflexible_en_cours_ROS2/celluleflexible/ros_ws/install/commande_locale:/home/user/celluleflexible_en_cours_ROS2/celluleflexible/ros_ws/install/aiguillages:${AMENT_PREFIX_PATH} CMAKE_PREFIX_PATH=/home/user/celluleflexible_en_cours_ROS2/celluleflexible/ros_ws/install/shuttles:/home/user/celluleflexible_en_cours_ROS2/celluleflexible/ros_ws/install/commande_locale:/home/user/celluleflexible_en_cours_ROS2/celluleflexible/ros_ws/install/aiguillages:/opt/ros/jazzy/opt/gz_math_vendor:/opt/ros/jazzy/opt/gz_utils_vendor:/opt/ros/jazzy/opt/gz_cmake_vendor:/opt/ros/jazzy DEBUGINFOD_URLS=https://debuginfod.ubuntu.com LD_LIBRARY_PATH=/home/user/celluleflexible_en_cours_ROS2/celluleflexible/ros_ws/install/shuttles/lib:/home/user/celluleflexible_en_cours_ROS2/celluleflexible/ros_ws/install/commande_locale/lib:/home/user/celluleflexible_en_cours_ROS2/celluleflexible/ros_ws/install/aiguillages/lib:${LD_LIBRARY_PATH} PYTHONPATH=/home/user/celluleflexible_en_cours_ROS2/celluleflexible/ros_ws/install/shuttles/lib/python3.12/site-packages:/home/user/celluleflexible_en_cours_ROS2/celluleflexible/ros_ws/install/commande_locale/lib/python3.12/site-packages:/home/user/celluleflexible_en_cours_ROS2/celluleflexible/ros_ws/install/aiguillages/lib/python3.12/site-packages:${PYTHONPATH} /usr/bin/cmake /home/user/celluleflexible_en_cours_ROS2/celluleflexible/ros_ws/src/robots -DCMAKE_INSTALL_PREFIX=/home/user/celluleflexible_en_cours_ROS2/celluleflexible/ros_ws/install/robots
[30.602s] DEBUG:colcon.colcon_core.event_handler.log_command:Invoked command in '/home/user/celluleflexible_en_cours_ROS2/celluleflexible/ros_ws/build/robots' returned '0': AMENT_PREFIX_PATH=/home/user/celluleflexible_en_cours_ROS2/celluleflexible/ros_ws/install/shuttles:/home/user/celluleflexible_en_cours_ROS2/celluleflexible/ros_ws/install/commande_locale:/home/user/celluleflexible_en_cours_ROS2/celluleflexible/ros_ws/install/aiguillages:${AMENT_PREFIX_PATH} CMAKE_PREFIX_PATH=/home/user/celluleflexible_en_cours_ROS2/celluleflexible/ros_ws/install/shuttles:/home/user/celluleflexible_en_cours_ROS2/celluleflexible/ros_ws/install/commande_locale:/home/user/celluleflexible_en_cours_ROS2/celluleflexible/ros_ws/install/aiguillages:/opt/ros/jazzy/opt/gz_math_vendor:/opt/ros/jazzy/opt/gz_utils_vendor:/opt/ros/jazzy/opt/gz_cmake_vendor:/opt/ros/jazzy DEBUGINFOD_URLS=https://debuginfod.ubuntu.com LD_LIBRARY_PATH=/home/user/celluleflexible_en_cours_ROS2/celluleflexible/ros_ws/install/shuttles/lib:/home/user/celluleflexible_en_cours_ROS2/celluleflexible/ros_ws/install/commande_locale/lib:/home/user/celluleflexible_en_cours_ROS2/celluleflexible/ros_ws/install/aiguillages/lib:${LD_LIBRARY_PATH} PYTHONPATH=/home/user/celluleflexible_en_cours_ROS2/celluleflexible/ros_ws/install/shuttles/lib/python3.12/site-packages:/home/user/celluleflexible_en_cours_ROS2/celluleflexible/ros_ws/install/commande_locale/lib/python3.12/site-packages:/home/user/celluleflexible_en_cours_ROS2/celluleflexible/ros_ws/install/aiguillages/lib/python3.12/site-packages:${PYTHONPATH} /usr/bin/cmake /home/user/celluleflexible_en_cours_ROS2/celluleflexible/ros_ws/src/robots -DCMAKE_INSTALL_PREFIX=/home/user/celluleflexible_en_cours_ROS2/celluleflexible/ros_ws/install/robots
[30.603s] DEBUG:colcon.colcon_core.event_handler.log_command:Invoking command in '/home/user/celluleflexible_en_cours_ROS2/celluleflexible/ros_ws/build/robots': AMENT_PREFIX_PATH=/home/user/celluleflexible_en_cours_ROS2/celluleflexible/ros_ws/install/shuttles:/home/user/celluleflexible_en_cours_ROS2/celluleflexible/ros_ws/install/commande_locale:/home/user/celluleflexible_en_cours_ROS2/celluleflexible/ros_ws/install/aiguillages:${AMENT_PREFIX_PATH} CMAKE_PREFIX_PATH=/home/user/celluleflexible_en_cours_ROS2/celluleflexible/ros_ws/install/shuttles:/home/user/celluleflexible_en_cours_ROS2/celluleflexible/ros_ws/install/commande_locale:/home/user/celluleflexible_en_cours_ROS2/celluleflexible/ros_ws/install/aiguillages:/opt/ros/jazzy/opt/gz_math_vendor:/opt/ros/jazzy/opt/gz_utils_vendor:/opt/ros/jazzy/opt/gz_cmake_vendor:/opt/ros/jazzy DEBUGINFOD_URLS=https://debuginfod.ubuntu.com LD_LIBRARY_PATH=/home/user/celluleflexible_en_cours_ROS2/celluleflexible/ros_ws/install/shuttles/lib:/home/user/celluleflexible_en_cours_ROS2/celluleflexible/ros_ws/install/commande_locale/lib:/home/user/celluleflexible_en_cours_ROS2/celluleflexible/ros_ws/install/aiguillages/lib:${LD_LIBRARY_PATH} PYTHONPATH=/home/user/celluleflexible_en_cours_ROS2/celluleflexible/ros_ws/install/shuttles/lib/python3.12/site-packages:/home/user/celluleflexible_en_cours_ROS2/celluleflexible/ros_ws/install/commande_locale/lib/python3.12/site-packages:/home/user/celluleflexible_en_cours_ROS2/celluleflexible/ros_ws/install/aiguillages/lib/python3.12/site-packages:${PYTHONPATH} /usr/bin/cmake --build /home/user/celluleflexible_en_cours_ROS2/celluleflexible/ros_ws/build/robots -- -j8 -l8
[49.710s] DEBUG:colcon.colcon_core.event_handler.log_command:Invoked command in '/home/user/celluleflexible_en_cours_ROS2/celluleflexible/ros_ws/build/robots' returned '0': AMENT_PREFIX_PATH=/home/user/celluleflexible_en_cours_ROS2/celluleflexible/ros_ws/install/shuttles:/home/user/celluleflexible_en_cours_ROS2/celluleflexible/ros_ws/install/commande_locale:/home/user/celluleflexible_en_cours_ROS2/celluleflexible/ros_ws/install/aiguillages:${AMENT_PREFIX_PATH} CMAKE_PREFIX_PATH=/home/user/celluleflexible_en_cours_ROS2/celluleflexible/ros_ws/install/shuttles:/home/user/celluleflexible_en_cours_ROS2/celluleflexible/ros_ws/install/commande_locale:/home/user/celluleflexible_en_cours_ROS2/celluleflexible/ros_ws/install/aiguillages:/opt/ros/jazzy/opt/gz_math_vendor:/opt/ros/jazzy/opt/gz_utils_vendor:/opt/ros/jazzy/opt/gz_cmake_vendor:/opt/ros/jazzy DEBUGINFOD_URLS=https://debuginfod.ubuntu.com LD_LIBRARY_PATH=/home/user/celluleflexible_en_cours_ROS2/celluleflexible/ros_ws/install/shuttles/lib:/home/user/celluleflexible_en_cours_ROS2/celluleflexible/ros_ws/install/commande_locale/lib:/home/user/celluleflexible_en_cours_ROS2/celluleflexible/ros_ws/install/aiguillages/lib:${LD_LIBRARY_PATH} PYTHONPATH=/home/user/celluleflexible_en_cours_ROS2/celluleflexible/ros_ws/install/shuttles/lib/python3.12/site-packages:/home/user/celluleflexible_en_cours_ROS2/celluleflexible/ros_ws/install/commande_locale/lib/python3.12/site-packages:/home/user/celluleflexible_en_cours_ROS2/celluleflexible/ros_ws/install/aiguillages/lib/python3.12/site-packages:${PYTHONPATH} /usr/bin/cmake --build /home/user/celluleflexible_en_cours_ROS2/celluleflexible/ros_ws/build/robots -- -j8 -l8
[49.712s] DEBUG:colcon.colcon_core.event_handler.log_command:Invoking command in '/home/user/celluleflexible_en_cours_ROS2/celluleflexible/ros_ws/build/robots': AMENT_PREFIX_PATH=/home/user/celluleflexible_en_cours_ROS2/celluleflexible/ros_ws/install/shuttles:/home/user/celluleflexible_en_cours_ROS2/celluleflexible/ros_ws/install/commande_locale:/home/user/celluleflexible_en_cours_ROS2/celluleflexible/ros_ws/install/aiguillages:${AMENT_PREFIX_PATH} CMAKE_PREFIX_PATH=/home/user/celluleflexible_en_cours_ROS2/celluleflexible/ros_ws/install/shuttles:/home/user/celluleflexible_en_cours_ROS2/celluleflexible/ros_ws/install/commande_locale:/home/user/celluleflexible_en_cours_ROS2/celluleflexible/ros_ws/install/aiguillages:/opt/ros/jazzy/opt/gz_math_vendor:/opt/ros/jazzy/opt/gz_utils_vendor:/opt/ros/jazzy/opt/gz_cmake_vendor:/opt/ros/jazzy DEBUGINFOD_URLS=https://debuginfod.ubuntu.com LD_LIBRARY_PATH=/home/user/celluleflexible_en_cours_ROS2/celluleflexible/ros_ws/install/shuttles/lib:/home/user/celluleflexible_en_cours_ROS2/celluleflexible/ros_ws/install/commande_locale/lib:/home/user/celluleflexible_en_cours_ROS2/celluleflexible/ros_ws/install/aiguillages/lib:${LD_LIBRARY_PATH} PYTHONPATH=/home/user/celluleflexible_en_cours_ROS2/celluleflexible/ros_ws/install/shuttles/lib/python3.12/site-packages:/home/user/celluleflexible_en_cours_ROS2/celluleflexible/ros_ws/install/commande_locale/lib/python3.12/site-packages:/home/user/celluleflexible_en_cours_ROS2/celluleflexible/ros_ws/install/aiguillages/lib/python3.12/site-packages:${PYTHONPATH} /usr/bin/cmake --install /home/user/celluleflexible_en_cours_ROS2/celluleflexible/ros_ws/build/robots
[49.783s] Level 1:colcon.colcon_core.environment:create_environment_scripts_only(robots)
[49.783s] Level 1:colcon.colcon_core.environment:checking '/home/user/celluleflexible_en_cours_ROS2/celluleflexible/ros_ws/install/robots' for CMake module files
[49.784s] DEBUG:colcon.colcon_core.event_handler.log_command:Invoked command in '/home/user/celluleflexible_en_cours_ROS2/celluleflexible/ros_ws/build/robots' returned '0': AMENT_PREFIX_PATH=/home/user/celluleflexible_en_cours_ROS2/celluleflexible/ros_ws/install/shuttles:/home/user/celluleflexible_en_cours_ROS2/celluleflexible/ros_ws/install/commande_locale:/home/user/celluleflexible_en_cours_ROS2/celluleflexible/ros_ws/install/aiguillages:${AMENT_PREFIX_PATH} CMAKE_PREFIX_PATH=/home/user/celluleflexible_en_cours_ROS2/celluleflexible/ros_ws/install/shuttles:/home/user/celluleflexible_en_cours_ROS2/celluleflexible/ros_ws/install/commande_locale:/home/user/celluleflexible_en_cours_ROS2/celluleflexible/ros_ws/install/aiguillages:/opt/ros/jazzy/opt/gz_math_vendor:/opt/ros/jazzy/opt/gz_utils_vendor:/opt/ros/jazzy/opt/gz_cmake_vendor:/opt/ros/jazzy DEBUGINFOD_URLS=https://debuginfod.ubuntu.com LD_LIBRARY_PATH=/home/user/celluleflexible_en_cours_ROS2/celluleflexible/ros_ws/install/shuttles/lib:/home/user/celluleflexible_en_cours_ROS2/celluleflexible/ros_ws/install/commande_locale/lib:/home/user/celluleflexible_en_cours_ROS2/celluleflexible/ros_ws/install/aiguillages/lib:${LD_LIBRARY_PATH} PYTHONPATH=/home/user/celluleflexible_en_cours_ROS2/celluleflexible/ros_ws/install/shuttles/lib/python3.12/site-packages:/home/user/celluleflexible_en_cours_ROS2/celluleflexible/ros_ws/install/commande_locale/lib/python3.12/site-packages:/home/user/celluleflexible_en_cours_ROS2/celluleflexible/ros_ws/install/aiguillages/lib/python3.12/site-packages:${PYTHONPATH} /usr/bin/cmake --install /home/user/celluleflexible_en_cours_ROS2/celluleflexible/ros_ws/build/robots
[49.784s] Level 1:colcon.colcon_core.environment:checking '/home/user/celluleflexible_en_cours_ROS2/celluleflexible/ros_ws/install/robots' for CMake config files
[49.785s] Level 1:colcon.colcon_core.shell:create_environment_hook('robots', 'cmake_prefix_path')
[49.785s] INFO:colcon.colcon_core.shell:Creating environment hook '/home/user/celluleflexible_en_cours_ROS2/celluleflexible/ros_ws/install/robots/share/robots/hook/cmake_prefix_path.ps1'
[49.785s] INFO:colcon.colcon_core.shell:Creating environment descriptor '/home/user/celluleflexible_en_cours_ROS2/celluleflexible/ros_ws/install/robots/share/robots/hook/cmake_prefix_path.dsv'
[49.785s] INFO:colcon.colcon_core.shell:Creating environment hook '/home/user/celluleflexible_en_cours_ROS2/celluleflexible/ros_ws/install/robots/share/robots/hook/cmake_prefix_path.sh'
[49.786s] Level 1:colcon.colcon_core.environment:checking '/home/user/celluleflexible_en_cours_ROS2/celluleflexible/ros_ws/install/robots/lib'
[49.786s] Level 1:colcon.colcon_core.shell:create_environment_hook('robots', 'ld_library_path_lib')
[49.786s] INFO:colcon.colcon_core.shell:Creating environment hook '/home/user/celluleflexible_en_cours_ROS2/celluleflexible/ros_ws/install/robots/share/robots/hook/ld_library_path_lib.ps1'
[49.786s] INFO:colcon.colcon_core.shell:Creating environment descriptor '/home/user/celluleflexible_en_cours_ROS2/celluleflexible/ros_ws/install/robots/share/robots/hook/ld_library_path_lib.dsv'
[49.786s] INFO:colcon.colcon_core.shell:Creating environment hook '/home/user/celluleflexible_en_cours_ROS2/celluleflexible/ros_ws/install/robots/share/robots/hook/ld_library_path_lib.sh'
[49.786s] Level 1:colcon.colcon_core.environment:checking '/home/user/celluleflexible_en_cours_ROS2/celluleflexible/ros_ws/install/robots/bin'
[49.786s] Level 1:colcon.colcon_core.environment:checking '/home/user/celluleflexible_en_cours_ROS2/celluleflexible/ros_ws/install/robots/lib/pkgconfig/robots.pc'
[49.786s] Level 1:colcon.colcon_core.environment:checking '/home/user/celluleflexible_en_cours_ROS2/celluleflexible/ros_ws/install/robots/lib/python3.12/site-packages'
[49.786s] Level 1:colcon.colcon_core.shell:create_environment_hook('robots', 'pythonpath')
[49.787s] INFO:colcon.colcon_core.shell:Creating environment hook '/home/user/celluleflexible_en_cours_ROS2/celluleflexible/ros_ws/install/robots/share/robots/hook/pythonpath.ps1'
[49.787s] INFO:colcon.colcon_core.shell:Creating environment descriptor '/home/user/celluleflexible_en_cours_ROS2/celluleflexible/ros_ws/install/robots/share/robots/hook/pythonpath.dsv'
[49.787s] INFO:colcon.colcon_core.shell:Creating environment hook '/home/user/celluleflexible_en_cours_ROS2/celluleflexible/ros_ws/install/robots/share/robots/hook/pythonpath.sh'
[49.787s] Level 1:colcon.colcon_core.environment:checking '/home/user/celluleflexible_en_cours_ROS2/celluleflexible/ros_ws/install/robots/bin'
[49.787s] INFO:colcon.colcon_core.shell:Creating package script '/home/user/celluleflexible_en_cours_ROS2/celluleflexible/ros_ws/install/robots/share/robots/package.ps1'
[49.788s] INFO:colcon.colcon_core.shell:Creating package descriptor '/home/user/celluleflexible_en_cours_ROS2/celluleflexible/ros_ws/install/robots/share/robots/package.dsv'
[49.788s] INFO:colcon.colcon_core.shell:Creating package script '/home/user/celluleflexible_en_cours_ROS2/celluleflexible/ros_ws/install/robots/share/robots/package.sh'
[49.788s] INFO:colcon.colcon_core.shell:Creating package script '/home/user/celluleflexible_en_cours_ROS2/celluleflexible/ros_ws/install/robots/share/robots/package.bash'
[49.789s] INFO:colcon.colcon_core.shell:Creating package script '/home/user/celluleflexible_en_cours_ROS2/celluleflexible/ros_ws/install/robots/share/robots/package.zsh'
[49.789s] Level 1:colcon.colcon_core.environment:create_file_with_runtime_dependencies(/home/user/celluleflexible_en_cours_ROS2/celluleflexible/ros_ws/install/robots/share/colcon-core/packages/robots)
[49.789s] Level 1:colcon.colcon_core.environment:create_environment_scripts_only(robots)
[49.789s] Level 1:colcon.colcon_core.environment:checking '/home/user/celluleflexible_en_cours_ROS2/celluleflexible/ros_ws/install/robots' for CMake module files
[49.789s] Level 1:colcon.colcon_core.environment:checking '/home/user/celluleflexible_en_cours_ROS2/celluleflexible/ros_ws/install/robots' for CMake config files
[49.789s] Level 1:colcon.colcon_core.shell:create_environment_hook('robots', 'cmake_prefix_path')
[49.790s] INFO:colcon.colcon_core.shell:Creating environment hook '/home/user/celluleflexible_en_cours_ROS2/celluleflexible/ros_ws/install/robots/share/robots/hook/cmake_prefix_path.ps1'
[49.790s] INFO:colcon.colcon_core.shell:Creating environment descriptor '/home/user/celluleflexible_en_cours_ROS2/celluleflexible/ros_ws/install/robots/share/robots/hook/cmake_prefix_path.dsv'
[49.790s] INFO:colcon.colcon_core.shell:Creating environment hook '/home/user/celluleflexible_en_cours_ROS2/celluleflexible/ros_ws/install/robots/share/robots/hook/cmake_prefix_path.sh'
[49.791s] Level 1:colcon.colcon_core.environment:checking '/home/user/celluleflexible_en_cours_ROS2/celluleflexible/ros_ws/install/robots/lib'
[49.791s] Level 1:colcon.colcon_core.shell:create_environment_hook('robots', 'ld_library_path_lib')
[49.791s] INFO:colcon.colcon_core.shell:Creating environment hook '/home/user/celluleflexible_en_cours_ROS2/celluleflexible/ros_ws/install/robots/share/robots/hook/ld_library_path_lib.ps1'
[49.792s] INFO:colcon.colcon_core.shell:Creating environment descriptor '/home/user/celluleflexible_en_cours_ROS2/celluleflexible/ros_ws/install/robots/share/robots/hook/ld_library_path_lib.dsv'
[49.792s] INFO:colcon.colcon_core.shell:Creating environment hook '/home/user/celluleflexible_en_cours_ROS2/celluleflexible/ros_ws/install/robots/share/robots/hook/ld_library_path_lib.sh'
[49.792s] Level 1:colcon.colcon_core.environment:checking '/home/user/celluleflexible_en_cours_ROS2/celluleflexible/ros_ws/install/robots/bin'
[49.793s] Level 1:colcon.colcon_core.environment:checking '/home/user/celluleflexible_en_cours_ROS2/celluleflexible/ros_ws/install/robots/lib/pkgconfig/robots.pc'
[49.793s] Level 1:colcon.colcon_core.environment:checking '/home/user/celluleflexible_en_cours_ROS2/celluleflexible/ros_ws/install/robots/lib/python3.12/site-packages'
[49.793s] Level 1:colcon.colcon_core.shell:create_environment_hook('robots', 'pythonpath')
[49.793s] INFO:colcon.colcon_core.shell:Creating environment hook '/home/user/celluleflexible_en_cours_ROS2/celluleflexible/ros_ws/install/robots/share/robots/hook/pythonpath.ps1'
[49.793s] INFO:colcon.colcon_core.shell:Creating environment descriptor '/home/user/celluleflexible_en_cours_ROS2/celluleflexible/ros_ws/install/robots/share/robots/hook/pythonpath.dsv'
[49.794s] INFO:colcon.colcon_core.shell:Creating environment hook '/home/user/celluleflexible_en_cours_ROS2/celluleflexible/ros_ws/install/robots/share/robots/hook/pythonpath.sh'
[49.794s] Level 1:colcon.colcon_core.environment:checking '/home/user/celluleflexible_en_cours_ROS2/celluleflexible/ros_ws/install/robots/bin'
[49.794s] INFO:colcon.colcon_core.shell:Creating package script '/home/user/celluleflexible_en_cours_ROS2/celluleflexible/ros_ws/install/robots/share/robots/package.ps1'
[49.795s] INFO:colcon.colcon_core.shell:Creating package descriptor '/home/user/celluleflexible_en_cours_ROS2/celluleflexible/ros_ws/install/robots/share/robots/package.dsv'
[49.795s] INFO:colcon.colcon_core.shell:Creating package script '/home/user/celluleflexible_en_cours_ROS2/celluleflexible/ros_ws/install/robots/share/robots/package.sh'
[49.796s] INFO:colcon.colcon_core.shell:Creating package script '/home/user/celluleflexible_en_cours_ROS2/celluleflexible/ros_ws/install/robots/share/robots/package.bash'
[49.797s] INFO:colcon.colcon_core.shell:Creating package script '/home/user/celluleflexible_en_cours_ROS2/celluleflexible/ros_ws/install/robots/share/robots/package.zsh'
[49.797s] Level 1:colcon.colcon_core.environment:create_file_with_runtime_dependencies(/home/user/celluleflexible_en_cours_ROS2/celluleflexible/ros_ws/install/robots/share/colcon-core/packages/robots)
[49.797s] INFO:colcon.colcon_ros.task.ament_cmake.build:Building ROS package in '/home/user/celluleflexible_en_cours_ROS2/celluleflexible/ros_ws/src/commande' with build type 'ament_cmake'
[49.797s] INFO:colcon.colcon_cmake.task.cmake.build:Building CMake package in '/home/user/celluleflexible_en_cours_ROS2/celluleflexible/ros_ws/src/commande'
[49.798s] INFO:colcon.colcon_core.shell:Skip shell extension 'powershell' for command environment: Not usable outside of PowerShell
[49.798s] DEBUG:colcon.colcon_core.shell:Skip shell extension 'dsv' for command environment
[49.821s] DEBUG:colcon.colcon_core.event_handler.log_command:Invoking command in '/home/user/celluleflexible_en_cours_ROS2/celluleflexible/ros_ws/build/commande': AMENT_PREFIX_PATH=/home/user/celluleflexible_en_cours_ROS2/celluleflexible/ros_ws/install/robots:/home/user/celluleflexible_en_cours_ROS2/celluleflexible/ros_ws/install/shuttles:/home/user/celluleflexible_en_cours_ROS2/celluleflexible/ros_ws/install/commande_locale:/home/user/celluleflexible_en_cours_ROS2/celluleflexible/ros_ws/install/aiguillages:${AMENT_PREFIX_PATH} CMAKE_PREFIX_PATH=/home/user/celluleflexible_en_cours_ROS2/celluleflexible/ros_ws/install/robots:/home/user/celluleflexible_en_cours_ROS2/celluleflexible/ros_ws/install/shuttles:/home/user/celluleflexible_en_cours_ROS2/celluleflexible/ros_ws/install/commande_locale:/home/user/celluleflexible_en_cours_ROS2/celluleflexible/ros_ws/install/aiguillages:/opt/ros/jazzy/opt/gz_math_vendor:/opt/ros/jazzy/opt/gz_utils_vendor:/opt/ros/jazzy/opt/gz_cmake_vendor:/opt/ros/jazzy DEBUGINFOD_URLS=https://debuginfod.ubuntu.com LD_LIBRARY_PATH=/home/user/celluleflexible_en_cours_ROS2/celluleflexible/ros_ws/install/robots/lib:/home/user/celluleflexible_en_cours_ROS2/celluleflexible/ros_ws/install/shuttles/lib:/home/user/celluleflexible_en_cours_ROS2/celluleflexible/ros_ws/install/commande_locale/lib:/home/user/celluleflexible_en_cours_ROS2/celluleflexible/ros_ws/install/aiguillages/lib:${LD_LIBRARY_PATH} PYTHONPATH=/home/user/celluleflexible_en_cours_ROS2/celluleflexible/ros_ws/install/robots/lib/python3.12/site-packages:/home/user/celluleflexible_en_cours_ROS2/celluleflexible/ros_ws/install/shuttles/lib/python3.12/site-packages:/home/user/celluleflexible_en_cours_ROS2/celluleflexible/ros_ws/install/commande_locale/lib/python3.12/site-packages:/home/user/celluleflexible_en_cours_ROS2/celluleflexible/ros_ws/install/aiguillages/lib/python3.12/site-packages:${PYTHONPATH} /usr/bin/cmake /home/user/celluleflexible_en_cours_ROS2/celluleflexible/ros_ws/src/commande -DCMAKE_INSTALL_PREFIX=/home/user/celluleflexible_en_cours_ROS2/celluleflexible/ros_ws/install/commande
[50.649s] DEBUG:colcon.colcon_core.event_handler.log_command:Invoked command in '/home/user/celluleflexible_en_cours_ROS2/celluleflexible/ros_ws/build/commande' returned '0': AMENT_PREFIX_PATH=/home/user/celluleflexible_en_cours_ROS2/celluleflexible/ros_ws/install/robots:/home/user/celluleflexible_en_cours_ROS2/celluleflexible/ros_ws/install/shuttles:/home/user/celluleflexible_en_cours_ROS2/celluleflexible/ros_ws/install/commande_locale:/home/user/celluleflexible_en_cours_ROS2/celluleflexible/ros_ws/install/aiguillages:${AMENT_PREFIX_PATH} CMAKE_PREFIX_PATH=/home/user/celluleflexible_en_cours_ROS2/celluleflexible/ros_ws/install/robots:/home/user/celluleflexible_en_cours_ROS2/celluleflexible/ros_ws/install/shuttles:/home/user/celluleflexible_en_cours_ROS2/celluleflexible/ros_ws/install/commande_locale:/home/user/celluleflexible_en_cours_ROS2/celluleflexible/ros_ws/install/aiguillages:/opt/ros/jazzy/opt/gz_math_vendor:/opt/ros/jazzy/opt/gz_utils_vendor:/opt/ros/jazzy/opt/gz_cmake_vendor:/opt/ros/jazzy DEBUGINFOD_URLS=https://debuginfod.ubuntu.com LD_LIBRARY_PATH=/home/user/celluleflexible_en_cours_ROS2/celluleflexible/ros_ws/install/robots/lib:/home/user/celluleflexible_en_cours_ROS2/celluleflexible/ros_ws/install/shuttles/lib:/home/user/celluleflexible_en_cours_ROS2/celluleflexible/ros_ws/install/commande_locale/lib:/home/user/celluleflexible_en_cours_ROS2/celluleflexible/ros_ws/install/aiguillages/lib:${LD_LIBRARY_PATH} PYTHONPATH=/home/user/celluleflexible_en_cours_ROS2/celluleflexible/ros_ws/install/robots/lib/python3.12/site-packages:/home/user/celluleflexible_en_cours_ROS2/celluleflexible/ros_ws/install/shuttles/lib/python3.12/site-packages:/home/user/celluleflexible_en_cours_ROS2/celluleflexible/ros_ws/install/commande_locale/lib/python3.12/site-packages:/home/user/celluleflexible_en_cours_ROS2/celluleflexible/ros_ws/install/aiguillages/lib/python3.12/site-packages:${PYTHONPATH} /usr/bin/cmake /home/user/celluleflexible_en_cours_ROS2/celluleflexible/ros_ws/src/commande -DCMAKE_INSTALL_PREFIX=/home/user/celluleflexible_en_cours_ROS2/celluleflexible/ros_ws/install/commande
[50.649s] DEBUG:colcon.colcon_core.event_handler.log_command:Invoking command in '/home/user/celluleflexible_en_cours_ROS2/celluleflexible/ros_ws/build/commande': AMENT_PREFIX_PATH=/home/user/celluleflexible_en_cours_ROS2/celluleflexible/ros_ws/install/robots:/home/user/celluleflexible_en_cours_ROS2/celluleflexible/ros_ws/install/shuttles:/home/user/celluleflexible_en_cours_ROS2/celluleflexible/ros_ws/install/commande_locale:/home/user/celluleflexible_en_cours_ROS2/celluleflexible/ros_ws/install/aiguillages:${AMENT_PREFIX_PATH} CMAKE_PREFIX_PATH=/home/user/celluleflexible_en_cours_ROS2/celluleflexible/ros_ws/install/robots:/home/user/celluleflexible_en_cours_ROS2/celluleflexible/ros_ws/install/shuttles:/home/user/celluleflexible_en_cours_ROS2/celluleflexible/ros_ws/install/commande_locale:/home/user/celluleflexible_en_cours_ROS2/celluleflexible/ros_ws/install/aiguillages:/opt/ros/jazzy/opt/gz_math_vendor:/opt/ros/jazzy/opt/gz_utils_vendor:/opt/ros/jazzy/opt/gz_cmake_vendor:/opt/ros/jazzy DEBUGINFOD_URLS=https://debuginfod.ubuntu.com LD_LIBRARY_PATH=/home/user/celluleflexible_en_cours_ROS2/celluleflexible/ros_ws/install/robots/lib:/home/user/celluleflexible_en_cours_ROS2/celluleflexible/ros_ws/install/shuttles/lib:/home/user/celluleflexible_en_cours_ROS2/celluleflexible/ros_ws/install/commande_locale/lib:/home/user/celluleflexible_en_cours_ROS2/celluleflexible/ros_ws/install/aiguillages/lib:${LD_LIBRARY_PATH} PYTHONPATH=/home/user/celluleflexible_en_cours_ROS2/celluleflexible/ros_ws/install/robots/lib/python3.12/site-packages:/home/user/celluleflexible_en_cours_ROS2/celluleflexible/ros_ws/install/shuttles/lib/python3.12/site-packages:/home/user/celluleflexible_en_cours_ROS2/celluleflexible/ros_ws/install/commande_locale/lib/python3.12/site-packages:/home/user/celluleflexible_en_cours_ROS2/celluleflexible/ros_ws/install/aiguillages/lib/python3.12/site-packages:${PYTHONPATH} /usr/bin/cmake --build /home/user/celluleflexible_en_cours_ROS2/celluleflexible/ros_ws/build/commande -- -j8 -l8
[60.242s] DEBUG:colcon.colcon_core.event_handler.log_command:Invoked command in '/home/user/celluleflexible_en_cours_ROS2/celluleflexible/ros_ws/build/commande' returned '0': AMENT_PREFIX_PATH=/home/user/celluleflexible_en_cours_ROS2/celluleflexible/ros_ws/install/robots:/home/user/celluleflexible_en_cours_ROS2/celluleflexible/ros_ws/install/shuttles:/home/user/celluleflexible_en_cours_ROS2/celluleflexible/ros_ws/install/commande_locale:/home/user/celluleflexible_en_cours_ROS2/celluleflexible/ros_ws/install/aiguillages:${AMENT_PREFIX_PATH} CMAKE_PREFIX_PATH=/home/user/celluleflexible_en_cours_ROS2/celluleflexible/ros_ws/install/robots:/home/user/celluleflexible_en_cours_ROS2/celluleflexible/ros_ws/install/shuttles:/home/user/celluleflexible_en_cours_ROS2/celluleflexible/ros_ws/install/commande_locale:/home/user/celluleflexible_en_cours_ROS2/celluleflexible/ros_ws/install/aiguillages:/opt/ros/jazzy/opt/gz_math_vendor:/opt/ros/jazzy/opt/gz_utils_vendor:/opt/ros/jazzy/opt/gz_cmake_vendor:/opt/ros/jazzy DEBUGINFOD_URLS=https://debuginfod.ubuntu.com LD_LIBRARY_PATH=/home/user/celluleflexible_en_cours_ROS2/celluleflexible/ros_ws/install/robots/lib:/home/user/celluleflexible_en_cours_ROS2/celluleflexible/ros_ws/install/shuttles/lib:/home/user/celluleflexible_en_cours_ROS2/celluleflexible/ros_ws/install/commande_locale/lib:/home/user/celluleflexible_en_cours_ROS2/celluleflexible/ros_ws/install/aiguillages/lib:${LD_LIBRARY_PATH} PYTHONPATH=/home/user/celluleflexible_en_cours_ROS2/celluleflexible/ros_ws/install/robots/lib/python3.12/site-packages:/home/user/celluleflexible_en_cours_ROS2/celluleflexible/ros_ws/install/shuttles/lib/python3.12/site-packages:/home/user/celluleflexible_en_cours_ROS2/celluleflexible/ros_ws/install/commande_locale/lib/python3.12/site-packages:/home/user/celluleflexible_en_cours_ROS2/celluleflexible/ros_ws/install/aiguillages/lib/python3.12/site-packages:${PYTHONPATH} /usr/bin/cmake --build /home/user/celluleflexible_en_cours_ROS2/celluleflexible/ros_ws/build/commande -- -j8 -l8
[60.243s] DEBUG:colcon.colcon_core.event_handler.log_command:Invoking command in '/home/user/celluleflexible_en_cours_ROS2/celluleflexible/ros_ws/build/commande': AMENT_PREFIX_PATH=/home/user/celluleflexible_en_cours_ROS2/celluleflexible/ros_ws/install/robots:/home/user/celluleflexible_en_cours_ROS2/celluleflexible/ros_ws/install/shuttles:/home/user/celluleflexible_en_cours_ROS2/celluleflexible/ros_ws/install/commande_locale:/home/user/celluleflexible_en_cours_ROS2/celluleflexible/ros_ws/install/aiguillages:${AMENT_PREFIX_PATH} CMAKE_PREFIX_PATH=/home/user/celluleflexible_en_cours_ROS2/celluleflexible/ros_ws/install/robots:/home/user/celluleflexible_en_cours_ROS2/celluleflexible/ros_ws/install/shuttles:/home/user/celluleflexible_en_cours_ROS2/celluleflexible/ros_ws/install/commande_locale:/home/user/celluleflexible_en_cours_ROS2/celluleflexible/ros_ws/install/aiguillages:/opt/ros/jazzy/opt/gz_math_vendor:/opt/ros/jazzy/opt/gz_utils_vendor:/opt/ros/jazzy/opt/gz_cmake_vendor:/opt/ros/jazzy DEBUGINFOD_URLS=https://debuginfod.ubuntu.com LD_LIBRARY_PATH=/home/user/celluleflexible_en_cours_ROS2/celluleflexible/ros_ws/install/robots/lib:/home/user/celluleflexible_en_cours_ROS2/celluleflexible/ros_ws/install/shuttles/lib:/home/user/celluleflexible_en_cours_ROS2/celluleflexible/ros_ws/install/commande_locale/lib:/home/user/celluleflexible_en_cours_ROS2/celluleflexible/ros_ws/install/aiguillages/lib:${LD_LIBRARY_PATH} PYTHONPATH=/home/user/celluleflexible_en_cours_ROS2/celluleflexible/ros_ws/install/robots/lib/python3.12/site-packages:/home/user/celluleflexible_en_cours_ROS2/celluleflexible/ros_ws/install/shuttles/lib/python3.12/site-packages:/home/user/celluleflexible_en_cours_ROS2/celluleflexible/ros_ws/install/commande_locale/lib/python3.12/site-packages:/home/user/celluleflexible_en_cours_ROS2/celluleflexible/ros_ws/install/aiguillages/lib/python3.12/site-packages:${PYTHONPATH} /usr/bin/cmake --install /home/user/celluleflexible_en_cours_ROS2/celluleflexible/ros_ws/build/commande
[60.259s] Level 1:colcon.colcon_core.environment:create_environment_scripts_only(commande)
[60.260s] Level 1:colcon.colcon_core.environment:checking '/home/user/celluleflexible_en_cours_ROS2/celluleflexible/ros_ws/install/commande' for CMake module files
[60.261s] Level 1:colcon.colcon_core.environment:checking '/home/user/celluleflexible_en_cours_ROS2/celluleflexible/ros_ws/install/commande' for CMake config files
[60.261s] Level 1:colcon.colcon_core.shell:create_environment_hook('commande', 'cmake_prefix_path')
[60.261s] INFO:colcon.colcon_core.shell:Creating environment hook '/home/user/celluleflexible_en_cours_ROS2/celluleflexible/ros_ws/install/commande/share/commande/hook/cmake_prefix_path.ps1'
[60.262s] DEBUG:colcon.colcon_core.event_handler.log_command:Invoked command in '/home/user/celluleflexible_en_cours_ROS2/celluleflexible/ros_ws/build/commande' returned '0': AMENT_PREFIX_PATH=/home/user/celluleflexible_en_cours_ROS2/celluleflexible/ros_ws/install/robots:/home/user/celluleflexible_en_cours_ROS2/celluleflexible/ros_ws/install/shuttles:/home/user/celluleflexible_en_cours_ROS2/celluleflexible/ros_ws/install/commande_locale:/home/user/celluleflexible_en_cours_ROS2/celluleflexible/ros_ws/install/aiguillages:${AMENT_PREFIX_PATH} CMAKE_PREFIX_PATH=/home/user/celluleflexible_en_cours_ROS2/celluleflexible/ros_ws/install/robots:/home/user/celluleflexible_en_cours_ROS2/celluleflexible/ros_ws/install/shuttles:/home/user/celluleflexible_en_cours_ROS2/celluleflexible/ros_ws/install/commande_locale:/home/user/celluleflexible_en_cours_ROS2/celluleflexible/ros_ws/install/aiguillages:/opt/ros/jazzy/opt/gz_math_vendor:/opt/ros/jazzy/opt/gz_utils_vendor:/opt/ros/jazzy/opt/gz_cmake_vendor:/opt/ros/jazzy DEBUGINFOD_URLS=https://debuginfod.ubuntu.com LD_LIBRARY_PATH=/home/user/celluleflexible_en_cours_ROS2/celluleflexible/ros_ws/install/robots/lib:/home/user/celluleflexible_en_cours_ROS2/celluleflexible/ros_ws/install/shuttles/lib:/home/user/celluleflexible_en_cours_ROS2/celluleflexible/ros_ws/install/commande_locale/lib:/home/user/celluleflexible_en_cours_ROS2/celluleflexible/ros_ws/install/aiguillages/lib:${LD_LIBRARY_PATH} PYTHONPATH=/home/user/celluleflexible_en_cours_ROS2/celluleflexible/ros_ws/install/robots/lib/python3.12/site-packages:/home/user/celluleflexible_en_cours_ROS2/celluleflexible/ros_ws/install/shuttles/lib/python3.12/site-packages:/home/user/celluleflexible_en_cours_ROS2/celluleflexible/ros_ws/install/commande_locale/lib/python3.12/site-packages:/home/user/celluleflexible_en_cours_ROS2/celluleflexible/ros_ws/install/aiguillages/lib/python3.12/site-packages:${PYTHONPATH} /usr/bin/cmake --install /home/user/celluleflexible_en_cours_ROS2/celluleflexible/ros_ws/build/commande
[60.262s] INFO:colcon.colcon_core.shell:Creating environment descriptor '/home/user/celluleflexible_en_cours_ROS2/celluleflexible/ros_ws/install/commande/share/commande/hook/cmake_prefix_path.dsv'
[60.262s] INFO:colcon.colcon_core.shell:Creating environment hook '/home/user/celluleflexible_en_cours_ROS2/celluleflexible/ros_ws/install/commande/share/commande/hook/cmake_prefix_path.sh'
[60.263s] Level 1:colcon.colcon_core.environment:checking '/home/user/celluleflexible_en_cours_ROS2/celluleflexible/ros_ws/install/commande/lib'
[60.263s] Level 1:colcon.colcon_core.environment:checking '/home/user/celluleflexible_en_cours_ROS2/celluleflexible/ros_ws/install/commande/bin'
[60.263s] Level 1:colcon.colcon_core.environment:checking '/home/user/celluleflexible_en_cours_ROS2/celluleflexible/ros_ws/install/commande/lib/pkgconfig/commande.pc'
[60.263s] Level 1:colcon.colcon_core.environment:checking '/home/user/celluleflexible_en_cours_ROS2/celluleflexible/ros_ws/install/commande/lib/python3.12/site-packages'
[60.263s] Level 1:colcon.colcon_core.environment:checking '/home/user/celluleflexible_en_cours_ROS2/celluleflexible/ros_ws/install/commande/bin'
[60.263s] INFO:colcon.colcon_core.shell:Creating package script '/home/user/celluleflexible_en_cours_ROS2/celluleflexible/ros_ws/install/commande/share/commande/package.ps1'
[60.263s] INFO:colcon.colcon_core.shell:Creating package descriptor '/home/user/celluleflexible_en_cours_ROS2/celluleflexible/ros_ws/install/commande/share/commande/package.dsv'
[60.264s] INFO:colcon.colcon_core.shell:Creating package script '/home/user/celluleflexible_en_cours_ROS2/celluleflexible/ros_ws/install/commande/share/commande/package.sh'
[60.264s] INFO:colcon.colcon_core.shell:Creating package script '/home/user/celluleflexible_en_cours_ROS2/celluleflexible/ros_ws/install/commande/share/commande/package.bash'
[60.264s] INFO:colcon.colcon_core.shell:Creating package script '/home/user/celluleflexible_en_cours_ROS2/celluleflexible/ros_ws/install/commande/share/commande/package.zsh'
[60.264s] Level 1:colcon.colcon_core.environment:create_file_with_runtime_dependencies(/home/user/celluleflexible_en_cours_ROS2/celluleflexible/ros_ws/install/commande/share/colcon-core/packages/commande)
[60.265s] Level 1:colcon.colcon_core.environment:create_environment_scripts_only(commande)
[60.265s] Level 1:colcon.colcon_core.environment:checking '/home/user/celluleflexible_en_cours_ROS2/celluleflexible/ros_ws/install/commande' for CMake module files
[60.265s] Level 1:colcon.colcon_core.environment:checking '/home/user/celluleflexible_en_cours_ROS2/celluleflexible/ros_ws/install/commande' for CMake config files
[60.265s] Level 1:colcon.colcon_core.shell:create_environment_hook('commande', 'cmake_prefix_path')
[60.265s] INFO:colcon.colcon_core.shell:Creating environment hook '/home/user/celluleflexible_en_cours_ROS2/celluleflexible/ros_ws/install/commande/share/commande/hook/cmake_prefix_path.ps1'
[60.265s] INFO:colcon.colcon_core.shell:Creating environment descriptor '/home/user/celluleflexible_en_cours_ROS2/celluleflexible/ros_ws/install/commande/share/commande/hook/cmake_prefix_path.dsv'
[60.266s] INFO:colcon.colcon_core.shell:Creating environment hook '/home/user/celluleflexible_en_cours_ROS2/celluleflexible/ros_ws/install/commande/share/commande/hook/cmake_prefix_path.sh'
[60.266s] Level 1:colcon.colcon_core.environment:checking '/home/user/celluleflexible_en_cours_ROS2/celluleflexible/ros_ws/install/commande/lib'
[60.266s] Level 1:colcon.colcon_core.environment:checking '/home/user/celluleflexible_en_cours_ROS2/celluleflexible/ros_ws/install/commande/bin'
[60.266s] Level 1:colcon.colcon_core.environment:checking '/home/user/celluleflexible_en_cours_ROS2/celluleflexible/ros_ws/install/commande/lib/pkgconfig/commande.pc'
[60.266s] Level 1:colcon.colcon_core.environment:checking '/home/user/celluleflexible_en_cours_ROS2/celluleflexible/ros_ws/install/commande/lib/python3.12/site-packages'
[60.267s] Level 1:colcon.colcon_core.environment:checking '/home/user/celluleflexible_en_cours_ROS2/celluleflexible/ros_ws/install/commande/bin'
[60.267s] INFO:colcon.colcon_core.shell:Creating package script '/home/user/celluleflexible_en_cours_ROS2/celluleflexible/ros_ws/install/commande/share/commande/package.ps1'
[60.267s] INFO:colcon.colcon_core.shell:Creating package descriptor '/home/user/celluleflexible_en_cours_ROS2/celluleflexible/ros_ws/install/commande/share/commande/package.dsv'
[60.267s] INFO:colcon.colcon_core.shell:Creating package script '/home/user/celluleflexible_en_cours_ROS2/celluleflexible/ros_ws/install/commande/share/commande/package.sh'
[60.268s] INFO:colcon.colcon_core.shell:Creating package script '/home/user/celluleflexible_en_cours_ROS2/celluleflexible/ros_ws/install/commande/share/commande/package.bash'
[60.268s] INFO:colcon.colcon_core.shell:Creating package script '/home/user/celluleflexible_en_cours_ROS2/celluleflexible/ros_ws/install/commande/share/commande/package.zsh'
[60.269s] Level 1:colcon.colcon_core.environment:create_file_with_runtime_dependencies(/home/user/celluleflexible_en_cours_ROS2/celluleflexible/ros_ws/install/commande/share/colcon-core/packages/commande)
[60.269s] DEBUG:colcon.colcon_parallel_executor.executor.parallel:closing loop
[60.269s] DEBUG:colcon.colcon_parallel_executor.executor.parallel:loop closed
[60.269s] DEBUG:colcon.colcon_parallel_executor.executor.parallel:run_until_complete finished with '0'
[60.269s] DEBUG:colcon.colcon_core.event_reactor:joining thread
[60.274s] INFO:colcon.colcon_core.plugin_system:Skipping extension 'colcon_notification.desktop_notification.terminal_notifier': Not used on non-Darwin systems
[60.274s] INFO:colcon.colcon_core.plugin_system:Skipping extension 'colcon_notification.desktop_notification.win32': Not used on non-Windows systems
[60.274s] INFO:colcon.colcon_notification.desktop_notification:Sending desktop notification using 'notify2'
[60.289s] DEBUG:colcon.colcon_core.event_reactor:joined thread
[60.289s] INFO:colcon.colcon_core.shell:Creating prefix script '/home/user/celluleflexible_en_cours_ROS2/celluleflexible/ros_ws/install/local_setup.ps1'
[60.290s] INFO:colcon.colcon_core.shell:Creating prefix util module '/home/user/celluleflexible_en_cours_ROS2/celluleflexible/ros_ws/install/_local_setup_util_ps1.py'
[60.290s] INFO:colcon.colcon_core.shell:Creating prefix chain script '/home/user/celluleflexible_en_cours_ROS2/celluleflexible/ros_ws/install/setup.ps1'
[60.291s] INFO:colcon.colcon_core.shell:Creating prefix script '/home/user/celluleflexible_en_cours_ROS2/celluleflexible/ros_ws/install/local_setup.sh'
[60.291s] INFO:colcon.colcon_core.shell:Creating prefix util module '/home/user/celluleflexible_en_cours_ROS2/celluleflexible/ros_ws/install/_local_setup_util_sh.py'
[60.291s] INFO:colcon.colcon_core.shell:Creating prefix chain script '/home/user/celluleflexible_en_cours_ROS2/celluleflexible/ros_ws/install/setup.sh'
[60.292s] INFO:colcon.colcon_core.shell:Creating prefix script '/home/user/celluleflexible_en_cours_ROS2/celluleflexible/ros_ws/install/local_setup.bash'
[60.292s] INFO:colcon.colcon_core.shell:Creating prefix chain script '/home/user/celluleflexible_en_cours_ROS2/celluleflexible/ros_ws/install/setup.bash'
[60.292s] INFO:colcon.colcon_core.shell:Creating prefix script '/home/user/celluleflexible_en_cours_ROS2/celluleflexible/ros_ws/install/local_setup.zsh'
[60.292s] INFO:colcon.colcon_core.shell:Creating prefix chain script '/home/user/celluleflexible_en_cours_ROS2/celluleflexible/ros_ws/install/setup.zsh'
