-- The C compiler identification is GNU 13.3.0
-- The CXX compiler identification is GNU 13.3.0
-- Detecting C compiler ABI info
-- Detecting C compiler ABI info - done
-- Check for working C compiler: /usr/bin/cc - skipped
-- Detecting C compile features
-- Detecting C compile features - done
-- Detecting CXX compiler ABI info
-- Detecting CXX compiler ABI info - done
-- Check for working CXX compiler: /usr/bin/c++ - skipped
-- Detecting CXX compile features
-- Detecting CXX compile features - done
-- Found ament_cmake: 2.5.5 (/opt/ros/jazzy/share/ament_cmake/cmake)
-- Found Python3: /usr/bin/python3 (found version "3.12.3") found components: Interpreter 
-- Found rclcpp: 28.1.16 (/opt/ros/jazzy/share/rclcpp/cmake)
-- Found rosidl_generator_c: 4.6.7 (/opt/ros/jazzy/share/rosidl_generator_c/cmake)
-- Found rosidl_generator_cpp: 4.6.7 (/opt/ros/jazzy/share/rosidl_generator_cpp/cmake)
-- Using all available rosidl_typesupport_c: rosidl_typesupport_fastrtps_c;rosidl_typesupport_introspection_c
-- Using all available rosidl_typesupport_cpp: rosidl_typesupport_fastrtps_cpp;rosidl_typesupport_introspection_cpp
-- Found rmw_implementation_cmake: 7.3.3 (/opt/ros/jazzy/share/rmw_implementation_cmake/cmake)
-- Found rmw_fastrtps_cpp: 8.4.3 (/opt/ros/jazzy/share/rmw_fastrtps_cpp/cmake)
-- Found OpenSSL: /usr/lib/x86_64-linux-gnu/libcrypto.so (found version "3.0.13")  
-- Found FastRTPS: /opt/ros/jazzy/include (Required is at least version "2.13") 
-- Using RMW implementation 'rmw_fastrtps_cpp' as default
-- Found std_msgs: 5.3.6 (/opt/ros/jazzy/share/std_msgs/cmake)
-- Found sensor_msgs: 5.3.6 (/opt/ros/jazzy/share/sensor_msgs/cmake)
-- Found image_transport: 5.1.7 (/opt/ros/jazzy/share/image_transport/cmake)
-- Found cv_bridge: 4.1.0 (/opt/ros/jazzy/share/cv_bridge/cmake)
-- Found aiguillages: 3.1.2 (/home/user/celluleflexible_en_cours_ROS2/celluleflexible/ros_ws/install/aiguillages/share/aiguillages/cmake)
-- Found OpenCV: /usr (found version "4.6.0") 
-- Found rosidl_default_generators: 1.6.0 (/opt/ros/jazzy/share/rosidl_default_generators/cmake)
-- Found rosidl_adapter: 4.6.7 (/opt/ros/jazzy/share/rosidl_adapter/cmake)
-- Found ament_cmake_ros: 0.12.0 (/opt/ros/jazzy/share/ament_cmake_ros/cmake)
-- Using all available rosidl_typesupport_c: rosidl_typesupport_fastrtps_c;rosidl_typesupport_introspection_c
-- Using all available rosidl_typesupport_cpp: rosidl_typesupport_fastrtps_cpp;rosidl_typesupport_introspection_cpp
-- Found python_cmake_module: 0.11.1 (/opt/ros/jazzy/share/python_cmake_module/cmake)
-- Found PythonExtra: /usr/bin/python3  
-- Found Python3: /usr/bin/python3 (found version "3.12.3") found components: Interpreter Development NumPy Development.Module Development.Embed 
-- Configuring done (2.4s)
-- Generating done (0.0s)
-- Build files have been written to: /home/user/celluleflexible_en_cours_ROS2/celluleflexible/ros_ws/build/commande_locale
[  1%] [34m[1mGenerating type hashes for ROS interfaces[0m
[  1%] Built target ament_cmake_python_copy_commande_locale
running egg_info
creating commande_locale.egg-info
writing commande_locale.egg-info/PKG-INFO
writing dependency_links to commande_locale.egg-info/dependency_links.txt
writing top-level names to commande_locale.egg-info/top_level.txt
writing manifest file 'commande_locale.egg-info/SOURCES.txt'
reading manifest file 'commande_locale.egg-info/SOURCES.txt'
writing manifest file 'commande_locale.egg-info/SOURCES.txt'
[  1%] Built target ament_cmake_python_build_commande_locale_egg
[  1%] Built target commande_locale__rosidl_generator_type_description
[  1%] [34m[1mGenerating C code for ROS interfaces[0m
[  1%] [34m[1mGenerating C++ code for ROS interfaces[0m
[  1%] Built target commande_locale__cpp
[  2%] [32mBuilding C object CMakeFiles/commande_locale__rosidl_generator_c.dir/rosidl_generator_c/commande_locale/srv/detail/srv_add_product__description.c.o[0m
[  2%] [32mBuilding C object CMakeFiles/commande_locale__rosidl_generator_c.dir/rosidl_generator_c/commande_locale/srv/detail/srv_add_product__functions.c.o[0m
[  3%] [32mBuilding C object CMakeFiles/commande_locale__rosidl_generator_c.dir/rosidl_generator_c/commande_locale/srv/detail/srv_add_product__type_support.c.o[0m
[  4%] [32mBuilding C object CMakeFiles/commande_locale__rosidl_generator_c.dir/rosidl_generator_c/commande_locale/srv/detail/srv_fin_init__functions.c.o[0m
[  4%] [32mBuilding C object CMakeFiles/commande_locale__rosidl_generator_c.dir/rosidl_generator_c/commande_locale/srv/detail/srv_fin_init__description.c.o[0m
[  5%] [32mBuilding C object CMakeFiles/commande_locale__rosidl_generator_c.dir/rosidl_generator_c/commande_locale/srv/detail/srv_fin_init__type_support.c.o[0m
[  6%] [32mBuilding C object CMakeFiles/commande_locale__rosidl_generator_c.dir/rosidl_generator_c/commande_locale/srv/detail/srv_add_product_push_back__functions.c.o[0m
[  6%] [32mBuilding C object CMakeFiles/commande_locale__rosidl_generator_c.dir/rosidl_generator_c/commande_locale/srv/detail/srv_add_product_push_back__description.c.o[0m
[  6%] [32mBuilding C object CMakeFiles/commande_locale__rosidl_generator_c.dir/rosidl_generator_c/commande_locale/srv/detail/srv_add_product_push_back__type_support.c.o[0m
[  7%] [32mBuilding C object CMakeFiles/commande_locale__rosidl_generator_c.dir/rosidl_generator_c/commande_locale/msg/detail/msg_add_product__description.c.o[0m
[  7%] [32mBuilding C object CMakeFiles/commande_locale__rosidl_generator_c.dir/rosidl_generator_c/commande_locale/msg/detail/msg_stop_control__description.c.o[0m
[  7%] [32mBuilding C object CMakeFiles/commande_locale__rosidl_generator_c.dir/rosidl_generator_c/commande_locale/msg/detail/msg_add_product__functions.c.o[0m
[  8%] [32mBuilding C object CMakeFiles/commande_locale__rosidl_generator_c.dir/rosidl_generator_c/commande_locale/msg/detail/msg_add_product__type_support.c.o[0m
[  9%] [32mBuilding C object CMakeFiles/commande_locale__rosidl_generator_c.dir/rosidl_generator_c/commande_locale/msg/detail/msg_stop_control__functions.c.o[0m
[  9%] [32mBuilding C object CMakeFiles/commande_locale__rosidl_generator_c.dir/rosidl_generator_c/commande_locale/msg/detail/msg_color__description.c.o[0m
[ 10%] [32mBuilding C object CMakeFiles/commande_locale__rosidl_generator_c.dir/rosidl_generator_c/commande_locale/msg/detail/msg_color__functions.c.o[0m
[ 11%] [32mBuilding C object CMakeFiles/commande_locale__rosidl_generator_c.dir/rosidl_generator_c/commande_locale/msg/detail/msg_stop_control__type_support.c.o[0m
[ 12%] [32mBuilding C object CMakeFiles/commande_locale__rosidl_generator_c.dir/rosidl_generator_c/commande_locale/msg/detail/msg_switch_control__description.c.o[0m
[ 12%] [32mBuilding C object CMakeFiles/commande_locale__rosidl_generator_c.dir/rosidl_generator_c/commande_locale/msg/detail/msg_color__type_support.c.o[0m
[ 12%] [32mBuilding C object CMakeFiles/commande_locale__rosidl_generator_c.dir/rosidl_generator_c/commande_locale/msg/detail/msg_switch_control__functions.c.o[0m
[ 13%] [32mBuilding C object CMakeFiles/commande_locale__rosidl_generator_c.dir/rosidl_generator_c/commande_locale/msg/detail/msg_switch_control__type_support.c.o[0m
[ 14%] [32mBuilding C object CMakeFiles/commande_locale__rosidl_generator_c.dir/rosidl_generator_c/commande_locale/msg/detail/msg_pin_control__description.c.o[0m
[ 15%] [32mBuilding C object CMakeFiles/commande_locale__rosidl_generator_c.dir/rosidl_generator_c/commande_locale/msg/detail/msg_pin_control__type_support.c.o[0m
[ 15%] [32mBuilding C object CMakeFiles/commande_locale__rosidl_generator_c.dir/rosidl_generator_c/commande_locale/msg/detail/msg_pin_control__functions.c.o[0m
[ 16%] [32mBuilding C object CMakeFiles/commande_locale__rosidl_generator_c.dir/rosidl_generator_c/commande_locale/msg/detail/msg_erreur__functions.c.o[0m
[ 16%] [32mBuilding C object CMakeFiles/commande_locale__rosidl_generator_c.dir/rosidl_generator_c/commande_locale/msg/detail/msg_erreur__type_support.c.o[0m
[ 16%] [32mBuilding C object CMakeFiles/commande_locale__rosidl_generator_c.dir/rosidl_generator_c/commande_locale/msg/detail/msg_erreur__description.c.o[0m
[ 17%] [32mBuilding C object CMakeFiles/commande_locale__rosidl_generator_c.dir/rosidl_generator_c/commande_locale/msg/detail/robot_joints__description.c.o[0m
[ 17%] [32mBuilding C object CMakeFiles/commande_locale__rosidl_generator_c.dir/rosidl_generator_c/commande_locale/msg/detail/robot_joints__functions.c.o[0m
[ 18%] [32mBuilding C object CMakeFiles/commande_locale__rosidl_generator_c.dir/rosidl_generator_c/commande_locale/msg/detail/robot_joints__type_support.c.o[0m
[ 19%] [32mBuilding C object CMakeFiles/commande_locale__rosidl_generator_c.dir/rosidl_generator_c/commande_locale/msg/detail/tache_finie_msg__description.c.o[0m
[ 19%] [32mBuilding C object CMakeFiles/commande_locale__rosidl_generator_c.dir/rosidl_generator_c/commande_locale/msg/detail/tache_finie_msg__functions.c.o[0m
[ 20%] [32mBuilding C object CMakeFiles/commande_locale__rosidl_generator_c.dir/rosidl_generator_c/commande_locale/msg/detail/tache_finie_msg__type_support.c.o[0m
[ 19%] [32mBuilding C object CMakeFiles/commande_locale__rosidl_generator_c.dir/rosidl_generator_c/commande_locale/msg/detail/deplacer_piece_msg__description.c.o[0m
[ 21%] [32mBuilding C object CMakeFiles/commande_locale__rosidl_generator_c.dir/rosidl_generator_c/commande_locale/msg/detail/deplacer_piece_msg__functions.c.o[0m
[ 22%] [32mBuilding C object CMakeFiles/commande_locale__rosidl_generator_c.dir/rosidl_generator_c/commande_locale/msg/detail/actionneurs__functions.c.o[0m
[ 22%] [32mBuilding C object CMakeFiles/commande_locale__rosidl_generator_c.dir/rosidl_generator_c/commande_locale/msg/detail/deplacer_piece_msg__type_support.c.o[0m
[ 23%] [32mBuilding C object CMakeFiles/commande_locale__rosidl_generator_c.dir/rosidl_generator_c/commande_locale/msg/detail/actionneurs__description.c.o[0m
[ 23%] [32mBuilding C object CMakeFiles/commande_locale__rosidl_generator_c.dir/rosidl_generator_c/commande_locale/msg/detail/actionneurs__type_support.c.o[0m
[ 23%] [32mBuilding C object CMakeFiles/commande_locale__rosidl_generator_c.dir/rosidl_generator_c/commande_locale/msg/detail/capteurs__functions.c.o[0m
[ 24%] [32mBuilding C object CMakeFiles/commande_locale__rosidl_generator_c.dir/rosidl_generator_c/commande_locale/msg/detail/capteurs__description.c.o[0m
[ 25%] [32mBuilding C object CMakeFiles/commande_locale__rosidl_generator_c.dir/rosidl_generator_c/commande_locale/msg/detail/capteurs__type_support.c.o[0m
[ 25%] [32mBuilding C object CMakeFiles/commande_locale__rosidl_generator_c.dir/rosidl_generator_c/commande_locale/msg/detail/msg_choix_mode__description.c.o[0m
[ 25%] [32mBuilding C object CMakeFiles/commande_locale__rosidl_generator_c.dir/rosidl_generator_c/commande_locale/msg/detail/msg_choix_mode__type_support.c.o[0m
[ 26%] [32mBuilding C object CMakeFiles/commande_locale__rosidl_generator_c.dir/rosidl_generator_c/commande_locale/msg/detail/msg_choix_mode__functions.c.o[0m
[ 27%] [32m[1mLinking C shared library libcommande_locale__rosidl_generator_c.so[0m
[ 27%] Built target commande_locale__rosidl_generator_c
[ 29%] [34m[1mGenerating C++ type support dispatch for ROS interfaces[0m
[ 29%] [34m[1mGenerating C++ type support for eProsima Fast-RTPS[0m
[ 29%] [34m[1mGenerating C type support for eProsima Fast-RTPS[0m
[ 29%] [34m[1mGenerating C type support dispatch for ROS interfaces[0m
[ 30%] [34m[1mGenerating C introspection for ROS interfaces[0m
[ 30%] [34m[1mGenerating C++ introspection for ROS interfaces[0m
[ 30%] [32mBuilding CXX object CMakeFiles/commande_locale__rosidl_typesupport_cpp.dir/rosidl_typesupport_cpp/commande_locale/srv/srv_add_product__type_support.cpp.o[0m
[ 31%] [32mBuilding CXX object CMakeFiles/commande_locale__rosidl_typesupport_cpp.dir/rosidl_typesupport_cpp/commande_locale/srv/srv_fin_init__type_support.cpp.o[0m
[ 31%] [32mBuilding CXX object CMakeFiles/commande_locale__rosidl_typesupport_cpp.dir/rosidl_typesupport_cpp/commande_locale/srv/srv_add_product_push_back__type_support.cpp.o[0m
[ 32%] [32mBuilding CXX object CMakeFiles/commande_locale__rosidl_typesupport_cpp.dir/rosidl_typesupport_cpp/commande_locale/msg/msg_add_product__type_support.cpp.o[0m
[ 33%] [32mBuilding CXX object CMakeFiles/commande_locale__rosidl_typesupport_cpp.dir/rosidl_typesupport_cpp/commande_locale/msg/msg_stop_control__type_support.cpp.o[0m
[ 33%] [32mBuilding CXX object CMakeFiles/commande_locale__rosidl_typesupport_fastrtps_cpp.dir/rosidl_typesupport_fastrtps_cpp/commande_locale/srv/detail/dds_fastrtps/srv_add_product__type_support.cpp.o[0m
[ 33%] [32mBuilding CXX object CMakeFiles/commande_locale__rosidl_typesupport_c.dir/rosidl_typesupport_c/commande_locale/srv/srv_fin_init__type_support.cpp.o[0m
[ 34%] [32mBuilding CXX object CMakeFiles/commande_locale__rosidl_typesupport_c.dir/rosidl_typesupport_c/commande_locale/srv/srv_add_product__type_support.cpp.o[0m
[ 35%] [32mBuilding CXX object CMakeFiles/commande_locale__rosidl_typesupport_c.dir/rosidl_typesupport_c/commande_locale/srv/srv_add_product_push_back__type_support.cpp.o[0m
[ 35%] [32mBuilding CXX object CMakeFiles/commande_locale__rosidl_typesupport_c.dir/rosidl_typesupport_c/commande_locale/msg/msg_add_product__type_support.cpp.o[0m
[ 36%] [32mBuilding CXX object CMakeFiles/commande_locale__rosidl_typesupport_c.dir/rosidl_typesupport_c/commande_locale/msg/msg_stop_control__type_support.cpp.o[0m
[ 36%] [32mBuilding CXX object CMakeFiles/commande_locale__rosidl_typesupport_cpp.dir/rosidl_typesupport_cpp/commande_locale/msg/msg_color__type_support.cpp.o[0m
[ 36%] [32mBuilding CXX object CMakeFiles/commande_locale__rosidl_typesupport_c.dir/rosidl_typesupport_c/commande_locale/msg/msg_switch_control__type_support.cpp.o[0m
[ 37%] [32mBuilding CXX object CMakeFiles/commande_locale__rosidl_typesupport_c.dir/rosidl_typesupport_c/commande_locale/msg/msg_color__type_support.cpp.o[0m
[ 38%] [32mBuilding CXX object CMakeFiles/commande_locale__rosidl_typesupport_introspection_cpp.dir/rosidl_typesupport_introspection_cpp/commande_locale/srv/detail/srv_fin_init__type_support.cpp.o[0m
[ 39%] [32mBuilding CXX object CMakeFiles/commande_locale__rosidl_typesupport_fastrtps_c.dir/rosidl_typesupport_fastrtps_c/commande_locale/srv/detail/srv_add_product__type_support_c.cpp.o[0m
[ 39%] [32mBuilding CXX object CMakeFiles/commande_locale__rosidl_typesupport_introspection_cpp.dir/rosidl_typesupport_introspection_cpp/commande_locale/srv/detail/srv_add_product__type_support.cpp.o[0m
[ 40%] [32mBuilding CXX object CMakeFiles/commande_locale__rosidl_typesupport_introspection_cpp.dir/rosidl_typesupport_introspection_cpp/commande_locale/srv/detail/srv_add_product_push_back__type_support.cpp.o[0m
[ 41%] [32mBuilding CXX object CMakeFiles/commande_locale__rosidl_typesupport_c.dir/rosidl_typesupport_c/commande_locale/msg/msg_pin_control__type_support.cpp.o[0m
[ 42%] [32mBuilding C object CMakeFiles/commande_locale__rosidl_typesupport_introspection_c.dir/rosidl_typesupport_introspection_c/commande_locale/srv/detail/srv_add_product__type_support.c.o[0m
[ 42%] [32mBuilding CXX object CMakeFiles/commande_locale__rosidl_typesupport_c.dir/rosidl_typesupport_c/commande_locale/msg/msg_erreur__type_support.cpp.o[0m
[ 43%] [32mBuilding CXX object CMakeFiles/commande_locale__rosidl_typesupport_cpp.dir/rosidl_typesupport_cpp/commande_locale/msg/msg_switch_control__type_support.cpp.o[0m
[ 44%] [32mBuilding CXX object CMakeFiles/commande_locale__rosidl_typesupport_fastrtps_cpp.dir/rosidl_typesupport_fastrtps_cpp/commande_locale/srv/detail/dds_fastrtps/srv_fin_init__type_support.cpp.o[0m
[ 45%] [32mBuilding CXX object CMakeFiles/commande_locale__rosidl_typesupport_c.dir/rosidl_typesupport_c/commande_locale/msg/robot_joints__type_support.cpp.o[0m
[ 45%] [32mBuilding C object CMakeFiles/commande_locale__rosidl_typesupport_introspection_c.dir/rosidl_typesupport_introspection_c/commande_locale/srv/detail/srv_fin_init__type_support.c.o[0m
[ 45%] [32mBuilding CXX object CMakeFiles/commande_locale__rosidl_typesupport_c.dir/rosidl_typesupport_c/commande_locale/msg/tache_finie_msg__type_support.cpp.o[0m
[ 46%] [32mBuilding CXX object CMakeFiles/commande_locale__rosidl_typesupport_c.dir/rosidl_typesupport_c/commande_locale/msg/deplacer_piece_msg__type_support.cpp.o[0m
[ 46%] [32mBuilding CXX object CMakeFiles/commande_locale__rosidl_typesupport_fastrtps_c.dir/rosidl_typesupport_fastrtps_c/commande_locale/srv/detail/srv_fin_init__type_support_c.cpp.o[0m
[ 47%] [32mBuilding C object CMakeFiles/commande_locale__rosidl_typesupport_introspection_c.dir/rosidl_typesupport_introspection_c/commande_locale/srv/detail/srv_add_product_push_back__type_support.c.o[0m
[ 48%] [32mBuilding C object CMakeFiles/commande_locale__rosidl_typesupport_introspection_c.dir/rosidl_typesupport_introspection_c/commande_locale/msg/detail/msg_add_product__type_support.c.o[0m
[ 48%] [32mBuilding CXX object CMakeFiles/commande_locale__rosidl_typesupport_c.dir/rosidl_typesupport_c/commande_locale/msg/actionneurs__type_support.cpp.o[0m
[ 49%] [32mBuilding CXX object CMakeFiles/commande_locale__rosidl_typesupport_c.dir/rosidl_typesupport_c/commande_locale/msg/capteurs__type_support.cpp.o[0m
[ 50%] [32mBuilding CXX object CMakeFiles/commande_locale__rosidl_typesupport_c.dir/rosidl_typesupport_c/commande_locale/msg/msg_choix_mode__type_support.cpp.o[0m
[ 50%] [32mBuilding CXX object CMakeFiles/commande_locale__rosidl_typesupport_introspection_cpp.dir/rosidl_typesupport_introspection_cpp/commande_locale/msg/detail/msg_add_product__type_support.cpp.o[0m
[ 50%] [32mBuilding C object CMakeFiles/commande_locale__rosidl_typesupport_introspection_c.dir/rosidl_typesupport_introspection_c/commande_locale/msg/detail/msg_stop_control__type_support.c.o[0m
[ 50%] [32mBuilding CXX object CMakeFiles/commande_locale__rosidl_typesupport_cpp.dir/rosidl_typesupport_cpp/commande_locale/msg/msg_pin_control__type_support.cpp.o[0m
[ 50%] [32mBuilding CXX object CMakeFiles/commande_locale__rosidl_typesupport_cpp.dir/rosidl_typesupport_cpp/commande_locale/msg/robot_joints__type_support.cpp.o[0m
[ 51%] [32mBuilding CXX object CMakeFiles/commande_locale__rosidl_typesupport_cpp.dir/rosidl_typesupport_cpp/commande_locale/msg/msg_erreur__type_support.cpp.o[0m
[ 51%] [32m[1mLinking CXX shared library libcommande_locale__rosidl_typesupport_c.so[0m
[ 52%] [32mBuilding C object CMakeFiles/commande_locale__rosidl_typesupport_introspection_c.dir/rosidl_typesupport_introspection_c/commande_locale/msg/detail/msg_color__type_support.c.o[0m
[ 52%] [32mBuilding CXX object CMakeFiles/commande_locale__rosidl_typesupport_fastrtps_cpp.dir/rosidl_typesupport_fastrtps_cpp/commande_locale/srv/detail/dds_fastrtps/srv_add_product_push_back__type_support.cpp.o[0m
[ 53%] [32mBuilding CXX object CMakeFiles/commande_locale__rosidl_typesupport_cpp.dir/rosidl_typesupport_cpp/commande_locale/msg/tache_finie_msg__type_support.cpp.o[0m
[ 54%] [32mBuilding CXX object CMakeFiles/commande_locale__rosidl_typesupport_fastrtps_c.dir/rosidl_typesupport_fastrtps_c/commande_locale/srv/detail/srv_add_product_push_back__type_support_c.cpp.o[0m
[ 53%] [32mBuilding C object CMakeFiles/commande_locale__rosidl_typesupport_introspection_c.dir/rosidl_typesupport_introspection_c/commande_locale/msg/detail/msg_switch_control__type_support.c.o[0m
[ 54%] Built target commande_locale__rosidl_typesupport_c
[ 55%] [32mBuilding CXX object CMakeFiles/commande_locale__rosidl_typesupport_introspection_cpp.dir/rosidl_typesupport_introspection_cpp/commande_locale/msg/detail/msg_stop_control__type_support.cpp.o[0m
[ 56%] [32mBuilding C object CMakeFiles/commande_locale__rosidl_typesupport_introspection_c.dir/rosidl_typesupport_introspection_c/commande_locale/msg/detail/msg_pin_control__type_support.c.o[0m
[ 56%] [32mBuilding C object CMakeFiles/commande_locale__rosidl_typesupport_introspection_c.dir/rosidl_typesupport_introspection_c/commande_locale/msg/detail/msg_erreur__type_support.c.o[0m
[ 57%] [32mBuilding CXX object CMakeFiles/commande_locale__rosidl_typesupport_fastrtps_c.dir/rosidl_typesupport_fastrtps_c/commande_locale/msg/detail/msg_stop_control__type_support_c.cpp.o[0m
[ 58%] [32mBuilding C object CMakeFiles/commande_locale__rosidl_typesupport_introspection_c.dir/rosidl_typesupport_introspection_c/commande_locale/msg/detail/robot_joints__type_support.c.o[0m
[ 58%] [32mBuilding CXX object CMakeFiles/commande_locale__rosidl_typesupport_fastrtps_c.dir/rosidl_typesupport_fastrtps_c/commande_locale/msg/detail/msg_add_product__type_support_c.cpp.o[0m
[ 58%] [32mBuilding CXX object CMakeFiles/commande_locale__rosidl_typesupport_introspection_cpp.dir/rosidl_typesupport_introspection_cpp/commande_locale/msg/detail/msg_color__type_support.cpp.o[0m
[ 58%] [32mBuilding CXX object CMakeFiles/commande_locale__rosidl_typesupport_cpp.dir/rosidl_typesupport_cpp/commande_locale/msg/deplacer_piece_msg__type_support.cpp.o[0m
[ 59%] [32mBuilding CXX object CMakeFiles/commande_locale__rosidl_typesupport_cpp.dir/rosidl_typesupport_cpp/commande_locale/msg/actionneurs__type_support.cpp.o[0m
[ 60%] [32mBuilding CXX object CMakeFiles/commande_locale__rosidl_typesupport_fastrtps_c.dir/rosidl_typesupport_fastrtps_c/commande_locale/msg/detail/msg_color__type_support_c.cpp.o[0m
[ 61%] [32mBuilding CXX object CMakeFiles/commande_locale__rosidl_typesupport_fastrtps_cpp.dir/rosidl_typesupport_fastrtps_cpp/commande_locale/msg/detail/dds_fastrtps/msg_add_product__type_support.cpp.o[0m
[ 62%] [32mBuilding C object CMakeFiles/commande_locale__rosidl_typesupport_introspection_c.dir/rosidl_typesupport_introspection_c/commande_locale/msg/detail/tache_finie_msg__type_support.c.o[0m
[ 63%] [32mBuilding CXX object CMakeFiles/commande_locale__rosidl_typesupport_introspection_cpp.dir/rosidl_typesupport_introspection_cpp/commande_locale/msg/detail/msg_switch_control__type_support.cpp.o[0m
[ 63%] [32mBuilding C object CMakeFiles/commande_locale__rosidl_typesupport_introspection_c.dir/rosidl_typesupport_introspection_c/commande_locale/msg/detail/deplacer_piece_msg__type_support.c.o[0m
[ 63%] [32mBuilding CXX object CMakeFiles/commande_locale__rosidl_typesupport_fastrtps_c.dir/rosidl_typesupport_fastrtps_c/commande_locale/msg/detail/msg_switch_control__type_support_c.cpp.o[0m
[ 64%] [32mBuilding C object CMakeFiles/commande_locale__rosidl_typesupport_introspection_c.dir/rosidl_typesupport_introspection_c/commande_locale/msg/detail/actionneurs__type_support.c.o[0m
[ 65%] [32mBuilding CXX object CMakeFiles/commande_locale__rosidl_typesupport_cpp.dir/rosidl_typesupport_cpp/commande_locale/msg/capteurs__type_support.cpp.o[0m
[ 65%] [32mBuilding CXX object CMakeFiles/commande_locale__rosidl_typesupport_cpp.dir/rosidl_typesupport_cpp/commande_locale/msg/msg_choix_mode__type_support.cpp.o[0m
[ 65%] [32mBuilding C object CMakeFiles/commande_locale__rosidl_typesupport_introspection_c.dir/rosidl_typesupport_introspection_c/commande_locale/msg/detail/capteurs__type_support.c.o[0m
[ 66%] [32mBuilding C object CMakeFiles/commande_locale__rosidl_typesupport_introspection_c.dir/rosidl_typesupport_introspection_c/commande_locale/msg/detail/msg_choix_mode__type_support.c.o[0m
[ 66%] [32mBuilding CXX object CMakeFiles/commande_locale__rosidl_typesupport_introspection_cpp.dir/rosidl_typesupport_introspection_cpp/commande_locale/msg/detail/msg_pin_control__type_support.cpp.o[0m
[ 67%] [32mBuilding CXX object CMakeFiles/commande_locale__rosidl_typesupport_fastrtps_cpp.dir/rosidl_typesupport_fastrtps_cpp/commande_locale/msg/detail/dds_fastrtps/msg_stop_control__type_support.cpp.o[0m
[ 68%] [32mBuilding CXX object CMakeFiles/commande_locale__rosidl_typesupport_introspection_cpp.dir/rosidl_typesupport_introspection_cpp/commande_locale/msg/detail/msg_erreur__type_support.cpp.o[0m
[ 69%] [32mBuilding CXX object CMakeFiles/commande_locale__rosidl_typesupport_fastrtps_c.dir/rosidl_typesupport_fastrtps_c/commande_locale/msg/detail/msg_pin_control__type_support_c.cpp.o[0m
[ 69%] [32m[1mLinking C shared library libcommande_locale__rosidl_typesupport_introspection_c.so[0m
[ 70%] [32mBuilding CXX object CMakeFiles/commande_locale__rosidl_typesupport_introspection_cpp.dir/rosidl_typesupport_introspection_cpp/commande_locale/msg/detail/robot_joints__type_support.cpp.o[0m
[ 70%] [32mBuilding CXX object CMakeFiles/commande_locale__rosidl_typesupport_fastrtps_c.dir/rosidl_typesupport_fastrtps_c/commande_locale/msg/detail/msg_erreur__type_support_c.cpp.o[0m
[ 71%] [32m[1mLinking CXX shared library libcommande_locale__rosidl_typesupport_cpp.so[0m
[ 71%] [32mBuilding CXX object CMakeFiles/commande_locale__rosidl_typesupport_introspection_cpp.dir/rosidl_typesupport_introspection_cpp/commande_locale/msg/detail/tache_finie_msg__type_support.cpp.o[0m
[ 71%] Built target commande_locale__rosidl_typesupport_introspection_c
[ 72%] [32mBuilding CXX object CMakeFiles/commande_locale__rosidl_typesupport_introspection_cpp.dir/rosidl_typesupport_introspection_cpp/commande_locale/msg/detail/deplacer_piece_msg__type_support.cpp.o[0m
[ 72%] Built target commande_locale__rosidl_typesupport_cpp
[ 72%] [32mBuilding CXX object CMakeFiles/commande_locale__rosidl_typesupport_fastrtps_cpp.dir/rosidl_typesupport_fastrtps_cpp/commande_locale/msg/detail/dds_fastrtps/msg_color__type_support.cpp.o[0m
[ 72%] [32mBuilding CXX object CMakeFiles/commande_locale__rosidl_typesupport_introspection_cpp.dir/rosidl_typesupport_introspection_cpp/commande_locale/msg/detail/actionneurs__type_support.cpp.o[0m
[ 73%] [32mBuilding CXX object CMakeFiles/commande_locale__rosidl_typesupport_fastrtps_cpp.dir/rosidl_typesupport_fastrtps_cpp/commande_locale/msg/detail/dds_fastrtps/msg_switch_control__type_support.cpp.o[0m
[ 74%] [32mBuilding CXX object CMakeFiles/commande_locale__rosidl_typesupport_fastrtps_cpp.dir/rosidl_typesupport_fastrtps_cpp/commande_locale/msg/detail/dds_fastrtps/msg_erreur__type_support.cpp.o[0m
[ 74%] [32mBuilding CXX object CMakeFiles/commande_locale__rosidl_typesupport_fastrtps_cpp.dir/rosidl_typesupport_fastrtps_cpp/commande_locale/msg/detail/dds_fastrtps/msg_pin_control__type_support.cpp.o[0m
[ 74%] [32mBuilding CXX object CMakeFiles/commande_locale__rosidl_typesupport_fastrtps_cpp.dir/rosidl_typesupport_fastrtps_cpp/commande_locale/msg/detail/dds_fastrtps/robot_joints__type_support.cpp.o[0m
[ 75%] [32mBuilding CXX object CMakeFiles/commande_locale__rosidl_typesupport_fastrtps_c.dir/rosidl_typesupport_fastrtps_c/commande_locale/msg/detail/robot_joints__type_support_c.cpp.o[0m
[ 75%] [32mBuilding CXX object CMakeFiles/commande_locale__rosidl_typesupport_fastrtps_c.dir/rosidl_typesupport_fastrtps_c/commande_locale/msg/detail/tache_finie_msg__type_support_c.cpp.o[0m
[ 76%] [32mBuilding CXX object CMakeFiles/commande_locale__rosidl_typesupport_fastrtps_cpp.dir/rosidl_typesupport_fastrtps_cpp/commande_locale/msg/detail/dds_fastrtps/tache_finie_msg__type_support.cpp.o[0m
[ 77%] [32mBuilding CXX object CMakeFiles/commande_locale__rosidl_typesupport_introspection_cpp.dir/rosidl_typesupport_introspection_cpp/commande_locale/msg/detail/capteurs__type_support.cpp.o[0m
[ 77%] [32mBuilding CXX object CMakeFiles/commande_locale__rosidl_typesupport_introspection_cpp.dir/rosidl_typesupport_introspection_cpp/commande_locale/msg/detail/msg_choix_mode__type_support.cpp.o[0m
[ 78%] [32mBuilding CXX object CMakeFiles/commande_locale__rosidl_typesupport_fastrtps_c.dir/rosidl_typesupport_fastrtps_c/commande_locale/msg/detail/deplacer_piece_msg__type_support_c.cpp.o[0m
[ 79%] [32mBuilding CXX object CMakeFiles/commande_locale__rosidl_typesupport_fastrtps_cpp.dir/rosidl_typesupport_fastrtps_cpp/commande_locale/msg/detail/dds_fastrtps/deplacer_piece_msg__type_support.cpp.o[0m
[ 79%] [32mBuilding CXX object CMakeFiles/commande_locale__rosidl_typesupport_fastrtps_cpp.dir/rosidl_typesupport_fastrtps_cpp/commande_locale/msg/detail/dds_fastrtps/actionneurs__type_support.cpp.o[0m
[ 80%] [32mBuilding CXX object CMakeFiles/commande_locale__rosidl_typesupport_fastrtps_cpp.dir/rosidl_typesupport_fastrtps_cpp/commande_locale/msg/detail/dds_fastrtps/capteurs__type_support.cpp.o[0m
[ 81%] [32m[1mLinking CXX shared library libcommande_locale__rosidl_typesupport_introspection_cpp.so[0m
[ 81%] [32mBuilding CXX object CMakeFiles/commande_locale__rosidl_typesupport_fastrtps_cpp.dir/rosidl_typesupport_fastrtps_cpp/commande_locale/msg/detail/dds_fastrtps/msg_choix_mode__type_support.cpp.o[0m
[ 82%] [32mBuilding CXX object CMakeFiles/commande_locale__rosidl_typesupport_fastrtps_c.dir/rosidl_typesupport_fastrtps_c/commande_locale/msg/detail/actionneurs__type_support_c.cpp.o[0m
[ 82%] Built target commande_locale__rosidl_typesupport_introspection_cpp
[ 82%] [32mBuilding CXX object CMakeFiles/commande_locale__rosidl_typesupport_fastrtps_c.dir/rosidl_typesupport_fastrtps_c/commande_locale/msg/detail/capteurs__type_support_c.cpp.o[0m
[ 83%] [32mBuilding CXX object CMakeFiles/commande_locale__rosidl_typesupport_fastrtps_c.dir/rosidl_typesupport_fastrtps_c/commande_locale/msg/detail/msg_choix_mode__type_support_c.cpp.o[0m
[ 84%] [32mBuilding CXX object CMakeFiles/simulation.dir/src/commande_locale.cpp.o[0m
[ 84%] [32mBuilding CXX object CMakeFiles/simulation.dir/src/vrepController.cpp.o[0m
[ 85%] [32mBuilding CXX object CMakeFiles/simulation.dir/src/inOutController.cpp.o[0m
[ 86%] [32m[1mLinking CXX shared library libcommande_locale__rosidl_typesupport_fastrtps_cpp.so[0m
[ 86%] Built target commande_locale__rosidl_typesupport_fastrtps_cpp
[ 86%] [32m[1mLinking CXX shared library libcommande_locale__rosidl_typesupport_fastrtps_c.so[0m
[ 86%] Built target commande_locale__rosidl_typesupport_fastrtps_c
[ 86%] Built target commande_locale
[ 87%] [34m[1mGenerating Python code for ROS interfaces[0m
[ 87%] Built target commande_locale__py
[ 87%] [32mBuilding C object CMakeFiles/commande_locale__rosidl_generator_py.dir/rosidl_generator_py/commande_locale/srv/_srv_fin_init_s.c.o[0m
[ 88%] [32mBuilding C object CMakeFiles/commande_locale__rosidl_generator_py.dir/rosidl_generator_py/commande_locale/msg/_msg_stop_control_s.c.o[0m
[ 89%] [32mBuilding C object CMakeFiles/commande_locale__rosidl_generator_py.dir/rosidl_generator_py/commande_locale/srv/_srv_add_product_s.c.o[0m
[ 89%] [32mBuilding C object CMakeFiles/commande_locale__rosidl_generator_py.dir/rosidl_generator_py/commande_locale/msg/_msg_add_product_s.c.o[0m
[ 90%] [32mBuilding C object CMakeFiles/commande_locale__rosidl_generator_py.dir/rosidl_generator_py/commande_locale/srv/_srv_add_product_push_back_s.c.o[0m
[ 90%] [32mBuilding C object CMakeFiles/commande_locale__rosidl_generator_py.dir/rosidl_generator_py/commande_locale/msg/_msg_color_s.c.o[0m
[ 91%] [32mBuilding C object CMakeFiles/commande_locale__rosidl_generator_py.dir/rosidl_generator_py/commande_locale/msg/_msg_switch_control_s.c.o[0m
[ 92%] [32mBuilding C object CMakeFiles/commande_locale__rosidl_generator_py.dir/rosidl_generator_py/commande_locale/msg/_msg_pin_control_s.c.o[0m
[ 92%] [32mBuilding C object CMakeFiles/commande_locale__rosidl_generator_py.dir/rosidl_generator_py/commande_locale/msg/_msg_erreur_s.c.o[0m
[ 93%] [32mBuilding C object CMakeFiles/commande_locale__rosidl_generator_py.dir/rosidl_generator_py/commande_locale/msg/_robot_joints_s.c.o[0m
[ 93%] [32mBuilding C object CMakeFiles/commande_locale__rosidl_generator_py.dir/rosidl_generator_py/commande_locale/msg/_tache_finie_msg_s.c.o[0m
[ 94%] [32mBuilding C object CMakeFiles/commande_locale__rosidl_generator_py.dir/rosidl_generator_py/commande_locale/msg/_deplacer_piece_msg_s.c.o[0m
[ 94%] [32mBuilding C object CMakeFiles/commande_locale__rosidl_generator_py.dir/rosidl_generator_py/commande_locale/msg/_actionneurs_s.c.o[0m
[ 95%] [32mBuilding C object CMakeFiles/commande_locale__rosidl_generator_py.dir/rosidl_generator_py/commande_locale/msg/_capteurs_s.c.o[0m
[ 95%] [32mBuilding C object CMakeFiles/commande_locale__rosidl_generator_py.dir/rosidl_generator_py/commande_locale/msg/_msg_choix_mode_s.c.o[0m
[ 96%] [32m[1mLinking C shared library libcommande_locale__rosidl_generator_py.so[0m
[ 96%] Built target commande_locale__rosidl_generator_py
[ 97%] [32mBuilding C object CMakeFiles/commande_locale_s__rosidl_typesupport_fastrtps_c.dir/rosidl_generator_py/commande_locale/_commande_locale_s.ep.rosidl_typesupport_fastrtps_c.c.o[0m
[ 98%] [32mBuilding C object CMakeFiles/commande_locale_s__rosidl_typesupport_introspection_c.dir/rosidl_generator_py/commande_locale/_commande_locale_s.ep.rosidl_typesupport_introspection_c.c.o[0m
[ 98%] [32mBuilding C object CMakeFiles/commande_locale_s__rosidl_typesupport_c.dir/rosidl_generator_py/commande_locale/_commande_locale_s.ep.rosidl_typesupport_c.c.o[0m
[ 98%] [32m[1mLinking C shared module rosidl_generator_py/commande_locale/commande_locale_s__rosidl_typesupport_introspection_c.so[0m
[ 99%] [32m[1mLinking C shared module rosidl_generator_py/commande_locale/commande_locale_s__rosidl_typesupport_c.so[0m
[ 99%] [32m[1mLinking C shared module rosidl_generator_py/commande_locale/commande_locale_s__rosidl_typesupport_fastrtps_c.so[0m
[ 99%] Built target commande_locale_s__rosidl_typesupport_introspection_c
[ 99%] Built target commande_locale_s__rosidl_typesupport_c
[ 99%] Built target commande_locale_s__rosidl_typesupport_fastrtps_c
[100%] [32m[1mLinking CXX executable simulation[0m
[100%] Built target simulation
-- Install configuration: ""
-- Installing: /home/user/celluleflexible_en_cours_ROS2/celluleflexible/ros_ws/install/commande_locale/share/ament_index/resource_index/rosidl_interfaces/commande_locale
-- Installing: /home/user/celluleflexible_en_cours_ROS2/celluleflexible/ros_ws/install/commande_locale/share/commande_locale/srv/SrvAddProduct.json
-- Installing: /home/user/celluleflexible_en_cours_ROS2/celluleflexible/ros_ws/install/commande_locale/share/commande_locale/srv/SrvFinInit.json
-- Installing: /home/user/celluleflexible_en_cours_ROS2/celluleflexible/ros_ws/install/commande_locale/share/commande_locale/srv/SrvAddProductPushBack.json
-- Installing: /home/user/celluleflexible_en_cours_ROS2/celluleflexible/ros_ws/install/commande_locale/share/commande_locale/msg/MsgAddProduct.json
-- Installing: /home/user/celluleflexible_en_cours_ROS2/celluleflexible/ros_ws/install/commande_locale/share/commande_locale/msg/MsgStopControl.json
-- Installing: /home/user/celluleflexible_en_cours_ROS2/celluleflexible/ros_ws/install/commande_locale/share/commande_locale/msg/MsgColor.json
-- Installing: /home/user/celluleflexible_en_cours_ROS2/celluleflexible/ros_ws/install/commande_locale/share/commande_locale/msg/MsgSwitchControl.json
-- Installing: /home/user/celluleflexible_en_cours_ROS2/celluleflexible/ros_ws/install/commande_locale/share/commande_locale/msg/MsgPinControl.json
-- Installing: /home/user/celluleflexible_en_cours_ROS2/celluleflexible/ros_ws/install/commande_locale/share/commande_locale/msg/MsgErreur.json
-- Installing: /home/user/celluleflexible_en_cours_ROS2/celluleflexible/ros_ws/install/commande_locale/share/commande_locale/msg/RobotJoints.json
-- Installing: /home/user/celluleflexible_en_cours_ROS2/celluleflexible/ros_ws/install/commande_locale/share/commande_locale/msg/TacheFinieMsg.json
-- Installing: /home/user/celluleflexible_en_cours_ROS2/celluleflexible/ros_ws/install/commande_locale/share/commande_locale/msg/DeplacerPieceMsg.json
-- Installing: /home/user/celluleflexible_en_cours_ROS2/celluleflexible/ros_ws/install/commande_locale/share/commande_locale/msg/Actionneurs.json
-- Installing: /home/user/celluleflexible_en_cours_ROS2/celluleflexible/ros_ws/install/commande_locale/share/commande_locale/msg/Capteurs.json
-- Installing: /home/user/celluleflexible_en_cours_ROS2/celluleflexible/ros_ws/install/commande_locale/share/commande_locale/msg/MsgChoixMode.json
-- Installing: /home/user/celluleflexible_en_cours_ROS2/celluleflexible/ros_ws/install/commande_locale/include/commande_locale/commande_locale
-- Installing: /home/user/celluleflexible_en_cours_ROS2/celluleflexible/ros_ws/install/commande_locale/include/commande_locale/commande_locale/msg
-- Installing: /home/user/celluleflexible_en_cours_ROS2/celluleflexible/ros_ws/install/commande_locale/include/commande_locale/commande_locale/msg/msg_choix_mode.h
-- Installing: /home/user/celluleflexible_en_cours_ROS2/celluleflexible/ros_ws/install/commande_locale/include/commande_locale/commande_locale/msg/msg_stop_control.h
-- Installing: /home/user/celluleflexible_en_cours_ROS2/celluleflexible/ros_ws/install/commande_locale/include/commande_locale/commande_locale/msg/rosidl_generator_c__visibility_control.h
-- Installing: /home/user/celluleflexible_en_cours_ROS2/celluleflexible/ros_ws/install/commande_locale/include/commande_locale/commande_locale/msg/msg_add_product.h
-- Installing: /home/user/celluleflexible_en_cours_ROS2/celluleflexible/ros_ws/install/commande_locale/include/commande_locale/commande_locale/msg/deplacer_piece_msg.h
-- Installing: /home/user/celluleflexible_en_cours_ROS2/celluleflexible/ros_ws/install/commande_locale/include/commande_locale/commande_locale/msg/capteurs.h
-- Installing: /home/user/celluleflexible_en_cours_ROS2/celluleflexible/ros_ws/install/commande_locale/include/commande_locale/commande_locale/msg/actionneurs.h
-- Installing: /home/user/celluleflexible_en_cours_ROS2/celluleflexible/ros_ws/install/commande_locale/include/commande_locale/commande_locale/msg/msg_erreur.h
-- Installing: /home/user/celluleflexible_en_cours_ROS2/celluleflexible/ros_ws/install/commande_locale/include/commande_locale/commande_locale/msg/robot_joints.h
-- Installing: /home/user/celluleflexible_en_cours_ROS2/celluleflexible/ros_ws/install/commande_locale/include/commande_locale/commande_locale/msg/msg_pin_control.h
-- Installing: /home/user/celluleflexible_en_cours_ROS2/celluleflexible/ros_ws/install/commande_locale/include/commande_locale/commande_locale/msg/msg_switch_control.h
-- Installing: /home/user/celluleflexible_en_cours_ROS2/celluleflexible/ros_ws/install/commande_locale/include/commande_locale/commande_locale/msg/detail
-- Installing: /home/user/celluleflexible_en_cours_ROS2/celluleflexible/ros_ws/install/commande_locale/include/commande_locale/commande_locale/msg/detail/msg_pin_control__functions.h
-- Installing: /home/user/celluleflexible_en_cours_ROS2/celluleflexible/ros_ws/install/commande_locale/include/commande_locale/commande_locale/msg/detail/msg_choix_mode__functions.h
-- Installing: /home/user/celluleflexible_en_cours_ROS2/celluleflexible/ros_ws/install/commande_locale/include/commande_locale/commande_locale/msg/detail/msg_color__type_support.h
-- Installing: /home/user/celluleflexible_en_cours_ROS2/celluleflexible/ros_ws/install/commande_locale/include/commande_locale/commande_locale/msg/detail/msg_color__description.c
-- Installing: /home/user/celluleflexible_en_cours_ROS2/celluleflexible/ros_ws/install/commande_locale/include/commande_locale/commande_locale/msg/detail/msg_pin_control__functions.c
-- Installing: /home/user/celluleflexible_en_cours_ROS2/celluleflexible/ros_ws/install/commande_locale/include/commande_locale/commande_locale/msg/detail/msg_erreur__functions.h
-- Installing: /home/user/celluleflexible_en_cours_ROS2/celluleflexible/ros_ws/install/commande_locale/include/commande_locale/commande_locale/msg/detail/msg_stop_control__description.c
-- Installing: /home/user/celluleflexible_en_cours_ROS2/celluleflexible/ros_ws/install/commande_locale/include/commande_locale/commande_locale/msg/detail/msg_switch_control__type_support.c
-- Installing: /home/user/celluleflexible_en_cours_ROS2/celluleflexible/ros_ws/install/commande_locale/include/commande_locale/commande_locale/msg/detail/robot_joints__type_support.h
-- Installing: /home/user/celluleflexible_en_cours_ROS2/celluleflexible/ros_ws/install/commande_locale/include/commande_locale/commande_locale/msg/detail/msg_switch_control__functions.h
-- Installing: /home/user/celluleflexible_en_cours_ROS2/celluleflexible/ros_ws/install/commande_locale/include/commande_locale/commande_locale/msg/detail/msg_stop_control__type_support.c
-- Installing: /home/user/celluleflexible_en_cours_ROS2/celluleflexible/ros_ws/install/commande_locale/include/commande_locale/commande_locale/msg/detail/actionneurs__functions.h
-- Installing: /home/user/celluleflexible_en_cours_ROS2/celluleflexible/ros_ws/install/commande_locale/include/commande_locale/commande_locale/msg/detail/robot_joints__struct.h
-- Installing: /home/user/celluleflexible_en_cours_ROS2/celluleflexible/ros_ws/install/commande_locale/include/commande_locale/commande_locale/msg/detail/capteurs__type_support.c
-- Installing: /home/user/celluleflexible_en_cours_ROS2/celluleflexible/ros_ws/install/commande_locale/include/commande_locale/commande_locale/msg/detail/msg_erreur__type_support.h
-- Installing: /home/user/celluleflexible_en_cours_ROS2/celluleflexible/ros_ws/install/commande_locale/include/commande_locale/commande_locale/msg/detail/deplacer_piece_msg__type_support.c
-- Installing: /home/user/celluleflexible_en_cours_ROS2/celluleflexible/ros_ws/install/commande_locale/include/commande_locale/commande_locale/msg/detail/deplacer_piece_msg__struct.h
-- Installing: /home/user/celluleflexible_en_cours_ROS2/celluleflexible/ros_ws/install/commande_locale/include/commande_locale/commande_locale/msg/detail/actionneurs__type_support.c
-- Installing: /home/user/celluleflexible_en_cours_ROS2/celluleflexible/ros_ws/install/commande_locale/include/commande_locale/commande_locale/msg/detail/capteurs__struct.h
-- Installing: /home/user/celluleflexible_en_cours_ROS2/celluleflexible/ros_ws/install/commande_locale/include/commande_locale/commande_locale/msg/detail/msg_choix_mode__description.c
-- Installing: /home/user/celluleflexible_en_cours_ROS2/celluleflexible/ros_ws/install/commande_locale/include/commande_locale/commande_locale/msg/detail/actionneurs__type_support.h
-- Installing: /home/user/celluleflexible_en_cours_ROS2/celluleflexible/ros_ws/install/commande_locale/include/commande_locale/commande_locale/msg/detail/msg_color__struct.h
-- Installing: /home/user/celluleflexible_en_cours_ROS2/celluleflexible/ros_ws/install/commande_locale/include/commande_locale/commande_locale/msg/detail/msg_erreur__struct.h
-- Installing: /home/user/celluleflexible_en_cours_ROS2/celluleflexible/ros_ws/install/commande_locale/include/commande_locale/commande_locale/msg/detail/msg_add_product__description.c
-- Installing: /home/user/celluleflexible_en_cours_ROS2/celluleflexible/ros_ws/install/commande_locale/include/commande_locale/commande_locale/msg/detail/deplacer_piece_msg__functions.h
-- Installing: /home/user/celluleflexible_en_cours_ROS2/celluleflexible/ros_ws/install/commande_locale/include/commande_locale/commande_locale/msg/detail/msg_switch_control__description.c
-- Installing: /home/user/celluleflexible_en_cours_ROS2/celluleflexible/ros_ws/install/commande_locale/include/commande_locale/commande_locale/msg/detail/msg_stop_control__type_support.h
-- Installing: /home/user/celluleflexible_en_cours_ROS2/celluleflexible/ros_ws/install/commande_locale/include/commande_locale/commande_locale/msg/detail/msg_switch_control__functions.c
-- Installing: /home/user/celluleflexible_en_cours_ROS2/celluleflexible/ros_ws/install/commande_locale/include/commande_locale/commande_locale/msg/detail/msg_erreur__functions.c
-- Installing: /home/user/celluleflexible_en_cours_ROS2/celluleflexible/ros_ws/install/commande_locale/include/commande_locale/commande_locale/msg/detail/msg_choix_mode__type_support.h
-- Installing: /home/user/celluleflexible_en_cours_ROS2/celluleflexible/ros_ws/install/commande_locale/include/commande_locale/commande_locale/msg/detail/msg_add_product__functions.c
-- Installing: /home/user/celluleflexible_en_cours_ROS2/celluleflexible/ros_ws/install/commande_locale/include/commande_locale/commande_locale/msg/detail/capteurs__description.c
-- Installing: /home/user/celluleflexible_en_cours_ROS2/celluleflexible/ros_ws/install/commande_locale/include/commande_locale/commande_locale/msg/detail/capteurs__functions.h
-- Installing: /home/user/celluleflexible_en_cours_ROS2/celluleflexible/ros_ws/install/commande_locale/include/commande_locale/commande_locale/msg/detail/msg_choix_mode__functions.c
-- Installing: /home/user/celluleflexible_en_cours_ROS2/celluleflexible/ros_ws/install/commande_locale/include/commande_locale/commande_locale/msg/detail/msg_stop_control__functions.h
-- Installing: /home/user/celluleflexible_en_cours_ROS2/celluleflexible/ros_ws/install/commande_locale/include/commande_locale/commande_locale/msg/detail/msg_color__type_support.c
-- Installing: /home/user/celluleflexible_en_cours_ROS2/celluleflexible/ros_ws/install/commande_locale/include/commande_locale/commande_locale/msg/detail/deplacer_piece_msg__type_support.h
-- Installing: /home/user/celluleflexible_en_cours_ROS2/celluleflexible/ros_ws/install/commande_locale/include/commande_locale/commande_locale/msg/detail/msg_add_product__type_support.c
-- Installing: /home/user/celluleflexible_en_cours_ROS2/celluleflexible/ros_ws/install/commande_locale/include/commande_locale/commande_locale/msg/detail/msg_choix_mode__type_support.c
-- Installing: /home/user/celluleflexible_en_cours_ROS2/celluleflexible/ros_ws/install/commande_locale/include/commande_locale/commande_locale/msg/detail/robot_joints__description.c
-- Installing: /home/user/celluleflexible_en_cours_ROS2/celluleflexible/ros_ws/install/commande_locale/include/commande_locale/commande_locale/msg/detail/actionneurs__struct.h
-- Installing: /home/user/celluleflexible_en_cours_ROS2/celluleflexible/ros_ws/install/commande_locale/include/commande_locale/commande_locale/msg/detail/robot_joints__functions.c
-- Installing: /home/user/celluleflexible_en_cours_ROS2/celluleflexible/ros_ws/install/commande_locale/include/commande_locale/commande_locale/msg/detail/actionneurs__description.c
-- Installing: /home/user/celluleflexible_en_cours_ROS2/celluleflexible/ros_ws/install/commande_locale/include/commande_locale/commande_locale/msg/detail/robot_joints__type_support.c
-- Installing: /home/user/celluleflexible_en_cours_ROS2/celluleflexible/ros_ws/install/commande_locale/include/commande_locale/commande_locale/msg/detail/msg_pin_control__description.c
-- Installing: /home/user/celluleflexible_en_cours_ROS2/celluleflexible/ros_ws/install/commande_locale/include/commande_locale/commande_locale/msg/detail/tache_finie_msg__struct.h
-- Installing: /home/user/celluleflexible_en_cours_ROS2/celluleflexible/ros_ws/install/commande_locale/include/commande_locale/commande_locale/msg/detail/msg_switch_control__struct.h
-- Installing: /home/user/celluleflexible_en_cours_ROS2/celluleflexible/ros_ws/install/commande_locale/include/commande_locale/commande_locale/msg/detail/msg_erreur__description.c
-- Installing: /home/user/celluleflexible_en_cours_ROS2/celluleflexible/ros_ws/install/commande_locale/include/commande_locale/commande_locale/msg/detail/tache_finie_msg__description.c
-- Installing: /home/user/celluleflexible_en_cours_ROS2/celluleflexible/ros_ws/install/commande_locale/include/commande_locale/commande_locale/msg/detail/deplacer_piece_msg__description.c
-- Installing: /home/user/celluleflexible_en_cours_ROS2/celluleflexible/ros_ws/install/commande_locale/include/commande_locale/commande_locale/msg/detail/msg_add_product__functions.h
-- Installing: /home/user/celluleflexible_en_cours_ROS2/celluleflexible/ros_ws/install/commande_locale/include/commande_locale/commande_locale/msg/detail/msg_pin_control__type_support.c
-- Installing: /home/user/celluleflexible_en_cours_ROS2/celluleflexible/ros_ws/install/commande_locale/include/commande_locale/commande_locale/msg/detail/msg_erreur__type_support.c
-- Installing: /home/user/celluleflexible_en_cours_ROS2/celluleflexible/ros_ws/install/commande_locale/include/commande_locale/commande_locale/msg/detail/msg_add_product__type_support.h
-- Installing: /home/user/celluleflexible_en_cours_ROS2/celluleflexible/ros_ws/install/commande_locale/include/commande_locale/commande_locale/msg/detail/msg_stop_control__struct.h
-- Installing: /home/user/celluleflexible_en_cours_ROS2/celluleflexible/ros_ws/install/commande_locale/include/commande_locale/commande_locale/msg/detail/msg_stop_control__functions.c
-- Installing: /home/user/celluleflexible_en_cours_ROS2/celluleflexible/ros_ws/install/commande_locale/include/commande_locale/commande_locale/msg/detail/msg_switch_control__type_support.h
-- Installing: /home/user/celluleflexible_en_cours_ROS2/celluleflexible/ros_ws/install/commande_locale/include/commande_locale/commande_locale/msg/detail/msg_pin_control__type_support.h
-- Installing: /home/user/celluleflexible_en_cours_ROS2/celluleflexible/ros_ws/install/commande_locale/include/commande_locale/commande_locale/msg/detail/robot_joints__functions.h
-- Installing: /home/user/celluleflexible_en_cours_ROS2/celluleflexible/ros_ws/install/commande_locale/include/commande_locale/commande_locale/msg/detail/deplacer_piece_msg__functions.c
-- Installing: /home/user/celluleflexible_en_cours_ROS2/celluleflexible/ros_ws/install/commande_locale/include/commande_locale/commande_locale/msg/detail/tache_finie_msg__type_support.c
-- Installing: /home/user/celluleflexible_en_cours_ROS2/celluleflexible/ros_ws/install/commande_locale/include/commande_locale/commande_locale/msg/detail/msg_add_product__struct.h
-- Installing: /home/user/celluleflexible_en_cours_ROS2/celluleflexible/ros_ws/install/commande_locale/include/commande_locale/commande_locale/msg/detail/tache_finie_msg__functions.h
-- Installing: /home/user/celluleflexible_en_cours_ROS2/celluleflexible/ros_ws/install/commande_locale/include/commande_locale/commande_locale/msg/detail/capteurs__functions.c
-- Installing: /home/user/celluleflexible_en_cours_ROS2/celluleflexible/ros_ws/install/commande_locale/include/commande_locale/commande_locale/msg/detail/msg_color__functions.h
-- Installing: /home/user/celluleflexible_en_cours_ROS2/celluleflexible/ros_ws/install/commande_locale/include/commande_locale/commande_locale/msg/detail/msg_choix_mode__struct.h
-- Installing: /home/user/celluleflexible_en_cours_ROS2/celluleflexible/ros_ws/install/commande_locale/include/commande_locale/commande_locale/msg/detail/msg_pin_control__struct.h
-- Installing: /home/user/celluleflexible_en_cours_ROS2/celluleflexible/ros_ws/install/commande_locale/include/commande_locale/commande_locale/msg/detail/tache_finie_msg__type_support.h
-- Installing: /home/user/celluleflexible_en_cours_ROS2/celluleflexible/ros_ws/install/commande_locale/include/commande_locale/commande_locale/msg/detail/msg_color__functions.c
-- Installing: /home/user/celluleflexible_en_cours_ROS2/celluleflexible/ros_ws/install/commande_locale/include/commande_locale/commande_locale/msg/detail/capteurs__type_support.h
-- Installing: /home/user/celluleflexible_en_cours_ROS2/celluleflexible/ros_ws/install/commande_locale/include/commande_locale/commande_locale/msg/detail/actionneurs__functions.c
-- Installing: /home/user/celluleflexible_en_cours_ROS2/celluleflexible/ros_ws/install/commande_locale/include/commande_locale/commande_locale/msg/detail/tache_finie_msg__functions.c
-- Installing: /home/user/celluleflexible_en_cours_ROS2/celluleflexible/ros_ws/install/commande_locale/include/commande_locale/commande_locale/msg/tache_finie_msg.h
-- Installing: /home/user/celluleflexible_en_cours_ROS2/celluleflexible/ros_ws/install/commande_locale/include/commande_locale/commande_locale/msg/msg_color.h
-- Installing: /home/user/celluleflexible_en_cours_ROS2/celluleflexible/ros_ws/install/commande_locale/include/commande_locale/commande_locale/srv
-- Installing: /home/user/celluleflexible_en_cours_ROS2/celluleflexible/ros_ws/install/commande_locale/include/commande_locale/commande_locale/srv/srv_fin_init.h
-- Installing: /home/user/celluleflexible_en_cours_ROS2/celluleflexible/ros_ws/install/commande_locale/include/commande_locale/commande_locale/srv/srv_add_product_push_back.h
-- Installing: /home/user/celluleflexible_en_cours_ROS2/celluleflexible/ros_ws/install/commande_locale/include/commande_locale/commande_locale/srv/srv_add_product.h
-- Installing: /home/user/celluleflexible_en_cours_ROS2/celluleflexible/ros_ws/install/commande_locale/include/commande_locale/commande_locale/srv/detail
-- Installing: /home/user/celluleflexible_en_cours_ROS2/celluleflexible/ros_ws/install/commande_locale/include/commande_locale/commande_locale/srv/detail/srv_fin_init__type_support.h
-- Installing: /home/user/celluleflexible_en_cours_ROS2/celluleflexible/ros_ws/install/commande_locale/include/commande_locale/commande_locale/srv/detail/srv_add_product_push_back__type_support.c
-- Installing: /home/user/celluleflexible_en_cours_ROS2/celluleflexible/ros_ws/install/commande_locale/include/commande_locale/commande_locale/srv/detail/srv_add_product_push_back__description.c
-- Installing: /home/user/celluleflexible_en_cours_ROS2/celluleflexible/ros_ws/install/commande_locale/include/commande_locale/commande_locale/srv/detail/srv_add_product__struct.h
-- Installing: /home/user/celluleflexible_en_cours_ROS2/celluleflexible/ros_ws/install/commande_locale/include/commande_locale/commande_locale/srv/detail/srv_fin_init__type_support.c
-- Installing: /home/user/celluleflexible_en_cours_ROS2/celluleflexible/ros_ws/install/commande_locale/include/commande_locale/commande_locale/srv/detail/srv_add_product__type_support.h
-- Installing: /home/user/celluleflexible_en_cours_ROS2/celluleflexible/ros_ws/install/commande_locale/include/commande_locale/commande_locale/srv/detail/srv_fin_init__functions.c
-- Installing: /home/user/celluleflexible_en_cours_ROS2/celluleflexible/ros_ws/install/commande_locale/include/commande_locale/commande_locale/srv/detail/srv_add_product__description.c
-- Installing: /home/user/celluleflexible_en_cours_ROS2/celluleflexible/ros_ws/install/commande_locale/include/commande_locale/commande_locale/srv/detail/srv_add_product_push_back__functions.h
-- Installing: /home/user/celluleflexible_en_cours_ROS2/celluleflexible/ros_ws/install/commande_locale/include/commande_locale/commande_locale/srv/detail/srv_add_product__functions.c
-- Installing: /home/user/celluleflexible_en_cours_ROS2/celluleflexible/ros_ws/install/commande_locale/include/commande_locale/commande_locale/srv/detail/srv_fin_init__functions.h
-- Installing: /home/user/celluleflexible_en_cours_ROS2/celluleflexible/ros_ws/install/commande_locale/include/commande_locale/commande_locale/srv/detail/srv_add_product__type_support.c
-- Installing: /home/user/celluleflexible_en_cours_ROS2/celluleflexible/ros_ws/install/commande_locale/include/commande_locale/commande_locale/srv/detail/srv_add_product_push_back__struct.h
-- Installing: /home/user/celluleflexible_en_cours_ROS2/celluleflexible/ros_ws/install/commande_locale/include/commande_locale/commande_locale/srv/detail/srv_fin_init__description.c
-- Installing: /home/user/celluleflexible_en_cours_ROS2/celluleflexible/ros_ws/install/commande_locale/include/commande_locale/commande_locale/srv/detail/srv_add_product_push_back__type_support.h
-- Installing: /home/user/celluleflexible_en_cours_ROS2/celluleflexible/ros_ws/install/commande_locale/include/commande_locale/commande_locale/srv/detail/srv_fin_init__struct.h
-- Installing: /home/user/celluleflexible_en_cours_ROS2/celluleflexible/ros_ws/install/commande_locale/include/commande_locale/commande_locale/srv/detail/srv_add_product_push_back__functions.c
-- Installing: /home/user/celluleflexible_en_cours_ROS2/celluleflexible/ros_ws/install/commande_locale/include/commande_locale/commande_locale/srv/detail/srv_add_product__functions.h
-- Installing: /home/user/celluleflexible_en_cours_ROS2/celluleflexible/ros_ws/install/commande_locale/share/commande_locale/environment/library_path.sh
-- Installing: /home/user/celluleflexible_en_cours_ROS2/celluleflexible/ros_ws/install/commande_locale/share/commande_locale/environment/library_path.dsv
-- Installing: /home/user/celluleflexible_en_cours_ROS2/celluleflexible/ros_ws/install/commande_locale/lib/libcommande_locale__rosidl_generator_c.so
-- Set non-toolchain portion of runtime path of "/home/user/celluleflexible_en_cours_ROS2/celluleflexible/ros_ws/install/commande_locale/lib/libcommande_locale__rosidl_generator_c.so" to ""
-- Up-to-date: /home/user/celluleflexible_en_cours_ROS2/celluleflexible/ros_ws/install/commande_locale/include/commande_locale/commande_locale
-- Up-to-date: /home/user/celluleflexible_en_cours_ROS2/celluleflexible/ros_ws/install/commande_locale/include/commande_locale/commande_locale/msg
-- Installing: /home/user/celluleflexible_en_cours_ROS2/celluleflexible/ros_ws/install/commande_locale/include/commande_locale/commande_locale/msg/rosidl_typesupport_fastrtps_c__visibility_control.h
-- Up-to-date: /home/user/celluleflexible_en_cours_ROS2/celluleflexible/ros_ws/install/commande_locale/include/commande_locale/commande_locale/msg/detail
-- Installing: /home/user/celluleflexible_en_cours_ROS2/celluleflexible/ros_ws/install/commande_locale/include/commande_locale/commande_locale/msg/detail/capteurs__rosidl_typesupport_fastrtps_c.h
-- Installing: /home/user/celluleflexible_en_cours_ROS2/celluleflexible/ros_ws/install/commande_locale/include/commande_locale/commande_locale/msg/detail/msg_erreur__rosidl_typesupport_fastrtps_c.h
-- Installing: /home/user/celluleflexible_en_cours_ROS2/celluleflexible/ros_ws/install/commande_locale/include/commande_locale/commande_locale/msg/detail/msg_color__rosidl_typesupport_fastrtps_c.h
-- Installing: /home/user/celluleflexible_en_cours_ROS2/celluleflexible/ros_ws/install/commande_locale/include/commande_locale/commande_locale/msg/detail/msg_choix_mode__rosidl_typesupport_fastrtps_c.h
-- Installing: /home/user/celluleflexible_en_cours_ROS2/celluleflexible/ros_ws/install/commande_locale/include/commande_locale/commande_locale/msg/detail/tache_finie_msg__rosidl_typesupport_fastrtps_c.h
-- Installing: /home/user/celluleflexible_en_cours_ROS2/celluleflexible/ros_ws/install/commande_locale/include/commande_locale/commande_locale/msg/detail/robot_joints__rosidl_typesupport_fastrtps_c.h
-- Installing: /home/user/celluleflexible_en_cours_ROS2/celluleflexible/ros_ws/install/commande_locale/include/commande_locale/commande_locale/msg/detail/msg_add_product__rosidl_typesupport_fastrtps_c.h
-- Installing: /home/user/celluleflexible_en_cours_ROS2/celluleflexible/ros_ws/install/commande_locale/include/commande_locale/commande_locale/msg/detail/deplacer_piece_msg__rosidl_typesupport_fastrtps_c.h
-- Installing: /home/user/celluleflexible_en_cours_ROS2/celluleflexible/ros_ws/install/commande_locale/include/commande_locale/commande_locale/msg/detail/msg_pin_control__rosidl_typesupport_fastrtps_c.h
-- Installing: /home/user/celluleflexible_en_cours_ROS2/celluleflexible/ros_ws/install/commande_locale/include/commande_locale/commande_locale/msg/detail/msg_stop_control__rosidl_typesupport_fastrtps_c.h
-- Installing: /home/user/celluleflexible_en_cours_ROS2/celluleflexible/ros_ws/install/commande_locale/include/commande_locale/commande_locale/msg/detail/actionneurs__rosidl_typesupport_fastrtps_c.h
-- Installing: /home/user/celluleflexible_en_cours_ROS2/celluleflexible/ros_ws/install/commande_locale/include/commande_locale/commande_locale/msg/detail/msg_switch_control__rosidl_typesupport_fastrtps_c.h
-- Up-to-date: /home/user/celluleflexible_en_cours_ROS2/celluleflexible/ros_ws/install/commande_locale/include/commande_locale/commande_locale/srv
-- Up-to-date: /home/user/celluleflexible_en_cours_ROS2/celluleflexible/ros_ws/install/commande_locale/include/commande_locale/commande_locale/srv/detail
-- Installing: /home/user/celluleflexible_en_cours_ROS2/celluleflexible/ros_ws/install/commande_locale/include/commande_locale/commande_locale/srv/detail/srv_add_product_push_back__rosidl_typesupport_fastrtps_c.h
-- Installing: /home/user/celluleflexible_en_cours_ROS2/celluleflexible/ros_ws/install/commande_locale/include/commande_locale/commande_locale/srv/detail/srv_add_product__rosidl_typesupport_fastrtps_c.h
-- Installing: /home/user/celluleflexible_en_cours_ROS2/celluleflexible/ros_ws/install/commande_locale/include/commande_locale/commande_locale/srv/detail/srv_fin_init__rosidl_typesupport_fastrtps_c.h
-- Installing: /home/user/celluleflexible_en_cours_ROS2/celluleflexible/ros_ws/install/commande_locale/lib/libcommande_locale__rosidl_typesupport_fastrtps_c.so
-- Set non-toolchain portion of runtime path of "/home/user/celluleflexible_en_cours_ROS2/celluleflexible/ros_ws/install/commande_locale/lib/libcommande_locale__rosidl_typesupport_fastrtps_c.so" to ""
-- Up-to-date: /home/user/celluleflexible_en_cours_ROS2/celluleflexible/ros_ws/install/commande_locale/include/commande_locale/commande_locale
-- Up-to-date: /home/user/celluleflexible_en_cours_ROS2/celluleflexible/ros_ws/install/commande_locale/include/commande_locale/commande_locale/msg
-- Installing: /home/user/celluleflexible_en_cours_ROS2/celluleflexible/ros_ws/install/commande_locale/include/commande_locale/commande_locale/msg/deplacer_piece_msg.hpp
-- Installing: /home/user/celluleflexible_en_cours_ROS2/celluleflexible/ros_ws/install/commande_locale/include/commande_locale/commande_locale/msg/capteurs.hpp
-- Installing: /home/user/celluleflexible_en_cours_ROS2/celluleflexible/ros_ws/install/commande_locale/include/commande_locale/commande_locale/msg/msg_color.hpp
-- Installing: /home/user/celluleflexible_en_cours_ROS2/celluleflexible/ros_ws/install/commande_locale/include/commande_locale/commande_locale/msg/msg_pin_control.hpp
-- Installing: /home/user/celluleflexible_en_cours_ROS2/celluleflexible/ros_ws/install/commande_locale/include/commande_locale/commande_locale/msg/msg_switch_control.hpp
-- Installing: /home/user/celluleflexible_en_cours_ROS2/celluleflexible/ros_ws/install/commande_locale/include/commande_locale/commande_locale/msg/rosidl_generator_cpp__visibility_control.hpp
-- Installing: /home/user/celluleflexible_en_cours_ROS2/celluleflexible/ros_ws/install/commande_locale/include/commande_locale/commande_locale/msg/msg_stop_control.hpp
-- Installing: /home/user/celluleflexible_en_cours_ROS2/celluleflexible/ros_ws/install/commande_locale/include/commande_locale/commande_locale/msg/msg_choix_mode.hpp
-- Installing: /home/user/celluleflexible_en_cours_ROS2/celluleflexible/ros_ws/install/commande_locale/include/commande_locale/commande_locale/msg/actionneurs.hpp
-- Installing: /home/user/celluleflexible_en_cours_ROS2/celluleflexible/ros_ws/install/commande_locale/include/commande_locale/commande_locale/msg/robot_joints.hpp
-- Installing: /home/user/celluleflexible_en_cours_ROS2/celluleflexible/ros_ws/install/commande_locale/include/commande_locale/commande_locale/msg/tache_finie_msg.hpp
-- Installing: /home/user/celluleflexible_en_cours_ROS2/celluleflexible/ros_ws/install/commande_locale/include/commande_locale/commande_locale/msg/msg_add_product.hpp
-- Up-to-date: /home/user/celluleflexible_en_cours_ROS2/celluleflexible/ros_ws/install/commande_locale/include/commande_locale/commande_locale/msg/detail
-- Installing: /home/user/celluleflexible_en_cours_ROS2/celluleflexible/ros_ws/install/commande_locale/include/commande_locale/commande_locale/msg/detail/msg_choix_mode__struct.hpp
-- Installing: /home/user/celluleflexible_en_cours_ROS2/celluleflexible/ros_ws/install/commande_locale/include/commande_locale/commande_locale/msg/detail/robot_joints__type_support.hpp
-- Installing: /home/user/celluleflexible_en_cours_ROS2/celluleflexible/ros_ws/install/commande_locale/include/commande_locale/commande_locale/msg/detail/capteurs__builder.hpp
-- Installing: /home/user/celluleflexible_en_cours_ROS2/celluleflexible/ros_ws/install/commande_locale/include/commande_locale/commande_locale/msg/detail/msg_add_product__struct.hpp
-- Installing: /home/user/celluleflexible_en_cours_ROS2/celluleflexible/ros_ws/install/commande_locale/include/commande_locale/commande_locale/msg/detail/tache_finie_msg__struct.hpp
-- Installing: /home/user/celluleflexible_en_cours_ROS2/celluleflexible/ros_ws/install/commande_locale/include/commande_locale/commande_locale/msg/detail/robot_joints__builder.hpp
-- Installing: /home/user/celluleflexible_en_cours_ROS2/celluleflexible/ros_ws/install/commande_locale/include/commande_locale/commande_locale/msg/detail/msg_switch_control__struct.hpp
-- Installing: /home/user/celluleflexible_en_cours_ROS2/celluleflexible/ros_ws/install/commande_locale/include/commande_locale/commande_locale/msg/detail/msg_stop_control__traits.hpp
-- Installing: /home/user/celluleflexible_en_cours_ROS2/celluleflexible/ros_ws/install/commande_locale/include/commande_locale/commande_locale/msg/detail/msg_color__traits.hpp
-- Installing: /home/user/celluleflexible_en_cours_ROS2/celluleflexible/ros_ws/install/commande_locale/include/commande_locale/commande_locale/msg/detail/actionneurs__type_support.hpp
-- Installing: /home/user/celluleflexible_en_cours_ROS2/celluleflexible/ros_ws/install/commande_locale/include/commande_locale/commande_locale/msg/detail/tache_finie_msg__type_support.hpp
-- Installing: /home/user/celluleflexible_en_cours_ROS2/celluleflexible/ros_ws/install/commande_locale/include/commande_locale/commande_locale/msg/detail/msg_pin_control__builder.hpp
-- Installing: /home/user/celluleflexible_en_cours_ROS2/celluleflexible/ros_ws/install/commande_locale/include/commande_locale/commande_locale/msg/detail/capteurs__type_support.hpp
-- Installing: /home/user/celluleflexible_en_cours_ROS2/celluleflexible/ros_ws/install/commande_locale/include/commande_locale/commande_locale/msg/detail/msg_switch_control__traits.hpp
-- Installing: /home/user/celluleflexible_en_cours_ROS2/celluleflexible/ros_ws/install/commande_locale/include/commande_locale/commande_locale/msg/detail/deplacer_piece_msg__builder.hpp
-- Installing: /home/user/celluleflexible_en_cours_ROS2/celluleflexible/ros_ws/install/commande_locale/include/commande_locale/commande_locale/msg/detail/msg_erreur__traits.hpp
-- Installing: /home/user/celluleflexible_en_cours_ROS2/celluleflexible/ros_ws/install/commande_locale/include/commande_locale/commande_locale/msg/detail/msg_add_product__builder.hpp
-- Installing: /home/user/celluleflexible_en_cours_ROS2/celluleflexible/ros_ws/install/commande_locale/include/commande_locale/commande_locale/msg/detail/msg_stop_control__struct.hpp
-- Installing: /home/user/celluleflexible_en_cours_ROS2/celluleflexible/ros_ws/install/commande_locale/include/commande_locale/commande_locale/msg/detail/tache_finie_msg__traits.hpp
-- Installing: /home/user/celluleflexible_en_cours_ROS2/celluleflexible/ros_ws/install/commande_locale/include/commande_locale/commande_locale/msg/detail/msg_choix_mode__traits.hpp
-- Installing: /home/user/celluleflexible_en_cours_ROS2/celluleflexible/ros_ws/install/commande_locale/include/commande_locale/commande_locale/msg/detail/msg_choix_mode__builder.hpp
-- Installing: /home/user/celluleflexible_en_cours_ROS2/celluleflexible/ros_ws/install/commande_locale/include/commande_locale/commande_locale/msg/detail/msg_erreur__struct.hpp
-- Installing: /home/user/celluleflexible_en_cours_ROS2/celluleflexible/ros_ws/install/commande_locale/include/commande_locale/commande_locale/msg/detail/msg_color__builder.hpp
-- Installing: /home/user/celluleflexible_en_cours_ROS2/celluleflexible/ros_ws/install/commande_locale/include/commande_locale/commande_locale/msg/detail/msg_erreur__type_support.hpp
-- Installing: /home/user/celluleflexible_en_cours_ROS2/celluleflexible/ros_ws/install/commande_locale/include/commande_locale/commande_locale/msg/detail/msg_add_product__type_support.hpp
-- Installing: /home/user/celluleflexible_en_cours_ROS2/celluleflexible/ros_ws/install/commande_locale/include/commande_locale/commande_locale/msg/detail/deplacer_piece_msg__traits.hpp
-- Installing: /home/user/celluleflexible_en_cours_ROS2/celluleflexible/ros_ws/install/commande_locale/include/commande_locale/commande_locale/msg/detail/deplacer_piece_msg__type_support.hpp
-- Installing: /home/user/celluleflexible_en_cours_ROS2/celluleflexible/ros_ws/install/commande_locale/include/commande_locale/commande_locale/msg/detail/msg_pin_control__struct.hpp
-- Installing: /home/user/celluleflexible_en_cours_ROS2/celluleflexible/ros_ws/install/commande_locale/include/commande_locale/commande_locale/msg/detail/robot_joints__struct.hpp
-- Installing: /home/user/celluleflexible_en_cours_ROS2/celluleflexible/ros_ws/install/commande_locale/include/commande_locale/commande_locale/msg/detail/deplacer_piece_msg__struct.hpp
-- Installing: /home/user/celluleflexible_en_cours_ROS2/celluleflexible/ros_ws/install/commande_locale/include/commande_locale/commande_locale/msg/detail/actionneurs__builder.hpp
-- Installing: /home/user/celluleflexible_en_cours_ROS2/celluleflexible/ros_ws/install/commande_locale/include/commande_locale/commande_locale/msg/detail/tache_finie_msg__builder.hpp
-- Installing: /home/user/celluleflexible_en_cours_ROS2/celluleflexible/ros_ws/install/commande_locale/include/commande_locale/commande_locale/msg/detail/msg_erreur__builder.hpp
-- Installing: /home/user/celluleflexible_en_cours_ROS2/celluleflexible/ros_ws/install/commande_locale/include/commande_locale/commande_locale/msg/detail/msg_switch_control__type_support.hpp
-- Installing: /home/user/celluleflexible_en_cours_ROS2/celluleflexible/ros_ws/install/commande_locale/include/commande_locale/commande_locale/msg/detail/robot_joints__traits.hpp
-- Installing: /home/user/celluleflexible_en_cours_ROS2/celluleflexible/ros_ws/install/commande_locale/include/commande_locale/commande_locale/msg/detail/msg_pin_control__traits.hpp
-- Installing: /home/user/celluleflexible_en_cours_ROS2/celluleflexible/ros_ws/install/commande_locale/include/commande_locale/commande_locale/msg/detail/msg_add_product__traits.hpp
-- Installing: /home/user/celluleflexible_en_cours_ROS2/celluleflexible/ros_ws/install/commande_locale/include/commande_locale/commande_locale/msg/detail/capteurs__traits.hpp
-- Installing: /home/user/celluleflexible_en_cours_ROS2/celluleflexible/ros_ws/install/commande_locale/include/commande_locale/commande_locale/msg/detail/actionneurs__struct.hpp
-- Installing: /home/user/celluleflexible_en_cours_ROS2/celluleflexible/ros_ws/install/commande_locale/include/commande_locale/commande_locale/msg/detail/msg_choix_mode__type_support.hpp
-- Installing: /home/user/celluleflexible_en_cours_ROS2/celluleflexible/ros_ws/install/commande_locale/include/commande_locale/commande_locale/msg/detail/actionneurs__traits.hpp
-- Installing: /home/user/celluleflexible_en_cours_ROS2/celluleflexible/ros_ws/install/commande_locale/include/commande_locale/commande_locale/msg/detail/msg_stop_control__type_support.hpp
-- Installing: /home/user/celluleflexible_en_cours_ROS2/celluleflexible/ros_ws/install/commande_locale/include/commande_locale/commande_locale/msg/detail/msg_switch_control__builder.hpp
-- Installing: /home/user/celluleflexible_en_cours_ROS2/celluleflexible/ros_ws/install/commande_locale/include/commande_locale/commande_locale/msg/detail/msg_stop_control__builder.hpp
-- Installing: /home/user/celluleflexible_en_cours_ROS2/celluleflexible/ros_ws/install/commande_locale/include/commande_locale/commande_locale/msg/detail/msg_color__type_support.hpp
-- Installing: /home/user/celluleflexible_en_cours_ROS2/celluleflexible/ros_ws/install/commande_locale/include/commande_locale/commande_locale/msg/detail/msg_pin_control__type_support.hpp
-- Installing: /home/user/celluleflexible_en_cours_ROS2/celluleflexible/ros_ws/install/commande_locale/include/commande_locale/commande_locale/msg/detail/capteurs__struct.hpp
-- Installing: /home/user/celluleflexible_en_cours_ROS2/celluleflexible/ros_ws/install/commande_locale/include/commande_locale/commande_locale/msg/detail/msg_color__struct.hpp
-- Installing: /home/user/celluleflexible_en_cours_ROS2/celluleflexible/ros_ws/install/commande_locale/include/commande_locale/commande_locale/msg/msg_erreur.hpp
-- Up-to-date: /home/user/celluleflexible_en_cours_ROS2/celluleflexible/ros_ws/install/commande_locale/include/commande_locale/commande_locale/srv
-- Installing: /home/user/celluleflexible_en_cours_ROS2/celluleflexible/ros_ws/install/commande_locale/include/commande_locale/commande_locale/srv/srv_add_product.hpp
-- Installing: /home/user/celluleflexible_en_cours_ROS2/celluleflexible/ros_ws/install/commande_locale/include/commande_locale/commande_locale/srv/srv_add_product_push_back.hpp
-- Installing: /home/user/celluleflexible_en_cours_ROS2/celluleflexible/ros_ws/install/commande_locale/include/commande_locale/commande_locale/srv/srv_fin_init.hpp
-- Up-to-date: /home/user/celluleflexible_en_cours_ROS2/celluleflexible/ros_ws/install/commande_locale/include/commande_locale/commande_locale/srv/detail
-- Installing: /home/user/celluleflexible_en_cours_ROS2/celluleflexible/ros_ws/install/commande_locale/include/commande_locale/commande_locale/srv/detail/srv_add_product_push_back__builder.hpp
-- Installing: /home/user/celluleflexible_en_cours_ROS2/celluleflexible/ros_ws/install/commande_locale/include/commande_locale/commande_locale/srv/detail/srv_fin_init__builder.hpp
-- Installing: /home/user/celluleflexible_en_cours_ROS2/celluleflexible/ros_ws/install/commande_locale/include/commande_locale/commande_locale/srv/detail/srv_add_product__struct.hpp
-- Installing: /home/user/celluleflexible_en_cours_ROS2/celluleflexible/ros_ws/install/commande_locale/include/commande_locale/commande_locale/srv/detail/srv_fin_init__traits.hpp
-- Installing: /home/user/celluleflexible_en_cours_ROS2/celluleflexible/ros_ws/install/commande_locale/include/commande_locale/commande_locale/srv/detail/srv_add_product__type_support.hpp
-- Installing: /home/user/celluleflexible_en_cours_ROS2/celluleflexible/ros_ws/install/commande_locale/include/commande_locale/commande_locale/srv/detail/srv_add_product_push_back__struct.hpp
-- Installing: /home/user/celluleflexible_en_cours_ROS2/celluleflexible/ros_ws/install/commande_locale/include/commande_locale/commande_locale/srv/detail/srv_add_product_push_back__traits.hpp
-- Installing: /home/user/celluleflexible_en_cours_ROS2/celluleflexible/ros_ws/install/commande_locale/include/commande_locale/commande_locale/srv/detail/srv_fin_init__type_support.hpp
-- Installing: /home/user/celluleflexible_en_cours_ROS2/celluleflexible/ros_ws/install/commande_locale/include/commande_locale/commande_locale/srv/detail/srv_add_product__builder.hpp
-- Installing: /home/user/celluleflexible_en_cours_ROS2/celluleflexible/ros_ws/install/commande_locale/include/commande_locale/commande_locale/srv/detail/srv_fin_init__struct.hpp
-- Installing: /home/user/celluleflexible_en_cours_ROS2/celluleflexible/ros_ws/install/commande_locale/include/commande_locale/commande_locale/srv/detail/srv_add_product__traits.hpp
-- Installing: /home/user/celluleflexible_en_cours_ROS2/celluleflexible/ros_ws/install/commande_locale/include/commande_locale/commande_locale/srv/detail/srv_add_product_push_back__type_support.hpp
-- Up-to-date: /home/user/celluleflexible_en_cours_ROS2/celluleflexible/ros_ws/install/commande_locale/include/commande_locale/commande_locale
-- Up-to-date: /home/user/celluleflexible_en_cours_ROS2/celluleflexible/ros_ws/install/commande_locale/include/commande_locale/commande_locale/msg
-- Up-to-date: /home/user/celluleflexible_en_cours_ROS2/celluleflexible/ros_ws/install/commande_locale/include/commande_locale/commande_locale/msg/detail
-- Installing: /home/user/celluleflexible_en_cours_ROS2/celluleflexible/ros_ws/install/commande_locale/include/commande_locale/commande_locale/msg/detail/msg_pin_control__rosidl_typesupport_fastrtps_cpp.hpp
-- Installing: /home/user/celluleflexible_en_cours_ROS2/celluleflexible/ros_ws/install/commande_locale/include/commande_locale/commande_locale/msg/detail/capteurs__rosidl_typesupport_fastrtps_cpp.hpp
-- Installing: /home/user/celluleflexible_en_cours_ROS2/celluleflexible/ros_ws/install/commande_locale/include/commande_locale/commande_locale/msg/detail/tache_finie_msg__rosidl_typesupport_fastrtps_cpp.hpp
-- Installing: /home/user/celluleflexible_en_cours_ROS2/celluleflexible/ros_ws/install/commande_locale/include/commande_locale/commande_locale/msg/detail/msg_switch_control__rosidl_typesupport_fastrtps_cpp.hpp
-- Installing: /home/user/celluleflexible_en_cours_ROS2/celluleflexible/ros_ws/install/commande_locale/include/commande_locale/commande_locale/msg/detail/dds_fastrtps
-- Installing: /home/user/celluleflexible_en_cours_ROS2/celluleflexible/ros_ws/install/commande_locale/include/commande_locale/commande_locale/msg/detail/msg_erreur__rosidl_typesupport_fastrtps_cpp.hpp
-- Installing: /home/user/celluleflexible_en_cours_ROS2/celluleflexible/ros_ws/install/commande_locale/include/commande_locale/commande_locale/msg/detail/robot_joints__rosidl_typesupport_fastrtps_cpp.hpp
-- Installing: /home/user/celluleflexible_en_cours_ROS2/celluleflexible/ros_ws/install/commande_locale/include/commande_locale/commande_locale/msg/detail/msg_add_product__rosidl_typesupport_fastrtps_cpp.hpp
-- Installing: /home/user/celluleflexible_en_cours_ROS2/celluleflexible/ros_ws/install/commande_locale/include/commande_locale/commande_locale/msg/detail/msg_stop_control__rosidl_typesupport_fastrtps_cpp.hpp
-- Installing: /home/user/celluleflexible_en_cours_ROS2/celluleflexible/ros_ws/install/commande_locale/include/commande_locale/commande_locale/msg/detail/actionneurs__rosidl_typesupport_fastrtps_cpp.hpp
-- Installing: /home/user/celluleflexible_en_cours_ROS2/celluleflexible/ros_ws/install/commande_locale/include/commande_locale/commande_locale/msg/detail/msg_color__rosidl_typesupport_fastrtps_cpp.hpp
-- Installing: /home/user/celluleflexible_en_cours_ROS2/celluleflexible/ros_ws/install/commande_locale/include/commande_locale/commande_locale/msg/detail/msg_choix_mode__rosidl_typesupport_fastrtps_cpp.hpp
-- Installing: /home/user/celluleflexible_en_cours_ROS2/celluleflexible/ros_ws/install/commande_locale/include/commande_locale/commande_locale/msg/detail/deplacer_piece_msg__rosidl_typesupport_fastrtps_cpp.hpp
-- Installing: /home/user/celluleflexible_en_cours_ROS2/celluleflexible/ros_ws/install/commande_locale/include/commande_locale/commande_locale/msg/rosidl_typesupport_fastrtps_cpp__visibility_control.h
-- Up-to-date: /home/user/celluleflexible_en_cours_ROS2/celluleflexible/ros_ws/install/commande_locale/include/commande_locale/commande_locale/srv
-- Up-to-date: /home/user/celluleflexible_en_cours_ROS2/celluleflexible/ros_ws/install/commande_locale/include/commande_locale/commande_locale/srv/detail
-- Installing: /home/user/celluleflexible_en_cours_ROS2/celluleflexible/ros_ws/install/commande_locale/include/commande_locale/commande_locale/srv/detail/srv_fin_init__rosidl_typesupport_fastrtps_cpp.hpp
-- Installing: /home/user/celluleflexible_en_cours_ROS2/celluleflexible/ros_ws/install/commande_locale/include/commande_locale/commande_locale/srv/detail/srv_add_product__rosidl_typesupport_fastrtps_cpp.hpp
-- Installing: /home/user/celluleflexible_en_cours_ROS2/celluleflexible/ros_ws/install/commande_locale/include/commande_locale/commande_locale/srv/detail/srv_add_product_push_back__rosidl_typesupport_fastrtps_cpp.hpp
-- Installing: /home/user/celluleflexible_en_cours_ROS2/celluleflexible/ros_ws/install/commande_locale/include/commande_locale/commande_locale/srv/detail/dds_fastrtps
-- Installing: /home/user/celluleflexible_en_cours_ROS2/celluleflexible/ros_ws/install/commande_locale/lib/libcommande_locale__rosidl_typesupport_fastrtps_cpp.so
-- Set non-toolchain portion of runtime path of "/home/user/celluleflexible_en_cours_ROS2/celluleflexible/ros_ws/install/commande_locale/lib/libcommande_locale__rosidl_typesupport_fastrtps_cpp.so" to ""
-- Up-to-date: /home/user/celluleflexible_en_cours_ROS2/celluleflexible/ros_ws/install/commande_locale/include/commande_locale/commande_locale
-- Up-to-date: /home/user/celluleflexible_en_cours_ROS2/celluleflexible/ros_ws/install/commande_locale/include/commande_locale/commande_locale/msg
-- Installing: /home/user/celluleflexible_en_cours_ROS2/celluleflexible/ros_ws/install/commande_locale/include/commande_locale/commande_locale/msg/rosidl_typesupport_introspection_c__visibility_control.h
-- Up-to-date: /home/user/celluleflexible_en_cours_ROS2/celluleflexible/ros_ws/install/commande_locale/include/commande_locale/commande_locale/msg/detail
-- Installing: /home/user/celluleflexible_en_cours_ROS2/celluleflexible/ros_ws/install/commande_locale/include/commande_locale/commande_locale/msg/detail/msg_stop_control__rosidl_typesupport_introspection_c.h
-- Installing: /home/user/celluleflexible_en_cours_ROS2/celluleflexible/ros_ws/install/commande_locale/include/commande_locale/commande_locale/msg/detail/msg_color__rosidl_typesupport_introspection_c.h
-- Installing: /home/user/celluleflexible_en_cours_ROS2/celluleflexible/ros_ws/install/commande_locale/include/commande_locale/commande_locale/msg/detail/msg_add_product__rosidl_typesupport_introspection_c.h
-- Installing: /home/user/celluleflexible_en_cours_ROS2/celluleflexible/ros_ws/install/commande_locale/include/commande_locale/commande_locale/msg/detail/actionneurs__rosidl_typesupport_introspection_c.h
-- Installing: /home/user/celluleflexible_en_cours_ROS2/celluleflexible/ros_ws/install/commande_locale/include/commande_locale/commande_locale/msg/detail/tache_finie_msg__rosidl_typesupport_introspection_c.h
-- Installing: /home/user/celluleflexible_en_cours_ROS2/celluleflexible/ros_ws/install/commande_locale/include/commande_locale/commande_locale/msg/detail/msg_switch_control__type_support.c
-- Installing: /home/user/celluleflexible_en_cours_ROS2/celluleflexible/ros_ws/install/commande_locale/include/commande_locale/commande_locale/msg/detail/msg_stop_control__type_support.c
-- Installing: /home/user/celluleflexible_en_cours_ROS2/celluleflexible/ros_ws/install/commande_locale/include/commande_locale/commande_locale/msg/detail/capteurs__type_support.c
-- Installing: /home/user/celluleflexible_en_cours_ROS2/celluleflexible/ros_ws/install/commande_locale/include/commande_locale/commande_locale/msg/detail/deplacer_piece_msg__type_support.c
-- Installing: /home/user/celluleflexible_en_cours_ROS2/celluleflexible/ros_ws/install/commande_locale/include/commande_locale/commande_locale/msg/detail/msg_pin_control__rosidl_typesupport_introspection_c.h
-- Installing: /home/user/celluleflexible_en_cours_ROS2/celluleflexible/ros_ws/install/commande_locale/include/commande_locale/commande_locale/msg/detail/capteurs__rosidl_typesupport_introspection_c.h
-- Installing: /home/user/celluleflexible_en_cours_ROS2/celluleflexible/ros_ws/install/commande_locale/include/commande_locale/commande_locale/msg/detail/actionneurs__type_support.c
-- Installing: /home/user/celluleflexible_en_cours_ROS2/celluleflexible/ros_ws/install/commande_locale/include/commande_locale/commande_locale/msg/detail/deplacer_piece_msg__rosidl_typesupport_introspection_c.h
-- Installing: /home/user/celluleflexible_en_cours_ROS2/celluleflexible/ros_ws/install/commande_locale/include/commande_locale/commande_locale/msg/detail/msg_switch_control__rosidl_typesupport_introspection_c.h
-- Installing: /home/user/celluleflexible_en_cours_ROS2/celluleflexible/ros_ws/install/commande_locale/include/commande_locale/commande_locale/msg/detail/robot_joints__rosidl_typesupport_introspection_c.h
-- Installing: /home/user/celluleflexible_en_cours_ROS2/celluleflexible/ros_ws/install/commande_locale/include/commande_locale/commande_locale/msg/detail/msg_color__type_support.c
-- Installing: /home/user/celluleflexible_en_cours_ROS2/celluleflexible/ros_ws/install/commande_locale/include/commande_locale/commande_locale/msg/detail/msg_add_product__type_support.c
-- Installing: /home/user/celluleflexible_en_cours_ROS2/celluleflexible/ros_ws/install/commande_locale/include/commande_locale/commande_locale/msg/detail/msg_choix_mode__type_support.c
-- Installing: /home/user/celluleflexible_en_cours_ROS2/celluleflexible/ros_ws/install/commande_locale/include/commande_locale/commande_locale/msg/detail/msg_choix_mode__rosidl_typesupport_introspection_c.h
-- Installing: /home/user/celluleflexible_en_cours_ROS2/celluleflexible/ros_ws/install/commande_locale/include/commande_locale/commande_locale/msg/detail/robot_joints__type_support.c
-- Installing: /home/user/celluleflexible_en_cours_ROS2/celluleflexible/ros_ws/install/commande_locale/include/commande_locale/commande_locale/msg/detail/msg_pin_control__type_support.c
-- Installing: /home/user/celluleflexible_en_cours_ROS2/celluleflexible/ros_ws/install/commande_locale/include/commande_locale/commande_locale/msg/detail/msg_erreur__type_support.c
-- Installing: /home/user/celluleflexible_en_cours_ROS2/celluleflexible/ros_ws/install/commande_locale/include/commande_locale/commande_locale/msg/detail/tache_finie_msg__type_support.c
-- Installing: /home/user/celluleflexible_en_cours_ROS2/celluleflexible/ros_ws/install/commande_locale/include/commande_locale/commande_locale/msg/detail/msg_erreur__rosidl_typesupport_introspection_c.h
-- Up-to-date: /home/user/celluleflexible_en_cours_ROS2/celluleflexible/ros_ws/install/commande_locale/include/commande_locale/commande_locale/srv
-- Up-to-date: /home/user/celluleflexible_en_cours_ROS2/celluleflexible/ros_ws/install/commande_locale/include/commande_locale/commande_locale/srv/detail
-- Installing: /home/user/celluleflexible_en_cours_ROS2/celluleflexible/ros_ws/install/commande_locale/include/commande_locale/commande_locale/srv/detail/srv_add_product_push_back__type_support.c
-- Installing: /home/user/celluleflexible_en_cours_ROS2/celluleflexible/ros_ws/install/commande_locale/include/commande_locale/commande_locale/srv/detail/srv_fin_init__type_support.c
-- Installing: /home/user/celluleflexible_en_cours_ROS2/celluleflexible/ros_ws/install/commande_locale/include/commande_locale/commande_locale/srv/detail/srv_add_product_push_back__rosidl_typesupport_introspection_c.h
-- Installing: /home/user/celluleflexible_en_cours_ROS2/celluleflexible/ros_ws/install/commande_locale/include/commande_locale/commande_locale/srv/detail/srv_fin_init__rosidl_typesupport_introspection_c.h
-- Installing: /home/user/celluleflexible_en_cours_ROS2/celluleflexible/ros_ws/install/commande_locale/include/commande_locale/commande_locale/srv/detail/srv_add_product__rosidl_typesupport_introspection_c.h
-- Installing: /home/user/celluleflexible_en_cours_ROS2/celluleflexible/ros_ws/install/commande_locale/include/commande_locale/commande_locale/srv/detail/srv_add_product__type_support.c
-- Installing: /home/user/celluleflexible_en_cours_ROS2/celluleflexible/ros_ws/install/commande_locale/lib/libcommande_locale__rosidl_typesupport_introspection_c.so
-- Set non-toolchain portion of runtime path of "/home/user/celluleflexible_en_cours_ROS2/celluleflexible/ros_ws/install/commande_locale/lib/libcommande_locale__rosidl_typesupport_introspection_c.so" to ""
-- Installing: /home/user/celluleflexible_en_cours_ROS2/celluleflexible/ros_ws/install/commande_locale/lib/libcommande_locale__rosidl_typesupport_c.so
-- Set non-toolchain portion of runtime path of "/home/user/celluleflexible_en_cours_ROS2/celluleflexible/ros_ws/install/commande_locale/lib/libcommande_locale__rosidl_typesupport_c.so" to ""
-- Up-to-date: /home/user/celluleflexible_en_cours_ROS2/celluleflexible/ros_ws/install/commande_locale/include/commande_locale/commande_locale
-- Up-to-date: /home/user/celluleflexible_en_cours_ROS2/celluleflexible/ros_ws/install/commande_locale/include/commande_locale/commande_locale/msg
-- Up-to-date: /home/user/celluleflexible_en_cours_ROS2/celluleflexible/ros_ws/install/commande_locale/include/commande_locale/commande_locale/msg/detail
-- Installing: /home/user/celluleflexible_en_cours_ROS2/celluleflexible/ros_ws/install/commande_locale/include/commande_locale/commande_locale/msg/detail/msg_add_product__type_support.cpp
-- Installing: /home/user/celluleflexible_en_cours_ROS2/celluleflexible/ros_ws/install/commande_locale/include/commande_locale/commande_locale/msg/detail/msg_switch_control__rosidl_typesupport_introspection_cpp.hpp
-- Installing: /home/user/celluleflexible_en_cours_ROS2/celluleflexible/ros_ws/install/commande_locale/include/commande_locale/commande_locale/msg/detail/msg_pin_control__type_support.cpp
-- Installing: /home/user/celluleflexible_en_cours_ROS2/celluleflexible/ros_ws/install/commande_locale/include/commande_locale/commande_locale/msg/detail/actionneurs__rosidl_typesupport_introspection_cpp.hpp
-- Installing: /home/user/celluleflexible_en_cours_ROS2/celluleflexible/ros_ws/install/commande_locale/include/commande_locale/commande_locale/msg/detail/msg_stop_control__rosidl_typesupport_introspection_cpp.hpp
-- Installing: /home/user/celluleflexible_en_cours_ROS2/celluleflexible/ros_ws/install/commande_locale/include/commande_locale/commande_locale/msg/detail/tache_finie_msg__type_support.cpp
-- Installing: /home/user/celluleflexible_en_cours_ROS2/celluleflexible/ros_ws/install/commande_locale/include/commande_locale/commande_locale/msg/detail/capteurs__rosidl_typesupport_introspection_cpp.hpp
-- Installing: /home/user/celluleflexible_en_cours_ROS2/celluleflexible/ros_ws/install/commande_locale/include/commande_locale/commande_locale/msg/detail/deplacer_piece_msg__rosidl_typesupport_introspection_cpp.hpp
-- Installing: /home/user/celluleflexible_en_cours_ROS2/celluleflexible/ros_ws/install/commande_locale/include/commande_locale/commande_locale/msg/detail/msg_stop_control__type_support.cpp
-- Installing: /home/user/celluleflexible_en_cours_ROS2/celluleflexible/ros_ws/install/commande_locale/include/commande_locale/commande_locale/msg/detail/msg_pin_control__rosidl_typesupport_introspection_cpp.hpp
-- Installing: /home/user/celluleflexible_en_cours_ROS2/celluleflexible/ros_ws/install/commande_locale/include/commande_locale/commande_locale/msg/detail/msg_erreur__type_support.cpp
-- Installing: /home/user/celluleflexible_en_cours_ROS2/celluleflexible/ros_ws/install/commande_locale/include/commande_locale/commande_locale/msg/detail/robot_joints__rosidl_typesupport_introspection_cpp.hpp
-- Installing: /home/user/celluleflexible_en_cours_ROS2/celluleflexible/ros_ws/install/commande_locale/include/commande_locale/commande_locale/msg/detail/msg_erreur__rosidl_typesupport_introspection_cpp.hpp
-- Installing: /home/user/celluleflexible_en_cours_ROS2/celluleflexible/ros_ws/install/commande_locale/include/commande_locale/commande_locale/msg/detail/msg_choix_mode__type_support.cpp
-- Installing: /home/user/celluleflexible_en_cours_ROS2/celluleflexible/ros_ws/install/commande_locale/include/commande_locale/commande_locale/msg/detail/msg_color__rosidl_typesupport_introspection_cpp.hpp
-- Installing: /home/user/celluleflexible_en_cours_ROS2/celluleflexible/ros_ws/install/commande_locale/include/commande_locale/commande_locale/msg/detail/msg_choix_mode__rosidl_typesupport_introspection_cpp.hpp
-- Installing: /home/user/celluleflexible_en_cours_ROS2/celluleflexible/ros_ws/install/commande_locale/include/commande_locale/commande_locale/msg/detail/deplacer_piece_msg__type_support.cpp
-- Installing: /home/user/celluleflexible_en_cours_ROS2/celluleflexible/ros_ws/install/commande_locale/include/commande_locale/commande_locale/msg/detail/msg_switch_control__type_support.cpp
-- Installing: /home/user/celluleflexible_en_cours_ROS2/celluleflexible/ros_ws/install/commande_locale/include/commande_locale/commande_locale/msg/detail/robot_joints__type_support.cpp
-- Installing: /home/user/celluleflexible_en_cours_ROS2/celluleflexible/ros_ws/install/commande_locale/include/commande_locale/commande_locale/msg/detail/capteurs__type_support.cpp
-- Installing: /home/user/celluleflexible_en_cours_ROS2/celluleflexible/ros_ws/install/commande_locale/include/commande_locale/commande_locale/msg/detail/tache_finie_msg__rosidl_typesupport_introspection_cpp.hpp
-- Installing: /home/user/celluleflexible_en_cours_ROS2/celluleflexible/ros_ws/install/commande_locale/include/commande_locale/commande_locale/msg/detail/msg_color__type_support.cpp
-- Installing: /home/user/celluleflexible_en_cours_ROS2/celluleflexible/ros_ws/install/commande_locale/include/commande_locale/commande_locale/msg/detail/msg_add_product__rosidl_typesupport_introspection_cpp.hpp
-- Installing: /home/user/celluleflexible_en_cours_ROS2/celluleflexible/ros_ws/install/commande_locale/include/commande_locale/commande_locale/msg/detail/actionneurs__type_support.cpp
-- Up-to-date: /home/user/celluleflexible_en_cours_ROS2/celluleflexible/ros_ws/install/commande_locale/include/commande_locale/commande_locale/srv
-- Up-to-date: /home/user/celluleflexible_en_cours_ROS2/celluleflexible/ros_ws/install/commande_locale/include/commande_locale/commande_locale/srv/detail
-- Installing: /home/user/celluleflexible_en_cours_ROS2/celluleflexible/ros_ws/install/commande_locale/include/commande_locale/commande_locale/srv/detail/srv_add_product_push_back__rosidl_typesupport_introspection_cpp.hpp
-- Installing: /home/user/celluleflexible_en_cours_ROS2/celluleflexible/ros_ws/install/commande_locale/include/commande_locale/commande_locale/srv/detail/srv_add_product__type_support.cpp
-- Installing: /home/user/celluleflexible_en_cours_ROS2/celluleflexible/ros_ws/install/commande_locale/include/commande_locale/commande_locale/srv/detail/srv_add_product__rosidl_typesupport_introspection_cpp.hpp
-- Installing: /home/user/celluleflexible_en_cours_ROS2/celluleflexible/ros_ws/install/commande_locale/include/commande_locale/commande_locale/srv/detail/srv_fin_init__rosidl_typesupport_introspection_cpp.hpp
-- Installing: /home/user/celluleflexible_en_cours_ROS2/celluleflexible/ros_ws/install/commande_locale/include/commande_locale/commande_locale/srv/detail/srv_add_product_push_back__type_support.cpp
-- Installing: /home/user/celluleflexible_en_cours_ROS2/celluleflexible/ros_ws/install/commande_locale/include/commande_locale/commande_locale/srv/detail/srv_fin_init__type_support.cpp
-- Installing: /home/user/celluleflexible_en_cours_ROS2/celluleflexible/ros_ws/install/commande_locale/lib/libcommande_locale__rosidl_typesupport_introspection_cpp.so
-- Set non-toolchain portion of runtime path of "/home/user/celluleflexible_en_cours_ROS2/celluleflexible/ros_ws/install/commande_locale/lib/libcommande_locale__rosidl_typesupport_introspection_cpp.so" to ""
-- Installing: /home/user/celluleflexible_en_cours_ROS2/celluleflexible/ros_ws/install/commande_locale/lib/libcommande_locale__rosidl_typesupport_cpp.so
-- Set non-toolchain portion of runtime path of "/home/user/celluleflexible_en_cours_ROS2/celluleflexible/ros_ws/install/commande_locale/lib/libcommande_locale__rosidl_typesupport_cpp.so" to ""
-- Installing: /home/user/celluleflexible_en_cours_ROS2/celluleflexible/ros_ws/install/commande_locale/share/commande_locale/environment/pythonpath.sh
-- Installing: /home/user/celluleflexible_en_cours_ROS2/celluleflexible/ros_ws/install/commande_locale/share/commande_locale/environment/pythonpath.dsv
-- Installing: /home/user/celluleflexible_en_cours_ROS2/celluleflexible/ros_ws/install/commande_locale/lib/python3.12/site-packages/commande_locale-3.1.2-py3.12.egg-info
-- Installing: /home/user/celluleflexible_en_cours_ROS2/celluleflexible/ros_ws/install/commande_locale/lib/python3.12/site-packages/commande_locale-3.1.2-py3.12.egg-info/SOURCES.txt
-- Installing: /home/user/celluleflexible_en_cours_ROS2/celluleflexible/ros_ws/install/commande_locale/lib/python3.12/site-packages/commande_locale-3.1.2-py3.12.egg-info/top_level.txt
-- Installing: /home/user/celluleflexible_en_cours_ROS2/celluleflexible/ros_ws/install/commande_locale/lib/python3.12/site-packages/commande_locale-3.1.2-py3.12.egg-info/PKG-INFO
-- Installing: /home/user/celluleflexible_en_cours_ROS2/celluleflexible/ros_ws/install/commande_locale/lib/python3.12/site-packages/commande_locale-3.1.2-py3.12.egg-info/dependency_links.txt
-- Installing: /home/user/celluleflexible_en_cours_ROS2/celluleflexible/ros_ws/install/commande_locale/lib/python3.12/site-packages/commande_locale
-- Installing: /home/user/celluleflexible_en_cours_ROS2/celluleflexible/ros_ws/install/commande_locale/lib/python3.12/site-packages/commande_locale/msg
-- Installing: /home/user/celluleflexible_en_cours_ROS2/celluleflexible/ros_ws/install/commande_locale/lib/python3.12/site-packages/commande_locale/msg/_deplacer_piece_msg.py
-- Installing: /home/user/celluleflexible_en_cours_ROS2/celluleflexible/ros_ws/install/commande_locale/lib/python3.12/site-packages/commande_locale/msg/_msg_color_s.c
-- Installing: /home/user/celluleflexible_en_cours_ROS2/celluleflexible/ros_ws/install/commande_locale/lib/python3.12/site-packages/commande_locale/msg/_tache_finie_msg_s.c
-- Installing: /home/user/celluleflexible_en_cours_ROS2/celluleflexible/ros_ws/install/commande_locale/lib/python3.12/site-packages/commande_locale/msg/_msg_color.py
-- Installing: /home/user/celluleflexible_en_cours_ROS2/celluleflexible/ros_ws/install/commande_locale/lib/python3.12/site-packages/commande_locale/msg/_msg_stop_control.py
-- Installing: /home/user/celluleflexible_en_cours_ROS2/celluleflexible/ros_ws/install/commande_locale/lib/python3.12/site-packages/commande_locale/msg/_msg_erreur.py
-- Installing: /home/user/celluleflexible_en_cours_ROS2/celluleflexible/ros_ws/install/commande_locale/lib/python3.12/site-packages/commande_locale/msg/_msg_choix_mode_s.c
-- Installing: /home/user/celluleflexible_en_cours_ROS2/celluleflexible/ros_ws/install/commande_locale/lib/python3.12/site-packages/commande_locale/msg/__init__.py
-- Installing: /home/user/celluleflexible_en_cours_ROS2/celluleflexible/ros_ws/install/commande_locale/lib/python3.12/site-packages/commande_locale/msg/_msg_add_product_s.c
-- Installing: /home/user/celluleflexible_en_cours_ROS2/celluleflexible/ros_ws/install/commande_locale/lib/python3.12/site-packages/commande_locale/msg/_msg_choix_mode.py
-- Installing: /home/user/celluleflexible_en_cours_ROS2/celluleflexible/ros_ws/install/commande_locale/lib/python3.12/site-packages/commande_locale/msg/_actionneurs.py
-- Installing: /home/user/celluleflexible_en_cours_ROS2/celluleflexible/ros_ws/install/commande_locale/lib/python3.12/site-packages/commande_locale/msg/_tache_finie_msg.py
-- Installing: /home/user/celluleflexible_en_cours_ROS2/celluleflexible/ros_ws/install/commande_locale/lib/python3.12/site-packages/commande_locale/msg/_msg_switch_control.py
-- Installing: /home/user/celluleflexible_en_cours_ROS2/celluleflexible/ros_ws/install/commande_locale/lib/python3.12/site-packages/commande_locale/msg/_capteurs.py
-- Installing: /home/user/celluleflexible_en_cours_ROS2/celluleflexible/ros_ws/install/commande_locale/lib/python3.12/site-packages/commande_locale/msg/_msg_stop_control_s.c
-- Installing: /home/user/celluleflexible_en_cours_ROS2/celluleflexible/ros_ws/install/commande_locale/lib/python3.12/site-packages/commande_locale/msg/_robot_joints_s.c
-- Installing: /home/user/celluleflexible_en_cours_ROS2/celluleflexible/ros_ws/install/commande_locale/lib/python3.12/site-packages/commande_locale/msg/_capteurs_s.c
-- Installing: /home/user/celluleflexible_en_cours_ROS2/celluleflexible/ros_ws/install/commande_locale/lib/python3.12/site-packages/commande_locale/msg/_deplacer_piece_msg_s.c
-- Installing: /home/user/celluleflexible_en_cours_ROS2/celluleflexible/ros_ws/install/commande_locale/lib/python3.12/site-packages/commande_locale/msg/_msg_switch_control_s.c
-- Installing: /home/user/celluleflexible_en_cours_ROS2/celluleflexible/ros_ws/install/commande_locale/lib/python3.12/site-packages/commande_locale/msg/_actionneurs_s.c
-- Installing: /home/user/celluleflexible_en_cours_ROS2/celluleflexible/ros_ws/install/commande_locale/lib/python3.12/site-packages/commande_locale/msg/_msg_pin_control_s.c
-- Installing: /home/user/celluleflexible_en_cours_ROS2/celluleflexible/ros_ws/install/commande_locale/lib/python3.12/site-packages/commande_locale/msg/_msg_erreur_s.c
-- Installing: /home/user/celluleflexible_en_cours_ROS2/celluleflexible/ros_ws/install/commande_locale/lib/python3.12/site-packages/commande_locale/msg/_msg_pin_control.py
-- Installing: /home/user/celluleflexible_en_cours_ROS2/celluleflexible/ros_ws/install/commande_locale/lib/python3.12/site-packages/commande_locale/msg/_robot_joints.py
-- Installing: /home/user/celluleflexible_en_cours_ROS2/celluleflexible/ros_ws/install/commande_locale/lib/python3.12/site-packages/commande_locale/msg/_msg_add_product.py
-- Installing: /home/user/celluleflexible_en_cours_ROS2/celluleflexible/ros_ws/install/commande_locale/lib/python3.12/site-packages/commande_locale/__init__.py
-- Installing: /home/user/celluleflexible_en_cours_ROS2/celluleflexible/ros_ws/install/commande_locale/lib/python3.12/site-packages/commande_locale/_commande_locale_s.ep.rosidl_typesupport_c.c
-- Installing: /home/user/celluleflexible_en_cours_ROS2/celluleflexible/ros_ws/install/commande_locale/lib/python3.12/site-packages/commande_locale/commande_locale_s__rosidl_typesupport_c.so
-- Installing: /home/user/celluleflexible_en_cours_ROS2/celluleflexible/ros_ws/install/commande_locale/lib/python3.12/site-packages/commande_locale/commande_locale_s__rosidl_typesupport_fastrtps_c.so
-- Installing: /home/user/celluleflexible_en_cours_ROS2/celluleflexible/ros_ws/install/commande_locale/lib/python3.12/site-packages/commande_locale/srv
-- Installing: /home/user/celluleflexible_en_cours_ROS2/celluleflexible/ros_ws/install/commande_locale/lib/python3.12/site-packages/commande_locale/srv/_srv_add_product.py
-- Installing: /home/user/celluleflexible_en_cours_ROS2/celluleflexible/ros_ws/install/commande_locale/lib/python3.12/site-packages/commande_locale/srv/_srv_add_product_push_back.py
-- Installing: /home/user/celluleflexible_en_cours_ROS2/celluleflexible/ros_ws/install/commande_locale/lib/python3.12/site-packages/commande_locale/srv/__init__.py
-- Installing: /home/user/celluleflexible_en_cours_ROS2/celluleflexible/ros_ws/install/commande_locale/lib/python3.12/site-packages/commande_locale/srv/_srv_add_product_push_back_s.c
-- Installing: /home/user/celluleflexible_en_cours_ROS2/celluleflexible/ros_ws/install/commande_locale/lib/python3.12/site-packages/commande_locale/srv/_srv_fin_init.py
-- Installing: /home/user/celluleflexible_en_cours_ROS2/celluleflexible/ros_ws/install/commande_locale/lib/python3.12/site-packages/commande_locale/srv/_srv_fin_init_s.c
-- Installing: /home/user/celluleflexible_en_cours_ROS2/celluleflexible/ros_ws/install/commande_locale/lib/python3.12/site-packages/commande_locale/srv/_srv_add_product_s.c
-- Installing: /home/user/celluleflexible_en_cours_ROS2/celluleflexible/ros_ws/install/commande_locale/lib/python3.12/site-packages/commande_locale/_commande_locale_s.ep.rosidl_typesupport_introspection_c.c
-- Installing: /home/user/celluleflexible_en_cours_ROS2/celluleflexible/ros_ws/install/commande_locale/lib/python3.12/site-packages/commande_locale/commande_locale_s__rosidl_typesupport_introspection_c.so
-- Installing: /home/user/celluleflexible_en_cours_ROS2/celluleflexible/ros_ws/install/commande_locale/lib/python3.12/site-packages/commande_locale/_commande_locale_s.ep.rosidl_typesupport_fastrtps_c.c
Listing '/home/user/celluleflexible_en_cours_ROS2/celluleflexible/ros_ws/install/commande_locale/lib/python3.12/site-packages/commande_locale'...
Compiling '/home/user/celluleflexible_en_cours_ROS2/celluleflexible/ros_ws/install/commande_locale/lib/python3.12/site-packages/commande_locale/__init__.py'...
Listing '/home/user/celluleflexible_en_cours_ROS2/celluleflexible/ros_ws/install/commande_locale/lib/python3.12/site-packages/commande_locale/msg'...
Compiling '/home/user/celluleflexible_en_cours_ROS2/celluleflexible/ros_ws/install/commande_locale/lib/python3.12/site-packages/commande_locale/msg/__init__.py'...
Compiling '/home/user/celluleflexible_en_cours_ROS2/celluleflexible/ros_ws/install/commande_locale/lib/python3.12/site-packages/commande_locale/msg/_actionneurs.py'...
Compiling '/home/user/celluleflexible_en_cours_ROS2/celluleflexible/ros_ws/install/commande_locale/lib/python3.12/site-packages/commande_locale/msg/_capteurs.py'...
Compiling '/home/user/celluleflexible_en_cours_ROS2/celluleflexible/ros_ws/install/commande_locale/lib/python3.12/site-packages/commande_locale/msg/_deplacer_piece_msg.py'...
Compiling '/home/user/celluleflexible_en_cours_ROS2/celluleflexible/ros_ws/install/commande_locale/lib/python3.12/site-packages/commande_locale/msg/_msg_add_product.py'...
Compiling '/home/user/celluleflexible_en_cours_ROS2/celluleflexible/ros_ws/install/commande_locale/lib/python3.12/site-packages/commande_locale/msg/_msg_choix_mode.py'...
Compiling '/home/user/celluleflexible_en_cours_ROS2/celluleflexible/ros_ws/install/commande_locale/lib/python3.12/site-packages/commande_locale/msg/_msg_color.py'...
Compiling '/home/user/celluleflexible_en_cours_ROS2/celluleflexible/ros_ws/install/commande_locale/lib/python3.12/site-packages/commande_locale/msg/_msg_erreur.py'...
Compiling '/home/user/celluleflexible_en_cours_ROS2/celluleflexible/ros_ws/install/commande_locale/lib/python3.12/site-packages/commande_locale/msg/_msg_pin_control.py'...
Compiling '/home/user/celluleflexible_en_cours_ROS2/celluleflexible/ros_ws/install/commande_locale/lib/python3.12/site-packages/commande_locale/msg/_msg_stop_control.py'...
Compiling '/home/user/celluleflexible_en_cours_ROS2/celluleflexible/ros_ws/install/commande_locale/lib/python3.12/site-packages/commande_locale/msg/_msg_switch_control.py'...
Compiling '/home/user/celluleflexible_en_cours_ROS2/celluleflexible/ros_ws/install/commande_locale/lib/python3.12/site-packages/commande_locale/msg/_robot_joints.py'...
Compiling '/home/user/celluleflexible_en_cours_ROS2/celluleflexible/ros_ws/install/commande_locale/lib/python3.12/site-packages/commande_locale/msg/_tache_finie_msg.py'...
Listing '/home/user/celluleflexible_en_cours_ROS2/celluleflexible/ros_ws/install/commande_locale/lib/python3.12/site-packages/commande_locale/srv'...
Compiling '/home/user/celluleflexible_en_cours_ROS2/celluleflexible/ros_ws/install/commande_locale/lib/python3.12/site-packages/commande_locale/srv/__init__.py'...
Compiling '/home/user/celluleflexible_en_cours_ROS2/celluleflexible/ros_ws/install/commande_locale/lib/python3.12/site-packages/commande_locale/srv/_srv_add_product.py'...
Compiling '/home/user/celluleflexible_en_cours_ROS2/celluleflexible/ros_ws/install/commande_locale/lib/python3.12/site-packages/commande_locale/srv/_srv_add_product_push_back.py'...
Compiling '/home/user/celluleflexible_en_cours_ROS2/celluleflexible/ros_ws/install/commande_locale/lib/python3.12/site-packages/commande_locale/srv/_srv_fin_init.py'...
-- Installing: /home/user/celluleflexible_en_cours_ROS2/celluleflexible/ros_ws/install/commande_locale/lib/python3.12/site-packages/commande_locale/commande_locale_s__rosidl_typesupport_fastrtps_c.so
-- Set non-toolchain portion of runtime path of "/home/user/celluleflexible_en_cours_ROS2/celluleflexible/ros_ws/install/commande_locale/lib/python3.12/site-packages/commande_locale/commande_locale_s__rosidl_typesupport_fastrtps_c.so" to ""
-- Installing: /home/user/celluleflexible_en_cours_ROS2/celluleflexible/ros_ws/install/commande_locale/lib/python3.12/site-packages/commande_locale/commande_locale_s__rosidl_typesupport_introspection_c.so
-- Set non-toolchain portion of runtime path of "/home/user/celluleflexible_en_cours_ROS2/celluleflexible/ros_ws/install/commande_locale/lib/python3.12/site-packages/commande_locale/commande_locale_s__rosidl_typesupport_introspection_c.so" to ""
-- Installing: /home/user/celluleflexible_en_cours_ROS2/celluleflexible/ros_ws/install/commande_locale/lib/python3.12/site-packages/commande_locale/commande_locale_s__rosidl_typesupport_c.so
-- Set non-toolchain portion of runtime path of "/home/user/celluleflexible_en_cours_ROS2/celluleflexible/ros_ws/install/commande_locale/lib/python3.12/site-packages/commande_locale/commande_locale_s__rosidl_typesupport_c.so" to ""
-- Installing: /home/user/celluleflexible_en_cours_ROS2/celluleflexible/ros_ws/install/commande_locale/lib/libcommande_locale__rosidl_generator_py.so
-- Set non-toolchain portion of runtime path of "/home/user/celluleflexible_en_cours_ROS2/celluleflexible/ros_ws/install/commande_locale/lib/libcommande_locale__rosidl_generator_py.so" to ""
-- Installing: /home/user/celluleflexible_en_cours_ROS2/celluleflexible/ros_ws/install/commande_locale/share/commande_locale/srv/SrvAddProduct.idl
-- Installing: /home/user/celluleflexible_en_cours_ROS2/celluleflexible/ros_ws/install/commande_locale/share/commande_locale/srv/SrvFinInit.idl
-- Installing: /home/user/celluleflexible_en_cours_ROS2/celluleflexible/ros_ws/install/commande_locale/share/commande_locale/srv/SrvAddProductPushBack.idl
-- Installing: /home/user/celluleflexible_en_cours_ROS2/celluleflexible/ros_ws/install/commande_locale/share/commande_locale/msg/MsgAddProduct.idl
-- Installing: /home/user/celluleflexible_en_cours_ROS2/celluleflexible/ros_ws/install/commande_locale/share/commande_locale/msg/MsgStopControl.idl
-- Installing: /home/user/celluleflexible_en_cours_ROS2/celluleflexible/ros_ws/install/commande_locale/share/commande_locale/msg/MsgColor.idl
-- Installing: /home/user/celluleflexible_en_cours_ROS2/celluleflexible/ros_ws/install/commande_locale/share/commande_locale/msg/MsgSwitchControl.idl
-- Installing: /home/user/celluleflexible_en_cours_ROS2/celluleflexible/ros_ws/install/commande_locale/share/commande_locale/msg/MsgPinControl.idl
-- Installing: /home/user/celluleflexible_en_cours_ROS2/celluleflexible/ros_ws/install/commande_locale/share/commande_locale/msg/MsgErreur.idl
-- Installing: /home/user/celluleflexible_en_cours_ROS2/celluleflexible/ros_ws/install/commande_locale/share/commande_locale/msg/RobotJoints.idl
-- Installing: /home/user/celluleflexible_en_cours_ROS2/celluleflexible/ros_ws/install/commande_locale/share/commande_locale/msg/TacheFinieMsg.idl
-- Installing: /home/user/celluleflexible_en_cours_ROS2/celluleflexible/ros_ws/install/commande_locale/share/commande_locale/msg/DeplacerPieceMsg.idl
-- Installing: /home/user/celluleflexible_en_cours_ROS2/celluleflexible/ros_ws/install/commande_locale/share/commande_locale/msg/Actionneurs.idl
-- Installing: /home/user/celluleflexible_en_cours_ROS2/celluleflexible/ros_ws/install/commande_locale/share/commande_locale/msg/Capteurs.idl
-- Installing: /home/user/celluleflexible_en_cours_ROS2/celluleflexible/ros_ws/install/commande_locale/share/commande_locale/msg/MsgChoixMode.idl
-- Installing: /home/user/celluleflexible_en_cours_ROS2/celluleflexible/ros_ws/install/commande_locale/share/commande_locale/srv/SrvAddProduct.srv
-- Installing: /home/user/celluleflexible_en_cours_ROS2/celluleflexible/ros_ws/install/commande_locale/share/commande_locale/srv/SrvFinInit.srv
-- Installing: /home/user/celluleflexible_en_cours_ROS2/celluleflexible/ros_ws/install/commande_locale/share/commande_locale/srv/SrvAddProductPushBack.srv
-- Installing: /home/user/celluleflexible_en_cours_ROS2/celluleflexible/ros_ws/install/commande_locale/share/commande_locale/msg/MsgAddProduct.msg
-- Installing: /home/user/celluleflexible_en_cours_ROS2/celluleflexible/ros_ws/install/commande_locale/share/commande_locale/msg/MsgStopControl.msg
-- Installing: /home/user/celluleflexible_en_cours_ROS2/celluleflexible/ros_ws/install/commande_locale/share/commande_locale/msg/MsgColor.msg
-- Installing: /home/user/celluleflexible_en_cours_ROS2/celluleflexible/ros_ws/install/commande_locale/share/commande_locale/msg/MsgSwitchControl.msg
-- Installing: /home/user/celluleflexible_en_cours_ROS2/celluleflexible/ros_ws/install/commande_locale/share/commande_locale/msg/MsgPinControl.msg
-- Installing: /home/user/celluleflexible_en_cours_ROS2/celluleflexible/ros_ws/install/commande_locale/share/commande_locale/msg/MsgErreur.msg
-- Installing: /home/user/celluleflexible_en_cours_ROS2/celluleflexible/ros_ws/install/commande_locale/share/commande_locale/msg/RobotJoints.msg
-- Installing: /home/user/celluleflexible_en_cours_ROS2/celluleflexible/ros_ws/install/commande_locale/share/commande_locale/msg/TacheFinieMsg.msg
-- Installing: /home/user/celluleflexible_en_cours_ROS2/celluleflexible/ros_ws/install/commande_locale/share/commande_locale/msg/DeplacerPieceMsg.msg
-- Installing: /home/user/celluleflexible_en_cours_ROS2/celluleflexible/ros_ws/install/commande_locale/share/commande_locale/msg/Actionneurs.msg
-- Installing: /home/user/celluleflexible_en_cours_ROS2/celluleflexible/ros_ws/install/commande_locale/share/commande_locale/msg/Capteurs.msg
-- Installing: /home/user/celluleflexible_en_cours_ROS2/celluleflexible/ros_ws/install/commande_locale/share/commande_locale/msg/MsgChoixMode.msg
-- Installing: /home/user/celluleflexible_en_cours_ROS2/celluleflexible/ros_ws/install/commande_locale/lib/commande_locale/simulation
-- Set non-toolchain portion of runtime path of "/home/user/celluleflexible_en_cours_ROS2/celluleflexible/ros_ws/install/commande_locale/lib/commande_locale/simulation" to ""
-- Installing: /home/user/celluleflexible_en_cours_ROS2/celluleflexible/ros_ws/install/commande_locale/share/ament_index/resource_index/package_run_dependencies/commande_locale
-- Installing: /home/user/celluleflexible_en_cours_ROS2/celluleflexible/ros_ws/install/commande_locale/share/ament_index/resource_index/parent_prefix_path/commande_locale
-- Installing: /home/user/celluleflexible_en_cours_ROS2/celluleflexible/ros_ws/install/commande_locale/share/commande_locale/environment/ament_prefix_path.sh
-- Installing: /home/user/celluleflexible_en_cours_ROS2/celluleflexible/ros_ws/install/commande_locale/share/commande_locale/environment/ament_prefix_path.dsv
-- Installing: /home/user/celluleflexible_en_cours_ROS2/celluleflexible/ros_ws/install/commande_locale/share/commande_locale/environment/path.sh
-- Installing: /home/user/celluleflexible_en_cours_ROS2/celluleflexible/ros_ws/install/commande_locale/share/commande_locale/environment/path.dsv
-- Installing: /home/user/celluleflexible_en_cours_ROS2/celluleflexible/ros_ws/install/commande_locale/share/commande_locale/local_setup.bash
-- Installing: /home/user/celluleflexible_en_cours_ROS2/celluleflexible/ros_ws/install/commande_locale/share/commande_locale/local_setup.sh
-- Installing: /home/user/celluleflexible_en_cours_ROS2/celluleflexible/ros_ws/install/commande_locale/share/commande_locale/local_setup.zsh
-- Installing: /home/user/celluleflexible_en_cours_ROS2/celluleflexible/ros_ws/install/commande_locale/share/commande_locale/local_setup.dsv
-- Installing: /home/user/celluleflexible_en_cours_ROS2/celluleflexible/ros_ws/install/commande_locale/share/commande_locale/package.dsv
-- Installing: /home/user/celluleflexible_en_cours_ROS2/celluleflexible/ros_ws/install/commande_locale/share/ament_index/resource_index/packages/commande_locale
-- Installing: /home/user/celluleflexible_en_cours_ROS2/celluleflexible/ros_ws/install/commande_locale/share/commande_locale/cmake/export_commande_locale__rosidl_generator_cExport.cmake
-- Installing: /home/user/celluleflexible_en_cours_ROS2/celluleflexible/ros_ws/install/commande_locale/share/commande_locale/cmake/export_commande_locale__rosidl_generator_cExport-noconfig.cmake
-- Installing: /home/user/celluleflexible_en_cours_ROS2/celluleflexible/ros_ws/install/commande_locale/share/commande_locale/cmake/export_commande_locale__rosidl_typesupport_fastrtps_cExport.cmake
-- Installing: /home/user/celluleflexible_en_cours_ROS2/celluleflexible/ros_ws/install/commande_locale/share/commande_locale/cmake/export_commande_locale__rosidl_typesupport_fastrtps_cExport-noconfig.cmake
-- Installing: /home/user/celluleflexible_en_cours_ROS2/celluleflexible/ros_ws/install/commande_locale/share/commande_locale/cmake/export_commande_locale__rosidl_generator_cppExport.cmake
-- Installing: /home/user/celluleflexible_en_cours_ROS2/celluleflexible/ros_ws/install/commande_locale/share/commande_locale/cmake/export_commande_locale__rosidl_typesupport_fastrtps_cppExport.cmake
-- Installing: /home/user/celluleflexible_en_cours_ROS2/celluleflexible/ros_ws/install/commande_locale/share/commande_locale/cmake/export_commande_locale__rosidl_typesupport_fastrtps_cppExport-noconfig.cmake
-- Installing: /home/user/celluleflexible_en_cours_ROS2/celluleflexible/ros_ws/install/commande_locale/share/commande_locale/cmake/commande_locale__rosidl_typesupport_introspection_cExport.cmake
-- Installing: /home/user/celluleflexible_en_cours_ROS2/celluleflexible/ros_ws/install/commande_locale/share/commande_locale/cmake/commande_locale__rosidl_typesupport_introspection_cExport-noconfig.cmake
-- Installing: /home/user/celluleflexible_en_cours_ROS2/celluleflexible/ros_ws/install/commande_locale/share/commande_locale/cmake/commande_locale__rosidl_typesupport_cExport.cmake
-- Installing: /home/user/celluleflexible_en_cours_ROS2/celluleflexible/ros_ws/install/commande_locale/share/commande_locale/cmake/commande_locale__rosidl_typesupport_cExport-noconfig.cmake
-- Installing: /home/user/celluleflexible_en_cours_ROS2/celluleflexible/ros_ws/install/commande_locale/share/commande_locale/cmake/commande_locale__rosidl_typesupport_introspection_cppExport.cmake
-- Installing: /home/user/celluleflexible_en_cours_ROS2/celluleflexible/ros_ws/install/commande_locale/share/commande_locale/cmake/commande_locale__rosidl_typesupport_introspection_cppExport-noconfig.cmake
-- Installing: /home/user/celluleflexible_en_cours_ROS2/celluleflexible/ros_ws/install/commande_locale/share/commande_locale/cmake/commande_locale__rosidl_typesupport_cppExport.cmake
-- Installing: /home/user/celluleflexible_en_cours_ROS2/celluleflexible/ros_ws/install/commande_locale/share/commande_locale/cmake/commande_locale__rosidl_typesupport_cppExport-noconfig.cmake
-- Installing: /home/user/celluleflexible_en_cours_ROS2/celluleflexible/ros_ws/install/commande_locale/share/commande_locale/cmake/export_commande_locale__rosidl_generator_pyExport.cmake
-- Installing: /home/user/celluleflexible_en_cours_ROS2/celluleflexible/ros_ws/install/commande_locale/share/commande_locale/cmake/export_commande_locale__rosidl_generator_pyExport-noconfig.cmake
-- Installing: /home/user/celluleflexible_en_cours_ROS2/celluleflexible/ros_ws/install/commande_locale/share/commande_locale/cmake/rosidl_cmake-extras.cmake
-- Installing: /home/user/celluleflexible_en_cours_ROS2/celluleflexible/ros_ws/install/commande_locale/share/commande_locale/cmake/ament_cmake_export_dependencies-extras.cmake
-- Installing: /home/user/celluleflexible_en_cours_ROS2/celluleflexible/ros_ws/install/commande_locale/share/commande_locale/cmake/ament_cmake_export_include_directories-extras.cmake
-- Installing: /home/user/celluleflexible_en_cours_ROS2/celluleflexible/ros_ws/install/commande_locale/share/commande_locale/cmake/ament_cmake_export_libraries-extras.cmake
-- Installing: /home/user/celluleflexible_en_cours_ROS2/celluleflexible/ros_ws/install/commande_locale/share/commande_locale/cmake/ament_cmake_export_targets-extras.cmake
-- Installing: /home/user/celluleflexible_en_cours_ROS2/celluleflexible/ros_ws/install/commande_locale/share/commande_locale/cmake/rosidl_cmake_export_typesupport_targets-extras.cmake
-- Installing: /home/user/celluleflexible_en_cours_ROS2/celluleflexible/ros_ws/install/commande_locale/share/commande_locale/cmake/rosidl_cmake_export_typesupport_libraries-extras.cmake
-- Installing: /home/user/celluleflexible_en_cours_ROS2/celluleflexible/ros_ws/install/commande_locale/share/commande_locale/cmake/commande_localeConfig.cmake
-- Installing: /home/user/celluleflexible_en_cours_ROS2/celluleflexible/ros_ws/install/commande_locale/share/commande_locale/cmake/commande_localeConfig-version.cmake
-- Installing: /home/user/celluleflexible_en_cours_ROS2/celluleflexible/ros_ws/install/commande_locale/share/commande_locale/package.xml
