[0.059s] DEBUG:colcon:Command line arguments: ['/usr/bin/colcon', 'build']
[0.059s] DEBUG:colcon:Parsed command line arguments: Namespace(log_base=None, log_level=None, verb_name='build', build_base='build', install_base='install', merge_install=False, symlink_install=False, test_result_base=None, continue_on_error=False, executor='parallel', parallel_workers=8, event_handlers=None, ignore_user_meta=False, metas=['./colcon.meta'], base_paths=['.'], packages_ignore=None, packages_ignore_regex=None, paths=None, packages_up_to=None, packages_up_to_regex=None, packages_above=None, packages_above_and_dependencies=None, packages_above_depth=None, packages_select_by_dep=None, packages_skip_by_dep=None, packages_skip_up_to=None, packages_select_build_failed=False, packages_skip_build_finished=False, packages_select_test_failures=False, packages_skip_test_passed=False, packages_select=None, packages_skip=None, packages_select_regex=None, packages_skip_regex=None, packages_start=None, packages_end=None, allow_overriding=[], cmake_args=None, cmake_target=None, cmake_target_skip_unavailable=False, cmake_clean_cache=False, cmake_clean_first=False, cmake_force_configure=False, ament_cmake_args=None, catkin_cmake_args=None, catkin_skip_building_tests=False, mixin_files=None, mixin=None, verb_parser=<colcon_mixin.mixin.mixin_argument.MixinArgumentDecorator object at 0x76aaa56a0d70>, verb_extension=<colcon_core.verb.build.BuildVerb object at 0x76aaa57c9160>, main=<bound method BuildVerb.main of <colcon_core.verb.build.BuildVerb object at 0x76aaa57c9160>>, mixin_verb=('build',))
[0.080s] Level 1:colcon.colcon_core.package_discovery:discover_packages(colcon_meta) check parameters
[0.080s] Level 1:colcon.colcon_core.package_discovery:discover_packages(recursive) check parameters
[0.080s] Level 1:colcon.colcon_core.package_discovery:discover_packages(ignore) check parameters
[0.080s] Level 1:colcon.colcon_core.package_discovery:discover_packages(path) check parameters
[0.080s] Level 1:colcon.colcon_core.package_discovery:discover_packages(colcon_meta) discover
[0.080s] Level 1:colcon.colcon_core.package_discovery:discover_packages(recursive) discover
[0.080s] INFO:colcon.colcon_core.package_discovery:Crawling recursively for packages in '/home/user/celluleflexible_en_cours_ROS2/ros_ws'
[0.080s] Level 1:colcon.colcon_core.package_identification:_identify(.) by extensions ['ignore', 'ignore_ament_install']
[0.080s] Level 1:colcon.colcon_core.package_identification:_identify(.) by extension 'ignore'
[0.080s] Level 1:colcon.colcon_core.package_identification:_identify(.) by extension 'ignore_ament_install'
[0.080s] Level 1:colcon.colcon_core.package_identification:_identify(.) by extensions ['colcon_pkg']
[0.080s] Level 1:colcon.colcon_core.package_identification:_identify(.) by extension 'colcon_pkg'
[0.080s] Level 1:colcon.colcon_core.package_identification:_identify(.) by extensions ['colcon_meta']
[0.080s] Level 1:colcon.colcon_core.package_identification:_identify(.) by extension 'colcon_meta'
[0.080s] Level 1:colcon.colcon_core.package_identification:_identify(.) by extensions ['ros']
[0.080s] Level 1:colcon.colcon_core.package_identification:_identify(.) by extension 'ros'
[0.095s] Level 1:colcon.colcon_core.package_identification:_identify(.) by extensions ['cmake', 'python']
[0.095s] Level 1:colcon.colcon_core.package_identification:_identify(.) by extension 'cmake'
[0.095s] Level 1:colcon.colcon_core.package_identification:_identify(.) by extension 'python'
[0.095s] Level 1:colcon.colcon_core.package_identification:_identify(.) by extensions ['python_setup_py']
[0.095s] Level 1:colcon.colcon_core.package_identification:_identify(.) by extension 'python_setup_py'
[0.095s] Level 1:colcon.colcon_core.package_identification:_identify(build) by extensions ['ignore', 'ignore_ament_install']
[0.095s] Level 1:colcon.colcon_core.package_identification:_identify(build) by extension 'ignore'
[0.095s] Level 1:colcon.colcon_core.package_identification:_identify(build) ignored
[0.095s] Level 1:colcon.colcon_core.package_identification:_identify(install) by extensions ['ignore', 'ignore_ament_install']
[0.095s] Level 1:colcon.colcon_core.package_identification:_identify(install) by extension 'ignore'
[0.095s] Level 1:colcon.colcon_core.package_identification:_identify(install) ignored
[0.095s] Level 1:colcon.colcon_core.package_identification:_identify(log) by extensions ['ignore', 'ignore_ament_install']
[0.095s] Level 1:colcon.colcon_core.package_identification:_identify(log) by extension 'ignore'
[0.095s] Level 1:colcon.colcon_core.package_identification:_identify(log) ignored
[0.095s] Level 1:colcon.colcon_core.package_identification:_identify(src) by extensions ['ignore', 'ignore_ament_install']
[0.095s] Level 1:colcon.colcon_core.package_identification:_identify(src) by extension 'ignore'
[0.095s] Level 1:colcon.colcon_core.package_identification:_identify(src) by extension 'ignore_ament_install'
[0.095s] Level 1:colcon.colcon_core.package_identification:_identify(src) by extensions ['colcon_pkg']
[0.095s] Level 1:colcon.colcon_core.package_identification:_identify(src) by extension 'colcon_pkg'
[0.095s] Level 1:colcon.colcon_core.package_identification:_identify(src) by extensions ['colcon_meta']
[0.095s] Level 1:colcon.colcon_core.package_identification:_identify(src) by extension 'colcon_meta'
[0.095s] Level 1:colcon.colcon_core.package_identification:_identify(src) by extensions ['ros']
[0.096s] Level 1:colcon.colcon_core.package_identification:_identify(src) by extension 'ros'
[0.096s] Level 1:colcon.colcon_core.package_identification:_identify(src) by extensions ['cmake', 'python']
[0.096s] Level 1:colcon.colcon_core.package_identification:_identify(src) by extension 'cmake'
[0.096s] Level 1:colcon.colcon_core.package_identification:_identify(src) by extension 'python'
[0.096s] Level 1:colcon.colcon_core.package_identification:_identify(src) by extensions ['python_setup_py']
[0.096s] Level 1:colcon.colcon_core.package_identification:_identify(src) by extension 'python_setup_py'
[0.096s] Level 1:colcon.colcon_core.package_identification:_identify(src/aiguillages) by extensions ['ignore', 'ignore_ament_install']
[0.096s] Level 1:colcon.colcon_core.package_identification:_identify(src/aiguillages) by extension 'ignore'
[0.096s] Level 1:colcon.colcon_core.package_identification:_identify(src/aiguillages) by extension 'ignore_ament_install'
[0.096s] Level 1:colcon.colcon_core.package_identification:_identify(src/aiguillages) by extensions ['colcon_pkg']
[0.096s] Level 1:colcon.colcon_core.package_identification:_identify(src/aiguillages) by extension 'colcon_pkg'
[0.096s] Level 1:colcon.colcon_core.package_identification:_identify(src/aiguillages) by extensions ['colcon_meta']
[0.096s] Level 1:colcon.colcon_core.package_identification:_identify(src/aiguillages) by extension 'colcon_meta'
[0.096s] Level 1:colcon.colcon_core.package_identification:_identify(src/aiguillages) by extensions ['ros']
[0.096s] Level 1:colcon.colcon_core.package_identification:_identify(src/aiguillages) by extension 'ros'
[0.097s] DEBUG:colcon.colcon_core.package_identification:Package 'src/aiguillages' with type 'ros.ament_cmake' and name 'aiguillages'
[0.097s] Level 1:colcon.colcon_core.package_identification:_identify(src/commande) by extensions ['ignore', 'ignore_ament_install']
[0.097s] Level 1:colcon.colcon_core.package_identification:_identify(src/commande) by extension 'ignore'
[0.097s] Level 1:colcon.colcon_core.package_identification:_identify(src/commande) by extension 'ignore_ament_install'
[0.097s] Level 1:colcon.colcon_core.package_identification:_identify(src/commande) by extensions ['colcon_pkg']
[0.097s] Level 1:colcon.colcon_core.package_identification:_identify(src/commande) by extension 'colcon_pkg'
[0.097s] Level 1:colcon.colcon_core.package_identification:_identify(src/commande) by extensions ['colcon_meta']
[0.097s] Level 1:colcon.colcon_core.package_identification:_identify(src/commande) by extension 'colcon_meta'
[0.097s] Level 1:colcon.colcon_core.package_identification:_identify(src/commande) by extensions ['ros']
[0.097s] Level 1:colcon.colcon_core.package_identification:_identify(src/commande) by extension 'ros'
[0.098s] DEBUG:colcon.colcon_core.package_identification:Package 'src/commande' with type 'ros.ament_cmake' and name 'commande'
[0.098s] Level 1:colcon.colcon_core.package_identification:_identify(src/commande_locale) by extensions ['ignore', 'ignore_ament_install']
[0.098s] Level 1:colcon.colcon_core.package_identification:_identify(src/commande_locale) by extension 'ignore'
[0.098s] Level 1:colcon.colcon_core.package_identification:_identify(src/commande_locale) by extension 'ignore_ament_install'
[0.098s] Level 1:colcon.colcon_core.package_identification:_identify(src/commande_locale) by extensions ['colcon_pkg']
[0.098s] Level 1:colcon.colcon_core.package_identification:_identify(src/commande_locale) by extension 'colcon_pkg'
[0.098s] Level 1:colcon.colcon_core.package_identification:_identify(src/commande_locale) by extensions ['colcon_meta']
[0.098s] Level 1:colcon.colcon_core.package_identification:_identify(src/commande_locale) by extension 'colcon_meta'
[0.098s] Level 1:colcon.colcon_core.package_identification:_identify(src/commande_locale) by extensions ['ros']
[0.098s] Level 1:colcon.colcon_core.package_identification:_identify(src/commande_locale) by extension 'ros'
[0.098s] DEBUG:colcon.colcon_core.package_identification:Package 'src/commande_locale' with type 'ros.ament_cmake' and name 'commande_locale'
[0.098s] Level 1:colcon.colcon_core.package_identification:_identify(src/launcher) by extensions ['ignore', 'ignore_ament_install']
[0.098s] Level 1:colcon.colcon_core.package_identification:_identify(src/launcher) by extension 'ignore'
[0.098s] Level 1:colcon.colcon_core.package_identification:_identify(src/launcher) by extension 'ignore_ament_install'
[0.098s] Level 1:colcon.colcon_core.package_identification:_identify(src/launcher) by extensions ['colcon_pkg']
[0.098s] Level 1:colcon.colcon_core.package_identification:_identify(src/launcher) by extension 'colcon_pkg'
[0.098s] Level 1:colcon.colcon_core.package_identification:_identify(src/launcher) by extensions ['colcon_meta']
[0.098s] Level 1:colcon.colcon_core.package_identification:_identify(src/launcher) by extension 'colcon_meta'
[0.098s] Level 1:colcon.colcon_core.package_identification:_identify(src/launcher) by extensions ['ros']
[0.098s] Level 1:colcon.colcon_core.package_identification:_identify(src/launcher) by extension 'ros'
[0.099s] DEBUG:colcon.colcon_core.package_identification:Package 'src/launcher' with type 'ros.ament_cmake' and name 'launcher'
[0.099s] Level 1:colcon.colcon_core.package_identification:_identify(src/robots) by extensions ['ignore', 'ignore_ament_install']
[0.099s] Level 1:colcon.colcon_core.package_identification:_identify(src/robots) by extension 'ignore'
[0.099s] Level 1:colcon.colcon_core.package_identification:_identify(src/robots) by extension 'ignore_ament_install'
[0.099s] Level 1:colcon.colcon_core.package_identification:_identify(src/robots) by extensions ['colcon_pkg']
[0.099s] Level 1:colcon.colcon_core.package_identification:_identify(src/robots) by extension 'colcon_pkg'
[0.099s] Level 1:colcon.colcon_core.package_identification:_identify(src/robots) by extensions ['colcon_meta']
[0.099s] Level 1:colcon.colcon_core.package_identification:_identify(src/robots) by extension 'colcon_meta'
[0.099s] Level 1:colcon.colcon_core.package_identification:_identify(src/robots) by extensions ['ros']
[0.099s] Level 1:colcon.colcon_core.package_identification:_identify(src/robots) by extension 'ros'
[0.099s] DEBUG:colcon.colcon_core.package_identification:Package 'src/robots' with type 'ros.ament_cmake' and name 'robots'
[0.099s] Level 1:colcon.colcon_core.package_identification:_identify(src/shuttles) by extensions ['ignore', 'ignore_ament_install']
[0.099s] Level 1:colcon.colcon_core.package_identification:_identify(src/shuttles) by extension 'ignore'
[0.099s] Level 1:colcon.colcon_core.package_identification:_identify(src/shuttles) by extension 'ignore_ament_install'
[0.099s] Level 1:colcon.colcon_core.package_identification:_identify(src/shuttles) by extensions ['colcon_pkg']
[0.099s] Level 1:colcon.colcon_core.package_identification:_identify(src/shuttles) by extension 'colcon_pkg'
[0.099s] Level 1:colcon.colcon_core.package_identification:_identify(src/shuttles) by extensions ['colcon_meta']
[0.099s] Level 1:colcon.colcon_core.package_identification:_identify(src/shuttles) by extension 'colcon_meta'
[0.099s] Level 1:colcon.colcon_core.package_identification:_identify(src/shuttles) by extensions ['ros']
[0.099s] Level 1:colcon.colcon_core.package_identification:_identify(src/shuttles) by extension 'ros'
[0.099s] DEBUG:colcon.colcon_core.package_identification:Package 'src/shuttles' with type 'ros.ament_cmake' and name 'shuttles'
[0.099s] Level 1:colcon.colcon_core.package_discovery:discover_packages(recursive) using defaults
[0.099s] Level 1:colcon.colcon_core.package_discovery:discover_packages(ignore) discover
[0.099s] Level 1:colcon.colcon_core.package_discovery:discover_packages(ignore) using defaults
[0.099s] Level 1:colcon.colcon_core.package_discovery:discover_packages(path) discover
[0.099s] Level 1:colcon.colcon_core.package_discovery:discover_packages(path) using defaults
[0.110s] Level 1:colcon.colcon_core.package_discovery:discover_packages(prefix_path) check parameters
[0.110s] Level 1:colcon.colcon_core.package_discovery:discover_packages(prefix_path) discover
[0.111s] DEBUG:colcon.colcon_installed_package_information.package_discovery:Found 6 installed packages in /home/user/celluleflexible_en_cours_ROS2/ros_ws/install
[0.112s] DEBUG:colcon.colcon_installed_package_information.package_discovery:Found 286 installed packages in /opt/ros/jazzy
[0.112s] Level 1:colcon.colcon_core.package_discovery:discover_packages(prefix_path) using defaults
[0.130s] Level 5:colcon.colcon_core.verb:set package 'aiguillages' build argument 'cmake_args' from command line to 'None'
[0.130s] Level 5:colcon.colcon_core.verb:set package 'aiguillages' build argument 'cmake_target' from command line to 'None'
[0.130s] Level 5:colcon.colcon_core.verb:set package 'aiguillages' build argument 'cmake_target_skip_unavailable' from command line to 'False'
[0.130s] Level 5:colcon.colcon_core.verb:set package 'aiguillages' build argument 'cmake_clean_cache' from command line to 'False'
[0.130s] Level 5:colcon.colcon_core.verb:set package 'aiguillages' build argument 'cmake_clean_first' from command line to 'False'
[0.130s] Level 5:colcon.colcon_core.verb:set package 'aiguillages' build argument 'cmake_force_configure' from command line to 'False'
[0.130s] Level 5:colcon.colcon_core.verb:set package 'aiguillages' build argument 'ament_cmake_args' from command line to 'None'
[0.130s] Level 5:colcon.colcon_core.verb:set package 'aiguillages' build argument 'catkin_cmake_args' from command line to 'None'
[0.130s] Level 5:colcon.colcon_core.verb:set package 'aiguillages' build argument 'catkin_skip_building_tests' from command line to 'False'
[0.130s] DEBUG:colcon.colcon_core.verb:Building package 'aiguillages' with the following arguments: {'ament_cmake_args': None, 'build_base': '/home/user/celluleflexible_en_cours_ROS2/ros_ws/build/aiguillages', 'catkin_cmake_args': None, 'catkin_skip_building_tests': False, 'cmake_args': None, 'cmake_clean_cache': False, 'cmake_clean_first': False, 'cmake_force_configure': False, 'cmake_target': None, 'cmake_target_skip_unavailable': False, 'install_base': '/home/user/celluleflexible_en_cours_ROS2/ros_ws/install/aiguillages', 'merge_install': False, 'path': '/home/user/celluleflexible_en_cours_ROS2/ros_ws/src/aiguillages', 'symlink_install': False, 'test_result_base': None}
[0.130s] Level 5:colcon.colcon_core.verb:set package 'launcher' build argument 'cmake_args' from command line to 'None'
[0.130s] Level 5:colcon.colcon_core.verb:set package 'launcher' build argument 'cmake_target' from command line to 'None'
[0.130s] Level 5:colcon.colcon_core.verb:set package 'launcher' build argument 'cmake_target_skip_unavailable' from command line to 'False'
[0.130s] Level 5:colcon.colcon_core.verb:set package 'launcher' build argument 'cmake_clean_cache' from command line to 'False'
[0.130s] Level 5:colcon.colcon_core.verb:set package 'launcher' build argument 'cmake_clean_first' from command line to 'False'
[0.130s] Level 5:colcon.colcon_core.verb:set package 'launcher' build argument 'cmake_force_configure' from command line to 'False'
[0.130s] Level 5:colcon.colcon_core.verb:set package 'launcher' build argument 'ament_cmake_args' from command line to 'None'
[0.130s] Level 5:colcon.colcon_core.verb:set package 'launcher' build argument 'catkin_cmake_args' from command line to 'None'
[0.130s] Level 5:colcon.colcon_core.verb:set package 'launcher' build argument 'catkin_skip_building_tests' from command line to 'False'
[0.131s] DEBUG:colcon.colcon_core.verb:Building package 'launcher' with the following arguments: {'ament_cmake_args': None, 'build_base': '/home/user/celluleflexible_en_cours_ROS2/ros_ws/build/launcher', 'catkin_cmake_args': None, 'catkin_skip_building_tests': False, 'cmake_args': None, 'cmake_clean_cache': False, 'cmake_clean_first': False, 'cmake_force_configure': False, 'cmake_target': None, 'cmake_target_skip_unavailable': False, 'install_base': '/home/user/celluleflexible_en_cours_ROS2/ros_ws/install/launcher', 'merge_install': False, 'path': '/home/user/celluleflexible_en_cours_ROS2/ros_ws/src/launcher', 'symlink_install': False, 'test_result_base': None}
[0.131s] Level 5:colcon.colcon_core.verb:set package 'commande_locale' build argument 'cmake_args' from command line to 'None'
[0.131s] Level 5:colcon.colcon_core.verb:set package 'commande_locale' build argument 'cmake_target' from command line to 'None'
[0.131s] Level 5:colcon.colcon_core.verb:set package 'commande_locale' build argument 'cmake_target_skip_unavailable' from command line to 'False'
[0.131s] Level 5:colcon.colcon_core.verb:set package 'commande_locale' build argument 'cmake_clean_cache' from command line to 'False'
[0.131s] Level 5:colcon.colcon_core.verb:set package 'commande_locale' build argument 'cmake_clean_first' from command line to 'False'
[0.131s] Level 5:colcon.colcon_core.verb:set package 'commande_locale' build argument 'cmake_force_configure' from command line to 'False'
[0.131s] Level 5:colcon.colcon_core.verb:set package 'commande_locale' build argument 'ament_cmake_args' from command line to 'None'
[0.131s] Level 5:colcon.colcon_core.verb:set package 'commande_locale' build argument 'catkin_cmake_args' from command line to 'None'
[0.131s] Level 5:colcon.colcon_core.verb:set package 'commande_locale' build argument 'catkin_skip_building_tests' from command line to 'False'
[0.131s] DEBUG:colcon.colcon_core.verb:Building package 'commande_locale' with the following arguments: {'ament_cmake_args': None, 'build_base': '/home/user/celluleflexible_en_cours_ROS2/ros_ws/build/commande_locale', 'catkin_cmake_args': None, 'catkin_skip_building_tests': False, 'cmake_args': None, 'cmake_clean_cache': False, 'cmake_clean_first': False, 'cmake_force_configure': False, 'cmake_target': None, 'cmake_target_skip_unavailable': False, 'install_base': '/home/user/celluleflexible_en_cours_ROS2/ros_ws/install/commande_locale', 'merge_install': False, 'path': '/home/user/celluleflexible_en_cours_ROS2/ros_ws/src/commande_locale', 'symlink_install': False, 'test_result_base': None}
[0.131s] Level 5:colcon.colcon_core.verb:set package 'shuttles' build argument 'cmake_args' from command line to 'None'
[0.131s] Level 5:colcon.colcon_core.verb:set package 'shuttles' build argument 'cmake_target' from command line to 'None'
[0.131s] Level 5:colcon.colcon_core.verb:set package 'shuttles' build argument 'cmake_target_skip_unavailable' from command line to 'False'
[0.131s] Level 5:colcon.colcon_core.verb:set package 'shuttles' build argument 'cmake_clean_cache' from command line to 'False'
[0.131s] Level 5:colcon.colcon_core.verb:set package 'shuttles' build argument 'cmake_clean_first' from command line to 'False'
[0.131s] Level 5:colcon.colcon_core.verb:set package 'shuttles' build argument 'cmake_force_configure' from command line to 'False'
[0.131s] Level 5:colcon.colcon_core.verb:set package 'shuttles' build argument 'ament_cmake_args' from command line to 'None'
[0.131s] Level 5:colcon.colcon_core.verb:set package 'shuttles' build argument 'catkin_cmake_args' from command line to 'None'
[0.131s] Level 5:colcon.colcon_core.verb:set package 'shuttles' build argument 'catkin_skip_building_tests' from command line to 'False'
[0.131s] DEBUG:colcon.colcon_core.verb:Building package 'shuttles' with the following arguments: {'ament_cmake_args': None, 'build_base': '/home/user/celluleflexible_en_cours_ROS2/ros_ws/build/shuttles', 'catkin_cmake_args': None, 'catkin_skip_building_tests': False, 'cmake_args': None, 'cmake_clean_cache': False, 'cmake_clean_first': False, 'cmake_force_configure': False, 'cmake_target': None, 'cmake_target_skip_unavailable': False, 'install_base': '/home/user/celluleflexible_en_cours_ROS2/ros_ws/install/shuttles', 'merge_install': False, 'path': '/home/user/celluleflexible_en_cours_ROS2/ros_ws/src/shuttles', 'symlink_install': False, 'test_result_base': None}
[0.131s] Level 5:colcon.colcon_core.verb:set package 'robots' build argument 'cmake_args' from command line to 'None'
[0.131s] Level 5:colcon.colcon_core.verb:set package 'robots' build argument 'cmake_target' from command line to 'None'
[0.131s] Level 5:colcon.colcon_core.verb:set package 'robots' build argument 'cmake_target_skip_unavailable' from command line to 'False'
[0.131s] Level 5:colcon.colcon_core.verb:set package 'robots' build argument 'cmake_clean_cache' from command line to 'False'
[0.131s] Level 5:colcon.colcon_core.verb:set package 'robots' build argument 'cmake_clean_first' from command line to 'False'
[0.131s] Level 5:colcon.colcon_core.verb:set package 'robots' build argument 'cmake_force_configure' from command line to 'False'
[0.131s] Level 5:colcon.colcon_core.verb:set package 'robots' build argument 'ament_cmake_args' from command line to 'None'
[0.131s] Level 5:colcon.colcon_core.verb:set package 'robots' build argument 'catkin_cmake_args' from command line to 'None'
[0.131s] Level 5:colcon.colcon_core.verb:set package 'robots' build argument 'catkin_skip_building_tests' from command line to 'False'
[0.131s] DEBUG:colcon.colcon_core.verb:Building package 'robots' with the following arguments: {'ament_cmake_args': None, 'build_base': '/home/user/celluleflexible_en_cours_ROS2/ros_ws/build/robots', 'catkin_cmake_args': None, 'catkin_skip_building_tests': False, 'cmake_args': None, 'cmake_clean_cache': False, 'cmake_clean_first': False, 'cmake_force_configure': False, 'cmake_target': None, 'cmake_target_skip_unavailable': False, 'install_base': '/home/user/celluleflexible_en_cours_ROS2/ros_ws/install/robots', 'merge_install': False, 'path': '/home/user/celluleflexible_en_cours_ROS2/ros_ws/src/robots', 'symlink_install': False, 'test_result_base': None}
[0.131s] Level 5:colcon.colcon_core.verb:set package 'commande' build argument 'cmake_args' from command line to 'None'
[0.131s] Level 5:colcon.colcon_core.verb:set package 'commande' build argument 'cmake_target' from command line to 'None'
[0.131s] Level 5:colcon.colcon_core.verb:set package 'commande' build argument 'cmake_target_skip_unavailable' from command line to 'False'
[0.131s] Level 5:colcon.colcon_core.verb:set package 'commande' build argument 'cmake_clean_cache' from command line to 'False'
[0.131s] Level 5:colcon.colcon_core.verb:set package 'commande' build argument 'cmake_clean_first' from command line to 'False'
[0.131s] Level 5:colcon.colcon_core.verb:set package 'commande' build argument 'cmake_force_configure' from command line to 'False'
[0.131s] Level 5:colcon.colcon_core.verb:set package 'commande' build argument 'ament_cmake_args' from command line to 'None'
[0.131s] Level 5:colcon.colcon_core.verb:set package 'commande' build argument 'catkin_cmake_args' from command line to 'None'
[0.131s] Level 5:colcon.colcon_core.verb:set package 'commande' build argument 'catkin_skip_building_tests' from command line to 'False'
[0.131s] DEBUG:colcon.colcon_core.verb:Building package 'commande' with the following arguments: {'ament_cmake_args': None, 'build_base': '/home/user/celluleflexible_en_cours_ROS2/ros_ws/build/commande', 'catkin_cmake_args': None, 'catkin_skip_building_tests': False, 'cmake_args': None, 'cmake_clean_cache': False, 'cmake_clean_first': False, 'cmake_force_configure': False, 'cmake_target': None, 'cmake_target_skip_unavailable': False, 'install_base': '/home/user/celluleflexible_en_cours_ROS2/ros_ws/install/commande', 'merge_install': False, 'path': '/home/user/celluleflexible_en_cours_ROS2/ros_ws/src/commande', 'symlink_install': False, 'test_result_base': None}
[0.131s] INFO:colcon.colcon_core.executor:Executing jobs using 'parallel' executor
[0.132s] DEBUG:colcon.colcon_parallel_executor.executor.parallel:run_until_complete
[0.132s] INFO:colcon.colcon_ros.task.ament_cmake.build:Building ROS package in '/home/user/celluleflexible_en_cours_ROS2/ros_ws/src/aiguillages' with build type 'ament_cmake'
[0.133s] INFO:colcon.colcon_cmake.task.cmake.build:Building CMake package in '/home/user/celluleflexible_en_cours_ROS2/ros_ws/src/aiguillages'
[0.135s] INFO:colcon.colcon_core.plugin_system:Skipping extension 'colcon_core.shell.bat': Not used on non-Windows systems
[0.135s] INFO:colcon.colcon_core.shell:Skip shell extension 'powershell' for command environment: Not usable outside of PowerShell
[0.135s] DEBUG:colcon.colcon_core.shell:Skip shell extension 'dsv' for command environment
[0.138s] INFO:colcon.colcon_ros.task.ament_cmake.build:Building ROS package in '/home/user/celluleflexible_en_cours_ROS2/ros_ws/src/launcher' with build type 'ament_cmake'
[0.139s] INFO:colcon.colcon_cmake.task.cmake.build:Building CMake package in '/home/user/celluleflexible_en_cours_ROS2/ros_ws/src/launcher'
[0.139s] INFO:colcon.colcon_core.shell:Skip shell extension 'powershell' for command environment: Not usable outside of PowerShell
[0.139s] DEBUG:colcon.colcon_core.shell:Skip shell extension 'dsv' for command environment
[0.150s] DEBUG:colcon.colcon_core.event_handler.log_command:Invoking command in '/home/user/celluleflexible_en_cours_ROS2/ros_ws/build/aiguillages': CMAKE_PREFIX_PATH=${CMAKE_PREFIX_PATH}:/opt/ros/jazzy DEBUGINFOD_URLS=https://debuginfod.ubuntu.com /usr/bin/cmake --build /home/user/celluleflexible_en_cours_ROS2/ros_ws/build/aiguillages -- -j8 -l8
[0.155s] DEBUG:colcon.colcon_core.event_handler.log_command:Invoking command in '/home/user/celluleflexible_en_cours_ROS2/ros_ws/build/launcher': CMAKE_PREFIX_PATH=${CMAKE_PREFIX_PATH}:/opt/ros/jazzy DEBUGINFOD_URLS=https://debuginfod.ubuntu.com /usr/bin/cmake --build /home/user/celluleflexible_en_cours_ROS2/ros_ws/build/launcher -- -j8 -l8
[0.193s] DEBUG:colcon.colcon_core.event_handler.log_command:Invoked command in '/home/user/celluleflexible_en_cours_ROS2/ros_ws/build/launcher' returned '0': CMAKE_PREFIX_PATH=${CMAKE_PREFIX_PATH}:/opt/ros/jazzy DEBUGINFOD_URLS=https://debuginfod.ubuntu.com /usr/bin/cmake --build /home/user/celluleflexible_en_cours_ROS2/ros_ws/build/launcher -- -j8 -l8
[0.204s] DEBUG:colcon.colcon_core.event_handler.log_command:Invoking command in '/home/user/celluleflexible_en_cours_ROS2/ros_ws/build/launcher': CMAKE_PREFIX_PATH=${CMAKE_PREFIX_PATH}:/opt/ros/jazzy DEBUGINFOD_URLS=https://debuginfod.ubuntu.com /usr/bin/cmake --install /home/user/celluleflexible_en_cours_ROS2/ros_ws/build/launcher
[0.213s] Level 1:colcon.colcon_core.environment:create_environment_scripts_only(launcher)
[0.214s] Level 1:colcon.colcon_core.environment:checking '/home/user/celluleflexible_en_cours_ROS2/ros_ws/install/launcher' for CMake module files
[0.214s] Level 1:colcon.colcon_core.environment:checking '/home/user/celluleflexible_en_cours_ROS2/ros_ws/install/launcher' for CMake config files
[0.214s] Level 1:colcon.colcon_core.shell:create_environment_hook('launcher', 'cmake_prefix_path')
[0.215s] INFO:colcon.colcon_core.shell:Creating environment hook '/home/user/celluleflexible_en_cours_ROS2/ros_ws/install/launcher/share/launcher/hook/cmake_prefix_path.ps1'
[0.216s] DEBUG:colcon.colcon_core.event_handler.log_command:Invoked command in '/home/user/celluleflexible_en_cours_ROS2/ros_ws/build/launcher' returned '0': CMAKE_PREFIX_PATH=${CMAKE_PREFIX_PATH}:/opt/ros/jazzy DEBUGINFOD_URLS=https://debuginfod.ubuntu.com /usr/bin/cmake --install /home/user/celluleflexible_en_cours_ROS2/ros_ws/build/launcher
[0.216s] INFO:colcon.colcon_core.shell:Creating environment descriptor '/home/user/celluleflexible_en_cours_ROS2/ros_ws/install/launcher/share/launcher/hook/cmake_prefix_path.dsv'
[0.219s] INFO:colcon.colcon_core.shell:Creating environment hook '/home/user/celluleflexible_en_cours_ROS2/ros_ws/install/launcher/share/launcher/hook/cmake_prefix_path.sh'
[0.220s] Level 1:colcon.colcon_core.environment:checking '/home/user/celluleflexible_en_cours_ROS2/ros_ws/install/launcher/bin'
[0.220s] Level 1:colcon.colcon_core.environment:checking '/home/user/celluleflexible_en_cours_ROS2/ros_ws/install/launcher/lib/pkgconfig/launcher.pc'
[0.220s] Level 1:colcon.colcon_core.environment:checking '/home/user/celluleflexible_en_cours_ROS2/ros_ws/install/launcher/lib/python3.12/site-packages'
[0.221s] Level 1:colcon.colcon_core.environment:checking '/home/user/celluleflexible_en_cours_ROS2/ros_ws/install/launcher/bin'
[0.222s] INFO:colcon.colcon_core.shell:Creating package script '/home/user/celluleflexible_en_cours_ROS2/ros_ws/install/launcher/share/launcher/package.ps1'
[0.226s] INFO:colcon.colcon_core.shell:Creating package descriptor '/home/user/celluleflexible_en_cours_ROS2/ros_ws/install/launcher/share/launcher/package.dsv'
[0.228s] INFO:colcon.colcon_core.shell:Creating package script '/home/user/celluleflexible_en_cours_ROS2/ros_ws/install/launcher/share/launcher/package.sh'
[0.237s] INFO:colcon.colcon_core.shell:Creating package script '/home/user/celluleflexible_en_cours_ROS2/ros_ws/install/launcher/share/launcher/package.bash'
[0.237s] INFO:colcon.colcon_core.shell:Creating package script '/home/user/celluleflexible_en_cours_ROS2/ros_ws/install/launcher/share/launcher/package.zsh'
[0.238s] Level 1:colcon.colcon_core.environment:create_file_with_runtime_dependencies(/home/user/celluleflexible_en_cours_ROS2/ros_ws/install/launcher/share/colcon-core/packages/launcher)
[0.239s] Level 1:colcon.colcon_core.environment:create_environment_scripts_only(launcher)
[0.239s] Level 1:colcon.colcon_core.environment:checking '/home/user/celluleflexible_en_cours_ROS2/ros_ws/install/launcher' for CMake module files
[0.239s] Level 1:colcon.colcon_core.environment:checking '/home/user/celluleflexible_en_cours_ROS2/ros_ws/install/launcher' for CMake config files
[0.239s] Level 1:colcon.colcon_core.shell:create_environment_hook('launcher', 'cmake_prefix_path')
[0.239s] INFO:colcon.colcon_core.shell:Creating environment hook '/home/user/celluleflexible_en_cours_ROS2/ros_ws/install/launcher/share/launcher/hook/cmake_prefix_path.ps1'
[0.241s] INFO:colcon.colcon_core.shell:Creating environment descriptor '/home/user/celluleflexible_en_cours_ROS2/ros_ws/install/launcher/share/launcher/hook/cmake_prefix_path.dsv'
[0.242s] INFO:colcon.colcon_core.shell:Creating environment hook '/home/user/celluleflexible_en_cours_ROS2/ros_ws/install/launcher/share/launcher/hook/cmake_prefix_path.sh'
[0.243s] Level 1:colcon.colcon_core.environment:checking '/home/user/celluleflexible_en_cours_ROS2/ros_ws/install/launcher/bin'
[0.243s] Level 1:colcon.colcon_core.environment:checking '/home/user/celluleflexible_en_cours_ROS2/ros_ws/install/launcher/lib/pkgconfig/launcher.pc'
[0.243s] Level 1:colcon.colcon_core.environment:checking '/home/user/celluleflexible_en_cours_ROS2/ros_ws/install/launcher/lib/python3.12/site-packages'
[0.244s] Level 1:colcon.colcon_core.environment:checking '/home/user/celluleflexible_en_cours_ROS2/ros_ws/install/launcher/bin'
[0.244s] INFO:colcon.colcon_core.shell:Creating package script '/home/user/celluleflexible_en_cours_ROS2/ros_ws/install/launcher/share/launcher/package.ps1'
[0.244s] INFO:colcon.colcon_core.shell:Creating package descriptor '/home/user/celluleflexible_en_cours_ROS2/ros_ws/install/launcher/share/launcher/package.dsv'
[0.245s] INFO:colcon.colcon_core.shell:Creating package script '/home/user/celluleflexible_en_cours_ROS2/ros_ws/install/launcher/share/launcher/package.sh'
[0.245s] INFO:colcon.colcon_core.shell:Creating package script '/home/user/celluleflexible_en_cours_ROS2/ros_ws/install/launcher/share/launcher/package.bash'
[0.246s] INFO:colcon.colcon_core.shell:Creating package script '/home/user/celluleflexible_en_cours_ROS2/ros_ws/install/launcher/share/launcher/package.zsh'
[0.246s] Level 1:colcon.colcon_core.environment:create_file_with_runtime_dependencies(/home/user/celluleflexible_en_cours_ROS2/ros_ws/install/launcher/share/colcon-core/packages/launcher)
[0.439s] DEBUG:colcon.colcon_core.event_handler.log_command:Invoked command in '/home/user/celluleflexible_en_cours_ROS2/ros_ws/build/aiguillages' returned '0': CMAKE_PREFIX_PATH=${CMAKE_PREFIX_PATH}:/opt/ros/jazzy DEBUGINFOD_URLS=https://debuginfod.ubuntu.com /usr/bin/cmake --build /home/user/celluleflexible_en_cours_ROS2/ros_ws/build/aiguillages -- -j8 -l8
[0.440s] DEBUG:colcon.colcon_core.event_handler.log_command:Invoking command in '/home/user/celluleflexible_en_cours_ROS2/ros_ws/build/aiguillages': CMAKE_PREFIX_PATH=${CMAKE_PREFIX_PATH}:/opt/ros/jazzy DEBUGINFOD_URLS=https://debuginfod.ubuntu.com /usr/bin/cmake --install /home/user/celluleflexible_en_cours_ROS2/ros_ws/build/aiguillages
[0.487s] Level 1:colcon.colcon_core.environment:create_environment_scripts_only(aiguillages)
[0.488s] Level 1:colcon.colcon_core.environment:checking '/home/user/celluleflexible_en_cours_ROS2/ros_ws/install/aiguillages' for CMake module files
[0.488s] DEBUG:colcon.colcon_core.event_handler.log_command:Invoked command in '/home/user/celluleflexible_en_cours_ROS2/ros_ws/build/aiguillages' returned '0': CMAKE_PREFIX_PATH=${CMAKE_PREFIX_PATH}:/opt/ros/jazzy DEBUGINFOD_URLS=https://debuginfod.ubuntu.com /usr/bin/cmake --install /home/user/celluleflexible_en_cours_ROS2/ros_ws/build/aiguillages
[0.489s] Level 1:colcon.colcon_core.environment:checking '/home/user/celluleflexible_en_cours_ROS2/ros_ws/install/aiguillages' for CMake config files
[0.489s] Level 1:colcon.colcon_core.shell:create_environment_hook('aiguillages', 'cmake_prefix_path')
[0.489s] INFO:colcon.colcon_core.shell:Creating environment hook '/home/user/celluleflexible_en_cours_ROS2/ros_ws/install/aiguillages/share/aiguillages/hook/cmake_prefix_path.ps1'
[0.489s] INFO:colcon.colcon_core.shell:Creating environment descriptor '/home/user/celluleflexible_en_cours_ROS2/ros_ws/install/aiguillages/share/aiguillages/hook/cmake_prefix_path.dsv'
[0.489s] INFO:colcon.colcon_core.shell:Creating environment hook '/home/user/celluleflexible_en_cours_ROS2/ros_ws/install/aiguillages/share/aiguillages/hook/cmake_prefix_path.sh'
[0.490s] Level 1:colcon.colcon_core.environment:checking '/home/user/celluleflexible_en_cours_ROS2/ros_ws/install/aiguillages/lib'
[0.490s] Level 1:colcon.colcon_core.shell:create_environment_hook('aiguillages', 'ld_library_path_lib')
[0.490s] INFO:colcon.colcon_core.shell:Creating environment hook '/home/user/celluleflexible_en_cours_ROS2/ros_ws/install/aiguillages/share/aiguillages/hook/ld_library_path_lib.ps1'
[0.491s] INFO:colcon.colcon_core.shell:Creating environment descriptor '/home/user/celluleflexible_en_cours_ROS2/ros_ws/install/aiguillages/share/aiguillages/hook/ld_library_path_lib.dsv'
[0.491s] INFO:colcon.colcon_core.shell:Creating environment hook '/home/user/celluleflexible_en_cours_ROS2/ros_ws/install/aiguillages/share/aiguillages/hook/ld_library_path_lib.sh'
[0.491s] Level 1:colcon.colcon_core.environment:checking '/home/user/celluleflexible_en_cours_ROS2/ros_ws/install/aiguillages/bin'
[0.491s] Level 1:colcon.colcon_core.environment:checking '/home/user/celluleflexible_en_cours_ROS2/ros_ws/install/aiguillages/lib/pkgconfig/aiguillages.pc'
[0.491s] Level 1:colcon.colcon_core.environment:checking '/home/user/celluleflexible_en_cours_ROS2/ros_ws/install/aiguillages/lib/python3.12/site-packages'
[0.492s] Level 1:colcon.colcon_core.shell:create_environment_hook('aiguillages', 'pythonpath')
[0.492s] INFO:colcon.colcon_core.shell:Creating environment hook '/home/user/celluleflexible_en_cours_ROS2/ros_ws/install/aiguillages/share/aiguillages/hook/pythonpath.ps1'
[0.492s] INFO:colcon.colcon_core.shell:Creating environment descriptor '/home/user/celluleflexible_en_cours_ROS2/ros_ws/install/aiguillages/share/aiguillages/hook/pythonpath.dsv'
[0.492s] INFO:colcon.colcon_core.shell:Creating environment hook '/home/user/celluleflexible_en_cours_ROS2/ros_ws/install/aiguillages/share/aiguillages/hook/pythonpath.sh'
[0.493s] Level 1:colcon.colcon_core.environment:checking '/home/user/celluleflexible_en_cours_ROS2/ros_ws/install/aiguillages/bin'
[0.493s] INFO:colcon.colcon_core.shell:Creating package script '/home/user/celluleflexible_en_cours_ROS2/ros_ws/install/aiguillages/share/aiguillages/package.ps1'
[0.493s] INFO:colcon.colcon_core.shell:Creating package descriptor '/home/user/celluleflexible_en_cours_ROS2/ros_ws/install/aiguillages/share/aiguillages/package.dsv'
[0.494s] INFO:colcon.colcon_core.shell:Creating package script '/home/user/celluleflexible_en_cours_ROS2/ros_ws/install/aiguillages/share/aiguillages/package.sh'
[0.494s] INFO:colcon.colcon_core.shell:Creating package script '/home/user/celluleflexible_en_cours_ROS2/ros_ws/install/aiguillages/share/aiguillages/package.bash'
[0.494s] INFO:colcon.colcon_core.shell:Creating package script '/home/user/celluleflexible_en_cours_ROS2/ros_ws/install/aiguillages/share/aiguillages/package.zsh'
[0.494s] Level 1:colcon.colcon_core.environment:create_file_with_runtime_dependencies(/home/user/celluleflexible_en_cours_ROS2/ros_ws/install/aiguillages/share/colcon-core/packages/aiguillages)
[0.495s] Level 1:colcon.colcon_core.environment:create_environment_scripts_only(aiguillages)
[0.495s] Level 1:colcon.colcon_core.environment:checking '/home/user/celluleflexible_en_cours_ROS2/ros_ws/install/aiguillages' for CMake module files
[0.495s] Level 1:colcon.colcon_core.environment:checking '/home/user/celluleflexible_en_cours_ROS2/ros_ws/install/aiguillages' for CMake config files
[0.495s] Level 1:colcon.colcon_core.shell:create_environment_hook('aiguillages', 'cmake_prefix_path')
[0.496s] INFO:colcon.colcon_core.shell:Creating environment hook '/home/user/celluleflexible_en_cours_ROS2/ros_ws/install/aiguillages/share/aiguillages/hook/cmake_prefix_path.ps1'
[0.496s] INFO:colcon.colcon_core.shell:Creating environment descriptor '/home/user/celluleflexible_en_cours_ROS2/ros_ws/install/aiguillages/share/aiguillages/hook/cmake_prefix_path.dsv'
[0.496s] INFO:colcon.colcon_core.shell:Creating environment hook '/home/user/celluleflexible_en_cours_ROS2/ros_ws/install/aiguillages/share/aiguillages/hook/cmake_prefix_path.sh'
[0.497s] Level 1:colcon.colcon_core.environment:checking '/home/user/celluleflexible_en_cours_ROS2/ros_ws/install/aiguillages/lib'
[0.497s] Level 1:colcon.colcon_core.shell:create_environment_hook('aiguillages', 'ld_library_path_lib')
[0.497s] INFO:colcon.colcon_core.shell:Creating environment hook '/home/user/celluleflexible_en_cours_ROS2/ros_ws/install/aiguillages/share/aiguillages/hook/ld_library_path_lib.ps1'
[0.497s] INFO:colcon.colcon_core.shell:Creating environment descriptor '/home/user/celluleflexible_en_cours_ROS2/ros_ws/install/aiguillages/share/aiguillages/hook/ld_library_path_lib.dsv'
[0.497s] INFO:colcon.colcon_core.shell:Creating environment hook '/home/user/celluleflexible_en_cours_ROS2/ros_ws/install/aiguillages/share/aiguillages/hook/ld_library_path_lib.sh'
[0.498s] Level 1:colcon.colcon_core.environment:checking '/home/user/celluleflexible_en_cours_ROS2/ros_ws/install/aiguillages/bin'
[0.498s] Level 1:colcon.colcon_core.environment:checking '/home/user/celluleflexible_en_cours_ROS2/ros_ws/install/aiguillages/lib/pkgconfig/aiguillages.pc'
[0.498s] Level 1:colcon.colcon_core.environment:checking '/home/user/celluleflexible_en_cours_ROS2/ros_ws/install/aiguillages/lib/python3.12/site-packages'
[0.498s] Level 1:colcon.colcon_core.shell:create_environment_hook('aiguillages', 'pythonpath')
[0.498s] INFO:colcon.colcon_core.shell:Creating environment hook '/home/user/celluleflexible_en_cours_ROS2/ros_ws/install/aiguillages/share/aiguillages/hook/pythonpath.ps1'
[0.498s] INFO:colcon.colcon_core.shell:Creating environment descriptor '/home/user/celluleflexible_en_cours_ROS2/ros_ws/install/aiguillages/share/aiguillages/hook/pythonpath.dsv'
[0.499s] INFO:colcon.colcon_core.shell:Creating environment hook '/home/user/celluleflexible_en_cours_ROS2/ros_ws/install/aiguillages/share/aiguillages/hook/pythonpath.sh'
[0.499s] Level 1:colcon.colcon_core.environment:checking '/home/user/celluleflexible_en_cours_ROS2/ros_ws/install/aiguillages/bin'
[0.499s] INFO:colcon.colcon_core.shell:Creating package script '/home/user/celluleflexible_en_cours_ROS2/ros_ws/install/aiguillages/share/aiguillages/package.ps1'
[0.500s] INFO:colcon.colcon_core.shell:Creating package descriptor '/home/user/celluleflexible_en_cours_ROS2/ros_ws/install/aiguillages/share/aiguillages/package.dsv'
[0.500s] INFO:colcon.colcon_core.shell:Creating package script '/home/user/celluleflexible_en_cours_ROS2/ros_ws/install/aiguillages/share/aiguillages/package.sh'
[0.501s] INFO:colcon.colcon_core.shell:Creating package script '/home/user/celluleflexible_en_cours_ROS2/ros_ws/install/aiguillages/share/aiguillages/package.bash'
[0.501s] INFO:colcon.colcon_core.shell:Creating package script '/home/user/celluleflexible_en_cours_ROS2/ros_ws/install/aiguillages/share/aiguillages/package.zsh'
[0.501s] Level 1:colcon.colcon_core.environment:create_file_with_runtime_dependencies(/home/user/celluleflexible_en_cours_ROS2/ros_ws/install/aiguillages/share/colcon-core/packages/aiguillages)
[0.502s] INFO:colcon.colcon_ros.task.ament_cmake.build:Building ROS package in '/home/user/celluleflexible_en_cours_ROS2/ros_ws/src/commande_locale' with build type 'ament_cmake'
[0.502s] INFO:colcon.colcon_cmake.task.cmake.build:Building CMake package in '/home/user/celluleflexible_en_cours_ROS2/ros_ws/src/commande_locale'
[0.502s] INFO:colcon.colcon_core.shell:Skip shell extension 'powershell' for command environment: Not usable outside of PowerShell
[0.502s] DEBUG:colcon.colcon_core.shell:Skip shell extension 'dsv' for command environment
[0.505s] INFO:colcon.colcon_ros.task.ament_cmake.build:Building ROS package in '/home/user/celluleflexible_en_cours_ROS2/ros_ws/src/shuttles' with build type 'ament_cmake'
[0.505s] INFO:colcon.colcon_cmake.task.cmake.build:Building CMake package in '/home/user/celluleflexible_en_cours_ROS2/ros_ws/src/shuttles'
[0.506s] INFO:colcon.colcon_core.shell:Skip shell extension 'powershell' for command environment: Not usable outside of PowerShell
[0.506s] DEBUG:colcon.colcon_core.shell:Skip shell extension 'dsv' for command environment
[0.520s] DEBUG:colcon.colcon_core.event_handler.log_command:Invoking command in '/home/user/celluleflexible_en_cours_ROS2/ros_ws/build/commande_locale': CMAKE_PREFIX_PATH=/home/user/celluleflexible_en_cours_ROS2/ros_ws/install/aiguillages:/home/user/celluleflexible_en_cours_ROS2/ros_ws/install/commande:/home/user/celluleflexible_en_cours_ROS2/ros_ws/install/shuttles:/home/user/celluleflexible_en_cours_ROS2/ros_ws/install/robots:/home/user/celluleflexible_en_cours_ROS2/ros_ws/install/launcher:/home/user/celluleflexible_en_cours_ROS2/ros_ws/install/commande_locale:/opt/ros/jazzy/opt/gz_math_vendor:/opt/ros/jazzy/opt/gz_utils_vendor:/opt/ros/jazzy/opt/gz_cmake_vendor:/opt/ros/jazzy DEBUGINFOD_URLS=https://debuginfod.ubuntu.com LD_LIBRARY_PATH=/home/user/celluleflexible_en_cours_ROS2/ros_ws/install/aiguillages/lib:/home/user/celluleflexible_en_cours_ROS2/ros_ws/install/shuttles/lib:/home/user/celluleflexible_en_cours_ROS2/ros_ws/install/robots/lib:/home/user/celluleflexible_en_cours_ROS2/ros_ws/install/commande_locale/lib:/opt/ros/jazzy/opt/rviz_ogre_vendor/lib:/opt/ros/jazzy/lib/x86_64-linux-gnu:/opt/ros/jazzy/opt/gz_math_vendor/lib:/opt/ros/jazzy/opt/gz_utils_vendor/lib:/opt/ros/jazzy/opt/gz_cmake_vendor/lib:/opt/ros/jazzy/lib PYTHONPATH=/home/user/celluleflexible_en_cours_ROS2/ros_ws/install/aiguillages/lib/python3.12/site-packages:/home/user/celluleflexible_en_cours_ROS2/ros_ws/install/shuttles/lib/python3.12/site-packages:/home/user/celluleflexible_en_cours_ROS2/ros_ws/install/robots/lib/python3.12/site-packages:/home/user/celluleflexible_en_cours_ROS2/ros_ws/install/commande_locale/lib/python3.12/site-packages:/opt/ros/jazzy/lib/python3.12/site-packages /usr/bin/cmake --build /home/user/celluleflexible_en_cours_ROS2/ros_ws/build/commande_locale -- -j8 -l8
[0.526s] DEBUG:colcon.colcon_core.event_handler.log_command:Invoking command in '/home/user/celluleflexible_en_cours_ROS2/ros_ws/build/shuttles': CMAKE_PREFIX_PATH=/home/user/celluleflexible_en_cours_ROS2/ros_ws/install/aiguillages:/home/user/celluleflexible_en_cours_ROS2/ros_ws/install/commande:/home/user/celluleflexible_en_cours_ROS2/ros_ws/install/shuttles:/home/user/celluleflexible_en_cours_ROS2/ros_ws/install/robots:/home/user/celluleflexible_en_cours_ROS2/ros_ws/install/launcher:/home/user/celluleflexible_en_cours_ROS2/ros_ws/install/commande_locale:/opt/ros/jazzy/opt/gz_math_vendor:/opt/ros/jazzy/opt/gz_utils_vendor:/opt/ros/jazzy/opt/gz_cmake_vendor:/opt/ros/jazzy DEBUGINFOD_URLS=https://debuginfod.ubuntu.com LD_LIBRARY_PATH=/home/user/celluleflexible_en_cours_ROS2/ros_ws/install/aiguillages/lib:/home/user/celluleflexible_en_cours_ROS2/ros_ws/install/shuttles/lib:/home/user/celluleflexible_en_cours_ROS2/ros_ws/install/robots/lib:/home/user/celluleflexible_en_cours_ROS2/ros_ws/install/commande_locale/lib:/opt/ros/jazzy/opt/rviz_ogre_vendor/lib:/opt/ros/jazzy/lib/x86_64-linux-gnu:/opt/ros/jazzy/opt/gz_math_vendor/lib:/opt/ros/jazzy/opt/gz_utils_vendor/lib:/opt/ros/jazzy/opt/gz_cmake_vendor/lib:/opt/ros/jazzy/lib PYTHONPATH=/home/user/celluleflexible_en_cours_ROS2/ros_ws/install/aiguillages/lib/python3.12/site-packages:/home/user/celluleflexible_en_cours_ROS2/ros_ws/install/shuttles/lib/python3.12/site-packages:/home/user/celluleflexible_en_cours_ROS2/ros_ws/install/robots/lib/python3.12/site-packages:/home/user/celluleflexible_en_cours_ROS2/ros_ws/install/commande_locale/lib/python3.12/site-packages:/opt/ros/jazzy/lib/python3.12/site-packages /usr/bin/cmake --build /home/user/celluleflexible_en_cours_ROS2/ros_ws/build/shuttles -- -j8 -l8
[0.918s] DEBUG:colcon.colcon_core.event_handler.log_command:Invoked command in '/home/user/celluleflexible_en_cours_ROS2/ros_ws/build/commande_locale' returned '0': CMAKE_PREFIX_PATH=/home/user/celluleflexible_en_cours_ROS2/ros_ws/install/aiguillages:/home/user/celluleflexible_en_cours_ROS2/ros_ws/install/commande:/home/user/celluleflexible_en_cours_ROS2/ros_ws/install/shuttles:/home/user/celluleflexible_en_cours_ROS2/ros_ws/install/robots:/home/user/celluleflexible_en_cours_ROS2/ros_ws/install/launcher:/home/user/celluleflexible_en_cours_ROS2/ros_ws/install/commande_locale:/opt/ros/jazzy/opt/gz_math_vendor:/opt/ros/jazzy/opt/gz_utils_vendor:/opt/ros/jazzy/opt/gz_cmake_vendor:/opt/ros/jazzy DEBUGINFOD_URLS=https://debuginfod.ubuntu.com LD_LIBRARY_PATH=/home/user/celluleflexible_en_cours_ROS2/ros_ws/install/aiguillages/lib:/home/user/celluleflexible_en_cours_ROS2/ros_ws/install/shuttles/lib:/home/user/celluleflexible_en_cours_ROS2/ros_ws/install/robots/lib:/home/user/celluleflexible_en_cours_ROS2/ros_ws/install/commande_locale/lib:/opt/ros/jazzy/opt/rviz_ogre_vendor/lib:/opt/ros/jazzy/lib/x86_64-linux-gnu:/opt/ros/jazzy/opt/gz_math_vendor/lib:/opt/ros/jazzy/opt/gz_utils_vendor/lib:/opt/ros/jazzy/opt/gz_cmake_vendor/lib:/opt/ros/jazzy/lib PYTHONPATH=/home/user/celluleflexible_en_cours_ROS2/ros_ws/install/aiguillages/lib/python3.12/site-packages:/home/user/celluleflexible_en_cours_ROS2/ros_ws/install/shuttles/lib/python3.12/site-packages:/home/user/celluleflexible_en_cours_ROS2/ros_ws/install/robots/lib/python3.12/site-packages:/home/user/celluleflexible_en_cours_ROS2/ros_ws/install/commande_locale/lib/python3.12/site-packages:/opt/ros/jazzy/lib/python3.12/site-packages /usr/bin/cmake --build /home/user/celluleflexible_en_cours_ROS2/ros_ws/build/commande_locale -- -j8 -l8
[0.918s] DEBUG:colcon.colcon_core.event_handler.log_command:Invoking command in '/home/user/celluleflexible_en_cours_ROS2/ros_ws/build/commande_locale': CMAKE_PREFIX_PATH=/home/user/celluleflexible_en_cours_ROS2/ros_ws/install/aiguillages:/home/user/celluleflexible_en_cours_ROS2/ros_ws/install/commande:/home/user/celluleflexible_en_cours_ROS2/ros_ws/install/shuttles:/home/user/celluleflexible_en_cours_ROS2/ros_ws/install/robots:/home/user/celluleflexible_en_cours_ROS2/ros_ws/install/launcher:/home/user/celluleflexible_en_cours_ROS2/ros_ws/install/commande_locale:/opt/ros/jazzy/opt/gz_math_vendor:/opt/ros/jazzy/opt/gz_utils_vendor:/opt/ros/jazzy/opt/gz_cmake_vendor:/opt/ros/jazzy DEBUGINFOD_URLS=https://debuginfod.ubuntu.com LD_LIBRARY_PATH=/home/user/celluleflexible_en_cours_ROS2/ros_ws/install/aiguillages/lib:/home/user/celluleflexible_en_cours_ROS2/ros_ws/install/shuttles/lib:/home/user/celluleflexible_en_cours_ROS2/ros_ws/install/robots/lib:/home/user/celluleflexible_en_cours_ROS2/ros_ws/install/commande_locale/lib:/opt/ros/jazzy/opt/rviz_ogre_vendor/lib:/opt/ros/jazzy/lib/x86_64-linux-gnu:/opt/ros/jazzy/opt/gz_math_vendor/lib:/opt/ros/jazzy/opt/gz_utils_vendor/lib:/opt/ros/jazzy/opt/gz_cmake_vendor/lib:/opt/ros/jazzy/lib PYTHONPATH=/home/user/celluleflexible_en_cours_ROS2/ros_ws/install/aiguillages/lib/python3.12/site-packages:/home/user/celluleflexible_en_cours_ROS2/ros_ws/install/shuttles/lib/python3.12/site-packages:/home/user/celluleflexible_en_cours_ROS2/ros_ws/install/robots/lib/python3.12/site-packages:/home/user/celluleflexible_en_cours_ROS2/ros_ws/install/commande_locale/lib/python3.12/site-packages:/opt/ros/jazzy/lib/python3.12/site-packages /usr/bin/cmake --install /home/user/celluleflexible_en_cours_ROS2/ros_ws/build/commande_locale
[0.919s] DEBUG:colcon.colcon_core.event_handler.log_command:Invoked command in '/home/user/celluleflexible_en_cours_ROS2/ros_ws/build/shuttles' returned '0': CMAKE_PREFIX_PATH=/home/user/celluleflexible_en_cours_ROS2/ros_ws/install/aiguillages:/home/user/celluleflexible_en_cours_ROS2/ros_ws/install/commande:/home/user/celluleflexible_en_cours_ROS2/ros_ws/install/shuttles:/home/user/celluleflexible_en_cours_ROS2/ros_ws/install/robots:/home/user/celluleflexible_en_cours_ROS2/ros_ws/install/launcher:/home/user/celluleflexible_en_cours_ROS2/ros_ws/install/commande_locale:/opt/ros/jazzy/opt/gz_math_vendor:/opt/ros/jazzy/opt/gz_utils_vendor:/opt/ros/jazzy/opt/gz_cmake_vendor:/opt/ros/jazzy DEBUGINFOD_URLS=https://debuginfod.ubuntu.com LD_LIBRARY_PATH=/home/user/celluleflexible_en_cours_ROS2/ros_ws/install/aiguillages/lib:/home/user/celluleflexible_en_cours_ROS2/ros_ws/install/shuttles/lib:/home/user/celluleflexible_en_cours_ROS2/ros_ws/install/robots/lib:/home/user/celluleflexible_en_cours_ROS2/ros_ws/install/commande_locale/lib:/opt/ros/jazzy/opt/rviz_ogre_vendor/lib:/opt/ros/jazzy/lib/x86_64-linux-gnu:/opt/ros/jazzy/opt/gz_math_vendor/lib:/opt/ros/jazzy/opt/gz_utils_vendor/lib:/opt/ros/jazzy/opt/gz_cmake_vendor/lib:/opt/ros/jazzy/lib PYTHONPATH=/home/user/celluleflexible_en_cours_ROS2/ros_ws/install/aiguillages/lib/python3.12/site-packages:/home/user/celluleflexible_en_cours_ROS2/ros_ws/install/shuttles/lib/python3.12/site-packages:/home/user/celluleflexible_en_cours_ROS2/ros_ws/install/robots/lib/python3.12/site-packages:/home/user/celluleflexible_en_cours_ROS2/ros_ws/install/commande_locale/lib/python3.12/site-packages:/opt/ros/jazzy/lib/python3.12/site-packages /usr/bin/cmake --build /home/user/celluleflexible_en_cours_ROS2/ros_ws/build/shuttles -- -j8 -l8
[0.921s] DEBUG:colcon.colcon_core.event_handler.log_command:Invoking command in '/home/user/celluleflexible_en_cours_ROS2/ros_ws/build/shuttles': CMAKE_PREFIX_PATH=/home/user/celluleflexible_en_cours_ROS2/ros_ws/install/aiguillages:/home/user/celluleflexible_en_cours_ROS2/ros_ws/install/commande:/home/user/celluleflexible_en_cours_ROS2/ros_ws/install/shuttles:/home/user/celluleflexible_en_cours_ROS2/ros_ws/install/robots:/home/user/celluleflexible_en_cours_ROS2/ros_ws/install/launcher:/home/user/celluleflexible_en_cours_ROS2/ros_ws/install/commande_locale:/opt/ros/jazzy/opt/gz_math_vendor:/opt/ros/jazzy/opt/gz_utils_vendor:/opt/ros/jazzy/opt/gz_cmake_vendor:/opt/ros/jazzy DEBUGINFOD_URLS=https://debuginfod.ubuntu.com LD_LIBRARY_PATH=/home/user/celluleflexible_en_cours_ROS2/ros_ws/install/aiguillages/lib:/home/user/celluleflexible_en_cours_ROS2/ros_ws/install/shuttles/lib:/home/user/celluleflexible_en_cours_ROS2/ros_ws/install/robots/lib:/home/user/celluleflexible_en_cours_ROS2/ros_ws/install/commande_locale/lib:/opt/ros/jazzy/opt/rviz_ogre_vendor/lib:/opt/ros/jazzy/lib/x86_64-linux-gnu:/opt/ros/jazzy/opt/gz_math_vendor/lib:/opt/ros/jazzy/opt/gz_utils_vendor/lib:/opt/ros/jazzy/opt/gz_cmake_vendor/lib:/opt/ros/jazzy/lib PYTHONPATH=/home/user/celluleflexible_en_cours_ROS2/ros_ws/install/aiguillages/lib/python3.12/site-packages:/home/user/celluleflexible_en_cours_ROS2/ros_ws/install/shuttles/lib/python3.12/site-packages:/home/user/celluleflexible_en_cours_ROS2/ros_ws/install/robots/lib/python3.12/site-packages:/home/user/celluleflexible_en_cours_ROS2/ros_ws/install/commande_locale/lib/python3.12/site-packages:/opt/ros/jazzy/lib/python3.12/site-packages /usr/bin/cmake --install /home/user/celluleflexible_en_cours_ROS2/ros_ws/build/shuttles
[0.976s] Level 1:colcon.colcon_core.environment:create_environment_scripts_only(shuttles)
[0.976s] Level 1:colcon.colcon_core.environment:checking '/home/user/celluleflexible_en_cours_ROS2/ros_ws/install/shuttles' for CMake module files
[0.978s] Level 1:colcon.colcon_core.environment:checking '/home/user/celluleflexible_en_cours_ROS2/ros_ws/install/shuttles' for CMake config files
[0.978s] Level 1:colcon.colcon_core.shell:create_environment_hook('shuttles', 'cmake_prefix_path')
[0.978s] INFO:colcon.colcon_core.shell:Creating environment hook '/home/user/celluleflexible_en_cours_ROS2/ros_ws/install/shuttles/share/shuttles/hook/cmake_prefix_path.ps1'
[0.979s] INFO:colcon.colcon_core.shell:Creating environment descriptor '/home/user/celluleflexible_en_cours_ROS2/ros_ws/install/shuttles/share/shuttles/hook/cmake_prefix_path.dsv'
[0.980s] INFO:colcon.colcon_core.shell:Creating environment hook '/home/user/celluleflexible_en_cours_ROS2/ros_ws/install/shuttles/share/shuttles/hook/cmake_prefix_path.sh'
[0.982s] Level 1:colcon.colcon_core.environment:checking '/home/user/celluleflexible_en_cours_ROS2/ros_ws/install/shuttles/lib'
[0.982s] Level 1:colcon.colcon_core.shell:create_environment_hook('shuttles', 'ld_library_path_lib')
[0.982s] INFO:colcon.colcon_core.shell:Creating environment hook '/home/user/celluleflexible_en_cours_ROS2/ros_ws/install/shuttles/share/shuttles/hook/ld_library_path_lib.ps1'
[0.983s] INFO:colcon.colcon_core.shell:Creating environment descriptor '/home/user/celluleflexible_en_cours_ROS2/ros_ws/install/shuttles/share/shuttles/hook/ld_library_path_lib.dsv'
[0.984s] INFO:colcon.colcon_core.shell:Creating environment hook '/home/user/celluleflexible_en_cours_ROS2/ros_ws/install/shuttles/share/shuttles/hook/ld_library_path_lib.sh'
[0.986s] Level 1:colcon.colcon_core.environment:checking '/home/user/celluleflexible_en_cours_ROS2/ros_ws/install/shuttles/bin'
[0.986s] Level 1:colcon.colcon_core.environment:checking '/home/user/celluleflexible_en_cours_ROS2/ros_ws/install/shuttles/lib/pkgconfig/shuttles.pc'
[0.987s] Level 1:colcon.colcon_core.environment:checking '/home/user/celluleflexible_en_cours_ROS2/ros_ws/install/shuttles/lib/python3.12/site-packages'
[0.987s] Level 1:colcon.colcon_core.shell:create_environment_hook('shuttles', 'pythonpath')
[0.987s] INFO:colcon.colcon_core.shell:Creating environment hook '/home/user/celluleflexible_en_cours_ROS2/ros_ws/install/shuttles/share/shuttles/hook/pythonpath.ps1'
[0.988s] DEBUG:colcon.colcon_core.event_handler.log_command:Invoked command in '/home/user/celluleflexible_en_cours_ROS2/ros_ws/build/shuttles' returned '0': CMAKE_PREFIX_PATH=/home/user/celluleflexible_en_cours_ROS2/ros_ws/install/aiguillages:/home/user/celluleflexible_en_cours_ROS2/ros_ws/install/commande:/home/user/celluleflexible_en_cours_ROS2/ros_ws/install/shuttles:/home/user/celluleflexible_en_cours_ROS2/ros_ws/install/robots:/home/user/celluleflexible_en_cours_ROS2/ros_ws/install/launcher:/home/user/celluleflexible_en_cours_ROS2/ros_ws/install/commande_locale:/opt/ros/jazzy/opt/gz_math_vendor:/opt/ros/jazzy/opt/gz_utils_vendor:/opt/ros/jazzy/opt/gz_cmake_vendor:/opt/ros/jazzy DEBUGINFOD_URLS=https://debuginfod.ubuntu.com LD_LIBRARY_PATH=/home/user/celluleflexible_en_cours_ROS2/ros_ws/install/aiguillages/lib:/home/user/celluleflexible_en_cours_ROS2/ros_ws/install/shuttles/lib:/home/user/celluleflexible_en_cours_ROS2/ros_ws/install/robots/lib:/home/user/celluleflexible_en_cours_ROS2/ros_ws/install/commande_locale/lib:/opt/ros/jazzy/opt/rviz_ogre_vendor/lib:/opt/ros/jazzy/lib/x86_64-linux-gnu:/opt/ros/jazzy/opt/gz_math_vendor/lib:/opt/ros/jazzy/opt/gz_utils_vendor/lib:/opt/ros/jazzy/opt/gz_cmake_vendor/lib:/opt/ros/jazzy/lib PYTHONPATH=/home/user/celluleflexible_en_cours_ROS2/ros_ws/install/aiguillages/lib/python3.12/site-packages:/home/user/celluleflexible_en_cours_ROS2/ros_ws/install/shuttles/lib/python3.12/site-packages:/home/user/celluleflexible_en_cours_ROS2/ros_ws/install/robots/lib/python3.12/site-packages:/home/user/celluleflexible_en_cours_ROS2/ros_ws/install/commande_locale/lib/python3.12/site-packages:/opt/ros/jazzy/lib/python3.12/site-packages /usr/bin/cmake --install /home/user/celluleflexible_en_cours_ROS2/ros_ws/build/shuttles
[0.988s] INFO:colcon.colcon_core.shell:Creating environment descriptor '/home/user/celluleflexible_en_cours_ROS2/ros_ws/install/shuttles/share/shuttles/hook/pythonpath.dsv'
[0.989s] INFO:colcon.colcon_core.shell:Creating environment hook '/home/user/celluleflexible_en_cours_ROS2/ros_ws/install/shuttles/share/shuttles/hook/pythonpath.sh'
[0.989s] Level 1:colcon.colcon_core.environment:checking '/home/user/celluleflexible_en_cours_ROS2/ros_ws/install/shuttles/bin'
[0.989s] INFO:colcon.colcon_core.shell:Creating package script '/home/user/celluleflexible_en_cours_ROS2/ros_ws/install/shuttles/share/shuttles/package.ps1'
[0.990s] INFO:colcon.colcon_core.shell:Creating package descriptor '/home/user/celluleflexible_en_cours_ROS2/ros_ws/install/shuttles/share/shuttles/package.dsv'
[0.990s] INFO:colcon.colcon_core.shell:Creating package script '/home/user/celluleflexible_en_cours_ROS2/ros_ws/install/shuttles/share/shuttles/package.sh'
[0.991s] INFO:colcon.colcon_core.shell:Creating package script '/home/user/celluleflexible_en_cours_ROS2/ros_ws/install/shuttles/share/shuttles/package.bash'
[0.991s] INFO:colcon.colcon_core.shell:Creating package script '/home/user/celluleflexible_en_cours_ROS2/ros_ws/install/shuttles/share/shuttles/package.zsh'
[0.991s] Level 1:colcon.colcon_core.environment:create_file_with_runtime_dependencies(/home/user/celluleflexible_en_cours_ROS2/ros_ws/install/shuttles/share/colcon-core/packages/shuttles)
[0.992s] Level 1:colcon.colcon_core.environment:create_environment_scripts_only(shuttles)
[0.992s] Level 1:colcon.colcon_core.environment:checking '/home/user/celluleflexible_en_cours_ROS2/ros_ws/install/shuttles' for CMake module files
[0.992s] Level 1:colcon.colcon_core.environment:checking '/home/user/celluleflexible_en_cours_ROS2/ros_ws/install/shuttles' for CMake config files
[0.992s] Level 1:colcon.colcon_core.shell:create_environment_hook('shuttles', 'cmake_prefix_path')
[0.992s] INFO:colcon.colcon_core.shell:Creating environment hook '/home/user/celluleflexible_en_cours_ROS2/ros_ws/install/shuttles/share/shuttles/hook/cmake_prefix_path.ps1'
[0.992s] INFO:colcon.colcon_core.shell:Creating environment descriptor '/home/user/celluleflexible_en_cours_ROS2/ros_ws/install/shuttles/share/shuttles/hook/cmake_prefix_path.dsv'
[0.993s] INFO:colcon.colcon_core.shell:Creating environment hook '/home/user/celluleflexible_en_cours_ROS2/ros_ws/install/shuttles/share/shuttles/hook/cmake_prefix_path.sh'
[0.993s] Level 1:colcon.colcon_core.environment:checking '/home/user/celluleflexible_en_cours_ROS2/ros_ws/install/shuttles/lib'
[0.993s] Level 1:colcon.colcon_core.shell:create_environment_hook('shuttles', 'ld_library_path_lib')
[0.993s] INFO:colcon.colcon_core.shell:Creating environment hook '/home/user/celluleflexible_en_cours_ROS2/ros_ws/install/shuttles/share/shuttles/hook/ld_library_path_lib.ps1'
[0.994s] INFO:colcon.colcon_core.shell:Creating environment descriptor '/home/user/celluleflexible_en_cours_ROS2/ros_ws/install/shuttles/share/shuttles/hook/ld_library_path_lib.dsv'
[0.994s] INFO:colcon.colcon_core.shell:Creating environment hook '/home/user/celluleflexible_en_cours_ROS2/ros_ws/install/shuttles/share/shuttles/hook/ld_library_path_lib.sh'
[0.994s] Level 1:colcon.colcon_core.environment:checking '/home/user/celluleflexible_en_cours_ROS2/ros_ws/install/shuttles/bin'
[0.994s] Level 1:colcon.colcon_core.environment:checking '/home/user/celluleflexible_en_cours_ROS2/ros_ws/install/shuttles/lib/pkgconfig/shuttles.pc'
[0.994s] Level 1:colcon.colcon_core.environment:checking '/home/user/celluleflexible_en_cours_ROS2/ros_ws/install/shuttles/lib/python3.12/site-packages'
[0.994s] Level 1:colcon.colcon_core.shell:create_environment_hook('shuttles', 'pythonpath')
[0.995s] INFO:colcon.colcon_core.shell:Creating environment hook '/home/user/celluleflexible_en_cours_ROS2/ros_ws/install/shuttles/share/shuttles/hook/pythonpath.ps1'
[0.995s] INFO:colcon.colcon_core.shell:Creating environment descriptor '/home/user/celluleflexible_en_cours_ROS2/ros_ws/install/shuttles/share/shuttles/hook/pythonpath.dsv'
[0.995s] INFO:colcon.colcon_core.shell:Creating environment hook '/home/user/celluleflexible_en_cours_ROS2/ros_ws/install/shuttles/share/shuttles/hook/pythonpath.sh'
[0.996s] Level 1:colcon.colcon_core.environment:checking '/home/user/celluleflexible_en_cours_ROS2/ros_ws/install/shuttles/bin'
[0.996s] INFO:colcon.colcon_core.shell:Creating package script '/home/user/celluleflexible_en_cours_ROS2/ros_ws/install/shuttles/share/shuttles/package.ps1'
[0.996s] INFO:colcon.colcon_core.shell:Creating package descriptor '/home/user/celluleflexible_en_cours_ROS2/ros_ws/install/shuttles/share/shuttles/package.dsv'
[0.997s] INFO:colcon.colcon_core.shell:Creating package script '/home/user/celluleflexible_en_cours_ROS2/ros_ws/install/shuttles/share/shuttles/package.sh'
[0.997s] INFO:colcon.colcon_core.shell:Creating package script '/home/user/celluleflexible_en_cours_ROS2/ros_ws/install/shuttles/share/shuttles/package.bash'
[0.997s] INFO:colcon.colcon_core.shell:Creating package script '/home/user/celluleflexible_en_cours_ROS2/ros_ws/install/shuttles/share/shuttles/package.zsh'
[0.998s] Level 1:colcon.colcon_core.environment:create_file_with_runtime_dependencies(/home/user/celluleflexible_en_cours_ROS2/ros_ws/install/shuttles/share/colcon-core/packages/shuttles)
[0.999s] Level 1:colcon.colcon_core.environment:create_environment_scripts_only(commande_locale)
[0.999s] Level 1:colcon.colcon_core.environment:checking '/home/user/celluleflexible_en_cours_ROS2/ros_ws/install/commande_locale' for CMake module files
[1.000s] Level 1:colcon.colcon_core.environment:checking '/home/user/celluleflexible_en_cours_ROS2/ros_ws/install/commande_locale' for CMake config files
[1.001s] DEBUG:colcon.colcon_core.event_handler.log_command:Invoked command in '/home/user/celluleflexible_en_cours_ROS2/ros_ws/build/commande_locale' returned '0': CMAKE_PREFIX_PATH=/home/user/celluleflexible_en_cours_ROS2/ros_ws/install/aiguillages:/home/user/celluleflexible_en_cours_ROS2/ros_ws/install/commande:/home/user/celluleflexible_en_cours_ROS2/ros_ws/install/shuttles:/home/user/celluleflexible_en_cours_ROS2/ros_ws/install/robots:/home/user/celluleflexible_en_cours_ROS2/ros_ws/install/launcher:/home/user/celluleflexible_en_cours_ROS2/ros_ws/install/commande_locale:/opt/ros/jazzy/opt/gz_math_vendor:/opt/ros/jazzy/opt/gz_utils_vendor:/opt/ros/jazzy/opt/gz_cmake_vendor:/opt/ros/jazzy DEBUGINFOD_URLS=https://debuginfod.ubuntu.com LD_LIBRARY_PATH=/home/user/celluleflexible_en_cours_ROS2/ros_ws/install/aiguillages/lib:/home/user/celluleflexible_en_cours_ROS2/ros_ws/install/shuttles/lib:/home/user/celluleflexible_en_cours_ROS2/ros_ws/install/robots/lib:/home/user/celluleflexible_en_cours_ROS2/ros_ws/install/commande_locale/lib:/opt/ros/jazzy/opt/rviz_ogre_vendor/lib:/opt/ros/jazzy/lib/x86_64-linux-gnu:/opt/ros/jazzy/opt/gz_math_vendor/lib:/opt/ros/jazzy/opt/gz_utils_vendor/lib:/opt/ros/jazzy/opt/gz_cmake_vendor/lib:/opt/ros/jazzy/lib PYTHONPATH=/home/user/celluleflexible_en_cours_ROS2/ros_ws/install/aiguillages/lib/python3.12/site-packages:/home/user/celluleflexible_en_cours_ROS2/ros_ws/install/shuttles/lib/python3.12/site-packages:/home/user/celluleflexible_en_cours_ROS2/ros_ws/install/robots/lib/python3.12/site-packages:/home/user/celluleflexible_en_cours_ROS2/ros_ws/install/commande_locale/lib/python3.12/site-packages:/opt/ros/jazzy/lib/python3.12/site-packages /usr/bin/cmake --install /home/user/celluleflexible_en_cours_ROS2/ros_ws/build/commande_locale
[1.001s] Level 1:colcon.colcon_core.shell:create_environment_hook('commande_locale', 'cmake_prefix_path')
[1.001s] INFO:colcon.colcon_core.shell:Creating environment hook '/home/user/celluleflexible_en_cours_ROS2/ros_ws/install/commande_locale/share/commande_locale/hook/cmake_prefix_path.ps1'
[1.001s] INFO:colcon.colcon_core.shell:Creating environment descriptor '/home/user/celluleflexible_en_cours_ROS2/ros_ws/install/commande_locale/share/commande_locale/hook/cmake_prefix_path.dsv'
[1.002s] INFO:colcon.colcon_core.shell:Creating environment hook '/home/user/celluleflexible_en_cours_ROS2/ros_ws/install/commande_locale/share/commande_locale/hook/cmake_prefix_path.sh'
[1.002s] Level 1:colcon.colcon_core.environment:checking '/home/user/celluleflexible_en_cours_ROS2/ros_ws/install/commande_locale/lib'
[1.002s] Level 1:colcon.colcon_core.shell:create_environment_hook('commande_locale', 'ld_library_path_lib')
[1.002s] INFO:colcon.colcon_core.shell:Creating environment hook '/home/user/celluleflexible_en_cours_ROS2/ros_ws/install/commande_locale/share/commande_locale/hook/ld_library_path_lib.ps1'
[1.003s] INFO:colcon.colcon_core.shell:Creating environment descriptor '/home/user/celluleflexible_en_cours_ROS2/ros_ws/install/commande_locale/share/commande_locale/hook/ld_library_path_lib.dsv'
[1.005s] INFO:colcon.colcon_core.shell:Creating environment hook '/home/user/celluleflexible_en_cours_ROS2/ros_ws/install/commande_locale/share/commande_locale/hook/ld_library_path_lib.sh'
[1.006s] Level 1:colcon.colcon_core.environment:checking '/home/user/celluleflexible_en_cours_ROS2/ros_ws/install/commande_locale/bin'
[1.006s] Level 1:colcon.colcon_core.environment:checking '/home/user/celluleflexible_en_cours_ROS2/ros_ws/install/commande_locale/lib/pkgconfig/commande_locale.pc'
[1.006s] Level 1:colcon.colcon_core.environment:checking '/home/user/celluleflexible_en_cours_ROS2/ros_ws/install/commande_locale/lib/python3.12/site-packages'
[1.007s] Level 1:colcon.colcon_core.shell:create_environment_hook('commande_locale', 'pythonpath')
[1.007s] INFO:colcon.colcon_core.shell:Creating environment hook '/home/user/celluleflexible_en_cours_ROS2/ros_ws/install/commande_locale/share/commande_locale/hook/pythonpath.ps1'
[1.007s] INFO:colcon.colcon_core.shell:Creating environment descriptor '/home/user/celluleflexible_en_cours_ROS2/ros_ws/install/commande_locale/share/commande_locale/hook/pythonpath.dsv'
[1.007s] INFO:colcon.colcon_core.shell:Creating environment hook '/home/user/celluleflexible_en_cours_ROS2/ros_ws/install/commande_locale/share/commande_locale/hook/pythonpath.sh'
[1.008s] Level 1:colcon.colcon_core.environment:checking '/home/user/celluleflexible_en_cours_ROS2/ros_ws/install/commande_locale/bin'
[1.008s] INFO:colcon.colcon_core.shell:Creating package script '/home/user/celluleflexible_en_cours_ROS2/ros_ws/install/commande_locale/share/commande_locale/package.ps1'
[1.008s] INFO:colcon.colcon_core.shell:Creating package descriptor '/home/user/celluleflexible_en_cours_ROS2/ros_ws/install/commande_locale/share/commande_locale/package.dsv'
[1.008s] INFO:colcon.colcon_core.shell:Creating package script '/home/user/celluleflexible_en_cours_ROS2/ros_ws/install/commande_locale/share/commande_locale/package.sh'
[1.008s] INFO:colcon.colcon_core.shell:Creating package script '/home/user/celluleflexible_en_cours_ROS2/ros_ws/install/commande_locale/share/commande_locale/package.bash'
[1.009s] INFO:colcon.colcon_core.shell:Creating package script '/home/user/celluleflexible_en_cours_ROS2/ros_ws/install/commande_locale/share/commande_locale/package.zsh'
[1.010s] Level 1:colcon.colcon_core.environment:create_file_with_runtime_dependencies(/home/user/celluleflexible_en_cours_ROS2/ros_ws/install/commande_locale/share/colcon-core/packages/commande_locale)
[1.011s] Level 1:colcon.colcon_core.environment:create_environment_scripts_only(commande_locale)
[1.011s] Level 1:colcon.colcon_core.environment:checking '/home/user/celluleflexible_en_cours_ROS2/ros_ws/install/commande_locale' for CMake module files
[1.012s] Level 1:colcon.colcon_core.environment:checking '/home/user/celluleflexible_en_cours_ROS2/ros_ws/install/commande_locale' for CMake config files
[1.012s] Level 1:colcon.colcon_core.shell:create_environment_hook('commande_locale', 'cmake_prefix_path')
[1.012s] INFO:colcon.colcon_core.shell:Creating environment hook '/home/user/celluleflexible_en_cours_ROS2/ros_ws/install/commande_locale/share/commande_locale/hook/cmake_prefix_path.ps1'
[1.012s] INFO:colcon.colcon_core.shell:Creating environment descriptor '/home/user/celluleflexible_en_cours_ROS2/ros_ws/install/commande_locale/share/commande_locale/hook/cmake_prefix_path.dsv'
[1.012s] INFO:colcon.colcon_core.shell:Creating environment hook '/home/user/celluleflexible_en_cours_ROS2/ros_ws/install/commande_locale/share/commande_locale/hook/cmake_prefix_path.sh'
[1.013s] Level 1:colcon.colcon_core.environment:checking '/home/user/celluleflexible_en_cours_ROS2/ros_ws/install/commande_locale/lib'
[1.013s] Level 1:colcon.colcon_core.shell:create_environment_hook('commande_locale', 'ld_library_path_lib')
[1.013s] INFO:colcon.colcon_core.shell:Creating environment hook '/home/user/celluleflexible_en_cours_ROS2/ros_ws/install/commande_locale/share/commande_locale/hook/ld_library_path_lib.ps1'
[1.013s] INFO:colcon.colcon_core.shell:Creating environment descriptor '/home/user/celluleflexible_en_cours_ROS2/ros_ws/install/commande_locale/share/commande_locale/hook/ld_library_path_lib.dsv'
[1.013s] INFO:colcon.colcon_core.shell:Creating environment hook '/home/user/celluleflexible_en_cours_ROS2/ros_ws/install/commande_locale/share/commande_locale/hook/ld_library_path_lib.sh'
[1.015s] Level 1:colcon.colcon_core.environment:checking '/home/user/celluleflexible_en_cours_ROS2/ros_ws/install/commande_locale/bin'
[1.015s] Level 1:colcon.colcon_core.environment:checking '/home/user/celluleflexible_en_cours_ROS2/ros_ws/install/commande_locale/lib/pkgconfig/commande_locale.pc'
[1.015s] Level 1:colcon.colcon_core.environment:checking '/home/user/celluleflexible_en_cours_ROS2/ros_ws/install/commande_locale/lib/python3.12/site-packages'
[1.015s] Level 1:colcon.colcon_core.shell:create_environment_hook('commande_locale', 'pythonpath')
[1.015s] INFO:colcon.colcon_core.shell:Creating environment hook '/home/user/celluleflexible_en_cours_ROS2/ros_ws/install/commande_locale/share/commande_locale/hook/pythonpath.ps1'
[1.016s] INFO:colcon.colcon_core.shell:Creating environment descriptor '/home/user/celluleflexible_en_cours_ROS2/ros_ws/install/commande_locale/share/commande_locale/hook/pythonpath.dsv'
[1.016s] INFO:colcon.colcon_core.shell:Creating environment hook '/home/user/celluleflexible_en_cours_ROS2/ros_ws/install/commande_locale/share/commande_locale/hook/pythonpath.sh'
[1.017s] Level 1:colcon.colcon_core.environment:checking '/home/user/celluleflexible_en_cours_ROS2/ros_ws/install/commande_locale/bin'
[1.018s] INFO:colcon.colcon_core.shell:Creating package script '/home/user/celluleflexible_en_cours_ROS2/ros_ws/install/commande_locale/share/commande_locale/package.ps1'
[1.018s] INFO:colcon.colcon_core.shell:Creating package descriptor '/home/user/celluleflexible_en_cours_ROS2/ros_ws/install/commande_locale/share/commande_locale/package.dsv'
[1.019s] INFO:colcon.colcon_core.shell:Creating package script '/home/user/celluleflexible_en_cours_ROS2/ros_ws/install/commande_locale/share/commande_locale/package.sh'
[1.019s] INFO:colcon.colcon_core.shell:Creating package script '/home/user/celluleflexible_en_cours_ROS2/ros_ws/install/commande_locale/share/commande_locale/package.bash'
[1.020s] INFO:colcon.colcon_core.shell:Creating package script '/home/user/celluleflexible_en_cours_ROS2/ros_ws/install/commande_locale/share/commande_locale/package.zsh'
[1.020s] Level 1:colcon.colcon_core.environment:create_file_with_runtime_dependencies(/home/user/celluleflexible_en_cours_ROS2/ros_ws/install/commande_locale/share/colcon-core/packages/commande_locale)
[1.021s] INFO:colcon.colcon_ros.task.ament_cmake.build:Building ROS package in '/home/user/celluleflexible_en_cours_ROS2/ros_ws/src/robots' with build type 'ament_cmake'
[1.021s] INFO:colcon.colcon_cmake.task.cmake.build:Building CMake package in '/home/user/celluleflexible_en_cours_ROS2/ros_ws/src/robots'
[1.021s] INFO:colcon.colcon_core.shell:Skip shell extension 'powershell' for command environment: Not usable outside of PowerShell
[1.021s] DEBUG:colcon.colcon_core.shell:Skip shell extension 'dsv' for command environment
[1.042s] DEBUG:colcon.colcon_core.event_handler.log_command:Invoking command in '/home/user/celluleflexible_en_cours_ROS2/ros_ws/build/robots': CMAKE_PREFIX_PATH=/home/user/celluleflexible_en_cours_ROS2/ros_ws/install/shuttles:/home/user/celluleflexible_en_cours_ROS2/ros_ws/install/commande_locale:/home/user/celluleflexible_en_cours_ROS2/ros_ws/install/aiguillages:/home/user/celluleflexible_en_cours_ROS2/ros_ws/install/commande:/home/user/celluleflexible_en_cours_ROS2/ros_ws/install/robots:/home/user/celluleflexible_en_cours_ROS2/ros_ws/install/launcher:/opt/ros/jazzy/opt/gz_math_vendor:/opt/ros/jazzy/opt/gz_utils_vendor:/opt/ros/jazzy/opt/gz_cmake_vendor:/opt/ros/jazzy DEBUGINFOD_URLS=https://debuginfod.ubuntu.com LD_LIBRARY_PATH=/home/user/celluleflexible_en_cours_ROS2/ros_ws/install/shuttles/lib:/home/user/celluleflexible_en_cours_ROS2/ros_ws/install/commande_locale/lib:/home/user/celluleflexible_en_cours_ROS2/ros_ws/install/aiguillages/lib:/home/user/celluleflexible_en_cours_ROS2/ros_ws/install/robots/lib:/opt/ros/jazzy/opt/rviz_ogre_vendor/lib:/opt/ros/jazzy/lib/x86_64-linux-gnu:/opt/ros/jazzy/opt/gz_math_vendor/lib:/opt/ros/jazzy/opt/gz_utils_vendor/lib:/opt/ros/jazzy/opt/gz_cmake_vendor/lib:/opt/ros/jazzy/lib PYTHONPATH=/home/user/celluleflexible_en_cours_ROS2/ros_ws/install/shuttles/lib/python3.12/site-packages:/home/user/celluleflexible_en_cours_ROS2/ros_ws/install/commande_locale/lib/python3.12/site-packages:/home/user/celluleflexible_en_cours_ROS2/ros_ws/install/aiguillages/lib/python3.12/site-packages:/home/user/celluleflexible_en_cours_ROS2/ros_ws/install/robots/lib/python3.12/site-packages:/opt/ros/jazzy/lib/python3.12/site-packages /usr/bin/cmake --build /home/user/celluleflexible_en_cours_ROS2/ros_ws/build/robots -- -j8 -l8
[1.319s] DEBUG:colcon.colcon_core.event_handler.log_command:Invoked command in '/home/user/celluleflexible_en_cours_ROS2/ros_ws/build/robots' returned '0': CMAKE_PREFIX_PATH=/home/user/celluleflexible_en_cours_ROS2/ros_ws/install/shuttles:/home/user/celluleflexible_en_cours_ROS2/ros_ws/install/commande_locale:/home/user/celluleflexible_en_cours_ROS2/ros_ws/install/aiguillages:/home/user/celluleflexible_en_cours_ROS2/ros_ws/install/commande:/home/user/celluleflexible_en_cours_ROS2/ros_ws/install/robots:/home/user/celluleflexible_en_cours_ROS2/ros_ws/install/launcher:/opt/ros/jazzy/opt/gz_math_vendor:/opt/ros/jazzy/opt/gz_utils_vendor:/opt/ros/jazzy/opt/gz_cmake_vendor:/opt/ros/jazzy DEBUGINFOD_URLS=https://debuginfod.ubuntu.com LD_LIBRARY_PATH=/home/user/celluleflexible_en_cours_ROS2/ros_ws/install/shuttles/lib:/home/user/celluleflexible_en_cours_ROS2/ros_ws/install/commande_locale/lib:/home/user/celluleflexible_en_cours_ROS2/ros_ws/install/aiguillages/lib:/home/user/celluleflexible_en_cours_ROS2/ros_ws/install/robots/lib:/opt/ros/jazzy/opt/rviz_ogre_vendor/lib:/opt/ros/jazzy/lib/x86_64-linux-gnu:/opt/ros/jazzy/opt/gz_math_vendor/lib:/opt/ros/jazzy/opt/gz_utils_vendor/lib:/opt/ros/jazzy/opt/gz_cmake_vendor/lib:/opt/ros/jazzy/lib PYTHONPATH=/home/user/celluleflexible_en_cours_ROS2/ros_ws/install/shuttles/lib/python3.12/site-packages:/home/user/celluleflexible_en_cours_ROS2/ros_ws/install/commande_locale/lib/python3.12/site-packages:/home/user/celluleflexible_en_cours_ROS2/ros_ws/install/aiguillages/lib/python3.12/site-packages:/home/user/celluleflexible_en_cours_ROS2/ros_ws/install/robots/lib/python3.12/site-packages:/opt/ros/jazzy/lib/python3.12/site-packages /usr/bin/cmake --build /home/user/celluleflexible_en_cours_ROS2/ros_ws/build/robots -- -j8 -l8
[1.321s] DEBUG:colcon.colcon_core.event_handler.log_command:Invoking command in '/home/user/celluleflexible_en_cours_ROS2/ros_ws/build/robots': CMAKE_PREFIX_PATH=/home/user/celluleflexible_en_cours_ROS2/ros_ws/install/shuttles:/home/user/celluleflexible_en_cours_ROS2/ros_ws/install/commande_locale:/home/user/celluleflexible_en_cours_ROS2/ros_ws/install/aiguillages:/home/user/celluleflexible_en_cours_ROS2/ros_ws/install/commande:/home/user/celluleflexible_en_cours_ROS2/ros_ws/install/robots:/home/user/celluleflexible_en_cours_ROS2/ros_ws/install/launcher:/opt/ros/jazzy/opt/gz_math_vendor:/opt/ros/jazzy/opt/gz_utils_vendor:/opt/ros/jazzy/opt/gz_cmake_vendor:/opt/ros/jazzy DEBUGINFOD_URLS=https://debuginfod.ubuntu.com LD_LIBRARY_PATH=/home/user/celluleflexible_en_cours_ROS2/ros_ws/install/shuttles/lib:/home/user/celluleflexible_en_cours_ROS2/ros_ws/install/commande_locale/lib:/home/user/celluleflexible_en_cours_ROS2/ros_ws/install/aiguillages/lib:/home/user/celluleflexible_en_cours_ROS2/ros_ws/install/robots/lib:/opt/ros/jazzy/opt/rviz_ogre_vendor/lib:/opt/ros/jazzy/lib/x86_64-linux-gnu:/opt/ros/jazzy/opt/gz_math_vendor/lib:/opt/ros/jazzy/opt/gz_utils_vendor/lib:/opt/ros/jazzy/opt/gz_cmake_vendor/lib:/opt/ros/jazzy/lib PYTHONPATH=/home/user/celluleflexible_en_cours_ROS2/ros_ws/install/shuttles/lib/python3.12/site-packages:/home/user/celluleflexible_en_cours_ROS2/ros_ws/install/commande_locale/lib/python3.12/site-packages:/home/user/celluleflexible_en_cours_ROS2/ros_ws/install/aiguillages/lib/python3.12/site-packages:/home/user/celluleflexible_en_cours_ROS2/ros_ws/install/robots/lib/python3.12/site-packages:/opt/ros/jazzy/lib/python3.12/site-packages /usr/bin/cmake --install /home/user/celluleflexible_en_cours_ROS2/ros_ws/build/robots
[1.364s] Level 1:colcon.colcon_core.environment:create_environment_scripts_only(robots)
[1.364s] Level 1:colcon.colcon_core.environment:checking '/home/user/celluleflexible_en_cours_ROS2/ros_ws/install/robots' for CMake module files
[1.365s] DEBUG:colcon.colcon_core.event_handler.log_command:Invoked command in '/home/user/celluleflexible_en_cours_ROS2/ros_ws/build/robots' returned '0': CMAKE_PREFIX_PATH=/home/user/celluleflexible_en_cours_ROS2/ros_ws/install/shuttles:/home/user/celluleflexible_en_cours_ROS2/ros_ws/install/commande_locale:/home/user/celluleflexible_en_cours_ROS2/ros_ws/install/aiguillages:/home/user/celluleflexible_en_cours_ROS2/ros_ws/install/commande:/home/user/celluleflexible_en_cours_ROS2/ros_ws/install/robots:/home/user/celluleflexible_en_cours_ROS2/ros_ws/install/launcher:/opt/ros/jazzy/opt/gz_math_vendor:/opt/ros/jazzy/opt/gz_utils_vendor:/opt/ros/jazzy/opt/gz_cmake_vendor:/opt/ros/jazzy DEBUGINFOD_URLS=https://debuginfod.ubuntu.com LD_LIBRARY_PATH=/home/user/celluleflexible_en_cours_ROS2/ros_ws/install/shuttles/lib:/home/user/celluleflexible_en_cours_ROS2/ros_ws/install/commande_locale/lib:/home/user/celluleflexible_en_cours_ROS2/ros_ws/install/aiguillages/lib:/home/user/celluleflexible_en_cours_ROS2/ros_ws/install/robots/lib:/opt/ros/jazzy/opt/rviz_ogre_vendor/lib:/opt/ros/jazzy/lib/x86_64-linux-gnu:/opt/ros/jazzy/opt/gz_math_vendor/lib:/opt/ros/jazzy/opt/gz_utils_vendor/lib:/opt/ros/jazzy/opt/gz_cmake_vendor/lib:/opt/ros/jazzy/lib PYTHONPATH=/home/user/celluleflexible_en_cours_ROS2/ros_ws/install/shuttles/lib/python3.12/site-packages:/home/user/celluleflexible_en_cours_ROS2/ros_ws/install/commande_locale/lib/python3.12/site-packages:/home/user/celluleflexible_en_cours_ROS2/ros_ws/install/aiguillages/lib/python3.12/site-packages:/home/user/celluleflexible_en_cours_ROS2/ros_ws/install/robots/lib/python3.12/site-packages:/opt/ros/jazzy/lib/python3.12/site-packages /usr/bin/cmake --install /home/user/celluleflexible_en_cours_ROS2/ros_ws/build/robots
[1.365s] Level 1:colcon.colcon_core.environment:checking '/home/user/celluleflexible_en_cours_ROS2/ros_ws/install/robots' for CMake config files
[1.366s] Level 1:colcon.colcon_core.shell:create_environment_hook('robots', 'cmake_prefix_path')
[1.366s] INFO:colcon.colcon_core.shell:Creating environment hook '/home/user/celluleflexible_en_cours_ROS2/ros_ws/install/robots/share/robots/hook/cmake_prefix_path.ps1'
[1.366s] INFO:colcon.colcon_core.shell:Creating environment descriptor '/home/user/celluleflexible_en_cours_ROS2/ros_ws/install/robots/share/robots/hook/cmake_prefix_path.dsv'
[1.367s] INFO:colcon.colcon_core.shell:Creating environment hook '/home/user/celluleflexible_en_cours_ROS2/ros_ws/install/robots/share/robots/hook/cmake_prefix_path.sh'
[1.368s] Level 1:colcon.colcon_core.environment:checking '/home/user/celluleflexible_en_cours_ROS2/ros_ws/install/robots/lib'
[1.368s] Level 1:colcon.colcon_core.shell:create_environment_hook('robots', 'ld_library_path_lib')
[1.368s] INFO:colcon.colcon_core.shell:Creating environment hook '/home/user/celluleflexible_en_cours_ROS2/ros_ws/install/robots/share/robots/hook/ld_library_path_lib.ps1'
[1.368s] INFO:colcon.colcon_core.shell:Creating environment descriptor '/home/user/celluleflexible_en_cours_ROS2/ros_ws/install/robots/share/robots/hook/ld_library_path_lib.dsv'
[1.369s] INFO:colcon.colcon_core.shell:Creating environment hook '/home/user/celluleflexible_en_cours_ROS2/ros_ws/install/robots/share/robots/hook/ld_library_path_lib.sh'
[1.369s] Level 1:colcon.colcon_core.environment:checking '/home/user/celluleflexible_en_cours_ROS2/ros_ws/install/robots/bin'
[1.370s] Level 1:colcon.colcon_core.environment:checking '/home/user/celluleflexible_en_cours_ROS2/ros_ws/install/robots/lib/pkgconfig/robots.pc'
[1.370s] Level 1:colcon.colcon_core.environment:checking '/home/user/celluleflexible_en_cours_ROS2/ros_ws/install/robots/lib/python3.12/site-packages'
[1.370s] Level 1:colcon.colcon_core.shell:create_environment_hook('robots', 'pythonpath')
[1.370s] INFO:colcon.colcon_core.shell:Creating environment hook '/home/user/celluleflexible_en_cours_ROS2/ros_ws/install/robots/share/robots/hook/pythonpath.ps1'
[1.370s] INFO:colcon.colcon_core.shell:Creating environment descriptor '/home/user/celluleflexible_en_cours_ROS2/ros_ws/install/robots/share/robots/hook/pythonpath.dsv'
[1.371s] INFO:colcon.colcon_core.shell:Creating environment hook '/home/user/celluleflexible_en_cours_ROS2/ros_ws/install/robots/share/robots/hook/pythonpath.sh'
[1.371s] Level 1:colcon.colcon_core.environment:checking '/home/user/celluleflexible_en_cours_ROS2/ros_ws/install/robots/bin'
[1.371s] INFO:colcon.colcon_core.shell:Creating package script '/home/user/celluleflexible_en_cours_ROS2/ros_ws/install/robots/share/robots/package.ps1'
[1.372s] INFO:colcon.colcon_core.shell:Creating package descriptor '/home/user/celluleflexible_en_cours_ROS2/ros_ws/install/robots/share/robots/package.dsv'
[1.372s] INFO:colcon.colcon_core.shell:Creating package script '/home/user/celluleflexible_en_cours_ROS2/ros_ws/install/robots/share/robots/package.sh'
[1.373s] INFO:colcon.colcon_core.shell:Creating package script '/home/user/celluleflexible_en_cours_ROS2/ros_ws/install/robots/share/robots/package.bash'
[1.373s] INFO:colcon.colcon_core.shell:Creating package script '/home/user/celluleflexible_en_cours_ROS2/ros_ws/install/robots/share/robots/package.zsh'
[1.374s] Level 1:colcon.colcon_core.environment:create_file_with_runtime_dependencies(/home/user/celluleflexible_en_cours_ROS2/ros_ws/install/robots/share/colcon-core/packages/robots)
[1.374s] Level 1:colcon.colcon_core.environment:create_environment_scripts_only(robots)
[1.374s] Level 1:colcon.colcon_core.environment:checking '/home/user/celluleflexible_en_cours_ROS2/ros_ws/install/robots' for CMake module files
[1.374s] Level 1:colcon.colcon_core.environment:checking '/home/user/celluleflexible_en_cours_ROS2/ros_ws/install/robots' for CMake config files
[1.375s] Level 1:colcon.colcon_core.shell:create_environment_hook('robots', 'cmake_prefix_path')
[1.375s] INFO:colcon.colcon_core.shell:Creating environment hook '/home/user/celluleflexible_en_cours_ROS2/ros_ws/install/robots/share/robots/hook/cmake_prefix_path.ps1'
[1.375s] INFO:colcon.colcon_core.shell:Creating environment descriptor '/home/user/celluleflexible_en_cours_ROS2/ros_ws/install/robots/share/robots/hook/cmake_prefix_path.dsv'
[1.375s] INFO:colcon.colcon_core.shell:Creating environment hook '/home/user/celluleflexible_en_cours_ROS2/ros_ws/install/robots/share/robots/hook/cmake_prefix_path.sh'
[1.376s] Level 1:colcon.colcon_core.environment:checking '/home/user/celluleflexible_en_cours_ROS2/ros_ws/install/robots/lib'
[1.376s] Level 1:colcon.colcon_core.shell:create_environment_hook('robots', 'ld_library_path_lib')
[1.376s] INFO:colcon.colcon_core.shell:Creating environment hook '/home/user/celluleflexible_en_cours_ROS2/ros_ws/install/robots/share/robots/hook/ld_library_path_lib.ps1'
[1.377s] INFO:colcon.colcon_core.shell:Creating environment descriptor '/home/user/celluleflexible_en_cours_ROS2/ros_ws/install/robots/share/robots/hook/ld_library_path_lib.dsv'
[1.377s] INFO:colcon.colcon_core.shell:Creating environment hook '/home/user/celluleflexible_en_cours_ROS2/ros_ws/install/robots/share/robots/hook/ld_library_path_lib.sh'
[1.377s] Level 1:colcon.colcon_core.environment:checking '/home/user/celluleflexible_en_cours_ROS2/ros_ws/install/robots/bin'
[1.377s] Level 1:colcon.colcon_core.environment:checking '/home/user/celluleflexible_en_cours_ROS2/ros_ws/install/robots/lib/pkgconfig/robots.pc'
[1.378s] Level 1:colcon.colcon_core.environment:checking '/home/user/celluleflexible_en_cours_ROS2/ros_ws/install/robots/lib/python3.12/site-packages'
[1.378s] Level 1:colcon.colcon_core.shell:create_environment_hook('robots', 'pythonpath')
[1.378s] INFO:colcon.colcon_core.shell:Creating environment hook '/home/user/celluleflexible_en_cours_ROS2/ros_ws/install/robots/share/robots/hook/pythonpath.ps1'
[1.378s] INFO:colcon.colcon_core.shell:Creating environment descriptor '/home/user/celluleflexible_en_cours_ROS2/ros_ws/install/robots/share/robots/hook/pythonpath.dsv'
[1.378s] INFO:colcon.colcon_core.shell:Creating environment hook '/home/user/celluleflexible_en_cours_ROS2/ros_ws/install/robots/share/robots/hook/pythonpath.sh'
[1.380s] Level 1:colcon.colcon_core.environment:checking '/home/user/celluleflexible_en_cours_ROS2/ros_ws/install/robots/bin'
[1.380s] INFO:colcon.colcon_core.shell:Creating package script '/home/user/celluleflexible_en_cours_ROS2/ros_ws/install/robots/share/robots/package.ps1'
[1.380s] INFO:colcon.colcon_core.shell:Creating package descriptor '/home/user/celluleflexible_en_cours_ROS2/ros_ws/install/robots/share/robots/package.dsv'
[1.381s] INFO:colcon.colcon_core.shell:Creating package script '/home/user/celluleflexible_en_cours_ROS2/ros_ws/install/robots/share/robots/package.sh'
[1.381s] INFO:colcon.colcon_core.shell:Creating package script '/home/user/celluleflexible_en_cours_ROS2/ros_ws/install/robots/share/robots/package.bash'
[1.382s] INFO:colcon.colcon_core.shell:Creating package script '/home/user/celluleflexible_en_cours_ROS2/ros_ws/install/robots/share/robots/package.zsh'
[1.382s] Level 1:colcon.colcon_core.environment:create_file_with_runtime_dependencies(/home/user/celluleflexible_en_cours_ROS2/ros_ws/install/robots/share/colcon-core/packages/robots)
[1.383s] INFO:colcon.colcon_ros.task.ament_cmake.build:Building ROS package in '/home/user/celluleflexible_en_cours_ROS2/ros_ws/src/commande' with build type 'ament_cmake'
[1.384s] INFO:colcon.colcon_cmake.task.cmake.build:Building CMake package in '/home/user/celluleflexible_en_cours_ROS2/ros_ws/src/commande'
[1.384s] INFO:colcon.colcon_core.shell:Skip shell extension 'powershell' for command environment: Not usable outside of PowerShell
[1.384s] DEBUG:colcon.colcon_core.shell:Skip shell extension 'dsv' for command environment
[1.411s] DEBUG:colcon.colcon_core.event_handler.log_command:Invoking command in '/home/user/celluleflexible_en_cours_ROS2/ros_ws/build/commande': CMAKE_PREFIX_PATH=/home/user/celluleflexible_en_cours_ROS2/ros_ws/install/robots:/home/user/celluleflexible_en_cours_ROS2/ros_ws/install/shuttles:/home/user/celluleflexible_en_cours_ROS2/ros_ws/install/commande_locale:/home/user/celluleflexible_en_cours_ROS2/ros_ws/install/aiguillages:/home/user/celluleflexible_en_cours_ROS2/ros_ws/install/commande:/home/user/celluleflexible_en_cours_ROS2/ros_ws/install/launcher:/opt/ros/jazzy/opt/gz_math_vendor:/opt/ros/jazzy/opt/gz_utils_vendor:/opt/ros/jazzy/opt/gz_cmake_vendor:/opt/ros/jazzy DEBUGINFOD_URLS=https://debuginfod.ubuntu.com LD_LIBRARY_PATH=/home/user/celluleflexible_en_cours_ROS2/ros_ws/install/robots/lib:/home/user/celluleflexible_en_cours_ROS2/ros_ws/install/shuttles/lib:/home/user/celluleflexible_en_cours_ROS2/ros_ws/install/commande_locale/lib:/home/user/celluleflexible_en_cours_ROS2/ros_ws/install/aiguillages/lib:/opt/ros/jazzy/opt/rviz_ogre_vendor/lib:/opt/ros/jazzy/lib/x86_64-linux-gnu:/opt/ros/jazzy/opt/gz_math_vendor/lib:/opt/ros/jazzy/opt/gz_utils_vendor/lib:/opt/ros/jazzy/opt/gz_cmake_vendor/lib:/opt/ros/jazzy/lib PYTHONPATH=/home/user/celluleflexible_en_cours_ROS2/ros_ws/install/robots/lib/python3.12/site-packages:/home/user/celluleflexible_en_cours_ROS2/ros_ws/install/shuttles/lib/python3.12/site-packages:/home/user/celluleflexible_en_cours_ROS2/ros_ws/install/commande_locale/lib/python3.12/site-packages:/home/user/celluleflexible_en_cours_ROS2/ros_ws/install/aiguillages/lib/python3.12/site-packages:/opt/ros/jazzy/lib/python3.12/site-packages /usr/bin/cmake --build /home/user/celluleflexible_en_cours_ROS2/ros_ws/build/commande -- -j8 -l8
[6.989s] DEBUG:colcon.colcon_core.event_handler.log_command:Invoked command in '/home/user/celluleflexible_en_cours_ROS2/ros_ws/build/commande' returned '0': CMAKE_PREFIX_PATH=/home/user/celluleflexible_en_cours_ROS2/ros_ws/install/robots:/home/user/celluleflexible_en_cours_ROS2/ros_ws/install/shuttles:/home/user/celluleflexible_en_cours_ROS2/ros_ws/install/commande_locale:/home/user/celluleflexible_en_cours_ROS2/ros_ws/install/aiguillages:/home/user/celluleflexible_en_cours_ROS2/ros_ws/install/commande:/home/user/celluleflexible_en_cours_ROS2/ros_ws/install/launcher:/opt/ros/jazzy/opt/gz_math_vendor:/opt/ros/jazzy/opt/gz_utils_vendor:/opt/ros/jazzy/opt/gz_cmake_vendor:/opt/ros/jazzy DEBUGINFOD_URLS=https://debuginfod.ubuntu.com LD_LIBRARY_PATH=/home/user/celluleflexible_en_cours_ROS2/ros_ws/install/robots/lib:/home/user/celluleflexible_en_cours_ROS2/ros_ws/install/shuttles/lib:/home/user/celluleflexible_en_cours_ROS2/ros_ws/install/commande_locale/lib:/home/user/celluleflexible_en_cours_ROS2/ros_ws/install/aiguillages/lib:/opt/ros/jazzy/opt/rviz_ogre_vendor/lib:/opt/ros/jazzy/lib/x86_64-linux-gnu:/opt/ros/jazzy/opt/gz_math_vendor/lib:/opt/ros/jazzy/opt/gz_utils_vendor/lib:/opt/ros/jazzy/opt/gz_cmake_vendor/lib:/opt/ros/jazzy/lib PYTHONPATH=/home/user/celluleflexible_en_cours_ROS2/ros_ws/install/robots/lib/python3.12/site-packages:/home/user/celluleflexible_en_cours_ROS2/ros_ws/install/shuttles/lib/python3.12/site-packages:/home/user/celluleflexible_en_cours_ROS2/ros_ws/install/commande_locale/lib/python3.12/site-packages:/home/user/celluleflexible_en_cours_ROS2/ros_ws/install/aiguillages/lib/python3.12/site-packages:/opt/ros/jazzy/lib/python3.12/site-packages /usr/bin/cmake --build /home/user/celluleflexible_en_cours_ROS2/ros_ws/build/commande -- -j8 -l8
[6.991s] DEBUG:colcon.colcon_core.event_handler.log_command:Invoking command in '/home/user/celluleflexible_en_cours_ROS2/ros_ws/build/commande': CMAKE_PREFIX_PATH=/home/user/celluleflexible_en_cours_ROS2/ros_ws/install/robots:/home/user/celluleflexible_en_cours_ROS2/ros_ws/install/shuttles:/home/user/celluleflexible_en_cours_ROS2/ros_ws/install/commande_locale:/home/user/celluleflexible_en_cours_ROS2/ros_ws/install/aiguillages:/home/user/celluleflexible_en_cours_ROS2/ros_ws/install/commande:/home/user/celluleflexible_en_cours_ROS2/ros_ws/install/launcher:/opt/ros/jazzy/opt/gz_math_vendor:/opt/ros/jazzy/opt/gz_utils_vendor:/opt/ros/jazzy/opt/gz_cmake_vendor:/opt/ros/jazzy DEBUGINFOD_URLS=https://debuginfod.ubuntu.com LD_LIBRARY_PATH=/home/user/celluleflexible_en_cours_ROS2/ros_ws/install/robots/lib:/home/user/celluleflexible_en_cours_ROS2/ros_ws/install/shuttles/lib:/home/user/celluleflexible_en_cours_ROS2/ros_ws/install/commande_locale/lib:/home/user/celluleflexible_en_cours_ROS2/ros_ws/install/aiguillages/lib:/opt/ros/jazzy/opt/rviz_ogre_vendor/lib:/opt/ros/jazzy/lib/x86_64-linux-gnu:/opt/ros/jazzy/opt/gz_math_vendor/lib:/opt/ros/jazzy/opt/gz_utils_vendor/lib:/opt/ros/jazzy/opt/gz_cmake_vendor/lib:/opt/ros/jazzy/lib PYTHONPATH=/home/user/celluleflexible_en_cours_ROS2/ros_ws/install/robots/lib/python3.12/site-packages:/home/user/celluleflexible_en_cours_ROS2/ros_ws/install/shuttles/lib/python3.12/site-packages:/home/user/celluleflexible_en_cours_ROS2/ros_ws/install/commande_locale/lib/python3.12/site-packages:/home/user/celluleflexible_en_cours_ROS2/ros_ws/install/aiguillages/lib/python3.12/site-packages:/opt/ros/jazzy/lib/python3.12/site-packages /usr/bin/cmake --install /home/user/celluleflexible_en_cours_ROS2/ros_ws/build/commande
[7.018s] Level 1:colcon.colcon_core.environment:create_environment_scripts_only(commande)
[7.018s] Level 1:colcon.colcon_core.environment:checking '/home/user/celluleflexible_en_cours_ROS2/ros_ws/install/commande' for CMake module files
[7.019s] DEBUG:colcon.colcon_core.event_handler.log_command:Invoked command in '/home/user/celluleflexible_en_cours_ROS2/ros_ws/build/commande' returned '0': CMAKE_PREFIX_PATH=/home/user/celluleflexible_en_cours_ROS2/ros_ws/install/robots:/home/user/celluleflexible_en_cours_ROS2/ros_ws/install/shuttles:/home/user/celluleflexible_en_cours_ROS2/ros_ws/install/commande_locale:/home/user/celluleflexible_en_cours_ROS2/ros_ws/install/aiguillages:/home/user/celluleflexible_en_cours_ROS2/ros_ws/install/commande:/home/user/celluleflexible_en_cours_ROS2/ros_ws/install/launcher:/opt/ros/jazzy/opt/gz_math_vendor:/opt/ros/jazzy/opt/gz_utils_vendor:/opt/ros/jazzy/opt/gz_cmake_vendor:/opt/ros/jazzy DEBUGINFOD_URLS=https://debuginfod.ubuntu.com LD_LIBRARY_PATH=/home/user/celluleflexible_en_cours_ROS2/ros_ws/install/robots/lib:/home/user/celluleflexible_en_cours_ROS2/ros_ws/install/shuttles/lib:/home/user/celluleflexible_en_cours_ROS2/ros_ws/install/commande_locale/lib:/home/user/celluleflexible_en_cours_ROS2/ros_ws/install/aiguillages/lib:/opt/ros/jazzy/opt/rviz_ogre_vendor/lib:/opt/ros/jazzy/lib/x86_64-linux-gnu:/opt/ros/jazzy/opt/gz_math_vendor/lib:/opt/ros/jazzy/opt/gz_utils_vendor/lib:/opt/ros/jazzy/opt/gz_cmake_vendor/lib:/opt/ros/jazzy/lib PYTHONPATH=/home/user/celluleflexible_en_cours_ROS2/ros_ws/install/robots/lib/python3.12/site-packages:/home/user/celluleflexible_en_cours_ROS2/ros_ws/install/shuttles/lib/python3.12/site-packages:/home/user/celluleflexible_en_cours_ROS2/ros_ws/install/commande_locale/lib/python3.12/site-packages:/home/user/celluleflexible_en_cours_ROS2/ros_ws/install/aiguillages/lib/python3.12/site-packages:/opt/ros/jazzy/lib/python3.12/site-packages /usr/bin/cmake --install /home/user/celluleflexible_en_cours_ROS2/ros_ws/build/commande
[7.019s] Level 1:colcon.colcon_core.environment:checking '/home/user/celluleflexible_en_cours_ROS2/ros_ws/install/commande' for CMake config files
[7.019s] Level 1:colcon.colcon_core.shell:create_environment_hook('commande', 'cmake_prefix_path')
[7.019s] INFO:colcon.colcon_core.shell:Creating environment hook '/home/user/celluleflexible_en_cours_ROS2/ros_ws/install/commande/share/commande/hook/cmake_prefix_path.ps1'
[7.020s] INFO:colcon.colcon_core.shell:Creating environment descriptor '/home/user/celluleflexible_en_cours_ROS2/ros_ws/install/commande/share/commande/hook/cmake_prefix_path.dsv'
[7.020s] INFO:colcon.colcon_core.shell:Creating environment hook '/home/user/celluleflexible_en_cours_ROS2/ros_ws/install/commande/share/commande/hook/cmake_prefix_path.sh'
[7.021s] Level 1:colcon.colcon_core.environment:checking '/home/user/celluleflexible_en_cours_ROS2/ros_ws/install/commande/lib'
[7.021s] Level 1:colcon.colcon_core.environment:checking '/home/user/celluleflexible_en_cours_ROS2/ros_ws/install/commande/bin'
[7.021s] Level 1:colcon.colcon_core.environment:checking '/home/user/celluleflexible_en_cours_ROS2/ros_ws/install/commande/lib/pkgconfig/commande.pc'
[7.021s] Level 1:colcon.colcon_core.environment:checking '/home/user/celluleflexible_en_cours_ROS2/ros_ws/install/commande/lib/python3.12/site-packages'
[7.021s] Level 1:colcon.colcon_core.environment:checking '/home/user/celluleflexible_en_cours_ROS2/ros_ws/install/commande/bin'
[7.022s] INFO:colcon.colcon_core.shell:Creating package script '/home/user/celluleflexible_en_cours_ROS2/ros_ws/install/commande/share/commande/package.ps1'
[7.022s] INFO:colcon.colcon_core.shell:Creating package descriptor '/home/user/celluleflexible_en_cours_ROS2/ros_ws/install/commande/share/commande/package.dsv'
[7.023s] INFO:colcon.colcon_core.shell:Creating package script '/home/user/celluleflexible_en_cours_ROS2/ros_ws/install/commande/share/commande/package.sh'
[7.023s] INFO:colcon.colcon_core.shell:Creating package script '/home/user/celluleflexible_en_cours_ROS2/ros_ws/install/commande/share/commande/package.bash'
[7.024s] INFO:colcon.colcon_core.shell:Creating package script '/home/user/celluleflexible_en_cours_ROS2/ros_ws/install/commande/share/commande/package.zsh'
[7.025s] Level 1:colcon.colcon_core.environment:create_file_with_runtime_dependencies(/home/user/celluleflexible_en_cours_ROS2/ros_ws/install/commande/share/colcon-core/packages/commande)
[7.026s] Level 1:colcon.colcon_core.environment:create_environment_scripts_only(commande)
[7.027s] Level 1:colcon.colcon_core.environment:checking '/home/user/celluleflexible_en_cours_ROS2/ros_ws/install/commande' for CMake module files
[7.027s] Level 1:colcon.colcon_core.environment:checking '/home/user/celluleflexible_en_cours_ROS2/ros_ws/install/commande' for CMake config files
[7.027s] Level 1:colcon.colcon_core.shell:create_environment_hook('commande', 'cmake_prefix_path')
[7.027s] INFO:colcon.colcon_core.shell:Creating environment hook '/home/user/celluleflexible_en_cours_ROS2/ros_ws/install/commande/share/commande/hook/cmake_prefix_path.ps1'
[7.028s] INFO:colcon.colcon_core.shell:Creating environment descriptor '/home/user/celluleflexible_en_cours_ROS2/ros_ws/install/commande/share/commande/hook/cmake_prefix_path.dsv'
[7.029s] INFO:colcon.colcon_core.shell:Creating environment hook '/home/user/celluleflexible_en_cours_ROS2/ros_ws/install/commande/share/commande/hook/cmake_prefix_path.sh'
[7.029s] Level 1:colcon.colcon_core.environment:checking '/home/user/celluleflexible_en_cours_ROS2/ros_ws/install/commande/lib'
[7.029s] Level 1:colcon.colcon_core.environment:checking '/home/user/celluleflexible_en_cours_ROS2/ros_ws/install/commande/bin'
[7.029s] Level 1:colcon.colcon_core.environment:checking '/home/user/celluleflexible_en_cours_ROS2/ros_ws/install/commande/lib/pkgconfig/commande.pc'
[7.030s] Level 1:colcon.colcon_core.environment:checking '/home/user/celluleflexible_en_cours_ROS2/ros_ws/install/commande/lib/python3.12/site-packages'
[7.030s] Level 1:colcon.colcon_core.environment:checking '/home/user/celluleflexible_en_cours_ROS2/ros_ws/install/commande/bin'
[7.030s] INFO:colcon.colcon_core.shell:Creating package script '/home/user/celluleflexible_en_cours_ROS2/ros_ws/install/commande/share/commande/package.ps1'
[7.031s] INFO:colcon.colcon_core.shell:Creating package descriptor '/home/user/celluleflexible_en_cours_ROS2/ros_ws/install/commande/share/commande/package.dsv'
[7.032s] INFO:colcon.colcon_core.shell:Creating package script '/home/user/celluleflexible_en_cours_ROS2/ros_ws/install/commande/share/commande/package.sh'
[7.033s] INFO:colcon.colcon_core.shell:Creating package script '/home/user/celluleflexible_en_cours_ROS2/ros_ws/install/commande/share/commande/package.bash'
[7.033s] INFO:colcon.colcon_core.shell:Creating package script '/home/user/celluleflexible_en_cours_ROS2/ros_ws/install/commande/share/commande/package.zsh'
[7.034s] Level 1:colcon.colcon_core.environment:create_file_with_runtime_dependencies(/home/user/celluleflexible_en_cours_ROS2/ros_ws/install/commande/share/colcon-core/packages/commande)
[7.034s] DEBUG:colcon.colcon_parallel_executor.executor.parallel:closing loop
[7.035s] DEBUG:colcon.colcon_parallel_executor.executor.parallel:loop closed
[7.035s] DEBUG:colcon.colcon_parallel_executor.executor.parallel:run_until_complete finished with '0'
[7.035s] DEBUG:colcon.colcon_core.event_reactor:joining thread
[7.041s] INFO:colcon.colcon_core.plugin_system:Skipping extension 'colcon_notification.desktop_notification.terminal_notifier': Not used on non-Darwin systems
[7.041s] INFO:colcon.colcon_core.plugin_system:Skipping extension 'colcon_notification.desktop_notification.win32': Not used on non-Windows systems
[7.041s] INFO:colcon.colcon_notification.desktop_notification:Sending desktop notification using 'notify2'
[7.055s] DEBUG:colcon.colcon_core.event_reactor:joined thread
[7.055s] INFO:colcon.colcon_core.shell:Creating prefix script '/home/user/celluleflexible_en_cours_ROS2/ros_ws/install/local_setup.ps1'
[7.056s] INFO:colcon.colcon_core.shell:Creating prefix util module '/home/user/celluleflexible_en_cours_ROS2/ros_ws/install/_local_setup_util_ps1.py'
[7.057s] INFO:colcon.colcon_core.shell:Creating prefix chain script '/home/user/celluleflexible_en_cours_ROS2/ros_ws/install/setup.ps1'
[7.058s] INFO:colcon.colcon_core.shell:Creating prefix script '/home/user/celluleflexible_en_cours_ROS2/ros_ws/install/local_setup.sh'
[7.059s] INFO:colcon.colcon_core.shell:Creating prefix util module '/home/user/celluleflexible_en_cours_ROS2/ros_ws/install/_local_setup_util_sh.py'
[7.060s] INFO:colcon.colcon_core.shell:Creating prefix chain script '/home/user/celluleflexible_en_cours_ROS2/ros_ws/install/setup.sh'
[7.061s] INFO:colcon.colcon_core.shell:Creating prefix script '/home/user/celluleflexible_en_cours_ROS2/ros_ws/install/local_setup.bash'
[7.061s] INFO:colcon.colcon_core.shell:Creating prefix chain script '/home/user/celluleflexible_en_cours_ROS2/ros_ws/install/setup.bash'
[7.062s] INFO:colcon.colcon_core.shell:Creating prefix script '/home/user/celluleflexible_en_cours_ROS2/ros_ws/install/local_setup.zsh'
[7.063s] INFO:colcon.colcon_core.shell:Creating prefix chain script '/home/user/celluleflexible_en_cours_ROS2/ros_ws/install/setup.zsh'
