[0.055s] DEBUG:colcon:Command line arguments: ['/usr/bin/colcon', 'build']
[0.055s] DEBUG:colcon:Parsed command line arguments: Namespace(log_base=None, log_level=None, verb_name='build', build_base='build', install_base='install', merge_install=False, symlink_install=False, test_result_base=None, continue_on_error=False, executor='parallel', parallel_workers=8, event_handlers=None, ignore_user_meta=False, metas=['./colcon.meta'], base_paths=['.'], packages_ignore=None, packages_ignore_regex=None, paths=None, packages_up_to=None, packages_up_to_regex=None, packages_above=None, packages_above_and_dependencies=None, packages_above_depth=None, packages_select_by_dep=None, packages_skip_by_dep=None, packages_skip_up_to=None, packages_select_build_failed=False, packages_skip_build_finished=False, packages_select_test_failures=False, packages_skip_test_passed=False, packages_select=None, packages_skip=None, packages_select_regex=None, packages_skip_regex=None, packages_start=None, packages_end=None, allow_overriding=[], cmake_args=None, cmake_target=None, cmake_target_skip_unavailable=False, cmake_clean_cache=False, cmake_clean_first=False, cmake_force_configure=False, ament_cmake_args=None, catkin_cmake_args=None, catkin_skip_building_tests=False, mixin_files=None, mixin=None, verb_parser=<colcon_mixin.mixin.mixin_argument.MixinArgumentDecorator object at 0x73d36a852360>, verb_extension=<colcon_core.verb.build.BuildVerb object at 0x73d36a9d01a0>, main=<bound method BuildVerb.main of <colcon_core.verb.build.BuildVerb object at 0x73d36a9d01a0>>, mixin_verb=('build',))
[0.075s] Level 1:colcon.colcon_core.package_discovery:discover_packages(colcon_meta) check parameters
[0.075s] Level 1:colcon.colcon_core.package_discovery:discover_packages(recursive) check parameters
[0.075s] Level 1:colcon.colcon_core.package_discovery:discover_packages(ignore) check parameters
[0.075s] Level 1:colcon.colcon_core.package_discovery:discover_packages(path) check parameters
[0.075s] Level 1:colcon.colcon_core.package_discovery:discover_packages(colcon_meta) discover
[0.075s] Level 1:colcon.colcon_core.package_discovery:discover_packages(recursive) discover
[0.075s] INFO:colcon.colcon_core.package_discovery:Crawling recursively for packages in '/home/user/celluleflexible_en_cours_ROS2/celluleflexible/ros_ws'
[0.075s] Level 1:colcon.colcon_core.package_identification:_identify(.) by extensions ['ignore', 'ignore_ament_install']
[0.075s] Level 1:colcon.colcon_core.package_identification:_identify(.) by extension 'ignore'
[0.075s] Level 1:colcon.colcon_core.package_identification:_identify(.) by extension 'ignore_ament_install'
[0.075s] Level 1:colcon.colcon_core.package_identification:_identify(.) by extensions ['colcon_pkg']
[0.075s] Level 1:colcon.colcon_core.package_identification:_identify(.) by extension 'colcon_pkg'
[0.075s] Level 1:colcon.colcon_core.package_identification:_identify(.) by extensions ['colcon_meta']
[0.075s] Level 1:colcon.colcon_core.package_identification:_identify(.) by extension 'colcon_meta'
[0.075s] Level 1:colcon.colcon_core.package_identification:_identify(.) by extensions ['ros']
[0.075s] Level 1:colcon.colcon_core.package_identification:_identify(.) by extension 'ros'
[0.088s] Level 1:colcon.colcon_core.package_identification:_identify(.) by extensions ['cmake', 'python']
[0.089s] Level 1:colcon.colcon_core.package_identification:_identify(.) by extension 'cmake'
[0.089s] Level 1:colcon.colcon_core.package_identification:_identify(.) by extension 'python'
[0.089s] Level 1:colcon.colcon_core.package_identification:_identify(.) by extensions ['python_setup_py']
[0.089s] Level 1:colcon.colcon_core.package_identification:_identify(.) by extension 'python_setup_py'
[0.089s] Level 1:colcon.colcon_core.package_identification:_identify(build) by extensions ['ignore', 'ignore_ament_install']
[0.089s] Level 1:colcon.colcon_core.package_identification:_identify(build) by extension 'ignore'
[0.089s] Level 1:colcon.colcon_core.package_identification:_identify(build) ignored
[0.089s] Level 1:colcon.colcon_core.package_identification:_identify(install) by extensions ['ignore', 'ignore_ament_install']
[0.089s] Level 1:colcon.colcon_core.package_identification:_identify(install) by extension 'ignore'
[0.089s] Level 1:colcon.colcon_core.package_identification:_identify(install) ignored
[0.089s] Level 1:colcon.colcon_core.package_identification:_identify(log) by extensions ['ignore', 'ignore_ament_install']
[0.089s] Level 1:colcon.colcon_core.package_identification:_identify(log) by extension 'ignore'
[0.089s] Level 1:colcon.colcon_core.package_identification:_identify(log) ignored
[0.089s] Level 1:colcon.colcon_core.package_identification:_identify(src) by extensions ['ignore', 'ignore_ament_install']
[0.089s] Level 1:colcon.colcon_core.package_identification:_identify(src) by extension 'ignore'
[0.089s] Level 1:colcon.colcon_core.package_identification:_identify(src) by extension 'ignore_ament_install'
[0.089s] Level 1:colcon.colcon_core.package_identification:_identify(src) by extensions ['colcon_pkg']
[0.089s] Level 1:colcon.colcon_core.package_identification:_identify(src) by extension 'colcon_pkg'
[0.089s] Level 1:colcon.colcon_core.package_identification:_identify(src) by extensions ['colcon_meta']
[0.089s] Level 1:colcon.colcon_core.package_identification:_identify(src) by extension 'colcon_meta'
[0.089s] Level 1:colcon.colcon_core.package_identification:_identify(src) by extensions ['ros']
[0.089s] Level 1:colcon.colcon_core.package_identification:_identify(src) by extension 'ros'
[0.089s] Level 1:colcon.colcon_core.package_identification:_identify(src) by extensions ['cmake', 'python']
[0.089s] Level 1:colcon.colcon_core.package_identification:_identify(src) by extension 'cmake'
[0.089s] Level 1:colcon.colcon_core.package_identification:_identify(src) by extension 'python'
[0.089s] Level 1:colcon.colcon_core.package_identification:_identify(src) by extensions ['python_setup_py']
[0.089s] Level 1:colcon.colcon_core.package_identification:_identify(src) by extension 'python_setup_py'
[0.089s] Level 1:colcon.colcon_core.package_identification:_identify(src/aiguillages) by extensions ['ignore', 'ignore_ament_install']
[0.089s] Level 1:colcon.colcon_core.package_identification:_identify(src/aiguillages) by extension 'ignore'
[0.089s] Level 1:colcon.colcon_core.package_identification:_identify(src/aiguillages) by extension 'ignore_ament_install'
[0.089s] Level 1:colcon.colcon_core.package_identification:_identify(src/aiguillages) by extensions ['colcon_pkg']
[0.089s] Level 1:colcon.colcon_core.package_identification:_identify(src/aiguillages) by extension 'colcon_pkg'
[0.089s] Level 1:colcon.colcon_core.package_identification:_identify(src/aiguillages) by extensions ['colcon_meta']
[0.089s] Level 1:colcon.colcon_core.package_identification:_identify(src/aiguillages) by extension 'colcon_meta'
[0.089s] Level 1:colcon.colcon_core.package_identification:_identify(src/aiguillages) by extensions ['ros']
[0.089s] Level 1:colcon.colcon_core.package_identification:_identify(src/aiguillages) by extension 'ros'
[0.091s] DEBUG:colcon.colcon_core.package_identification:Package 'src/aiguillages' with type 'ros.ament_cmake' and name 'aiguillages'
[0.091s] Level 1:colcon.colcon_core.package_identification:_identify(src/commande) by extensions ['ignore', 'ignore_ament_install']
[0.091s] Level 1:colcon.colcon_core.package_identification:_identify(src/commande) by extension 'ignore'
[0.091s] Level 1:colcon.colcon_core.package_identification:_identify(src/commande) by extension 'ignore_ament_install'
[0.091s] Level 1:colcon.colcon_core.package_identification:_identify(src/commande) by extensions ['colcon_pkg']
[0.091s] Level 1:colcon.colcon_core.package_identification:_identify(src/commande) by extension 'colcon_pkg'
[0.091s] Level 1:colcon.colcon_core.package_identification:_identify(src/commande) by extensions ['colcon_meta']
[0.091s] Level 1:colcon.colcon_core.package_identification:_identify(src/commande) by extension 'colcon_meta'
[0.091s] Level 1:colcon.colcon_core.package_identification:_identify(src/commande) by extensions ['ros']
[0.091s] Level 1:colcon.colcon_core.package_identification:_identify(src/commande) by extension 'ros'
[0.091s] DEBUG:colcon.colcon_core.package_identification:Package 'src/commande' with type 'ros.ament_cmake' and name 'commande'
[0.091s] Level 1:colcon.colcon_core.package_identification:_identify(src/commande_locale) by extensions ['ignore', 'ignore_ament_install']
[0.091s] Level 1:colcon.colcon_core.package_identification:_identify(src/commande_locale) by extension 'ignore'
[0.091s] Level 1:colcon.colcon_core.package_identification:_identify(src/commande_locale) by extension 'ignore_ament_install'
[0.091s] Level 1:colcon.colcon_core.package_identification:_identify(src/commande_locale) by extensions ['colcon_pkg']
[0.091s] Level 1:colcon.colcon_core.package_identification:_identify(src/commande_locale) by extension 'colcon_pkg'
[0.091s] Level 1:colcon.colcon_core.package_identification:_identify(src/commande_locale) by extensions ['colcon_meta']
[0.091s] Level 1:colcon.colcon_core.package_identification:_identify(src/commande_locale) by extension 'colcon_meta'
[0.092s] Level 1:colcon.colcon_core.package_identification:_identify(src/commande_locale) by extensions ['ros']
[0.092s] Level 1:colcon.colcon_core.package_identification:_identify(src/commande_locale) by extension 'ros'
[0.092s] DEBUG:colcon.colcon_core.package_identification:Package 'src/commande_locale' with type 'ros.ament_cmake' and name 'commande_locale'
[0.092s] Level 1:colcon.colcon_core.package_identification:_identify(src/launcher) by extensions ['ignore', 'ignore_ament_install']
[0.092s] Level 1:colcon.colcon_core.package_identification:_identify(src/launcher) by extension 'ignore'
[0.092s] Level 1:colcon.colcon_core.package_identification:_identify(src/launcher) by extension 'ignore_ament_install'
[0.092s] Level 1:colcon.colcon_core.package_identification:_identify(src/launcher) by extensions ['colcon_pkg']
[0.092s] Level 1:colcon.colcon_core.package_identification:_identify(src/launcher) by extension 'colcon_pkg'
[0.092s] Level 1:colcon.colcon_core.package_identification:_identify(src/launcher) by extensions ['colcon_meta']
[0.092s] Level 1:colcon.colcon_core.package_identification:_identify(src/launcher) by extension 'colcon_meta'
[0.092s] Level 1:colcon.colcon_core.package_identification:_identify(src/launcher) by extensions ['ros']
[0.092s] Level 1:colcon.colcon_core.package_identification:_identify(src/launcher) by extension 'ros'
[0.092s] DEBUG:colcon.colcon_core.package_identification:Package 'src/launcher' with type 'ros.ament_cmake' and name 'launcher'
[0.092s] Level 1:colcon.colcon_core.package_identification:_identify(src/robots) by extensions ['ignore', 'ignore_ament_install']
[0.092s] Level 1:colcon.colcon_core.package_identification:_identify(src/robots) by extension 'ignore'
[0.092s] Level 1:colcon.colcon_core.package_identification:_identify(src/robots) by extension 'ignore_ament_install'
[0.092s] Level 1:colcon.colcon_core.package_identification:_identify(src/robots) by extensions ['colcon_pkg']
[0.092s] Level 1:colcon.colcon_core.package_identification:_identify(src/robots) by extension 'colcon_pkg'
[0.092s] Level 1:colcon.colcon_core.package_identification:_identify(src/robots) by extensions ['colcon_meta']
[0.092s] Level 1:colcon.colcon_core.package_identification:_identify(src/robots) by extension 'colcon_meta'
[0.092s] Level 1:colcon.colcon_core.package_identification:_identify(src/robots) by extensions ['ros']
[0.092s] Level 1:colcon.colcon_core.package_identification:_identify(src/robots) by extension 'ros'
[0.093s] DEBUG:colcon.colcon_core.package_identification:Package 'src/robots' with type 'ros.ament_cmake' and name 'robots'
[0.093s] Level 1:colcon.colcon_core.package_identification:_identify(src/shuttles) by extensions ['ignore', 'ignore_ament_install']
[0.093s] Level 1:colcon.colcon_core.package_identification:_identify(src/shuttles) by extension 'ignore'
[0.093s] Level 1:colcon.colcon_core.package_identification:_identify(src/shuttles) by extension 'ignore_ament_install'
[0.093s] Level 1:colcon.colcon_core.package_identification:_identify(src/shuttles) by extensions ['colcon_pkg']
[0.093s] Level 1:colcon.colcon_core.package_identification:_identify(src/shuttles) by extension 'colcon_pkg'
[0.093s] Level 1:colcon.colcon_core.package_identification:_identify(src/shuttles) by extensions ['colcon_meta']
[0.093s] Level 1:colcon.colcon_core.package_identification:_identify(src/shuttles) by extension 'colcon_meta'
[0.093s] Level 1:colcon.colcon_core.package_identification:_identify(src/shuttles) by extensions ['ros']
[0.093s] Level 1:colcon.colcon_core.package_identification:_identify(src/shuttles) by extension 'ros'
[0.093s] DEBUG:colcon.colcon_core.package_identification:Package 'src/shuttles' with type 'ros.ament_cmake' and name 'shuttles'
[0.093s] Level 1:colcon.colcon_core.package_discovery:discover_packages(recursive) using defaults
[0.093s] Level 1:colcon.colcon_core.package_discovery:discover_packages(ignore) discover
[0.093s] Level 1:colcon.colcon_core.package_discovery:discover_packages(ignore) using defaults
[0.093s] Level 1:colcon.colcon_core.package_discovery:discover_packages(path) discover
[0.093s] Level 1:colcon.colcon_core.package_discovery:discover_packages(path) using defaults
[0.103s] Level 1:colcon.colcon_core.package_discovery:discover_packages(prefix_path) check parameters
[0.103s] Level 1:colcon.colcon_core.package_discovery:discover_packages(prefix_path) discover
[0.105s] DEBUG:colcon.colcon_installed_package_information.package_discovery:Found 286 installed packages in /opt/ros/jazzy
[0.105s] Level 1:colcon.colcon_core.package_discovery:discover_packages(prefix_path) using defaults
[0.122s] Level 5:colcon.colcon_core.verb:set package 'aiguillages' build argument 'cmake_args' from command line to 'None'
[0.122s] Level 5:colcon.colcon_core.verb:set package 'aiguillages' build argument 'cmake_target' from command line to 'None'
[0.122s] Level 5:colcon.colcon_core.verb:set package 'aiguillages' build argument 'cmake_target_skip_unavailable' from command line to 'False'
[0.122s] Level 5:colcon.colcon_core.verb:set package 'aiguillages' build argument 'cmake_clean_cache' from command line to 'False'
[0.122s] Level 5:colcon.colcon_core.verb:set package 'aiguillages' build argument 'cmake_clean_first' from command line to 'False'
[0.122s] Level 5:colcon.colcon_core.verb:set package 'aiguillages' build argument 'cmake_force_configure' from command line to 'False'
[0.122s] Level 5:colcon.colcon_core.verb:set package 'aiguillages' build argument 'ament_cmake_args' from command line to 'None'
[0.122s] Level 5:colcon.colcon_core.verb:set package 'aiguillages' build argument 'catkin_cmake_args' from command line to 'None'
[0.122s] Level 5:colcon.colcon_core.verb:set package 'aiguillages' build argument 'catkin_skip_building_tests' from command line to 'False'
[0.122s] DEBUG:colcon.colcon_core.verb:Building package 'aiguillages' with the following arguments: {'ament_cmake_args': None, 'build_base': '/home/user/celluleflexible_en_cours_ROS2/celluleflexible/ros_ws/build/aiguillages', 'catkin_cmake_args': None, 'catkin_skip_building_tests': False, 'cmake_args': None, 'cmake_clean_cache': False, 'cmake_clean_first': False, 'cmake_force_configure': False, 'cmake_target': None, 'cmake_target_skip_unavailable': False, 'install_base': '/home/user/celluleflexible_en_cours_ROS2/celluleflexible/ros_ws/install/aiguillages', 'merge_install': False, 'path': '/home/user/celluleflexible_en_cours_ROS2/celluleflexible/ros_ws/src/aiguillages', 'symlink_install': False, 'test_result_base': None}
[0.123s] Level 5:colcon.colcon_core.verb:set package 'launcher' build argument 'cmake_args' from command line to 'None'
[0.123s] Level 5:colcon.colcon_core.verb:set package 'launcher' build argument 'cmake_target' from command line to 'None'
[0.123s] Level 5:colcon.colcon_core.verb:set package 'launcher' build argument 'cmake_target_skip_unavailable' from command line to 'False'
[0.123s] Level 5:colcon.colcon_core.verb:set package 'launcher' build argument 'cmake_clean_cache' from command line to 'False'
[0.123s] Level 5:colcon.colcon_core.verb:set package 'launcher' build argument 'cmake_clean_first' from command line to 'False'
[0.123s] Level 5:colcon.colcon_core.verb:set package 'launcher' build argument 'cmake_force_configure' from command line to 'False'
[0.123s] Level 5:colcon.colcon_core.verb:set package 'launcher' build argument 'ament_cmake_args' from command line to 'None'
[0.123s] Level 5:colcon.colcon_core.verb:set package 'launcher' build argument 'catkin_cmake_args' from command line to 'None'
[0.123s] Level 5:colcon.colcon_core.verb:set package 'launcher' build argument 'catkin_skip_building_tests' from command line to 'False'
[0.123s] DEBUG:colcon.colcon_core.verb:Building package 'launcher' with the following arguments: {'ament_cmake_args': None, 'build_base': '/home/user/celluleflexible_en_cours_ROS2/celluleflexible/ros_ws/build/launcher', 'catkin_cmake_args': None, 'catkin_skip_building_tests': False, 'cmake_args': None, 'cmake_clean_cache': False, 'cmake_clean_first': False, 'cmake_force_configure': False, 'cmake_target': None, 'cmake_target_skip_unavailable': False, 'install_base': '/home/user/celluleflexible_en_cours_ROS2/celluleflexible/ros_ws/install/launcher', 'merge_install': False, 'path': '/home/user/celluleflexible_en_cours_ROS2/celluleflexible/ros_ws/src/launcher', 'symlink_install': False, 'test_result_base': None}
[0.123s] Level 5:colcon.colcon_core.verb:set package 'commande_locale' build argument 'cmake_args' from command line to 'None'
[0.123s] Level 5:colcon.colcon_core.verb:set package 'commande_locale' build argument 'cmake_target' from command line to 'None'
[0.123s] Level 5:colcon.colcon_core.verb:set package 'commande_locale' build argument 'cmake_target_skip_unavailable' from command line to 'False'
[0.123s] Level 5:colcon.colcon_core.verb:set package 'commande_locale' build argument 'cmake_clean_cache' from command line to 'False'
[0.123s] Level 5:colcon.colcon_core.verb:set package 'commande_locale' build argument 'cmake_clean_first' from command line to 'False'
[0.123s] Level 5:colcon.colcon_core.verb:set package 'commande_locale' build argument 'cmake_force_configure' from command line to 'False'
[0.123s] Level 5:colcon.colcon_core.verb:set package 'commande_locale' build argument 'ament_cmake_args' from command line to 'None'
[0.123s] Level 5:colcon.colcon_core.verb:set package 'commande_locale' build argument 'catkin_cmake_args' from command line to 'None'
[0.123s] Level 5:colcon.colcon_core.verb:set package 'commande_locale' build argument 'catkin_skip_building_tests' from command line to 'False'
[0.123s] DEBUG:colcon.colcon_core.verb:Building package 'commande_locale' with the following arguments: {'ament_cmake_args': None, 'build_base': '/home/user/celluleflexible_en_cours_ROS2/celluleflexible/ros_ws/build/commande_locale', 'catkin_cmake_args': None, 'catkin_skip_building_tests': False, 'cmake_args': None, 'cmake_clean_cache': False, 'cmake_clean_first': False, 'cmake_force_configure': False, 'cmake_target': None, 'cmake_target_skip_unavailable': False, 'install_base': '/home/user/celluleflexible_en_cours_ROS2/celluleflexible/ros_ws/install/commande_locale', 'merge_install': False, 'path': '/home/user/celluleflexible_en_cours_ROS2/celluleflexible/ros_ws/src/commande_locale', 'symlink_install': False, 'test_result_base': None}
[0.123s] Level 5:colcon.colcon_core.verb:set package 'shuttles' build argument 'cmake_args' from command line to 'None'
[0.123s] Level 5:colcon.colcon_core.verb:set package 'shuttles' build argument 'cmake_target' from command line to 'None'
[0.123s] Level 5:colcon.colcon_core.verb:set package 'shuttles' build argument 'cmake_target_skip_unavailable' from command line to 'False'
[0.123s] Level 5:colcon.colcon_core.verb:set package 'shuttles' build argument 'cmake_clean_cache' from command line to 'False'
[0.123s] Level 5:colcon.colcon_core.verb:set package 'shuttles' build argument 'cmake_clean_first' from command line to 'False'
[0.123s] Level 5:colcon.colcon_core.verb:set package 'shuttles' build argument 'cmake_force_configure' from command line to 'False'
[0.123s] Level 5:colcon.colcon_core.verb:set package 'shuttles' build argument 'ament_cmake_args' from command line to 'None'
[0.123s] Level 5:colcon.colcon_core.verb:set package 'shuttles' build argument 'catkin_cmake_args' from command line to 'None'
[0.123s] Level 5:colcon.colcon_core.verb:set package 'shuttles' build argument 'catkin_skip_building_tests' from command line to 'False'
[0.123s] DEBUG:colcon.colcon_core.verb:Building package 'shuttles' with the following arguments: {'ament_cmake_args': None, 'build_base': '/home/user/celluleflexible_en_cours_ROS2/celluleflexible/ros_ws/build/shuttles', 'catkin_cmake_args': None, 'catkin_skip_building_tests': False, 'cmake_args': None, 'cmake_clean_cache': False, 'cmake_clean_first': False, 'cmake_force_configure': False, 'cmake_target': None, 'cmake_target_skip_unavailable': False, 'install_base': '/home/user/celluleflexible_en_cours_ROS2/celluleflexible/ros_ws/install/shuttles', 'merge_install': False, 'path': '/home/user/celluleflexible_en_cours_ROS2/celluleflexible/ros_ws/src/shuttles', 'symlink_install': False, 'test_result_base': None}
[0.123s] Level 5:colcon.colcon_core.verb:set package 'robots' build argument 'cmake_args' from command line to 'None'
[0.123s] Level 5:colcon.colcon_core.verb:set package 'robots' build argument 'cmake_target' from command line to 'None'
[0.123s] Level 5:colcon.colcon_core.verb:set package 'robots' build argument 'cmake_target_skip_unavailable' from command line to 'False'
[0.123s] Level 5:colcon.colcon_core.verb:set package 'robots' build argument 'cmake_clean_cache' from command line to 'False'
[0.123s] Level 5:colcon.colcon_core.verb:set package 'robots' build argument 'cmake_clean_first' from command line to 'False'
[0.123s] Level 5:colcon.colcon_core.verb:set package 'robots' build argument 'cmake_force_configure' from command line to 'False'
[0.123s] Level 5:colcon.colcon_core.verb:set package 'robots' build argument 'ament_cmake_args' from command line to 'None'
[0.123s] Level 5:colcon.colcon_core.verb:set package 'robots' build argument 'catkin_cmake_args' from command line to 'None'
[0.123s] Level 5:colcon.colcon_core.verb:set package 'robots' build argument 'catkin_skip_building_tests' from command line to 'False'
[0.123s] DEBUG:colcon.colcon_core.verb:Building package 'robots' with the following arguments: {'ament_cmake_args': None, 'build_base': '/home/user/celluleflexible_en_cours_ROS2/celluleflexible/ros_ws/build/robots', 'catkin_cmake_args': None, 'catkin_skip_building_tests': False, 'cmake_args': None, 'cmake_clean_cache': False, 'cmake_clean_first': False, 'cmake_force_configure': False, 'cmake_target': None, 'cmake_target_skip_unavailable': False, 'install_base': '/home/user/celluleflexible_en_cours_ROS2/celluleflexible/ros_ws/install/robots', 'merge_install': False, 'path': '/home/user/celluleflexible_en_cours_ROS2/celluleflexible/ros_ws/src/robots', 'symlink_install': False, 'test_result_base': None}
[0.123s] Level 5:colcon.colcon_core.verb:set package 'commande' build argument 'cmake_args' from command line to 'None'
[0.123s] Level 5:colcon.colcon_core.verb:set package 'commande' build argument 'cmake_target' from command line to 'None'
[0.123s] Level 5:colcon.colcon_core.verb:set package 'commande' build argument 'cmake_target_skip_unavailable' from command line to 'False'
[0.123s] Level 5:colcon.colcon_core.verb:set package 'commande' build argument 'cmake_clean_cache' from command line to 'False'
[0.123s] Level 5:colcon.colcon_core.verb:set package 'commande' build argument 'cmake_clean_first' from command line to 'False'
[0.123s] Level 5:colcon.colcon_core.verb:set package 'commande' build argument 'cmake_force_configure' from command line to 'False'
[0.123s] Level 5:colcon.colcon_core.verb:set package 'commande' build argument 'ament_cmake_args' from command line to 'None'
[0.123s] Level 5:colcon.colcon_core.verb:set package 'commande' build argument 'catkin_cmake_args' from command line to 'None'
[0.123s] Level 5:colcon.colcon_core.verb:set package 'commande' build argument 'catkin_skip_building_tests' from command line to 'False'
[0.123s] DEBUG:colcon.colcon_core.verb:Building package 'commande' with the following arguments: {'ament_cmake_args': None, 'build_base': '/home/user/celluleflexible_en_cours_ROS2/celluleflexible/ros_ws/build/commande', 'catkin_cmake_args': None, 'catkin_skip_building_tests': False, 'cmake_args': None, 'cmake_clean_cache': False, 'cmake_clean_first': False, 'cmake_force_configure': False, 'cmake_target': None, 'cmake_target_skip_unavailable': False, 'install_base': '/home/user/celluleflexible_en_cours_ROS2/celluleflexible/ros_ws/install/commande', 'merge_install': False, 'path': '/home/user/celluleflexible_en_cours_ROS2/celluleflexible/ros_ws/src/commande', 'symlink_install': False, 'test_result_base': None}
[0.124s] INFO:colcon.colcon_core.executor:Executing jobs using 'parallel' executor
[0.125s] DEBUG:colcon.colcon_parallel_executor.executor.parallel:run_until_complete
[0.125s] INFO:colcon.colcon_ros.task.ament_cmake.build:Building ROS package in '/home/user/celluleflexible_en_cours_ROS2/celluleflexible/ros_ws/src/aiguillages' with build type 'ament_cmake'
[0.125s] INFO:colcon.colcon_cmake.task.cmake.build:Building CMake package in '/home/user/celluleflexible_en_cours_ROS2/celluleflexible/ros_ws/src/aiguillages'
[0.126s] INFO:colcon.colcon_core.plugin_system:Skipping extension 'colcon_core.shell.bat': Not used on non-Windows systems
[0.126s] INFO:colcon.colcon_core.shell:Skip shell extension 'powershell' for command environment: Not usable outside of PowerShell
[0.126s] DEBUG:colcon.colcon_core.shell:Skip shell extension 'dsv' for command environment
[0.131s] INFO:colcon.colcon_ros.task.ament_cmake.build:Building ROS package in '/home/user/celluleflexible_en_cours_ROS2/celluleflexible/ros_ws/src/launcher' with build type 'ament_cmake'
[0.131s] INFO:colcon.colcon_cmake.task.cmake.build:Building CMake package in '/home/user/celluleflexible_en_cours_ROS2/celluleflexible/ros_ws/src/launcher'
[0.132s] INFO:colcon.colcon_core.shell:Skip shell extension 'powershell' for command environment: Not usable outside of PowerShell
[0.132s] DEBUG:colcon.colcon_core.shell:Skip shell extension 'dsv' for command environment
[0.142s] DEBUG:colcon.colcon_core.event_handler.log_command:Invoking command in '/home/user/celluleflexible_en_cours_ROS2/celluleflexible/ros_ws/build/aiguillages': CMAKE_PREFIX_PATH=${CMAKE_PREFIX_PATH}:/opt/ros/jazzy DEBUGINFOD_URLS=https://debuginfod.ubuntu.com /usr/bin/cmake --build /home/user/celluleflexible_en_cours_ROS2/celluleflexible/ros_ws/build/aiguillages -- -j8 -l8
[0.147s] DEBUG:colcon.colcon_core.event_handler.log_command:Invoking command in '/home/user/celluleflexible_en_cours_ROS2/celluleflexible/ros_ws/build/launcher': CMAKE_PREFIX_PATH=${CMAKE_PREFIX_PATH}:/opt/ros/jazzy DEBUGINFOD_URLS=https://debuginfod.ubuntu.com /usr/bin/cmake --build /home/user/celluleflexible_en_cours_ROS2/celluleflexible/ros_ws/build/launcher -- -j8 -l8
[0.183s] DEBUG:colcon.colcon_core.event_handler.log_command:Invoked command in '/home/user/celluleflexible_en_cours_ROS2/celluleflexible/ros_ws/build/launcher' returned '0': CMAKE_PREFIX_PATH=${CMAKE_PREFIX_PATH}:/opt/ros/jazzy DEBUGINFOD_URLS=https://debuginfod.ubuntu.com /usr/bin/cmake --build /home/user/celluleflexible_en_cours_ROS2/celluleflexible/ros_ws/build/launcher -- -j8 -l8
[0.192s] DEBUG:colcon.colcon_core.event_handler.log_command:Invoking command in '/home/user/celluleflexible_en_cours_ROS2/celluleflexible/ros_ws/build/launcher': CMAKE_PREFIX_PATH=${CMAKE_PREFIX_PATH}:/opt/ros/jazzy DEBUGINFOD_URLS=https://debuginfod.ubuntu.com /usr/bin/cmake --install /home/user/celluleflexible_en_cours_ROS2/celluleflexible/ros_ws/build/launcher
[0.201s] Level 1:colcon.colcon_core.environment:create_environment_scripts_only(launcher)
[0.204s] DEBUG:colcon.colcon_core.event_handler.log_command:Invoked command in '/home/user/celluleflexible_en_cours_ROS2/celluleflexible/ros_ws/build/launcher' returned '0': CMAKE_PREFIX_PATH=${CMAKE_PREFIX_PATH}:/opt/ros/jazzy DEBUGINFOD_URLS=https://debuginfod.ubuntu.com /usr/bin/cmake --install /home/user/celluleflexible_en_cours_ROS2/celluleflexible/ros_ws/build/launcher
[0.206s] Level 1:colcon.colcon_core.environment:checking '/home/user/celluleflexible_en_cours_ROS2/celluleflexible/ros_ws/install/launcher' for CMake module files
[0.206s] Level 1:colcon.colcon_core.environment:checking '/home/user/celluleflexible_en_cours_ROS2/celluleflexible/ros_ws/install/launcher' for CMake config files
[0.206s] Level 1:colcon.colcon_core.shell:create_environment_hook('launcher', 'cmake_prefix_path')
[0.206s] INFO:colcon.colcon_core.shell:Creating environment hook '/home/user/celluleflexible_en_cours_ROS2/celluleflexible/ros_ws/install/launcher/share/launcher/hook/cmake_prefix_path.ps1'
[0.207s] INFO:colcon.colcon_core.shell:Creating environment descriptor '/home/user/celluleflexible_en_cours_ROS2/celluleflexible/ros_ws/install/launcher/share/launcher/hook/cmake_prefix_path.dsv'
[0.207s] INFO:colcon.colcon_core.shell:Creating environment hook '/home/user/celluleflexible_en_cours_ROS2/celluleflexible/ros_ws/install/launcher/share/launcher/hook/cmake_prefix_path.sh'
[0.208s] Level 1:colcon.colcon_core.environment:checking '/home/user/celluleflexible_en_cours_ROS2/celluleflexible/ros_ws/install/launcher/bin'
[0.208s] Level 1:colcon.colcon_core.environment:checking '/home/user/celluleflexible_en_cours_ROS2/celluleflexible/ros_ws/install/launcher/lib/pkgconfig/launcher.pc'
[0.208s] Level 1:colcon.colcon_core.environment:checking '/home/user/celluleflexible_en_cours_ROS2/celluleflexible/ros_ws/install/launcher/lib/python3.12/site-packages'
[0.209s] Level 1:colcon.colcon_core.environment:checking '/home/user/celluleflexible_en_cours_ROS2/celluleflexible/ros_ws/install/launcher/bin'
[0.209s] INFO:colcon.colcon_core.shell:Creating package script '/home/user/celluleflexible_en_cours_ROS2/celluleflexible/ros_ws/install/launcher/share/launcher/package.ps1'
[0.209s] INFO:colcon.colcon_core.shell:Creating package descriptor '/home/user/celluleflexible_en_cours_ROS2/celluleflexible/ros_ws/install/launcher/share/launcher/package.dsv'
[0.210s] INFO:colcon.colcon_core.shell:Creating package script '/home/user/celluleflexible_en_cours_ROS2/celluleflexible/ros_ws/install/launcher/share/launcher/package.sh'
[0.211s] INFO:colcon.colcon_core.shell:Creating package script '/home/user/celluleflexible_en_cours_ROS2/celluleflexible/ros_ws/install/launcher/share/launcher/package.bash'
[0.212s] INFO:colcon.colcon_core.shell:Creating package script '/home/user/celluleflexible_en_cours_ROS2/celluleflexible/ros_ws/install/launcher/share/launcher/package.zsh'
[0.212s] Level 1:colcon.colcon_core.environment:create_file_with_runtime_dependencies(/home/user/celluleflexible_en_cours_ROS2/celluleflexible/ros_ws/install/launcher/share/colcon-core/packages/launcher)
[0.213s] Level 1:colcon.colcon_core.environment:create_environment_scripts_only(launcher)
[0.213s] Level 1:colcon.colcon_core.environment:checking '/home/user/celluleflexible_en_cours_ROS2/celluleflexible/ros_ws/install/launcher' for CMake module files
[0.213s] Level 1:colcon.colcon_core.environment:checking '/home/user/celluleflexible_en_cours_ROS2/celluleflexible/ros_ws/install/launcher' for CMake config files
[0.213s] Level 1:colcon.colcon_core.shell:create_environment_hook('launcher', 'cmake_prefix_path')
[0.213s] INFO:colcon.colcon_core.shell:Creating environment hook '/home/user/celluleflexible_en_cours_ROS2/celluleflexible/ros_ws/install/launcher/share/launcher/hook/cmake_prefix_path.ps1'
[0.213s] INFO:colcon.colcon_core.shell:Creating environment descriptor '/home/user/celluleflexible_en_cours_ROS2/celluleflexible/ros_ws/install/launcher/share/launcher/hook/cmake_prefix_path.dsv'
[0.214s] INFO:colcon.colcon_core.shell:Creating environment hook '/home/user/celluleflexible_en_cours_ROS2/celluleflexible/ros_ws/install/launcher/share/launcher/hook/cmake_prefix_path.sh'
[0.214s] Level 1:colcon.colcon_core.environment:checking '/home/user/celluleflexible_en_cours_ROS2/celluleflexible/ros_ws/install/launcher/bin'
[0.214s] Level 1:colcon.colcon_core.environment:checking '/home/user/celluleflexible_en_cours_ROS2/celluleflexible/ros_ws/install/launcher/lib/pkgconfig/launcher.pc'
[0.214s] Level 1:colcon.colcon_core.environment:checking '/home/user/celluleflexible_en_cours_ROS2/celluleflexible/ros_ws/install/launcher/lib/python3.12/site-packages'
[0.215s] Level 1:colcon.colcon_core.environment:checking '/home/user/celluleflexible_en_cours_ROS2/celluleflexible/ros_ws/install/launcher/bin'
[0.215s] INFO:colcon.colcon_core.shell:Creating package script '/home/user/celluleflexible_en_cours_ROS2/celluleflexible/ros_ws/install/launcher/share/launcher/package.ps1'
[0.218s] INFO:colcon.colcon_core.shell:Creating package descriptor '/home/user/celluleflexible_en_cours_ROS2/celluleflexible/ros_ws/install/launcher/share/launcher/package.dsv'
[0.218s] INFO:colcon.colcon_core.shell:Creating package script '/home/user/celluleflexible_en_cours_ROS2/celluleflexible/ros_ws/install/launcher/share/launcher/package.sh'
[0.219s] INFO:colcon.colcon_core.shell:Creating package script '/home/user/celluleflexible_en_cours_ROS2/celluleflexible/ros_ws/install/launcher/share/launcher/package.bash'
[0.219s] INFO:colcon.colcon_core.shell:Creating package script '/home/user/celluleflexible_en_cours_ROS2/celluleflexible/ros_ws/install/launcher/share/launcher/package.zsh'
[0.220s] Level 1:colcon.colcon_core.environment:create_file_with_runtime_dependencies(/home/user/celluleflexible_en_cours_ROS2/celluleflexible/ros_ws/install/launcher/share/colcon-core/packages/launcher)
[0.439s] DEBUG:colcon.colcon_core.event_handler.log_command:Invoked command in '/home/user/celluleflexible_en_cours_ROS2/celluleflexible/ros_ws/build/aiguillages' returned '0': CMAKE_PREFIX_PATH=${CMAKE_PREFIX_PATH}:/opt/ros/jazzy DEBUGINFOD_URLS=https://debuginfod.ubuntu.com /usr/bin/cmake --build /home/user/celluleflexible_en_cours_ROS2/celluleflexible/ros_ws/build/aiguillages -- -j8 -l8
[0.440s] DEBUG:colcon.colcon_core.event_handler.log_command:Invoking command in '/home/user/celluleflexible_en_cours_ROS2/celluleflexible/ros_ws/build/aiguillages': CMAKE_PREFIX_PATH=${CMAKE_PREFIX_PATH}:/opt/ros/jazzy DEBUGINFOD_URLS=https://debuginfod.ubuntu.com /usr/bin/cmake --install /home/user/celluleflexible_en_cours_ROS2/celluleflexible/ros_ws/build/aiguillages
[0.484s] Level 1:colcon.colcon_core.environment:create_environment_scripts_only(aiguillages)
[0.485s] Level 1:colcon.colcon_core.environment:checking '/home/user/celluleflexible_en_cours_ROS2/celluleflexible/ros_ws/install/aiguillages' for CMake module files
[0.485s] DEBUG:colcon.colcon_core.event_handler.log_command:Invoked command in '/home/user/celluleflexible_en_cours_ROS2/celluleflexible/ros_ws/build/aiguillages' returned '0': CMAKE_PREFIX_PATH=${CMAKE_PREFIX_PATH}:/opt/ros/jazzy DEBUGINFOD_URLS=https://debuginfod.ubuntu.com /usr/bin/cmake --install /home/user/celluleflexible_en_cours_ROS2/celluleflexible/ros_ws/build/aiguillages
[0.485s] Level 1:colcon.colcon_core.environment:checking '/home/user/celluleflexible_en_cours_ROS2/celluleflexible/ros_ws/install/aiguillages' for CMake config files
[0.486s] Level 1:colcon.colcon_core.shell:create_environment_hook('aiguillages', 'cmake_prefix_path')
[0.486s] INFO:colcon.colcon_core.shell:Creating environment hook '/home/user/celluleflexible_en_cours_ROS2/celluleflexible/ros_ws/install/aiguillages/share/aiguillages/hook/cmake_prefix_path.ps1'
[0.486s] INFO:colcon.colcon_core.shell:Creating environment descriptor '/home/user/celluleflexible_en_cours_ROS2/celluleflexible/ros_ws/install/aiguillages/share/aiguillages/hook/cmake_prefix_path.dsv'
[0.486s] INFO:colcon.colcon_core.shell:Creating environment hook '/home/user/celluleflexible_en_cours_ROS2/celluleflexible/ros_ws/install/aiguillages/share/aiguillages/hook/cmake_prefix_path.sh'
[0.487s] Level 1:colcon.colcon_core.environment:checking '/home/user/celluleflexible_en_cours_ROS2/celluleflexible/ros_ws/install/aiguillages/lib'
[0.487s] Level 1:colcon.colcon_core.shell:create_environment_hook('aiguillages', 'ld_library_path_lib')
[0.487s] INFO:colcon.colcon_core.shell:Creating environment hook '/home/user/celluleflexible_en_cours_ROS2/celluleflexible/ros_ws/install/aiguillages/share/aiguillages/hook/ld_library_path_lib.ps1'
[0.488s] INFO:colcon.colcon_core.shell:Creating environment descriptor '/home/user/celluleflexible_en_cours_ROS2/celluleflexible/ros_ws/install/aiguillages/share/aiguillages/hook/ld_library_path_lib.dsv'
[0.488s] INFO:colcon.colcon_core.shell:Creating environment hook '/home/user/celluleflexible_en_cours_ROS2/celluleflexible/ros_ws/install/aiguillages/share/aiguillages/hook/ld_library_path_lib.sh'
[0.488s] Level 1:colcon.colcon_core.environment:checking '/home/user/celluleflexible_en_cours_ROS2/celluleflexible/ros_ws/install/aiguillages/bin'
[0.488s] Level 1:colcon.colcon_core.environment:checking '/home/user/celluleflexible_en_cours_ROS2/celluleflexible/ros_ws/install/aiguillages/lib/pkgconfig/aiguillages.pc'
[0.489s] Level 1:colcon.colcon_core.environment:checking '/home/user/celluleflexible_en_cours_ROS2/celluleflexible/ros_ws/install/aiguillages/lib/python3.12/site-packages'
[0.489s] Level 1:colcon.colcon_core.shell:create_environment_hook('aiguillages', 'pythonpath')
[0.489s] INFO:colcon.colcon_core.shell:Creating environment hook '/home/user/celluleflexible_en_cours_ROS2/celluleflexible/ros_ws/install/aiguillages/share/aiguillages/hook/pythonpath.ps1'
[0.489s] INFO:colcon.colcon_core.shell:Creating environment descriptor '/home/user/celluleflexible_en_cours_ROS2/celluleflexible/ros_ws/install/aiguillages/share/aiguillages/hook/pythonpath.dsv'
[0.489s] INFO:colcon.colcon_core.shell:Creating environment hook '/home/user/celluleflexible_en_cours_ROS2/celluleflexible/ros_ws/install/aiguillages/share/aiguillages/hook/pythonpath.sh'
[0.490s] Level 1:colcon.colcon_core.environment:checking '/home/user/celluleflexible_en_cours_ROS2/celluleflexible/ros_ws/install/aiguillages/bin'
[0.490s] INFO:colcon.colcon_core.shell:Creating package script '/home/user/celluleflexible_en_cours_ROS2/celluleflexible/ros_ws/install/aiguillages/share/aiguillages/package.ps1'
[0.490s] INFO:colcon.colcon_core.shell:Creating package descriptor '/home/user/celluleflexible_en_cours_ROS2/celluleflexible/ros_ws/install/aiguillages/share/aiguillages/package.dsv'
[0.491s] INFO:colcon.colcon_core.shell:Creating package script '/home/user/celluleflexible_en_cours_ROS2/celluleflexible/ros_ws/install/aiguillages/share/aiguillages/package.sh'
[0.491s] INFO:colcon.colcon_core.shell:Creating package script '/home/user/celluleflexible_en_cours_ROS2/celluleflexible/ros_ws/install/aiguillages/share/aiguillages/package.bash'
[0.491s] INFO:colcon.colcon_core.shell:Creating package script '/home/user/celluleflexible_en_cours_ROS2/celluleflexible/ros_ws/install/aiguillages/share/aiguillages/package.zsh'
[0.492s] Level 1:colcon.colcon_core.environment:create_file_with_runtime_dependencies(/home/user/celluleflexible_en_cours_ROS2/celluleflexible/ros_ws/install/aiguillages/share/colcon-core/packages/aiguillages)
[0.492s] Level 1:colcon.colcon_core.environment:create_environment_scripts_only(aiguillages)
[0.492s] Level 1:colcon.colcon_core.environment:checking '/home/user/celluleflexible_en_cours_ROS2/celluleflexible/ros_ws/install/aiguillages' for CMake module files
[0.493s] Level 1:colcon.colcon_core.environment:checking '/home/user/celluleflexible_en_cours_ROS2/celluleflexible/ros_ws/install/aiguillages' for CMake config files
[0.493s] Level 1:colcon.colcon_core.shell:create_environment_hook('aiguillages', 'cmake_prefix_path')
[0.493s] INFO:colcon.colcon_core.shell:Creating environment hook '/home/user/celluleflexible_en_cours_ROS2/celluleflexible/ros_ws/install/aiguillages/share/aiguillages/hook/cmake_prefix_path.ps1'
[0.493s] INFO:colcon.colcon_core.shell:Creating environment descriptor '/home/user/celluleflexible_en_cours_ROS2/celluleflexible/ros_ws/install/aiguillages/share/aiguillages/hook/cmake_prefix_path.dsv'
[0.493s] INFO:colcon.colcon_core.shell:Creating environment hook '/home/user/celluleflexible_en_cours_ROS2/celluleflexible/ros_ws/install/aiguillages/share/aiguillages/hook/cmake_prefix_path.sh'
[0.494s] Level 1:colcon.colcon_core.environment:checking '/home/user/celluleflexible_en_cours_ROS2/celluleflexible/ros_ws/install/aiguillages/lib'
[0.494s] Level 1:colcon.colcon_core.shell:create_environment_hook('aiguillages', 'ld_library_path_lib')
[0.494s] INFO:colcon.colcon_core.shell:Creating environment hook '/home/user/celluleflexible_en_cours_ROS2/celluleflexible/ros_ws/install/aiguillages/share/aiguillages/hook/ld_library_path_lib.ps1'
[0.494s] INFO:colcon.colcon_core.shell:Creating environment descriptor '/home/user/celluleflexible_en_cours_ROS2/celluleflexible/ros_ws/install/aiguillages/share/aiguillages/hook/ld_library_path_lib.dsv'
[0.494s] INFO:colcon.colcon_core.shell:Creating environment hook '/home/user/celluleflexible_en_cours_ROS2/celluleflexible/ros_ws/install/aiguillages/share/aiguillages/hook/ld_library_path_lib.sh'
[0.495s] Level 1:colcon.colcon_core.environment:checking '/home/user/celluleflexible_en_cours_ROS2/celluleflexible/ros_ws/install/aiguillages/bin'
[0.495s] Level 1:colcon.colcon_core.environment:checking '/home/user/celluleflexible_en_cours_ROS2/celluleflexible/ros_ws/install/aiguillages/lib/pkgconfig/aiguillages.pc'
[0.495s] Level 1:colcon.colcon_core.environment:checking '/home/user/celluleflexible_en_cours_ROS2/celluleflexible/ros_ws/install/aiguillages/lib/python3.12/site-packages'
[0.495s] Level 1:colcon.colcon_core.shell:create_environment_hook('aiguillages', 'pythonpath')
[0.495s] INFO:colcon.colcon_core.shell:Creating environment hook '/home/user/celluleflexible_en_cours_ROS2/celluleflexible/ros_ws/install/aiguillages/share/aiguillages/hook/pythonpath.ps1'
[0.495s] INFO:colcon.colcon_core.shell:Creating environment descriptor '/home/user/celluleflexible_en_cours_ROS2/celluleflexible/ros_ws/install/aiguillages/share/aiguillages/hook/pythonpath.dsv'
[0.496s] INFO:colcon.colcon_core.shell:Creating environment hook '/home/user/celluleflexible_en_cours_ROS2/celluleflexible/ros_ws/install/aiguillages/share/aiguillages/hook/pythonpath.sh'
[0.496s] Level 1:colcon.colcon_core.environment:checking '/home/user/celluleflexible_en_cours_ROS2/celluleflexible/ros_ws/install/aiguillages/bin'
[0.496s] INFO:colcon.colcon_core.shell:Creating package script '/home/user/celluleflexible_en_cours_ROS2/celluleflexible/ros_ws/install/aiguillages/share/aiguillages/package.ps1'
[0.497s] INFO:colcon.colcon_core.shell:Creating package descriptor '/home/user/celluleflexible_en_cours_ROS2/celluleflexible/ros_ws/install/aiguillages/share/aiguillages/package.dsv'
[0.497s] INFO:colcon.colcon_core.shell:Creating package script '/home/user/celluleflexible_en_cours_ROS2/celluleflexible/ros_ws/install/aiguillages/share/aiguillages/package.sh'
[0.497s] INFO:colcon.colcon_core.shell:Creating package script '/home/user/celluleflexible_en_cours_ROS2/celluleflexible/ros_ws/install/aiguillages/share/aiguillages/package.bash'
[0.498s] INFO:colcon.colcon_core.shell:Creating package script '/home/user/celluleflexible_en_cours_ROS2/celluleflexible/ros_ws/install/aiguillages/share/aiguillages/package.zsh'
[0.498s] Level 1:colcon.colcon_core.environment:create_file_with_runtime_dependencies(/home/user/celluleflexible_en_cours_ROS2/celluleflexible/ros_ws/install/aiguillages/share/colcon-core/packages/aiguillages)
[0.499s] INFO:colcon.colcon_ros.task.ament_cmake.build:Building ROS package in '/home/user/celluleflexible_en_cours_ROS2/celluleflexible/ros_ws/src/commande_locale' with build type 'ament_cmake'
[0.499s] INFO:colcon.colcon_cmake.task.cmake.build:Building CMake package in '/home/user/celluleflexible_en_cours_ROS2/celluleflexible/ros_ws/src/commande_locale'
[0.499s] INFO:colcon.colcon_core.shell:Skip shell extension 'powershell' for command environment: Not usable outside of PowerShell
[0.499s] DEBUG:colcon.colcon_core.shell:Skip shell extension 'dsv' for command environment
[0.502s] INFO:colcon.colcon_ros.task.ament_cmake.build:Building ROS package in '/home/user/celluleflexible_en_cours_ROS2/celluleflexible/ros_ws/src/shuttles' with build type 'ament_cmake'
[0.502s] INFO:colcon.colcon_cmake.task.cmake.build:Building CMake package in '/home/user/celluleflexible_en_cours_ROS2/celluleflexible/ros_ws/src/shuttles'
[0.502s] INFO:colcon.colcon_core.shell:Skip shell extension 'powershell' for command environment: Not usable outside of PowerShell
[0.502s] DEBUG:colcon.colcon_core.shell:Skip shell extension 'dsv' for command environment
[0.514s] DEBUG:colcon.colcon_core.event_handler.log_command:Invoking command in '/home/user/celluleflexible_en_cours_ROS2/celluleflexible/ros_ws/build/commande_locale': AMENT_PREFIX_PATH=/home/user/celluleflexible_en_cours_ROS2/celluleflexible/ros_ws/install/aiguillages:${AMENT_PREFIX_PATH} CMAKE_PREFIX_PATH=/home/user/celluleflexible_en_cours_ROS2/celluleflexible/ros_ws/install/aiguillages:/opt/ros/jazzy/opt/gz_math_vendor:/opt/ros/jazzy/opt/gz_utils_vendor:/opt/ros/jazzy/opt/gz_cmake_vendor:/opt/ros/jazzy DEBUGINFOD_URLS=https://debuginfod.ubuntu.com LD_LIBRARY_PATH=/home/user/celluleflexible_en_cours_ROS2/celluleflexible/ros_ws/install/aiguillages/lib:${LD_LIBRARY_PATH} PYTHONPATH=/home/user/celluleflexible_en_cours_ROS2/celluleflexible/ros_ws/install/aiguillages/lib/python3.12/site-packages:${PYTHONPATH} /usr/bin/cmake --build /home/user/celluleflexible_en_cours_ROS2/celluleflexible/ros_ws/build/commande_locale -- -j8 -l8
[0.517s] DEBUG:colcon.colcon_core.event_handler.log_command:Invoking command in '/home/user/celluleflexible_en_cours_ROS2/celluleflexible/ros_ws/build/shuttles': AMENT_PREFIX_PATH=/home/user/celluleflexible_en_cours_ROS2/celluleflexible/ros_ws/install/aiguillages:${AMENT_PREFIX_PATH} CMAKE_PREFIX_PATH=/home/user/celluleflexible_en_cours_ROS2/celluleflexible/ros_ws/install/aiguillages:/opt/ros/jazzy/opt/gz_math_vendor:/opt/ros/jazzy/opt/gz_utils_vendor:/opt/ros/jazzy/opt/gz_cmake_vendor:/opt/ros/jazzy DEBUGINFOD_URLS=https://debuginfod.ubuntu.com LD_LIBRARY_PATH=/home/user/celluleflexible_en_cours_ROS2/celluleflexible/ros_ws/install/aiguillages/lib:${LD_LIBRARY_PATH} PYTHONPATH=/home/user/celluleflexible_en_cours_ROS2/celluleflexible/ros_ws/install/aiguillages/lib/python3.12/site-packages:${PYTHONPATH} /usr/bin/cmake --build /home/user/celluleflexible_en_cours_ROS2/celluleflexible/ros_ws/build/shuttles -- -j8 -l8
[0.780s] DEBUG:colcon.colcon_core.event_handler.log_command:Invoked command in '/home/user/celluleflexible_en_cours_ROS2/celluleflexible/ros_ws/build/commande_locale' returned '0': AMENT_PREFIX_PATH=/home/user/celluleflexible_en_cours_ROS2/celluleflexible/ros_ws/install/aiguillages:${AMENT_PREFIX_PATH} CMAKE_PREFIX_PATH=/home/user/celluleflexible_en_cours_ROS2/celluleflexible/ros_ws/install/aiguillages:/opt/ros/jazzy/opt/gz_math_vendor:/opt/ros/jazzy/opt/gz_utils_vendor:/opt/ros/jazzy/opt/gz_cmake_vendor:/opt/ros/jazzy DEBUGINFOD_URLS=https://debuginfod.ubuntu.com LD_LIBRARY_PATH=/home/user/celluleflexible_en_cours_ROS2/celluleflexible/ros_ws/install/aiguillages/lib:${LD_LIBRARY_PATH} PYTHONPATH=/home/user/celluleflexible_en_cours_ROS2/celluleflexible/ros_ws/install/aiguillages/lib/python3.12/site-packages:${PYTHONPATH} /usr/bin/cmake --build /home/user/celluleflexible_en_cours_ROS2/celluleflexible/ros_ws/build/commande_locale -- -j8 -l8
[0.781s] DEBUG:colcon.colcon_core.event_handler.log_command:Invoking command in '/home/user/celluleflexible_en_cours_ROS2/celluleflexible/ros_ws/build/commande_locale': AMENT_PREFIX_PATH=/home/user/celluleflexible_en_cours_ROS2/celluleflexible/ros_ws/install/aiguillages:${AMENT_PREFIX_PATH} CMAKE_PREFIX_PATH=/home/user/celluleflexible_en_cours_ROS2/celluleflexible/ros_ws/install/aiguillages:/opt/ros/jazzy/opt/gz_math_vendor:/opt/ros/jazzy/opt/gz_utils_vendor:/opt/ros/jazzy/opt/gz_cmake_vendor:/opt/ros/jazzy DEBUGINFOD_URLS=https://debuginfod.ubuntu.com LD_LIBRARY_PATH=/home/user/celluleflexible_en_cours_ROS2/celluleflexible/ros_ws/install/aiguillages/lib:${LD_LIBRARY_PATH} PYTHONPATH=/home/user/celluleflexible_en_cours_ROS2/celluleflexible/ros_ws/install/aiguillages/lib/python3.12/site-packages:${PYTHONPATH} /usr/bin/cmake --install /home/user/celluleflexible_en_cours_ROS2/celluleflexible/ros_ws/build/commande_locale
[0.820s] DEBUG:colcon.colcon_core.event_handler.log_command:Invoked command in '/home/user/celluleflexible_en_cours_ROS2/celluleflexible/ros_ws/build/shuttles' returned '0': AMENT_PREFIX_PATH=/home/user/celluleflexible_en_cours_ROS2/celluleflexible/ros_ws/install/aiguillages:${AMENT_PREFIX_PATH} CMAKE_PREFIX_PATH=/home/user/celluleflexible_en_cours_ROS2/celluleflexible/ros_ws/install/aiguillages:/opt/ros/jazzy/opt/gz_math_vendor:/opt/ros/jazzy/opt/gz_utils_vendor:/opt/ros/jazzy/opt/gz_cmake_vendor:/opt/ros/jazzy DEBUGINFOD_URLS=https://debuginfod.ubuntu.com LD_LIBRARY_PATH=/home/user/celluleflexible_en_cours_ROS2/celluleflexible/ros_ws/install/aiguillages/lib:${LD_LIBRARY_PATH} PYTHONPATH=/home/user/celluleflexible_en_cours_ROS2/celluleflexible/ros_ws/install/aiguillages/lib/python3.12/site-packages:${PYTHONPATH} /usr/bin/cmake --build /home/user/celluleflexible_en_cours_ROS2/celluleflexible/ros_ws/build/shuttles -- -j8 -l8
[0.820s] DEBUG:colcon.colcon_core.event_handler.log_command:Invoking command in '/home/user/celluleflexible_en_cours_ROS2/celluleflexible/ros_ws/build/shuttles': AMENT_PREFIX_PATH=/home/user/celluleflexible_en_cours_ROS2/celluleflexible/ros_ws/install/aiguillages:${AMENT_PREFIX_PATH} CMAKE_PREFIX_PATH=/home/user/celluleflexible_en_cours_ROS2/celluleflexible/ros_ws/install/aiguillages:/opt/ros/jazzy/opt/gz_math_vendor:/opt/ros/jazzy/opt/gz_utils_vendor:/opt/ros/jazzy/opt/gz_cmake_vendor:/opt/ros/jazzy DEBUGINFOD_URLS=https://debuginfod.ubuntu.com LD_LIBRARY_PATH=/home/user/celluleflexible_en_cours_ROS2/celluleflexible/ros_ws/install/aiguillages/lib:${LD_LIBRARY_PATH} PYTHONPATH=/home/user/celluleflexible_en_cours_ROS2/celluleflexible/ros_ws/install/aiguillages/lib/python3.12/site-packages:${PYTHONPATH} /usr/bin/cmake --install /home/user/celluleflexible_en_cours_ROS2/celluleflexible/ros_ws/build/shuttles
[0.841s] Level 1:colcon.colcon_core.environment:create_environment_scripts_only(commande_locale)
[0.841s] Level 1:colcon.colcon_core.environment:checking '/home/user/celluleflexible_en_cours_ROS2/celluleflexible/ros_ws/install/commande_locale' for CMake module files
[0.841s] DEBUG:colcon.colcon_core.event_handler.log_command:Invoked command in '/home/user/celluleflexible_en_cours_ROS2/celluleflexible/ros_ws/build/commande_locale' returned '0': AMENT_PREFIX_PATH=/home/user/celluleflexible_en_cours_ROS2/celluleflexible/ros_ws/install/aiguillages:${AMENT_PREFIX_PATH} CMAKE_PREFIX_PATH=/home/user/celluleflexible_en_cours_ROS2/celluleflexible/ros_ws/install/aiguillages:/opt/ros/jazzy/opt/gz_math_vendor:/opt/ros/jazzy/opt/gz_utils_vendor:/opt/ros/jazzy/opt/gz_cmake_vendor:/opt/ros/jazzy DEBUGINFOD_URLS=https://debuginfod.ubuntu.com LD_LIBRARY_PATH=/home/user/celluleflexible_en_cours_ROS2/celluleflexible/ros_ws/install/aiguillages/lib:${LD_LIBRARY_PATH} PYTHONPATH=/home/user/celluleflexible_en_cours_ROS2/celluleflexible/ros_ws/install/aiguillages/lib/python3.12/site-packages:${PYTHONPATH} /usr/bin/cmake --install /home/user/celluleflexible_en_cours_ROS2/celluleflexible/ros_ws/build/commande_locale
[0.842s] Level 1:colcon.colcon_core.environment:checking '/home/user/celluleflexible_en_cours_ROS2/celluleflexible/ros_ws/install/commande_locale' for CMake config files
[0.842s] Level 1:colcon.colcon_core.shell:create_environment_hook('commande_locale', 'cmake_prefix_path')
[0.842s] INFO:colcon.colcon_core.shell:Creating environment hook '/home/user/celluleflexible_en_cours_ROS2/celluleflexible/ros_ws/install/commande_locale/share/commande_locale/hook/cmake_prefix_path.ps1'
[0.842s] INFO:colcon.colcon_core.shell:Creating environment descriptor '/home/user/celluleflexible_en_cours_ROS2/celluleflexible/ros_ws/install/commande_locale/share/commande_locale/hook/cmake_prefix_path.dsv'
[0.842s] INFO:colcon.colcon_core.shell:Creating environment hook '/home/user/celluleflexible_en_cours_ROS2/celluleflexible/ros_ws/install/commande_locale/share/commande_locale/hook/cmake_prefix_path.sh'
[0.843s] Level 1:colcon.colcon_core.environment:checking '/home/user/celluleflexible_en_cours_ROS2/celluleflexible/ros_ws/install/commande_locale/lib'
[0.843s] Level 1:colcon.colcon_core.shell:create_environment_hook('commande_locale', 'ld_library_path_lib')
[0.843s] INFO:colcon.colcon_core.shell:Creating environment hook '/home/user/celluleflexible_en_cours_ROS2/celluleflexible/ros_ws/install/commande_locale/share/commande_locale/hook/ld_library_path_lib.ps1'
[0.843s] INFO:colcon.colcon_core.shell:Creating environment descriptor '/home/user/celluleflexible_en_cours_ROS2/celluleflexible/ros_ws/install/commande_locale/share/commande_locale/hook/ld_library_path_lib.dsv'
[0.844s] INFO:colcon.colcon_core.shell:Creating environment hook '/home/user/celluleflexible_en_cours_ROS2/celluleflexible/ros_ws/install/commande_locale/share/commande_locale/hook/ld_library_path_lib.sh'
[0.844s] Level 1:colcon.colcon_core.environment:checking '/home/user/celluleflexible_en_cours_ROS2/celluleflexible/ros_ws/install/commande_locale/bin'
[0.844s] Level 1:colcon.colcon_core.environment:checking '/home/user/celluleflexible_en_cours_ROS2/celluleflexible/ros_ws/install/commande_locale/lib/pkgconfig/commande_locale.pc'
[0.844s] Level 1:colcon.colcon_core.environment:checking '/home/user/celluleflexible_en_cours_ROS2/celluleflexible/ros_ws/install/commande_locale/lib/python3.12/site-packages'
[0.844s] Level 1:colcon.colcon_core.shell:create_environment_hook('commande_locale', 'pythonpath')
[0.844s] INFO:colcon.colcon_core.shell:Creating environment hook '/home/user/celluleflexible_en_cours_ROS2/celluleflexible/ros_ws/install/commande_locale/share/commande_locale/hook/pythonpath.ps1'
[0.845s] INFO:colcon.colcon_core.shell:Creating environment descriptor '/home/user/celluleflexible_en_cours_ROS2/celluleflexible/ros_ws/install/commande_locale/share/commande_locale/hook/pythonpath.dsv'
[0.846s] INFO:colcon.colcon_core.shell:Creating environment hook '/home/user/celluleflexible_en_cours_ROS2/celluleflexible/ros_ws/install/commande_locale/share/commande_locale/hook/pythonpath.sh'
[0.846s] Level 1:colcon.colcon_core.environment:checking '/home/user/celluleflexible_en_cours_ROS2/celluleflexible/ros_ws/install/commande_locale/bin'
[0.847s] INFO:colcon.colcon_core.shell:Creating package script '/home/user/celluleflexible_en_cours_ROS2/celluleflexible/ros_ws/install/commande_locale/share/commande_locale/package.ps1'
[0.847s] INFO:colcon.colcon_core.shell:Creating package descriptor '/home/user/celluleflexible_en_cours_ROS2/celluleflexible/ros_ws/install/commande_locale/share/commande_locale/package.dsv'
[0.847s] INFO:colcon.colcon_core.shell:Creating package script '/home/user/celluleflexible_en_cours_ROS2/celluleflexible/ros_ws/install/commande_locale/share/commande_locale/package.sh'
[0.848s] INFO:colcon.colcon_core.shell:Creating package script '/home/user/celluleflexible_en_cours_ROS2/celluleflexible/ros_ws/install/commande_locale/share/commande_locale/package.bash'
[0.848s] INFO:colcon.colcon_core.shell:Creating package script '/home/user/celluleflexible_en_cours_ROS2/celluleflexible/ros_ws/install/commande_locale/share/commande_locale/package.zsh'
[0.848s] Level 1:colcon.colcon_core.environment:create_file_with_runtime_dependencies(/home/user/celluleflexible_en_cours_ROS2/celluleflexible/ros_ws/install/commande_locale/share/colcon-core/packages/commande_locale)
[0.849s] Level 1:colcon.colcon_core.environment:create_environment_scripts_only(commande_locale)
[0.849s] Level 1:colcon.colcon_core.environment:checking '/home/user/celluleflexible_en_cours_ROS2/celluleflexible/ros_ws/install/commande_locale' for CMake module files
[0.849s] Level 1:colcon.colcon_core.environment:checking '/home/user/celluleflexible_en_cours_ROS2/celluleflexible/ros_ws/install/commande_locale' for CMake config files
[0.850s] Level 1:colcon.colcon_core.shell:create_environment_hook('commande_locale', 'cmake_prefix_path')
[0.850s] INFO:colcon.colcon_core.shell:Creating environment hook '/home/user/celluleflexible_en_cours_ROS2/celluleflexible/ros_ws/install/commande_locale/share/commande_locale/hook/cmake_prefix_path.ps1'
[0.850s] INFO:colcon.colcon_core.shell:Creating environment descriptor '/home/user/celluleflexible_en_cours_ROS2/celluleflexible/ros_ws/install/commande_locale/share/commande_locale/hook/cmake_prefix_path.dsv'
[0.856s] INFO:colcon.colcon_core.shell:Creating environment hook '/home/user/celluleflexible_en_cours_ROS2/celluleflexible/ros_ws/install/commande_locale/share/commande_locale/hook/cmake_prefix_path.sh'
[0.859s] Level 1:colcon.colcon_core.environment:checking '/home/user/celluleflexible_en_cours_ROS2/celluleflexible/ros_ws/install/commande_locale/lib'
[0.859s] Level 1:colcon.colcon_core.shell:create_environment_hook('commande_locale', 'ld_library_path_lib')
[0.859s] INFO:colcon.colcon_core.shell:Creating environment hook '/home/user/celluleflexible_en_cours_ROS2/celluleflexible/ros_ws/install/commande_locale/share/commande_locale/hook/ld_library_path_lib.ps1'
[0.861s] INFO:colcon.colcon_core.shell:Creating environment descriptor '/home/user/celluleflexible_en_cours_ROS2/celluleflexible/ros_ws/install/commande_locale/share/commande_locale/hook/ld_library_path_lib.dsv'
[0.861s] INFO:colcon.colcon_core.shell:Creating environment hook '/home/user/celluleflexible_en_cours_ROS2/celluleflexible/ros_ws/install/commande_locale/share/commande_locale/hook/ld_library_path_lib.sh'
[0.861s] Level 1:colcon.colcon_core.environment:checking '/home/user/celluleflexible_en_cours_ROS2/celluleflexible/ros_ws/install/commande_locale/bin'
[0.861s] Level 1:colcon.colcon_core.environment:checking '/home/user/celluleflexible_en_cours_ROS2/celluleflexible/ros_ws/install/commande_locale/lib/pkgconfig/commande_locale.pc'
[0.862s] Level 1:colcon.colcon_core.environment:checking '/home/user/celluleflexible_en_cours_ROS2/celluleflexible/ros_ws/install/commande_locale/lib/python3.12/site-packages'
[0.862s] Level 1:colcon.colcon_core.shell:create_environment_hook('commande_locale', 'pythonpath')
[0.862s] INFO:colcon.colcon_core.shell:Creating environment hook '/home/user/celluleflexible_en_cours_ROS2/celluleflexible/ros_ws/install/commande_locale/share/commande_locale/hook/pythonpath.ps1'
[0.862s] INFO:colcon.colcon_core.shell:Creating environment descriptor '/home/user/celluleflexible_en_cours_ROS2/celluleflexible/ros_ws/install/commande_locale/share/commande_locale/hook/pythonpath.dsv'
[0.862s] INFO:colcon.colcon_core.shell:Creating environment hook '/home/user/celluleflexible_en_cours_ROS2/celluleflexible/ros_ws/install/commande_locale/share/commande_locale/hook/pythonpath.sh'
[0.863s] Level 1:colcon.colcon_core.environment:checking '/home/user/celluleflexible_en_cours_ROS2/celluleflexible/ros_ws/install/commande_locale/bin'
[0.863s] INFO:colcon.colcon_core.shell:Creating package script '/home/user/celluleflexible_en_cours_ROS2/celluleflexible/ros_ws/install/commande_locale/share/commande_locale/package.ps1'
[0.863s] INFO:colcon.colcon_core.shell:Creating package descriptor '/home/user/celluleflexible_en_cours_ROS2/celluleflexible/ros_ws/install/commande_locale/share/commande_locale/package.dsv'
[0.864s] INFO:colcon.colcon_core.shell:Creating package script '/home/user/celluleflexible_en_cours_ROS2/celluleflexible/ros_ws/install/commande_locale/share/commande_locale/package.sh'
[0.864s] INFO:colcon.colcon_core.shell:Creating package script '/home/user/celluleflexible_en_cours_ROS2/celluleflexible/ros_ws/install/commande_locale/share/commande_locale/package.bash'
[0.865s] INFO:colcon.colcon_core.shell:Creating package script '/home/user/celluleflexible_en_cours_ROS2/celluleflexible/ros_ws/install/commande_locale/share/commande_locale/package.zsh'
[0.865s] Level 1:colcon.colcon_core.environment:create_file_with_runtime_dependencies(/home/user/celluleflexible_en_cours_ROS2/celluleflexible/ros_ws/install/commande_locale/share/colcon-core/packages/commande_locale)
[0.866s] Level 1:colcon.colcon_core.environment:create_environment_scripts_only(shuttles)
[0.867s] Level 1:colcon.colcon_core.environment:checking '/home/user/celluleflexible_en_cours_ROS2/celluleflexible/ros_ws/install/shuttles' for CMake module files
[0.867s] DEBUG:colcon.colcon_core.event_handler.log_command:Invoked command in '/home/user/celluleflexible_en_cours_ROS2/celluleflexible/ros_ws/build/shuttles' returned '0': AMENT_PREFIX_PATH=/home/user/celluleflexible_en_cours_ROS2/celluleflexible/ros_ws/install/aiguillages:${AMENT_PREFIX_PATH} CMAKE_PREFIX_PATH=/home/user/celluleflexible_en_cours_ROS2/celluleflexible/ros_ws/install/aiguillages:/opt/ros/jazzy/opt/gz_math_vendor:/opt/ros/jazzy/opt/gz_utils_vendor:/opt/ros/jazzy/opt/gz_cmake_vendor:/opt/ros/jazzy DEBUGINFOD_URLS=https://debuginfod.ubuntu.com LD_LIBRARY_PATH=/home/user/celluleflexible_en_cours_ROS2/celluleflexible/ros_ws/install/aiguillages/lib:${LD_LIBRARY_PATH} PYTHONPATH=/home/user/celluleflexible_en_cours_ROS2/celluleflexible/ros_ws/install/aiguillages/lib/python3.12/site-packages:${PYTHONPATH} /usr/bin/cmake --install /home/user/celluleflexible_en_cours_ROS2/celluleflexible/ros_ws/build/shuttles
[0.868s] Level 1:colcon.colcon_core.environment:checking '/home/user/celluleflexible_en_cours_ROS2/celluleflexible/ros_ws/install/shuttles' for CMake config files
[0.868s] Level 1:colcon.colcon_core.shell:create_environment_hook('shuttles', 'cmake_prefix_path')
[0.868s] INFO:colcon.colcon_core.shell:Creating environment hook '/home/user/celluleflexible_en_cours_ROS2/celluleflexible/ros_ws/install/shuttles/share/shuttles/hook/cmake_prefix_path.ps1'
[0.868s] INFO:colcon.colcon_core.shell:Creating environment descriptor '/home/user/celluleflexible_en_cours_ROS2/celluleflexible/ros_ws/install/shuttles/share/shuttles/hook/cmake_prefix_path.dsv'
[0.868s] INFO:colcon.colcon_core.shell:Creating environment hook '/home/user/celluleflexible_en_cours_ROS2/celluleflexible/ros_ws/install/shuttles/share/shuttles/hook/cmake_prefix_path.sh'
[0.869s] Level 1:colcon.colcon_core.environment:checking '/home/user/celluleflexible_en_cours_ROS2/celluleflexible/ros_ws/install/shuttles/lib'
[0.869s] Level 1:colcon.colcon_core.shell:create_environment_hook('shuttles', 'ld_library_path_lib')
[0.869s] INFO:colcon.colcon_core.shell:Creating environment hook '/home/user/celluleflexible_en_cours_ROS2/celluleflexible/ros_ws/install/shuttles/share/shuttles/hook/ld_library_path_lib.ps1'
[0.870s] INFO:colcon.colcon_core.shell:Creating environment descriptor '/home/user/celluleflexible_en_cours_ROS2/celluleflexible/ros_ws/install/shuttles/share/shuttles/hook/ld_library_path_lib.dsv'
[0.870s] INFO:colcon.colcon_core.shell:Creating environment hook '/home/user/celluleflexible_en_cours_ROS2/celluleflexible/ros_ws/install/shuttles/share/shuttles/hook/ld_library_path_lib.sh'
[0.871s] Level 1:colcon.colcon_core.environment:checking '/home/user/celluleflexible_en_cours_ROS2/celluleflexible/ros_ws/install/shuttles/bin'
[0.871s] Level 1:colcon.colcon_core.environment:checking '/home/user/celluleflexible_en_cours_ROS2/celluleflexible/ros_ws/install/shuttles/lib/pkgconfig/shuttles.pc'
[0.871s] Level 1:colcon.colcon_core.environment:checking '/home/user/celluleflexible_en_cours_ROS2/celluleflexible/ros_ws/install/shuttles/lib/python3.12/site-packages'
[0.871s] Level 1:colcon.colcon_core.shell:create_environment_hook('shuttles', 'pythonpath')
[0.871s] INFO:colcon.colcon_core.shell:Creating environment hook '/home/user/celluleflexible_en_cours_ROS2/celluleflexible/ros_ws/install/shuttles/share/shuttles/hook/pythonpath.ps1'
[0.871s] INFO:colcon.colcon_core.shell:Creating environment descriptor '/home/user/celluleflexible_en_cours_ROS2/celluleflexible/ros_ws/install/shuttles/share/shuttles/hook/pythonpath.dsv'
[0.872s] INFO:colcon.colcon_core.shell:Creating environment hook '/home/user/celluleflexible_en_cours_ROS2/celluleflexible/ros_ws/install/shuttles/share/shuttles/hook/pythonpath.sh'
[0.872s] Level 1:colcon.colcon_core.environment:checking '/home/user/celluleflexible_en_cours_ROS2/celluleflexible/ros_ws/install/shuttles/bin'
[0.873s] INFO:colcon.colcon_core.shell:Creating package script '/home/user/celluleflexible_en_cours_ROS2/celluleflexible/ros_ws/install/shuttles/share/shuttles/package.ps1'
[0.873s] INFO:colcon.colcon_core.shell:Creating package descriptor '/home/user/celluleflexible_en_cours_ROS2/celluleflexible/ros_ws/install/shuttles/share/shuttles/package.dsv'
[0.873s] INFO:colcon.colcon_core.shell:Creating package script '/home/user/celluleflexible_en_cours_ROS2/celluleflexible/ros_ws/install/shuttles/share/shuttles/package.sh'
[0.874s] INFO:colcon.colcon_core.shell:Creating package script '/home/user/celluleflexible_en_cours_ROS2/celluleflexible/ros_ws/install/shuttles/share/shuttles/package.bash'
[0.874s] INFO:colcon.colcon_core.shell:Creating package script '/home/user/celluleflexible_en_cours_ROS2/celluleflexible/ros_ws/install/shuttles/share/shuttles/package.zsh'
[0.875s] Level 1:colcon.colcon_core.environment:create_file_with_runtime_dependencies(/home/user/celluleflexible_en_cours_ROS2/celluleflexible/ros_ws/install/shuttles/share/colcon-core/packages/shuttles)
[0.875s] Level 1:colcon.colcon_core.environment:create_environment_scripts_only(shuttles)
[0.875s] Level 1:colcon.colcon_core.environment:checking '/home/user/celluleflexible_en_cours_ROS2/celluleflexible/ros_ws/install/shuttles' for CMake module files
[0.876s] Level 1:colcon.colcon_core.environment:checking '/home/user/celluleflexible_en_cours_ROS2/celluleflexible/ros_ws/install/shuttles' for CMake config files
[0.876s] Level 1:colcon.colcon_core.shell:create_environment_hook('shuttles', 'cmake_prefix_path')
[0.876s] INFO:colcon.colcon_core.shell:Creating environment hook '/home/user/celluleflexible_en_cours_ROS2/celluleflexible/ros_ws/install/shuttles/share/shuttles/hook/cmake_prefix_path.ps1'
[0.876s] INFO:colcon.colcon_core.shell:Creating environment descriptor '/home/user/celluleflexible_en_cours_ROS2/celluleflexible/ros_ws/install/shuttles/share/shuttles/hook/cmake_prefix_path.dsv'
[0.877s] INFO:colcon.colcon_core.shell:Creating environment hook '/home/user/celluleflexible_en_cours_ROS2/celluleflexible/ros_ws/install/shuttles/share/shuttles/hook/cmake_prefix_path.sh'
[0.877s] Level 1:colcon.colcon_core.environment:checking '/home/user/celluleflexible_en_cours_ROS2/celluleflexible/ros_ws/install/shuttles/lib'
[0.877s] Level 1:colcon.colcon_core.shell:create_environment_hook('shuttles', 'ld_library_path_lib')
[0.877s] INFO:colcon.colcon_core.shell:Creating environment hook '/home/user/celluleflexible_en_cours_ROS2/celluleflexible/ros_ws/install/shuttles/share/shuttles/hook/ld_library_path_lib.ps1'
[0.878s] INFO:colcon.colcon_core.shell:Creating environment descriptor '/home/user/celluleflexible_en_cours_ROS2/celluleflexible/ros_ws/install/shuttles/share/shuttles/hook/ld_library_path_lib.dsv'
[0.878s] INFO:colcon.colcon_core.shell:Creating environment hook '/home/user/celluleflexible_en_cours_ROS2/celluleflexible/ros_ws/install/shuttles/share/shuttles/hook/ld_library_path_lib.sh'
[0.878s] Level 1:colcon.colcon_core.environment:checking '/home/user/celluleflexible_en_cours_ROS2/celluleflexible/ros_ws/install/shuttles/bin'
[0.878s] Level 1:colcon.colcon_core.environment:checking '/home/user/celluleflexible_en_cours_ROS2/celluleflexible/ros_ws/install/shuttles/lib/pkgconfig/shuttles.pc'
[0.879s] Level 1:colcon.colcon_core.environment:checking '/home/user/celluleflexible_en_cours_ROS2/celluleflexible/ros_ws/install/shuttles/lib/python3.12/site-packages'
[0.879s] Level 1:colcon.colcon_core.shell:create_environment_hook('shuttles', 'pythonpath')
[0.879s] INFO:colcon.colcon_core.shell:Creating environment hook '/home/user/celluleflexible_en_cours_ROS2/celluleflexible/ros_ws/install/shuttles/share/shuttles/hook/pythonpath.ps1'
[0.879s] INFO:colcon.colcon_core.shell:Creating environment descriptor '/home/user/celluleflexible_en_cours_ROS2/celluleflexible/ros_ws/install/shuttles/share/shuttles/hook/pythonpath.dsv'
[0.879s] INFO:colcon.colcon_core.shell:Creating environment hook '/home/user/celluleflexible_en_cours_ROS2/celluleflexible/ros_ws/install/shuttles/share/shuttles/hook/pythonpath.sh'
[0.880s] Level 1:colcon.colcon_core.environment:checking '/home/user/celluleflexible_en_cours_ROS2/celluleflexible/ros_ws/install/shuttles/bin'
[0.880s] INFO:colcon.colcon_core.shell:Creating package script '/home/user/celluleflexible_en_cours_ROS2/celluleflexible/ros_ws/install/shuttles/share/shuttles/package.ps1'
[0.880s] INFO:colcon.colcon_core.shell:Creating package descriptor '/home/user/celluleflexible_en_cours_ROS2/celluleflexible/ros_ws/install/shuttles/share/shuttles/package.dsv'
[0.881s] INFO:colcon.colcon_core.shell:Creating package script '/home/user/celluleflexible_en_cours_ROS2/celluleflexible/ros_ws/install/shuttles/share/shuttles/package.sh'
[0.881s] INFO:colcon.colcon_core.shell:Creating package script '/home/user/celluleflexible_en_cours_ROS2/celluleflexible/ros_ws/install/shuttles/share/shuttles/package.bash'
[0.881s] INFO:colcon.colcon_core.shell:Creating package script '/home/user/celluleflexible_en_cours_ROS2/celluleflexible/ros_ws/install/shuttles/share/shuttles/package.zsh'
[0.882s] Level 1:colcon.colcon_core.environment:create_file_with_runtime_dependencies(/home/user/celluleflexible_en_cours_ROS2/celluleflexible/ros_ws/install/shuttles/share/colcon-core/packages/shuttles)
[0.882s] INFO:colcon.colcon_ros.task.ament_cmake.build:Building ROS package in '/home/user/celluleflexible_en_cours_ROS2/celluleflexible/ros_ws/src/robots' with build type 'ament_cmake'
[0.882s] INFO:colcon.colcon_cmake.task.cmake.build:Building CMake package in '/home/user/celluleflexible_en_cours_ROS2/celluleflexible/ros_ws/src/robots'
[0.882s] INFO:colcon.colcon_core.shell:Skip shell extension 'powershell' for command environment: Not usable outside of PowerShell
[0.882s] DEBUG:colcon.colcon_core.shell:Skip shell extension 'dsv' for command environment
[0.903s] DEBUG:colcon.colcon_core.event_handler.log_command:Invoking command in '/home/user/celluleflexible_en_cours_ROS2/celluleflexible/ros_ws/build/robots': AMENT_PREFIX_PATH=/home/user/celluleflexible_en_cours_ROS2/celluleflexible/ros_ws/install/shuttles:/home/user/celluleflexible_en_cours_ROS2/celluleflexible/ros_ws/install/commande_locale:/home/user/celluleflexible_en_cours_ROS2/celluleflexible/ros_ws/install/aiguillages:${AMENT_PREFIX_PATH} CMAKE_PREFIX_PATH=/home/user/celluleflexible_en_cours_ROS2/celluleflexible/ros_ws/install/shuttles:/home/user/celluleflexible_en_cours_ROS2/celluleflexible/ros_ws/install/commande_locale:/home/user/celluleflexible_en_cours_ROS2/celluleflexible/ros_ws/install/aiguillages:/opt/ros/jazzy/opt/gz_math_vendor:/opt/ros/jazzy/opt/gz_utils_vendor:/opt/ros/jazzy/opt/gz_cmake_vendor:/opt/ros/jazzy DEBUGINFOD_URLS=https://debuginfod.ubuntu.com LD_LIBRARY_PATH=/home/user/celluleflexible_en_cours_ROS2/celluleflexible/ros_ws/install/shuttles/lib:/home/user/celluleflexible_en_cours_ROS2/celluleflexible/ros_ws/install/commande_locale/lib:/home/user/celluleflexible_en_cours_ROS2/celluleflexible/ros_ws/install/aiguillages/lib:${LD_LIBRARY_PATH} PYTHONPATH=/home/user/celluleflexible_en_cours_ROS2/celluleflexible/ros_ws/install/shuttles/lib/python3.12/site-packages:/home/user/celluleflexible_en_cours_ROS2/celluleflexible/ros_ws/install/commande_locale/lib/python3.12/site-packages:/home/user/celluleflexible_en_cours_ROS2/celluleflexible/ros_ws/install/aiguillages/lib/python3.12/site-packages:${PYTHONPATH} /usr/bin/cmake --build /home/user/celluleflexible_en_cours_ROS2/celluleflexible/ros_ws/build/robots -- -j8 -l8
[1.179s] DEBUG:colcon.colcon_core.event_handler.log_command:Invoked command in '/home/user/celluleflexible_en_cours_ROS2/celluleflexible/ros_ws/build/robots' returned '0': AMENT_PREFIX_PATH=/home/user/celluleflexible_en_cours_ROS2/celluleflexible/ros_ws/install/shuttles:/home/user/celluleflexible_en_cours_ROS2/celluleflexible/ros_ws/install/commande_locale:/home/user/celluleflexible_en_cours_ROS2/celluleflexible/ros_ws/install/aiguillages:${AMENT_PREFIX_PATH} CMAKE_PREFIX_PATH=/home/user/celluleflexible_en_cours_ROS2/celluleflexible/ros_ws/install/shuttles:/home/user/celluleflexible_en_cours_ROS2/celluleflexible/ros_ws/install/commande_locale:/home/user/celluleflexible_en_cours_ROS2/celluleflexible/ros_ws/install/aiguillages:/opt/ros/jazzy/opt/gz_math_vendor:/opt/ros/jazzy/opt/gz_utils_vendor:/opt/ros/jazzy/opt/gz_cmake_vendor:/opt/ros/jazzy DEBUGINFOD_URLS=https://debuginfod.ubuntu.com LD_LIBRARY_PATH=/home/user/celluleflexible_en_cours_ROS2/celluleflexible/ros_ws/install/shuttles/lib:/home/user/celluleflexible_en_cours_ROS2/celluleflexible/ros_ws/install/commande_locale/lib:/home/user/celluleflexible_en_cours_ROS2/celluleflexible/ros_ws/install/aiguillages/lib:${LD_LIBRARY_PATH} PYTHONPATH=/home/user/celluleflexible_en_cours_ROS2/celluleflexible/ros_ws/install/shuttles/lib/python3.12/site-packages:/home/user/celluleflexible_en_cours_ROS2/celluleflexible/ros_ws/install/commande_locale/lib/python3.12/site-packages:/home/user/celluleflexible_en_cours_ROS2/celluleflexible/ros_ws/install/aiguillages/lib/python3.12/site-packages:${PYTHONPATH} /usr/bin/cmake --build /home/user/celluleflexible_en_cours_ROS2/celluleflexible/ros_ws/build/robots -- -j8 -l8
[1.180s] DEBUG:colcon.colcon_core.event_handler.log_command:Invoking command in '/home/user/celluleflexible_en_cours_ROS2/celluleflexible/ros_ws/build/robots': AMENT_PREFIX_PATH=/home/user/celluleflexible_en_cours_ROS2/celluleflexible/ros_ws/install/shuttles:/home/user/celluleflexible_en_cours_ROS2/celluleflexible/ros_ws/install/commande_locale:/home/user/celluleflexible_en_cours_ROS2/celluleflexible/ros_ws/install/aiguillages:${AMENT_PREFIX_PATH} CMAKE_PREFIX_PATH=/home/user/celluleflexible_en_cours_ROS2/celluleflexible/ros_ws/install/shuttles:/home/user/celluleflexible_en_cours_ROS2/celluleflexible/ros_ws/install/commande_locale:/home/user/celluleflexible_en_cours_ROS2/celluleflexible/ros_ws/install/aiguillages:/opt/ros/jazzy/opt/gz_math_vendor:/opt/ros/jazzy/opt/gz_utils_vendor:/opt/ros/jazzy/opt/gz_cmake_vendor:/opt/ros/jazzy DEBUGINFOD_URLS=https://debuginfod.ubuntu.com LD_LIBRARY_PATH=/home/user/celluleflexible_en_cours_ROS2/celluleflexible/ros_ws/install/shuttles/lib:/home/user/celluleflexible_en_cours_ROS2/celluleflexible/ros_ws/install/commande_locale/lib:/home/user/celluleflexible_en_cours_ROS2/celluleflexible/ros_ws/install/aiguillages/lib:${LD_LIBRARY_PATH} PYTHONPATH=/home/user/celluleflexible_en_cours_ROS2/celluleflexible/ros_ws/install/shuttles/lib/python3.12/site-packages:/home/user/celluleflexible_en_cours_ROS2/celluleflexible/ros_ws/install/commande_locale/lib/python3.12/site-packages:/home/user/celluleflexible_en_cours_ROS2/celluleflexible/ros_ws/install/aiguillages/lib/python3.12/site-packages:${PYTHONPATH} /usr/bin/cmake --install /home/user/celluleflexible_en_cours_ROS2/celluleflexible/ros_ws/build/robots
[1.220s] Level 1:colcon.colcon_core.environment:create_environment_scripts_only(robots)
[1.220s] Level 1:colcon.colcon_core.environment:checking '/home/user/celluleflexible_en_cours_ROS2/celluleflexible/ros_ws/install/robots' for CMake module files
[1.220s] DEBUG:colcon.colcon_core.event_handler.log_command:Invoked command in '/home/user/celluleflexible_en_cours_ROS2/celluleflexible/ros_ws/build/robots' returned '0': AMENT_PREFIX_PATH=/home/user/celluleflexible_en_cours_ROS2/celluleflexible/ros_ws/install/shuttles:/home/user/celluleflexible_en_cours_ROS2/celluleflexible/ros_ws/install/commande_locale:/home/user/celluleflexible_en_cours_ROS2/celluleflexible/ros_ws/install/aiguillages:${AMENT_PREFIX_PATH} CMAKE_PREFIX_PATH=/home/user/celluleflexible_en_cours_ROS2/celluleflexible/ros_ws/install/shuttles:/home/user/celluleflexible_en_cours_ROS2/celluleflexible/ros_ws/install/commande_locale:/home/user/celluleflexible_en_cours_ROS2/celluleflexible/ros_ws/install/aiguillages:/opt/ros/jazzy/opt/gz_math_vendor:/opt/ros/jazzy/opt/gz_utils_vendor:/opt/ros/jazzy/opt/gz_cmake_vendor:/opt/ros/jazzy DEBUGINFOD_URLS=https://debuginfod.ubuntu.com LD_LIBRARY_PATH=/home/user/celluleflexible_en_cours_ROS2/celluleflexible/ros_ws/install/shuttles/lib:/home/user/celluleflexible_en_cours_ROS2/celluleflexible/ros_ws/install/commande_locale/lib:/home/user/celluleflexible_en_cours_ROS2/celluleflexible/ros_ws/install/aiguillages/lib:${LD_LIBRARY_PATH} PYTHONPATH=/home/user/celluleflexible_en_cours_ROS2/celluleflexible/ros_ws/install/shuttles/lib/python3.12/site-packages:/home/user/celluleflexible_en_cours_ROS2/celluleflexible/ros_ws/install/commande_locale/lib/python3.12/site-packages:/home/user/celluleflexible_en_cours_ROS2/celluleflexible/ros_ws/install/aiguillages/lib/python3.12/site-packages:${PYTHONPATH} /usr/bin/cmake --install /home/user/celluleflexible_en_cours_ROS2/celluleflexible/ros_ws/build/robots
[1.221s] Level 1:colcon.colcon_core.environment:checking '/home/user/celluleflexible_en_cours_ROS2/celluleflexible/ros_ws/install/robots' for CMake config files
[1.221s] Level 1:colcon.colcon_core.shell:create_environment_hook('robots', 'cmake_prefix_path')
[1.221s] INFO:colcon.colcon_core.shell:Creating environment hook '/home/user/celluleflexible_en_cours_ROS2/celluleflexible/ros_ws/install/robots/share/robots/hook/cmake_prefix_path.ps1'
[1.221s] INFO:colcon.colcon_core.shell:Creating environment descriptor '/home/user/celluleflexible_en_cours_ROS2/celluleflexible/ros_ws/install/robots/share/robots/hook/cmake_prefix_path.dsv'
[1.222s] INFO:colcon.colcon_core.shell:Creating environment hook '/home/user/celluleflexible_en_cours_ROS2/celluleflexible/ros_ws/install/robots/share/robots/hook/cmake_prefix_path.sh'
[1.223s] Level 1:colcon.colcon_core.environment:checking '/home/user/celluleflexible_en_cours_ROS2/celluleflexible/ros_ws/install/robots/lib'
[1.223s] Level 1:colcon.colcon_core.shell:create_environment_hook('robots', 'ld_library_path_lib')
[1.223s] INFO:colcon.colcon_core.shell:Creating environment hook '/home/user/celluleflexible_en_cours_ROS2/celluleflexible/ros_ws/install/robots/share/robots/hook/ld_library_path_lib.ps1'
[1.224s] INFO:colcon.colcon_core.shell:Creating environment descriptor '/home/user/celluleflexible_en_cours_ROS2/celluleflexible/ros_ws/install/robots/share/robots/hook/ld_library_path_lib.dsv'
[1.224s] INFO:colcon.colcon_core.shell:Creating environment hook '/home/user/celluleflexible_en_cours_ROS2/celluleflexible/ros_ws/install/robots/share/robots/hook/ld_library_path_lib.sh'
[1.225s] Level 1:colcon.colcon_core.environment:checking '/home/user/celluleflexible_en_cours_ROS2/celluleflexible/ros_ws/install/robots/bin'
[1.225s] Level 1:colcon.colcon_core.environment:checking '/home/user/celluleflexible_en_cours_ROS2/celluleflexible/ros_ws/install/robots/lib/pkgconfig/robots.pc'
[1.225s] Level 1:colcon.colcon_core.environment:checking '/home/user/celluleflexible_en_cours_ROS2/celluleflexible/ros_ws/install/robots/lib/python3.12/site-packages'
[1.225s] Level 1:colcon.colcon_core.shell:create_environment_hook('robots', 'pythonpath')
[1.225s] INFO:colcon.colcon_core.shell:Creating environment hook '/home/user/celluleflexible_en_cours_ROS2/celluleflexible/ros_ws/install/robots/share/robots/hook/pythonpath.ps1'
[1.226s] INFO:colcon.colcon_core.shell:Creating environment descriptor '/home/user/celluleflexible_en_cours_ROS2/celluleflexible/ros_ws/install/robots/share/robots/hook/pythonpath.dsv'
[1.226s] INFO:colcon.colcon_core.shell:Creating environment hook '/home/user/celluleflexible_en_cours_ROS2/celluleflexible/ros_ws/install/robots/share/robots/hook/pythonpath.sh'
[1.227s] Level 1:colcon.colcon_core.environment:checking '/home/user/celluleflexible_en_cours_ROS2/celluleflexible/ros_ws/install/robots/bin'
[1.227s] INFO:colcon.colcon_core.shell:Creating package script '/home/user/celluleflexible_en_cours_ROS2/celluleflexible/ros_ws/install/robots/share/robots/package.ps1'
[1.227s] INFO:colcon.colcon_core.shell:Creating package descriptor '/home/user/celluleflexible_en_cours_ROS2/celluleflexible/ros_ws/install/robots/share/robots/package.dsv'
[1.228s] INFO:colcon.colcon_core.shell:Creating package script '/home/user/celluleflexible_en_cours_ROS2/celluleflexible/ros_ws/install/robots/share/robots/package.sh'
[1.228s] INFO:colcon.colcon_core.shell:Creating package script '/home/user/celluleflexible_en_cours_ROS2/celluleflexible/ros_ws/install/robots/share/robots/package.bash'
[1.228s] INFO:colcon.colcon_core.shell:Creating package script '/home/user/celluleflexible_en_cours_ROS2/celluleflexible/ros_ws/install/robots/share/robots/package.zsh'
[1.229s] Level 1:colcon.colcon_core.environment:create_file_with_runtime_dependencies(/home/user/celluleflexible_en_cours_ROS2/celluleflexible/ros_ws/install/robots/share/colcon-core/packages/robots)
[1.229s] Level 1:colcon.colcon_core.environment:create_environment_scripts_only(robots)
[1.229s] Level 1:colcon.colcon_core.environment:checking '/home/user/celluleflexible_en_cours_ROS2/celluleflexible/ros_ws/install/robots' for CMake module files
[1.229s] Level 1:colcon.colcon_core.environment:checking '/home/user/celluleflexible_en_cours_ROS2/celluleflexible/ros_ws/install/robots' for CMake config files
[1.229s] Level 1:colcon.colcon_core.shell:create_environment_hook('robots', 'cmake_prefix_path')
[1.230s] INFO:colcon.colcon_core.shell:Creating environment hook '/home/user/celluleflexible_en_cours_ROS2/celluleflexible/ros_ws/install/robots/share/robots/hook/cmake_prefix_path.ps1'
[1.230s] INFO:colcon.colcon_core.shell:Creating environment descriptor '/home/user/celluleflexible_en_cours_ROS2/celluleflexible/ros_ws/install/robots/share/robots/hook/cmake_prefix_path.dsv'
[1.230s] INFO:colcon.colcon_core.shell:Creating environment hook '/home/user/celluleflexible_en_cours_ROS2/celluleflexible/ros_ws/install/robots/share/robots/hook/cmake_prefix_path.sh'
[1.231s] Level 1:colcon.colcon_core.environment:checking '/home/user/celluleflexible_en_cours_ROS2/celluleflexible/ros_ws/install/robots/lib'
[1.231s] Level 1:colcon.colcon_core.shell:create_environment_hook('robots', 'ld_library_path_lib')
[1.231s] INFO:colcon.colcon_core.shell:Creating environment hook '/home/user/celluleflexible_en_cours_ROS2/celluleflexible/ros_ws/install/robots/share/robots/hook/ld_library_path_lib.ps1'
[1.231s] INFO:colcon.colcon_core.shell:Creating environment descriptor '/home/user/celluleflexible_en_cours_ROS2/celluleflexible/ros_ws/install/robots/share/robots/hook/ld_library_path_lib.dsv'
[1.231s] INFO:colcon.colcon_core.shell:Creating environment hook '/home/user/celluleflexible_en_cours_ROS2/celluleflexible/ros_ws/install/robots/share/robots/hook/ld_library_path_lib.sh'
[1.232s] Level 1:colcon.colcon_core.environment:checking '/home/user/celluleflexible_en_cours_ROS2/celluleflexible/ros_ws/install/robots/bin'
[1.232s] Level 1:colcon.colcon_core.environment:checking '/home/user/celluleflexible_en_cours_ROS2/celluleflexible/ros_ws/install/robots/lib/pkgconfig/robots.pc'
[1.232s] Level 1:colcon.colcon_core.environment:checking '/home/user/celluleflexible_en_cours_ROS2/celluleflexible/ros_ws/install/robots/lib/python3.12/site-packages'
[1.232s] Level 1:colcon.colcon_core.shell:create_environment_hook('robots', 'pythonpath')
[1.232s] INFO:colcon.colcon_core.shell:Creating environment hook '/home/user/celluleflexible_en_cours_ROS2/celluleflexible/ros_ws/install/robots/share/robots/hook/pythonpath.ps1'
[1.233s] INFO:colcon.colcon_core.shell:Creating environment descriptor '/home/user/celluleflexible_en_cours_ROS2/celluleflexible/ros_ws/install/robots/share/robots/hook/pythonpath.dsv'
[1.233s] INFO:colcon.colcon_core.shell:Creating environment hook '/home/user/celluleflexible_en_cours_ROS2/celluleflexible/ros_ws/install/robots/share/robots/hook/pythonpath.sh'
[1.233s] Level 1:colcon.colcon_core.environment:checking '/home/user/celluleflexible_en_cours_ROS2/celluleflexible/ros_ws/install/robots/bin'
[1.233s] INFO:colcon.colcon_core.shell:Creating package script '/home/user/celluleflexible_en_cours_ROS2/celluleflexible/ros_ws/install/robots/share/robots/package.ps1'
[1.234s] INFO:colcon.colcon_core.shell:Creating package descriptor '/home/user/celluleflexible_en_cours_ROS2/celluleflexible/ros_ws/install/robots/share/robots/package.dsv'
[1.234s] INFO:colcon.colcon_core.shell:Creating package script '/home/user/celluleflexible_en_cours_ROS2/celluleflexible/ros_ws/install/robots/share/robots/package.sh'
[1.235s] INFO:colcon.colcon_core.shell:Creating package script '/home/user/celluleflexible_en_cours_ROS2/celluleflexible/ros_ws/install/robots/share/robots/package.bash'
[1.235s] INFO:colcon.colcon_core.shell:Creating package script '/home/user/celluleflexible_en_cours_ROS2/celluleflexible/ros_ws/install/robots/share/robots/package.zsh'
[1.235s] Level 1:colcon.colcon_core.environment:create_file_with_runtime_dependencies(/home/user/celluleflexible_en_cours_ROS2/celluleflexible/ros_ws/install/robots/share/colcon-core/packages/robots)
[1.236s] INFO:colcon.colcon_ros.task.ament_cmake.build:Building ROS package in '/home/user/celluleflexible_en_cours_ROS2/celluleflexible/ros_ws/src/commande' with build type 'ament_cmake'
[1.236s] INFO:colcon.colcon_cmake.task.cmake.build:Building CMake package in '/home/user/celluleflexible_en_cours_ROS2/celluleflexible/ros_ws/src/commande'
[1.236s] INFO:colcon.colcon_core.shell:Skip shell extension 'powershell' for command environment: Not usable outside of PowerShell
[1.236s] DEBUG:colcon.colcon_core.shell:Skip shell extension 'dsv' for command environment
[1.267s] DEBUG:colcon.colcon_core.event_handler.log_command:Invoking command in '/home/user/celluleflexible_en_cours_ROS2/celluleflexible/ros_ws/build/commande': AMENT_PREFIX_PATH=/home/user/celluleflexible_en_cours_ROS2/celluleflexible/ros_ws/install/robots:/home/user/celluleflexible_en_cours_ROS2/celluleflexible/ros_ws/install/shuttles:/home/user/celluleflexible_en_cours_ROS2/celluleflexible/ros_ws/install/commande_locale:/home/user/celluleflexible_en_cours_ROS2/celluleflexible/ros_ws/install/aiguillages:${AMENT_PREFIX_PATH} CMAKE_PREFIX_PATH=/home/user/celluleflexible_en_cours_ROS2/celluleflexible/ros_ws/install/robots:/home/user/celluleflexible_en_cours_ROS2/celluleflexible/ros_ws/install/shuttles:/home/user/celluleflexible_en_cours_ROS2/celluleflexible/ros_ws/install/commande_locale:/home/user/celluleflexible_en_cours_ROS2/celluleflexible/ros_ws/install/aiguillages:/opt/ros/jazzy/opt/gz_math_vendor:/opt/ros/jazzy/opt/gz_utils_vendor:/opt/ros/jazzy/opt/gz_cmake_vendor:/opt/ros/jazzy DEBUGINFOD_URLS=https://debuginfod.ubuntu.com LD_LIBRARY_PATH=/home/user/celluleflexible_en_cours_ROS2/celluleflexible/ros_ws/install/robots/lib:/home/user/celluleflexible_en_cours_ROS2/celluleflexible/ros_ws/install/shuttles/lib:/home/user/celluleflexible_en_cours_ROS2/celluleflexible/ros_ws/install/commande_locale/lib:/home/user/celluleflexible_en_cours_ROS2/celluleflexible/ros_ws/install/aiguillages/lib:${LD_LIBRARY_PATH} PYTHONPATH=/home/user/celluleflexible_en_cours_ROS2/celluleflexible/ros_ws/install/robots/lib/python3.12/site-packages:/home/user/celluleflexible_en_cours_ROS2/celluleflexible/ros_ws/install/shuttles/lib/python3.12/site-packages:/home/user/celluleflexible_en_cours_ROS2/celluleflexible/ros_ws/install/commande_locale/lib/python3.12/site-packages:/home/user/celluleflexible_en_cours_ROS2/celluleflexible/ros_ws/install/aiguillages/lib/python3.12/site-packages:${PYTHONPATH} /usr/bin/cmake --build /home/user/celluleflexible_en_cours_ROS2/celluleflexible/ros_ws/build/commande -- -j8 -l8
[6.837s] DEBUG:colcon.colcon_core.event_handler.log_command:Invoked command in '/home/user/celluleflexible_en_cours_ROS2/celluleflexible/ros_ws/build/commande' returned '0': AMENT_PREFIX_PATH=/home/user/celluleflexible_en_cours_ROS2/celluleflexible/ros_ws/install/robots:/home/user/celluleflexible_en_cours_ROS2/celluleflexible/ros_ws/install/shuttles:/home/user/celluleflexible_en_cours_ROS2/celluleflexible/ros_ws/install/commande_locale:/home/user/celluleflexible_en_cours_ROS2/celluleflexible/ros_ws/install/aiguillages:${AMENT_PREFIX_PATH} CMAKE_PREFIX_PATH=/home/user/celluleflexible_en_cours_ROS2/celluleflexible/ros_ws/install/robots:/home/user/celluleflexible_en_cours_ROS2/celluleflexible/ros_ws/install/shuttles:/home/user/celluleflexible_en_cours_ROS2/celluleflexible/ros_ws/install/commande_locale:/home/user/celluleflexible_en_cours_ROS2/celluleflexible/ros_ws/install/aiguillages:/opt/ros/jazzy/opt/gz_math_vendor:/opt/ros/jazzy/opt/gz_utils_vendor:/opt/ros/jazzy/opt/gz_cmake_vendor:/opt/ros/jazzy DEBUGINFOD_URLS=https://debuginfod.ubuntu.com LD_LIBRARY_PATH=/home/user/celluleflexible_en_cours_ROS2/celluleflexible/ros_ws/install/robots/lib:/home/user/celluleflexible_en_cours_ROS2/celluleflexible/ros_ws/install/shuttles/lib:/home/user/celluleflexible_en_cours_ROS2/celluleflexible/ros_ws/install/commande_locale/lib:/home/user/celluleflexible_en_cours_ROS2/celluleflexible/ros_ws/install/aiguillages/lib:${LD_LIBRARY_PATH} PYTHONPATH=/home/user/celluleflexible_en_cours_ROS2/celluleflexible/ros_ws/install/robots/lib/python3.12/site-packages:/home/user/celluleflexible_en_cours_ROS2/celluleflexible/ros_ws/install/shuttles/lib/python3.12/site-packages:/home/user/celluleflexible_en_cours_ROS2/celluleflexible/ros_ws/install/commande_locale/lib/python3.12/site-packages:/home/user/celluleflexible_en_cours_ROS2/celluleflexible/ros_ws/install/aiguillages/lib/python3.12/site-packages:${PYTHONPATH} /usr/bin/cmake --build /home/user/celluleflexible_en_cours_ROS2/celluleflexible/ros_ws/build/commande -- -j8 -l8
[6.837s] DEBUG:colcon.colcon_core.event_handler.log_command:Invoking command in '/home/user/celluleflexible_en_cours_ROS2/celluleflexible/ros_ws/build/commande': AMENT_PREFIX_PATH=/home/user/celluleflexible_en_cours_ROS2/celluleflexible/ros_ws/install/robots:/home/user/celluleflexible_en_cours_ROS2/celluleflexible/ros_ws/install/shuttles:/home/user/celluleflexible_en_cours_ROS2/celluleflexible/ros_ws/install/commande_locale:/home/user/celluleflexible_en_cours_ROS2/celluleflexible/ros_ws/install/aiguillages:${AMENT_PREFIX_PATH} CMAKE_PREFIX_PATH=/home/user/celluleflexible_en_cours_ROS2/celluleflexible/ros_ws/install/robots:/home/user/celluleflexible_en_cours_ROS2/celluleflexible/ros_ws/install/shuttles:/home/user/celluleflexible_en_cours_ROS2/celluleflexible/ros_ws/install/commande_locale:/home/user/celluleflexible_en_cours_ROS2/celluleflexible/ros_ws/install/aiguillages:/opt/ros/jazzy/opt/gz_math_vendor:/opt/ros/jazzy/opt/gz_utils_vendor:/opt/ros/jazzy/opt/gz_cmake_vendor:/opt/ros/jazzy DEBUGINFOD_URLS=https://debuginfod.ubuntu.com LD_LIBRARY_PATH=/home/user/celluleflexible_en_cours_ROS2/celluleflexible/ros_ws/install/robots/lib:/home/user/celluleflexible_en_cours_ROS2/celluleflexible/ros_ws/install/shuttles/lib:/home/user/celluleflexible_en_cours_ROS2/celluleflexible/ros_ws/install/commande_locale/lib:/home/user/celluleflexible_en_cours_ROS2/celluleflexible/ros_ws/install/aiguillages/lib:${LD_LIBRARY_PATH} PYTHONPATH=/home/user/celluleflexible_en_cours_ROS2/celluleflexible/ros_ws/install/robots/lib/python3.12/site-packages:/home/user/celluleflexible_en_cours_ROS2/celluleflexible/ros_ws/install/shuttles/lib/python3.12/site-packages:/home/user/celluleflexible_en_cours_ROS2/celluleflexible/ros_ws/install/commande_locale/lib/python3.12/site-packages:/home/user/celluleflexible_en_cours_ROS2/celluleflexible/ros_ws/install/aiguillages/lib/python3.12/site-packages:${PYTHONPATH} /usr/bin/cmake --install /home/user/celluleflexible_en_cours_ROS2/celluleflexible/ros_ws/build/commande
[6.857s] Level 1:colcon.colcon_core.environment:create_environment_scripts_only(commande)
[6.857s] Level 1:colcon.colcon_core.environment:checking '/home/user/celluleflexible_en_cours_ROS2/celluleflexible/ros_ws/install/commande' for CMake module files
[6.858s] DEBUG:colcon.colcon_core.event_handler.log_command:Invoked command in '/home/user/celluleflexible_en_cours_ROS2/celluleflexible/ros_ws/build/commande' returned '0': AMENT_PREFIX_PATH=/home/user/celluleflexible_en_cours_ROS2/celluleflexible/ros_ws/install/robots:/home/user/celluleflexible_en_cours_ROS2/celluleflexible/ros_ws/install/shuttles:/home/user/celluleflexible_en_cours_ROS2/celluleflexible/ros_ws/install/commande_locale:/home/user/celluleflexible_en_cours_ROS2/celluleflexible/ros_ws/install/aiguillages:${AMENT_PREFIX_PATH} CMAKE_PREFIX_PATH=/home/user/celluleflexible_en_cours_ROS2/celluleflexible/ros_ws/install/robots:/home/user/celluleflexible_en_cours_ROS2/celluleflexible/ros_ws/install/shuttles:/home/user/celluleflexible_en_cours_ROS2/celluleflexible/ros_ws/install/commande_locale:/home/user/celluleflexible_en_cours_ROS2/celluleflexible/ros_ws/install/aiguillages:/opt/ros/jazzy/opt/gz_math_vendor:/opt/ros/jazzy/opt/gz_utils_vendor:/opt/ros/jazzy/opt/gz_cmake_vendor:/opt/ros/jazzy DEBUGINFOD_URLS=https://debuginfod.ubuntu.com LD_LIBRARY_PATH=/home/user/celluleflexible_en_cours_ROS2/celluleflexible/ros_ws/install/robots/lib:/home/user/celluleflexible_en_cours_ROS2/celluleflexible/ros_ws/install/shuttles/lib:/home/user/celluleflexible_en_cours_ROS2/celluleflexible/ros_ws/install/commande_locale/lib:/home/user/celluleflexible_en_cours_ROS2/celluleflexible/ros_ws/install/aiguillages/lib:${LD_LIBRARY_PATH} PYTHONPATH=/home/user/celluleflexible_en_cours_ROS2/celluleflexible/ros_ws/install/robots/lib/python3.12/site-packages:/home/user/celluleflexible_en_cours_ROS2/celluleflexible/ros_ws/install/shuttles/lib/python3.12/site-packages:/home/user/celluleflexible_en_cours_ROS2/celluleflexible/ros_ws/install/commande_locale/lib/python3.12/site-packages:/home/user/celluleflexible_en_cours_ROS2/celluleflexible/ros_ws/install/aiguillages/lib/python3.12/site-packages:${PYTHONPATH} /usr/bin/cmake --install /home/user/celluleflexible_en_cours_ROS2/celluleflexible/ros_ws/build/commande
[6.858s] Level 1:colcon.colcon_core.environment:checking '/home/user/celluleflexible_en_cours_ROS2/celluleflexible/ros_ws/install/commande' for CMake config files
[6.858s] Level 1:colcon.colcon_core.shell:create_environment_hook('commande', 'cmake_prefix_path')
[6.858s] INFO:colcon.colcon_core.shell:Creating environment hook '/home/user/celluleflexible_en_cours_ROS2/celluleflexible/ros_ws/install/commande/share/commande/hook/cmake_prefix_path.ps1'
[6.859s] INFO:colcon.colcon_core.shell:Creating environment descriptor '/home/user/celluleflexible_en_cours_ROS2/celluleflexible/ros_ws/install/commande/share/commande/hook/cmake_prefix_path.dsv'
[6.859s] INFO:colcon.colcon_core.shell:Creating environment hook '/home/user/celluleflexible_en_cours_ROS2/celluleflexible/ros_ws/install/commande/share/commande/hook/cmake_prefix_path.sh'
[6.860s] Level 1:colcon.colcon_core.environment:checking '/home/user/celluleflexible_en_cours_ROS2/celluleflexible/ros_ws/install/commande/lib'
[6.860s] Level 1:colcon.colcon_core.environment:checking '/home/user/celluleflexible_en_cours_ROS2/celluleflexible/ros_ws/install/commande/bin'
[6.860s] Level 1:colcon.colcon_core.environment:checking '/home/user/celluleflexible_en_cours_ROS2/celluleflexible/ros_ws/install/commande/lib/pkgconfig/commande.pc'
[6.860s] Level 1:colcon.colcon_core.environment:checking '/home/user/celluleflexible_en_cours_ROS2/celluleflexible/ros_ws/install/commande/lib/python3.12/site-packages'
[6.860s] Level 1:colcon.colcon_core.environment:checking '/home/user/celluleflexible_en_cours_ROS2/celluleflexible/ros_ws/install/commande/bin'
[6.860s] INFO:colcon.colcon_core.shell:Creating package script '/home/user/celluleflexible_en_cours_ROS2/celluleflexible/ros_ws/install/commande/share/commande/package.ps1'
[6.860s] INFO:colcon.colcon_core.shell:Creating package descriptor '/home/user/celluleflexible_en_cours_ROS2/celluleflexible/ros_ws/install/commande/share/commande/package.dsv'
[6.861s] INFO:colcon.colcon_core.shell:Creating package script '/home/user/celluleflexible_en_cours_ROS2/celluleflexible/ros_ws/install/commande/share/commande/package.sh'
[6.861s] INFO:colcon.colcon_core.shell:Creating package script '/home/user/celluleflexible_en_cours_ROS2/celluleflexible/ros_ws/install/commande/share/commande/package.bash'
[6.862s] INFO:colcon.colcon_core.shell:Creating package script '/home/user/celluleflexible_en_cours_ROS2/celluleflexible/ros_ws/install/commande/share/commande/package.zsh'
[6.862s] Level 1:colcon.colcon_core.environment:create_file_with_runtime_dependencies(/home/user/celluleflexible_en_cours_ROS2/celluleflexible/ros_ws/install/commande/share/colcon-core/packages/commande)
[6.863s] Level 1:colcon.colcon_core.environment:create_environment_scripts_only(commande)
[6.863s] Level 1:colcon.colcon_core.environment:checking '/home/user/celluleflexible_en_cours_ROS2/celluleflexible/ros_ws/install/commande' for CMake module files
[6.863s] Level 1:colcon.colcon_core.environment:checking '/home/user/celluleflexible_en_cours_ROS2/celluleflexible/ros_ws/install/commande' for CMake config files
[6.863s] Level 1:colcon.colcon_core.shell:create_environment_hook('commande', 'cmake_prefix_path')
[6.863s] INFO:colcon.colcon_core.shell:Creating environment hook '/home/user/celluleflexible_en_cours_ROS2/celluleflexible/ros_ws/install/commande/share/commande/hook/cmake_prefix_path.ps1'
[6.863s] INFO:colcon.colcon_core.shell:Creating environment descriptor '/home/user/celluleflexible_en_cours_ROS2/celluleflexible/ros_ws/install/commande/share/commande/hook/cmake_prefix_path.dsv'
[6.863s] INFO:colcon.colcon_core.shell:Creating environment hook '/home/user/celluleflexible_en_cours_ROS2/celluleflexible/ros_ws/install/commande/share/commande/hook/cmake_prefix_path.sh'
[6.864s] Level 1:colcon.colcon_core.environment:checking '/home/user/celluleflexible_en_cours_ROS2/celluleflexible/ros_ws/install/commande/lib'
[6.864s] Level 1:colcon.colcon_core.environment:checking '/home/user/celluleflexible_en_cours_ROS2/celluleflexible/ros_ws/install/commande/bin'
[6.864s] Level 1:colcon.colcon_core.environment:checking '/home/user/celluleflexible_en_cours_ROS2/celluleflexible/ros_ws/install/commande/lib/pkgconfig/commande.pc'
[6.864s] Level 1:colcon.colcon_core.environment:checking '/home/user/celluleflexible_en_cours_ROS2/celluleflexible/ros_ws/install/commande/lib/python3.12/site-packages'
[6.864s] Level 1:colcon.colcon_core.environment:checking '/home/user/celluleflexible_en_cours_ROS2/celluleflexible/ros_ws/install/commande/bin'
[6.864s] INFO:colcon.colcon_core.shell:Creating package script '/home/user/celluleflexible_en_cours_ROS2/celluleflexible/ros_ws/install/commande/share/commande/package.ps1'
[6.865s] INFO:colcon.colcon_core.shell:Creating package descriptor '/home/user/celluleflexible_en_cours_ROS2/celluleflexible/ros_ws/install/commande/share/commande/package.dsv'
[6.865s] INFO:colcon.colcon_core.shell:Creating package script '/home/user/celluleflexible_en_cours_ROS2/celluleflexible/ros_ws/install/commande/share/commande/package.sh'
[6.865s] INFO:colcon.colcon_core.shell:Creating package script '/home/user/celluleflexible_en_cours_ROS2/celluleflexible/ros_ws/install/commande/share/commande/package.bash'
[6.866s] INFO:colcon.colcon_core.shell:Creating package script '/home/user/celluleflexible_en_cours_ROS2/celluleflexible/ros_ws/install/commande/share/commande/package.zsh'
[6.866s] Level 1:colcon.colcon_core.environment:create_file_with_runtime_dependencies(/home/user/celluleflexible_en_cours_ROS2/celluleflexible/ros_ws/install/commande/share/colcon-core/packages/commande)
[6.866s] DEBUG:colcon.colcon_parallel_executor.executor.parallel:closing loop
[6.866s] DEBUG:colcon.colcon_parallel_executor.executor.parallel:loop closed
[6.866s] DEBUG:colcon.colcon_parallel_executor.executor.parallel:run_until_complete finished with '0'
[6.866s] DEBUG:colcon.colcon_core.event_reactor:joining thread
[6.870s] INFO:colcon.colcon_core.plugin_system:Skipping extension 'colcon_notification.desktop_notification.terminal_notifier': Not used on non-Darwin systems
[6.870s] INFO:colcon.colcon_core.plugin_system:Skipping extension 'colcon_notification.desktop_notification.win32': Not used on non-Windows systems
[6.870s] INFO:colcon.colcon_notification.desktop_notification:Sending desktop notification using 'notify2'
[6.886s] DEBUG:colcon.colcon_core.event_reactor:joined thread
[6.886s] INFO:colcon.colcon_core.shell:Creating prefix script '/home/user/celluleflexible_en_cours_ROS2/celluleflexible/ros_ws/install/local_setup.ps1'
[6.887s] INFO:colcon.colcon_core.shell:Creating prefix util module '/home/user/celluleflexible_en_cours_ROS2/celluleflexible/ros_ws/install/_local_setup_util_ps1.py'
[6.888s] INFO:colcon.colcon_core.shell:Creating prefix chain script '/home/user/celluleflexible_en_cours_ROS2/celluleflexible/ros_ws/install/setup.ps1'
[6.888s] INFO:colcon.colcon_core.shell:Creating prefix script '/home/user/celluleflexible_en_cours_ROS2/celluleflexible/ros_ws/install/local_setup.sh'
[6.889s] INFO:colcon.colcon_core.shell:Creating prefix util module '/home/user/celluleflexible_en_cours_ROS2/celluleflexible/ros_ws/install/_local_setup_util_sh.py'
[6.889s] INFO:colcon.colcon_core.shell:Creating prefix chain script '/home/user/celluleflexible_en_cours_ROS2/celluleflexible/ros_ws/install/setup.sh'
[6.890s] INFO:colcon.colcon_core.shell:Creating prefix script '/home/user/celluleflexible_en_cours_ROS2/celluleflexible/ros_ws/install/local_setup.bash'
[6.890s] INFO:colcon.colcon_core.shell:Creating prefix chain script '/home/user/celluleflexible_en_cours_ROS2/celluleflexible/ros_ws/install/setup.bash'
[6.891s] INFO:colcon.colcon_core.shell:Creating prefix script '/home/user/celluleflexible_en_cours_ROS2/celluleflexible/ros_ws/install/local_setup.zsh'
[6.891s] INFO:colcon.colcon_core.shell:Creating prefix chain script '/home/user/celluleflexible_en_cours_ROS2/celluleflexible/ros_ws/install/setup.zsh'
