[0.053s] DEBUG:colcon:Command line arguments: ['/usr/bin/colcon', 'build']
[0.054s] DEBUG:colcon:Parsed command line arguments: Namespace(log_base=None, log_level=None, verb_name='build', build_base='build', install_base='install', merge_install=False, symlink_install=False, test_result_base=None, continue_on_error=False, executor='parallel', parallel_workers=8, event_handlers=None, ignore_user_meta=False, metas=['./colcon.meta'], base_paths=['.'], packages_ignore=None, packages_ignore_regex=None, paths=None, packages_up_to=None, packages_up_to_regex=None, packages_above=None, packages_above_and_dependencies=None, packages_above_depth=None, packages_select_by_dep=None, packages_skip_by_dep=None, packages_skip_up_to=None, packages_select_build_failed=False, packages_skip_build_finished=False, packages_select_test_failures=False, packages_skip_test_passed=False, packages_select=None, packages_skip=None, packages_select_regex=None, packages_skip_regex=None, packages_start=None, packages_end=None, allow_overriding=[], cmake_args=None, cmake_target=None, cmake_target_skip_unavailable=False, cmake_clean_cache=False, cmake_clean_first=False, cmake_force_configure=False, ament_cmake_args=None, catkin_cmake_args=None, catkin_skip_building_tests=False, mixin_files=None, mixin=None, verb_parser=<colcon_mixin.mixin.mixin_argument.MixinArgumentDecorator object at 0x77fa89d98bc0>, verb_extension=<colcon_core.verb.build.BuildVerb object at 0x77fa89ec5280>, main=<bound method BuildVerb.main of <colcon_core.verb.build.BuildVerb object at 0x77fa89ec5280>>, mixin_verb=('build',))
[0.076s] Level 1:colcon.colcon_core.package_discovery:discover_packages(colcon_meta) check parameters
[0.076s] Level 1:colcon.colcon_core.package_discovery:discover_packages(recursive) check parameters
[0.076s] Level 1:colcon.colcon_core.package_discovery:discover_packages(ignore) check parameters
[0.076s] Level 1:colcon.colcon_core.package_discovery:discover_packages(path) check parameters
[0.076s] Level 1:colcon.colcon_core.package_discovery:discover_packages(colcon_meta) discover
[0.076s] Level 1:colcon.colcon_core.package_discovery:discover_packages(recursive) discover
[0.076s] INFO:colcon.colcon_core.package_discovery:Crawling recursively for packages in '/home/user/celluleflexible_en_cours_ROS2/ros_ws'
[0.076s] Level 1:colcon.colcon_core.package_identification:_identify(.) by extensions ['ignore', 'ignore_ament_install']
[0.076s] Level 1:colcon.colcon_core.package_identification:_identify(.) by extension 'ignore'
[0.076s] Level 1:colcon.colcon_core.package_identification:_identify(.) by extension 'ignore_ament_install'
[0.076s] Level 1:colcon.colcon_core.package_identification:_identify(.) by extensions ['colcon_pkg']
[0.076s] Level 1:colcon.colcon_core.package_identification:_identify(.) by extension 'colcon_pkg'
[0.076s] Level 1:colcon.colcon_core.package_identification:_identify(.) by extensions ['colcon_meta']
[0.076s] Level 1:colcon.colcon_core.package_identification:_identify(.) by extension 'colcon_meta'
[0.076s] Level 1:colcon.colcon_core.package_identification:_identify(.) by extensions ['ros']
[0.076s] Level 1:colcon.colcon_core.package_identification:_identify(.) by extension 'ros'
[0.090s] Level 1:colcon.colcon_core.package_identification:_identify(.) by extensions ['cmake', 'python']
[0.090s] Level 1:colcon.colcon_core.package_identification:_identify(.) by extension 'cmake'
[0.090s] Level 1:colcon.colcon_core.package_identification:_identify(.) by extension 'python'
[0.090s] Level 1:colcon.colcon_core.package_identification:_identify(.) by extensions ['python_setup_py']
[0.090s] Level 1:colcon.colcon_core.package_identification:_identify(.) by extension 'python_setup_py'
[0.090s] Level 1:colcon.colcon_core.package_identification:_identify(build) by extensions ['ignore', 'ignore_ament_install']
[0.090s] Level 1:colcon.colcon_core.package_identification:_identify(build) by extension 'ignore'
[0.090s] Level 1:colcon.colcon_core.package_identification:_identify(build) ignored
[0.090s] Level 1:colcon.colcon_core.package_identification:_identify(install) by extensions ['ignore', 'ignore_ament_install']
[0.090s] Level 1:colcon.colcon_core.package_identification:_identify(install) by extension 'ignore'
[0.090s] Level 1:colcon.colcon_core.package_identification:_identify(install) ignored
[0.091s] Level 1:colcon.colcon_core.package_identification:_identify(log) by extensions ['ignore', 'ignore_ament_install']
[0.091s] Level 1:colcon.colcon_core.package_identification:_identify(log) by extension 'ignore'
[0.091s] Level 1:colcon.colcon_core.package_identification:_identify(log) ignored
[0.091s] Level 1:colcon.colcon_core.package_identification:_identify(src) by extensions ['ignore', 'ignore_ament_install']
[0.091s] Level 1:colcon.colcon_core.package_identification:_identify(src) by extension 'ignore'
[0.091s] Level 1:colcon.colcon_core.package_identification:_identify(src) by extension 'ignore_ament_install'
[0.091s] Level 1:colcon.colcon_core.package_identification:_identify(src) by extensions ['colcon_pkg']
[0.091s] Level 1:colcon.colcon_core.package_identification:_identify(src) by extension 'colcon_pkg'
[0.091s] Level 1:colcon.colcon_core.package_identification:_identify(src) by extensions ['colcon_meta']
[0.091s] Level 1:colcon.colcon_core.package_identification:_identify(src) by extension 'colcon_meta'
[0.091s] Level 1:colcon.colcon_core.package_identification:_identify(src) by extensions ['ros']
[0.091s] Level 1:colcon.colcon_core.package_identification:_identify(src) by extension 'ros'
[0.091s] Level 1:colcon.colcon_core.package_identification:_identify(src) by extensions ['cmake', 'python']
[0.091s] Level 1:colcon.colcon_core.package_identification:_identify(src) by extension 'cmake'
[0.091s] Level 1:colcon.colcon_core.package_identification:_identify(src) by extension 'python'
[0.091s] Level 1:colcon.colcon_core.package_identification:_identify(src) by extensions ['python_setup_py']
[0.091s] Level 1:colcon.colcon_core.package_identification:_identify(src) by extension 'python_setup_py'
[0.091s] Level 1:colcon.colcon_core.package_identification:_identify(src/aiguillages) by extensions ['ignore', 'ignore_ament_install']
[0.091s] Level 1:colcon.colcon_core.package_identification:_identify(src/aiguillages) by extension 'ignore'
[0.091s] Level 1:colcon.colcon_core.package_identification:_identify(src/aiguillages) by extension 'ignore_ament_install'
[0.091s] Level 1:colcon.colcon_core.package_identification:_identify(src/aiguillages) by extensions ['colcon_pkg']
[0.091s] Level 1:colcon.colcon_core.package_identification:_identify(src/aiguillages) by extension 'colcon_pkg'
[0.091s] Level 1:colcon.colcon_core.package_identification:_identify(src/aiguillages) by extensions ['colcon_meta']
[0.091s] Level 1:colcon.colcon_core.package_identification:_identify(src/aiguillages) by extension 'colcon_meta'
[0.091s] Level 1:colcon.colcon_core.package_identification:_identify(src/aiguillages) by extensions ['ros']
[0.091s] Level 1:colcon.colcon_core.package_identification:_identify(src/aiguillages) by extension 'ros'
[0.092s] DEBUG:colcon.colcon_core.package_identification:Package 'src/aiguillages' with type 'ros.ament_cmake' and name 'aiguillages'
[0.093s] Level 1:colcon.colcon_core.package_identification:_identify(src/commande) by extensions ['ignore', 'ignore_ament_install']
[0.093s] Level 1:colcon.colcon_core.package_identification:_identify(src/commande) by extension 'ignore'
[0.093s] Level 1:colcon.colcon_core.package_identification:_identify(src/commande) by extension 'ignore_ament_install'
[0.093s] Level 1:colcon.colcon_core.package_identification:_identify(src/commande) by extensions ['colcon_pkg']
[0.093s] Level 1:colcon.colcon_core.package_identification:_identify(src/commande) by extension 'colcon_pkg'
[0.093s] Level 1:colcon.colcon_core.package_identification:_identify(src/commande) by extensions ['colcon_meta']
[0.093s] Level 1:colcon.colcon_core.package_identification:_identify(src/commande) by extension 'colcon_meta'
[0.093s] Level 1:colcon.colcon_core.package_identification:_identify(src/commande) by extensions ['ros']
[0.093s] Level 1:colcon.colcon_core.package_identification:_identify(src/commande) by extension 'ros'
[0.093s] DEBUG:colcon.colcon_core.package_identification:Package 'src/commande' with type 'ros.ament_cmake' and name 'commande'
[0.093s] Level 1:colcon.colcon_core.package_identification:_identify(src/commande_locale) by extensions ['ignore', 'ignore_ament_install']
[0.093s] Level 1:colcon.colcon_core.package_identification:_identify(src/commande_locale) by extension 'ignore'
[0.093s] Level 1:colcon.colcon_core.package_identification:_identify(src/commande_locale) by extension 'ignore_ament_install'
[0.093s] Level 1:colcon.colcon_core.package_identification:_identify(src/commande_locale) by extensions ['colcon_pkg']
[0.093s] Level 1:colcon.colcon_core.package_identification:_identify(src/commande_locale) by extension 'colcon_pkg'
[0.093s] Level 1:colcon.colcon_core.package_identification:_identify(src/commande_locale) by extensions ['colcon_meta']
[0.093s] Level 1:colcon.colcon_core.package_identification:_identify(src/commande_locale) by extension 'colcon_meta'
[0.093s] Level 1:colcon.colcon_core.package_identification:_identify(src/commande_locale) by extensions ['ros']
[0.093s] Level 1:colcon.colcon_core.package_identification:_identify(src/commande_locale) by extension 'ros'
[0.094s] DEBUG:colcon.colcon_core.package_identification:Package 'src/commande_locale' with type 'ros.ament_cmake' and name 'commande_locale'
[0.094s] Level 1:colcon.colcon_core.package_identification:_identify(src/launcher) by extensions ['ignore', 'ignore_ament_install']
[0.094s] Level 1:colcon.colcon_core.package_identification:_identify(src/launcher) by extension 'ignore'
[0.094s] Level 1:colcon.colcon_core.package_identification:_identify(src/launcher) by extension 'ignore_ament_install'
[0.094s] Level 1:colcon.colcon_core.package_identification:_identify(src/launcher) by extensions ['colcon_pkg']
[0.094s] Level 1:colcon.colcon_core.package_identification:_identify(src/launcher) by extension 'colcon_pkg'
[0.094s] Level 1:colcon.colcon_core.package_identification:_identify(src/launcher) by extensions ['colcon_meta']
[0.094s] Level 1:colcon.colcon_core.package_identification:_identify(src/launcher) by extension 'colcon_meta'
[0.094s] Level 1:colcon.colcon_core.package_identification:_identify(src/launcher) by extensions ['ros']
[0.094s] Level 1:colcon.colcon_core.package_identification:_identify(src/launcher) by extension 'ros'
[0.094s] DEBUG:colcon.colcon_core.package_identification:Package 'src/launcher' with type 'ros.ament_cmake' and name 'launcher'
[0.094s] Level 1:colcon.colcon_core.package_identification:_identify(src/robots) by extensions ['ignore', 'ignore_ament_install']
[0.094s] Level 1:colcon.colcon_core.package_identification:_identify(src/robots) by extension 'ignore'
[0.094s] Level 1:colcon.colcon_core.package_identification:_identify(src/robots) by extension 'ignore_ament_install'
[0.094s] Level 1:colcon.colcon_core.package_identification:_identify(src/robots) by extensions ['colcon_pkg']
[0.094s] Level 1:colcon.colcon_core.package_identification:_identify(src/robots) by extension 'colcon_pkg'
[0.094s] Level 1:colcon.colcon_core.package_identification:_identify(src/robots) by extensions ['colcon_meta']
[0.094s] Level 1:colcon.colcon_core.package_identification:_identify(src/robots) by extension 'colcon_meta'
[0.094s] Level 1:colcon.colcon_core.package_identification:_identify(src/robots) by extensions ['ros']
[0.094s] Level 1:colcon.colcon_core.package_identification:_identify(src/robots) by extension 'ros'
[0.095s] DEBUG:colcon.colcon_core.package_identification:Package 'src/robots' with type 'ros.ament_cmake' and name 'robots'
[0.095s] Level 1:colcon.colcon_core.package_identification:_identify(src/shuttles) by extensions ['ignore', 'ignore_ament_install']
[0.095s] Level 1:colcon.colcon_core.package_identification:_identify(src/shuttles) by extension 'ignore'
[0.095s] Level 1:colcon.colcon_core.package_identification:_identify(src/shuttles) by extension 'ignore_ament_install'
[0.095s] Level 1:colcon.colcon_core.package_identification:_identify(src/shuttles) by extensions ['colcon_pkg']
[0.095s] Level 1:colcon.colcon_core.package_identification:_identify(src/shuttles) by extension 'colcon_pkg'
[0.095s] Level 1:colcon.colcon_core.package_identification:_identify(src/shuttles) by extensions ['colcon_meta']
[0.095s] Level 1:colcon.colcon_core.package_identification:_identify(src/shuttles) by extension 'colcon_meta'
[0.095s] Level 1:colcon.colcon_core.package_identification:_identify(src/shuttles) by extensions ['ros']
[0.095s] Level 1:colcon.colcon_core.package_identification:_identify(src/shuttles) by extension 'ros'
[0.095s] DEBUG:colcon.colcon_core.package_identification:Package 'src/shuttles' with type 'ros.ament_cmake' and name 'shuttles'
[0.095s] Level 1:colcon.colcon_core.package_discovery:discover_packages(recursive) using defaults
[0.095s] Level 1:colcon.colcon_core.package_discovery:discover_packages(ignore) discover
[0.095s] Level 1:colcon.colcon_core.package_discovery:discover_packages(ignore) using defaults
[0.095s] Level 1:colcon.colcon_core.package_discovery:discover_packages(path) discover
[0.095s] Level 1:colcon.colcon_core.package_discovery:discover_packages(path) using defaults
[0.105s] Level 1:colcon.colcon_core.package_discovery:discover_packages(prefix_path) check parameters
[0.105s] Level 1:colcon.colcon_core.package_discovery:discover_packages(prefix_path) discover
[0.106s] DEBUG:colcon.colcon_installed_package_information.package_discovery:Found 6 installed packages in /home/user/celluleflexible_en_cours_ROS2/ros_ws/install
[0.107s] DEBUG:colcon.colcon_installed_package_information.package_discovery:Found 286 installed packages in /opt/ros/jazzy
[0.107s] Level 1:colcon.colcon_core.package_discovery:discover_packages(prefix_path) using defaults
[0.125s] Level 5:colcon.colcon_core.verb:set package 'aiguillages' build argument 'cmake_args' from command line to 'None'
[0.125s] Level 5:colcon.colcon_core.verb:set package 'aiguillages' build argument 'cmake_target' from command line to 'None'
[0.125s] Level 5:colcon.colcon_core.verb:set package 'aiguillages' build argument 'cmake_target_skip_unavailable' from command line to 'False'
[0.125s] Level 5:colcon.colcon_core.verb:set package 'aiguillages' build argument 'cmake_clean_cache' from command line to 'False'
[0.125s] Level 5:colcon.colcon_core.verb:set package 'aiguillages' build argument 'cmake_clean_first' from command line to 'False'
[0.125s] Level 5:colcon.colcon_core.verb:set package 'aiguillages' build argument 'cmake_force_configure' from command line to 'False'
[0.125s] Level 5:colcon.colcon_core.verb:set package 'aiguillages' build argument 'ament_cmake_args' from command line to 'None'
[0.125s] Level 5:colcon.colcon_core.verb:set package 'aiguillages' build argument 'catkin_cmake_args' from command line to 'None'
[0.125s] Level 5:colcon.colcon_core.verb:set package 'aiguillages' build argument 'catkin_skip_building_tests' from command line to 'False'
[0.125s] DEBUG:colcon.colcon_core.verb:Building package 'aiguillages' with the following arguments: {'ament_cmake_args': None, 'build_base': '/home/user/celluleflexible_en_cours_ROS2/ros_ws/build/aiguillages', 'catkin_cmake_args': None, 'catkin_skip_building_tests': False, 'cmake_args': None, 'cmake_clean_cache': False, 'cmake_clean_first': False, 'cmake_force_configure': False, 'cmake_target': None, 'cmake_target_skip_unavailable': False, 'install_base': '/home/user/celluleflexible_en_cours_ROS2/ros_ws/install/aiguillages', 'merge_install': False, 'path': '/home/user/celluleflexible_en_cours_ROS2/ros_ws/src/aiguillages', 'symlink_install': False, 'test_result_base': None}
[0.125s] Level 5:colcon.colcon_core.verb:set package 'launcher' build argument 'cmake_args' from command line to 'None'
[0.125s] Level 5:colcon.colcon_core.verb:set package 'launcher' build argument 'cmake_target' from command line to 'None'
[0.125s] Level 5:colcon.colcon_core.verb:set package 'launcher' build argument 'cmake_target_skip_unavailable' from command line to 'False'
[0.125s] Level 5:colcon.colcon_core.verb:set package 'launcher' build argument 'cmake_clean_cache' from command line to 'False'
[0.125s] Level 5:colcon.colcon_core.verb:set package 'launcher' build argument 'cmake_clean_first' from command line to 'False'
[0.125s] Level 5:colcon.colcon_core.verb:set package 'launcher' build argument 'cmake_force_configure' from command line to 'False'
[0.125s] Level 5:colcon.colcon_core.verb:set package 'launcher' build argument 'ament_cmake_args' from command line to 'None'
[0.125s] Level 5:colcon.colcon_core.verb:set package 'launcher' build argument 'catkin_cmake_args' from command line to 'None'
[0.125s] Level 5:colcon.colcon_core.verb:set package 'launcher' build argument 'catkin_skip_building_tests' from command line to 'False'
[0.125s] DEBUG:colcon.colcon_core.verb:Building package 'launcher' with the following arguments: {'ament_cmake_args': None, 'build_base': '/home/user/celluleflexible_en_cours_ROS2/ros_ws/build/launcher', 'catkin_cmake_args': None, 'catkin_skip_building_tests': False, 'cmake_args': None, 'cmake_clean_cache': False, 'cmake_clean_first': False, 'cmake_force_configure': False, 'cmake_target': None, 'cmake_target_skip_unavailable': False, 'install_base': '/home/user/celluleflexible_en_cours_ROS2/ros_ws/install/launcher', 'merge_install': False, 'path': '/home/user/celluleflexible_en_cours_ROS2/ros_ws/src/launcher', 'symlink_install': False, 'test_result_base': None}
[0.125s] Level 5:colcon.colcon_core.verb:set package 'commande_locale' build argument 'cmake_args' from command line to 'None'
[0.125s] Level 5:colcon.colcon_core.verb:set package 'commande_locale' build argument 'cmake_target' from command line to 'None'
[0.125s] Level 5:colcon.colcon_core.verb:set package 'commande_locale' build argument 'cmake_target_skip_unavailable' from command line to 'False'
[0.125s] Level 5:colcon.colcon_core.verb:set package 'commande_locale' build argument 'cmake_clean_cache' from command line to 'False'
[0.125s] Level 5:colcon.colcon_core.verb:set package 'commande_locale' build argument 'cmake_clean_first' from command line to 'False'
[0.125s] Level 5:colcon.colcon_core.verb:set package 'commande_locale' build argument 'cmake_force_configure' from command line to 'False'
[0.125s] Level 5:colcon.colcon_core.verb:set package 'commande_locale' build argument 'ament_cmake_args' from command line to 'None'
[0.125s] Level 5:colcon.colcon_core.verb:set package 'commande_locale' build argument 'catkin_cmake_args' from command line to 'None'
[0.125s] Level 5:colcon.colcon_core.verb:set package 'commande_locale' build argument 'catkin_skip_building_tests' from command line to 'False'
[0.125s] DEBUG:colcon.colcon_core.verb:Building package 'commande_locale' with the following arguments: {'ament_cmake_args': None, 'build_base': '/home/user/celluleflexible_en_cours_ROS2/ros_ws/build/commande_locale', 'catkin_cmake_args': None, 'catkin_skip_building_tests': False, 'cmake_args': None, 'cmake_clean_cache': False, 'cmake_clean_first': False, 'cmake_force_configure': False, 'cmake_target': None, 'cmake_target_skip_unavailable': False, 'install_base': '/home/user/celluleflexible_en_cours_ROS2/ros_ws/install/commande_locale', 'merge_install': False, 'path': '/home/user/celluleflexible_en_cours_ROS2/ros_ws/src/commande_locale', 'symlink_install': False, 'test_result_base': None}
[0.125s] Level 5:colcon.colcon_core.verb:set package 'shuttles' build argument 'cmake_args' from command line to 'None'
[0.125s] Level 5:colcon.colcon_core.verb:set package 'shuttles' build argument 'cmake_target' from command line to 'None'
[0.125s] Level 5:colcon.colcon_core.verb:set package 'shuttles' build argument 'cmake_target_skip_unavailable' from command line to 'False'
[0.125s] Level 5:colcon.colcon_core.verb:set package 'shuttles' build argument 'cmake_clean_cache' from command line to 'False'
[0.125s] Level 5:colcon.colcon_core.verb:set package 'shuttles' build argument 'cmake_clean_first' from command line to 'False'
[0.125s] Level 5:colcon.colcon_core.verb:set package 'shuttles' build argument 'cmake_force_configure' from command line to 'False'
[0.125s] Level 5:colcon.colcon_core.verb:set package 'shuttles' build argument 'ament_cmake_args' from command line to 'None'
[0.125s] Level 5:colcon.colcon_core.verb:set package 'shuttles' build argument 'catkin_cmake_args' from command line to 'None'
[0.125s] Level 5:colcon.colcon_core.verb:set package 'shuttles' build argument 'catkin_skip_building_tests' from command line to 'False'
[0.125s] DEBUG:colcon.colcon_core.verb:Building package 'shuttles' with the following arguments: {'ament_cmake_args': None, 'build_base': '/home/user/celluleflexible_en_cours_ROS2/ros_ws/build/shuttles', 'catkin_cmake_args': None, 'catkin_skip_building_tests': False, 'cmake_args': None, 'cmake_clean_cache': False, 'cmake_clean_first': False, 'cmake_force_configure': False, 'cmake_target': None, 'cmake_target_skip_unavailable': False, 'install_base': '/home/user/celluleflexible_en_cours_ROS2/ros_ws/install/shuttles', 'merge_install': False, 'path': '/home/user/celluleflexible_en_cours_ROS2/ros_ws/src/shuttles', 'symlink_install': False, 'test_result_base': None}
[0.126s] Level 5:colcon.colcon_core.verb:set package 'robots' build argument 'cmake_args' from command line to 'None'
[0.126s] Level 5:colcon.colcon_core.verb:set package 'robots' build argument 'cmake_target' from command line to 'None'
[0.126s] Level 5:colcon.colcon_core.verb:set package 'robots' build argument 'cmake_target_skip_unavailable' from command line to 'False'
[0.126s] Level 5:colcon.colcon_core.verb:set package 'robots' build argument 'cmake_clean_cache' from command line to 'False'
[0.126s] Level 5:colcon.colcon_core.verb:set package 'robots' build argument 'cmake_clean_first' from command line to 'False'
[0.126s] Level 5:colcon.colcon_core.verb:set package 'robots' build argument 'cmake_force_configure' from command line to 'False'
[0.126s] Level 5:colcon.colcon_core.verb:set package 'robots' build argument 'ament_cmake_args' from command line to 'None'
[0.126s] Level 5:colcon.colcon_core.verb:set package 'robots' build argument 'catkin_cmake_args' from command line to 'None'
[0.126s] Level 5:colcon.colcon_core.verb:set package 'robots' build argument 'catkin_skip_building_tests' from command line to 'False'
[0.126s] DEBUG:colcon.colcon_core.verb:Building package 'robots' with the following arguments: {'ament_cmake_args': None, 'build_base': '/home/user/celluleflexible_en_cours_ROS2/ros_ws/build/robots', 'catkin_cmake_args': None, 'catkin_skip_building_tests': False, 'cmake_args': None, 'cmake_clean_cache': False, 'cmake_clean_first': False, 'cmake_force_configure': False, 'cmake_target': None, 'cmake_target_skip_unavailable': False, 'install_base': '/home/user/celluleflexible_en_cours_ROS2/ros_ws/install/robots', 'merge_install': False, 'path': '/home/user/celluleflexible_en_cours_ROS2/ros_ws/src/robots', 'symlink_install': False, 'test_result_base': None}
[0.126s] Level 5:colcon.colcon_core.verb:set package 'commande' build argument 'cmake_args' from command line to 'None'
[0.126s] Level 5:colcon.colcon_core.verb:set package 'commande' build argument 'cmake_target' from command line to 'None'
[0.126s] Level 5:colcon.colcon_core.verb:set package 'commande' build argument 'cmake_target_skip_unavailable' from command line to 'False'
[0.126s] Level 5:colcon.colcon_core.verb:set package 'commande' build argument 'cmake_clean_cache' from command line to 'False'
[0.126s] Level 5:colcon.colcon_core.verb:set package 'commande' build argument 'cmake_clean_first' from command line to 'False'
[0.126s] Level 5:colcon.colcon_core.verb:set package 'commande' build argument 'cmake_force_configure' from command line to 'False'
[0.126s] Level 5:colcon.colcon_core.verb:set package 'commande' build argument 'ament_cmake_args' from command line to 'None'
[0.126s] Level 5:colcon.colcon_core.verb:set package 'commande' build argument 'catkin_cmake_args' from command line to 'None'
[0.126s] Level 5:colcon.colcon_core.verb:set package 'commande' build argument 'catkin_skip_building_tests' from command line to 'False'
[0.126s] DEBUG:colcon.colcon_core.verb:Building package 'commande' with the following arguments: {'ament_cmake_args': None, 'build_base': '/home/user/celluleflexible_en_cours_ROS2/ros_ws/build/commande', 'catkin_cmake_args': None, 'catkin_skip_building_tests': False, 'cmake_args': None, 'cmake_clean_cache': False, 'cmake_clean_first': False, 'cmake_force_configure': False, 'cmake_target': None, 'cmake_target_skip_unavailable': False, 'install_base': '/home/user/celluleflexible_en_cours_ROS2/ros_ws/install/commande', 'merge_install': False, 'path': '/home/user/celluleflexible_en_cours_ROS2/ros_ws/src/commande', 'symlink_install': False, 'test_result_base': None}
[0.126s] INFO:colcon.colcon_core.executor:Executing jobs using 'parallel' executor
[0.127s] DEBUG:colcon.colcon_parallel_executor.executor.parallel:run_until_complete
[0.127s] INFO:colcon.colcon_ros.task.ament_cmake.build:Building ROS package in '/home/user/celluleflexible_en_cours_ROS2/ros_ws/src/aiguillages' with build type 'ament_cmake'
[0.127s] INFO:colcon.colcon_cmake.task.cmake.build:Building CMake package in '/home/user/celluleflexible_en_cours_ROS2/ros_ws/src/aiguillages'
[0.128s] INFO:colcon.colcon_core.plugin_system:Skipping extension 'colcon_core.shell.bat': Not used on non-Windows systems
[0.129s] INFO:colcon.colcon_core.shell:Skip shell extension 'powershell' for command environment: Not usable outside of PowerShell
[0.129s] DEBUG:colcon.colcon_core.shell:Skip shell extension 'dsv' for command environment
[0.132s] INFO:colcon.colcon_ros.task.ament_cmake.build:Building ROS package in '/home/user/celluleflexible_en_cours_ROS2/ros_ws/src/launcher' with build type 'ament_cmake'
[0.132s] INFO:colcon.colcon_cmake.task.cmake.build:Building CMake package in '/home/user/celluleflexible_en_cours_ROS2/ros_ws/src/launcher'
[0.132s] INFO:colcon.colcon_core.shell:Skip shell extension 'powershell' for command environment: Not usable outside of PowerShell
[0.132s] DEBUG:colcon.colcon_core.shell:Skip shell extension 'dsv' for command environment
[0.160s] DEBUG:colcon.colcon_core.event_handler.log_command:Invoking command in '/home/user/celluleflexible_en_cours_ROS2/ros_ws/build/aiguillages': CMAKE_PREFIX_PATH=${CMAKE_PREFIX_PATH}:/opt/ros/jazzy DEBUGINFOD_URLS=https://debuginfod.ubuntu.com /usr/bin/cmake --build /home/user/celluleflexible_en_cours_ROS2/ros_ws/build/aiguillages -- -j8 -l8
[0.168s] DEBUG:colcon.colcon_core.event_handler.log_command:Invoking command in '/home/user/celluleflexible_en_cours_ROS2/ros_ws/build/launcher': CMAKE_PREFIX_PATH=${CMAKE_PREFIX_PATH}:/opt/ros/jazzy DEBUGINFOD_URLS=https://debuginfod.ubuntu.com /usr/bin/cmake --build /home/user/celluleflexible_en_cours_ROS2/ros_ws/build/launcher -- -j8 -l8
[0.207s] DEBUG:colcon.colcon_core.event_handler.log_command:Invoked command in '/home/user/celluleflexible_en_cours_ROS2/ros_ws/build/launcher' returned '0': CMAKE_PREFIX_PATH=${CMAKE_PREFIX_PATH}:/opt/ros/jazzy DEBUGINFOD_URLS=https://debuginfod.ubuntu.com /usr/bin/cmake --build /home/user/celluleflexible_en_cours_ROS2/ros_ws/build/launcher -- -j8 -l8
[0.216s] DEBUG:colcon.colcon_core.event_handler.log_command:Invoking command in '/home/user/celluleflexible_en_cours_ROS2/ros_ws/build/launcher': CMAKE_PREFIX_PATH=${CMAKE_PREFIX_PATH}:/opt/ros/jazzy DEBUGINFOD_URLS=https://debuginfod.ubuntu.com /usr/bin/cmake --install /home/user/celluleflexible_en_cours_ROS2/ros_ws/build/launcher
[0.226s] Level 1:colcon.colcon_core.environment:create_environment_scripts_only(launcher)
[0.227s] DEBUG:colcon.colcon_core.event_handler.log_command:Invoked command in '/home/user/celluleflexible_en_cours_ROS2/ros_ws/build/launcher' returned '0': CMAKE_PREFIX_PATH=${CMAKE_PREFIX_PATH}:/opt/ros/jazzy DEBUGINFOD_URLS=https://debuginfod.ubuntu.com /usr/bin/cmake --install /home/user/celluleflexible_en_cours_ROS2/ros_ws/build/launcher
[0.228s] Level 1:colcon.colcon_core.environment:checking '/home/user/celluleflexible_en_cours_ROS2/ros_ws/install/launcher' for CMake module files
[0.228s] Level 1:colcon.colcon_core.environment:checking '/home/user/celluleflexible_en_cours_ROS2/ros_ws/install/launcher' for CMake config files
[0.228s] Level 1:colcon.colcon_core.shell:create_environment_hook('launcher', 'cmake_prefix_path')
[0.229s] INFO:colcon.colcon_core.shell:Creating environment hook '/home/user/celluleflexible_en_cours_ROS2/ros_ws/install/launcher/share/launcher/hook/cmake_prefix_path.ps1'
[0.229s] INFO:colcon.colcon_core.shell:Creating environment descriptor '/home/user/celluleflexible_en_cours_ROS2/ros_ws/install/launcher/share/launcher/hook/cmake_prefix_path.dsv'
[0.229s] INFO:colcon.colcon_core.shell:Creating environment hook '/home/user/celluleflexible_en_cours_ROS2/ros_ws/install/launcher/share/launcher/hook/cmake_prefix_path.sh'
[0.230s] Level 1:colcon.colcon_core.environment:checking '/home/user/celluleflexible_en_cours_ROS2/ros_ws/install/launcher/bin'
[0.230s] Level 1:colcon.colcon_core.environment:checking '/home/user/celluleflexible_en_cours_ROS2/ros_ws/install/launcher/lib/pkgconfig/launcher.pc'
[0.230s] Level 1:colcon.colcon_core.environment:checking '/home/user/celluleflexible_en_cours_ROS2/ros_ws/install/launcher/lib/python3.12/site-packages'
[0.230s] Level 1:colcon.colcon_core.environment:checking '/home/user/celluleflexible_en_cours_ROS2/ros_ws/install/launcher/bin'
[0.231s] INFO:colcon.colcon_core.shell:Creating package script '/home/user/celluleflexible_en_cours_ROS2/ros_ws/install/launcher/share/launcher/package.ps1'
[0.232s] INFO:colcon.colcon_core.shell:Creating package descriptor '/home/user/celluleflexible_en_cours_ROS2/ros_ws/install/launcher/share/launcher/package.dsv'
[0.232s] INFO:colcon.colcon_core.shell:Creating package script '/home/user/celluleflexible_en_cours_ROS2/ros_ws/install/launcher/share/launcher/package.sh'
[0.233s] INFO:colcon.colcon_core.shell:Creating package script '/home/user/celluleflexible_en_cours_ROS2/ros_ws/install/launcher/share/launcher/package.bash'
[0.238s] INFO:colcon.colcon_core.shell:Creating package script '/home/user/celluleflexible_en_cours_ROS2/ros_ws/install/launcher/share/launcher/package.zsh'
[0.242s] Level 1:colcon.colcon_core.environment:create_file_with_runtime_dependencies(/home/user/celluleflexible_en_cours_ROS2/ros_ws/install/launcher/share/colcon-core/packages/launcher)
[0.247s] Level 1:colcon.colcon_core.environment:create_environment_scripts_only(launcher)
[0.247s] Level 1:colcon.colcon_core.environment:checking '/home/user/celluleflexible_en_cours_ROS2/ros_ws/install/launcher' for CMake module files
[0.247s] Level 1:colcon.colcon_core.environment:checking '/home/user/celluleflexible_en_cours_ROS2/ros_ws/install/launcher' for CMake config files
[0.247s] Level 1:colcon.colcon_core.shell:create_environment_hook('launcher', 'cmake_prefix_path')
[0.247s] INFO:colcon.colcon_core.shell:Creating environment hook '/home/user/celluleflexible_en_cours_ROS2/ros_ws/install/launcher/share/launcher/hook/cmake_prefix_path.ps1'
[0.248s] INFO:colcon.colcon_core.shell:Creating environment descriptor '/home/user/celluleflexible_en_cours_ROS2/ros_ws/install/launcher/share/launcher/hook/cmake_prefix_path.dsv'
[0.248s] INFO:colcon.colcon_core.shell:Creating environment hook '/home/user/celluleflexible_en_cours_ROS2/ros_ws/install/launcher/share/launcher/hook/cmake_prefix_path.sh'
[0.249s] Level 1:colcon.colcon_core.environment:checking '/home/user/celluleflexible_en_cours_ROS2/ros_ws/install/launcher/bin'
[0.249s] Level 1:colcon.colcon_core.environment:checking '/home/user/celluleflexible_en_cours_ROS2/ros_ws/install/launcher/lib/pkgconfig/launcher.pc'
[0.249s] Level 1:colcon.colcon_core.environment:checking '/home/user/celluleflexible_en_cours_ROS2/ros_ws/install/launcher/lib/python3.12/site-packages'
[0.249s] Level 1:colcon.colcon_core.environment:checking '/home/user/celluleflexible_en_cours_ROS2/ros_ws/install/launcher/bin'
[0.249s] INFO:colcon.colcon_core.shell:Creating package script '/home/user/celluleflexible_en_cours_ROS2/ros_ws/install/launcher/share/launcher/package.ps1'
[0.250s] INFO:colcon.colcon_core.shell:Creating package descriptor '/home/user/celluleflexible_en_cours_ROS2/ros_ws/install/launcher/share/launcher/package.dsv'
[0.250s] INFO:colcon.colcon_core.shell:Creating package script '/home/user/celluleflexible_en_cours_ROS2/ros_ws/install/launcher/share/launcher/package.sh'
[0.251s] INFO:colcon.colcon_core.shell:Creating package script '/home/user/celluleflexible_en_cours_ROS2/ros_ws/install/launcher/share/launcher/package.bash'
[0.251s] INFO:colcon.colcon_core.shell:Creating package script '/home/user/celluleflexible_en_cours_ROS2/ros_ws/install/launcher/share/launcher/package.zsh'
[0.252s] Level 1:colcon.colcon_core.environment:create_file_with_runtime_dependencies(/home/user/celluleflexible_en_cours_ROS2/ros_ws/install/launcher/share/colcon-core/packages/launcher)
[4.307s] DEBUG:colcon.colcon_core.event_handler.log_command:Invoked command in '/home/user/celluleflexible_en_cours_ROS2/ros_ws/build/aiguillages' returned '0': CMAKE_PREFIX_PATH=${CMAKE_PREFIX_PATH}:/opt/ros/jazzy DEBUGINFOD_URLS=https://debuginfod.ubuntu.com /usr/bin/cmake --build /home/user/celluleflexible_en_cours_ROS2/ros_ws/build/aiguillages -- -j8 -l8
[4.308s] DEBUG:colcon.colcon_core.event_handler.log_command:Invoking command in '/home/user/celluleflexible_en_cours_ROS2/ros_ws/build/aiguillages': CMAKE_PREFIX_PATH=${CMAKE_PREFIX_PATH}:/opt/ros/jazzy DEBUGINFOD_URLS=https://debuginfod.ubuntu.com /usr/bin/cmake --install /home/user/celluleflexible_en_cours_ROS2/ros_ws/build/aiguillages
[4.358s] Level 1:colcon.colcon_core.environment:create_environment_scripts_only(aiguillages)
[4.358s] Level 1:colcon.colcon_core.environment:checking '/home/user/celluleflexible_en_cours_ROS2/ros_ws/install/aiguillages' for CMake module files
[4.361s] DEBUG:colcon.colcon_core.event_handler.log_command:Invoked command in '/home/user/celluleflexible_en_cours_ROS2/ros_ws/build/aiguillages' returned '0': CMAKE_PREFIX_PATH=${CMAKE_PREFIX_PATH}:/opt/ros/jazzy DEBUGINFOD_URLS=https://debuginfod.ubuntu.com /usr/bin/cmake --install /home/user/celluleflexible_en_cours_ROS2/ros_ws/build/aiguillages
[4.362s] Level 1:colcon.colcon_core.environment:checking '/home/user/celluleflexible_en_cours_ROS2/ros_ws/install/aiguillages' for CMake config files
[4.363s] Level 1:colcon.colcon_core.shell:create_environment_hook('aiguillages', 'cmake_prefix_path')
[4.363s] INFO:colcon.colcon_core.shell:Creating environment hook '/home/user/celluleflexible_en_cours_ROS2/ros_ws/install/aiguillages/share/aiguillages/hook/cmake_prefix_path.ps1'
[4.363s] INFO:colcon.colcon_core.shell:Creating environment descriptor '/home/user/celluleflexible_en_cours_ROS2/ros_ws/install/aiguillages/share/aiguillages/hook/cmake_prefix_path.dsv'
[4.364s] INFO:colcon.colcon_core.shell:Creating environment hook '/home/user/celluleflexible_en_cours_ROS2/ros_ws/install/aiguillages/share/aiguillages/hook/cmake_prefix_path.sh'
[4.364s] Level 1:colcon.colcon_core.environment:checking '/home/user/celluleflexible_en_cours_ROS2/ros_ws/install/aiguillages/lib'
[4.364s] Level 1:colcon.colcon_core.shell:create_environment_hook('aiguillages', 'ld_library_path_lib')
[4.365s] INFO:colcon.colcon_core.shell:Creating environment hook '/home/user/celluleflexible_en_cours_ROS2/ros_ws/install/aiguillages/share/aiguillages/hook/ld_library_path_lib.ps1'
[4.365s] INFO:colcon.colcon_core.shell:Creating environment descriptor '/home/user/celluleflexible_en_cours_ROS2/ros_ws/install/aiguillages/share/aiguillages/hook/ld_library_path_lib.dsv'
[4.365s] INFO:colcon.colcon_core.shell:Creating environment hook '/home/user/celluleflexible_en_cours_ROS2/ros_ws/install/aiguillages/share/aiguillages/hook/ld_library_path_lib.sh'
[4.366s] Level 1:colcon.colcon_core.environment:checking '/home/user/celluleflexible_en_cours_ROS2/ros_ws/install/aiguillages/bin'
[4.366s] Level 1:colcon.colcon_core.environment:checking '/home/user/celluleflexible_en_cours_ROS2/ros_ws/install/aiguillages/lib/pkgconfig/aiguillages.pc'
[4.366s] Level 1:colcon.colcon_core.environment:checking '/home/user/celluleflexible_en_cours_ROS2/ros_ws/install/aiguillages/lib/python3.12/site-packages'
[4.366s] Level 1:colcon.colcon_core.shell:create_environment_hook('aiguillages', 'pythonpath')
[4.366s] INFO:colcon.colcon_core.shell:Creating environment hook '/home/user/celluleflexible_en_cours_ROS2/ros_ws/install/aiguillages/share/aiguillages/hook/pythonpath.ps1'
[4.367s] INFO:colcon.colcon_core.shell:Creating environment descriptor '/home/user/celluleflexible_en_cours_ROS2/ros_ws/install/aiguillages/share/aiguillages/hook/pythonpath.dsv'
[4.367s] INFO:colcon.colcon_core.shell:Creating environment hook '/home/user/celluleflexible_en_cours_ROS2/ros_ws/install/aiguillages/share/aiguillages/hook/pythonpath.sh'
[4.368s] Level 1:colcon.colcon_core.environment:checking '/home/user/celluleflexible_en_cours_ROS2/ros_ws/install/aiguillages/bin'
[4.368s] INFO:colcon.colcon_core.shell:Creating package script '/home/user/celluleflexible_en_cours_ROS2/ros_ws/install/aiguillages/share/aiguillages/package.ps1'
[4.368s] INFO:colcon.colcon_core.shell:Creating package descriptor '/home/user/celluleflexible_en_cours_ROS2/ros_ws/install/aiguillages/share/aiguillages/package.dsv'
[4.369s] INFO:colcon.colcon_core.shell:Creating package script '/home/user/celluleflexible_en_cours_ROS2/ros_ws/install/aiguillages/share/aiguillages/package.sh'
[4.369s] INFO:colcon.colcon_core.shell:Creating package script '/home/user/celluleflexible_en_cours_ROS2/ros_ws/install/aiguillages/share/aiguillages/package.bash'
[4.370s] INFO:colcon.colcon_core.shell:Creating package script '/home/user/celluleflexible_en_cours_ROS2/ros_ws/install/aiguillages/share/aiguillages/package.zsh'
[4.370s] Level 1:colcon.colcon_core.environment:create_file_with_runtime_dependencies(/home/user/celluleflexible_en_cours_ROS2/ros_ws/install/aiguillages/share/colcon-core/packages/aiguillages)
[4.370s] Level 1:colcon.colcon_core.environment:create_environment_scripts_only(aiguillages)
[4.370s] Level 1:colcon.colcon_core.environment:checking '/home/user/celluleflexible_en_cours_ROS2/ros_ws/install/aiguillages' for CMake module files
[4.371s] Level 1:colcon.colcon_core.environment:checking '/home/user/celluleflexible_en_cours_ROS2/ros_ws/install/aiguillages' for CMake config files
[4.371s] Level 1:colcon.colcon_core.shell:create_environment_hook('aiguillages', 'cmake_prefix_path')
[4.371s] INFO:colcon.colcon_core.shell:Creating environment hook '/home/user/celluleflexible_en_cours_ROS2/ros_ws/install/aiguillages/share/aiguillages/hook/cmake_prefix_path.ps1'
[4.371s] INFO:colcon.colcon_core.shell:Creating environment descriptor '/home/user/celluleflexible_en_cours_ROS2/ros_ws/install/aiguillages/share/aiguillages/hook/cmake_prefix_path.dsv'
[4.372s] INFO:colcon.colcon_core.shell:Creating environment hook '/home/user/celluleflexible_en_cours_ROS2/ros_ws/install/aiguillages/share/aiguillages/hook/cmake_prefix_path.sh'
[4.373s] Level 1:colcon.colcon_core.environment:checking '/home/user/celluleflexible_en_cours_ROS2/ros_ws/install/aiguillages/lib'
[4.373s] Level 1:colcon.colcon_core.shell:create_environment_hook('aiguillages', 'ld_library_path_lib')
[4.373s] INFO:colcon.colcon_core.shell:Creating environment hook '/home/user/celluleflexible_en_cours_ROS2/ros_ws/install/aiguillages/share/aiguillages/hook/ld_library_path_lib.ps1'
[4.373s] INFO:colcon.colcon_core.shell:Creating environment descriptor '/home/user/celluleflexible_en_cours_ROS2/ros_ws/install/aiguillages/share/aiguillages/hook/ld_library_path_lib.dsv'
[4.374s] INFO:colcon.colcon_core.shell:Creating environment hook '/home/user/celluleflexible_en_cours_ROS2/ros_ws/install/aiguillages/share/aiguillages/hook/ld_library_path_lib.sh'
[4.374s] Level 1:colcon.colcon_core.environment:checking '/home/user/celluleflexible_en_cours_ROS2/ros_ws/install/aiguillages/bin'
[4.374s] Level 1:colcon.colcon_core.environment:checking '/home/user/celluleflexible_en_cours_ROS2/ros_ws/install/aiguillages/lib/pkgconfig/aiguillages.pc'
[4.374s] Level 1:colcon.colcon_core.environment:checking '/home/user/celluleflexible_en_cours_ROS2/ros_ws/install/aiguillages/lib/python3.12/site-packages'
[4.374s] Level 1:colcon.colcon_core.shell:create_environment_hook('aiguillages', 'pythonpath')
[4.374s] INFO:colcon.colcon_core.shell:Creating environment hook '/home/user/celluleflexible_en_cours_ROS2/ros_ws/install/aiguillages/share/aiguillages/hook/pythonpath.ps1'
[4.375s] INFO:colcon.colcon_core.shell:Creating environment descriptor '/home/user/celluleflexible_en_cours_ROS2/ros_ws/install/aiguillages/share/aiguillages/hook/pythonpath.dsv'
[4.375s] INFO:colcon.colcon_core.shell:Creating environment hook '/home/user/celluleflexible_en_cours_ROS2/ros_ws/install/aiguillages/share/aiguillages/hook/pythonpath.sh'
[4.376s] Level 1:colcon.colcon_core.environment:checking '/home/user/celluleflexible_en_cours_ROS2/ros_ws/install/aiguillages/bin'
[4.376s] INFO:colcon.colcon_core.shell:Creating package script '/home/user/celluleflexible_en_cours_ROS2/ros_ws/install/aiguillages/share/aiguillages/package.ps1'
[4.377s] INFO:colcon.colcon_core.shell:Creating package descriptor '/home/user/celluleflexible_en_cours_ROS2/ros_ws/install/aiguillages/share/aiguillages/package.dsv'
[4.377s] INFO:colcon.colcon_core.shell:Creating package script '/home/user/celluleflexible_en_cours_ROS2/ros_ws/install/aiguillages/share/aiguillages/package.sh'
[4.378s] INFO:colcon.colcon_core.shell:Creating package script '/home/user/celluleflexible_en_cours_ROS2/ros_ws/install/aiguillages/share/aiguillages/package.bash'
[4.378s] INFO:colcon.colcon_core.shell:Creating package script '/home/user/celluleflexible_en_cours_ROS2/ros_ws/install/aiguillages/share/aiguillages/package.zsh'
[4.378s] Level 1:colcon.colcon_core.environment:create_file_with_runtime_dependencies(/home/user/celluleflexible_en_cours_ROS2/ros_ws/install/aiguillages/share/colcon-core/packages/aiguillages)
[4.379s] INFO:colcon.colcon_ros.task.ament_cmake.build:Building ROS package in '/home/user/celluleflexible_en_cours_ROS2/ros_ws/src/commande_locale' with build type 'ament_cmake'
[4.379s] INFO:colcon.colcon_cmake.task.cmake.build:Building CMake package in '/home/user/celluleflexible_en_cours_ROS2/ros_ws/src/commande_locale'
[4.379s] INFO:colcon.colcon_core.shell:Skip shell extension 'powershell' for command environment: Not usable outside of PowerShell
[4.379s] DEBUG:colcon.colcon_core.shell:Skip shell extension 'dsv' for command environment
[4.383s] INFO:colcon.colcon_ros.task.ament_cmake.build:Building ROS package in '/home/user/celluleflexible_en_cours_ROS2/ros_ws/src/shuttles' with build type 'ament_cmake'
[4.383s] INFO:colcon.colcon_cmake.task.cmake.build:Building CMake package in '/home/user/celluleflexible_en_cours_ROS2/ros_ws/src/shuttles'
[4.383s] INFO:colcon.colcon_core.shell:Skip shell extension 'powershell' for command environment: Not usable outside of PowerShell
[4.383s] DEBUG:colcon.colcon_core.shell:Skip shell extension 'dsv' for command environment
[4.404s] DEBUG:colcon.colcon_core.event_handler.log_command:Invoking command in '/home/user/celluleflexible_en_cours_ROS2/ros_ws/build/commande_locale': CMAKE_PREFIX_PATH=/home/user/celluleflexible_en_cours_ROS2/ros_ws/install/aiguillages:/home/user/celluleflexible_en_cours_ROS2/ros_ws/install/commande:/home/user/celluleflexible_en_cours_ROS2/ros_ws/install/shuttles:/home/user/celluleflexible_en_cours_ROS2/ros_ws/install/robots:/home/user/celluleflexible_en_cours_ROS2/ros_ws/install/launcher:/home/user/celluleflexible_en_cours_ROS2/ros_ws/install/commande_locale:/opt/ros/jazzy/opt/gz_math_vendor:/opt/ros/jazzy/opt/gz_utils_vendor:/opt/ros/jazzy/opt/gz_cmake_vendor:/opt/ros/jazzy DEBUGINFOD_URLS=https://debuginfod.ubuntu.com LD_LIBRARY_PATH=/home/user/celluleflexible_en_cours_ROS2/ros_ws/install/aiguillages/lib:/home/user/celluleflexible_en_cours_ROS2/ros_ws/install/shuttles/lib:/home/user/celluleflexible_en_cours_ROS2/ros_ws/install/robots/lib:/home/user/celluleflexible_en_cours_ROS2/ros_ws/install/commande_locale/lib:/opt/ros/jazzy/opt/rviz_ogre_vendor/lib:/opt/ros/jazzy/lib/x86_64-linux-gnu:/opt/ros/jazzy/opt/gz_math_vendor/lib:/opt/ros/jazzy/opt/gz_utils_vendor/lib:/opt/ros/jazzy/opt/gz_cmake_vendor/lib:/opt/ros/jazzy/lib PYTHONPATH=/home/user/celluleflexible_en_cours_ROS2/ros_ws/install/aiguillages/lib/python3.12/site-packages:/home/user/celluleflexible_en_cours_ROS2/ros_ws/install/shuttles/lib/python3.12/site-packages:/home/user/celluleflexible_en_cours_ROS2/ros_ws/install/robots/lib/python3.12/site-packages:/home/user/celluleflexible_en_cours_ROS2/ros_ws/install/commande_locale/lib/python3.12/site-packages:/opt/ros/jazzy/lib/python3.12/site-packages /usr/bin/cmake --build /home/user/celluleflexible_en_cours_ROS2/ros_ws/build/commande_locale -- -j8 -l8
[4.408s] DEBUG:colcon.colcon_core.event_handler.log_command:Invoking command in '/home/user/celluleflexible_en_cours_ROS2/ros_ws/build/shuttles': CMAKE_PREFIX_PATH=/home/user/celluleflexible_en_cours_ROS2/ros_ws/install/aiguillages:/home/user/celluleflexible_en_cours_ROS2/ros_ws/install/commande:/home/user/celluleflexible_en_cours_ROS2/ros_ws/install/shuttles:/home/user/celluleflexible_en_cours_ROS2/ros_ws/install/robots:/home/user/celluleflexible_en_cours_ROS2/ros_ws/install/launcher:/home/user/celluleflexible_en_cours_ROS2/ros_ws/install/commande_locale:/opt/ros/jazzy/opt/gz_math_vendor:/opt/ros/jazzy/opt/gz_utils_vendor:/opt/ros/jazzy/opt/gz_cmake_vendor:/opt/ros/jazzy DEBUGINFOD_URLS=https://debuginfod.ubuntu.com LD_LIBRARY_PATH=/home/user/celluleflexible_en_cours_ROS2/ros_ws/install/aiguillages/lib:/home/user/celluleflexible_en_cours_ROS2/ros_ws/install/shuttles/lib:/home/user/celluleflexible_en_cours_ROS2/ros_ws/install/robots/lib:/home/user/celluleflexible_en_cours_ROS2/ros_ws/install/commande_locale/lib:/opt/ros/jazzy/opt/rviz_ogre_vendor/lib:/opt/ros/jazzy/lib/x86_64-linux-gnu:/opt/ros/jazzy/opt/gz_math_vendor/lib:/opt/ros/jazzy/opt/gz_utils_vendor/lib:/opt/ros/jazzy/opt/gz_cmake_vendor/lib:/opt/ros/jazzy/lib PYTHONPATH=/home/user/celluleflexible_en_cours_ROS2/ros_ws/install/aiguillages/lib/python3.12/site-packages:/home/user/celluleflexible_en_cours_ROS2/ros_ws/install/shuttles/lib/python3.12/site-packages:/home/user/celluleflexible_en_cours_ROS2/ros_ws/install/robots/lib/python3.12/site-packages:/home/user/celluleflexible_en_cours_ROS2/ros_ws/install/commande_locale/lib/python3.12/site-packages:/opt/ros/jazzy/lib/python3.12/site-packages /usr/bin/cmake --build /home/user/celluleflexible_en_cours_ROS2/ros_ws/build/shuttles -- -j8 -l8
[4.713s] DEBUG:colcon.colcon_core.event_handler.log_command:Invoked command in '/home/user/celluleflexible_en_cours_ROS2/ros_ws/build/commande_locale' returned '0': CMAKE_PREFIX_PATH=/home/user/celluleflexible_en_cours_ROS2/ros_ws/install/aiguillages:/home/user/celluleflexible_en_cours_ROS2/ros_ws/install/commande:/home/user/celluleflexible_en_cours_ROS2/ros_ws/install/shuttles:/home/user/celluleflexible_en_cours_ROS2/ros_ws/install/robots:/home/user/celluleflexible_en_cours_ROS2/ros_ws/install/launcher:/home/user/celluleflexible_en_cours_ROS2/ros_ws/install/commande_locale:/opt/ros/jazzy/opt/gz_math_vendor:/opt/ros/jazzy/opt/gz_utils_vendor:/opt/ros/jazzy/opt/gz_cmake_vendor:/opt/ros/jazzy DEBUGINFOD_URLS=https://debuginfod.ubuntu.com LD_LIBRARY_PATH=/home/user/celluleflexible_en_cours_ROS2/ros_ws/install/aiguillages/lib:/home/user/celluleflexible_en_cours_ROS2/ros_ws/install/shuttles/lib:/home/user/celluleflexible_en_cours_ROS2/ros_ws/install/robots/lib:/home/user/celluleflexible_en_cours_ROS2/ros_ws/install/commande_locale/lib:/opt/ros/jazzy/opt/rviz_ogre_vendor/lib:/opt/ros/jazzy/lib/x86_64-linux-gnu:/opt/ros/jazzy/opt/gz_math_vendor/lib:/opt/ros/jazzy/opt/gz_utils_vendor/lib:/opt/ros/jazzy/opt/gz_cmake_vendor/lib:/opt/ros/jazzy/lib PYTHONPATH=/home/user/celluleflexible_en_cours_ROS2/ros_ws/install/aiguillages/lib/python3.12/site-packages:/home/user/celluleflexible_en_cours_ROS2/ros_ws/install/shuttles/lib/python3.12/site-packages:/home/user/celluleflexible_en_cours_ROS2/ros_ws/install/robots/lib/python3.12/site-packages:/home/user/celluleflexible_en_cours_ROS2/ros_ws/install/commande_locale/lib/python3.12/site-packages:/opt/ros/jazzy/lib/python3.12/site-packages /usr/bin/cmake --build /home/user/celluleflexible_en_cours_ROS2/ros_ws/build/commande_locale -- -j8 -l8
[4.713s] DEBUG:colcon.colcon_core.event_handler.log_command:Invoking command in '/home/user/celluleflexible_en_cours_ROS2/ros_ws/build/commande_locale': CMAKE_PREFIX_PATH=/home/user/celluleflexible_en_cours_ROS2/ros_ws/install/aiguillages:/home/user/celluleflexible_en_cours_ROS2/ros_ws/install/commande:/home/user/celluleflexible_en_cours_ROS2/ros_ws/install/shuttles:/home/user/celluleflexible_en_cours_ROS2/ros_ws/install/robots:/home/user/celluleflexible_en_cours_ROS2/ros_ws/install/launcher:/home/user/celluleflexible_en_cours_ROS2/ros_ws/install/commande_locale:/opt/ros/jazzy/opt/gz_math_vendor:/opt/ros/jazzy/opt/gz_utils_vendor:/opt/ros/jazzy/opt/gz_cmake_vendor:/opt/ros/jazzy DEBUGINFOD_URLS=https://debuginfod.ubuntu.com LD_LIBRARY_PATH=/home/user/celluleflexible_en_cours_ROS2/ros_ws/install/aiguillages/lib:/home/user/celluleflexible_en_cours_ROS2/ros_ws/install/shuttles/lib:/home/user/celluleflexible_en_cours_ROS2/ros_ws/install/robots/lib:/home/user/celluleflexible_en_cours_ROS2/ros_ws/install/commande_locale/lib:/opt/ros/jazzy/opt/rviz_ogre_vendor/lib:/opt/ros/jazzy/lib/x86_64-linux-gnu:/opt/ros/jazzy/opt/gz_math_vendor/lib:/opt/ros/jazzy/opt/gz_utils_vendor/lib:/opt/ros/jazzy/opt/gz_cmake_vendor/lib:/opt/ros/jazzy/lib PYTHONPATH=/home/user/celluleflexible_en_cours_ROS2/ros_ws/install/aiguillages/lib/python3.12/site-packages:/home/user/celluleflexible_en_cours_ROS2/ros_ws/install/shuttles/lib/python3.12/site-packages:/home/user/celluleflexible_en_cours_ROS2/ros_ws/install/robots/lib/python3.12/site-packages:/home/user/celluleflexible_en_cours_ROS2/ros_ws/install/commande_locale/lib/python3.12/site-packages:/opt/ros/jazzy/lib/python3.12/site-packages /usr/bin/cmake --install /home/user/celluleflexible_en_cours_ROS2/ros_ws/build/commande_locale
[4.756s] DEBUG:colcon.colcon_core.event_handler.log_command:Invoked command in '/home/user/celluleflexible_en_cours_ROS2/ros_ws/build/shuttles' returned '0': CMAKE_PREFIX_PATH=/home/user/celluleflexible_en_cours_ROS2/ros_ws/install/aiguillages:/home/user/celluleflexible_en_cours_ROS2/ros_ws/install/commande:/home/user/celluleflexible_en_cours_ROS2/ros_ws/install/shuttles:/home/user/celluleflexible_en_cours_ROS2/ros_ws/install/robots:/home/user/celluleflexible_en_cours_ROS2/ros_ws/install/launcher:/home/user/celluleflexible_en_cours_ROS2/ros_ws/install/commande_locale:/opt/ros/jazzy/opt/gz_math_vendor:/opt/ros/jazzy/opt/gz_utils_vendor:/opt/ros/jazzy/opt/gz_cmake_vendor:/opt/ros/jazzy DEBUGINFOD_URLS=https://debuginfod.ubuntu.com LD_LIBRARY_PATH=/home/user/celluleflexible_en_cours_ROS2/ros_ws/install/aiguillages/lib:/home/user/celluleflexible_en_cours_ROS2/ros_ws/install/shuttles/lib:/home/user/celluleflexible_en_cours_ROS2/ros_ws/install/robots/lib:/home/user/celluleflexible_en_cours_ROS2/ros_ws/install/commande_locale/lib:/opt/ros/jazzy/opt/rviz_ogre_vendor/lib:/opt/ros/jazzy/lib/x86_64-linux-gnu:/opt/ros/jazzy/opt/gz_math_vendor/lib:/opt/ros/jazzy/opt/gz_utils_vendor/lib:/opt/ros/jazzy/opt/gz_cmake_vendor/lib:/opt/ros/jazzy/lib PYTHONPATH=/home/user/celluleflexible_en_cours_ROS2/ros_ws/install/aiguillages/lib/python3.12/site-packages:/home/user/celluleflexible_en_cours_ROS2/ros_ws/install/shuttles/lib/python3.12/site-packages:/home/user/celluleflexible_en_cours_ROS2/ros_ws/install/robots/lib/python3.12/site-packages:/home/user/celluleflexible_en_cours_ROS2/ros_ws/install/commande_locale/lib/python3.12/site-packages:/opt/ros/jazzy/lib/python3.12/site-packages /usr/bin/cmake --build /home/user/celluleflexible_en_cours_ROS2/ros_ws/build/shuttles -- -j8 -l8
[4.756s] DEBUG:colcon.colcon_core.event_handler.log_command:Invoking command in '/home/user/celluleflexible_en_cours_ROS2/ros_ws/build/shuttles': CMAKE_PREFIX_PATH=/home/user/celluleflexible_en_cours_ROS2/ros_ws/install/aiguillages:/home/user/celluleflexible_en_cours_ROS2/ros_ws/install/commande:/home/user/celluleflexible_en_cours_ROS2/ros_ws/install/shuttles:/home/user/celluleflexible_en_cours_ROS2/ros_ws/install/robots:/home/user/celluleflexible_en_cours_ROS2/ros_ws/install/launcher:/home/user/celluleflexible_en_cours_ROS2/ros_ws/install/commande_locale:/opt/ros/jazzy/opt/gz_math_vendor:/opt/ros/jazzy/opt/gz_utils_vendor:/opt/ros/jazzy/opt/gz_cmake_vendor:/opt/ros/jazzy DEBUGINFOD_URLS=https://debuginfod.ubuntu.com LD_LIBRARY_PATH=/home/user/celluleflexible_en_cours_ROS2/ros_ws/install/aiguillages/lib:/home/user/celluleflexible_en_cours_ROS2/ros_ws/install/shuttles/lib:/home/user/celluleflexible_en_cours_ROS2/ros_ws/install/robots/lib:/home/user/celluleflexible_en_cours_ROS2/ros_ws/install/commande_locale/lib:/opt/ros/jazzy/opt/rviz_ogre_vendor/lib:/opt/ros/jazzy/lib/x86_64-linux-gnu:/opt/ros/jazzy/opt/gz_math_vendor/lib:/opt/ros/jazzy/opt/gz_utils_vendor/lib:/opt/ros/jazzy/opt/gz_cmake_vendor/lib:/opt/ros/jazzy/lib PYTHONPATH=/home/user/celluleflexible_en_cours_ROS2/ros_ws/install/aiguillages/lib/python3.12/site-packages:/home/user/celluleflexible_en_cours_ROS2/ros_ws/install/shuttles/lib/python3.12/site-packages:/home/user/celluleflexible_en_cours_ROS2/ros_ws/install/robots/lib/python3.12/site-packages:/home/user/celluleflexible_en_cours_ROS2/ros_ws/install/commande_locale/lib/python3.12/site-packages:/opt/ros/jazzy/lib/python3.12/site-packages /usr/bin/cmake --install /home/user/celluleflexible_en_cours_ROS2/ros_ws/build/shuttles
[4.799s] Level 1:colcon.colcon_core.environment:create_environment_scripts_only(shuttles)
[4.799s] Level 1:colcon.colcon_core.environment:checking '/home/user/celluleflexible_en_cours_ROS2/ros_ws/install/shuttles' for CMake module files
[4.800s] Level 1:colcon.colcon_core.environment:checking '/home/user/celluleflexible_en_cours_ROS2/ros_ws/install/shuttles' for CMake config files
[4.801s] Level 1:colcon.colcon_core.shell:create_environment_hook('shuttles', 'cmake_prefix_path')
[4.802s] INFO:colcon.colcon_core.shell:Creating environment hook '/home/user/celluleflexible_en_cours_ROS2/ros_ws/install/shuttles/share/shuttles/hook/cmake_prefix_path.ps1'
[4.803s] DEBUG:colcon.colcon_core.event_handler.log_command:Invoked command in '/home/user/celluleflexible_en_cours_ROS2/ros_ws/build/shuttles' returned '0': CMAKE_PREFIX_PATH=/home/user/celluleflexible_en_cours_ROS2/ros_ws/install/aiguillages:/home/user/celluleflexible_en_cours_ROS2/ros_ws/install/commande:/home/user/celluleflexible_en_cours_ROS2/ros_ws/install/shuttles:/home/user/celluleflexible_en_cours_ROS2/ros_ws/install/robots:/home/user/celluleflexible_en_cours_ROS2/ros_ws/install/launcher:/home/user/celluleflexible_en_cours_ROS2/ros_ws/install/commande_locale:/opt/ros/jazzy/opt/gz_math_vendor:/opt/ros/jazzy/opt/gz_utils_vendor:/opt/ros/jazzy/opt/gz_cmake_vendor:/opt/ros/jazzy DEBUGINFOD_URLS=https://debuginfod.ubuntu.com LD_LIBRARY_PATH=/home/user/celluleflexible_en_cours_ROS2/ros_ws/install/aiguillages/lib:/home/user/celluleflexible_en_cours_ROS2/ros_ws/install/shuttles/lib:/home/user/celluleflexible_en_cours_ROS2/ros_ws/install/robots/lib:/home/user/celluleflexible_en_cours_ROS2/ros_ws/install/commande_locale/lib:/opt/ros/jazzy/opt/rviz_ogre_vendor/lib:/opt/ros/jazzy/lib/x86_64-linux-gnu:/opt/ros/jazzy/opt/gz_math_vendor/lib:/opt/ros/jazzy/opt/gz_utils_vendor/lib:/opt/ros/jazzy/opt/gz_cmake_vendor/lib:/opt/ros/jazzy/lib PYTHONPATH=/home/user/celluleflexible_en_cours_ROS2/ros_ws/install/aiguillages/lib/python3.12/site-packages:/home/user/celluleflexible_en_cours_ROS2/ros_ws/install/shuttles/lib/python3.12/site-packages:/home/user/celluleflexible_en_cours_ROS2/ros_ws/install/robots/lib/python3.12/site-packages:/home/user/celluleflexible_en_cours_ROS2/ros_ws/install/commande_locale/lib/python3.12/site-packages:/opt/ros/jazzy/lib/python3.12/site-packages /usr/bin/cmake --install /home/user/celluleflexible_en_cours_ROS2/ros_ws/build/shuttles
[4.803s] INFO:colcon.colcon_core.shell:Creating environment descriptor '/home/user/celluleflexible_en_cours_ROS2/ros_ws/install/shuttles/share/shuttles/hook/cmake_prefix_path.dsv'
[4.804s] INFO:colcon.colcon_core.shell:Creating environment hook '/home/user/celluleflexible_en_cours_ROS2/ros_ws/install/shuttles/share/shuttles/hook/cmake_prefix_path.sh'
[4.804s] Level 1:colcon.colcon_core.environment:checking '/home/user/celluleflexible_en_cours_ROS2/ros_ws/install/shuttles/lib'
[4.804s] Level 1:colcon.colcon_core.shell:create_environment_hook('shuttles', 'ld_library_path_lib')
[4.804s] INFO:colcon.colcon_core.shell:Creating environment hook '/home/user/celluleflexible_en_cours_ROS2/ros_ws/install/shuttles/share/shuttles/hook/ld_library_path_lib.ps1'
[4.804s] INFO:colcon.colcon_core.shell:Creating environment descriptor '/home/user/celluleflexible_en_cours_ROS2/ros_ws/install/shuttles/share/shuttles/hook/ld_library_path_lib.dsv'
[4.805s] INFO:colcon.colcon_core.shell:Creating environment hook '/home/user/celluleflexible_en_cours_ROS2/ros_ws/install/shuttles/share/shuttles/hook/ld_library_path_lib.sh'
[4.805s] Level 1:colcon.colcon_core.environment:checking '/home/user/celluleflexible_en_cours_ROS2/ros_ws/install/shuttles/bin'
[4.805s] Level 1:colcon.colcon_core.environment:checking '/home/user/celluleflexible_en_cours_ROS2/ros_ws/install/shuttles/lib/pkgconfig/shuttles.pc'
[4.805s] Level 1:colcon.colcon_core.environment:checking '/home/user/celluleflexible_en_cours_ROS2/ros_ws/install/shuttles/lib/python3.12/site-packages'
[4.806s] Level 1:colcon.colcon_core.shell:create_environment_hook('shuttles', 'pythonpath')
[4.806s] INFO:colcon.colcon_core.shell:Creating environment hook '/home/user/celluleflexible_en_cours_ROS2/ros_ws/install/shuttles/share/shuttles/hook/pythonpath.ps1'
[4.806s] INFO:colcon.colcon_core.shell:Creating environment descriptor '/home/user/celluleflexible_en_cours_ROS2/ros_ws/install/shuttles/share/shuttles/hook/pythonpath.dsv'
[4.806s] INFO:colcon.colcon_core.shell:Creating environment hook '/home/user/celluleflexible_en_cours_ROS2/ros_ws/install/shuttles/share/shuttles/hook/pythonpath.sh'
[4.807s] Level 1:colcon.colcon_core.environment:checking '/home/user/celluleflexible_en_cours_ROS2/ros_ws/install/shuttles/bin'
[4.807s] INFO:colcon.colcon_core.shell:Creating package script '/home/user/celluleflexible_en_cours_ROS2/ros_ws/install/shuttles/share/shuttles/package.ps1'
[4.807s] INFO:colcon.colcon_core.shell:Creating package descriptor '/home/user/celluleflexible_en_cours_ROS2/ros_ws/install/shuttles/share/shuttles/package.dsv'
[4.808s] INFO:colcon.colcon_core.shell:Creating package script '/home/user/celluleflexible_en_cours_ROS2/ros_ws/install/shuttles/share/shuttles/package.sh'
[4.808s] INFO:colcon.colcon_core.shell:Creating package script '/home/user/celluleflexible_en_cours_ROS2/ros_ws/install/shuttles/share/shuttles/package.bash'
[4.808s] INFO:colcon.colcon_core.shell:Creating package script '/home/user/celluleflexible_en_cours_ROS2/ros_ws/install/shuttles/share/shuttles/package.zsh'
[4.809s] Level 1:colcon.colcon_core.environment:create_file_with_runtime_dependencies(/home/user/celluleflexible_en_cours_ROS2/ros_ws/install/shuttles/share/colcon-core/packages/shuttles)
[4.809s] Level 1:colcon.colcon_core.environment:create_environment_scripts_only(shuttles)
[4.809s] Level 1:colcon.colcon_core.environment:checking '/home/user/celluleflexible_en_cours_ROS2/ros_ws/install/shuttles' for CMake module files
[4.810s] Level 1:colcon.colcon_core.environment:checking '/home/user/celluleflexible_en_cours_ROS2/ros_ws/install/shuttles' for CMake config files
[4.810s] Level 1:colcon.colcon_core.shell:create_environment_hook('shuttles', 'cmake_prefix_path')
[4.810s] INFO:colcon.colcon_core.shell:Creating environment hook '/home/user/celluleflexible_en_cours_ROS2/ros_ws/install/shuttles/share/shuttles/hook/cmake_prefix_path.ps1'
[4.810s] INFO:colcon.colcon_core.shell:Creating environment descriptor '/home/user/celluleflexible_en_cours_ROS2/ros_ws/install/shuttles/share/shuttles/hook/cmake_prefix_path.dsv'
[4.810s] INFO:colcon.colcon_core.shell:Creating environment hook '/home/user/celluleflexible_en_cours_ROS2/ros_ws/install/shuttles/share/shuttles/hook/cmake_prefix_path.sh'
[4.811s] Level 1:colcon.colcon_core.environment:checking '/home/user/celluleflexible_en_cours_ROS2/ros_ws/install/shuttles/lib'
[4.811s] Level 1:colcon.colcon_core.shell:create_environment_hook('shuttles', 'ld_library_path_lib')
[4.811s] INFO:colcon.colcon_core.shell:Creating environment hook '/home/user/celluleflexible_en_cours_ROS2/ros_ws/install/shuttles/share/shuttles/hook/ld_library_path_lib.ps1'
[4.811s] INFO:colcon.colcon_core.shell:Creating environment descriptor '/home/user/celluleflexible_en_cours_ROS2/ros_ws/install/shuttles/share/shuttles/hook/ld_library_path_lib.dsv'
[4.811s] INFO:colcon.colcon_core.shell:Creating environment hook '/home/user/celluleflexible_en_cours_ROS2/ros_ws/install/shuttles/share/shuttles/hook/ld_library_path_lib.sh'
[4.812s] Level 1:colcon.colcon_core.environment:checking '/home/user/celluleflexible_en_cours_ROS2/ros_ws/install/shuttles/bin'
[4.812s] Level 1:colcon.colcon_core.environment:checking '/home/user/celluleflexible_en_cours_ROS2/ros_ws/install/shuttles/lib/pkgconfig/shuttles.pc'
[4.812s] Level 1:colcon.colcon_core.environment:checking '/home/user/celluleflexible_en_cours_ROS2/ros_ws/install/shuttles/lib/python3.12/site-packages'
[4.812s] Level 1:colcon.colcon_core.shell:create_environment_hook('shuttles', 'pythonpath')
[4.812s] INFO:colcon.colcon_core.shell:Creating environment hook '/home/user/celluleflexible_en_cours_ROS2/ros_ws/install/shuttles/share/shuttles/hook/pythonpath.ps1'
[4.812s] INFO:colcon.colcon_core.shell:Creating environment descriptor '/home/user/celluleflexible_en_cours_ROS2/ros_ws/install/shuttles/share/shuttles/hook/pythonpath.dsv'
[4.813s] INFO:colcon.colcon_core.shell:Creating environment hook '/home/user/celluleflexible_en_cours_ROS2/ros_ws/install/shuttles/share/shuttles/hook/pythonpath.sh'
[4.813s] Level 1:colcon.colcon_core.environment:checking '/home/user/celluleflexible_en_cours_ROS2/ros_ws/install/shuttles/bin'
[4.813s] INFO:colcon.colcon_core.shell:Creating package script '/home/user/celluleflexible_en_cours_ROS2/ros_ws/install/shuttles/share/shuttles/package.ps1'
[4.814s] INFO:colcon.colcon_core.shell:Creating package descriptor '/home/user/celluleflexible_en_cours_ROS2/ros_ws/install/shuttles/share/shuttles/package.dsv'
[4.814s] INFO:colcon.colcon_core.shell:Creating package script '/home/user/celluleflexible_en_cours_ROS2/ros_ws/install/shuttles/share/shuttles/package.sh'
[4.814s] INFO:colcon.colcon_core.shell:Creating package script '/home/user/celluleflexible_en_cours_ROS2/ros_ws/install/shuttles/share/shuttles/package.bash'
[4.815s] INFO:colcon.colcon_core.shell:Creating package script '/home/user/celluleflexible_en_cours_ROS2/ros_ws/install/shuttles/share/shuttles/package.zsh'
[4.815s] Level 1:colcon.colcon_core.environment:create_file_with_runtime_dependencies(/home/user/celluleflexible_en_cours_ROS2/ros_ws/install/shuttles/share/colcon-core/packages/shuttles)
[4.815s] Level 1:colcon.colcon_core.environment:create_environment_scripts_only(commande_locale)
[4.816s] Level 1:colcon.colcon_core.environment:checking '/home/user/celluleflexible_en_cours_ROS2/ros_ws/install/commande_locale' for CMake module files
[4.816s] DEBUG:colcon.colcon_core.event_handler.log_command:Invoked command in '/home/user/celluleflexible_en_cours_ROS2/ros_ws/build/commande_locale' returned '0': CMAKE_PREFIX_PATH=/home/user/celluleflexible_en_cours_ROS2/ros_ws/install/aiguillages:/home/user/celluleflexible_en_cours_ROS2/ros_ws/install/commande:/home/user/celluleflexible_en_cours_ROS2/ros_ws/install/shuttles:/home/user/celluleflexible_en_cours_ROS2/ros_ws/install/robots:/home/user/celluleflexible_en_cours_ROS2/ros_ws/install/launcher:/home/user/celluleflexible_en_cours_ROS2/ros_ws/install/commande_locale:/opt/ros/jazzy/opt/gz_math_vendor:/opt/ros/jazzy/opt/gz_utils_vendor:/opt/ros/jazzy/opt/gz_cmake_vendor:/opt/ros/jazzy DEBUGINFOD_URLS=https://debuginfod.ubuntu.com LD_LIBRARY_PATH=/home/user/celluleflexible_en_cours_ROS2/ros_ws/install/aiguillages/lib:/home/user/celluleflexible_en_cours_ROS2/ros_ws/install/shuttles/lib:/home/user/celluleflexible_en_cours_ROS2/ros_ws/install/robots/lib:/home/user/celluleflexible_en_cours_ROS2/ros_ws/install/commande_locale/lib:/opt/ros/jazzy/opt/rviz_ogre_vendor/lib:/opt/ros/jazzy/lib/x86_64-linux-gnu:/opt/ros/jazzy/opt/gz_math_vendor/lib:/opt/ros/jazzy/opt/gz_utils_vendor/lib:/opt/ros/jazzy/opt/gz_cmake_vendor/lib:/opt/ros/jazzy/lib PYTHONPATH=/home/user/celluleflexible_en_cours_ROS2/ros_ws/install/aiguillages/lib/python3.12/site-packages:/home/user/celluleflexible_en_cours_ROS2/ros_ws/install/shuttles/lib/python3.12/site-packages:/home/user/celluleflexible_en_cours_ROS2/ros_ws/install/robots/lib/python3.12/site-packages:/home/user/celluleflexible_en_cours_ROS2/ros_ws/install/commande_locale/lib/python3.12/site-packages:/opt/ros/jazzy/lib/python3.12/site-packages /usr/bin/cmake --install /home/user/celluleflexible_en_cours_ROS2/ros_ws/build/commande_locale
[4.817s] Level 1:colcon.colcon_core.environment:checking '/home/user/celluleflexible_en_cours_ROS2/ros_ws/install/commande_locale' for CMake config files
[4.817s] Level 1:colcon.colcon_core.shell:create_environment_hook('commande_locale', 'cmake_prefix_path')
[4.817s] INFO:colcon.colcon_core.shell:Creating environment hook '/home/user/celluleflexible_en_cours_ROS2/ros_ws/install/commande_locale/share/commande_locale/hook/cmake_prefix_path.ps1'
[4.817s] INFO:colcon.colcon_core.shell:Creating environment descriptor '/home/user/celluleflexible_en_cours_ROS2/ros_ws/install/commande_locale/share/commande_locale/hook/cmake_prefix_path.dsv'
[4.818s] INFO:colcon.colcon_core.shell:Creating environment hook '/home/user/celluleflexible_en_cours_ROS2/ros_ws/install/commande_locale/share/commande_locale/hook/cmake_prefix_path.sh'
[4.818s] Level 1:colcon.colcon_core.environment:checking '/home/user/celluleflexible_en_cours_ROS2/ros_ws/install/commande_locale/lib'
[4.818s] Level 1:colcon.colcon_core.shell:create_environment_hook('commande_locale', 'ld_library_path_lib')
[4.819s] INFO:colcon.colcon_core.shell:Creating environment hook '/home/user/celluleflexible_en_cours_ROS2/ros_ws/install/commande_locale/share/commande_locale/hook/ld_library_path_lib.ps1'
[4.819s] INFO:colcon.colcon_core.shell:Creating environment descriptor '/home/user/celluleflexible_en_cours_ROS2/ros_ws/install/commande_locale/share/commande_locale/hook/ld_library_path_lib.dsv'
[4.822s] INFO:colcon.colcon_core.shell:Creating environment hook '/home/user/celluleflexible_en_cours_ROS2/ros_ws/install/commande_locale/share/commande_locale/hook/ld_library_path_lib.sh'
[4.822s] Level 1:colcon.colcon_core.environment:checking '/home/user/celluleflexible_en_cours_ROS2/ros_ws/install/commande_locale/bin'
[4.822s] Level 1:colcon.colcon_core.environment:checking '/home/user/celluleflexible_en_cours_ROS2/ros_ws/install/commande_locale/lib/pkgconfig/commande_locale.pc'
[4.822s] Level 1:colcon.colcon_core.environment:checking '/home/user/celluleflexible_en_cours_ROS2/ros_ws/install/commande_locale/lib/python3.12/site-packages'
[4.822s] Level 1:colcon.colcon_core.shell:create_environment_hook('commande_locale', 'pythonpath')
[4.823s] INFO:colcon.colcon_core.shell:Creating environment hook '/home/user/celluleflexible_en_cours_ROS2/ros_ws/install/commande_locale/share/commande_locale/hook/pythonpath.ps1'
[4.823s] INFO:colcon.colcon_core.shell:Creating environment descriptor '/home/user/celluleflexible_en_cours_ROS2/ros_ws/install/commande_locale/share/commande_locale/hook/pythonpath.dsv'
[4.823s] INFO:colcon.colcon_core.shell:Creating environment hook '/home/user/celluleflexible_en_cours_ROS2/ros_ws/install/commande_locale/share/commande_locale/hook/pythonpath.sh'
[4.824s] Level 1:colcon.colcon_core.environment:checking '/home/user/celluleflexible_en_cours_ROS2/ros_ws/install/commande_locale/bin'
[4.824s] INFO:colcon.colcon_core.shell:Creating package script '/home/user/celluleflexible_en_cours_ROS2/ros_ws/install/commande_locale/share/commande_locale/package.ps1'
[4.824s] INFO:colcon.colcon_core.shell:Creating package descriptor '/home/user/celluleflexible_en_cours_ROS2/ros_ws/install/commande_locale/share/commande_locale/package.dsv'
[4.825s] INFO:colcon.colcon_core.shell:Creating package script '/home/user/celluleflexible_en_cours_ROS2/ros_ws/install/commande_locale/share/commande_locale/package.sh'
[4.825s] INFO:colcon.colcon_core.shell:Creating package script '/home/user/celluleflexible_en_cours_ROS2/ros_ws/install/commande_locale/share/commande_locale/package.bash'
[4.826s] INFO:colcon.colcon_core.shell:Creating package script '/home/user/celluleflexible_en_cours_ROS2/ros_ws/install/commande_locale/share/commande_locale/package.zsh'
[4.826s] Level 1:colcon.colcon_core.environment:create_file_with_runtime_dependencies(/home/user/celluleflexible_en_cours_ROS2/ros_ws/install/commande_locale/share/colcon-core/packages/commande_locale)
[4.826s] Level 1:colcon.colcon_core.environment:create_environment_scripts_only(commande_locale)
[4.827s] Level 1:colcon.colcon_core.environment:checking '/home/user/celluleflexible_en_cours_ROS2/ros_ws/install/commande_locale' for CMake module files
[4.827s] Level 1:colcon.colcon_core.environment:checking '/home/user/celluleflexible_en_cours_ROS2/ros_ws/install/commande_locale' for CMake config files
[4.827s] Level 1:colcon.colcon_core.shell:create_environment_hook('commande_locale', 'cmake_prefix_path')
[4.827s] INFO:colcon.colcon_core.shell:Creating environment hook '/home/user/celluleflexible_en_cours_ROS2/ros_ws/install/commande_locale/share/commande_locale/hook/cmake_prefix_path.ps1'
[4.827s] INFO:colcon.colcon_core.shell:Creating environment descriptor '/home/user/celluleflexible_en_cours_ROS2/ros_ws/install/commande_locale/share/commande_locale/hook/cmake_prefix_path.dsv'
[4.828s] INFO:colcon.colcon_core.shell:Creating environment hook '/home/user/celluleflexible_en_cours_ROS2/ros_ws/install/commande_locale/share/commande_locale/hook/cmake_prefix_path.sh'
[4.828s] Level 1:colcon.colcon_core.environment:checking '/home/user/celluleflexible_en_cours_ROS2/ros_ws/install/commande_locale/lib'
[4.828s] Level 1:colcon.colcon_core.shell:create_environment_hook('commande_locale', 'ld_library_path_lib')
[4.828s] INFO:colcon.colcon_core.shell:Creating environment hook '/home/user/celluleflexible_en_cours_ROS2/ros_ws/install/commande_locale/share/commande_locale/hook/ld_library_path_lib.ps1'
[4.829s] INFO:colcon.colcon_core.shell:Creating environment descriptor '/home/user/celluleflexible_en_cours_ROS2/ros_ws/install/commande_locale/share/commande_locale/hook/ld_library_path_lib.dsv'
[4.829s] INFO:colcon.colcon_core.shell:Creating environment hook '/home/user/celluleflexible_en_cours_ROS2/ros_ws/install/commande_locale/share/commande_locale/hook/ld_library_path_lib.sh'
[4.829s] Level 1:colcon.colcon_core.environment:checking '/home/user/celluleflexible_en_cours_ROS2/ros_ws/install/commande_locale/bin'
[4.829s] Level 1:colcon.colcon_core.environment:checking '/home/user/celluleflexible_en_cours_ROS2/ros_ws/install/commande_locale/lib/pkgconfig/commande_locale.pc'
[4.830s] Level 1:colcon.colcon_core.environment:checking '/home/user/celluleflexible_en_cours_ROS2/ros_ws/install/commande_locale/lib/python3.12/site-packages'
[4.830s] Level 1:colcon.colcon_core.shell:create_environment_hook('commande_locale', 'pythonpath')
[4.830s] INFO:colcon.colcon_core.shell:Creating environment hook '/home/user/celluleflexible_en_cours_ROS2/ros_ws/install/commande_locale/share/commande_locale/hook/pythonpath.ps1'
[4.830s] INFO:colcon.colcon_core.shell:Creating environment descriptor '/home/user/celluleflexible_en_cours_ROS2/ros_ws/install/commande_locale/share/commande_locale/hook/pythonpath.dsv'
[4.830s] INFO:colcon.colcon_core.shell:Creating environment hook '/home/user/celluleflexible_en_cours_ROS2/ros_ws/install/commande_locale/share/commande_locale/hook/pythonpath.sh'
[4.831s] Level 1:colcon.colcon_core.environment:checking '/home/user/celluleflexible_en_cours_ROS2/ros_ws/install/commande_locale/bin'
[4.831s] INFO:colcon.colcon_core.shell:Creating package script '/home/user/celluleflexible_en_cours_ROS2/ros_ws/install/commande_locale/share/commande_locale/package.ps1'
[4.832s] INFO:colcon.colcon_core.shell:Creating package descriptor '/home/user/celluleflexible_en_cours_ROS2/ros_ws/install/commande_locale/share/commande_locale/package.dsv'
[4.832s] INFO:colcon.colcon_core.shell:Creating package script '/home/user/celluleflexible_en_cours_ROS2/ros_ws/install/commande_locale/share/commande_locale/package.sh'
[4.833s] INFO:colcon.colcon_core.shell:Creating package script '/home/user/celluleflexible_en_cours_ROS2/ros_ws/install/commande_locale/share/commande_locale/package.bash'
[4.833s] INFO:colcon.colcon_core.shell:Creating package script '/home/user/celluleflexible_en_cours_ROS2/ros_ws/install/commande_locale/share/commande_locale/package.zsh'
[4.834s] Level 1:colcon.colcon_core.environment:create_file_with_runtime_dependencies(/home/user/celluleflexible_en_cours_ROS2/ros_ws/install/commande_locale/share/colcon-core/packages/commande_locale)
[4.834s] INFO:colcon.colcon_ros.task.ament_cmake.build:Building ROS package in '/home/user/celluleflexible_en_cours_ROS2/ros_ws/src/robots' with build type 'ament_cmake'
[4.834s] INFO:colcon.colcon_cmake.task.cmake.build:Building CMake package in '/home/user/celluleflexible_en_cours_ROS2/ros_ws/src/robots'
[4.834s] INFO:colcon.colcon_core.shell:Skip shell extension 'powershell' for command environment: Not usable outside of PowerShell
[4.834s] DEBUG:colcon.colcon_core.shell:Skip shell extension 'dsv' for command environment
[4.861s] DEBUG:colcon.colcon_core.event_handler.log_command:Invoking command in '/home/user/celluleflexible_en_cours_ROS2/ros_ws/build/robots': CMAKE_PREFIX_PATH=/home/user/celluleflexible_en_cours_ROS2/ros_ws/install/shuttles:/home/user/celluleflexible_en_cours_ROS2/ros_ws/install/commande_locale:/home/user/celluleflexible_en_cours_ROS2/ros_ws/install/aiguillages:/home/user/celluleflexible_en_cours_ROS2/ros_ws/install/commande:/home/user/celluleflexible_en_cours_ROS2/ros_ws/install/robots:/home/user/celluleflexible_en_cours_ROS2/ros_ws/install/launcher:/opt/ros/jazzy/opt/gz_math_vendor:/opt/ros/jazzy/opt/gz_utils_vendor:/opt/ros/jazzy/opt/gz_cmake_vendor:/opt/ros/jazzy DEBUGINFOD_URLS=https://debuginfod.ubuntu.com LD_LIBRARY_PATH=/home/user/celluleflexible_en_cours_ROS2/ros_ws/install/shuttles/lib:/home/user/celluleflexible_en_cours_ROS2/ros_ws/install/commande_locale/lib:/home/user/celluleflexible_en_cours_ROS2/ros_ws/install/aiguillages/lib:/home/user/celluleflexible_en_cours_ROS2/ros_ws/install/robots/lib:/opt/ros/jazzy/opt/rviz_ogre_vendor/lib:/opt/ros/jazzy/lib/x86_64-linux-gnu:/opt/ros/jazzy/opt/gz_math_vendor/lib:/opt/ros/jazzy/opt/gz_utils_vendor/lib:/opt/ros/jazzy/opt/gz_cmake_vendor/lib:/opt/ros/jazzy/lib PYTHONPATH=/home/user/celluleflexible_en_cours_ROS2/ros_ws/install/shuttles/lib/python3.12/site-packages:/home/user/celluleflexible_en_cours_ROS2/ros_ws/install/commande_locale/lib/python3.12/site-packages:/home/user/celluleflexible_en_cours_ROS2/ros_ws/install/aiguillages/lib/python3.12/site-packages:/home/user/celluleflexible_en_cours_ROS2/ros_ws/install/robots/lib/python3.12/site-packages:/opt/ros/jazzy/lib/python3.12/site-packages /usr/bin/cmake --build /home/user/celluleflexible_en_cours_ROS2/ros_ws/build/robots -- -j8 -l8
[5.151s] DEBUG:colcon.colcon_core.event_handler.log_command:Invoked command in '/home/user/celluleflexible_en_cours_ROS2/ros_ws/build/robots' returned '0': CMAKE_PREFIX_PATH=/home/user/celluleflexible_en_cours_ROS2/ros_ws/install/shuttles:/home/user/celluleflexible_en_cours_ROS2/ros_ws/install/commande_locale:/home/user/celluleflexible_en_cours_ROS2/ros_ws/install/aiguillages:/home/user/celluleflexible_en_cours_ROS2/ros_ws/install/commande:/home/user/celluleflexible_en_cours_ROS2/ros_ws/install/robots:/home/user/celluleflexible_en_cours_ROS2/ros_ws/install/launcher:/opt/ros/jazzy/opt/gz_math_vendor:/opt/ros/jazzy/opt/gz_utils_vendor:/opt/ros/jazzy/opt/gz_cmake_vendor:/opt/ros/jazzy DEBUGINFOD_URLS=https://debuginfod.ubuntu.com LD_LIBRARY_PATH=/home/user/celluleflexible_en_cours_ROS2/ros_ws/install/shuttles/lib:/home/user/celluleflexible_en_cours_ROS2/ros_ws/install/commande_locale/lib:/home/user/celluleflexible_en_cours_ROS2/ros_ws/install/aiguillages/lib:/home/user/celluleflexible_en_cours_ROS2/ros_ws/install/robots/lib:/opt/ros/jazzy/opt/rviz_ogre_vendor/lib:/opt/ros/jazzy/lib/x86_64-linux-gnu:/opt/ros/jazzy/opt/gz_math_vendor/lib:/opt/ros/jazzy/opt/gz_utils_vendor/lib:/opt/ros/jazzy/opt/gz_cmake_vendor/lib:/opt/ros/jazzy/lib PYTHONPATH=/home/user/celluleflexible_en_cours_ROS2/ros_ws/install/shuttles/lib/python3.12/site-packages:/home/user/celluleflexible_en_cours_ROS2/ros_ws/install/commande_locale/lib/python3.12/site-packages:/home/user/celluleflexible_en_cours_ROS2/ros_ws/install/aiguillages/lib/python3.12/site-packages:/home/user/celluleflexible_en_cours_ROS2/ros_ws/install/robots/lib/python3.12/site-packages:/opt/ros/jazzy/lib/python3.12/site-packages /usr/bin/cmake --build /home/user/celluleflexible_en_cours_ROS2/ros_ws/build/robots -- -j8 -l8
[5.152s] DEBUG:colcon.colcon_core.event_handler.log_command:Invoking command in '/home/user/celluleflexible_en_cours_ROS2/ros_ws/build/robots': CMAKE_PREFIX_PATH=/home/user/celluleflexible_en_cours_ROS2/ros_ws/install/shuttles:/home/user/celluleflexible_en_cours_ROS2/ros_ws/install/commande_locale:/home/user/celluleflexible_en_cours_ROS2/ros_ws/install/aiguillages:/home/user/celluleflexible_en_cours_ROS2/ros_ws/install/commande:/home/user/celluleflexible_en_cours_ROS2/ros_ws/install/robots:/home/user/celluleflexible_en_cours_ROS2/ros_ws/install/launcher:/opt/ros/jazzy/opt/gz_math_vendor:/opt/ros/jazzy/opt/gz_utils_vendor:/opt/ros/jazzy/opt/gz_cmake_vendor:/opt/ros/jazzy DEBUGINFOD_URLS=https://debuginfod.ubuntu.com LD_LIBRARY_PATH=/home/user/celluleflexible_en_cours_ROS2/ros_ws/install/shuttles/lib:/home/user/celluleflexible_en_cours_ROS2/ros_ws/install/commande_locale/lib:/home/user/celluleflexible_en_cours_ROS2/ros_ws/install/aiguillages/lib:/home/user/celluleflexible_en_cours_ROS2/ros_ws/install/robots/lib:/opt/ros/jazzy/opt/rviz_ogre_vendor/lib:/opt/ros/jazzy/lib/x86_64-linux-gnu:/opt/ros/jazzy/opt/gz_math_vendor/lib:/opt/ros/jazzy/opt/gz_utils_vendor/lib:/opt/ros/jazzy/opt/gz_cmake_vendor/lib:/opt/ros/jazzy/lib PYTHONPATH=/home/user/celluleflexible_en_cours_ROS2/ros_ws/install/shuttles/lib/python3.12/site-packages:/home/user/celluleflexible_en_cours_ROS2/ros_ws/install/commande_locale/lib/python3.12/site-packages:/home/user/celluleflexible_en_cours_ROS2/ros_ws/install/aiguillages/lib/python3.12/site-packages:/home/user/celluleflexible_en_cours_ROS2/ros_ws/install/robots/lib/python3.12/site-packages:/opt/ros/jazzy/lib/python3.12/site-packages /usr/bin/cmake --install /home/user/celluleflexible_en_cours_ROS2/ros_ws/build/robots
[5.195s] Level 1:colcon.colcon_core.environment:create_environment_scripts_only(robots)
[5.195s] Level 1:colcon.colcon_core.environment:checking '/home/user/celluleflexible_en_cours_ROS2/ros_ws/install/robots' for CMake module files
[5.196s] Level 1:colcon.colcon_core.environment:checking '/home/user/celluleflexible_en_cours_ROS2/ros_ws/install/robots' for CMake config files
[5.196s] Level 1:colcon.colcon_core.shell:create_environment_hook('robots', 'cmake_prefix_path')
[5.196s] INFO:colcon.colcon_core.shell:Creating environment hook '/home/user/celluleflexible_en_cours_ROS2/ros_ws/install/robots/share/robots/hook/cmake_prefix_path.ps1'
[5.196s] INFO:colcon.colcon_core.shell:Creating environment descriptor '/home/user/celluleflexible_en_cours_ROS2/ros_ws/install/robots/share/robots/hook/cmake_prefix_path.dsv'
[5.197s] DEBUG:colcon.colcon_core.event_handler.log_command:Invoked command in '/home/user/celluleflexible_en_cours_ROS2/ros_ws/build/robots' returned '0': CMAKE_PREFIX_PATH=/home/user/celluleflexible_en_cours_ROS2/ros_ws/install/shuttles:/home/user/celluleflexible_en_cours_ROS2/ros_ws/install/commande_locale:/home/user/celluleflexible_en_cours_ROS2/ros_ws/install/aiguillages:/home/user/celluleflexible_en_cours_ROS2/ros_ws/install/commande:/home/user/celluleflexible_en_cours_ROS2/ros_ws/install/robots:/home/user/celluleflexible_en_cours_ROS2/ros_ws/install/launcher:/opt/ros/jazzy/opt/gz_math_vendor:/opt/ros/jazzy/opt/gz_utils_vendor:/opt/ros/jazzy/opt/gz_cmake_vendor:/opt/ros/jazzy DEBUGINFOD_URLS=https://debuginfod.ubuntu.com LD_LIBRARY_PATH=/home/user/celluleflexible_en_cours_ROS2/ros_ws/install/shuttles/lib:/home/user/celluleflexible_en_cours_ROS2/ros_ws/install/commande_locale/lib:/home/user/celluleflexible_en_cours_ROS2/ros_ws/install/aiguillages/lib:/home/user/celluleflexible_en_cours_ROS2/ros_ws/install/robots/lib:/opt/ros/jazzy/opt/rviz_ogre_vendor/lib:/opt/ros/jazzy/lib/x86_64-linux-gnu:/opt/ros/jazzy/opt/gz_math_vendor/lib:/opt/ros/jazzy/opt/gz_utils_vendor/lib:/opt/ros/jazzy/opt/gz_cmake_vendor/lib:/opt/ros/jazzy/lib PYTHONPATH=/home/user/celluleflexible_en_cours_ROS2/ros_ws/install/shuttles/lib/python3.12/site-packages:/home/user/celluleflexible_en_cours_ROS2/ros_ws/install/commande_locale/lib/python3.12/site-packages:/home/user/celluleflexible_en_cours_ROS2/ros_ws/install/aiguillages/lib/python3.12/site-packages:/home/user/celluleflexible_en_cours_ROS2/ros_ws/install/robots/lib/python3.12/site-packages:/opt/ros/jazzy/lib/python3.12/site-packages /usr/bin/cmake --install /home/user/celluleflexible_en_cours_ROS2/ros_ws/build/robots
[5.198s] INFO:colcon.colcon_core.shell:Creating environment hook '/home/user/celluleflexible_en_cours_ROS2/ros_ws/install/robots/share/robots/hook/cmake_prefix_path.sh'
[5.199s] Level 1:colcon.colcon_core.environment:checking '/home/user/celluleflexible_en_cours_ROS2/ros_ws/install/robots/lib'
[5.199s] Level 1:colcon.colcon_core.shell:create_environment_hook('robots', 'ld_library_path_lib')
[5.199s] INFO:colcon.colcon_core.shell:Creating environment hook '/home/user/celluleflexible_en_cours_ROS2/ros_ws/install/robots/share/robots/hook/ld_library_path_lib.ps1'
[5.199s] INFO:colcon.colcon_core.shell:Creating environment descriptor '/home/user/celluleflexible_en_cours_ROS2/ros_ws/install/robots/share/robots/hook/ld_library_path_lib.dsv'
[5.199s] INFO:colcon.colcon_core.shell:Creating environment hook '/home/user/celluleflexible_en_cours_ROS2/ros_ws/install/robots/share/robots/hook/ld_library_path_lib.sh'
[5.200s] Level 1:colcon.colcon_core.environment:checking '/home/user/celluleflexible_en_cours_ROS2/ros_ws/install/robots/bin'
[5.200s] Level 1:colcon.colcon_core.environment:checking '/home/user/celluleflexible_en_cours_ROS2/ros_ws/install/robots/lib/pkgconfig/robots.pc'
[5.200s] Level 1:colcon.colcon_core.environment:checking '/home/user/celluleflexible_en_cours_ROS2/ros_ws/install/robots/lib/python3.12/site-packages'
[5.200s] Level 1:colcon.colcon_core.shell:create_environment_hook('robots', 'pythonpath')
[5.200s] INFO:colcon.colcon_core.shell:Creating environment hook '/home/user/celluleflexible_en_cours_ROS2/ros_ws/install/robots/share/robots/hook/pythonpath.ps1'
[5.200s] INFO:colcon.colcon_core.shell:Creating environment descriptor '/home/user/celluleflexible_en_cours_ROS2/ros_ws/install/robots/share/robots/hook/pythonpath.dsv'
[5.201s] INFO:colcon.colcon_core.shell:Creating environment hook '/home/user/celluleflexible_en_cours_ROS2/ros_ws/install/robots/share/robots/hook/pythonpath.sh'
[5.202s] Level 1:colcon.colcon_core.environment:checking '/home/user/celluleflexible_en_cours_ROS2/ros_ws/install/robots/bin'
[5.202s] INFO:colcon.colcon_core.shell:Creating package script '/home/user/celluleflexible_en_cours_ROS2/ros_ws/install/robots/share/robots/package.ps1'
[5.202s] INFO:colcon.colcon_core.shell:Creating package descriptor '/home/user/celluleflexible_en_cours_ROS2/ros_ws/install/robots/share/robots/package.dsv'
[5.202s] INFO:colcon.colcon_core.shell:Creating package script '/home/user/celluleflexible_en_cours_ROS2/ros_ws/install/robots/share/robots/package.sh'
[5.203s] INFO:colcon.colcon_core.shell:Creating package script '/home/user/celluleflexible_en_cours_ROS2/ros_ws/install/robots/share/robots/package.bash'
[5.203s] INFO:colcon.colcon_core.shell:Creating package script '/home/user/celluleflexible_en_cours_ROS2/ros_ws/install/robots/share/robots/package.zsh'
[5.204s] Level 1:colcon.colcon_core.environment:create_file_with_runtime_dependencies(/home/user/celluleflexible_en_cours_ROS2/ros_ws/install/robots/share/colcon-core/packages/robots)
[5.204s] Level 1:colcon.colcon_core.environment:create_environment_scripts_only(robots)
[5.204s] Level 1:colcon.colcon_core.environment:checking '/home/user/celluleflexible_en_cours_ROS2/ros_ws/install/robots' for CMake module files
[5.204s] Level 1:colcon.colcon_core.environment:checking '/home/user/celluleflexible_en_cours_ROS2/ros_ws/install/robots' for CMake config files
[5.204s] Level 1:colcon.colcon_core.shell:create_environment_hook('robots', 'cmake_prefix_path')
[5.204s] INFO:colcon.colcon_core.shell:Creating environment hook '/home/user/celluleflexible_en_cours_ROS2/ros_ws/install/robots/share/robots/hook/cmake_prefix_path.ps1'
[5.205s] INFO:colcon.colcon_core.shell:Creating environment descriptor '/home/user/celluleflexible_en_cours_ROS2/ros_ws/install/robots/share/robots/hook/cmake_prefix_path.dsv'
[5.205s] INFO:colcon.colcon_core.shell:Creating environment hook '/home/user/celluleflexible_en_cours_ROS2/ros_ws/install/robots/share/robots/hook/cmake_prefix_path.sh'
[5.206s] Level 1:colcon.colcon_core.environment:checking '/home/user/celluleflexible_en_cours_ROS2/ros_ws/install/robots/lib'
[5.206s] Level 1:colcon.colcon_core.shell:create_environment_hook('robots', 'ld_library_path_lib')
[5.206s] INFO:colcon.colcon_core.shell:Creating environment hook '/home/user/celluleflexible_en_cours_ROS2/ros_ws/install/robots/share/robots/hook/ld_library_path_lib.ps1'
[5.206s] INFO:colcon.colcon_core.shell:Creating environment descriptor '/home/user/celluleflexible_en_cours_ROS2/ros_ws/install/robots/share/robots/hook/ld_library_path_lib.dsv'
[5.206s] INFO:colcon.colcon_core.shell:Creating environment hook '/home/user/celluleflexible_en_cours_ROS2/ros_ws/install/robots/share/robots/hook/ld_library_path_lib.sh'
[5.207s] Level 1:colcon.colcon_core.environment:checking '/home/user/celluleflexible_en_cours_ROS2/ros_ws/install/robots/bin'
[5.207s] Level 1:colcon.colcon_core.environment:checking '/home/user/celluleflexible_en_cours_ROS2/ros_ws/install/robots/lib/pkgconfig/robots.pc'
[5.207s] Level 1:colcon.colcon_core.environment:checking '/home/user/celluleflexible_en_cours_ROS2/ros_ws/install/robots/lib/python3.12/site-packages'
[5.207s] Level 1:colcon.colcon_core.shell:create_environment_hook('robots', 'pythonpath')
[5.207s] INFO:colcon.colcon_core.shell:Creating environment hook '/home/user/celluleflexible_en_cours_ROS2/ros_ws/install/robots/share/robots/hook/pythonpath.ps1'
[5.207s] INFO:colcon.colcon_core.shell:Creating environment descriptor '/home/user/celluleflexible_en_cours_ROS2/ros_ws/install/robots/share/robots/hook/pythonpath.dsv'
[5.208s] INFO:colcon.colcon_core.shell:Creating environment hook '/home/user/celluleflexible_en_cours_ROS2/ros_ws/install/robots/share/robots/hook/pythonpath.sh'
[5.208s] Level 1:colcon.colcon_core.environment:checking '/home/user/celluleflexible_en_cours_ROS2/ros_ws/install/robots/bin'
[5.208s] INFO:colcon.colcon_core.shell:Creating package script '/home/user/celluleflexible_en_cours_ROS2/ros_ws/install/robots/share/robots/package.ps1'
[5.209s] INFO:colcon.colcon_core.shell:Creating package descriptor '/home/user/celluleflexible_en_cours_ROS2/ros_ws/install/robots/share/robots/package.dsv'
[5.209s] INFO:colcon.colcon_core.shell:Creating package script '/home/user/celluleflexible_en_cours_ROS2/ros_ws/install/robots/share/robots/package.sh'
[5.210s] INFO:colcon.colcon_core.shell:Creating package script '/home/user/celluleflexible_en_cours_ROS2/ros_ws/install/robots/share/robots/package.bash'
[5.210s] INFO:colcon.colcon_core.shell:Creating package script '/home/user/celluleflexible_en_cours_ROS2/ros_ws/install/robots/share/robots/package.zsh'
[5.210s] Level 1:colcon.colcon_core.environment:create_file_with_runtime_dependencies(/home/user/celluleflexible_en_cours_ROS2/ros_ws/install/robots/share/colcon-core/packages/robots)
[5.211s] INFO:colcon.colcon_ros.task.ament_cmake.build:Building ROS package in '/home/user/celluleflexible_en_cours_ROS2/ros_ws/src/commande' with build type 'ament_cmake'
[5.211s] INFO:colcon.colcon_cmake.task.cmake.build:Building CMake package in '/home/user/celluleflexible_en_cours_ROS2/ros_ws/src/commande'
[5.211s] INFO:colcon.colcon_core.shell:Skip shell extension 'powershell' for command environment: Not usable outside of PowerShell
[5.211s] DEBUG:colcon.colcon_core.shell:Skip shell extension 'dsv' for command environment
[5.236s] DEBUG:colcon.colcon_core.event_handler.log_command:Invoking command in '/home/user/celluleflexible_en_cours_ROS2/ros_ws/build/commande': CMAKE_PREFIX_PATH=/home/user/celluleflexible_en_cours_ROS2/ros_ws/install/robots:/home/user/celluleflexible_en_cours_ROS2/ros_ws/install/shuttles:/home/user/celluleflexible_en_cours_ROS2/ros_ws/install/commande_locale:/home/user/celluleflexible_en_cours_ROS2/ros_ws/install/aiguillages:/home/user/celluleflexible_en_cours_ROS2/ros_ws/install/commande:/home/user/celluleflexible_en_cours_ROS2/ros_ws/install/launcher:/opt/ros/jazzy/opt/gz_math_vendor:/opt/ros/jazzy/opt/gz_utils_vendor:/opt/ros/jazzy/opt/gz_cmake_vendor:/opt/ros/jazzy DEBUGINFOD_URLS=https://debuginfod.ubuntu.com LD_LIBRARY_PATH=/home/user/celluleflexible_en_cours_ROS2/ros_ws/install/robots/lib:/home/user/celluleflexible_en_cours_ROS2/ros_ws/install/shuttles/lib:/home/user/celluleflexible_en_cours_ROS2/ros_ws/install/commande_locale/lib:/home/user/celluleflexible_en_cours_ROS2/ros_ws/install/aiguillages/lib:/opt/ros/jazzy/opt/rviz_ogre_vendor/lib:/opt/ros/jazzy/lib/x86_64-linux-gnu:/opt/ros/jazzy/opt/gz_math_vendor/lib:/opt/ros/jazzy/opt/gz_utils_vendor/lib:/opt/ros/jazzy/opt/gz_cmake_vendor/lib:/opt/ros/jazzy/lib PYTHONPATH=/home/user/celluleflexible_en_cours_ROS2/ros_ws/install/robots/lib/python3.12/site-packages:/home/user/celluleflexible_en_cours_ROS2/ros_ws/install/shuttles/lib/python3.12/site-packages:/home/user/celluleflexible_en_cours_ROS2/ros_ws/install/commande_locale/lib/python3.12/site-packages:/home/user/celluleflexible_en_cours_ROS2/ros_ws/install/aiguillages/lib/python3.12/site-packages:/opt/ros/jazzy/lib/python3.12/site-packages /usr/bin/cmake --build /home/user/celluleflexible_en_cours_ROS2/ros_ws/build/commande -- -j8 -l8
[5.304s] DEBUG:colcon.colcon_core.event_handler.log_command:Invoked command in '/home/user/celluleflexible_en_cours_ROS2/ros_ws/build/commande' returned '0': CMAKE_PREFIX_PATH=/home/user/celluleflexible_en_cours_ROS2/ros_ws/install/robots:/home/user/celluleflexible_en_cours_ROS2/ros_ws/install/shuttles:/home/user/celluleflexible_en_cours_ROS2/ros_ws/install/commande_locale:/home/user/celluleflexible_en_cours_ROS2/ros_ws/install/aiguillages:/home/user/celluleflexible_en_cours_ROS2/ros_ws/install/commande:/home/user/celluleflexible_en_cours_ROS2/ros_ws/install/launcher:/opt/ros/jazzy/opt/gz_math_vendor:/opt/ros/jazzy/opt/gz_utils_vendor:/opt/ros/jazzy/opt/gz_cmake_vendor:/opt/ros/jazzy DEBUGINFOD_URLS=https://debuginfod.ubuntu.com LD_LIBRARY_PATH=/home/user/celluleflexible_en_cours_ROS2/ros_ws/install/robots/lib:/home/user/celluleflexible_en_cours_ROS2/ros_ws/install/shuttles/lib:/home/user/celluleflexible_en_cours_ROS2/ros_ws/install/commande_locale/lib:/home/user/celluleflexible_en_cours_ROS2/ros_ws/install/aiguillages/lib:/opt/ros/jazzy/opt/rviz_ogre_vendor/lib:/opt/ros/jazzy/lib/x86_64-linux-gnu:/opt/ros/jazzy/opt/gz_math_vendor/lib:/opt/ros/jazzy/opt/gz_utils_vendor/lib:/opt/ros/jazzy/opt/gz_cmake_vendor/lib:/opt/ros/jazzy/lib PYTHONPATH=/home/user/celluleflexible_en_cours_ROS2/ros_ws/install/robots/lib/python3.12/site-packages:/home/user/celluleflexible_en_cours_ROS2/ros_ws/install/shuttles/lib/python3.12/site-packages:/home/user/celluleflexible_en_cours_ROS2/ros_ws/install/commande_locale/lib/python3.12/site-packages:/home/user/celluleflexible_en_cours_ROS2/ros_ws/install/aiguillages/lib/python3.12/site-packages:/opt/ros/jazzy/lib/python3.12/site-packages /usr/bin/cmake --build /home/user/celluleflexible_en_cours_ROS2/ros_ws/build/commande -- -j8 -l8
[5.304s] DEBUG:colcon.colcon_core.event_handler.log_command:Invoking command in '/home/user/celluleflexible_en_cours_ROS2/ros_ws/build/commande': CMAKE_PREFIX_PATH=/home/user/celluleflexible_en_cours_ROS2/ros_ws/install/robots:/home/user/celluleflexible_en_cours_ROS2/ros_ws/install/shuttles:/home/user/celluleflexible_en_cours_ROS2/ros_ws/install/commande_locale:/home/user/celluleflexible_en_cours_ROS2/ros_ws/install/aiguillages:/home/user/celluleflexible_en_cours_ROS2/ros_ws/install/commande:/home/user/celluleflexible_en_cours_ROS2/ros_ws/install/launcher:/opt/ros/jazzy/opt/gz_math_vendor:/opt/ros/jazzy/opt/gz_utils_vendor:/opt/ros/jazzy/opt/gz_cmake_vendor:/opt/ros/jazzy DEBUGINFOD_URLS=https://debuginfod.ubuntu.com LD_LIBRARY_PATH=/home/user/celluleflexible_en_cours_ROS2/ros_ws/install/robots/lib:/home/user/celluleflexible_en_cours_ROS2/ros_ws/install/shuttles/lib:/home/user/celluleflexible_en_cours_ROS2/ros_ws/install/commande_locale/lib:/home/user/celluleflexible_en_cours_ROS2/ros_ws/install/aiguillages/lib:/opt/ros/jazzy/opt/rviz_ogre_vendor/lib:/opt/ros/jazzy/lib/x86_64-linux-gnu:/opt/ros/jazzy/opt/gz_math_vendor/lib:/opt/ros/jazzy/opt/gz_utils_vendor/lib:/opt/ros/jazzy/opt/gz_cmake_vendor/lib:/opt/ros/jazzy/lib PYTHONPATH=/home/user/celluleflexible_en_cours_ROS2/ros_ws/install/robots/lib/python3.12/site-packages:/home/user/celluleflexible_en_cours_ROS2/ros_ws/install/shuttles/lib/python3.12/site-packages:/home/user/celluleflexible_en_cours_ROS2/ros_ws/install/commande_locale/lib/python3.12/site-packages:/home/user/celluleflexible_en_cours_ROS2/ros_ws/install/aiguillages/lib/python3.12/site-packages:/opt/ros/jazzy/lib/python3.12/site-packages /usr/bin/cmake --install /home/user/celluleflexible_en_cours_ROS2/ros_ws/build/commande
[5.311s] Level 1:colcon.colcon_core.environment:create_environment_scripts_only(commande)
[5.311s] Level 1:colcon.colcon_core.environment:checking '/home/user/celluleflexible_en_cours_ROS2/ros_ws/install/commande' for CMake module files
[5.311s] Level 1:colcon.colcon_core.environment:checking '/home/user/celluleflexible_en_cours_ROS2/ros_ws/install/commande' for CMake config files
[5.311s] Level 1:colcon.colcon_core.shell:create_environment_hook('commande', 'cmake_prefix_path')
[5.311s] INFO:colcon.colcon_core.shell:Creating environment hook '/home/user/celluleflexible_en_cours_ROS2/ros_ws/install/commande/share/commande/hook/cmake_prefix_path.ps1'
[5.312s] DEBUG:colcon.colcon_core.event_handler.log_command:Invoked command in '/home/user/celluleflexible_en_cours_ROS2/ros_ws/build/commande' returned '0': CMAKE_PREFIX_PATH=/home/user/celluleflexible_en_cours_ROS2/ros_ws/install/robots:/home/user/celluleflexible_en_cours_ROS2/ros_ws/install/shuttles:/home/user/celluleflexible_en_cours_ROS2/ros_ws/install/commande_locale:/home/user/celluleflexible_en_cours_ROS2/ros_ws/install/aiguillages:/home/user/celluleflexible_en_cours_ROS2/ros_ws/install/commande:/home/user/celluleflexible_en_cours_ROS2/ros_ws/install/launcher:/opt/ros/jazzy/opt/gz_math_vendor:/opt/ros/jazzy/opt/gz_utils_vendor:/opt/ros/jazzy/opt/gz_cmake_vendor:/opt/ros/jazzy DEBUGINFOD_URLS=https://debuginfod.ubuntu.com LD_LIBRARY_PATH=/home/user/celluleflexible_en_cours_ROS2/ros_ws/install/robots/lib:/home/user/celluleflexible_en_cours_ROS2/ros_ws/install/shuttles/lib:/home/user/celluleflexible_en_cours_ROS2/ros_ws/install/commande_locale/lib:/home/user/celluleflexible_en_cours_ROS2/ros_ws/install/aiguillages/lib:/opt/ros/jazzy/opt/rviz_ogre_vendor/lib:/opt/ros/jazzy/lib/x86_64-linux-gnu:/opt/ros/jazzy/opt/gz_math_vendor/lib:/opt/ros/jazzy/opt/gz_utils_vendor/lib:/opt/ros/jazzy/opt/gz_cmake_vendor/lib:/opt/ros/jazzy/lib PYTHONPATH=/home/user/celluleflexible_en_cours_ROS2/ros_ws/install/robots/lib/python3.12/site-packages:/home/user/celluleflexible_en_cours_ROS2/ros_ws/install/shuttles/lib/python3.12/site-packages:/home/user/celluleflexible_en_cours_ROS2/ros_ws/install/commande_locale/lib/python3.12/site-packages:/home/user/celluleflexible_en_cours_ROS2/ros_ws/install/aiguillages/lib/python3.12/site-packages:/opt/ros/jazzy/lib/python3.12/site-packages /usr/bin/cmake --install /home/user/celluleflexible_en_cours_ROS2/ros_ws/build/commande
[5.312s] INFO:colcon.colcon_core.shell:Creating environment descriptor '/home/user/celluleflexible_en_cours_ROS2/ros_ws/install/commande/share/commande/hook/cmake_prefix_path.dsv'
[5.313s] INFO:colcon.colcon_core.shell:Creating environment hook '/home/user/celluleflexible_en_cours_ROS2/ros_ws/install/commande/share/commande/hook/cmake_prefix_path.sh'
[5.313s] Level 1:colcon.colcon_core.environment:checking '/home/user/celluleflexible_en_cours_ROS2/ros_ws/install/commande/lib'
[5.313s] Level 1:colcon.colcon_core.environment:checking '/home/user/celluleflexible_en_cours_ROS2/ros_ws/install/commande/bin'
[5.313s] Level 1:colcon.colcon_core.environment:checking '/home/user/celluleflexible_en_cours_ROS2/ros_ws/install/commande/lib/pkgconfig/commande.pc'
[5.314s] Level 1:colcon.colcon_core.environment:checking '/home/user/celluleflexible_en_cours_ROS2/ros_ws/install/commande/lib/python3.12/site-packages'
[5.314s] Level 1:colcon.colcon_core.environment:checking '/home/user/celluleflexible_en_cours_ROS2/ros_ws/install/commande/bin'
[5.314s] INFO:colcon.colcon_core.shell:Creating package script '/home/user/celluleflexible_en_cours_ROS2/ros_ws/install/commande/share/commande/package.ps1'
[5.314s] INFO:colcon.colcon_core.shell:Creating package descriptor '/home/user/celluleflexible_en_cours_ROS2/ros_ws/install/commande/share/commande/package.dsv'
[5.315s] INFO:colcon.colcon_core.shell:Creating package script '/home/user/celluleflexible_en_cours_ROS2/ros_ws/install/commande/share/commande/package.sh'
[5.316s] INFO:colcon.colcon_core.shell:Creating package script '/home/user/celluleflexible_en_cours_ROS2/ros_ws/install/commande/share/commande/package.bash'
[5.316s] INFO:colcon.colcon_core.shell:Creating package script '/home/user/celluleflexible_en_cours_ROS2/ros_ws/install/commande/share/commande/package.zsh'
[5.316s] Level 1:colcon.colcon_core.environment:create_file_with_runtime_dependencies(/home/user/celluleflexible_en_cours_ROS2/ros_ws/install/commande/share/colcon-core/packages/commande)
[5.317s] Level 1:colcon.colcon_core.environment:create_environment_scripts_only(commande)
[5.317s] Level 1:colcon.colcon_core.environment:checking '/home/user/celluleflexible_en_cours_ROS2/ros_ws/install/commande' for CMake module files
[5.317s] Level 1:colcon.colcon_core.environment:checking '/home/user/celluleflexible_en_cours_ROS2/ros_ws/install/commande' for CMake config files
[5.317s] Level 1:colcon.colcon_core.shell:create_environment_hook('commande', 'cmake_prefix_path')
[5.317s] INFO:colcon.colcon_core.shell:Creating environment hook '/home/user/celluleflexible_en_cours_ROS2/ros_ws/install/commande/share/commande/hook/cmake_prefix_path.ps1'
[5.317s] INFO:colcon.colcon_core.shell:Creating environment descriptor '/home/user/celluleflexible_en_cours_ROS2/ros_ws/install/commande/share/commande/hook/cmake_prefix_path.dsv'
[5.318s] INFO:colcon.colcon_core.shell:Creating environment hook '/home/user/celluleflexible_en_cours_ROS2/ros_ws/install/commande/share/commande/hook/cmake_prefix_path.sh'
[5.318s] Level 1:colcon.colcon_core.environment:checking '/home/user/celluleflexible_en_cours_ROS2/ros_ws/install/commande/lib'
[5.319s] Level 1:colcon.colcon_core.environment:checking '/home/user/celluleflexible_en_cours_ROS2/ros_ws/install/commande/bin'
[5.319s] Level 1:colcon.colcon_core.environment:checking '/home/user/celluleflexible_en_cours_ROS2/ros_ws/install/commande/lib/pkgconfig/commande.pc'
[5.319s] Level 1:colcon.colcon_core.environment:checking '/home/user/celluleflexible_en_cours_ROS2/ros_ws/install/commande/lib/python3.12/site-packages'
[5.319s] Level 1:colcon.colcon_core.environment:checking '/home/user/celluleflexible_en_cours_ROS2/ros_ws/install/commande/bin'
[5.319s] INFO:colcon.colcon_core.shell:Creating package script '/home/user/celluleflexible_en_cours_ROS2/ros_ws/install/commande/share/commande/package.ps1'
[5.319s] INFO:colcon.colcon_core.shell:Creating package descriptor '/home/user/celluleflexible_en_cours_ROS2/ros_ws/install/commande/share/commande/package.dsv'
[5.320s] INFO:colcon.colcon_core.shell:Creating package script '/home/user/celluleflexible_en_cours_ROS2/ros_ws/install/commande/share/commande/package.sh'
[5.321s] INFO:colcon.colcon_core.shell:Creating package script '/home/user/celluleflexible_en_cours_ROS2/ros_ws/install/commande/share/commande/package.bash'
[5.321s] INFO:colcon.colcon_core.shell:Creating package script '/home/user/celluleflexible_en_cours_ROS2/ros_ws/install/commande/share/commande/package.zsh'
[5.322s] Level 1:colcon.colcon_core.environment:create_file_with_runtime_dependencies(/home/user/celluleflexible_en_cours_ROS2/ros_ws/install/commande/share/colcon-core/packages/commande)
[5.322s] DEBUG:colcon.colcon_parallel_executor.executor.parallel:closing loop
[5.323s] DEBUG:colcon.colcon_parallel_executor.executor.parallel:loop closed
[5.323s] DEBUG:colcon.colcon_parallel_executor.executor.parallel:run_until_complete finished with '0'
[5.324s] DEBUG:colcon.colcon_core.event_reactor:joining thread
[5.328s] INFO:colcon.colcon_core.plugin_system:Skipping extension 'colcon_notification.desktop_notification.terminal_notifier': Not used on non-Darwin systems
[5.328s] INFO:colcon.colcon_core.plugin_system:Skipping extension 'colcon_notification.desktop_notification.win32': Not used on non-Windows systems
[5.328s] INFO:colcon.colcon_notification.desktop_notification:Sending desktop notification using 'notify2'
[5.345s] DEBUG:colcon.colcon_core.event_reactor:joined thread
[5.345s] INFO:colcon.colcon_core.shell:Creating prefix script '/home/user/celluleflexible_en_cours_ROS2/ros_ws/install/local_setup.ps1'
[5.347s] INFO:colcon.colcon_core.shell:Creating prefix util module '/home/user/celluleflexible_en_cours_ROS2/ros_ws/install/_local_setup_util_ps1.py'
[5.348s] INFO:colcon.colcon_core.shell:Creating prefix chain script '/home/user/celluleflexible_en_cours_ROS2/ros_ws/install/setup.ps1'
[5.349s] INFO:colcon.colcon_core.shell:Creating prefix script '/home/user/celluleflexible_en_cours_ROS2/ros_ws/install/local_setup.sh'
[5.349s] INFO:colcon.colcon_core.shell:Creating prefix util module '/home/user/celluleflexible_en_cours_ROS2/ros_ws/install/_local_setup_util_sh.py'
[5.350s] INFO:colcon.colcon_core.shell:Creating prefix chain script '/home/user/celluleflexible_en_cours_ROS2/ros_ws/install/setup.sh'
[5.350s] INFO:colcon.colcon_core.shell:Creating prefix script '/home/user/celluleflexible_en_cours_ROS2/ros_ws/install/local_setup.bash'
[5.351s] INFO:colcon.colcon_core.shell:Creating prefix chain script '/home/user/celluleflexible_en_cours_ROS2/ros_ws/install/setup.bash'
[5.351s] INFO:colcon.colcon_core.shell:Creating prefix script '/home/user/celluleflexible_en_cours_ROS2/ros_ws/install/local_setup.zsh'
[5.352s] INFO:colcon.colcon_core.shell:Creating prefix chain script '/home/user/celluleflexible_en_cours_ROS2/ros_ws/install/setup.zsh'
