[0.055s] DEBUG:colcon:Command line arguments: ['/usr/bin/colcon', 'build']
[0.055s] DEBUG:colcon:Parsed command line arguments: Namespace(log_base=None, log_level=None, verb_name='build', build_base='build', install_base='install', merge_install=False, symlink_install=False, test_result_base=None, continue_on_error=False, executor='parallel', parallel_workers=8, event_handlers=None, ignore_user_meta=False, metas=['./colcon.meta'], base_paths=['.'], packages_ignore=None, packages_ignore_regex=None, paths=None, packages_up_to=None, packages_up_to_regex=None, packages_above=None, packages_above_and_dependencies=None, packages_above_depth=None, packages_select_by_dep=None, packages_skip_by_dep=None, packages_skip_up_to=None, packages_select_build_failed=False, packages_skip_build_finished=False, packages_select_test_failures=False, packages_skip_test_passed=False, packages_select=None, packages_skip=None, packages_select_regex=None, packages_skip_regex=None, packages_start=None, packages_end=None, allow_overriding=[], cmake_args=None, cmake_target=None, cmake_target_skip_unavailable=False, cmake_clean_cache=False, cmake_clean_first=False, cmake_force_configure=False, ament_cmake_args=None, catkin_cmake_args=None, catkin_skip_building_tests=False, mixin_files=None, mixin=None, verb_parser=<colcon_mixin.mixin.mixin_argument.MixinArgumentDecorator object at 0x7ce2be24e2a0>, verb_extension=<colcon_core.verb.build.BuildVerb object at 0x7ce2be3d03e0>, main=<bound method BuildVerb.main of <colcon_core.verb.build.BuildVerb object at 0x7ce2be3d03e0>>, mixin_verb=('build',))
[0.076s] Level 1:colcon.colcon_core.package_discovery:discover_packages(colcon_meta) check parameters
[0.076s] Level 1:colcon.colcon_core.package_discovery:discover_packages(recursive) check parameters
[0.076s] Level 1:colcon.colcon_core.package_discovery:discover_packages(ignore) check parameters
[0.076s] Level 1:colcon.colcon_core.package_discovery:discover_packages(path) check parameters
[0.076s] Level 1:colcon.colcon_core.package_discovery:discover_packages(colcon_meta) discover
[0.076s] Level 1:colcon.colcon_core.package_discovery:discover_packages(recursive) discover
[0.076s] INFO:colcon.colcon_core.package_discovery:Crawling recursively for packages in '/home/user/celluleflexible_en_cours_ROS2/celluleflexible/ros_ws'
[0.076s] Level 1:colcon.colcon_core.package_identification:_identify(.) by extensions ['ignore', 'ignore_ament_install']
[0.076s] Level 1:colcon.colcon_core.package_identification:_identify(.) by extension 'ignore'
[0.076s] Level 1:colcon.colcon_core.package_identification:_identify(.) by extension 'ignore_ament_install'
[0.077s] Level 1:colcon.colcon_core.package_identification:_identify(.) by extensions ['colcon_pkg']
[0.077s] Level 1:colcon.colcon_core.package_identification:_identify(.) by extension 'colcon_pkg'
[0.077s] Level 1:colcon.colcon_core.package_identification:_identify(.) by extensions ['colcon_meta']
[0.077s] Level 1:colcon.colcon_core.package_identification:_identify(.) by extension 'colcon_meta'
[0.077s] Level 1:colcon.colcon_core.package_identification:_identify(.) by extensions ['ros']
[0.077s] Level 1:colcon.colcon_core.package_identification:_identify(.) by extension 'ros'
[0.091s] Level 1:colcon.colcon_core.package_identification:_identify(.) by extensions ['cmake', 'python']
[0.091s] Level 1:colcon.colcon_core.package_identification:_identify(.) by extension 'cmake'
[0.091s] Level 1:colcon.colcon_core.package_identification:_identify(.) by extension 'python'
[0.091s] Level 1:colcon.colcon_core.package_identification:_identify(.) by extensions ['python_setup_py']
[0.091s] Level 1:colcon.colcon_core.package_identification:_identify(.) by extension 'python_setup_py'
[0.092s] Level 1:colcon.colcon_core.package_identification:_identify(build) by extensions ['ignore', 'ignore_ament_install']
[0.092s] Level 1:colcon.colcon_core.package_identification:_identify(build) by extension 'ignore'
[0.092s] Level 1:colcon.colcon_core.package_identification:_identify(build) ignored
[0.092s] Level 1:colcon.colcon_core.package_identification:_identify(install) by extensions ['ignore', 'ignore_ament_install']
[0.092s] Level 1:colcon.colcon_core.package_identification:_identify(install) by extension 'ignore'
[0.092s] Level 1:colcon.colcon_core.package_identification:_identify(install) ignored
[0.092s] Level 1:colcon.colcon_core.package_identification:_identify(log) by extensions ['ignore', 'ignore_ament_install']
[0.092s] Level 1:colcon.colcon_core.package_identification:_identify(log) by extension 'ignore'
[0.092s] Level 1:colcon.colcon_core.package_identification:_identify(log) ignored
[0.092s] Level 1:colcon.colcon_core.package_identification:_identify(src) by extensions ['ignore', 'ignore_ament_install']
[0.092s] Level 1:colcon.colcon_core.package_identification:_identify(src) by extension 'ignore'
[0.092s] Level 1:colcon.colcon_core.package_identification:_identify(src) by extension 'ignore_ament_install'
[0.092s] Level 1:colcon.colcon_core.package_identification:_identify(src) by extensions ['colcon_pkg']
[0.092s] Level 1:colcon.colcon_core.package_identification:_identify(src) by extension 'colcon_pkg'
[0.092s] Level 1:colcon.colcon_core.package_identification:_identify(src) by extensions ['colcon_meta']
[0.092s] Level 1:colcon.colcon_core.package_identification:_identify(src) by extension 'colcon_meta'
[0.092s] Level 1:colcon.colcon_core.package_identification:_identify(src) by extensions ['ros']
[0.092s] Level 1:colcon.colcon_core.package_identification:_identify(src) by extension 'ros'
[0.092s] Level 1:colcon.colcon_core.package_identification:_identify(src) by extensions ['cmake', 'python']
[0.092s] Level 1:colcon.colcon_core.package_identification:_identify(src) by extension 'cmake'
[0.092s] Level 1:colcon.colcon_core.package_identification:_identify(src) by extension 'python'
[0.092s] Level 1:colcon.colcon_core.package_identification:_identify(src) by extensions ['python_setup_py']
[0.092s] Level 1:colcon.colcon_core.package_identification:_identify(src) by extension 'python_setup_py'
[0.092s] Level 1:colcon.colcon_core.package_identification:_identify(src/aiguillages) by extensions ['ignore', 'ignore_ament_install']
[0.092s] Level 1:colcon.colcon_core.package_identification:_identify(src/aiguillages) by extension 'ignore'
[0.092s] Level 1:colcon.colcon_core.package_identification:_identify(src/aiguillages) by extension 'ignore_ament_install'
[0.092s] Level 1:colcon.colcon_core.package_identification:_identify(src/aiguillages) by extensions ['colcon_pkg']
[0.092s] Level 1:colcon.colcon_core.package_identification:_identify(src/aiguillages) by extension 'colcon_pkg'
[0.092s] Level 1:colcon.colcon_core.package_identification:_identify(src/aiguillages) by extensions ['colcon_meta']
[0.092s] Level 1:colcon.colcon_core.package_identification:_identify(src/aiguillages) by extension 'colcon_meta'
[0.092s] Level 1:colcon.colcon_core.package_identification:_identify(src/aiguillages) by extensions ['ros']
[0.092s] Level 1:colcon.colcon_core.package_identification:_identify(src/aiguillages) by extension 'ros'
[0.094s] DEBUG:colcon.colcon_core.package_identification:Package 'src/aiguillages' with type 'ros.ament_cmake' and name 'aiguillages'
[0.094s] Level 1:colcon.colcon_core.package_identification:_identify(src/commande) by extensions ['ignore', 'ignore_ament_install']
[0.094s] Level 1:colcon.colcon_core.package_identification:_identify(src/commande) by extension 'ignore'
[0.094s] Level 1:colcon.colcon_core.package_identification:_identify(src/commande) by extension 'ignore_ament_install'
[0.094s] Level 1:colcon.colcon_core.package_identification:_identify(src/commande) by extensions ['colcon_pkg']
[0.094s] Level 1:colcon.colcon_core.package_identification:_identify(src/commande) by extension 'colcon_pkg'
[0.094s] Level 1:colcon.colcon_core.package_identification:_identify(src/commande) by extensions ['colcon_meta']
[0.094s] Level 1:colcon.colcon_core.package_identification:_identify(src/commande) by extension 'colcon_meta'
[0.094s] Level 1:colcon.colcon_core.package_identification:_identify(src/commande) by extensions ['ros']
[0.094s] Level 1:colcon.colcon_core.package_identification:_identify(src/commande) by extension 'ros'
[0.095s] DEBUG:colcon.colcon_core.package_identification:Package 'src/commande' with type 'ros.ament_cmake' and name 'commande'
[0.095s] Level 1:colcon.colcon_core.package_identification:_identify(src/commande_locale) by extensions ['ignore', 'ignore_ament_install']
[0.095s] Level 1:colcon.colcon_core.package_identification:_identify(src/commande_locale) by extension 'ignore'
[0.095s] Level 1:colcon.colcon_core.package_identification:_identify(src/commande_locale) by extension 'ignore_ament_install'
[0.095s] Level 1:colcon.colcon_core.package_identification:_identify(src/commande_locale) by extensions ['colcon_pkg']
[0.095s] Level 1:colcon.colcon_core.package_identification:_identify(src/commande_locale) by extension 'colcon_pkg'
[0.095s] Level 1:colcon.colcon_core.package_identification:_identify(src/commande_locale) by extensions ['colcon_meta']
[0.095s] Level 1:colcon.colcon_core.package_identification:_identify(src/commande_locale) by extension 'colcon_meta'
[0.095s] Level 1:colcon.colcon_core.package_identification:_identify(src/commande_locale) by extensions ['ros']
[0.095s] Level 1:colcon.colcon_core.package_identification:_identify(src/commande_locale) by extension 'ros'
[0.095s] DEBUG:colcon.colcon_core.package_identification:Package 'src/commande_locale' with type 'ros.ament_cmake' and name 'commande_locale'
[0.095s] Level 1:colcon.colcon_core.package_identification:_identify(src/launcher) by extensions ['ignore', 'ignore_ament_install']
[0.095s] Level 1:colcon.colcon_core.package_identification:_identify(src/launcher) by extension 'ignore'
[0.095s] Level 1:colcon.colcon_core.package_identification:_identify(src/launcher) by extension 'ignore_ament_install'
[0.095s] Level 1:colcon.colcon_core.package_identification:_identify(src/launcher) by extensions ['colcon_pkg']
[0.095s] Level 1:colcon.colcon_core.package_identification:_identify(src/launcher) by extension 'colcon_pkg'
[0.095s] Level 1:colcon.colcon_core.package_identification:_identify(src/launcher) by extensions ['colcon_meta']
[0.095s] Level 1:colcon.colcon_core.package_identification:_identify(src/launcher) by extension 'colcon_meta'
[0.095s] Level 1:colcon.colcon_core.package_identification:_identify(src/launcher) by extensions ['ros']
[0.095s] Level 1:colcon.colcon_core.package_identification:_identify(src/launcher) by extension 'ros'
[0.096s] DEBUG:colcon.colcon_core.package_identification:Package 'src/launcher' with type 'ros.ament_cmake' and name 'launcher'
[0.096s] Level 1:colcon.colcon_core.package_identification:_identify(src/robots) by extensions ['ignore', 'ignore_ament_install']
[0.096s] Level 1:colcon.colcon_core.package_identification:_identify(src/robots) by extension 'ignore'
[0.096s] Level 1:colcon.colcon_core.package_identification:_identify(src/robots) by extension 'ignore_ament_install'
[0.096s] Level 1:colcon.colcon_core.package_identification:_identify(src/robots) by extensions ['colcon_pkg']
[0.096s] Level 1:colcon.colcon_core.package_identification:_identify(src/robots) by extension 'colcon_pkg'
[0.096s] Level 1:colcon.colcon_core.package_identification:_identify(src/robots) by extensions ['colcon_meta']
[0.096s] Level 1:colcon.colcon_core.package_identification:_identify(src/robots) by extension 'colcon_meta'
[0.096s] Level 1:colcon.colcon_core.package_identification:_identify(src/robots) by extensions ['ros']
[0.096s] Level 1:colcon.colcon_core.package_identification:_identify(src/robots) by extension 'ros'
[0.096s] DEBUG:colcon.colcon_core.package_identification:Package 'src/robots' with type 'ros.ament_cmake' and name 'robots'
[0.096s] Level 1:colcon.colcon_core.package_identification:_identify(src/shuttles) by extensions ['ignore', 'ignore_ament_install']
[0.096s] Level 1:colcon.colcon_core.package_identification:_identify(src/shuttles) by extension 'ignore'
[0.096s] Level 1:colcon.colcon_core.package_identification:_identify(src/shuttles) by extension 'ignore_ament_install'
[0.096s] Level 1:colcon.colcon_core.package_identification:_identify(src/shuttles) by extensions ['colcon_pkg']
[0.096s] Level 1:colcon.colcon_core.package_identification:_identify(src/shuttles) by extension 'colcon_pkg'
[0.096s] Level 1:colcon.colcon_core.package_identification:_identify(src/shuttles) by extensions ['colcon_meta']
[0.096s] Level 1:colcon.colcon_core.package_identification:_identify(src/shuttles) by extension 'colcon_meta'
[0.096s] Level 1:colcon.colcon_core.package_identification:_identify(src/shuttles) by extensions ['ros']
[0.096s] Level 1:colcon.colcon_core.package_identification:_identify(src/shuttles) by extension 'ros'
[0.097s] DEBUG:colcon.colcon_core.package_identification:Package 'src/shuttles' with type 'ros.ament_cmake' and name 'shuttles'
[0.097s] Level 1:colcon.colcon_core.package_discovery:discover_packages(recursive) using defaults
[0.097s] Level 1:colcon.colcon_core.package_discovery:discover_packages(ignore) discover
[0.097s] Level 1:colcon.colcon_core.package_discovery:discover_packages(ignore) using defaults
[0.097s] Level 1:colcon.colcon_core.package_discovery:discover_packages(path) discover
[0.097s] Level 1:colcon.colcon_core.package_discovery:discover_packages(path) using defaults
[0.107s] Level 1:colcon.colcon_core.package_discovery:discover_packages(prefix_path) check parameters
[0.107s] Level 1:colcon.colcon_core.package_discovery:discover_packages(prefix_path) discover
[0.108s] DEBUG:colcon.colcon_installed_package_information.package_discovery:Found 286 installed packages in /opt/ros/jazzy
[0.109s] Level 1:colcon.colcon_core.package_discovery:discover_packages(prefix_path) using defaults
[0.128s] Level 5:colcon.colcon_core.verb:set package 'aiguillages' build argument 'cmake_args' from command line to 'None'
[0.128s] Level 5:colcon.colcon_core.verb:set package 'aiguillages' build argument 'cmake_target' from command line to 'None'
[0.128s] Level 5:colcon.colcon_core.verb:set package 'aiguillages' build argument 'cmake_target_skip_unavailable' from command line to 'False'
[0.128s] Level 5:colcon.colcon_core.verb:set package 'aiguillages' build argument 'cmake_clean_cache' from command line to 'False'
[0.128s] Level 5:colcon.colcon_core.verb:set package 'aiguillages' build argument 'cmake_clean_first' from command line to 'False'
[0.128s] Level 5:colcon.colcon_core.verb:set package 'aiguillages' build argument 'cmake_force_configure' from command line to 'False'
[0.128s] Level 5:colcon.colcon_core.verb:set package 'aiguillages' build argument 'ament_cmake_args' from command line to 'None'
[0.128s] Level 5:colcon.colcon_core.verb:set package 'aiguillages' build argument 'catkin_cmake_args' from command line to 'None'
[0.128s] Level 5:colcon.colcon_core.verb:set package 'aiguillages' build argument 'catkin_skip_building_tests' from command line to 'False'
[0.128s] DEBUG:colcon.colcon_core.verb:Building package 'aiguillages' with the following arguments: {'ament_cmake_args': None, 'build_base': '/home/user/celluleflexible_en_cours_ROS2/celluleflexible/ros_ws/build/aiguillages', 'catkin_cmake_args': None, 'catkin_skip_building_tests': False, 'cmake_args': None, 'cmake_clean_cache': False, 'cmake_clean_first': False, 'cmake_force_configure': False, 'cmake_target': None, 'cmake_target_skip_unavailable': False, 'install_base': '/home/user/celluleflexible_en_cours_ROS2/celluleflexible/ros_ws/install/aiguillages', 'merge_install': False, 'path': '/home/user/celluleflexible_en_cours_ROS2/celluleflexible/ros_ws/src/aiguillages', 'symlink_install': False, 'test_result_base': None}
[0.128s] Level 5:colcon.colcon_core.verb:set package 'launcher' build argument 'cmake_args' from command line to 'None'
[0.128s] Level 5:colcon.colcon_core.verb:set package 'launcher' build argument 'cmake_target' from command line to 'None'
[0.128s] Level 5:colcon.colcon_core.verb:set package 'launcher' build argument 'cmake_target_skip_unavailable' from command line to 'False'
[0.128s] Level 5:colcon.colcon_core.verb:set package 'launcher' build argument 'cmake_clean_cache' from command line to 'False'
[0.128s] Level 5:colcon.colcon_core.verb:set package 'launcher' build argument 'cmake_clean_first' from command line to 'False'
[0.128s] Level 5:colcon.colcon_core.verb:set package 'launcher' build argument 'cmake_force_configure' from command line to 'False'
[0.128s] Level 5:colcon.colcon_core.verb:set package 'launcher' build argument 'ament_cmake_args' from command line to 'None'
[0.128s] Level 5:colcon.colcon_core.verb:set package 'launcher' build argument 'catkin_cmake_args' from command line to 'None'
[0.128s] Level 5:colcon.colcon_core.verb:set package 'launcher' build argument 'catkin_skip_building_tests' from command line to 'False'
[0.128s] DEBUG:colcon.colcon_core.verb:Building package 'launcher' with the following arguments: {'ament_cmake_args': None, 'build_base': '/home/user/celluleflexible_en_cours_ROS2/celluleflexible/ros_ws/build/launcher', 'catkin_cmake_args': None, 'catkin_skip_building_tests': False, 'cmake_args': None, 'cmake_clean_cache': False, 'cmake_clean_first': False, 'cmake_force_configure': False, 'cmake_target': None, 'cmake_target_skip_unavailable': False, 'install_base': '/home/user/celluleflexible_en_cours_ROS2/celluleflexible/ros_ws/install/launcher', 'merge_install': False, 'path': '/home/user/celluleflexible_en_cours_ROS2/celluleflexible/ros_ws/src/launcher', 'symlink_install': False, 'test_result_base': None}
[0.128s] Level 5:colcon.colcon_core.verb:set package 'commande_locale' build argument 'cmake_args' from command line to 'None'
[0.128s] Level 5:colcon.colcon_core.verb:set package 'commande_locale' build argument 'cmake_target' from command line to 'None'
[0.128s] Level 5:colcon.colcon_core.verb:set package 'commande_locale' build argument 'cmake_target_skip_unavailable' from command line to 'False'
[0.128s] Level 5:colcon.colcon_core.verb:set package 'commande_locale' build argument 'cmake_clean_cache' from command line to 'False'
[0.128s] Level 5:colcon.colcon_core.verb:set package 'commande_locale' build argument 'cmake_clean_first' from command line to 'False'
[0.128s] Level 5:colcon.colcon_core.verb:set package 'commande_locale' build argument 'cmake_force_configure' from command line to 'False'
[0.128s] Level 5:colcon.colcon_core.verb:set package 'commande_locale' build argument 'ament_cmake_args' from command line to 'None'
[0.128s] Level 5:colcon.colcon_core.verb:set package 'commande_locale' build argument 'catkin_cmake_args' from command line to 'None'
[0.128s] Level 5:colcon.colcon_core.verb:set package 'commande_locale' build argument 'catkin_skip_building_tests' from command line to 'False'
[0.129s] DEBUG:colcon.colcon_core.verb:Building package 'commande_locale' with the following arguments: {'ament_cmake_args': None, 'build_base': '/home/user/celluleflexible_en_cours_ROS2/celluleflexible/ros_ws/build/commande_locale', 'catkin_cmake_args': None, 'catkin_skip_building_tests': False, 'cmake_args': None, 'cmake_clean_cache': False, 'cmake_clean_first': False, 'cmake_force_configure': False, 'cmake_target': None, 'cmake_target_skip_unavailable': False, 'install_base': '/home/user/celluleflexible_en_cours_ROS2/celluleflexible/ros_ws/install/commande_locale', 'merge_install': False, 'path': '/home/user/celluleflexible_en_cours_ROS2/celluleflexible/ros_ws/src/commande_locale', 'symlink_install': False, 'test_result_base': None}
[0.129s] Level 5:colcon.colcon_core.verb:set package 'shuttles' build argument 'cmake_args' from command line to 'None'
[0.129s] Level 5:colcon.colcon_core.verb:set package 'shuttles' build argument 'cmake_target' from command line to 'None'
[0.129s] Level 5:colcon.colcon_core.verb:set package 'shuttles' build argument 'cmake_target_skip_unavailable' from command line to 'False'
[0.129s] Level 5:colcon.colcon_core.verb:set package 'shuttles' build argument 'cmake_clean_cache' from command line to 'False'
[0.129s] Level 5:colcon.colcon_core.verb:set package 'shuttles' build argument 'cmake_clean_first' from command line to 'False'
[0.129s] Level 5:colcon.colcon_core.verb:set package 'shuttles' build argument 'cmake_force_configure' from command line to 'False'
[0.129s] Level 5:colcon.colcon_core.verb:set package 'shuttles' build argument 'ament_cmake_args' from command line to 'None'
[0.129s] Level 5:colcon.colcon_core.verb:set package 'shuttles' build argument 'catkin_cmake_args' from command line to 'None'
[0.129s] Level 5:colcon.colcon_core.verb:set package 'shuttles' build argument 'catkin_skip_building_tests' from command line to 'False'
[0.129s] DEBUG:colcon.colcon_core.verb:Building package 'shuttles' with the following arguments: {'ament_cmake_args': None, 'build_base': '/home/user/celluleflexible_en_cours_ROS2/celluleflexible/ros_ws/build/shuttles', 'catkin_cmake_args': None, 'catkin_skip_building_tests': False, 'cmake_args': None, 'cmake_clean_cache': False, 'cmake_clean_first': False, 'cmake_force_configure': False, 'cmake_target': None, 'cmake_target_skip_unavailable': False, 'install_base': '/home/user/celluleflexible_en_cours_ROS2/celluleflexible/ros_ws/install/shuttles', 'merge_install': False, 'path': '/home/user/celluleflexible_en_cours_ROS2/celluleflexible/ros_ws/src/shuttles', 'symlink_install': False, 'test_result_base': None}
[0.129s] Level 5:colcon.colcon_core.verb:set package 'robots' build argument 'cmake_args' from command line to 'None'
[0.129s] Level 5:colcon.colcon_core.verb:set package 'robots' build argument 'cmake_target' from command line to 'None'
[0.129s] Level 5:colcon.colcon_core.verb:set package 'robots' build argument 'cmake_target_skip_unavailable' from command line to 'False'
[0.129s] Level 5:colcon.colcon_core.verb:set package 'robots' build argument 'cmake_clean_cache' from command line to 'False'
[0.129s] Level 5:colcon.colcon_core.verb:set package 'robots' build argument 'cmake_clean_first' from command line to 'False'
[0.129s] Level 5:colcon.colcon_core.verb:set package 'robots' build argument 'cmake_force_configure' from command line to 'False'
[0.129s] Level 5:colcon.colcon_core.verb:set package 'robots' build argument 'ament_cmake_args' from command line to 'None'
[0.129s] Level 5:colcon.colcon_core.verb:set package 'robots' build argument 'catkin_cmake_args' from command line to 'None'
[0.129s] Level 5:colcon.colcon_core.verb:set package 'robots' build argument 'catkin_skip_building_tests' from command line to 'False'
[0.129s] DEBUG:colcon.colcon_core.verb:Building package 'robots' with the following arguments: {'ament_cmake_args': None, 'build_base': '/home/user/celluleflexible_en_cours_ROS2/celluleflexible/ros_ws/build/robots', 'catkin_cmake_args': None, 'catkin_skip_building_tests': False, 'cmake_args': None, 'cmake_clean_cache': False, 'cmake_clean_first': False, 'cmake_force_configure': False, 'cmake_target': None, 'cmake_target_skip_unavailable': False, 'install_base': '/home/user/celluleflexible_en_cours_ROS2/celluleflexible/ros_ws/install/robots', 'merge_install': False, 'path': '/home/user/celluleflexible_en_cours_ROS2/celluleflexible/ros_ws/src/robots', 'symlink_install': False, 'test_result_base': None}
[0.129s] Level 5:colcon.colcon_core.verb:set package 'commande' build argument 'cmake_args' from command line to 'None'
[0.129s] Level 5:colcon.colcon_core.verb:set package 'commande' build argument 'cmake_target' from command line to 'None'
[0.129s] Level 5:colcon.colcon_core.verb:set package 'commande' build argument 'cmake_target_skip_unavailable' from command line to 'False'
[0.129s] Level 5:colcon.colcon_core.verb:set package 'commande' build argument 'cmake_clean_cache' from command line to 'False'
[0.129s] Level 5:colcon.colcon_core.verb:set package 'commande' build argument 'cmake_clean_first' from command line to 'False'
[0.129s] Level 5:colcon.colcon_core.verb:set package 'commande' build argument 'cmake_force_configure' from command line to 'False'
[0.129s] Level 5:colcon.colcon_core.verb:set package 'commande' build argument 'ament_cmake_args' from command line to 'None'
[0.129s] Level 5:colcon.colcon_core.verb:set package 'commande' build argument 'catkin_cmake_args' from command line to 'None'
[0.129s] Level 5:colcon.colcon_core.verb:set package 'commande' build argument 'catkin_skip_building_tests' from command line to 'False'
[0.129s] DEBUG:colcon.colcon_core.verb:Building package 'commande' with the following arguments: {'ament_cmake_args': None, 'build_base': '/home/user/celluleflexible_en_cours_ROS2/celluleflexible/ros_ws/build/commande', 'catkin_cmake_args': None, 'catkin_skip_building_tests': False, 'cmake_args': None, 'cmake_clean_cache': False, 'cmake_clean_first': False, 'cmake_force_configure': False, 'cmake_target': None, 'cmake_target_skip_unavailable': False, 'install_base': '/home/user/celluleflexible_en_cours_ROS2/celluleflexible/ros_ws/install/commande', 'merge_install': False, 'path': '/home/user/celluleflexible_en_cours_ROS2/celluleflexible/ros_ws/src/commande', 'symlink_install': False, 'test_result_base': None}
[0.129s] INFO:colcon.colcon_core.executor:Executing jobs using 'parallel' executor
[0.130s] DEBUG:colcon.colcon_parallel_executor.executor.parallel:run_until_complete
[0.130s] INFO:colcon.colcon_ros.task.ament_cmake.build:Building ROS package in '/home/user/celluleflexible_en_cours_ROS2/celluleflexible/ros_ws/src/aiguillages' with build type 'ament_cmake'
[0.130s] INFO:colcon.colcon_cmake.task.cmake.build:Building CMake package in '/home/user/celluleflexible_en_cours_ROS2/celluleflexible/ros_ws/src/aiguillages'
[0.132s] INFO:colcon.colcon_core.plugin_system:Skipping extension 'colcon_core.shell.bat': Not used on non-Windows systems
[0.132s] INFO:colcon.colcon_core.shell:Skip shell extension 'powershell' for command environment: Not usable outside of PowerShell
[0.132s] DEBUG:colcon.colcon_core.shell:Skip shell extension 'dsv' for command environment
[0.136s] INFO:colcon.colcon_ros.task.ament_cmake.build:Building ROS package in '/home/user/celluleflexible_en_cours_ROS2/celluleflexible/ros_ws/src/launcher' with build type 'ament_cmake'
[0.137s] INFO:colcon.colcon_cmake.task.cmake.build:Building CMake package in '/home/user/celluleflexible_en_cours_ROS2/celluleflexible/ros_ws/src/launcher'
[0.137s] INFO:colcon.colcon_core.shell:Skip shell extension 'powershell' for command environment: Not usable outside of PowerShell
[0.137s] DEBUG:colcon.colcon_core.shell:Skip shell extension 'dsv' for command environment
[0.146s] DEBUG:colcon.colcon_core.event_handler.log_command:Invoking command in '/home/user/celluleflexible_en_cours_ROS2/celluleflexible/ros_ws/build/aiguillages': CMAKE_PREFIX_PATH=${CMAKE_PREFIX_PATH}:/opt/ros/jazzy DEBUGINFOD_URLS=https://debuginfod.ubuntu.com /usr/bin/cmake --build /home/user/celluleflexible_en_cours_ROS2/celluleflexible/ros_ws/build/aiguillages -- -j8 -l8
[0.149s] DEBUG:colcon.colcon_core.event_handler.log_command:Invoking command in '/home/user/celluleflexible_en_cours_ROS2/celluleflexible/ros_ws/build/launcher': CMAKE_PREFIX_PATH=${CMAKE_PREFIX_PATH}:/opt/ros/jazzy DEBUGINFOD_URLS=https://debuginfod.ubuntu.com /usr/bin/cmake --build /home/user/celluleflexible_en_cours_ROS2/celluleflexible/ros_ws/build/launcher -- -j8 -l8
[0.189s] DEBUG:colcon.colcon_core.event_handler.log_command:Invoked command in '/home/user/celluleflexible_en_cours_ROS2/celluleflexible/ros_ws/build/launcher' returned '0': CMAKE_PREFIX_PATH=${CMAKE_PREFIX_PATH}:/opt/ros/jazzy DEBUGINFOD_URLS=https://debuginfod.ubuntu.com /usr/bin/cmake --build /home/user/celluleflexible_en_cours_ROS2/celluleflexible/ros_ws/build/launcher -- -j8 -l8
[0.199s] DEBUG:colcon.colcon_core.event_handler.log_command:Invoking command in '/home/user/celluleflexible_en_cours_ROS2/celluleflexible/ros_ws/build/launcher': CMAKE_PREFIX_PATH=${CMAKE_PREFIX_PATH}:/opt/ros/jazzy DEBUGINFOD_URLS=https://debuginfod.ubuntu.com /usr/bin/cmake --install /home/user/celluleflexible_en_cours_ROS2/celluleflexible/ros_ws/build/launcher
[0.217s] Level 1:colcon.colcon_core.environment:create_environment_scripts_only(launcher)
[0.219s] Level 1:colcon.colcon_core.environment:checking '/home/user/celluleflexible_en_cours_ROS2/celluleflexible/ros_ws/install/launcher' for CMake module files
[0.226s] Level 1:colcon.colcon_core.environment:checking '/home/user/celluleflexible_en_cours_ROS2/celluleflexible/ros_ws/install/launcher' for CMake config files
[0.226s] Level 1:colcon.colcon_core.shell:create_environment_hook('launcher', 'cmake_prefix_path')
[0.226s] INFO:colcon.colcon_core.shell:Creating environment hook '/home/user/celluleflexible_en_cours_ROS2/celluleflexible/ros_ws/install/launcher/share/launcher/hook/cmake_prefix_path.ps1'
[0.230s] INFO:colcon.colcon_core.shell:Creating environment descriptor '/home/user/celluleflexible_en_cours_ROS2/celluleflexible/ros_ws/install/launcher/share/launcher/hook/cmake_prefix_path.dsv'
[0.235s] INFO:colcon.colcon_core.shell:Creating environment hook '/home/user/celluleflexible_en_cours_ROS2/celluleflexible/ros_ws/install/launcher/share/launcher/hook/cmake_prefix_path.sh'
[0.237s] DEBUG:colcon.colcon_core.event_handler.log_command:Invoked command in '/home/user/celluleflexible_en_cours_ROS2/celluleflexible/ros_ws/build/launcher' returned '0': CMAKE_PREFIX_PATH=${CMAKE_PREFIX_PATH}:/opt/ros/jazzy DEBUGINFOD_URLS=https://debuginfod.ubuntu.com /usr/bin/cmake --install /home/user/celluleflexible_en_cours_ROS2/celluleflexible/ros_ws/build/launcher
[0.238s] Level 1:colcon.colcon_core.environment:checking '/home/user/celluleflexible_en_cours_ROS2/celluleflexible/ros_ws/install/launcher/bin'
[0.238s] Level 1:colcon.colcon_core.environment:checking '/home/user/celluleflexible_en_cours_ROS2/celluleflexible/ros_ws/install/launcher/lib/pkgconfig/launcher.pc'
[0.239s] Level 1:colcon.colcon_core.environment:checking '/home/user/celluleflexible_en_cours_ROS2/celluleflexible/ros_ws/install/launcher/lib/python3.12/site-packages'
[0.239s] Level 1:colcon.colcon_core.environment:checking '/home/user/celluleflexible_en_cours_ROS2/celluleflexible/ros_ws/install/launcher/bin'
[0.239s] INFO:colcon.colcon_core.shell:Creating package script '/home/user/celluleflexible_en_cours_ROS2/celluleflexible/ros_ws/install/launcher/share/launcher/package.ps1'
[0.246s] INFO:colcon.colcon_core.shell:Creating package descriptor '/home/user/celluleflexible_en_cours_ROS2/celluleflexible/ros_ws/install/launcher/share/launcher/package.dsv'
[0.246s] INFO:colcon.colcon_core.shell:Creating package script '/home/user/celluleflexible_en_cours_ROS2/celluleflexible/ros_ws/install/launcher/share/launcher/package.sh'
[0.247s] INFO:colcon.colcon_core.shell:Creating package script '/home/user/celluleflexible_en_cours_ROS2/celluleflexible/ros_ws/install/launcher/share/launcher/package.bash'
[0.247s] INFO:colcon.colcon_core.shell:Creating package script '/home/user/celluleflexible_en_cours_ROS2/celluleflexible/ros_ws/install/launcher/share/launcher/package.zsh'
[0.248s] Level 1:colcon.colcon_core.environment:create_file_with_runtime_dependencies(/home/user/celluleflexible_en_cours_ROS2/celluleflexible/ros_ws/install/launcher/share/colcon-core/packages/launcher)
[0.248s] Level 1:colcon.colcon_core.environment:create_environment_scripts_only(launcher)
[0.249s] Level 1:colcon.colcon_core.environment:checking '/home/user/celluleflexible_en_cours_ROS2/celluleflexible/ros_ws/install/launcher' for CMake module files
[0.249s] Level 1:colcon.colcon_core.environment:checking '/home/user/celluleflexible_en_cours_ROS2/celluleflexible/ros_ws/install/launcher' for CMake config files
[0.249s] Level 1:colcon.colcon_core.shell:create_environment_hook('launcher', 'cmake_prefix_path')
[0.249s] INFO:colcon.colcon_core.shell:Creating environment hook '/home/user/celluleflexible_en_cours_ROS2/celluleflexible/ros_ws/install/launcher/share/launcher/hook/cmake_prefix_path.ps1'
[0.249s] INFO:colcon.colcon_core.shell:Creating environment descriptor '/home/user/celluleflexible_en_cours_ROS2/celluleflexible/ros_ws/install/launcher/share/launcher/hook/cmake_prefix_path.dsv'
[0.249s] INFO:colcon.colcon_core.shell:Creating environment hook '/home/user/celluleflexible_en_cours_ROS2/celluleflexible/ros_ws/install/launcher/share/launcher/hook/cmake_prefix_path.sh'
[0.251s] Level 1:colcon.colcon_core.environment:checking '/home/user/celluleflexible_en_cours_ROS2/celluleflexible/ros_ws/install/launcher/bin'
[0.251s] Level 1:colcon.colcon_core.environment:checking '/home/user/celluleflexible_en_cours_ROS2/celluleflexible/ros_ws/install/launcher/lib/pkgconfig/launcher.pc'
[0.251s] Level 1:colcon.colcon_core.environment:checking '/home/user/celluleflexible_en_cours_ROS2/celluleflexible/ros_ws/install/launcher/lib/python3.12/site-packages'
[0.251s] Level 1:colcon.colcon_core.environment:checking '/home/user/celluleflexible_en_cours_ROS2/celluleflexible/ros_ws/install/launcher/bin'
[0.253s] INFO:colcon.colcon_core.shell:Creating package script '/home/user/celluleflexible_en_cours_ROS2/celluleflexible/ros_ws/install/launcher/share/launcher/package.ps1'
[0.253s] INFO:colcon.colcon_core.shell:Creating package descriptor '/home/user/celluleflexible_en_cours_ROS2/celluleflexible/ros_ws/install/launcher/share/launcher/package.dsv'
[0.254s] INFO:colcon.colcon_core.shell:Creating package script '/home/user/celluleflexible_en_cours_ROS2/celluleflexible/ros_ws/install/launcher/share/launcher/package.sh'
[0.254s] INFO:colcon.colcon_core.shell:Creating package script '/home/user/celluleflexible_en_cours_ROS2/celluleflexible/ros_ws/install/launcher/share/launcher/package.bash'
[0.255s] INFO:colcon.colcon_core.shell:Creating package script '/home/user/celluleflexible_en_cours_ROS2/celluleflexible/ros_ws/install/launcher/share/launcher/package.zsh'
[0.256s] Level 1:colcon.colcon_core.environment:create_file_with_runtime_dependencies(/home/user/celluleflexible_en_cours_ROS2/celluleflexible/ros_ws/install/launcher/share/colcon-core/packages/launcher)
[0.481s] DEBUG:colcon.colcon_core.event_handler.log_command:Invoked command in '/home/user/celluleflexible_en_cours_ROS2/celluleflexible/ros_ws/build/aiguillages' returned '0': CMAKE_PREFIX_PATH=${CMAKE_PREFIX_PATH}:/opt/ros/jazzy DEBUGINFOD_URLS=https://debuginfod.ubuntu.com /usr/bin/cmake --build /home/user/celluleflexible_en_cours_ROS2/celluleflexible/ros_ws/build/aiguillages -- -j8 -l8
[0.482s] DEBUG:colcon.colcon_core.event_handler.log_command:Invoking command in '/home/user/celluleflexible_en_cours_ROS2/celluleflexible/ros_ws/build/aiguillages': CMAKE_PREFIX_PATH=${CMAKE_PREFIX_PATH}:/opt/ros/jazzy DEBUGINFOD_URLS=https://debuginfod.ubuntu.com /usr/bin/cmake --install /home/user/celluleflexible_en_cours_ROS2/celluleflexible/ros_ws/build/aiguillages
[0.517s] Level 1:colcon.colcon_core.environment:create_environment_scripts_only(aiguillages)
[0.517s] Level 1:colcon.colcon_core.environment:checking '/home/user/celluleflexible_en_cours_ROS2/celluleflexible/ros_ws/install/aiguillages' for CMake module files
[0.518s] DEBUG:colcon.colcon_core.event_handler.log_command:Invoked command in '/home/user/celluleflexible_en_cours_ROS2/celluleflexible/ros_ws/build/aiguillages' returned '0': CMAKE_PREFIX_PATH=${CMAKE_PREFIX_PATH}:/opt/ros/jazzy DEBUGINFOD_URLS=https://debuginfod.ubuntu.com /usr/bin/cmake --install /home/user/celluleflexible_en_cours_ROS2/celluleflexible/ros_ws/build/aiguillages
[0.518s] Level 1:colcon.colcon_core.environment:checking '/home/user/celluleflexible_en_cours_ROS2/celluleflexible/ros_ws/install/aiguillages' for CMake config files
[0.518s] Level 1:colcon.colcon_core.shell:create_environment_hook('aiguillages', 'cmake_prefix_path')
[0.518s] INFO:colcon.colcon_core.shell:Creating environment hook '/home/user/celluleflexible_en_cours_ROS2/celluleflexible/ros_ws/install/aiguillages/share/aiguillages/hook/cmake_prefix_path.ps1'
[0.518s] INFO:colcon.colcon_core.shell:Creating environment descriptor '/home/user/celluleflexible_en_cours_ROS2/celluleflexible/ros_ws/install/aiguillages/share/aiguillages/hook/cmake_prefix_path.dsv'
[0.519s] INFO:colcon.colcon_core.shell:Creating environment hook '/home/user/celluleflexible_en_cours_ROS2/celluleflexible/ros_ws/install/aiguillages/share/aiguillages/hook/cmake_prefix_path.sh'
[0.519s] Level 1:colcon.colcon_core.environment:checking '/home/user/celluleflexible_en_cours_ROS2/celluleflexible/ros_ws/install/aiguillages/lib'
[0.519s] Level 1:colcon.colcon_core.shell:create_environment_hook('aiguillages', 'ld_library_path_lib')
[0.520s] INFO:colcon.colcon_core.shell:Creating environment hook '/home/user/celluleflexible_en_cours_ROS2/celluleflexible/ros_ws/install/aiguillages/share/aiguillages/hook/ld_library_path_lib.ps1'
[0.521s] INFO:colcon.colcon_core.shell:Creating environment descriptor '/home/user/celluleflexible_en_cours_ROS2/celluleflexible/ros_ws/install/aiguillages/share/aiguillages/hook/ld_library_path_lib.dsv'
[0.522s] INFO:colcon.colcon_core.shell:Creating environment hook '/home/user/celluleflexible_en_cours_ROS2/celluleflexible/ros_ws/install/aiguillages/share/aiguillages/hook/ld_library_path_lib.sh'
[0.522s] Level 1:colcon.colcon_core.environment:checking '/home/user/celluleflexible_en_cours_ROS2/celluleflexible/ros_ws/install/aiguillages/bin'
[0.523s] Level 1:colcon.colcon_core.environment:checking '/home/user/celluleflexible_en_cours_ROS2/celluleflexible/ros_ws/install/aiguillages/lib/pkgconfig/aiguillages.pc'
[0.523s] Level 1:colcon.colcon_core.environment:checking '/home/user/celluleflexible_en_cours_ROS2/celluleflexible/ros_ws/install/aiguillages/lib/python3.12/site-packages'
[0.523s] Level 1:colcon.colcon_core.shell:create_environment_hook('aiguillages', 'pythonpath')
[0.523s] INFO:colcon.colcon_core.shell:Creating environment hook '/home/user/celluleflexible_en_cours_ROS2/celluleflexible/ros_ws/install/aiguillages/share/aiguillages/hook/pythonpath.ps1'
[0.524s] INFO:colcon.colcon_core.shell:Creating environment descriptor '/home/user/celluleflexible_en_cours_ROS2/celluleflexible/ros_ws/install/aiguillages/share/aiguillages/hook/pythonpath.dsv'
[0.524s] INFO:colcon.colcon_core.shell:Creating environment hook '/home/user/celluleflexible_en_cours_ROS2/celluleflexible/ros_ws/install/aiguillages/share/aiguillages/hook/pythonpath.sh'
[0.524s] Level 1:colcon.colcon_core.environment:checking '/home/user/celluleflexible_en_cours_ROS2/celluleflexible/ros_ws/install/aiguillages/bin'
[0.525s] INFO:colcon.colcon_core.shell:Creating package script '/home/user/celluleflexible_en_cours_ROS2/celluleflexible/ros_ws/install/aiguillages/share/aiguillages/package.ps1'
[0.525s] INFO:colcon.colcon_core.shell:Creating package descriptor '/home/user/celluleflexible_en_cours_ROS2/celluleflexible/ros_ws/install/aiguillages/share/aiguillages/package.dsv'
[0.525s] INFO:colcon.colcon_core.shell:Creating package script '/home/user/celluleflexible_en_cours_ROS2/celluleflexible/ros_ws/install/aiguillages/share/aiguillages/package.sh'
[0.526s] INFO:colcon.colcon_core.shell:Creating package script '/home/user/celluleflexible_en_cours_ROS2/celluleflexible/ros_ws/install/aiguillages/share/aiguillages/package.bash'
[0.526s] INFO:colcon.colcon_core.shell:Creating package script '/home/user/celluleflexible_en_cours_ROS2/celluleflexible/ros_ws/install/aiguillages/share/aiguillages/package.zsh'
[0.526s] Level 1:colcon.colcon_core.environment:create_file_with_runtime_dependencies(/home/user/celluleflexible_en_cours_ROS2/celluleflexible/ros_ws/install/aiguillages/share/colcon-core/packages/aiguillages)
[0.527s] Level 1:colcon.colcon_core.environment:create_environment_scripts_only(aiguillages)
[0.527s] Level 1:colcon.colcon_core.environment:checking '/home/user/celluleflexible_en_cours_ROS2/celluleflexible/ros_ws/install/aiguillages' for CMake module files
[0.527s] Level 1:colcon.colcon_core.environment:checking '/home/user/celluleflexible_en_cours_ROS2/celluleflexible/ros_ws/install/aiguillages' for CMake config files
[0.527s] Level 1:colcon.colcon_core.shell:create_environment_hook('aiguillages', 'cmake_prefix_path')
[0.527s] INFO:colcon.colcon_core.shell:Creating environment hook '/home/user/celluleflexible_en_cours_ROS2/celluleflexible/ros_ws/install/aiguillages/share/aiguillages/hook/cmake_prefix_path.ps1'
[0.528s] INFO:colcon.colcon_core.shell:Creating environment descriptor '/home/user/celluleflexible_en_cours_ROS2/celluleflexible/ros_ws/install/aiguillages/share/aiguillages/hook/cmake_prefix_path.dsv'
[0.528s] INFO:colcon.colcon_core.shell:Creating environment hook '/home/user/celluleflexible_en_cours_ROS2/celluleflexible/ros_ws/install/aiguillages/share/aiguillages/hook/cmake_prefix_path.sh'
[0.528s] Level 1:colcon.colcon_core.environment:checking '/home/user/celluleflexible_en_cours_ROS2/celluleflexible/ros_ws/install/aiguillages/lib'
[0.528s] Level 1:colcon.colcon_core.shell:create_environment_hook('aiguillages', 'ld_library_path_lib')
[0.528s] INFO:colcon.colcon_core.shell:Creating environment hook '/home/user/celluleflexible_en_cours_ROS2/celluleflexible/ros_ws/install/aiguillages/share/aiguillages/hook/ld_library_path_lib.ps1'
[0.529s] INFO:colcon.colcon_core.shell:Creating environment descriptor '/home/user/celluleflexible_en_cours_ROS2/celluleflexible/ros_ws/install/aiguillages/share/aiguillages/hook/ld_library_path_lib.dsv'
[0.529s] INFO:colcon.colcon_core.shell:Creating environment hook '/home/user/celluleflexible_en_cours_ROS2/celluleflexible/ros_ws/install/aiguillages/share/aiguillages/hook/ld_library_path_lib.sh'
[0.529s] Level 1:colcon.colcon_core.environment:checking '/home/user/celluleflexible_en_cours_ROS2/celluleflexible/ros_ws/install/aiguillages/bin'
[0.529s] Level 1:colcon.colcon_core.environment:checking '/home/user/celluleflexible_en_cours_ROS2/celluleflexible/ros_ws/install/aiguillages/lib/pkgconfig/aiguillages.pc'
[0.529s] Level 1:colcon.colcon_core.environment:checking '/home/user/celluleflexible_en_cours_ROS2/celluleflexible/ros_ws/install/aiguillages/lib/python3.12/site-packages'
[0.530s] Level 1:colcon.colcon_core.shell:create_environment_hook('aiguillages', 'pythonpath')
[0.530s] INFO:colcon.colcon_core.shell:Creating environment hook '/home/user/celluleflexible_en_cours_ROS2/celluleflexible/ros_ws/install/aiguillages/share/aiguillages/hook/pythonpath.ps1'
[0.530s] INFO:colcon.colcon_core.shell:Creating environment descriptor '/home/user/celluleflexible_en_cours_ROS2/celluleflexible/ros_ws/install/aiguillages/share/aiguillages/hook/pythonpath.dsv'
[0.530s] INFO:colcon.colcon_core.shell:Creating environment hook '/home/user/celluleflexible_en_cours_ROS2/celluleflexible/ros_ws/install/aiguillages/share/aiguillages/hook/pythonpath.sh'
[0.531s] Level 1:colcon.colcon_core.environment:checking '/home/user/celluleflexible_en_cours_ROS2/celluleflexible/ros_ws/install/aiguillages/bin'
[0.531s] INFO:colcon.colcon_core.shell:Creating package script '/home/user/celluleflexible_en_cours_ROS2/celluleflexible/ros_ws/install/aiguillages/share/aiguillages/package.ps1'
[0.531s] INFO:colcon.colcon_core.shell:Creating package descriptor '/home/user/celluleflexible_en_cours_ROS2/celluleflexible/ros_ws/install/aiguillages/share/aiguillages/package.dsv'
[0.531s] INFO:colcon.colcon_core.shell:Creating package script '/home/user/celluleflexible_en_cours_ROS2/celluleflexible/ros_ws/install/aiguillages/share/aiguillages/package.sh'
[0.532s] INFO:colcon.colcon_core.shell:Creating package script '/home/user/celluleflexible_en_cours_ROS2/celluleflexible/ros_ws/install/aiguillages/share/aiguillages/package.bash'
[0.532s] INFO:colcon.colcon_core.shell:Creating package script '/home/user/celluleflexible_en_cours_ROS2/celluleflexible/ros_ws/install/aiguillages/share/aiguillages/package.zsh'
[0.532s] Level 1:colcon.colcon_core.environment:create_file_with_runtime_dependencies(/home/user/celluleflexible_en_cours_ROS2/celluleflexible/ros_ws/install/aiguillages/share/colcon-core/packages/aiguillages)
[0.533s] INFO:colcon.colcon_ros.task.ament_cmake.build:Building ROS package in '/home/user/celluleflexible_en_cours_ROS2/celluleflexible/ros_ws/src/commande_locale' with build type 'ament_cmake'
[0.533s] INFO:colcon.colcon_cmake.task.cmake.build:Building CMake package in '/home/user/celluleflexible_en_cours_ROS2/celluleflexible/ros_ws/src/commande_locale'
[0.533s] INFO:colcon.colcon_core.shell:Skip shell extension 'powershell' for command environment: Not usable outside of PowerShell
[0.533s] DEBUG:colcon.colcon_core.shell:Skip shell extension 'dsv' for command environment
[0.536s] INFO:colcon.colcon_ros.task.ament_cmake.build:Building ROS package in '/home/user/celluleflexible_en_cours_ROS2/celluleflexible/ros_ws/src/shuttles' with build type 'ament_cmake'
[0.537s] INFO:colcon.colcon_cmake.task.cmake.build:Building CMake package in '/home/user/celluleflexible_en_cours_ROS2/celluleflexible/ros_ws/src/shuttles'
[0.537s] INFO:colcon.colcon_core.shell:Skip shell extension 'powershell' for command environment: Not usable outside of PowerShell
[0.537s] DEBUG:colcon.colcon_core.shell:Skip shell extension 'dsv' for command environment
[0.545s] DEBUG:colcon.colcon_core.event_handler.log_command:Invoking command in '/home/user/celluleflexible_en_cours_ROS2/celluleflexible/ros_ws/build/commande_locale': AMENT_PREFIX_PATH=/home/user/celluleflexible_en_cours_ROS2/celluleflexible/ros_ws/install/aiguillages:${AMENT_PREFIX_PATH} CMAKE_PREFIX_PATH=/home/user/celluleflexible_en_cours_ROS2/celluleflexible/ros_ws/install/aiguillages:/opt/ros/jazzy/opt/gz_math_vendor:/opt/ros/jazzy/opt/gz_utils_vendor:/opt/ros/jazzy/opt/gz_cmake_vendor:/opt/ros/jazzy DEBUGINFOD_URLS=https://debuginfod.ubuntu.com LD_LIBRARY_PATH=/home/user/celluleflexible_en_cours_ROS2/celluleflexible/ros_ws/install/aiguillages/lib:${LD_LIBRARY_PATH} PYTHONPATH=/home/user/celluleflexible_en_cours_ROS2/celluleflexible/ros_ws/install/aiguillages/lib/python3.12/site-packages:${PYTHONPATH} /usr/bin/cmake --build /home/user/celluleflexible_en_cours_ROS2/celluleflexible/ros_ws/build/commande_locale -- -j8 -l8
[0.547s] DEBUG:colcon.colcon_core.event_handler.log_command:Invoking command in '/home/user/celluleflexible_en_cours_ROS2/celluleflexible/ros_ws/build/shuttles': AMENT_PREFIX_PATH=/home/user/celluleflexible_en_cours_ROS2/celluleflexible/ros_ws/install/aiguillages:${AMENT_PREFIX_PATH} CMAKE_PREFIX_PATH=/home/user/celluleflexible_en_cours_ROS2/celluleflexible/ros_ws/install/aiguillages:/opt/ros/jazzy/opt/gz_math_vendor:/opt/ros/jazzy/opt/gz_utils_vendor:/opt/ros/jazzy/opt/gz_cmake_vendor:/opt/ros/jazzy DEBUGINFOD_URLS=https://debuginfod.ubuntu.com LD_LIBRARY_PATH=/home/user/celluleflexible_en_cours_ROS2/celluleflexible/ros_ws/install/aiguillages/lib:${LD_LIBRARY_PATH} PYTHONPATH=/home/user/celluleflexible_en_cours_ROS2/celluleflexible/ros_ws/install/aiguillages/lib/python3.12/site-packages:${PYTHONPATH} /usr/bin/cmake --build /home/user/celluleflexible_en_cours_ROS2/celluleflexible/ros_ws/build/shuttles -- -j8 -l8
[1.034s] DEBUG:colcon.colcon_core.event_handler.log_command:Invoked command in '/home/user/celluleflexible_en_cours_ROS2/celluleflexible/ros_ws/build/shuttles' returned '0': AMENT_PREFIX_PATH=/home/user/celluleflexible_en_cours_ROS2/celluleflexible/ros_ws/install/aiguillages:${AMENT_PREFIX_PATH} CMAKE_PREFIX_PATH=/home/user/celluleflexible_en_cours_ROS2/celluleflexible/ros_ws/install/aiguillages:/opt/ros/jazzy/opt/gz_math_vendor:/opt/ros/jazzy/opt/gz_utils_vendor:/opt/ros/jazzy/opt/gz_cmake_vendor:/opt/ros/jazzy DEBUGINFOD_URLS=https://debuginfod.ubuntu.com LD_LIBRARY_PATH=/home/user/celluleflexible_en_cours_ROS2/celluleflexible/ros_ws/install/aiguillages/lib:${LD_LIBRARY_PATH} PYTHONPATH=/home/user/celluleflexible_en_cours_ROS2/celluleflexible/ros_ws/install/aiguillages/lib/python3.12/site-packages:${PYTHONPATH} /usr/bin/cmake --build /home/user/celluleflexible_en_cours_ROS2/celluleflexible/ros_ws/build/shuttles -- -j8 -l8
[1.036s] DEBUG:colcon.colcon_core.event_handler.log_command:Invoking command in '/home/user/celluleflexible_en_cours_ROS2/celluleflexible/ros_ws/build/shuttles': AMENT_PREFIX_PATH=/home/user/celluleflexible_en_cours_ROS2/celluleflexible/ros_ws/install/aiguillages:${AMENT_PREFIX_PATH} CMAKE_PREFIX_PATH=/home/user/celluleflexible_en_cours_ROS2/celluleflexible/ros_ws/install/aiguillages:/opt/ros/jazzy/opt/gz_math_vendor:/opt/ros/jazzy/opt/gz_utils_vendor:/opt/ros/jazzy/opt/gz_cmake_vendor:/opt/ros/jazzy DEBUGINFOD_URLS=https://debuginfod.ubuntu.com LD_LIBRARY_PATH=/home/user/celluleflexible_en_cours_ROS2/celluleflexible/ros_ws/install/aiguillages/lib:${LD_LIBRARY_PATH} PYTHONPATH=/home/user/celluleflexible_en_cours_ROS2/celluleflexible/ros_ws/install/aiguillages/lib/python3.12/site-packages:${PYTHONPATH} /usr/bin/cmake --install /home/user/celluleflexible_en_cours_ROS2/celluleflexible/ros_ws/build/shuttles
[1.103s] DEBUG:colcon.colcon_core.event_handler.log_command:Invoked command in '/home/user/celluleflexible_en_cours_ROS2/celluleflexible/ros_ws/build/commande_locale' returned '0': AMENT_PREFIX_PATH=/home/user/celluleflexible_en_cours_ROS2/celluleflexible/ros_ws/install/aiguillages:${AMENT_PREFIX_PATH} CMAKE_PREFIX_PATH=/home/user/celluleflexible_en_cours_ROS2/celluleflexible/ros_ws/install/aiguillages:/opt/ros/jazzy/opt/gz_math_vendor:/opt/ros/jazzy/opt/gz_utils_vendor:/opt/ros/jazzy/opt/gz_cmake_vendor:/opt/ros/jazzy DEBUGINFOD_URLS=https://debuginfod.ubuntu.com LD_LIBRARY_PATH=/home/user/celluleflexible_en_cours_ROS2/celluleflexible/ros_ws/install/aiguillages/lib:${LD_LIBRARY_PATH} PYTHONPATH=/home/user/celluleflexible_en_cours_ROS2/celluleflexible/ros_ws/install/aiguillages/lib/python3.12/site-packages:${PYTHONPATH} /usr/bin/cmake --build /home/user/celluleflexible_en_cours_ROS2/celluleflexible/ros_ws/build/commande_locale -- -j8 -l8
[1.103s] DEBUG:colcon.colcon_core.event_handler.log_command:Invoking command in '/home/user/celluleflexible_en_cours_ROS2/celluleflexible/ros_ws/build/commande_locale': AMENT_PREFIX_PATH=/home/user/celluleflexible_en_cours_ROS2/celluleflexible/ros_ws/install/aiguillages:${AMENT_PREFIX_PATH} CMAKE_PREFIX_PATH=/home/user/celluleflexible_en_cours_ROS2/celluleflexible/ros_ws/install/aiguillages:/opt/ros/jazzy/opt/gz_math_vendor:/opt/ros/jazzy/opt/gz_utils_vendor:/opt/ros/jazzy/opt/gz_cmake_vendor:/opt/ros/jazzy DEBUGINFOD_URLS=https://debuginfod.ubuntu.com LD_LIBRARY_PATH=/home/user/celluleflexible_en_cours_ROS2/celluleflexible/ros_ws/install/aiguillages/lib:${LD_LIBRARY_PATH} PYTHONPATH=/home/user/celluleflexible_en_cours_ROS2/celluleflexible/ros_ws/install/aiguillages/lib/python3.12/site-packages:${PYTHONPATH} /usr/bin/cmake --install /home/user/celluleflexible_en_cours_ROS2/celluleflexible/ros_ws/build/commande_locale
[1.120s] Level 1:colcon.colcon_core.environment:create_environment_scripts_only(shuttles)
[1.120s] Level 1:colcon.colcon_core.environment:checking '/home/user/celluleflexible_en_cours_ROS2/celluleflexible/ros_ws/install/shuttles' for CMake module files
[1.126s] Level 1:colcon.colcon_core.environment:checking '/home/user/celluleflexible_en_cours_ROS2/celluleflexible/ros_ws/install/shuttles' for CMake config files
[1.127s] Level 1:colcon.colcon_core.shell:create_environment_hook('shuttles', 'cmake_prefix_path')
[1.128s] INFO:colcon.colcon_core.shell:Creating environment hook '/home/user/celluleflexible_en_cours_ROS2/celluleflexible/ros_ws/install/shuttles/share/shuttles/hook/cmake_prefix_path.ps1'
[1.130s] INFO:colcon.colcon_core.shell:Creating environment descriptor '/home/user/celluleflexible_en_cours_ROS2/celluleflexible/ros_ws/install/shuttles/share/shuttles/hook/cmake_prefix_path.dsv'
[1.133s] INFO:colcon.colcon_core.shell:Creating environment hook '/home/user/celluleflexible_en_cours_ROS2/celluleflexible/ros_ws/install/shuttles/share/shuttles/hook/cmake_prefix_path.sh'
[1.134s] Level 1:colcon.colcon_core.environment:checking '/home/user/celluleflexible_en_cours_ROS2/celluleflexible/ros_ws/install/shuttles/lib'
[1.134s] Level 1:colcon.colcon_core.shell:create_environment_hook('shuttles', 'ld_library_path_lib')
[1.134s] INFO:colcon.colcon_core.shell:Creating environment hook '/home/user/celluleflexible_en_cours_ROS2/celluleflexible/ros_ws/install/shuttles/share/shuttles/hook/ld_library_path_lib.ps1'
[1.134s] INFO:colcon.colcon_core.shell:Creating environment descriptor '/home/user/celluleflexible_en_cours_ROS2/celluleflexible/ros_ws/install/shuttles/share/shuttles/hook/ld_library_path_lib.dsv'
[1.139s] INFO:colcon.colcon_core.shell:Creating environment hook '/home/user/celluleflexible_en_cours_ROS2/celluleflexible/ros_ws/install/shuttles/share/shuttles/hook/ld_library_path_lib.sh'
[1.141s] DEBUG:colcon.colcon_core.event_handler.log_command:Invoked command in '/home/user/celluleflexible_en_cours_ROS2/celluleflexible/ros_ws/build/shuttles' returned '0': AMENT_PREFIX_PATH=/home/user/celluleflexible_en_cours_ROS2/celluleflexible/ros_ws/install/aiguillages:${AMENT_PREFIX_PATH} CMAKE_PREFIX_PATH=/home/user/celluleflexible_en_cours_ROS2/celluleflexible/ros_ws/install/aiguillages:/opt/ros/jazzy/opt/gz_math_vendor:/opt/ros/jazzy/opt/gz_utils_vendor:/opt/ros/jazzy/opt/gz_cmake_vendor:/opt/ros/jazzy DEBUGINFOD_URLS=https://debuginfod.ubuntu.com LD_LIBRARY_PATH=/home/user/celluleflexible_en_cours_ROS2/celluleflexible/ros_ws/install/aiguillages/lib:${LD_LIBRARY_PATH} PYTHONPATH=/home/user/celluleflexible_en_cours_ROS2/celluleflexible/ros_ws/install/aiguillages/lib/python3.12/site-packages:${PYTHONPATH} /usr/bin/cmake --install /home/user/celluleflexible_en_cours_ROS2/celluleflexible/ros_ws/build/shuttles
[1.142s] Level 1:colcon.colcon_core.environment:checking '/home/user/celluleflexible_en_cours_ROS2/celluleflexible/ros_ws/install/shuttles/bin'
[1.142s] Level 1:colcon.colcon_core.environment:checking '/home/user/celluleflexible_en_cours_ROS2/celluleflexible/ros_ws/install/shuttles/lib/pkgconfig/shuttles.pc'
[1.143s] Level 1:colcon.colcon_core.environment:checking '/home/user/celluleflexible_en_cours_ROS2/celluleflexible/ros_ws/install/shuttles/lib/python3.12/site-packages'
[1.143s] Level 1:colcon.colcon_core.shell:create_environment_hook('shuttles', 'pythonpath')
[1.143s] INFO:colcon.colcon_core.shell:Creating environment hook '/home/user/celluleflexible_en_cours_ROS2/celluleflexible/ros_ws/install/shuttles/share/shuttles/hook/pythonpath.ps1'
[1.145s] INFO:colcon.colcon_core.shell:Creating environment descriptor '/home/user/celluleflexible_en_cours_ROS2/celluleflexible/ros_ws/install/shuttles/share/shuttles/hook/pythonpath.dsv'
[1.149s] INFO:colcon.colcon_core.shell:Creating environment hook '/home/user/celluleflexible_en_cours_ROS2/celluleflexible/ros_ws/install/shuttles/share/shuttles/hook/pythonpath.sh'
[1.156s] Level 1:colcon.colcon_core.environment:checking '/home/user/celluleflexible_en_cours_ROS2/celluleflexible/ros_ws/install/shuttles/bin'
[1.156s] INFO:colcon.colcon_core.shell:Creating package script '/home/user/celluleflexible_en_cours_ROS2/celluleflexible/ros_ws/install/shuttles/share/shuttles/package.ps1'
[1.164s] INFO:colcon.colcon_core.shell:Creating package descriptor '/home/user/celluleflexible_en_cours_ROS2/celluleflexible/ros_ws/install/shuttles/share/shuttles/package.dsv'
[1.165s] INFO:colcon.colcon_core.shell:Creating package script '/home/user/celluleflexible_en_cours_ROS2/celluleflexible/ros_ws/install/shuttles/share/shuttles/package.sh'
[1.176s] INFO:colcon.colcon_core.shell:Creating package script '/home/user/celluleflexible_en_cours_ROS2/celluleflexible/ros_ws/install/shuttles/share/shuttles/package.bash'
[1.177s] INFO:colcon.colcon_core.shell:Creating package script '/home/user/celluleflexible_en_cours_ROS2/celluleflexible/ros_ws/install/shuttles/share/shuttles/package.zsh'
[1.178s] Level 1:colcon.colcon_core.environment:create_file_with_runtime_dependencies(/home/user/celluleflexible_en_cours_ROS2/celluleflexible/ros_ws/install/shuttles/share/colcon-core/packages/shuttles)
[1.179s] Level 1:colcon.colcon_core.environment:create_environment_scripts_only(shuttles)
[1.179s] Level 1:colcon.colcon_core.environment:checking '/home/user/celluleflexible_en_cours_ROS2/celluleflexible/ros_ws/install/shuttles' for CMake module files
[1.180s] Level 1:colcon.colcon_core.environment:checking '/home/user/celluleflexible_en_cours_ROS2/celluleflexible/ros_ws/install/shuttles' for CMake config files
[1.180s] Level 1:colcon.colcon_core.shell:create_environment_hook('shuttles', 'cmake_prefix_path')
[1.180s] INFO:colcon.colcon_core.shell:Creating environment hook '/home/user/celluleflexible_en_cours_ROS2/celluleflexible/ros_ws/install/shuttles/share/shuttles/hook/cmake_prefix_path.ps1'
[1.180s] INFO:colcon.colcon_core.shell:Creating environment descriptor '/home/user/celluleflexible_en_cours_ROS2/celluleflexible/ros_ws/install/shuttles/share/shuttles/hook/cmake_prefix_path.dsv'
[1.182s] INFO:colcon.colcon_core.shell:Creating environment hook '/home/user/celluleflexible_en_cours_ROS2/celluleflexible/ros_ws/install/shuttles/share/shuttles/hook/cmake_prefix_path.sh'
[1.182s] Level 1:colcon.colcon_core.environment:checking '/home/user/celluleflexible_en_cours_ROS2/celluleflexible/ros_ws/install/shuttles/lib'
[1.182s] Level 1:colcon.colcon_core.shell:create_environment_hook('shuttles', 'ld_library_path_lib')
[1.183s] INFO:colcon.colcon_core.shell:Creating environment hook '/home/user/celluleflexible_en_cours_ROS2/celluleflexible/ros_ws/install/shuttles/share/shuttles/hook/ld_library_path_lib.ps1'
[1.183s] INFO:colcon.colcon_core.shell:Creating environment descriptor '/home/user/celluleflexible_en_cours_ROS2/celluleflexible/ros_ws/install/shuttles/share/shuttles/hook/ld_library_path_lib.dsv'
[1.184s] INFO:colcon.colcon_core.shell:Creating environment hook '/home/user/celluleflexible_en_cours_ROS2/celluleflexible/ros_ws/install/shuttles/share/shuttles/hook/ld_library_path_lib.sh'
[1.186s] Level 1:colcon.colcon_core.environment:checking '/home/user/celluleflexible_en_cours_ROS2/celluleflexible/ros_ws/install/shuttles/bin'
[1.186s] Level 1:colcon.colcon_core.environment:checking '/home/user/celluleflexible_en_cours_ROS2/celluleflexible/ros_ws/install/shuttles/lib/pkgconfig/shuttles.pc'
[1.187s] Level 1:colcon.colcon_core.environment:checking '/home/user/celluleflexible_en_cours_ROS2/celluleflexible/ros_ws/install/shuttles/lib/python3.12/site-packages'
[1.187s] Level 1:colcon.colcon_core.shell:create_environment_hook('shuttles', 'pythonpath')
[1.187s] INFO:colcon.colcon_core.shell:Creating environment hook '/home/user/celluleflexible_en_cours_ROS2/celluleflexible/ros_ws/install/shuttles/share/shuttles/hook/pythonpath.ps1'
[1.187s] INFO:colcon.colcon_core.shell:Creating environment descriptor '/home/user/celluleflexible_en_cours_ROS2/celluleflexible/ros_ws/install/shuttles/share/shuttles/hook/pythonpath.dsv'
[1.187s] INFO:colcon.colcon_core.shell:Creating environment hook '/home/user/celluleflexible_en_cours_ROS2/celluleflexible/ros_ws/install/shuttles/share/shuttles/hook/pythonpath.sh'
[1.188s] Level 1:colcon.colcon_core.environment:checking '/home/user/celluleflexible_en_cours_ROS2/celluleflexible/ros_ws/install/shuttles/bin'
[1.188s] INFO:colcon.colcon_core.shell:Creating package script '/home/user/celluleflexible_en_cours_ROS2/celluleflexible/ros_ws/install/shuttles/share/shuttles/package.ps1'
[1.189s] INFO:colcon.colcon_core.shell:Creating package descriptor '/home/user/celluleflexible_en_cours_ROS2/celluleflexible/ros_ws/install/shuttles/share/shuttles/package.dsv'
[1.189s] INFO:colcon.colcon_core.shell:Creating package script '/home/user/celluleflexible_en_cours_ROS2/celluleflexible/ros_ws/install/shuttles/share/shuttles/package.sh'
[1.190s] INFO:colcon.colcon_core.shell:Creating package script '/home/user/celluleflexible_en_cours_ROS2/celluleflexible/ros_ws/install/shuttles/share/shuttles/package.bash'
[1.190s] INFO:colcon.colcon_core.shell:Creating package script '/home/user/celluleflexible_en_cours_ROS2/celluleflexible/ros_ws/install/shuttles/share/shuttles/package.zsh'
[1.191s] Level 1:colcon.colcon_core.environment:create_file_with_runtime_dependencies(/home/user/celluleflexible_en_cours_ROS2/celluleflexible/ros_ws/install/shuttles/share/colcon-core/packages/shuttles)
[1.192s] Level 1:colcon.colcon_core.environment:create_environment_scripts_only(commande_locale)
[1.193s] Level 1:colcon.colcon_core.environment:checking '/home/user/celluleflexible_en_cours_ROS2/celluleflexible/ros_ws/install/commande_locale' for CMake module files
[1.194s] DEBUG:colcon.colcon_core.event_handler.log_command:Invoked command in '/home/user/celluleflexible_en_cours_ROS2/celluleflexible/ros_ws/build/commande_locale' returned '0': AMENT_PREFIX_PATH=/home/user/celluleflexible_en_cours_ROS2/celluleflexible/ros_ws/install/aiguillages:${AMENT_PREFIX_PATH} CMAKE_PREFIX_PATH=/home/user/celluleflexible_en_cours_ROS2/celluleflexible/ros_ws/install/aiguillages:/opt/ros/jazzy/opt/gz_math_vendor:/opt/ros/jazzy/opt/gz_utils_vendor:/opt/ros/jazzy/opt/gz_cmake_vendor:/opt/ros/jazzy DEBUGINFOD_URLS=https://debuginfod.ubuntu.com LD_LIBRARY_PATH=/home/user/celluleflexible_en_cours_ROS2/celluleflexible/ros_ws/install/aiguillages/lib:${LD_LIBRARY_PATH} PYTHONPATH=/home/user/celluleflexible_en_cours_ROS2/celluleflexible/ros_ws/install/aiguillages/lib/python3.12/site-packages:${PYTHONPATH} /usr/bin/cmake --install /home/user/celluleflexible_en_cours_ROS2/celluleflexible/ros_ws/build/commande_locale
[1.194s] Level 1:colcon.colcon_core.environment:checking '/home/user/celluleflexible_en_cours_ROS2/celluleflexible/ros_ws/install/commande_locale' for CMake config files
[1.195s] Level 1:colcon.colcon_core.shell:create_environment_hook('commande_locale', 'cmake_prefix_path')
[1.195s] INFO:colcon.colcon_core.shell:Creating environment hook '/home/user/celluleflexible_en_cours_ROS2/celluleflexible/ros_ws/install/commande_locale/share/commande_locale/hook/cmake_prefix_path.ps1'
[1.195s] INFO:colcon.colcon_core.shell:Creating environment descriptor '/home/user/celluleflexible_en_cours_ROS2/celluleflexible/ros_ws/install/commande_locale/share/commande_locale/hook/cmake_prefix_path.dsv'
[1.198s] INFO:colcon.colcon_core.shell:Creating environment hook '/home/user/celluleflexible_en_cours_ROS2/celluleflexible/ros_ws/install/commande_locale/share/commande_locale/hook/cmake_prefix_path.sh'
[1.203s] Level 1:colcon.colcon_core.environment:checking '/home/user/celluleflexible_en_cours_ROS2/celluleflexible/ros_ws/install/commande_locale/lib'
[1.203s] Level 1:colcon.colcon_core.shell:create_environment_hook('commande_locale', 'ld_library_path_lib')
[1.203s] INFO:colcon.colcon_core.shell:Creating environment hook '/home/user/celluleflexible_en_cours_ROS2/celluleflexible/ros_ws/install/commande_locale/share/commande_locale/hook/ld_library_path_lib.ps1'
[1.206s] INFO:colcon.colcon_core.shell:Creating environment descriptor '/home/user/celluleflexible_en_cours_ROS2/celluleflexible/ros_ws/install/commande_locale/share/commande_locale/hook/ld_library_path_lib.dsv'
[1.206s] INFO:colcon.colcon_core.shell:Creating environment hook '/home/user/celluleflexible_en_cours_ROS2/celluleflexible/ros_ws/install/commande_locale/share/commande_locale/hook/ld_library_path_lib.sh'
[1.207s] Level 1:colcon.colcon_core.environment:checking '/home/user/celluleflexible_en_cours_ROS2/celluleflexible/ros_ws/install/commande_locale/bin'
[1.207s] Level 1:colcon.colcon_core.environment:checking '/home/user/celluleflexible_en_cours_ROS2/celluleflexible/ros_ws/install/commande_locale/lib/pkgconfig/commande_locale.pc'
[1.209s] Level 1:colcon.colcon_core.environment:checking '/home/user/celluleflexible_en_cours_ROS2/celluleflexible/ros_ws/install/commande_locale/lib/python3.12/site-packages'
[1.209s] Level 1:colcon.colcon_core.shell:create_environment_hook('commande_locale', 'pythonpath')
[1.209s] INFO:colcon.colcon_core.shell:Creating environment hook '/home/user/celluleflexible_en_cours_ROS2/celluleflexible/ros_ws/install/commande_locale/share/commande_locale/hook/pythonpath.ps1'
[1.210s] INFO:colcon.colcon_core.shell:Creating environment descriptor '/home/user/celluleflexible_en_cours_ROS2/celluleflexible/ros_ws/install/commande_locale/share/commande_locale/hook/pythonpath.dsv'
[1.210s] INFO:colcon.colcon_core.shell:Creating environment hook '/home/user/celluleflexible_en_cours_ROS2/celluleflexible/ros_ws/install/commande_locale/share/commande_locale/hook/pythonpath.sh'
[1.211s] Level 1:colcon.colcon_core.environment:checking '/home/user/celluleflexible_en_cours_ROS2/celluleflexible/ros_ws/install/commande_locale/bin'
[1.211s] INFO:colcon.colcon_core.shell:Creating package script '/home/user/celluleflexible_en_cours_ROS2/celluleflexible/ros_ws/install/commande_locale/share/commande_locale/package.ps1'
[1.211s] INFO:colcon.colcon_core.shell:Creating package descriptor '/home/user/celluleflexible_en_cours_ROS2/celluleflexible/ros_ws/install/commande_locale/share/commande_locale/package.dsv'
[1.213s] INFO:colcon.colcon_core.shell:Creating package script '/home/user/celluleflexible_en_cours_ROS2/celluleflexible/ros_ws/install/commande_locale/share/commande_locale/package.sh'
[1.213s] INFO:colcon.colcon_core.shell:Creating package script '/home/user/celluleflexible_en_cours_ROS2/celluleflexible/ros_ws/install/commande_locale/share/commande_locale/package.bash'
[1.214s] INFO:colcon.colcon_core.shell:Creating package script '/home/user/celluleflexible_en_cours_ROS2/celluleflexible/ros_ws/install/commande_locale/share/commande_locale/package.zsh'
[1.214s] Level 1:colcon.colcon_core.environment:create_file_with_runtime_dependencies(/home/user/celluleflexible_en_cours_ROS2/celluleflexible/ros_ws/install/commande_locale/share/colcon-core/packages/commande_locale)
[1.215s] Level 1:colcon.colcon_core.environment:create_environment_scripts_only(commande_locale)
[1.215s] Level 1:colcon.colcon_core.environment:checking '/home/user/celluleflexible_en_cours_ROS2/celluleflexible/ros_ws/install/commande_locale' for CMake module files
[1.215s] Level 1:colcon.colcon_core.environment:checking '/home/user/celluleflexible_en_cours_ROS2/celluleflexible/ros_ws/install/commande_locale' for CMake config files
[1.216s] Level 1:colcon.colcon_core.shell:create_environment_hook('commande_locale', 'cmake_prefix_path')
[1.216s] INFO:colcon.colcon_core.shell:Creating environment hook '/home/user/celluleflexible_en_cours_ROS2/celluleflexible/ros_ws/install/commande_locale/share/commande_locale/hook/cmake_prefix_path.ps1'
[1.216s] INFO:colcon.colcon_core.shell:Creating environment descriptor '/home/user/celluleflexible_en_cours_ROS2/celluleflexible/ros_ws/install/commande_locale/share/commande_locale/hook/cmake_prefix_path.dsv'
[1.216s] INFO:colcon.colcon_core.shell:Creating environment hook '/home/user/celluleflexible_en_cours_ROS2/celluleflexible/ros_ws/install/commande_locale/share/commande_locale/hook/cmake_prefix_path.sh'
[1.217s] Level 1:colcon.colcon_core.environment:checking '/home/user/celluleflexible_en_cours_ROS2/celluleflexible/ros_ws/install/commande_locale/lib'
[1.217s] Level 1:colcon.colcon_core.shell:create_environment_hook('commande_locale', 'ld_library_path_lib')
[1.217s] INFO:colcon.colcon_core.shell:Creating environment hook '/home/user/celluleflexible_en_cours_ROS2/celluleflexible/ros_ws/install/commande_locale/share/commande_locale/hook/ld_library_path_lib.ps1'
[1.217s] INFO:colcon.colcon_core.shell:Creating environment descriptor '/home/user/celluleflexible_en_cours_ROS2/celluleflexible/ros_ws/install/commande_locale/share/commande_locale/hook/ld_library_path_lib.dsv'
[1.218s] INFO:colcon.colcon_core.shell:Creating environment hook '/home/user/celluleflexible_en_cours_ROS2/celluleflexible/ros_ws/install/commande_locale/share/commande_locale/hook/ld_library_path_lib.sh'
[1.218s] Level 1:colcon.colcon_core.environment:checking '/home/user/celluleflexible_en_cours_ROS2/celluleflexible/ros_ws/install/commande_locale/bin'
[1.218s] Level 1:colcon.colcon_core.environment:checking '/home/user/celluleflexible_en_cours_ROS2/celluleflexible/ros_ws/install/commande_locale/lib/pkgconfig/commande_locale.pc'
[1.218s] Level 1:colcon.colcon_core.environment:checking '/home/user/celluleflexible_en_cours_ROS2/celluleflexible/ros_ws/install/commande_locale/lib/python3.12/site-packages'
[1.218s] Level 1:colcon.colcon_core.shell:create_environment_hook('commande_locale', 'pythonpath')
[1.218s] INFO:colcon.colcon_core.shell:Creating environment hook '/home/user/celluleflexible_en_cours_ROS2/celluleflexible/ros_ws/install/commande_locale/share/commande_locale/hook/pythonpath.ps1'
[1.219s] INFO:colcon.colcon_core.shell:Creating environment descriptor '/home/user/celluleflexible_en_cours_ROS2/celluleflexible/ros_ws/install/commande_locale/share/commande_locale/hook/pythonpath.dsv'
[1.219s] INFO:colcon.colcon_core.shell:Creating environment hook '/home/user/celluleflexible_en_cours_ROS2/celluleflexible/ros_ws/install/commande_locale/share/commande_locale/hook/pythonpath.sh'
[1.220s] Level 1:colcon.colcon_core.environment:checking '/home/user/celluleflexible_en_cours_ROS2/celluleflexible/ros_ws/install/commande_locale/bin'
[1.220s] INFO:colcon.colcon_core.shell:Creating package script '/home/user/celluleflexible_en_cours_ROS2/celluleflexible/ros_ws/install/commande_locale/share/commande_locale/package.ps1'
[1.220s] INFO:colcon.colcon_core.shell:Creating package descriptor '/home/user/celluleflexible_en_cours_ROS2/celluleflexible/ros_ws/install/commande_locale/share/commande_locale/package.dsv'
[1.221s] INFO:colcon.colcon_core.shell:Creating package script '/home/user/celluleflexible_en_cours_ROS2/celluleflexible/ros_ws/install/commande_locale/share/commande_locale/package.sh'
[1.221s] INFO:colcon.colcon_core.shell:Creating package script '/home/user/celluleflexible_en_cours_ROS2/celluleflexible/ros_ws/install/commande_locale/share/commande_locale/package.bash'
[1.221s] INFO:colcon.colcon_core.shell:Creating package script '/home/user/celluleflexible_en_cours_ROS2/celluleflexible/ros_ws/install/commande_locale/share/commande_locale/package.zsh'
[1.222s] Level 1:colcon.colcon_core.environment:create_file_with_runtime_dependencies(/home/user/celluleflexible_en_cours_ROS2/celluleflexible/ros_ws/install/commande_locale/share/colcon-core/packages/commande_locale)
[1.222s] INFO:colcon.colcon_ros.task.ament_cmake.build:Building ROS package in '/home/user/celluleflexible_en_cours_ROS2/celluleflexible/ros_ws/src/robots' with build type 'ament_cmake'
[1.222s] INFO:colcon.colcon_cmake.task.cmake.build:Building CMake package in '/home/user/celluleflexible_en_cours_ROS2/celluleflexible/ros_ws/src/robots'
[1.222s] INFO:colcon.colcon_core.shell:Skip shell extension 'powershell' for command environment: Not usable outside of PowerShell
[1.222s] DEBUG:colcon.colcon_core.shell:Skip shell extension 'dsv' for command environment
[1.246s] DEBUG:colcon.colcon_core.event_handler.log_command:Invoking command in '/home/user/celluleflexible_en_cours_ROS2/celluleflexible/ros_ws/build/robots': AMENT_PREFIX_PATH=/home/user/celluleflexible_en_cours_ROS2/celluleflexible/ros_ws/install/shuttles:/home/user/celluleflexible_en_cours_ROS2/celluleflexible/ros_ws/install/commande_locale:/home/user/celluleflexible_en_cours_ROS2/celluleflexible/ros_ws/install/aiguillages:${AMENT_PREFIX_PATH} CMAKE_PREFIX_PATH=/home/user/celluleflexible_en_cours_ROS2/celluleflexible/ros_ws/install/shuttles:/home/user/celluleflexible_en_cours_ROS2/celluleflexible/ros_ws/install/commande_locale:/home/user/celluleflexible_en_cours_ROS2/celluleflexible/ros_ws/install/aiguillages:/opt/ros/jazzy/opt/gz_math_vendor:/opt/ros/jazzy/opt/gz_utils_vendor:/opt/ros/jazzy/opt/gz_cmake_vendor:/opt/ros/jazzy DEBUGINFOD_URLS=https://debuginfod.ubuntu.com LD_LIBRARY_PATH=/home/user/celluleflexible_en_cours_ROS2/celluleflexible/ros_ws/install/shuttles/lib:/home/user/celluleflexible_en_cours_ROS2/celluleflexible/ros_ws/install/commande_locale/lib:/home/user/celluleflexible_en_cours_ROS2/celluleflexible/ros_ws/install/aiguillages/lib:${LD_LIBRARY_PATH} PYTHONPATH=/home/user/celluleflexible_en_cours_ROS2/celluleflexible/ros_ws/install/shuttles/lib/python3.12/site-packages:/home/user/celluleflexible_en_cours_ROS2/celluleflexible/ros_ws/install/commande_locale/lib/python3.12/site-packages:/home/user/celluleflexible_en_cours_ROS2/celluleflexible/ros_ws/install/aiguillages/lib/python3.12/site-packages:${PYTHONPATH} /usr/bin/cmake --build /home/user/celluleflexible_en_cours_ROS2/celluleflexible/ros_ws/build/robots -- -j8 -l8
[1.549s] DEBUG:colcon.colcon_core.event_handler.log_command:Invoked command in '/home/user/celluleflexible_en_cours_ROS2/celluleflexible/ros_ws/build/robots' returned '0': AMENT_PREFIX_PATH=/home/user/celluleflexible_en_cours_ROS2/celluleflexible/ros_ws/install/shuttles:/home/user/celluleflexible_en_cours_ROS2/celluleflexible/ros_ws/install/commande_locale:/home/user/celluleflexible_en_cours_ROS2/celluleflexible/ros_ws/install/aiguillages:${AMENT_PREFIX_PATH} CMAKE_PREFIX_PATH=/home/user/celluleflexible_en_cours_ROS2/celluleflexible/ros_ws/install/shuttles:/home/user/celluleflexible_en_cours_ROS2/celluleflexible/ros_ws/install/commande_locale:/home/user/celluleflexible_en_cours_ROS2/celluleflexible/ros_ws/install/aiguillages:/opt/ros/jazzy/opt/gz_math_vendor:/opt/ros/jazzy/opt/gz_utils_vendor:/opt/ros/jazzy/opt/gz_cmake_vendor:/opt/ros/jazzy DEBUGINFOD_URLS=https://debuginfod.ubuntu.com LD_LIBRARY_PATH=/home/user/celluleflexible_en_cours_ROS2/celluleflexible/ros_ws/install/shuttles/lib:/home/user/celluleflexible_en_cours_ROS2/celluleflexible/ros_ws/install/commande_locale/lib:/home/user/celluleflexible_en_cours_ROS2/celluleflexible/ros_ws/install/aiguillages/lib:${LD_LIBRARY_PATH} PYTHONPATH=/home/user/celluleflexible_en_cours_ROS2/celluleflexible/ros_ws/install/shuttles/lib/python3.12/site-packages:/home/user/celluleflexible_en_cours_ROS2/celluleflexible/ros_ws/install/commande_locale/lib/python3.12/site-packages:/home/user/celluleflexible_en_cours_ROS2/celluleflexible/ros_ws/install/aiguillages/lib/python3.12/site-packages:${PYTHONPATH} /usr/bin/cmake --build /home/user/celluleflexible_en_cours_ROS2/celluleflexible/ros_ws/build/robots -- -j8 -l8
[1.549s] DEBUG:colcon.colcon_core.event_handler.log_command:Invoking command in '/home/user/celluleflexible_en_cours_ROS2/celluleflexible/ros_ws/build/robots': AMENT_PREFIX_PATH=/home/user/celluleflexible_en_cours_ROS2/celluleflexible/ros_ws/install/shuttles:/home/user/celluleflexible_en_cours_ROS2/celluleflexible/ros_ws/install/commande_locale:/home/user/celluleflexible_en_cours_ROS2/celluleflexible/ros_ws/install/aiguillages:${AMENT_PREFIX_PATH} CMAKE_PREFIX_PATH=/home/user/celluleflexible_en_cours_ROS2/celluleflexible/ros_ws/install/shuttles:/home/user/celluleflexible_en_cours_ROS2/celluleflexible/ros_ws/install/commande_locale:/home/user/celluleflexible_en_cours_ROS2/celluleflexible/ros_ws/install/aiguillages:/opt/ros/jazzy/opt/gz_math_vendor:/opt/ros/jazzy/opt/gz_utils_vendor:/opt/ros/jazzy/opt/gz_cmake_vendor:/opt/ros/jazzy DEBUGINFOD_URLS=https://debuginfod.ubuntu.com LD_LIBRARY_PATH=/home/user/celluleflexible_en_cours_ROS2/celluleflexible/ros_ws/install/shuttles/lib:/home/user/celluleflexible_en_cours_ROS2/celluleflexible/ros_ws/install/commande_locale/lib:/home/user/celluleflexible_en_cours_ROS2/celluleflexible/ros_ws/install/aiguillages/lib:${LD_LIBRARY_PATH} PYTHONPATH=/home/user/celluleflexible_en_cours_ROS2/celluleflexible/ros_ws/install/shuttles/lib/python3.12/site-packages:/home/user/celluleflexible_en_cours_ROS2/celluleflexible/ros_ws/install/commande_locale/lib/python3.12/site-packages:/home/user/celluleflexible_en_cours_ROS2/celluleflexible/ros_ws/install/aiguillages/lib/python3.12/site-packages:${PYTHONPATH} /usr/bin/cmake --install /home/user/celluleflexible_en_cours_ROS2/celluleflexible/ros_ws/build/robots
[1.597s] Level 1:colcon.colcon_core.environment:create_environment_scripts_only(robots)
[1.597s] Level 1:colcon.colcon_core.environment:checking '/home/user/celluleflexible_en_cours_ROS2/celluleflexible/ros_ws/install/robots' for CMake module files
[1.597s] DEBUG:colcon.colcon_core.event_handler.log_command:Invoked command in '/home/user/celluleflexible_en_cours_ROS2/celluleflexible/ros_ws/build/robots' returned '0': AMENT_PREFIX_PATH=/home/user/celluleflexible_en_cours_ROS2/celluleflexible/ros_ws/install/shuttles:/home/user/celluleflexible_en_cours_ROS2/celluleflexible/ros_ws/install/commande_locale:/home/user/celluleflexible_en_cours_ROS2/celluleflexible/ros_ws/install/aiguillages:${AMENT_PREFIX_PATH} CMAKE_PREFIX_PATH=/home/user/celluleflexible_en_cours_ROS2/celluleflexible/ros_ws/install/shuttles:/home/user/celluleflexible_en_cours_ROS2/celluleflexible/ros_ws/install/commande_locale:/home/user/celluleflexible_en_cours_ROS2/celluleflexible/ros_ws/install/aiguillages:/opt/ros/jazzy/opt/gz_math_vendor:/opt/ros/jazzy/opt/gz_utils_vendor:/opt/ros/jazzy/opt/gz_cmake_vendor:/opt/ros/jazzy DEBUGINFOD_URLS=https://debuginfod.ubuntu.com LD_LIBRARY_PATH=/home/user/celluleflexible_en_cours_ROS2/celluleflexible/ros_ws/install/shuttles/lib:/home/user/celluleflexible_en_cours_ROS2/celluleflexible/ros_ws/install/commande_locale/lib:/home/user/celluleflexible_en_cours_ROS2/celluleflexible/ros_ws/install/aiguillages/lib:${LD_LIBRARY_PATH} PYTHONPATH=/home/user/celluleflexible_en_cours_ROS2/celluleflexible/ros_ws/install/shuttles/lib/python3.12/site-packages:/home/user/celluleflexible_en_cours_ROS2/celluleflexible/ros_ws/install/commande_locale/lib/python3.12/site-packages:/home/user/celluleflexible_en_cours_ROS2/celluleflexible/ros_ws/install/aiguillages/lib/python3.12/site-packages:${PYTHONPATH} /usr/bin/cmake --install /home/user/celluleflexible_en_cours_ROS2/celluleflexible/ros_ws/build/robots
[1.598s] Level 1:colcon.colcon_core.environment:checking '/home/user/celluleflexible_en_cours_ROS2/celluleflexible/ros_ws/install/robots' for CMake config files
[1.598s] Level 1:colcon.colcon_core.shell:create_environment_hook('robots', 'cmake_prefix_path')
[1.598s] INFO:colcon.colcon_core.shell:Creating environment hook '/home/user/celluleflexible_en_cours_ROS2/celluleflexible/ros_ws/install/robots/share/robots/hook/cmake_prefix_path.ps1'
[1.598s] INFO:colcon.colcon_core.shell:Creating environment descriptor '/home/user/celluleflexible_en_cours_ROS2/celluleflexible/ros_ws/install/robots/share/robots/hook/cmake_prefix_path.dsv'
[1.599s] INFO:colcon.colcon_core.shell:Creating environment hook '/home/user/celluleflexible_en_cours_ROS2/celluleflexible/ros_ws/install/robots/share/robots/hook/cmake_prefix_path.sh'
[1.599s] Level 1:colcon.colcon_core.environment:checking '/home/user/celluleflexible_en_cours_ROS2/celluleflexible/ros_ws/install/robots/lib'
[1.599s] Level 1:colcon.colcon_core.shell:create_environment_hook('robots', 'ld_library_path_lib')
[1.599s] INFO:colcon.colcon_core.shell:Creating environment hook '/home/user/celluleflexible_en_cours_ROS2/celluleflexible/ros_ws/install/robots/share/robots/hook/ld_library_path_lib.ps1'
[1.600s] INFO:colcon.colcon_core.shell:Creating environment descriptor '/home/user/celluleflexible_en_cours_ROS2/celluleflexible/ros_ws/install/robots/share/robots/hook/ld_library_path_lib.dsv'
[1.600s] INFO:colcon.colcon_core.shell:Creating environment hook '/home/user/celluleflexible_en_cours_ROS2/celluleflexible/ros_ws/install/robots/share/robots/hook/ld_library_path_lib.sh'
[1.600s] Level 1:colcon.colcon_core.environment:checking '/home/user/celluleflexible_en_cours_ROS2/celluleflexible/ros_ws/install/robots/bin'
[1.600s] Level 1:colcon.colcon_core.environment:checking '/home/user/celluleflexible_en_cours_ROS2/celluleflexible/ros_ws/install/robots/lib/pkgconfig/robots.pc'
[1.601s] Level 1:colcon.colcon_core.environment:checking '/home/user/celluleflexible_en_cours_ROS2/celluleflexible/ros_ws/install/robots/lib/python3.12/site-packages'
[1.601s] Level 1:colcon.colcon_core.shell:create_environment_hook('robots', 'pythonpath')
[1.601s] INFO:colcon.colcon_core.shell:Creating environment hook '/home/user/celluleflexible_en_cours_ROS2/celluleflexible/ros_ws/install/robots/share/robots/hook/pythonpath.ps1'
[1.601s] INFO:colcon.colcon_core.shell:Creating environment descriptor '/home/user/celluleflexible_en_cours_ROS2/celluleflexible/ros_ws/install/robots/share/robots/hook/pythonpath.dsv'
[1.601s] INFO:colcon.colcon_core.shell:Creating environment hook '/home/user/celluleflexible_en_cours_ROS2/celluleflexible/ros_ws/install/robots/share/robots/hook/pythonpath.sh'
[1.602s] Level 1:colcon.colcon_core.environment:checking '/home/user/celluleflexible_en_cours_ROS2/celluleflexible/ros_ws/install/robots/bin'
[1.602s] INFO:colcon.colcon_core.shell:Creating package script '/home/user/celluleflexible_en_cours_ROS2/celluleflexible/ros_ws/install/robots/share/robots/package.ps1'
[1.602s] INFO:colcon.colcon_core.shell:Creating package descriptor '/home/user/celluleflexible_en_cours_ROS2/celluleflexible/ros_ws/install/robots/share/robots/package.dsv'
[1.603s] INFO:colcon.colcon_core.shell:Creating package script '/home/user/celluleflexible_en_cours_ROS2/celluleflexible/ros_ws/install/robots/share/robots/package.sh'
[1.604s] INFO:colcon.colcon_core.shell:Creating package script '/home/user/celluleflexible_en_cours_ROS2/celluleflexible/ros_ws/install/robots/share/robots/package.bash'
[1.604s] INFO:colcon.colcon_core.shell:Creating package script '/home/user/celluleflexible_en_cours_ROS2/celluleflexible/ros_ws/install/robots/share/robots/package.zsh'
[1.604s] Level 1:colcon.colcon_core.environment:create_file_with_runtime_dependencies(/home/user/celluleflexible_en_cours_ROS2/celluleflexible/ros_ws/install/robots/share/colcon-core/packages/robots)
[1.605s] Level 1:colcon.colcon_core.environment:create_environment_scripts_only(robots)
[1.605s] Level 1:colcon.colcon_core.environment:checking '/home/user/celluleflexible_en_cours_ROS2/celluleflexible/ros_ws/install/robots' for CMake module files
[1.605s] Level 1:colcon.colcon_core.environment:checking '/home/user/celluleflexible_en_cours_ROS2/celluleflexible/ros_ws/install/robots' for CMake config files
[1.605s] Level 1:colcon.colcon_core.shell:create_environment_hook('robots', 'cmake_prefix_path')
[1.605s] INFO:colcon.colcon_core.shell:Creating environment hook '/home/user/celluleflexible_en_cours_ROS2/celluleflexible/ros_ws/install/robots/share/robots/hook/cmake_prefix_path.ps1'
[1.605s] INFO:colcon.colcon_core.shell:Creating environment descriptor '/home/user/celluleflexible_en_cours_ROS2/celluleflexible/ros_ws/install/robots/share/robots/hook/cmake_prefix_path.dsv'
[1.606s] INFO:colcon.colcon_core.shell:Creating environment hook '/home/user/celluleflexible_en_cours_ROS2/celluleflexible/ros_ws/install/robots/share/robots/hook/cmake_prefix_path.sh'
[1.606s] Level 1:colcon.colcon_core.environment:checking '/home/user/celluleflexible_en_cours_ROS2/celluleflexible/ros_ws/install/robots/lib'
[1.606s] Level 1:colcon.colcon_core.shell:create_environment_hook('robots', 'ld_library_path_lib')
[1.606s] INFO:colcon.colcon_core.shell:Creating environment hook '/home/user/celluleflexible_en_cours_ROS2/celluleflexible/ros_ws/install/robots/share/robots/hook/ld_library_path_lib.ps1'
[1.606s] INFO:colcon.colcon_core.shell:Creating environment descriptor '/home/user/celluleflexible_en_cours_ROS2/celluleflexible/ros_ws/install/robots/share/robots/hook/ld_library_path_lib.dsv'
[1.607s] INFO:colcon.colcon_core.shell:Creating environment hook '/home/user/celluleflexible_en_cours_ROS2/celluleflexible/ros_ws/install/robots/share/robots/hook/ld_library_path_lib.sh'
[1.607s] Level 1:colcon.colcon_core.environment:checking '/home/user/celluleflexible_en_cours_ROS2/celluleflexible/ros_ws/install/robots/bin'
[1.607s] Level 1:colcon.colcon_core.environment:checking '/home/user/celluleflexible_en_cours_ROS2/celluleflexible/ros_ws/install/robots/lib/pkgconfig/robots.pc'
[1.607s] Level 1:colcon.colcon_core.environment:checking '/home/user/celluleflexible_en_cours_ROS2/celluleflexible/ros_ws/install/robots/lib/python3.12/site-packages'
[1.607s] Level 1:colcon.colcon_core.shell:create_environment_hook('robots', 'pythonpath')
[1.607s] INFO:colcon.colcon_core.shell:Creating environment hook '/home/user/celluleflexible_en_cours_ROS2/celluleflexible/ros_ws/install/robots/share/robots/hook/pythonpath.ps1'
[1.608s] INFO:colcon.colcon_core.shell:Creating environment descriptor '/home/user/celluleflexible_en_cours_ROS2/celluleflexible/ros_ws/install/robots/share/robots/hook/pythonpath.dsv'
[1.608s] INFO:colcon.colcon_core.shell:Creating environment hook '/home/user/celluleflexible_en_cours_ROS2/celluleflexible/ros_ws/install/robots/share/robots/hook/pythonpath.sh'
[1.608s] Level 1:colcon.colcon_core.environment:checking '/home/user/celluleflexible_en_cours_ROS2/celluleflexible/ros_ws/install/robots/bin'
[1.609s] INFO:colcon.colcon_core.shell:Creating package script '/home/user/celluleflexible_en_cours_ROS2/celluleflexible/ros_ws/install/robots/share/robots/package.ps1'
[1.609s] INFO:colcon.colcon_core.shell:Creating package descriptor '/home/user/celluleflexible_en_cours_ROS2/celluleflexible/ros_ws/install/robots/share/robots/package.dsv'
[1.609s] INFO:colcon.colcon_core.shell:Creating package script '/home/user/celluleflexible_en_cours_ROS2/celluleflexible/ros_ws/install/robots/share/robots/package.sh'
[1.610s] INFO:colcon.colcon_core.shell:Creating package script '/home/user/celluleflexible_en_cours_ROS2/celluleflexible/ros_ws/install/robots/share/robots/package.bash'
[1.610s] INFO:colcon.colcon_core.shell:Creating package script '/home/user/celluleflexible_en_cours_ROS2/celluleflexible/ros_ws/install/robots/share/robots/package.zsh'
[1.610s] Level 1:colcon.colcon_core.environment:create_file_with_runtime_dependencies(/home/user/celluleflexible_en_cours_ROS2/celluleflexible/ros_ws/install/robots/share/colcon-core/packages/robots)
[1.611s] INFO:colcon.colcon_ros.task.ament_cmake.build:Building ROS package in '/home/user/celluleflexible_en_cours_ROS2/celluleflexible/ros_ws/src/commande' with build type 'ament_cmake'
[1.611s] INFO:colcon.colcon_cmake.task.cmake.build:Building CMake package in '/home/user/celluleflexible_en_cours_ROS2/celluleflexible/ros_ws/src/commande'
[1.611s] INFO:colcon.colcon_core.shell:Skip shell extension 'powershell' for command environment: Not usable outside of PowerShell
[1.611s] DEBUG:colcon.colcon_core.shell:Skip shell extension 'dsv' for command environment
[1.638s] DEBUG:colcon.colcon_core.event_handler.log_command:Invoking command in '/home/user/celluleflexible_en_cours_ROS2/celluleflexible/ros_ws/build/commande': AMENT_PREFIX_PATH=/home/user/celluleflexible_en_cours_ROS2/celluleflexible/ros_ws/install/robots:/home/user/celluleflexible_en_cours_ROS2/celluleflexible/ros_ws/install/shuttles:/home/user/celluleflexible_en_cours_ROS2/celluleflexible/ros_ws/install/commande_locale:/home/user/celluleflexible_en_cours_ROS2/celluleflexible/ros_ws/install/aiguillages:${AMENT_PREFIX_PATH} CMAKE_PREFIX_PATH=/home/user/celluleflexible_en_cours_ROS2/celluleflexible/ros_ws/install/robots:/home/user/celluleflexible_en_cours_ROS2/celluleflexible/ros_ws/install/shuttles:/home/user/celluleflexible_en_cours_ROS2/celluleflexible/ros_ws/install/commande_locale:/home/user/celluleflexible_en_cours_ROS2/celluleflexible/ros_ws/install/aiguillages:/opt/ros/jazzy/opt/gz_math_vendor:/opt/ros/jazzy/opt/gz_utils_vendor:/opt/ros/jazzy/opt/gz_cmake_vendor:/opt/ros/jazzy DEBUGINFOD_URLS=https://debuginfod.ubuntu.com LD_LIBRARY_PATH=/home/user/celluleflexible_en_cours_ROS2/celluleflexible/ros_ws/install/robots/lib:/home/user/celluleflexible_en_cours_ROS2/celluleflexible/ros_ws/install/shuttles/lib:/home/user/celluleflexible_en_cours_ROS2/celluleflexible/ros_ws/install/commande_locale/lib:/home/user/celluleflexible_en_cours_ROS2/celluleflexible/ros_ws/install/aiguillages/lib:${LD_LIBRARY_PATH} PYTHONPATH=/home/user/celluleflexible_en_cours_ROS2/celluleflexible/ros_ws/install/robots/lib/python3.12/site-packages:/home/user/celluleflexible_en_cours_ROS2/celluleflexible/ros_ws/install/shuttles/lib/python3.12/site-packages:/home/user/celluleflexible_en_cours_ROS2/celluleflexible/ros_ws/install/commande_locale/lib/python3.12/site-packages:/home/user/celluleflexible_en_cours_ROS2/celluleflexible/ros_ws/install/aiguillages/lib/python3.12/site-packages:${PYTHONPATH} /usr/bin/cmake --build /home/user/celluleflexible_en_cours_ROS2/celluleflexible/ros_ws/build/commande -- -j8 -l8
[1.721s] DEBUG:colcon.colcon_core.event_handler.log_command:Invoked command in '/home/user/celluleflexible_en_cours_ROS2/celluleflexible/ros_ws/build/commande' returned '0': AMENT_PREFIX_PATH=/home/user/celluleflexible_en_cours_ROS2/celluleflexible/ros_ws/install/robots:/home/user/celluleflexible_en_cours_ROS2/celluleflexible/ros_ws/install/shuttles:/home/user/celluleflexible_en_cours_ROS2/celluleflexible/ros_ws/install/commande_locale:/home/user/celluleflexible_en_cours_ROS2/celluleflexible/ros_ws/install/aiguillages:${AMENT_PREFIX_PATH} CMAKE_PREFIX_PATH=/home/user/celluleflexible_en_cours_ROS2/celluleflexible/ros_ws/install/robots:/home/user/celluleflexible_en_cours_ROS2/celluleflexible/ros_ws/install/shuttles:/home/user/celluleflexible_en_cours_ROS2/celluleflexible/ros_ws/install/commande_locale:/home/user/celluleflexible_en_cours_ROS2/celluleflexible/ros_ws/install/aiguillages:/opt/ros/jazzy/opt/gz_math_vendor:/opt/ros/jazzy/opt/gz_utils_vendor:/opt/ros/jazzy/opt/gz_cmake_vendor:/opt/ros/jazzy DEBUGINFOD_URLS=https://debuginfod.ubuntu.com LD_LIBRARY_PATH=/home/user/celluleflexible_en_cours_ROS2/celluleflexible/ros_ws/install/robots/lib:/home/user/celluleflexible_en_cours_ROS2/celluleflexible/ros_ws/install/shuttles/lib:/home/user/celluleflexible_en_cours_ROS2/celluleflexible/ros_ws/install/commande_locale/lib:/home/user/celluleflexible_en_cours_ROS2/celluleflexible/ros_ws/install/aiguillages/lib:${LD_LIBRARY_PATH} PYTHONPATH=/home/user/celluleflexible_en_cours_ROS2/celluleflexible/ros_ws/install/robots/lib/python3.12/site-packages:/home/user/celluleflexible_en_cours_ROS2/celluleflexible/ros_ws/install/shuttles/lib/python3.12/site-packages:/home/user/celluleflexible_en_cours_ROS2/celluleflexible/ros_ws/install/commande_locale/lib/python3.12/site-packages:/home/user/celluleflexible_en_cours_ROS2/celluleflexible/ros_ws/install/aiguillages/lib/python3.12/site-packages:${PYTHONPATH} /usr/bin/cmake --build /home/user/celluleflexible_en_cours_ROS2/celluleflexible/ros_ws/build/commande -- -j8 -l8
[1.722s] DEBUG:colcon.colcon_core.event_handler.log_command:Invoking command in '/home/user/celluleflexible_en_cours_ROS2/celluleflexible/ros_ws/build/commande': AMENT_PREFIX_PATH=/home/user/celluleflexible_en_cours_ROS2/celluleflexible/ros_ws/install/robots:/home/user/celluleflexible_en_cours_ROS2/celluleflexible/ros_ws/install/shuttles:/home/user/celluleflexible_en_cours_ROS2/celluleflexible/ros_ws/install/commande_locale:/home/user/celluleflexible_en_cours_ROS2/celluleflexible/ros_ws/install/aiguillages:${AMENT_PREFIX_PATH} CMAKE_PREFIX_PATH=/home/user/celluleflexible_en_cours_ROS2/celluleflexible/ros_ws/install/robots:/home/user/celluleflexible_en_cours_ROS2/celluleflexible/ros_ws/install/shuttles:/home/user/celluleflexible_en_cours_ROS2/celluleflexible/ros_ws/install/commande_locale:/home/user/celluleflexible_en_cours_ROS2/celluleflexible/ros_ws/install/aiguillages:/opt/ros/jazzy/opt/gz_math_vendor:/opt/ros/jazzy/opt/gz_utils_vendor:/opt/ros/jazzy/opt/gz_cmake_vendor:/opt/ros/jazzy DEBUGINFOD_URLS=https://debuginfod.ubuntu.com LD_LIBRARY_PATH=/home/user/celluleflexible_en_cours_ROS2/celluleflexible/ros_ws/install/robots/lib:/home/user/celluleflexible_en_cours_ROS2/celluleflexible/ros_ws/install/shuttles/lib:/home/user/celluleflexible_en_cours_ROS2/celluleflexible/ros_ws/install/commande_locale/lib:/home/user/celluleflexible_en_cours_ROS2/celluleflexible/ros_ws/install/aiguillages/lib:${LD_LIBRARY_PATH} PYTHONPATH=/home/user/celluleflexible_en_cours_ROS2/celluleflexible/ros_ws/install/robots/lib/python3.12/site-packages:/home/user/celluleflexible_en_cours_ROS2/celluleflexible/ros_ws/install/shuttles/lib/python3.12/site-packages:/home/user/celluleflexible_en_cours_ROS2/celluleflexible/ros_ws/install/commande_locale/lib/python3.12/site-packages:/home/user/celluleflexible_en_cours_ROS2/celluleflexible/ros_ws/install/aiguillages/lib/python3.12/site-packages:${PYTHONPATH} /usr/bin/cmake --install /home/user/celluleflexible_en_cours_ROS2/celluleflexible/ros_ws/build/commande
[1.730s] Level 1:colcon.colcon_core.environment:create_environment_scripts_only(commande)
[1.730s] Level 1:colcon.colcon_core.environment:checking '/home/user/celluleflexible_en_cours_ROS2/celluleflexible/ros_ws/install/commande' for CMake module files
[1.731s] DEBUG:colcon.colcon_core.event_handler.log_command:Invoked command in '/home/user/celluleflexible_en_cours_ROS2/celluleflexible/ros_ws/build/commande' returned '0': AMENT_PREFIX_PATH=/home/user/celluleflexible_en_cours_ROS2/celluleflexible/ros_ws/install/robots:/home/user/celluleflexible_en_cours_ROS2/celluleflexible/ros_ws/install/shuttles:/home/user/celluleflexible_en_cours_ROS2/celluleflexible/ros_ws/install/commande_locale:/home/user/celluleflexible_en_cours_ROS2/celluleflexible/ros_ws/install/aiguillages:${AMENT_PREFIX_PATH} CMAKE_PREFIX_PATH=/home/user/celluleflexible_en_cours_ROS2/celluleflexible/ros_ws/install/robots:/home/user/celluleflexible_en_cours_ROS2/celluleflexible/ros_ws/install/shuttles:/home/user/celluleflexible_en_cours_ROS2/celluleflexible/ros_ws/install/commande_locale:/home/user/celluleflexible_en_cours_ROS2/celluleflexible/ros_ws/install/aiguillages:/opt/ros/jazzy/opt/gz_math_vendor:/opt/ros/jazzy/opt/gz_utils_vendor:/opt/ros/jazzy/opt/gz_cmake_vendor:/opt/ros/jazzy DEBUGINFOD_URLS=https://debuginfod.ubuntu.com LD_LIBRARY_PATH=/home/user/celluleflexible_en_cours_ROS2/celluleflexible/ros_ws/install/robots/lib:/home/user/celluleflexible_en_cours_ROS2/celluleflexible/ros_ws/install/shuttles/lib:/home/user/celluleflexible_en_cours_ROS2/celluleflexible/ros_ws/install/commande_locale/lib:/home/user/celluleflexible_en_cours_ROS2/celluleflexible/ros_ws/install/aiguillages/lib:${LD_LIBRARY_PATH} PYTHONPATH=/home/user/celluleflexible_en_cours_ROS2/celluleflexible/ros_ws/install/robots/lib/python3.12/site-packages:/home/user/celluleflexible_en_cours_ROS2/celluleflexible/ros_ws/install/shuttles/lib/python3.12/site-packages:/home/user/celluleflexible_en_cours_ROS2/celluleflexible/ros_ws/install/commande_locale/lib/python3.12/site-packages:/home/user/celluleflexible_en_cours_ROS2/celluleflexible/ros_ws/install/aiguillages/lib/python3.12/site-packages:${PYTHONPATH} /usr/bin/cmake --install /home/user/celluleflexible_en_cours_ROS2/celluleflexible/ros_ws/build/commande
[1.731s] Level 1:colcon.colcon_core.environment:checking '/home/user/celluleflexible_en_cours_ROS2/celluleflexible/ros_ws/install/commande' for CMake config files
[1.731s] Level 1:colcon.colcon_core.shell:create_environment_hook('commande', 'cmake_prefix_path')
[1.731s] INFO:colcon.colcon_core.shell:Creating environment hook '/home/user/celluleflexible_en_cours_ROS2/celluleflexible/ros_ws/install/commande/share/commande/hook/cmake_prefix_path.ps1'
[1.731s] INFO:colcon.colcon_core.shell:Creating environment descriptor '/home/user/celluleflexible_en_cours_ROS2/celluleflexible/ros_ws/install/commande/share/commande/hook/cmake_prefix_path.dsv'
[1.732s] INFO:colcon.colcon_core.shell:Creating environment hook '/home/user/celluleflexible_en_cours_ROS2/celluleflexible/ros_ws/install/commande/share/commande/hook/cmake_prefix_path.sh'
[1.732s] Level 1:colcon.colcon_core.environment:checking '/home/user/celluleflexible_en_cours_ROS2/celluleflexible/ros_ws/install/commande/lib'
[1.732s] Level 1:colcon.colcon_core.environment:checking '/home/user/celluleflexible_en_cours_ROS2/celluleflexible/ros_ws/install/commande/bin'
[1.732s] Level 1:colcon.colcon_core.environment:checking '/home/user/celluleflexible_en_cours_ROS2/celluleflexible/ros_ws/install/commande/lib/pkgconfig/commande.pc'
[1.733s] Level 1:colcon.colcon_core.environment:checking '/home/user/celluleflexible_en_cours_ROS2/celluleflexible/ros_ws/install/commande/lib/python3.12/site-packages'
[1.733s] Level 1:colcon.colcon_core.environment:checking '/home/user/celluleflexible_en_cours_ROS2/celluleflexible/ros_ws/install/commande/bin'
[1.733s] INFO:colcon.colcon_core.shell:Creating package script '/home/user/celluleflexible_en_cours_ROS2/celluleflexible/ros_ws/install/commande/share/commande/package.ps1'
[1.733s] INFO:colcon.colcon_core.shell:Creating package descriptor '/home/user/celluleflexible_en_cours_ROS2/celluleflexible/ros_ws/install/commande/share/commande/package.dsv'
[1.733s] INFO:colcon.colcon_core.shell:Creating package script '/home/user/celluleflexible_en_cours_ROS2/celluleflexible/ros_ws/install/commande/share/commande/package.sh'
[1.734s] INFO:colcon.colcon_core.shell:Creating package script '/home/user/celluleflexible_en_cours_ROS2/celluleflexible/ros_ws/install/commande/share/commande/package.bash'
[1.734s] INFO:colcon.colcon_core.shell:Creating package script '/home/user/celluleflexible_en_cours_ROS2/celluleflexible/ros_ws/install/commande/share/commande/package.zsh'
[1.735s] Level 1:colcon.colcon_core.environment:create_file_with_runtime_dependencies(/home/user/celluleflexible_en_cours_ROS2/celluleflexible/ros_ws/install/commande/share/colcon-core/packages/commande)
[1.735s] Level 1:colcon.colcon_core.environment:create_environment_scripts_only(commande)
[1.735s] Level 1:colcon.colcon_core.environment:checking '/home/user/celluleflexible_en_cours_ROS2/celluleflexible/ros_ws/install/commande' for CMake module files
[1.735s] Level 1:colcon.colcon_core.environment:checking '/home/user/celluleflexible_en_cours_ROS2/celluleflexible/ros_ws/install/commande' for CMake config files
[1.736s] Level 1:colcon.colcon_core.shell:create_environment_hook('commande', 'cmake_prefix_path')
[1.736s] INFO:colcon.colcon_core.shell:Creating environment hook '/home/user/celluleflexible_en_cours_ROS2/celluleflexible/ros_ws/install/commande/share/commande/hook/cmake_prefix_path.ps1'
[1.736s] INFO:colcon.colcon_core.shell:Creating environment descriptor '/home/user/celluleflexible_en_cours_ROS2/celluleflexible/ros_ws/install/commande/share/commande/hook/cmake_prefix_path.dsv'
[1.736s] INFO:colcon.colcon_core.shell:Creating environment hook '/home/user/celluleflexible_en_cours_ROS2/celluleflexible/ros_ws/install/commande/share/commande/hook/cmake_prefix_path.sh'
[1.737s] Level 1:colcon.colcon_core.environment:checking '/home/user/celluleflexible_en_cours_ROS2/celluleflexible/ros_ws/install/commande/lib'
[1.737s] Level 1:colcon.colcon_core.environment:checking '/home/user/celluleflexible_en_cours_ROS2/celluleflexible/ros_ws/install/commande/bin'
[1.737s] Level 1:colcon.colcon_core.environment:checking '/home/user/celluleflexible_en_cours_ROS2/celluleflexible/ros_ws/install/commande/lib/pkgconfig/commande.pc'
[1.737s] Level 1:colcon.colcon_core.environment:checking '/home/user/celluleflexible_en_cours_ROS2/celluleflexible/ros_ws/install/commande/lib/python3.12/site-packages'
[1.737s] Level 1:colcon.colcon_core.environment:checking '/home/user/celluleflexible_en_cours_ROS2/celluleflexible/ros_ws/install/commande/bin'
[1.737s] INFO:colcon.colcon_core.shell:Creating package script '/home/user/celluleflexible_en_cours_ROS2/celluleflexible/ros_ws/install/commande/share/commande/package.ps1'
[1.738s] INFO:colcon.colcon_core.shell:Creating package descriptor '/home/user/celluleflexible_en_cours_ROS2/celluleflexible/ros_ws/install/commande/share/commande/package.dsv'
[1.738s] INFO:colcon.colcon_core.shell:Creating package script '/home/user/celluleflexible_en_cours_ROS2/celluleflexible/ros_ws/install/commande/share/commande/package.sh'
[1.738s] INFO:colcon.colcon_core.shell:Creating package script '/home/user/celluleflexible_en_cours_ROS2/celluleflexible/ros_ws/install/commande/share/commande/package.bash'
[1.739s] INFO:colcon.colcon_core.shell:Creating package script '/home/user/celluleflexible_en_cours_ROS2/celluleflexible/ros_ws/install/commande/share/commande/package.zsh'
[1.739s] Level 1:colcon.colcon_core.environment:create_file_with_runtime_dependencies(/home/user/celluleflexible_en_cours_ROS2/celluleflexible/ros_ws/install/commande/share/colcon-core/packages/commande)
[1.740s] DEBUG:colcon.colcon_parallel_executor.executor.parallel:closing loop
[1.740s] DEBUG:colcon.colcon_parallel_executor.executor.parallel:loop closed
[1.740s] DEBUG:colcon.colcon_parallel_executor.executor.parallel:run_until_complete finished with '0'
[1.740s] DEBUG:colcon.colcon_core.event_reactor:joining thread
[1.745s] INFO:colcon.colcon_core.plugin_system:Skipping extension 'colcon_notification.desktop_notification.terminal_notifier': Not used on non-Darwin systems
[1.745s] INFO:colcon.colcon_core.plugin_system:Skipping extension 'colcon_notification.desktop_notification.win32': Not used on non-Windows systems
[1.745s] INFO:colcon.colcon_notification.desktop_notification:Sending desktop notification using 'notify2'
[1.762s] DEBUG:colcon.colcon_core.event_reactor:joined thread
[1.762s] INFO:colcon.colcon_core.shell:Creating prefix script '/home/user/celluleflexible_en_cours_ROS2/celluleflexible/ros_ws/install/local_setup.ps1'
[1.764s] INFO:colcon.colcon_core.shell:Creating prefix util module '/home/user/celluleflexible_en_cours_ROS2/celluleflexible/ros_ws/install/_local_setup_util_ps1.py'
[1.765s] INFO:colcon.colcon_core.shell:Creating prefix chain script '/home/user/celluleflexible_en_cours_ROS2/celluleflexible/ros_ws/install/setup.ps1'
[1.765s] INFO:colcon.colcon_core.shell:Creating prefix script '/home/user/celluleflexible_en_cours_ROS2/celluleflexible/ros_ws/install/local_setup.sh'
[1.767s] INFO:colcon.colcon_core.shell:Creating prefix util module '/home/user/celluleflexible_en_cours_ROS2/celluleflexible/ros_ws/install/_local_setup_util_sh.py'
[1.768s] INFO:colcon.colcon_core.shell:Creating prefix chain script '/home/user/celluleflexible_en_cours_ROS2/celluleflexible/ros_ws/install/setup.sh'
[1.768s] INFO:colcon.colcon_core.shell:Creating prefix script '/home/user/celluleflexible_en_cours_ROS2/celluleflexible/ros_ws/install/local_setup.bash'
[1.769s] INFO:colcon.colcon_core.shell:Creating prefix chain script '/home/user/celluleflexible_en_cours_ROS2/celluleflexible/ros_ws/install/setup.bash'
[1.771s] INFO:colcon.colcon_core.shell:Creating prefix script '/home/user/celluleflexible_en_cours_ROS2/celluleflexible/ros_ws/install/local_setup.zsh'
[1.771s] INFO:colcon.colcon_core.shell:Creating prefix chain script '/home/user/celluleflexible_en_cours_ROS2/celluleflexible/ros_ws/install/setup.zsh'
