[0.051s] DEBUG:colcon:Command line arguments: ['/usr/bin/colcon', 'build']
[0.051s] DEBUG:colcon:Parsed command line arguments: Namespace(log_base=None, log_level=None, verb_name='build', build_base='build', install_base='install', merge_install=False, symlink_install=False, test_result_base=None, continue_on_error=False, executor='parallel', parallel_workers=8, event_handlers=None, ignore_user_meta=False, metas=['./colcon.meta'], base_paths=['.'], packages_ignore=None, packages_ignore_regex=None, paths=None, packages_up_to=None, packages_up_to_regex=None, packages_above=None, packages_above_and_dependencies=None, packages_above_depth=None, packages_select_by_dep=None, packages_skip_by_dep=None, packages_skip_up_to=None, packages_select_build_failed=False, packages_skip_build_finished=False, packages_select_test_failures=False, packages_skip_test_passed=False, packages_select=None, packages_skip=None, packages_select_regex=None, packages_skip_regex=None, packages_start=None, packages_end=None, allow_overriding=[], cmake_args=None, cmake_target=None, cmake_target_skip_unavailable=False, cmake_clean_cache=False, cmake_clean_first=False, cmake_force_configure=False, ament_cmake_args=None, catkin_cmake_args=None, catkin_skip_building_tests=False, mixin_files=None, mixin=None, verb_parser=<colcon_mixin.mixin.mixin_argument.MixinArgumentDecorator object at 0x751ec8d9cad0>, verb_extension=<colcon_core.verb.build.BuildVerb object at 0x751ec8ef2f60>, main=<bound method BuildVerb.main of <colcon_core.verb.build.BuildVerb object at 0x751ec8ef2f60>>, mixin_verb=('build',))
[0.072s] Level 1:colcon.colcon_core.package_discovery:discover_packages(colcon_meta) check parameters
[0.072s] Level 1:colcon.colcon_core.package_discovery:discover_packages(recursive) check parameters
[0.072s] Level 1:colcon.colcon_core.package_discovery:discover_packages(ignore) check parameters
[0.072s] Level 1:colcon.colcon_core.package_discovery:discover_packages(path) check parameters
[0.072s] Level 1:colcon.colcon_core.package_discovery:discover_packages(colcon_meta) discover
[0.072s] Level 1:colcon.colcon_core.package_discovery:discover_packages(recursive) discover
[0.072s] INFO:colcon.colcon_core.package_discovery:Crawling recursively for packages in '/home/user/celluleflexible_en_cours_ROS2/ros_ws'
[0.072s] Level 1:colcon.colcon_core.package_identification:_identify(.) by extensions ['ignore', 'ignore_ament_install']
[0.072s] Level 1:colcon.colcon_core.package_identification:_identify(.) by extension 'ignore'
[0.072s] Level 1:colcon.colcon_core.package_identification:_identify(.) by extension 'ignore_ament_install'
[0.072s] Level 1:colcon.colcon_core.package_identification:_identify(.) by extensions ['colcon_pkg']
[0.072s] Level 1:colcon.colcon_core.package_identification:_identify(.) by extension 'colcon_pkg'
[0.072s] Level 1:colcon.colcon_core.package_identification:_identify(.) by extensions ['colcon_meta']
[0.072s] Level 1:colcon.colcon_core.package_identification:_identify(.) by extension 'colcon_meta'
[0.072s] Level 1:colcon.colcon_core.package_identification:_identify(.) by extensions ['ros']
[0.072s] Level 1:colcon.colcon_core.package_identification:_identify(.) by extension 'ros'
[0.085s] Level 1:colcon.colcon_core.package_identification:_identify(.) by extensions ['cmake', 'python']
[0.085s] Level 1:colcon.colcon_core.package_identification:_identify(.) by extension 'cmake'
[0.085s] Level 1:colcon.colcon_core.package_identification:_identify(.) by extension 'python'
[0.085s] Level 1:colcon.colcon_core.package_identification:_identify(.) by extensions ['python_setup_py']
[0.085s] Level 1:colcon.colcon_core.package_identification:_identify(.) by extension 'python_setup_py'
[0.086s] Level 1:colcon.colcon_core.package_identification:_identify(build) by extensions ['ignore', 'ignore_ament_install']
[0.086s] Level 1:colcon.colcon_core.package_identification:_identify(build) by extension 'ignore'
[0.086s] Level 1:colcon.colcon_core.package_identification:_identify(build) ignored
[0.086s] Level 1:colcon.colcon_core.package_identification:_identify(install) by extensions ['ignore', 'ignore_ament_install']
[0.086s] Level 1:colcon.colcon_core.package_identification:_identify(install) by extension 'ignore'
[0.086s] Level 1:colcon.colcon_core.package_identification:_identify(install) ignored
[0.086s] Level 1:colcon.colcon_core.package_identification:_identify(log) by extensions ['ignore', 'ignore_ament_install']
[0.086s] Level 1:colcon.colcon_core.package_identification:_identify(log) by extension 'ignore'
[0.086s] Level 1:colcon.colcon_core.package_identification:_identify(log) ignored
[0.086s] Level 1:colcon.colcon_core.package_identification:_identify(src) by extensions ['ignore', 'ignore_ament_install']
[0.086s] Level 1:colcon.colcon_core.package_identification:_identify(src) by extension 'ignore'
[0.086s] Level 1:colcon.colcon_core.package_identification:_identify(src) by extension 'ignore_ament_install'
[0.086s] Level 1:colcon.colcon_core.package_identification:_identify(src) by extensions ['colcon_pkg']
[0.086s] Level 1:colcon.colcon_core.package_identification:_identify(src) by extension 'colcon_pkg'
[0.086s] Level 1:colcon.colcon_core.package_identification:_identify(src) by extensions ['colcon_meta']
[0.086s] Level 1:colcon.colcon_core.package_identification:_identify(src) by extension 'colcon_meta'
[0.086s] Level 1:colcon.colcon_core.package_identification:_identify(src) by extensions ['ros']
[0.086s] Level 1:colcon.colcon_core.package_identification:_identify(src) by extension 'ros'
[0.086s] Level 1:colcon.colcon_core.package_identification:_identify(src) by extensions ['cmake', 'python']
[0.086s] Level 1:colcon.colcon_core.package_identification:_identify(src) by extension 'cmake'
[0.086s] Level 1:colcon.colcon_core.package_identification:_identify(src) by extension 'python'
[0.086s] Level 1:colcon.colcon_core.package_identification:_identify(src) by extensions ['python_setup_py']
[0.086s] Level 1:colcon.colcon_core.package_identification:_identify(src) by extension 'python_setup_py'
[0.086s] Level 1:colcon.colcon_core.package_identification:_identify(src/aiguillages) by extensions ['ignore', 'ignore_ament_install']
[0.086s] Level 1:colcon.colcon_core.package_identification:_identify(src/aiguillages) by extension 'ignore'
[0.086s] Level 1:colcon.colcon_core.package_identification:_identify(src/aiguillages) by extension 'ignore_ament_install'
[0.086s] Level 1:colcon.colcon_core.package_identification:_identify(src/aiguillages) by extensions ['colcon_pkg']
[0.086s] Level 1:colcon.colcon_core.package_identification:_identify(src/aiguillages) by extension 'colcon_pkg'
[0.086s] Level 1:colcon.colcon_core.package_identification:_identify(src/aiguillages) by extensions ['colcon_meta']
[0.086s] Level 1:colcon.colcon_core.package_identification:_identify(src/aiguillages) by extension 'colcon_meta'
[0.086s] Level 1:colcon.colcon_core.package_identification:_identify(src/aiguillages) by extensions ['ros']
[0.086s] Level 1:colcon.colcon_core.package_identification:_identify(src/aiguillages) by extension 'ros'
[0.088s] DEBUG:colcon.colcon_core.package_identification:Package 'src/aiguillages' with type 'ros.ament_cmake' and name 'aiguillages'
[0.088s] Level 1:colcon.colcon_core.package_identification:_identify(src/commande) by extensions ['ignore', 'ignore_ament_install']
[0.088s] Level 1:colcon.colcon_core.package_identification:_identify(src/commande) by extension 'ignore'
[0.088s] Level 1:colcon.colcon_core.package_identification:_identify(src/commande) by extension 'ignore_ament_install'
[0.088s] Level 1:colcon.colcon_core.package_identification:_identify(src/commande) by extensions ['colcon_pkg']
[0.088s] Level 1:colcon.colcon_core.package_identification:_identify(src/commande) by extension 'colcon_pkg'
[0.088s] Level 1:colcon.colcon_core.package_identification:_identify(src/commande) by extensions ['colcon_meta']
[0.088s] Level 1:colcon.colcon_core.package_identification:_identify(src/commande) by extension 'colcon_meta'
[0.088s] Level 1:colcon.colcon_core.package_identification:_identify(src/commande) by extensions ['ros']
[0.088s] Level 1:colcon.colcon_core.package_identification:_identify(src/commande) by extension 'ros'
[0.088s] DEBUG:colcon.colcon_core.package_identification:Package 'src/commande' with type 'ros.ament_cmake' and name 'commande'
[0.088s] Level 1:colcon.colcon_core.package_identification:_identify(src/commande_locale) by extensions ['ignore', 'ignore_ament_install']
[0.088s] Level 1:colcon.colcon_core.package_identification:_identify(src/commande_locale) by extension 'ignore'
[0.088s] Level 1:colcon.colcon_core.package_identification:_identify(src/commande_locale) by extension 'ignore_ament_install'
[0.088s] Level 1:colcon.colcon_core.package_identification:_identify(src/commande_locale) by extensions ['colcon_pkg']
[0.088s] Level 1:colcon.colcon_core.package_identification:_identify(src/commande_locale) by extension 'colcon_pkg'
[0.088s] Level 1:colcon.colcon_core.package_identification:_identify(src/commande_locale) by extensions ['colcon_meta']
[0.088s] Level 1:colcon.colcon_core.package_identification:_identify(src/commande_locale) by extension 'colcon_meta'
[0.088s] Level 1:colcon.colcon_core.package_identification:_identify(src/commande_locale) by extensions ['ros']
[0.088s] Level 1:colcon.colcon_core.package_identification:_identify(src/commande_locale) by extension 'ros'
[0.089s] DEBUG:colcon.colcon_core.package_identification:Package 'src/commande_locale' with type 'ros.ament_cmake' and name 'commande_locale'
[0.089s] Level 1:colcon.colcon_core.package_identification:_identify(src/launcher) by extensions ['ignore', 'ignore_ament_install']
[0.089s] Level 1:colcon.colcon_core.package_identification:_identify(src/launcher) by extension 'ignore'
[0.089s] Level 1:colcon.colcon_core.package_identification:_identify(src/launcher) by extension 'ignore_ament_install'
[0.089s] Level 1:colcon.colcon_core.package_identification:_identify(src/launcher) by extensions ['colcon_pkg']
[0.089s] Level 1:colcon.colcon_core.package_identification:_identify(src/launcher) by extension 'colcon_pkg'
[0.089s] Level 1:colcon.colcon_core.package_identification:_identify(src/launcher) by extensions ['colcon_meta']
[0.089s] Level 1:colcon.colcon_core.package_identification:_identify(src/launcher) by extension 'colcon_meta'
[0.089s] Level 1:colcon.colcon_core.package_identification:_identify(src/launcher) by extensions ['ros']
[0.089s] Level 1:colcon.colcon_core.package_identification:_identify(src/launcher) by extension 'ros'
[0.089s] DEBUG:colcon.colcon_core.package_identification:Package 'src/launcher' with type 'ros.ament_cmake' and name 'launcher'
[0.089s] Level 1:colcon.colcon_core.package_identification:_identify(src/robots) by extensions ['ignore', 'ignore_ament_install']
[0.089s] Level 1:colcon.colcon_core.package_identification:_identify(src/robots) by extension 'ignore'
[0.089s] Level 1:colcon.colcon_core.package_identification:_identify(src/robots) by extension 'ignore_ament_install'
[0.089s] Level 1:colcon.colcon_core.package_identification:_identify(src/robots) by extensions ['colcon_pkg']
[0.089s] Level 1:colcon.colcon_core.package_identification:_identify(src/robots) by extension 'colcon_pkg'
[0.089s] Level 1:colcon.colcon_core.package_identification:_identify(src/robots) by extensions ['colcon_meta']
[0.089s] Level 1:colcon.colcon_core.package_identification:_identify(src/robots) by extension 'colcon_meta'
[0.089s] Level 1:colcon.colcon_core.package_identification:_identify(src/robots) by extensions ['ros']
[0.089s] Level 1:colcon.colcon_core.package_identification:_identify(src/robots) by extension 'ros'
[0.090s] DEBUG:colcon.colcon_core.package_identification:Package 'src/robots' with type 'ros.ament_cmake' and name 'robots'
[0.090s] Level 1:colcon.colcon_core.package_identification:_identify(src/shuttles) by extensions ['ignore', 'ignore_ament_install']
[0.090s] Level 1:colcon.colcon_core.package_identification:_identify(src/shuttles) by extension 'ignore'
[0.090s] Level 1:colcon.colcon_core.package_identification:_identify(src/shuttles) by extension 'ignore_ament_install'
[0.090s] Level 1:colcon.colcon_core.package_identification:_identify(src/shuttles) by extensions ['colcon_pkg']
[0.090s] Level 1:colcon.colcon_core.package_identification:_identify(src/shuttles) by extension 'colcon_pkg'
[0.090s] Level 1:colcon.colcon_core.package_identification:_identify(src/shuttles) by extensions ['colcon_meta']
[0.090s] Level 1:colcon.colcon_core.package_identification:_identify(src/shuttles) by extension 'colcon_meta'
[0.090s] Level 1:colcon.colcon_core.package_identification:_identify(src/shuttles) by extensions ['ros']
[0.090s] Level 1:colcon.colcon_core.package_identification:_identify(src/shuttles) by extension 'ros'
[0.090s] DEBUG:colcon.colcon_core.package_identification:Package 'src/shuttles' with type 'ros.ament_cmake' and name 'shuttles'
[0.090s] Level 1:colcon.colcon_core.package_discovery:discover_packages(recursive) using defaults
[0.090s] Level 1:colcon.colcon_core.package_discovery:discover_packages(ignore) discover
[0.090s] Level 1:colcon.colcon_core.package_discovery:discover_packages(ignore) using defaults
[0.090s] Level 1:colcon.colcon_core.package_discovery:discover_packages(path) discover
[0.090s] Level 1:colcon.colcon_core.package_discovery:discover_packages(path) using defaults
[0.099s] Level 1:colcon.colcon_core.package_discovery:discover_packages(prefix_path) check parameters
[0.100s] Level 1:colcon.colcon_core.package_discovery:discover_packages(prefix_path) discover
[0.101s] DEBUG:colcon.colcon_installed_package_information.package_discovery:Found 6 installed packages in /home/user/celluleflexible_en_cours_ROS2/ros_ws/install
[0.101s] DEBUG:colcon.colcon_installed_package_information.package_discovery:Found 286 installed packages in /opt/ros/jazzy
[0.102s] Level 1:colcon.colcon_core.package_discovery:discover_packages(prefix_path) using defaults
[0.119s] Level 5:colcon.colcon_core.verb:set package 'aiguillages' build argument 'cmake_args' from command line to 'None'
[0.119s] Level 5:colcon.colcon_core.verb:set package 'aiguillages' build argument 'cmake_target' from command line to 'None'
[0.119s] Level 5:colcon.colcon_core.verb:set package 'aiguillages' build argument 'cmake_target_skip_unavailable' from command line to 'False'
[0.119s] Level 5:colcon.colcon_core.verb:set package 'aiguillages' build argument 'cmake_clean_cache' from command line to 'False'
[0.119s] Level 5:colcon.colcon_core.verb:set package 'aiguillages' build argument 'cmake_clean_first' from command line to 'False'
[0.119s] Level 5:colcon.colcon_core.verb:set package 'aiguillages' build argument 'cmake_force_configure' from command line to 'False'
[0.119s] Level 5:colcon.colcon_core.verb:set package 'aiguillages' build argument 'ament_cmake_args' from command line to 'None'
[0.119s] Level 5:colcon.colcon_core.verb:set package 'aiguillages' build argument 'catkin_cmake_args' from command line to 'None'
[0.119s] Level 5:colcon.colcon_core.verb:set package 'aiguillages' build argument 'catkin_skip_building_tests' from command line to 'False'
[0.119s] DEBUG:colcon.colcon_core.verb:Building package 'aiguillages' with the following arguments: {'ament_cmake_args': None, 'build_base': '/home/user/celluleflexible_en_cours_ROS2/ros_ws/build/aiguillages', 'catkin_cmake_args': None, 'catkin_skip_building_tests': False, 'cmake_args': None, 'cmake_clean_cache': False, 'cmake_clean_first': False, 'cmake_force_configure': False, 'cmake_target': None, 'cmake_target_skip_unavailable': False, 'install_base': '/home/user/celluleflexible_en_cours_ROS2/ros_ws/install/aiguillages', 'merge_install': False, 'path': '/home/user/celluleflexible_en_cours_ROS2/ros_ws/src/aiguillages', 'symlink_install': False, 'test_result_base': None}
[0.119s] Level 5:colcon.colcon_core.verb:set package 'launcher' build argument 'cmake_args' from command line to 'None'
[0.119s] Level 5:colcon.colcon_core.verb:set package 'launcher' build argument 'cmake_target' from command line to 'None'
[0.119s] Level 5:colcon.colcon_core.verb:set package 'launcher' build argument 'cmake_target_skip_unavailable' from command line to 'False'
[0.119s] Level 5:colcon.colcon_core.verb:set package 'launcher' build argument 'cmake_clean_cache' from command line to 'False'
[0.119s] Level 5:colcon.colcon_core.verb:set package 'launcher' build argument 'cmake_clean_first' from command line to 'False'
[0.119s] Level 5:colcon.colcon_core.verb:set package 'launcher' build argument 'cmake_force_configure' from command line to 'False'
[0.119s] Level 5:colcon.colcon_core.verb:set package 'launcher' build argument 'ament_cmake_args' from command line to 'None'
[0.119s] Level 5:colcon.colcon_core.verb:set package 'launcher' build argument 'catkin_cmake_args' from command line to 'None'
[0.119s] Level 5:colcon.colcon_core.verb:set package 'launcher' build argument 'catkin_skip_building_tests' from command line to 'False'
[0.119s] DEBUG:colcon.colcon_core.verb:Building package 'launcher' with the following arguments: {'ament_cmake_args': None, 'build_base': '/home/user/celluleflexible_en_cours_ROS2/ros_ws/build/launcher', 'catkin_cmake_args': None, 'catkin_skip_building_tests': False, 'cmake_args': None, 'cmake_clean_cache': False, 'cmake_clean_first': False, 'cmake_force_configure': False, 'cmake_target': None, 'cmake_target_skip_unavailable': False, 'install_base': '/home/user/celluleflexible_en_cours_ROS2/ros_ws/install/launcher', 'merge_install': False, 'path': '/home/user/celluleflexible_en_cours_ROS2/ros_ws/src/launcher', 'symlink_install': False, 'test_result_base': None}
[0.119s] Level 5:colcon.colcon_core.verb:set package 'commande_locale' build argument 'cmake_args' from command line to 'None'
[0.119s] Level 5:colcon.colcon_core.verb:set package 'commande_locale' build argument 'cmake_target' from command line to 'None'
[0.119s] Level 5:colcon.colcon_core.verb:set package 'commande_locale' build argument 'cmake_target_skip_unavailable' from command line to 'False'
[0.119s] Level 5:colcon.colcon_core.verb:set package 'commande_locale' build argument 'cmake_clean_cache' from command line to 'False'
[0.119s] Level 5:colcon.colcon_core.verb:set package 'commande_locale' build argument 'cmake_clean_first' from command line to 'False'
[0.119s] Level 5:colcon.colcon_core.verb:set package 'commande_locale' build argument 'cmake_force_configure' from command line to 'False'
[0.119s] Level 5:colcon.colcon_core.verb:set package 'commande_locale' build argument 'ament_cmake_args' from command line to 'None'
[0.119s] Level 5:colcon.colcon_core.verb:set package 'commande_locale' build argument 'catkin_cmake_args' from command line to 'None'
[0.119s] Level 5:colcon.colcon_core.verb:set package 'commande_locale' build argument 'catkin_skip_building_tests' from command line to 'False'
[0.119s] DEBUG:colcon.colcon_core.verb:Building package 'commande_locale' with the following arguments: {'ament_cmake_args': None, 'build_base': '/home/user/celluleflexible_en_cours_ROS2/ros_ws/build/commande_locale', 'catkin_cmake_args': None, 'catkin_skip_building_tests': False, 'cmake_args': None, 'cmake_clean_cache': False, 'cmake_clean_first': False, 'cmake_force_configure': False, 'cmake_target': None, 'cmake_target_skip_unavailable': False, 'install_base': '/home/user/celluleflexible_en_cours_ROS2/ros_ws/install/commande_locale', 'merge_install': False, 'path': '/home/user/celluleflexible_en_cours_ROS2/ros_ws/src/commande_locale', 'symlink_install': False, 'test_result_base': None}
[0.119s] Level 5:colcon.colcon_core.verb:set package 'shuttles' build argument 'cmake_args' from command line to 'None'
[0.119s] Level 5:colcon.colcon_core.verb:set package 'shuttles' build argument 'cmake_target' from command line to 'None'
[0.119s] Level 5:colcon.colcon_core.verb:set package 'shuttles' build argument 'cmake_target_skip_unavailable' from command line to 'False'
[0.119s] Level 5:colcon.colcon_core.verb:set package 'shuttles' build argument 'cmake_clean_cache' from command line to 'False'
[0.119s] Level 5:colcon.colcon_core.verb:set package 'shuttles' build argument 'cmake_clean_first' from command line to 'False'
[0.119s] Level 5:colcon.colcon_core.verb:set package 'shuttles' build argument 'cmake_force_configure' from command line to 'False'
[0.119s] Level 5:colcon.colcon_core.verb:set package 'shuttles' build argument 'ament_cmake_args' from command line to 'None'
[0.119s] Level 5:colcon.colcon_core.verb:set package 'shuttles' build argument 'catkin_cmake_args' from command line to 'None'
[0.119s] Level 5:colcon.colcon_core.verb:set package 'shuttles' build argument 'catkin_skip_building_tests' from command line to 'False'
[0.119s] DEBUG:colcon.colcon_core.verb:Building package 'shuttles' with the following arguments: {'ament_cmake_args': None, 'build_base': '/home/user/celluleflexible_en_cours_ROS2/ros_ws/build/shuttles', 'catkin_cmake_args': None, 'catkin_skip_building_tests': False, 'cmake_args': None, 'cmake_clean_cache': False, 'cmake_clean_first': False, 'cmake_force_configure': False, 'cmake_target': None, 'cmake_target_skip_unavailable': False, 'install_base': '/home/user/celluleflexible_en_cours_ROS2/ros_ws/install/shuttles', 'merge_install': False, 'path': '/home/user/celluleflexible_en_cours_ROS2/ros_ws/src/shuttles', 'symlink_install': False, 'test_result_base': None}
[0.120s] Level 5:colcon.colcon_core.verb:set package 'robots' build argument 'cmake_args' from command line to 'None'
[0.120s] Level 5:colcon.colcon_core.verb:set package 'robots' build argument 'cmake_target' from command line to 'None'
[0.120s] Level 5:colcon.colcon_core.verb:set package 'robots' build argument 'cmake_target_skip_unavailable' from command line to 'False'
[0.120s] Level 5:colcon.colcon_core.verb:set package 'robots' build argument 'cmake_clean_cache' from command line to 'False'
[0.120s] Level 5:colcon.colcon_core.verb:set package 'robots' build argument 'cmake_clean_first' from command line to 'False'
[0.120s] Level 5:colcon.colcon_core.verb:set package 'robots' build argument 'cmake_force_configure' from command line to 'False'
[0.120s] Level 5:colcon.colcon_core.verb:set package 'robots' build argument 'ament_cmake_args' from command line to 'None'
[0.120s] Level 5:colcon.colcon_core.verb:set package 'robots' build argument 'catkin_cmake_args' from command line to 'None'
[0.120s] Level 5:colcon.colcon_core.verb:set package 'robots' build argument 'catkin_skip_building_tests' from command line to 'False'
[0.120s] DEBUG:colcon.colcon_core.verb:Building package 'robots' with the following arguments: {'ament_cmake_args': None, 'build_base': '/home/user/celluleflexible_en_cours_ROS2/ros_ws/build/robots', 'catkin_cmake_args': None, 'catkin_skip_building_tests': False, 'cmake_args': None, 'cmake_clean_cache': False, 'cmake_clean_first': False, 'cmake_force_configure': False, 'cmake_target': None, 'cmake_target_skip_unavailable': False, 'install_base': '/home/user/celluleflexible_en_cours_ROS2/ros_ws/install/robots', 'merge_install': False, 'path': '/home/user/celluleflexible_en_cours_ROS2/ros_ws/src/robots', 'symlink_install': False, 'test_result_base': None}
[0.120s] Level 5:colcon.colcon_core.verb:set package 'commande' build argument 'cmake_args' from command line to 'None'
[0.120s] Level 5:colcon.colcon_core.verb:set package 'commande' build argument 'cmake_target' from command line to 'None'
[0.120s] Level 5:colcon.colcon_core.verb:set package 'commande' build argument 'cmake_target_skip_unavailable' from command line to 'False'
[0.120s] Level 5:colcon.colcon_core.verb:set package 'commande' build argument 'cmake_clean_cache' from command line to 'False'
[0.120s] Level 5:colcon.colcon_core.verb:set package 'commande' build argument 'cmake_clean_first' from command line to 'False'
[0.120s] Level 5:colcon.colcon_core.verb:set package 'commande' build argument 'cmake_force_configure' from command line to 'False'
[0.120s] Level 5:colcon.colcon_core.verb:set package 'commande' build argument 'ament_cmake_args' from command line to 'None'
[0.120s] Level 5:colcon.colcon_core.verb:set package 'commande' build argument 'catkin_cmake_args' from command line to 'None'
[0.120s] Level 5:colcon.colcon_core.verb:set package 'commande' build argument 'catkin_skip_building_tests' from command line to 'False'
[0.120s] DEBUG:colcon.colcon_core.verb:Building package 'commande' with the following arguments: {'ament_cmake_args': None, 'build_base': '/home/user/celluleflexible_en_cours_ROS2/ros_ws/build/commande', 'catkin_cmake_args': None, 'catkin_skip_building_tests': False, 'cmake_args': None, 'cmake_clean_cache': False, 'cmake_clean_first': False, 'cmake_force_configure': False, 'cmake_target': None, 'cmake_target_skip_unavailable': False, 'install_base': '/home/user/celluleflexible_en_cours_ROS2/ros_ws/install/commande', 'merge_install': False, 'path': '/home/user/celluleflexible_en_cours_ROS2/ros_ws/src/commande', 'symlink_install': False, 'test_result_base': None}
[0.120s] INFO:colcon.colcon_core.executor:Executing jobs using 'parallel' executor
[0.121s] DEBUG:colcon.colcon_parallel_executor.executor.parallel:run_until_complete
[0.121s] INFO:colcon.colcon_ros.task.ament_cmake.build:Building ROS package in '/home/user/celluleflexible_en_cours_ROS2/ros_ws/src/aiguillages' with build type 'ament_cmake'
[0.121s] INFO:colcon.colcon_cmake.task.cmake.build:Building CMake package in '/home/user/celluleflexible_en_cours_ROS2/ros_ws/src/aiguillages'
[0.124s] INFO:colcon.colcon_core.plugin_system:Skipping extension 'colcon_core.shell.bat': Not used on non-Windows systems
[0.124s] INFO:colcon.colcon_core.shell:Skip shell extension 'powershell' for command environment: Not usable outside of PowerShell
[0.124s] DEBUG:colcon.colcon_core.shell:Skip shell extension 'dsv' for command environment
[0.129s] INFO:colcon.colcon_ros.task.ament_cmake.build:Building ROS package in '/home/user/celluleflexible_en_cours_ROS2/ros_ws/src/launcher' with build type 'ament_cmake'
[0.129s] INFO:colcon.colcon_cmake.task.cmake.build:Building CMake package in '/home/user/celluleflexible_en_cours_ROS2/ros_ws/src/launcher'
[0.130s] INFO:colcon.colcon_core.shell:Skip shell extension 'powershell' for command environment: Not usable outside of PowerShell
[0.130s] DEBUG:colcon.colcon_core.shell:Skip shell extension 'dsv' for command environment
[0.138s] DEBUG:colcon.colcon_core.event_handler.log_command:Invoking command in '/home/user/celluleflexible_en_cours_ROS2/ros_ws/build/aiguillages': CMAKE_PREFIX_PATH=${CMAKE_PREFIX_PATH}:/opt/ros/jazzy DEBUGINFOD_URLS=https://debuginfod.ubuntu.com /usr/bin/cmake --build /home/user/celluleflexible_en_cours_ROS2/ros_ws/build/aiguillages -- -j8 -l8
[0.148s] DEBUG:colcon.colcon_core.event_handler.log_command:Invoking command in '/home/user/celluleflexible_en_cours_ROS2/ros_ws/build/launcher': CMAKE_PREFIX_PATH=${CMAKE_PREFIX_PATH}:/opt/ros/jazzy DEBUGINFOD_URLS=https://debuginfod.ubuntu.com /usr/bin/cmake --build /home/user/celluleflexible_en_cours_ROS2/ros_ws/build/launcher -- -j8 -l8
[0.195s] DEBUG:colcon.colcon_core.event_handler.log_command:Invoked command in '/home/user/celluleflexible_en_cours_ROS2/ros_ws/build/launcher' returned '0': CMAKE_PREFIX_PATH=${CMAKE_PREFIX_PATH}:/opt/ros/jazzy DEBUGINFOD_URLS=https://debuginfod.ubuntu.com /usr/bin/cmake --build /home/user/celluleflexible_en_cours_ROS2/ros_ws/build/launcher -- -j8 -l8
[0.220s] DEBUG:colcon.colcon_core.event_handler.log_command:Invoking command in '/home/user/celluleflexible_en_cours_ROS2/ros_ws/build/launcher': CMAKE_PREFIX_PATH=${CMAKE_PREFIX_PATH}:/opt/ros/jazzy DEBUGINFOD_URLS=https://debuginfod.ubuntu.com /usr/bin/cmake --install /home/user/celluleflexible_en_cours_ROS2/ros_ws/build/launcher
[0.231s] Level 1:colcon.colcon_core.environment:create_environment_scripts_only(launcher)
[0.232s] DEBUG:colcon.colcon_core.event_handler.log_command:Invoked command in '/home/user/celluleflexible_en_cours_ROS2/ros_ws/build/launcher' returned '0': CMAKE_PREFIX_PATH=${CMAKE_PREFIX_PATH}:/opt/ros/jazzy DEBUGINFOD_URLS=https://debuginfod.ubuntu.com /usr/bin/cmake --install /home/user/celluleflexible_en_cours_ROS2/ros_ws/build/launcher
[0.233s] Level 1:colcon.colcon_core.environment:checking '/home/user/celluleflexible_en_cours_ROS2/ros_ws/install/launcher' for CMake module files
[0.233s] Level 1:colcon.colcon_core.environment:checking '/home/user/celluleflexible_en_cours_ROS2/ros_ws/install/launcher' for CMake config files
[0.233s] Level 1:colcon.colcon_core.shell:create_environment_hook('launcher', 'cmake_prefix_path')
[0.233s] INFO:colcon.colcon_core.shell:Creating environment hook '/home/user/celluleflexible_en_cours_ROS2/ros_ws/install/launcher/share/launcher/hook/cmake_prefix_path.ps1'
[0.234s] INFO:colcon.colcon_core.shell:Creating environment descriptor '/home/user/celluleflexible_en_cours_ROS2/ros_ws/install/launcher/share/launcher/hook/cmake_prefix_path.dsv'
[0.235s] INFO:colcon.colcon_core.shell:Creating environment hook '/home/user/celluleflexible_en_cours_ROS2/ros_ws/install/launcher/share/launcher/hook/cmake_prefix_path.sh'
[0.236s] Level 1:colcon.colcon_core.environment:checking '/home/user/celluleflexible_en_cours_ROS2/ros_ws/install/launcher/bin'
[0.236s] Level 1:colcon.colcon_core.environment:checking '/home/user/celluleflexible_en_cours_ROS2/ros_ws/install/launcher/lib/pkgconfig/launcher.pc'
[0.236s] Level 1:colcon.colcon_core.environment:checking '/home/user/celluleflexible_en_cours_ROS2/ros_ws/install/launcher/lib/python3.12/site-packages'
[0.236s] Level 1:colcon.colcon_core.environment:checking '/home/user/celluleflexible_en_cours_ROS2/ros_ws/install/launcher/bin'
[0.237s] INFO:colcon.colcon_core.shell:Creating package script '/home/user/celluleflexible_en_cours_ROS2/ros_ws/install/launcher/share/launcher/package.ps1'
[0.237s] INFO:colcon.colcon_core.shell:Creating package descriptor '/home/user/celluleflexible_en_cours_ROS2/ros_ws/install/launcher/share/launcher/package.dsv'
[0.237s] INFO:colcon.colcon_core.shell:Creating package script '/home/user/celluleflexible_en_cours_ROS2/ros_ws/install/launcher/share/launcher/package.sh'
[0.239s] INFO:colcon.colcon_core.shell:Creating package script '/home/user/celluleflexible_en_cours_ROS2/ros_ws/install/launcher/share/launcher/package.bash'
[0.239s] INFO:colcon.colcon_core.shell:Creating package script '/home/user/celluleflexible_en_cours_ROS2/ros_ws/install/launcher/share/launcher/package.zsh'
[0.241s] Level 1:colcon.colcon_core.environment:create_file_with_runtime_dependencies(/home/user/celluleflexible_en_cours_ROS2/ros_ws/install/launcher/share/colcon-core/packages/launcher)
[0.242s] Level 1:colcon.colcon_core.environment:create_environment_scripts_only(launcher)
[0.242s] Level 1:colcon.colcon_core.environment:checking '/home/user/celluleflexible_en_cours_ROS2/ros_ws/install/launcher' for CMake module files
[0.243s] Level 1:colcon.colcon_core.environment:checking '/home/user/celluleflexible_en_cours_ROS2/ros_ws/install/launcher' for CMake config files
[0.243s] Level 1:colcon.colcon_core.shell:create_environment_hook('launcher', 'cmake_prefix_path')
[0.243s] INFO:colcon.colcon_core.shell:Creating environment hook '/home/user/celluleflexible_en_cours_ROS2/ros_ws/install/launcher/share/launcher/hook/cmake_prefix_path.ps1'
[0.243s] INFO:colcon.colcon_core.shell:Creating environment descriptor '/home/user/celluleflexible_en_cours_ROS2/ros_ws/install/launcher/share/launcher/hook/cmake_prefix_path.dsv'
[0.244s] INFO:colcon.colcon_core.shell:Creating environment hook '/home/user/celluleflexible_en_cours_ROS2/ros_ws/install/launcher/share/launcher/hook/cmake_prefix_path.sh'
[0.245s] Level 1:colcon.colcon_core.environment:checking '/home/user/celluleflexible_en_cours_ROS2/ros_ws/install/launcher/bin'
[0.246s] Level 1:colcon.colcon_core.environment:checking '/home/user/celluleflexible_en_cours_ROS2/ros_ws/install/launcher/lib/pkgconfig/launcher.pc'
[0.246s] Level 1:colcon.colcon_core.environment:checking '/home/user/celluleflexible_en_cours_ROS2/ros_ws/install/launcher/lib/python3.12/site-packages'
[0.246s] Level 1:colcon.colcon_core.environment:checking '/home/user/celluleflexible_en_cours_ROS2/ros_ws/install/launcher/bin'
[0.246s] INFO:colcon.colcon_core.shell:Creating package script '/home/user/celluleflexible_en_cours_ROS2/ros_ws/install/launcher/share/launcher/package.ps1'
[0.246s] INFO:colcon.colcon_core.shell:Creating package descriptor '/home/user/celluleflexible_en_cours_ROS2/ros_ws/install/launcher/share/launcher/package.dsv'
[0.247s] INFO:colcon.colcon_core.shell:Creating package script '/home/user/celluleflexible_en_cours_ROS2/ros_ws/install/launcher/share/launcher/package.sh'
[0.247s] INFO:colcon.colcon_core.shell:Creating package script '/home/user/celluleflexible_en_cours_ROS2/ros_ws/install/launcher/share/launcher/package.bash'
[0.247s] INFO:colcon.colcon_core.shell:Creating package script '/home/user/celluleflexible_en_cours_ROS2/ros_ws/install/launcher/share/launcher/package.zsh'
[0.248s] Level 1:colcon.colcon_core.environment:create_file_with_runtime_dependencies(/home/user/celluleflexible_en_cours_ROS2/ros_ws/install/launcher/share/colcon-core/packages/launcher)
[0.461s] DEBUG:colcon.colcon_core.event_handler.log_command:Invoked command in '/home/user/celluleflexible_en_cours_ROS2/ros_ws/build/aiguillages' returned '0': CMAKE_PREFIX_PATH=${CMAKE_PREFIX_PATH}:/opt/ros/jazzy DEBUGINFOD_URLS=https://debuginfod.ubuntu.com /usr/bin/cmake --build /home/user/celluleflexible_en_cours_ROS2/ros_ws/build/aiguillages -- -j8 -l8
[0.463s] DEBUG:colcon.colcon_core.event_handler.log_command:Invoking command in '/home/user/celluleflexible_en_cours_ROS2/ros_ws/build/aiguillages': CMAKE_PREFIX_PATH=${CMAKE_PREFIX_PATH}:/opt/ros/jazzy DEBUGINFOD_URLS=https://debuginfod.ubuntu.com /usr/bin/cmake --install /home/user/celluleflexible_en_cours_ROS2/ros_ws/build/aiguillages
[0.507s] Level 1:colcon.colcon_core.environment:create_environment_scripts_only(aiguillages)
[0.507s] Level 1:colcon.colcon_core.environment:checking '/home/user/celluleflexible_en_cours_ROS2/ros_ws/install/aiguillages' for CMake module files
[0.508s] DEBUG:colcon.colcon_core.event_handler.log_command:Invoked command in '/home/user/celluleflexible_en_cours_ROS2/ros_ws/build/aiguillages' returned '0': CMAKE_PREFIX_PATH=${CMAKE_PREFIX_PATH}:/opt/ros/jazzy DEBUGINFOD_URLS=https://debuginfod.ubuntu.com /usr/bin/cmake --install /home/user/celluleflexible_en_cours_ROS2/ros_ws/build/aiguillages
[0.508s] Level 1:colcon.colcon_core.environment:checking '/home/user/celluleflexible_en_cours_ROS2/ros_ws/install/aiguillages' for CMake config files
[0.508s] Level 1:colcon.colcon_core.shell:create_environment_hook('aiguillages', 'cmake_prefix_path')
[0.508s] INFO:colcon.colcon_core.shell:Creating environment hook '/home/user/celluleflexible_en_cours_ROS2/ros_ws/install/aiguillages/share/aiguillages/hook/cmake_prefix_path.ps1'
[0.509s] INFO:colcon.colcon_core.shell:Creating environment descriptor '/home/user/celluleflexible_en_cours_ROS2/ros_ws/install/aiguillages/share/aiguillages/hook/cmake_prefix_path.dsv'
[0.509s] INFO:colcon.colcon_core.shell:Creating environment hook '/home/user/celluleflexible_en_cours_ROS2/ros_ws/install/aiguillages/share/aiguillages/hook/cmake_prefix_path.sh'
[0.510s] Level 1:colcon.colcon_core.environment:checking '/home/user/celluleflexible_en_cours_ROS2/ros_ws/install/aiguillages/lib'
[0.510s] Level 1:colcon.colcon_core.shell:create_environment_hook('aiguillages', 'ld_library_path_lib')
[0.510s] INFO:colcon.colcon_core.shell:Creating environment hook '/home/user/celluleflexible_en_cours_ROS2/ros_ws/install/aiguillages/share/aiguillages/hook/ld_library_path_lib.ps1'
[0.510s] INFO:colcon.colcon_core.shell:Creating environment descriptor '/home/user/celluleflexible_en_cours_ROS2/ros_ws/install/aiguillages/share/aiguillages/hook/ld_library_path_lib.dsv'
[0.511s] INFO:colcon.colcon_core.shell:Creating environment hook '/home/user/celluleflexible_en_cours_ROS2/ros_ws/install/aiguillages/share/aiguillages/hook/ld_library_path_lib.sh'
[0.511s] Level 1:colcon.colcon_core.environment:checking '/home/user/celluleflexible_en_cours_ROS2/ros_ws/install/aiguillages/bin'
[0.511s] Level 1:colcon.colcon_core.environment:checking '/home/user/celluleflexible_en_cours_ROS2/ros_ws/install/aiguillages/lib/pkgconfig/aiguillages.pc'
[0.511s] Level 1:colcon.colcon_core.environment:checking '/home/user/celluleflexible_en_cours_ROS2/ros_ws/install/aiguillages/lib/python3.12/site-packages'
[0.511s] Level 1:colcon.colcon_core.shell:create_environment_hook('aiguillages', 'pythonpath')
[0.511s] INFO:colcon.colcon_core.shell:Creating environment hook '/home/user/celluleflexible_en_cours_ROS2/ros_ws/install/aiguillages/share/aiguillages/hook/pythonpath.ps1'
[0.511s] INFO:colcon.colcon_core.shell:Creating environment descriptor '/home/user/celluleflexible_en_cours_ROS2/ros_ws/install/aiguillages/share/aiguillages/hook/pythonpath.dsv'
[0.512s] INFO:colcon.colcon_core.shell:Creating environment hook '/home/user/celluleflexible_en_cours_ROS2/ros_ws/install/aiguillages/share/aiguillages/hook/pythonpath.sh'
[0.512s] Level 1:colcon.colcon_core.environment:checking '/home/user/celluleflexible_en_cours_ROS2/ros_ws/install/aiguillages/bin'
[0.512s] INFO:colcon.colcon_core.shell:Creating package script '/home/user/celluleflexible_en_cours_ROS2/ros_ws/install/aiguillages/share/aiguillages/package.ps1'
[0.513s] INFO:colcon.colcon_core.shell:Creating package descriptor '/home/user/celluleflexible_en_cours_ROS2/ros_ws/install/aiguillages/share/aiguillages/package.dsv'
[0.513s] INFO:colcon.colcon_core.shell:Creating package script '/home/user/celluleflexible_en_cours_ROS2/ros_ws/install/aiguillages/share/aiguillages/package.sh'
[0.513s] INFO:colcon.colcon_core.shell:Creating package script '/home/user/celluleflexible_en_cours_ROS2/ros_ws/install/aiguillages/share/aiguillages/package.bash'
[0.514s] INFO:colcon.colcon_core.shell:Creating package script '/home/user/celluleflexible_en_cours_ROS2/ros_ws/install/aiguillages/share/aiguillages/package.zsh'
[0.514s] Level 1:colcon.colcon_core.environment:create_file_with_runtime_dependencies(/home/user/celluleflexible_en_cours_ROS2/ros_ws/install/aiguillages/share/colcon-core/packages/aiguillages)
[0.515s] Level 1:colcon.colcon_core.environment:create_environment_scripts_only(aiguillages)
[0.515s] Level 1:colcon.colcon_core.environment:checking '/home/user/celluleflexible_en_cours_ROS2/ros_ws/install/aiguillages' for CMake module files
[0.515s] Level 1:colcon.colcon_core.environment:checking '/home/user/celluleflexible_en_cours_ROS2/ros_ws/install/aiguillages' for CMake config files
[0.515s] Level 1:colcon.colcon_core.shell:create_environment_hook('aiguillages', 'cmake_prefix_path')
[0.515s] INFO:colcon.colcon_core.shell:Creating environment hook '/home/user/celluleflexible_en_cours_ROS2/ros_ws/install/aiguillages/share/aiguillages/hook/cmake_prefix_path.ps1'
[0.515s] INFO:colcon.colcon_core.shell:Creating environment descriptor '/home/user/celluleflexible_en_cours_ROS2/ros_ws/install/aiguillages/share/aiguillages/hook/cmake_prefix_path.dsv'
[0.515s] INFO:colcon.colcon_core.shell:Creating environment hook '/home/user/celluleflexible_en_cours_ROS2/ros_ws/install/aiguillages/share/aiguillages/hook/cmake_prefix_path.sh'
[0.516s] Level 1:colcon.colcon_core.environment:checking '/home/user/celluleflexible_en_cours_ROS2/ros_ws/install/aiguillages/lib'
[0.516s] Level 1:colcon.colcon_core.shell:create_environment_hook('aiguillages', 'ld_library_path_lib')
[0.516s] INFO:colcon.colcon_core.shell:Creating environment hook '/home/user/celluleflexible_en_cours_ROS2/ros_ws/install/aiguillages/share/aiguillages/hook/ld_library_path_lib.ps1'
[0.516s] INFO:colcon.colcon_core.shell:Creating environment descriptor '/home/user/celluleflexible_en_cours_ROS2/ros_ws/install/aiguillages/share/aiguillages/hook/ld_library_path_lib.dsv'
[0.517s] INFO:colcon.colcon_core.shell:Creating environment hook '/home/user/celluleflexible_en_cours_ROS2/ros_ws/install/aiguillages/share/aiguillages/hook/ld_library_path_lib.sh'
[0.517s] Level 1:colcon.colcon_core.environment:checking '/home/user/celluleflexible_en_cours_ROS2/ros_ws/install/aiguillages/bin'
[0.517s] Level 1:colcon.colcon_core.environment:checking '/home/user/celluleflexible_en_cours_ROS2/ros_ws/install/aiguillages/lib/pkgconfig/aiguillages.pc'
[0.517s] Level 1:colcon.colcon_core.environment:checking '/home/user/celluleflexible_en_cours_ROS2/ros_ws/install/aiguillages/lib/python3.12/site-packages'
[0.517s] Level 1:colcon.colcon_core.shell:create_environment_hook('aiguillages', 'pythonpath')
[0.517s] INFO:colcon.colcon_core.shell:Creating environment hook '/home/user/celluleflexible_en_cours_ROS2/ros_ws/install/aiguillages/share/aiguillages/hook/pythonpath.ps1'
[0.518s] INFO:colcon.colcon_core.shell:Creating environment descriptor '/home/user/celluleflexible_en_cours_ROS2/ros_ws/install/aiguillages/share/aiguillages/hook/pythonpath.dsv'
[0.518s] INFO:colcon.colcon_core.shell:Creating environment hook '/home/user/celluleflexible_en_cours_ROS2/ros_ws/install/aiguillages/share/aiguillages/hook/pythonpath.sh'
[0.519s] Level 1:colcon.colcon_core.environment:checking '/home/user/celluleflexible_en_cours_ROS2/ros_ws/install/aiguillages/bin'
[0.519s] INFO:colcon.colcon_core.shell:Creating package script '/home/user/celluleflexible_en_cours_ROS2/ros_ws/install/aiguillages/share/aiguillages/package.ps1'
[0.519s] INFO:colcon.colcon_core.shell:Creating package descriptor '/home/user/celluleflexible_en_cours_ROS2/ros_ws/install/aiguillages/share/aiguillages/package.dsv'
[0.520s] INFO:colcon.colcon_core.shell:Creating package script '/home/user/celluleflexible_en_cours_ROS2/ros_ws/install/aiguillages/share/aiguillages/package.sh'
[0.520s] INFO:colcon.colcon_core.shell:Creating package script '/home/user/celluleflexible_en_cours_ROS2/ros_ws/install/aiguillages/share/aiguillages/package.bash'
[0.520s] INFO:colcon.colcon_core.shell:Creating package script '/home/user/celluleflexible_en_cours_ROS2/ros_ws/install/aiguillages/share/aiguillages/package.zsh'
[0.521s] Level 1:colcon.colcon_core.environment:create_file_with_runtime_dependencies(/home/user/celluleflexible_en_cours_ROS2/ros_ws/install/aiguillages/share/colcon-core/packages/aiguillages)
[0.521s] INFO:colcon.colcon_ros.task.ament_cmake.build:Building ROS package in '/home/user/celluleflexible_en_cours_ROS2/ros_ws/src/commande_locale' with build type 'ament_cmake'
[0.521s] INFO:colcon.colcon_cmake.task.cmake.build:Building CMake package in '/home/user/celluleflexible_en_cours_ROS2/ros_ws/src/commande_locale'
[0.521s] INFO:colcon.colcon_core.shell:Skip shell extension 'powershell' for command environment: Not usable outside of PowerShell
[0.521s] DEBUG:colcon.colcon_core.shell:Skip shell extension 'dsv' for command environment
[0.526s] INFO:colcon.colcon_ros.task.ament_cmake.build:Building ROS package in '/home/user/celluleflexible_en_cours_ROS2/ros_ws/src/shuttles' with build type 'ament_cmake'
[0.526s] INFO:colcon.colcon_cmake.task.cmake.build:Building CMake package in '/home/user/celluleflexible_en_cours_ROS2/ros_ws/src/shuttles'
[0.526s] INFO:colcon.colcon_core.shell:Skip shell extension 'powershell' for command environment: Not usable outside of PowerShell
[0.527s] DEBUG:colcon.colcon_core.shell:Skip shell extension 'dsv' for command environment
[0.538s] DEBUG:colcon.colcon_core.event_handler.log_command:Invoking command in '/home/user/celluleflexible_en_cours_ROS2/ros_ws/build/commande_locale': CMAKE_PREFIX_PATH=/home/user/celluleflexible_en_cours_ROS2/ros_ws/install/aiguillages:/home/user/celluleflexible_en_cours_ROS2/ros_ws/install/commande:/home/user/celluleflexible_en_cours_ROS2/ros_ws/install/shuttles:/home/user/celluleflexible_en_cours_ROS2/ros_ws/install/robots:/home/user/celluleflexible_en_cours_ROS2/ros_ws/install/launcher:/home/user/celluleflexible_en_cours_ROS2/ros_ws/install/commande_locale:/opt/ros/jazzy/opt/gz_math_vendor:/opt/ros/jazzy/opt/gz_utils_vendor:/opt/ros/jazzy/opt/gz_cmake_vendor:/opt/ros/jazzy DEBUGINFOD_URLS=https://debuginfod.ubuntu.com LD_LIBRARY_PATH=/home/user/celluleflexible_en_cours_ROS2/ros_ws/install/aiguillages/lib:/home/user/celluleflexible_en_cours_ROS2/ros_ws/install/shuttles/lib:/home/user/celluleflexible_en_cours_ROS2/ros_ws/install/robots/lib:/home/user/celluleflexible_en_cours_ROS2/ros_ws/install/commande_locale/lib:/opt/ros/jazzy/opt/rviz_ogre_vendor/lib:/opt/ros/jazzy/lib/x86_64-linux-gnu:/opt/ros/jazzy/opt/gz_math_vendor/lib:/opt/ros/jazzy/opt/gz_utils_vendor/lib:/opt/ros/jazzy/opt/gz_cmake_vendor/lib:/opt/ros/jazzy/lib PYTHONPATH=/home/user/celluleflexible_en_cours_ROS2/ros_ws/install/aiguillages/lib/python3.12/site-packages:/home/user/celluleflexible_en_cours_ROS2/ros_ws/install/shuttles/lib/python3.12/site-packages:/home/user/celluleflexible_en_cours_ROS2/ros_ws/install/robots/lib/python3.12/site-packages:/home/user/celluleflexible_en_cours_ROS2/ros_ws/install/commande_locale/lib/python3.12/site-packages:/opt/ros/jazzy/lib/python3.12/site-packages /usr/bin/cmake --build /home/user/celluleflexible_en_cours_ROS2/ros_ws/build/commande_locale -- -j8 -l8
[0.541s] DEBUG:colcon.colcon_core.event_handler.log_command:Invoking command in '/home/user/celluleflexible_en_cours_ROS2/ros_ws/build/shuttles': CMAKE_PREFIX_PATH=/home/user/celluleflexible_en_cours_ROS2/ros_ws/install/aiguillages:/home/user/celluleflexible_en_cours_ROS2/ros_ws/install/commande:/home/user/celluleflexible_en_cours_ROS2/ros_ws/install/shuttles:/home/user/celluleflexible_en_cours_ROS2/ros_ws/install/robots:/home/user/celluleflexible_en_cours_ROS2/ros_ws/install/launcher:/home/user/celluleflexible_en_cours_ROS2/ros_ws/install/commande_locale:/opt/ros/jazzy/opt/gz_math_vendor:/opt/ros/jazzy/opt/gz_utils_vendor:/opt/ros/jazzy/opt/gz_cmake_vendor:/opt/ros/jazzy DEBUGINFOD_URLS=https://debuginfod.ubuntu.com LD_LIBRARY_PATH=/home/user/celluleflexible_en_cours_ROS2/ros_ws/install/aiguillages/lib:/home/user/celluleflexible_en_cours_ROS2/ros_ws/install/shuttles/lib:/home/user/celluleflexible_en_cours_ROS2/ros_ws/install/robots/lib:/home/user/celluleflexible_en_cours_ROS2/ros_ws/install/commande_locale/lib:/opt/ros/jazzy/opt/rviz_ogre_vendor/lib:/opt/ros/jazzy/lib/x86_64-linux-gnu:/opt/ros/jazzy/opt/gz_math_vendor/lib:/opt/ros/jazzy/opt/gz_utils_vendor/lib:/opt/ros/jazzy/opt/gz_cmake_vendor/lib:/opt/ros/jazzy/lib PYTHONPATH=/home/user/celluleflexible_en_cours_ROS2/ros_ws/install/aiguillages/lib/python3.12/site-packages:/home/user/celluleflexible_en_cours_ROS2/ros_ws/install/shuttles/lib/python3.12/site-packages:/home/user/celluleflexible_en_cours_ROS2/ros_ws/install/robots/lib/python3.12/site-packages:/home/user/celluleflexible_en_cours_ROS2/ros_ws/install/commande_locale/lib/python3.12/site-packages:/opt/ros/jazzy/lib/python3.12/site-packages /usr/bin/cmake --build /home/user/celluleflexible_en_cours_ROS2/ros_ws/build/shuttles -- -j8 -l8
[0.842s] DEBUG:colcon.colcon_core.event_handler.log_command:Invoked command in '/home/user/celluleflexible_en_cours_ROS2/ros_ws/build/commande_locale' returned '0': CMAKE_PREFIX_PATH=/home/user/celluleflexible_en_cours_ROS2/ros_ws/install/aiguillages:/home/user/celluleflexible_en_cours_ROS2/ros_ws/install/commande:/home/user/celluleflexible_en_cours_ROS2/ros_ws/install/shuttles:/home/user/celluleflexible_en_cours_ROS2/ros_ws/install/robots:/home/user/celluleflexible_en_cours_ROS2/ros_ws/install/launcher:/home/user/celluleflexible_en_cours_ROS2/ros_ws/install/commande_locale:/opt/ros/jazzy/opt/gz_math_vendor:/opt/ros/jazzy/opt/gz_utils_vendor:/opt/ros/jazzy/opt/gz_cmake_vendor:/opt/ros/jazzy DEBUGINFOD_URLS=https://debuginfod.ubuntu.com LD_LIBRARY_PATH=/home/user/celluleflexible_en_cours_ROS2/ros_ws/install/aiguillages/lib:/home/user/celluleflexible_en_cours_ROS2/ros_ws/install/shuttles/lib:/home/user/celluleflexible_en_cours_ROS2/ros_ws/install/robots/lib:/home/user/celluleflexible_en_cours_ROS2/ros_ws/install/commande_locale/lib:/opt/ros/jazzy/opt/rviz_ogre_vendor/lib:/opt/ros/jazzy/lib/x86_64-linux-gnu:/opt/ros/jazzy/opt/gz_math_vendor/lib:/opt/ros/jazzy/opt/gz_utils_vendor/lib:/opt/ros/jazzy/opt/gz_cmake_vendor/lib:/opt/ros/jazzy/lib PYTHONPATH=/home/user/celluleflexible_en_cours_ROS2/ros_ws/install/aiguillages/lib/python3.12/site-packages:/home/user/celluleflexible_en_cours_ROS2/ros_ws/install/shuttles/lib/python3.12/site-packages:/home/user/celluleflexible_en_cours_ROS2/ros_ws/install/robots/lib/python3.12/site-packages:/home/user/celluleflexible_en_cours_ROS2/ros_ws/install/commande_locale/lib/python3.12/site-packages:/opt/ros/jazzy/lib/python3.12/site-packages /usr/bin/cmake --build /home/user/celluleflexible_en_cours_ROS2/ros_ws/build/commande_locale -- -j8 -l8
[0.842s] DEBUG:colcon.colcon_core.event_handler.log_command:Invoking command in '/home/user/celluleflexible_en_cours_ROS2/ros_ws/build/commande_locale': CMAKE_PREFIX_PATH=/home/user/celluleflexible_en_cours_ROS2/ros_ws/install/aiguillages:/home/user/celluleflexible_en_cours_ROS2/ros_ws/install/commande:/home/user/celluleflexible_en_cours_ROS2/ros_ws/install/shuttles:/home/user/celluleflexible_en_cours_ROS2/ros_ws/install/robots:/home/user/celluleflexible_en_cours_ROS2/ros_ws/install/launcher:/home/user/celluleflexible_en_cours_ROS2/ros_ws/install/commande_locale:/opt/ros/jazzy/opt/gz_math_vendor:/opt/ros/jazzy/opt/gz_utils_vendor:/opt/ros/jazzy/opt/gz_cmake_vendor:/opt/ros/jazzy DEBUGINFOD_URLS=https://debuginfod.ubuntu.com LD_LIBRARY_PATH=/home/user/celluleflexible_en_cours_ROS2/ros_ws/install/aiguillages/lib:/home/user/celluleflexible_en_cours_ROS2/ros_ws/install/shuttles/lib:/home/user/celluleflexible_en_cours_ROS2/ros_ws/install/robots/lib:/home/user/celluleflexible_en_cours_ROS2/ros_ws/install/commande_locale/lib:/opt/ros/jazzy/opt/rviz_ogre_vendor/lib:/opt/ros/jazzy/lib/x86_64-linux-gnu:/opt/ros/jazzy/opt/gz_math_vendor/lib:/opt/ros/jazzy/opt/gz_utils_vendor/lib:/opt/ros/jazzy/opt/gz_cmake_vendor/lib:/opt/ros/jazzy/lib PYTHONPATH=/home/user/celluleflexible_en_cours_ROS2/ros_ws/install/aiguillages/lib/python3.12/site-packages:/home/user/celluleflexible_en_cours_ROS2/ros_ws/install/shuttles/lib/python3.12/site-packages:/home/user/celluleflexible_en_cours_ROS2/ros_ws/install/robots/lib/python3.12/site-packages:/home/user/celluleflexible_en_cours_ROS2/ros_ws/install/commande_locale/lib/python3.12/site-packages:/opt/ros/jazzy/lib/python3.12/site-packages /usr/bin/cmake --install /home/user/celluleflexible_en_cours_ROS2/ros_ws/build/commande_locale
[0.852s] DEBUG:colcon.colcon_core.event_handler.log_command:Invoked command in '/home/user/celluleflexible_en_cours_ROS2/ros_ws/build/shuttles' returned '0': CMAKE_PREFIX_PATH=/home/user/celluleflexible_en_cours_ROS2/ros_ws/install/aiguillages:/home/user/celluleflexible_en_cours_ROS2/ros_ws/install/commande:/home/user/celluleflexible_en_cours_ROS2/ros_ws/install/shuttles:/home/user/celluleflexible_en_cours_ROS2/ros_ws/install/robots:/home/user/celluleflexible_en_cours_ROS2/ros_ws/install/launcher:/home/user/celluleflexible_en_cours_ROS2/ros_ws/install/commande_locale:/opt/ros/jazzy/opt/gz_math_vendor:/opt/ros/jazzy/opt/gz_utils_vendor:/opt/ros/jazzy/opt/gz_cmake_vendor:/opt/ros/jazzy DEBUGINFOD_URLS=https://debuginfod.ubuntu.com LD_LIBRARY_PATH=/home/user/celluleflexible_en_cours_ROS2/ros_ws/install/aiguillages/lib:/home/user/celluleflexible_en_cours_ROS2/ros_ws/install/shuttles/lib:/home/user/celluleflexible_en_cours_ROS2/ros_ws/install/robots/lib:/home/user/celluleflexible_en_cours_ROS2/ros_ws/install/commande_locale/lib:/opt/ros/jazzy/opt/rviz_ogre_vendor/lib:/opt/ros/jazzy/lib/x86_64-linux-gnu:/opt/ros/jazzy/opt/gz_math_vendor/lib:/opt/ros/jazzy/opt/gz_utils_vendor/lib:/opt/ros/jazzy/opt/gz_cmake_vendor/lib:/opt/ros/jazzy/lib PYTHONPATH=/home/user/celluleflexible_en_cours_ROS2/ros_ws/install/aiguillages/lib/python3.12/site-packages:/home/user/celluleflexible_en_cours_ROS2/ros_ws/install/shuttles/lib/python3.12/site-packages:/home/user/celluleflexible_en_cours_ROS2/ros_ws/install/robots/lib/python3.12/site-packages:/home/user/celluleflexible_en_cours_ROS2/ros_ws/install/commande_locale/lib/python3.12/site-packages:/opt/ros/jazzy/lib/python3.12/site-packages /usr/bin/cmake --build /home/user/celluleflexible_en_cours_ROS2/ros_ws/build/shuttles -- -j8 -l8
[0.853s] DEBUG:colcon.colcon_core.event_handler.log_command:Invoking command in '/home/user/celluleflexible_en_cours_ROS2/ros_ws/build/shuttles': CMAKE_PREFIX_PATH=/home/user/celluleflexible_en_cours_ROS2/ros_ws/install/aiguillages:/home/user/celluleflexible_en_cours_ROS2/ros_ws/install/commande:/home/user/celluleflexible_en_cours_ROS2/ros_ws/install/shuttles:/home/user/celluleflexible_en_cours_ROS2/ros_ws/install/robots:/home/user/celluleflexible_en_cours_ROS2/ros_ws/install/launcher:/home/user/celluleflexible_en_cours_ROS2/ros_ws/install/commande_locale:/opt/ros/jazzy/opt/gz_math_vendor:/opt/ros/jazzy/opt/gz_utils_vendor:/opt/ros/jazzy/opt/gz_cmake_vendor:/opt/ros/jazzy DEBUGINFOD_URLS=https://debuginfod.ubuntu.com LD_LIBRARY_PATH=/home/user/celluleflexible_en_cours_ROS2/ros_ws/install/aiguillages/lib:/home/user/celluleflexible_en_cours_ROS2/ros_ws/install/shuttles/lib:/home/user/celluleflexible_en_cours_ROS2/ros_ws/install/robots/lib:/home/user/celluleflexible_en_cours_ROS2/ros_ws/install/commande_locale/lib:/opt/ros/jazzy/opt/rviz_ogre_vendor/lib:/opt/ros/jazzy/lib/x86_64-linux-gnu:/opt/ros/jazzy/opt/gz_math_vendor/lib:/opt/ros/jazzy/opt/gz_utils_vendor/lib:/opt/ros/jazzy/opt/gz_cmake_vendor/lib:/opt/ros/jazzy/lib PYTHONPATH=/home/user/celluleflexible_en_cours_ROS2/ros_ws/install/aiguillages/lib/python3.12/site-packages:/home/user/celluleflexible_en_cours_ROS2/ros_ws/install/shuttles/lib/python3.12/site-packages:/home/user/celluleflexible_en_cours_ROS2/ros_ws/install/robots/lib/python3.12/site-packages:/home/user/celluleflexible_en_cours_ROS2/ros_ws/install/commande_locale/lib/python3.12/site-packages:/opt/ros/jazzy/lib/python3.12/site-packages /usr/bin/cmake --install /home/user/celluleflexible_en_cours_ROS2/ros_ws/build/shuttles
[0.920s] Level 1:colcon.colcon_core.environment:create_environment_scripts_only(shuttles)
[0.920s] Level 1:colcon.colcon_core.environment:checking '/home/user/celluleflexible_en_cours_ROS2/ros_ws/install/shuttles' for CMake module files
[0.921s] Level 1:colcon.colcon_core.environment:checking '/home/user/celluleflexible_en_cours_ROS2/ros_ws/install/shuttles' for CMake config files
[0.921s] Level 1:colcon.colcon_core.shell:create_environment_hook('shuttles', 'cmake_prefix_path')
[0.921s] INFO:colcon.colcon_core.shell:Creating environment hook '/home/user/celluleflexible_en_cours_ROS2/ros_ws/install/shuttles/share/shuttles/hook/cmake_prefix_path.ps1'
[0.921s] INFO:colcon.colcon_core.shell:Creating environment descriptor '/home/user/celluleflexible_en_cours_ROS2/ros_ws/install/shuttles/share/shuttles/hook/cmake_prefix_path.dsv'
[0.922s] DEBUG:colcon.colcon_core.event_handler.log_command:Invoked command in '/home/user/celluleflexible_en_cours_ROS2/ros_ws/build/shuttles' returned '0': CMAKE_PREFIX_PATH=/home/user/celluleflexible_en_cours_ROS2/ros_ws/install/aiguillages:/home/user/celluleflexible_en_cours_ROS2/ros_ws/install/commande:/home/user/celluleflexible_en_cours_ROS2/ros_ws/install/shuttles:/home/user/celluleflexible_en_cours_ROS2/ros_ws/install/robots:/home/user/celluleflexible_en_cours_ROS2/ros_ws/install/launcher:/home/user/celluleflexible_en_cours_ROS2/ros_ws/install/commande_locale:/opt/ros/jazzy/opt/gz_math_vendor:/opt/ros/jazzy/opt/gz_utils_vendor:/opt/ros/jazzy/opt/gz_cmake_vendor:/opt/ros/jazzy DEBUGINFOD_URLS=https://debuginfod.ubuntu.com LD_LIBRARY_PATH=/home/user/celluleflexible_en_cours_ROS2/ros_ws/install/aiguillages/lib:/home/user/celluleflexible_en_cours_ROS2/ros_ws/install/shuttles/lib:/home/user/celluleflexible_en_cours_ROS2/ros_ws/install/robots/lib:/home/user/celluleflexible_en_cours_ROS2/ros_ws/install/commande_locale/lib:/opt/ros/jazzy/opt/rviz_ogre_vendor/lib:/opt/ros/jazzy/lib/x86_64-linux-gnu:/opt/ros/jazzy/opt/gz_math_vendor/lib:/opt/ros/jazzy/opt/gz_utils_vendor/lib:/opt/ros/jazzy/opt/gz_cmake_vendor/lib:/opt/ros/jazzy/lib PYTHONPATH=/home/user/celluleflexible_en_cours_ROS2/ros_ws/install/aiguillages/lib/python3.12/site-packages:/home/user/celluleflexible_en_cours_ROS2/ros_ws/install/shuttles/lib/python3.12/site-packages:/home/user/celluleflexible_en_cours_ROS2/ros_ws/install/robots/lib/python3.12/site-packages:/home/user/celluleflexible_en_cours_ROS2/ros_ws/install/commande_locale/lib/python3.12/site-packages:/opt/ros/jazzy/lib/python3.12/site-packages /usr/bin/cmake --install /home/user/celluleflexible_en_cours_ROS2/ros_ws/build/shuttles
[0.922s] INFO:colcon.colcon_core.shell:Creating environment hook '/home/user/celluleflexible_en_cours_ROS2/ros_ws/install/shuttles/share/shuttles/hook/cmake_prefix_path.sh'
[0.923s] Level 1:colcon.colcon_core.environment:checking '/home/user/celluleflexible_en_cours_ROS2/ros_ws/install/shuttles/lib'
[0.923s] Level 1:colcon.colcon_core.shell:create_environment_hook('shuttles', 'ld_library_path_lib')
[0.923s] INFO:colcon.colcon_core.shell:Creating environment hook '/home/user/celluleflexible_en_cours_ROS2/ros_ws/install/shuttles/share/shuttles/hook/ld_library_path_lib.ps1'
[0.925s] INFO:colcon.colcon_core.shell:Creating environment descriptor '/home/user/celluleflexible_en_cours_ROS2/ros_ws/install/shuttles/share/shuttles/hook/ld_library_path_lib.dsv'
[0.925s] INFO:colcon.colcon_core.shell:Creating environment hook '/home/user/celluleflexible_en_cours_ROS2/ros_ws/install/shuttles/share/shuttles/hook/ld_library_path_lib.sh'
[0.930s] Level 1:colcon.colcon_core.environment:checking '/home/user/celluleflexible_en_cours_ROS2/ros_ws/install/shuttles/bin'
[0.930s] Level 1:colcon.colcon_core.environment:checking '/home/user/celluleflexible_en_cours_ROS2/ros_ws/install/shuttles/lib/pkgconfig/shuttles.pc'
[0.930s] Level 1:colcon.colcon_core.environment:checking '/home/user/celluleflexible_en_cours_ROS2/ros_ws/install/shuttles/lib/python3.12/site-packages'
[0.930s] Level 1:colcon.colcon_core.shell:create_environment_hook('shuttles', 'pythonpath')
[0.931s] INFO:colcon.colcon_core.shell:Creating environment hook '/home/user/celluleflexible_en_cours_ROS2/ros_ws/install/shuttles/share/shuttles/hook/pythonpath.ps1'
[0.932s] INFO:colcon.colcon_core.shell:Creating environment descriptor '/home/user/celluleflexible_en_cours_ROS2/ros_ws/install/shuttles/share/shuttles/hook/pythonpath.dsv'
[0.933s] INFO:colcon.colcon_core.shell:Creating environment hook '/home/user/celluleflexible_en_cours_ROS2/ros_ws/install/shuttles/share/shuttles/hook/pythonpath.sh'
[0.934s] Level 1:colcon.colcon_core.environment:checking '/home/user/celluleflexible_en_cours_ROS2/ros_ws/install/shuttles/bin'
[0.934s] INFO:colcon.colcon_core.shell:Creating package script '/home/user/celluleflexible_en_cours_ROS2/ros_ws/install/shuttles/share/shuttles/package.ps1'
[0.935s] INFO:colcon.colcon_core.shell:Creating package descriptor '/home/user/celluleflexible_en_cours_ROS2/ros_ws/install/shuttles/share/shuttles/package.dsv'
[0.935s] INFO:colcon.colcon_core.shell:Creating package script '/home/user/celluleflexible_en_cours_ROS2/ros_ws/install/shuttles/share/shuttles/package.sh'
[0.936s] INFO:colcon.colcon_core.shell:Creating package script '/home/user/celluleflexible_en_cours_ROS2/ros_ws/install/shuttles/share/shuttles/package.bash'
[0.936s] INFO:colcon.colcon_core.shell:Creating package script '/home/user/celluleflexible_en_cours_ROS2/ros_ws/install/shuttles/share/shuttles/package.zsh'
[0.937s] Level 1:colcon.colcon_core.environment:create_file_with_runtime_dependencies(/home/user/celluleflexible_en_cours_ROS2/ros_ws/install/shuttles/share/colcon-core/packages/shuttles)
[0.938s] Level 1:colcon.colcon_core.environment:create_environment_scripts_only(shuttles)
[0.938s] Level 1:colcon.colcon_core.environment:checking '/home/user/celluleflexible_en_cours_ROS2/ros_ws/install/shuttles' for CMake module files
[0.939s] Level 1:colcon.colcon_core.environment:checking '/home/user/celluleflexible_en_cours_ROS2/ros_ws/install/shuttles' for CMake config files
[0.939s] Level 1:colcon.colcon_core.shell:create_environment_hook('shuttles', 'cmake_prefix_path')
[0.939s] INFO:colcon.colcon_core.shell:Creating environment hook '/home/user/celluleflexible_en_cours_ROS2/ros_ws/install/shuttles/share/shuttles/hook/cmake_prefix_path.ps1'
[0.940s] INFO:colcon.colcon_core.shell:Creating environment descriptor '/home/user/celluleflexible_en_cours_ROS2/ros_ws/install/shuttles/share/shuttles/hook/cmake_prefix_path.dsv'
[0.940s] INFO:colcon.colcon_core.shell:Creating environment hook '/home/user/celluleflexible_en_cours_ROS2/ros_ws/install/shuttles/share/shuttles/hook/cmake_prefix_path.sh'
[0.942s] Level 1:colcon.colcon_core.environment:checking '/home/user/celluleflexible_en_cours_ROS2/ros_ws/install/shuttles/lib'
[0.942s] Level 1:colcon.colcon_core.shell:create_environment_hook('shuttles', 'ld_library_path_lib')
[0.942s] INFO:colcon.colcon_core.shell:Creating environment hook '/home/user/celluleflexible_en_cours_ROS2/ros_ws/install/shuttles/share/shuttles/hook/ld_library_path_lib.ps1'
[0.943s] INFO:colcon.colcon_core.shell:Creating environment descriptor '/home/user/celluleflexible_en_cours_ROS2/ros_ws/install/shuttles/share/shuttles/hook/ld_library_path_lib.dsv'
[0.944s] INFO:colcon.colcon_core.shell:Creating environment hook '/home/user/celluleflexible_en_cours_ROS2/ros_ws/install/shuttles/share/shuttles/hook/ld_library_path_lib.sh'
[0.944s] Level 1:colcon.colcon_core.environment:checking '/home/user/celluleflexible_en_cours_ROS2/ros_ws/install/shuttles/bin'
[0.944s] Level 1:colcon.colcon_core.environment:checking '/home/user/celluleflexible_en_cours_ROS2/ros_ws/install/shuttles/lib/pkgconfig/shuttles.pc'
[0.944s] Level 1:colcon.colcon_core.environment:checking '/home/user/celluleflexible_en_cours_ROS2/ros_ws/install/shuttles/lib/python3.12/site-packages'
[0.944s] Level 1:colcon.colcon_core.shell:create_environment_hook('shuttles', 'pythonpath')
[0.944s] INFO:colcon.colcon_core.shell:Creating environment hook '/home/user/celluleflexible_en_cours_ROS2/ros_ws/install/shuttles/share/shuttles/hook/pythonpath.ps1'
[0.945s] INFO:colcon.colcon_core.shell:Creating environment descriptor '/home/user/celluleflexible_en_cours_ROS2/ros_ws/install/shuttles/share/shuttles/hook/pythonpath.dsv'
[0.945s] INFO:colcon.colcon_core.shell:Creating environment hook '/home/user/celluleflexible_en_cours_ROS2/ros_ws/install/shuttles/share/shuttles/hook/pythonpath.sh'
[0.946s] Level 1:colcon.colcon_core.environment:checking '/home/user/celluleflexible_en_cours_ROS2/ros_ws/install/shuttles/bin'
[0.946s] INFO:colcon.colcon_core.shell:Creating package script '/home/user/celluleflexible_en_cours_ROS2/ros_ws/install/shuttles/share/shuttles/package.ps1'
[0.946s] INFO:colcon.colcon_core.shell:Creating package descriptor '/home/user/celluleflexible_en_cours_ROS2/ros_ws/install/shuttles/share/shuttles/package.dsv'
[0.947s] INFO:colcon.colcon_core.shell:Creating package script '/home/user/celluleflexible_en_cours_ROS2/ros_ws/install/shuttles/share/shuttles/package.sh'
[0.947s] INFO:colcon.colcon_core.shell:Creating package script '/home/user/celluleflexible_en_cours_ROS2/ros_ws/install/shuttles/share/shuttles/package.bash'
[0.947s] INFO:colcon.colcon_core.shell:Creating package script '/home/user/celluleflexible_en_cours_ROS2/ros_ws/install/shuttles/share/shuttles/package.zsh'
[0.948s] Level 1:colcon.colcon_core.environment:create_file_with_runtime_dependencies(/home/user/celluleflexible_en_cours_ROS2/ros_ws/install/shuttles/share/colcon-core/packages/shuttles)
[0.949s] Level 1:colcon.colcon_core.environment:create_environment_scripts_only(commande_locale)
[0.949s] Level 1:colcon.colcon_core.environment:checking '/home/user/celluleflexible_en_cours_ROS2/ros_ws/install/commande_locale' for CMake module files
[0.949s] Level 1:colcon.colcon_core.environment:checking '/home/user/celluleflexible_en_cours_ROS2/ros_ws/install/commande_locale' for CMake config files
[0.950s] Level 1:colcon.colcon_core.shell:create_environment_hook('commande_locale', 'cmake_prefix_path')
[0.950s] INFO:colcon.colcon_core.shell:Creating environment hook '/home/user/celluleflexible_en_cours_ROS2/ros_ws/install/commande_locale/share/commande_locale/hook/cmake_prefix_path.ps1'
[0.950s] INFO:colcon.colcon_core.shell:Creating environment descriptor '/home/user/celluleflexible_en_cours_ROS2/ros_ws/install/commande_locale/share/commande_locale/hook/cmake_prefix_path.dsv'
[0.951s] INFO:colcon.colcon_core.shell:Creating environment hook '/home/user/celluleflexible_en_cours_ROS2/ros_ws/install/commande_locale/share/commande_locale/hook/cmake_prefix_path.sh'
[0.953s] DEBUG:colcon.colcon_core.event_handler.log_command:Invoked command in '/home/user/celluleflexible_en_cours_ROS2/ros_ws/build/commande_locale' returned '0': CMAKE_PREFIX_PATH=/home/user/celluleflexible_en_cours_ROS2/ros_ws/install/aiguillages:/home/user/celluleflexible_en_cours_ROS2/ros_ws/install/commande:/home/user/celluleflexible_en_cours_ROS2/ros_ws/install/shuttles:/home/user/celluleflexible_en_cours_ROS2/ros_ws/install/robots:/home/user/celluleflexible_en_cours_ROS2/ros_ws/install/launcher:/home/user/celluleflexible_en_cours_ROS2/ros_ws/install/commande_locale:/opt/ros/jazzy/opt/gz_math_vendor:/opt/ros/jazzy/opt/gz_utils_vendor:/opt/ros/jazzy/opt/gz_cmake_vendor:/opt/ros/jazzy DEBUGINFOD_URLS=https://debuginfod.ubuntu.com LD_LIBRARY_PATH=/home/user/celluleflexible_en_cours_ROS2/ros_ws/install/aiguillages/lib:/home/user/celluleflexible_en_cours_ROS2/ros_ws/install/shuttles/lib:/home/user/celluleflexible_en_cours_ROS2/ros_ws/install/robots/lib:/home/user/celluleflexible_en_cours_ROS2/ros_ws/install/commande_locale/lib:/opt/ros/jazzy/opt/rviz_ogre_vendor/lib:/opt/ros/jazzy/lib/x86_64-linux-gnu:/opt/ros/jazzy/opt/gz_math_vendor/lib:/opt/ros/jazzy/opt/gz_utils_vendor/lib:/opt/ros/jazzy/opt/gz_cmake_vendor/lib:/opt/ros/jazzy/lib PYTHONPATH=/home/user/celluleflexible_en_cours_ROS2/ros_ws/install/aiguillages/lib/python3.12/site-packages:/home/user/celluleflexible_en_cours_ROS2/ros_ws/install/shuttles/lib/python3.12/site-packages:/home/user/celluleflexible_en_cours_ROS2/ros_ws/install/robots/lib/python3.12/site-packages:/home/user/celluleflexible_en_cours_ROS2/ros_ws/install/commande_locale/lib/python3.12/site-packages:/opt/ros/jazzy/lib/python3.12/site-packages /usr/bin/cmake --install /home/user/celluleflexible_en_cours_ROS2/ros_ws/build/commande_locale
[0.953s] Level 1:colcon.colcon_core.environment:checking '/home/user/celluleflexible_en_cours_ROS2/ros_ws/install/commande_locale/lib'
[0.954s] Level 1:colcon.colcon_core.shell:create_environment_hook('commande_locale', 'ld_library_path_lib')
[0.954s] INFO:colcon.colcon_core.shell:Creating environment hook '/home/user/celluleflexible_en_cours_ROS2/ros_ws/install/commande_locale/share/commande_locale/hook/ld_library_path_lib.ps1'
[0.954s] INFO:colcon.colcon_core.shell:Creating environment descriptor '/home/user/celluleflexible_en_cours_ROS2/ros_ws/install/commande_locale/share/commande_locale/hook/ld_library_path_lib.dsv'
[0.954s] INFO:colcon.colcon_core.shell:Creating environment hook '/home/user/celluleflexible_en_cours_ROS2/ros_ws/install/commande_locale/share/commande_locale/hook/ld_library_path_lib.sh'
[0.955s] Level 1:colcon.colcon_core.environment:checking '/home/user/celluleflexible_en_cours_ROS2/ros_ws/install/commande_locale/bin'
[0.955s] Level 1:colcon.colcon_core.environment:checking '/home/user/celluleflexible_en_cours_ROS2/ros_ws/install/commande_locale/lib/pkgconfig/commande_locale.pc'
[0.955s] Level 1:colcon.colcon_core.environment:checking '/home/user/celluleflexible_en_cours_ROS2/ros_ws/install/commande_locale/lib/python3.12/site-packages'
[0.955s] Level 1:colcon.colcon_core.shell:create_environment_hook('commande_locale', 'pythonpath')
[0.955s] INFO:colcon.colcon_core.shell:Creating environment hook '/home/user/celluleflexible_en_cours_ROS2/ros_ws/install/commande_locale/share/commande_locale/hook/pythonpath.ps1'
[0.955s] INFO:colcon.colcon_core.shell:Creating environment descriptor '/home/user/celluleflexible_en_cours_ROS2/ros_ws/install/commande_locale/share/commande_locale/hook/pythonpath.dsv'
[0.956s] INFO:colcon.colcon_core.shell:Creating environment hook '/home/user/celluleflexible_en_cours_ROS2/ros_ws/install/commande_locale/share/commande_locale/hook/pythonpath.sh'
[0.957s] Level 1:colcon.colcon_core.environment:checking '/home/user/celluleflexible_en_cours_ROS2/ros_ws/install/commande_locale/bin'
[0.957s] INFO:colcon.colcon_core.shell:Creating package script '/home/user/celluleflexible_en_cours_ROS2/ros_ws/install/commande_locale/share/commande_locale/package.ps1'
[0.957s] INFO:colcon.colcon_core.shell:Creating package descriptor '/home/user/celluleflexible_en_cours_ROS2/ros_ws/install/commande_locale/share/commande_locale/package.dsv'
[0.958s] INFO:colcon.colcon_core.shell:Creating package script '/home/user/celluleflexible_en_cours_ROS2/ros_ws/install/commande_locale/share/commande_locale/package.sh'
[0.958s] INFO:colcon.colcon_core.shell:Creating package script '/home/user/celluleflexible_en_cours_ROS2/ros_ws/install/commande_locale/share/commande_locale/package.bash'
[0.958s] INFO:colcon.colcon_core.shell:Creating package script '/home/user/celluleflexible_en_cours_ROS2/ros_ws/install/commande_locale/share/commande_locale/package.zsh'
[0.959s] Level 1:colcon.colcon_core.environment:create_file_with_runtime_dependencies(/home/user/celluleflexible_en_cours_ROS2/ros_ws/install/commande_locale/share/colcon-core/packages/commande_locale)
[0.959s] Level 1:colcon.colcon_core.environment:create_environment_scripts_only(commande_locale)
[0.959s] Level 1:colcon.colcon_core.environment:checking '/home/user/celluleflexible_en_cours_ROS2/ros_ws/install/commande_locale' for CMake module files
[0.960s] Level 1:colcon.colcon_core.environment:checking '/home/user/celluleflexible_en_cours_ROS2/ros_ws/install/commande_locale' for CMake config files
[0.960s] Level 1:colcon.colcon_core.shell:create_environment_hook('commande_locale', 'cmake_prefix_path')
[0.960s] INFO:colcon.colcon_core.shell:Creating environment hook '/home/user/celluleflexible_en_cours_ROS2/ros_ws/install/commande_locale/share/commande_locale/hook/cmake_prefix_path.ps1'
[0.960s] INFO:colcon.colcon_core.shell:Creating environment descriptor '/home/user/celluleflexible_en_cours_ROS2/ros_ws/install/commande_locale/share/commande_locale/hook/cmake_prefix_path.dsv'
[0.960s] INFO:colcon.colcon_core.shell:Creating environment hook '/home/user/celluleflexible_en_cours_ROS2/ros_ws/install/commande_locale/share/commande_locale/hook/cmake_prefix_path.sh'
[0.961s] Level 1:colcon.colcon_core.environment:checking '/home/user/celluleflexible_en_cours_ROS2/ros_ws/install/commande_locale/lib'
[0.961s] Level 1:colcon.colcon_core.shell:create_environment_hook('commande_locale', 'ld_library_path_lib')
[0.961s] INFO:colcon.colcon_core.shell:Creating environment hook '/home/user/celluleflexible_en_cours_ROS2/ros_ws/install/commande_locale/share/commande_locale/hook/ld_library_path_lib.ps1'
[0.961s] INFO:colcon.colcon_core.shell:Creating environment descriptor '/home/user/celluleflexible_en_cours_ROS2/ros_ws/install/commande_locale/share/commande_locale/hook/ld_library_path_lib.dsv'
[0.962s] INFO:colcon.colcon_core.shell:Creating environment hook '/home/user/celluleflexible_en_cours_ROS2/ros_ws/install/commande_locale/share/commande_locale/hook/ld_library_path_lib.sh'
[0.962s] Level 1:colcon.colcon_core.environment:checking '/home/user/celluleflexible_en_cours_ROS2/ros_ws/install/commande_locale/bin'
[0.962s] Level 1:colcon.colcon_core.environment:checking '/home/user/celluleflexible_en_cours_ROS2/ros_ws/install/commande_locale/lib/pkgconfig/commande_locale.pc'
[0.962s] Level 1:colcon.colcon_core.environment:checking '/home/user/celluleflexible_en_cours_ROS2/ros_ws/install/commande_locale/lib/python3.12/site-packages'
[0.962s] Level 1:colcon.colcon_core.shell:create_environment_hook('commande_locale', 'pythonpath')
[0.962s] INFO:colcon.colcon_core.shell:Creating environment hook '/home/user/celluleflexible_en_cours_ROS2/ros_ws/install/commande_locale/share/commande_locale/hook/pythonpath.ps1'
[0.962s] INFO:colcon.colcon_core.shell:Creating environment descriptor '/home/user/celluleflexible_en_cours_ROS2/ros_ws/install/commande_locale/share/commande_locale/hook/pythonpath.dsv'
[0.963s] INFO:colcon.colcon_core.shell:Creating environment hook '/home/user/celluleflexible_en_cours_ROS2/ros_ws/install/commande_locale/share/commande_locale/hook/pythonpath.sh'
[0.964s] Level 1:colcon.colcon_core.environment:checking '/home/user/celluleflexible_en_cours_ROS2/ros_ws/install/commande_locale/bin'
[0.964s] INFO:colcon.colcon_core.shell:Creating package script '/home/user/celluleflexible_en_cours_ROS2/ros_ws/install/commande_locale/share/commande_locale/package.ps1'
[0.964s] INFO:colcon.colcon_core.shell:Creating package descriptor '/home/user/celluleflexible_en_cours_ROS2/ros_ws/install/commande_locale/share/commande_locale/package.dsv'
[0.964s] INFO:colcon.colcon_core.shell:Creating package script '/home/user/celluleflexible_en_cours_ROS2/ros_ws/install/commande_locale/share/commande_locale/package.sh'
[0.965s] INFO:colcon.colcon_core.shell:Creating package script '/home/user/celluleflexible_en_cours_ROS2/ros_ws/install/commande_locale/share/commande_locale/package.bash'
[0.965s] INFO:colcon.colcon_core.shell:Creating package script '/home/user/celluleflexible_en_cours_ROS2/ros_ws/install/commande_locale/share/commande_locale/package.zsh'
[0.965s] Level 1:colcon.colcon_core.environment:create_file_with_runtime_dependencies(/home/user/celluleflexible_en_cours_ROS2/ros_ws/install/commande_locale/share/colcon-core/packages/commande_locale)
[0.966s] INFO:colcon.colcon_ros.task.ament_cmake.build:Building ROS package in '/home/user/celluleflexible_en_cours_ROS2/ros_ws/src/robots' with build type 'ament_cmake'
[0.966s] INFO:colcon.colcon_cmake.task.cmake.build:Building CMake package in '/home/user/celluleflexible_en_cours_ROS2/ros_ws/src/robots'
[0.966s] INFO:colcon.colcon_core.shell:Skip shell extension 'powershell' for command environment: Not usable outside of PowerShell
[0.966s] DEBUG:colcon.colcon_core.shell:Skip shell extension 'dsv' for command environment
[0.990s] DEBUG:colcon.colcon_core.event_handler.log_command:Invoking command in '/home/user/celluleflexible_en_cours_ROS2/ros_ws/build/robots': CMAKE_PREFIX_PATH=/home/user/celluleflexible_en_cours_ROS2/ros_ws/install/shuttles:/home/user/celluleflexible_en_cours_ROS2/ros_ws/install/commande_locale:/home/user/celluleflexible_en_cours_ROS2/ros_ws/install/aiguillages:/home/user/celluleflexible_en_cours_ROS2/ros_ws/install/commande:/home/user/celluleflexible_en_cours_ROS2/ros_ws/install/robots:/home/user/celluleflexible_en_cours_ROS2/ros_ws/install/launcher:/opt/ros/jazzy/opt/gz_math_vendor:/opt/ros/jazzy/opt/gz_utils_vendor:/opt/ros/jazzy/opt/gz_cmake_vendor:/opt/ros/jazzy DEBUGINFOD_URLS=https://debuginfod.ubuntu.com LD_LIBRARY_PATH=/home/user/celluleflexible_en_cours_ROS2/ros_ws/install/shuttles/lib:/home/user/celluleflexible_en_cours_ROS2/ros_ws/install/commande_locale/lib:/home/user/celluleflexible_en_cours_ROS2/ros_ws/install/aiguillages/lib:/home/user/celluleflexible_en_cours_ROS2/ros_ws/install/robots/lib:/opt/ros/jazzy/opt/rviz_ogre_vendor/lib:/opt/ros/jazzy/lib/x86_64-linux-gnu:/opt/ros/jazzy/opt/gz_math_vendor/lib:/opt/ros/jazzy/opt/gz_utils_vendor/lib:/opt/ros/jazzy/opt/gz_cmake_vendor/lib:/opt/ros/jazzy/lib PYTHONPATH=/home/user/celluleflexible_en_cours_ROS2/ros_ws/install/shuttles/lib/python3.12/site-packages:/home/user/celluleflexible_en_cours_ROS2/ros_ws/install/commande_locale/lib/python3.12/site-packages:/home/user/celluleflexible_en_cours_ROS2/ros_ws/install/aiguillages/lib/python3.12/site-packages:/home/user/celluleflexible_en_cours_ROS2/ros_ws/install/robots/lib/python3.12/site-packages:/opt/ros/jazzy/lib/python3.12/site-packages /usr/bin/cmake --build /home/user/celluleflexible_en_cours_ROS2/ros_ws/build/robots -- -j8 -l8
[1.329s] DEBUG:colcon.colcon_core.event_handler.log_command:Invoked command in '/home/user/celluleflexible_en_cours_ROS2/ros_ws/build/robots' returned '0': CMAKE_PREFIX_PATH=/home/user/celluleflexible_en_cours_ROS2/ros_ws/install/shuttles:/home/user/celluleflexible_en_cours_ROS2/ros_ws/install/commande_locale:/home/user/celluleflexible_en_cours_ROS2/ros_ws/install/aiguillages:/home/user/celluleflexible_en_cours_ROS2/ros_ws/install/commande:/home/user/celluleflexible_en_cours_ROS2/ros_ws/install/robots:/home/user/celluleflexible_en_cours_ROS2/ros_ws/install/launcher:/opt/ros/jazzy/opt/gz_math_vendor:/opt/ros/jazzy/opt/gz_utils_vendor:/opt/ros/jazzy/opt/gz_cmake_vendor:/opt/ros/jazzy DEBUGINFOD_URLS=https://debuginfod.ubuntu.com LD_LIBRARY_PATH=/home/user/celluleflexible_en_cours_ROS2/ros_ws/install/shuttles/lib:/home/user/celluleflexible_en_cours_ROS2/ros_ws/install/commande_locale/lib:/home/user/celluleflexible_en_cours_ROS2/ros_ws/install/aiguillages/lib:/home/user/celluleflexible_en_cours_ROS2/ros_ws/install/robots/lib:/opt/ros/jazzy/opt/rviz_ogre_vendor/lib:/opt/ros/jazzy/lib/x86_64-linux-gnu:/opt/ros/jazzy/opt/gz_math_vendor/lib:/opt/ros/jazzy/opt/gz_utils_vendor/lib:/opt/ros/jazzy/opt/gz_cmake_vendor/lib:/opt/ros/jazzy/lib PYTHONPATH=/home/user/celluleflexible_en_cours_ROS2/ros_ws/install/shuttles/lib/python3.12/site-packages:/home/user/celluleflexible_en_cours_ROS2/ros_ws/install/commande_locale/lib/python3.12/site-packages:/home/user/celluleflexible_en_cours_ROS2/ros_ws/install/aiguillages/lib/python3.12/site-packages:/home/user/celluleflexible_en_cours_ROS2/ros_ws/install/robots/lib/python3.12/site-packages:/opt/ros/jazzy/lib/python3.12/site-packages /usr/bin/cmake --build /home/user/celluleflexible_en_cours_ROS2/ros_ws/build/robots -- -j8 -l8
[1.330s] DEBUG:colcon.colcon_core.event_handler.log_command:Invoking command in '/home/user/celluleflexible_en_cours_ROS2/ros_ws/build/robots': CMAKE_PREFIX_PATH=/home/user/celluleflexible_en_cours_ROS2/ros_ws/install/shuttles:/home/user/celluleflexible_en_cours_ROS2/ros_ws/install/commande_locale:/home/user/celluleflexible_en_cours_ROS2/ros_ws/install/aiguillages:/home/user/celluleflexible_en_cours_ROS2/ros_ws/install/commande:/home/user/celluleflexible_en_cours_ROS2/ros_ws/install/robots:/home/user/celluleflexible_en_cours_ROS2/ros_ws/install/launcher:/opt/ros/jazzy/opt/gz_math_vendor:/opt/ros/jazzy/opt/gz_utils_vendor:/opt/ros/jazzy/opt/gz_cmake_vendor:/opt/ros/jazzy DEBUGINFOD_URLS=https://debuginfod.ubuntu.com LD_LIBRARY_PATH=/home/user/celluleflexible_en_cours_ROS2/ros_ws/install/shuttles/lib:/home/user/celluleflexible_en_cours_ROS2/ros_ws/install/commande_locale/lib:/home/user/celluleflexible_en_cours_ROS2/ros_ws/install/aiguillages/lib:/home/user/celluleflexible_en_cours_ROS2/ros_ws/install/robots/lib:/opt/ros/jazzy/opt/rviz_ogre_vendor/lib:/opt/ros/jazzy/lib/x86_64-linux-gnu:/opt/ros/jazzy/opt/gz_math_vendor/lib:/opt/ros/jazzy/opt/gz_utils_vendor/lib:/opt/ros/jazzy/opt/gz_cmake_vendor/lib:/opt/ros/jazzy/lib PYTHONPATH=/home/user/celluleflexible_en_cours_ROS2/ros_ws/install/shuttles/lib/python3.12/site-packages:/home/user/celluleflexible_en_cours_ROS2/ros_ws/install/commande_locale/lib/python3.12/site-packages:/home/user/celluleflexible_en_cours_ROS2/ros_ws/install/aiguillages/lib/python3.12/site-packages:/home/user/celluleflexible_en_cours_ROS2/ros_ws/install/robots/lib/python3.12/site-packages:/opt/ros/jazzy/lib/python3.12/site-packages /usr/bin/cmake --install /home/user/celluleflexible_en_cours_ROS2/ros_ws/build/robots
[1.370s] Level 1:colcon.colcon_core.environment:create_environment_scripts_only(robots)
[1.370s] Level 1:colcon.colcon_core.environment:checking '/home/user/celluleflexible_en_cours_ROS2/ros_ws/install/robots' for CMake module files
[1.371s] DEBUG:colcon.colcon_core.event_handler.log_command:Invoked command in '/home/user/celluleflexible_en_cours_ROS2/ros_ws/build/robots' returned '0': CMAKE_PREFIX_PATH=/home/user/celluleflexible_en_cours_ROS2/ros_ws/install/shuttles:/home/user/celluleflexible_en_cours_ROS2/ros_ws/install/commande_locale:/home/user/celluleflexible_en_cours_ROS2/ros_ws/install/aiguillages:/home/user/celluleflexible_en_cours_ROS2/ros_ws/install/commande:/home/user/celluleflexible_en_cours_ROS2/ros_ws/install/robots:/home/user/celluleflexible_en_cours_ROS2/ros_ws/install/launcher:/opt/ros/jazzy/opt/gz_math_vendor:/opt/ros/jazzy/opt/gz_utils_vendor:/opt/ros/jazzy/opt/gz_cmake_vendor:/opt/ros/jazzy DEBUGINFOD_URLS=https://debuginfod.ubuntu.com LD_LIBRARY_PATH=/home/user/celluleflexible_en_cours_ROS2/ros_ws/install/shuttles/lib:/home/user/celluleflexible_en_cours_ROS2/ros_ws/install/commande_locale/lib:/home/user/celluleflexible_en_cours_ROS2/ros_ws/install/aiguillages/lib:/home/user/celluleflexible_en_cours_ROS2/ros_ws/install/robots/lib:/opt/ros/jazzy/opt/rviz_ogre_vendor/lib:/opt/ros/jazzy/lib/x86_64-linux-gnu:/opt/ros/jazzy/opt/gz_math_vendor/lib:/opt/ros/jazzy/opt/gz_utils_vendor/lib:/opt/ros/jazzy/opt/gz_cmake_vendor/lib:/opt/ros/jazzy/lib PYTHONPATH=/home/user/celluleflexible_en_cours_ROS2/ros_ws/install/shuttles/lib/python3.12/site-packages:/home/user/celluleflexible_en_cours_ROS2/ros_ws/install/commande_locale/lib/python3.12/site-packages:/home/user/celluleflexible_en_cours_ROS2/ros_ws/install/aiguillages/lib/python3.12/site-packages:/home/user/celluleflexible_en_cours_ROS2/ros_ws/install/robots/lib/python3.12/site-packages:/opt/ros/jazzy/lib/python3.12/site-packages /usr/bin/cmake --install /home/user/celluleflexible_en_cours_ROS2/ros_ws/build/robots
[1.371s] Level 1:colcon.colcon_core.environment:checking '/home/user/celluleflexible_en_cours_ROS2/ros_ws/install/robots' for CMake config files
[1.371s] Level 1:colcon.colcon_core.shell:create_environment_hook('robots', 'cmake_prefix_path')
[1.371s] INFO:colcon.colcon_core.shell:Creating environment hook '/home/user/celluleflexible_en_cours_ROS2/ros_ws/install/robots/share/robots/hook/cmake_prefix_path.ps1'
[1.371s] INFO:colcon.colcon_core.shell:Creating environment descriptor '/home/user/celluleflexible_en_cours_ROS2/ros_ws/install/robots/share/robots/hook/cmake_prefix_path.dsv'
[1.372s] INFO:colcon.colcon_core.shell:Creating environment hook '/home/user/celluleflexible_en_cours_ROS2/ros_ws/install/robots/share/robots/hook/cmake_prefix_path.sh'
[1.372s] Level 1:colcon.colcon_core.environment:checking '/home/user/celluleflexible_en_cours_ROS2/ros_ws/install/robots/lib'
[1.372s] Level 1:colcon.colcon_core.shell:create_environment_hook('robots', 'ld_library_path_lib')
[1.373s] INFO:colcon.colcon_core.shell:Creating environment hook '/home/user/celluleflexible_en_cours_ROS2/ros_ws/install/robots/share/robots/hook/ld_library_path_lib.ps1'
[1.373s] INFO:colcon.colcon_core.shell:Creating environment descriptor '/home/user/celluleflexible_en_cours_ROS2/ros_ws/install/robots/share/robots/hook/ld_library_path_lib.dsv'
[1.373s] INFO:colcon.colcon_core.shell:Creating environment hook '/home/user/celluleflexible_en_cours_ROS2/ros_ws/install/robots/share/robots/hook/ld_library_path_lib.sh'
[1.374s] Level 1:colcon.colcon_core.environment:checking '/home/user/celluleflexible_en_cours_ROS2/ros_ws/install/robots/bin'
[1.374s] Level 1:colcon.colcon_core.environment:checking '/home/user/celluleflexible_en_cours_ROS2/ros_ws/install/robots/lib/pkgconfig/robots.pc'
[1.374s] Level 1:colcon.colcon_core.environment:checking '/home/user/celluleflexible_en_cours_ROS2/ros_ws/install/robots/lib/python3.12/site-packages'
[1.374s] Level 1:colcon.colcon_core.shell:create_environment_hook('robots', 'pythonpath')
[1.374s] INFO:colcon.colcon_core.shell:Creating environment hook '/home/user/celluleflexible_en_cours_ROS2/ros_ws/install/robots/share/robots/hook/pythonpath.ps1'
[1.375s] INFO:colcon.colcon_core.shell:Creating environment descriptor '/home/user/celluleflexible_en_cours_ROS2/ros_ws/install/robots/share/robots/hook/pythonpath.dsv'
[1.375s] INFO:colcon.colcon_core.shell:Creating environment hook '/home/user/celluleflexible_en_cours_ROS2/ros_ws/install/robots/share/robots/hook/pythonpath.sh'
[1.376s] Level 1:colcon.colcon_core.environment:checking '/home/user/celluleflexible_en_cours_ROS2/ros_ws/install/robots/bin'
[1.376s] INFO:colcon.colcon_core.shell:Creating package script '/home/user/celluleflexible_en_cours_ROS2/ros_ws/install/robots/share/robots/package.ps1'
[1.376s] INFO:colcon.colcon_core.shell:Creating package descriptor '/home/user/celluleflexible_en_cours_ROS2/ros_ws/install/robots/share/robots/package.dsv'
[1.376s] INFO:colcon.colcon_core.shell:Creating package script '/home/user/celluleflexible_en_cours_ROS2/ros_ws/install/robots/share/robots/package.sh'
[1.377s] INFO:colcon.colcon_core.shell:Creating package script '/home/user/celluleflexible_en_cours_ROS2/ros_ws/install/robots/share/robots/package.bash'
[1.377s] INFO:colcon.colcon_core.shell:Creating package script '/home/user/celluleflexible_en_cours_ROS2/ros_ws/install/robots/share/robots/package.zsh'
[1.377s] Level 1:colcon.colcon_core.environment:create_file_with_runtime_dependencies(/home/user/celluleflexible_en_cours_ROS2/ros_ws/install/robots/share/colcon-core/packages/robots)
[1.378s] Level 1:colcon.colcon_core.environment:create_environment_scripts_only(robots)
[1.378s] Level 1:colcon.colcon_core.environment:checking '/home/user/celluleflexible_en_cours_ROS2/ros_ws/install/robots' for CMake module files
[1.378s] Level 1:colcon.colcon_core.environment:checking '/home/user/celluleflexible_en_cours_ROS2/ros_ws/install/robots' for CMake config files
[1.378s] Level 1:colcon.colcon_core.shell:create_environment_hook('robots', 'cmake_prefix_path')
[1.378s] INFO:colcon.colcon_core.shell:Creating environment hook '/home/user/celluleflexible_en_cours_ROS2/ros_ws/install/robots/share/robots/hook/cmake_prefix_path.ps1'
[1.379s] INFO:colcon.colcon_core.shell:Creating environment descriptor '/home/user/celluleflexible_en_cours_ROS2/ros_ws/install/robots/share/robots/hook/cmake_prefix_path.dsv'
[1.379s] INFO:colcon.colcon_core.shell:Creating environment hook '/home/user/celluleflexible_en_cours_ROS2/ros_ws/install/robots/share/robots/hook/cmake_prefix_path.sh'
[1.379s] Level 1:colcon.colcon_core.environment:checking '/home/user/celluleflexible_en_cours_ROS2/ros_ws/install/robots/lib'
[1.379s] Level 1:colcon.colcon_core.shell:create_environment_hook('robots', 'ld_library_path_lib')
[1.380s] INFO:colcon.colcon_core.shell:Creating environment hook '/home/user/celluleflexible_en_cours_ROS2/ros_ws/install/robots/share/robots/hook/ld_library_path_lib.ps1'
[1.380s] INFO:colcon.colcon_core.shell:Creating environment descriptor '/home/user/celluleflexible_en_cours_ROS2/ros_ws/install/robots/share/robots/hook/ld_library_path_lib.dsv'
[1.380s] INFO:colcon.colcon_core.shell:Creating environment hook '/home/user/celluleflexible_en_cours_ROS2/ros_ws/install/robots/share/robots/hook/ld_library_path_lib.sh'
[1.380s] Level 1:colcon.colcon_core.environment:checking '/home/user/celluleflexible_en_cours_ROS2/ros_ws/install/robots/bin'
[1.380s] Level 1:colcon.colcon_core.environment:checking '/home/user/celluleflexible_en_cours_ROS2/ros_ws/install/robots/lib/pkgconfig/robots.pc'
[1.381s] Level 1:colcon.colcon_core.environment:checking '/home/user/celluleflexible_en_cours_ROS2/ros_ws/install/robots/lib/python3.12/site-packages'
[1.381s] Level 1:colcon.colcon_core.shell:create_environment_hook('robots', 'pythonpath')
[1.381s] INFO:colcon.colcon_core.shell:Creating environment hook '/home/user/celluleflexible_en_cours_ROS2/ros_ws/install/robots/share/robots/hook/pythonpath.ps1'
[1.381s] INFO:colcon.colcon_core.shell:Creating environment descriptor '/home/user/celluleflexible_en_cours_ROS2/ros_ws/install/robots/share/robots/hook/pythonpath.dsv'
[1.381s] INFO:colcon.colcon_core.shell:Creating environment hook '/home/user/celluleflexible_en_cours_ROS2/ros_ws/install/robots/share/robots/hook/pythonpath.sh'
[1.382s] Level 1:colcon.colcon_core.environment:checking '/home/user/celluleflexible_en_cours_ROS2/ros_ws/install/robots/bin'
[1.382s] INFO:colcon.colcon_core.shell:Creating package script '/home/user/celluleflexible_en_cours_ROS2/ros_ws/install/robots/share/robots/package.ps1'
[1.382s] INFO:colcon.colcon_core.shell:Creating package descriptor '/home/user/celluleflexible_en_cours_ROS2/ros_ws/install/robots/share/robots/package.dsv'
[1.383s] INFO:colcon.colcon_core.shell:Creating package script '/home/user/celluleflexible_en_cours_ROS2/ros_ws/install/robots/share/robots/package.sh'
[1.383s] INFO:colcon.colcon_core.shell:Creating package script '/home/user/celluleflexible_en_cours_ROS2/ros_ws/install/robots/share/robots/package.bash'
[1.384s] INFO:colcon.colcon_core.shell:Creating package script '/home/user/celluleflexible_en_cours_ROS2/ros_ws/install/robots/share/robots/package.zsh'
[1.384s] Level 1:colcon.colcon_core.environment:create_file_with_runtime_dependencies(/home/user/celluleflexible_en_cours_ROS2/ros_ws/install/robots/share/colcon-core/packages/robots)
[1.384s] INFO:colcon.colcon_ros.task.ament_cmake.build:Building ROS package in '/home/user/celluleflexible_en_cours_ROS2/ros_ws/src/commande' with build type 'ament_cmake'
[1.384s] INFO:colcon.colcon_cmake.task.cmake.build:Building CMake package in '/home/user/celluleflexible_en_cours_ROS2/ros_ws/src/commande'
[1.385s] INFO:colcon.colcon_core.shell:Skip shell extension 'powershell' for command environment: Not usable outside of PowerShell
[1.385s] DEBUG:colcon.colcon_core.shell:Skip shell extension 'dsv' for command environment
[1.411s] DEBUG:colcon.colcon_core.event_handler.log_command:Invoking command in '/home/user/celluleflexible_en_cours_ROS2/ros_ws/build/commande': CMAKE_PREFIX_PATH=/home/user/celluleflexible_en_cours_ROS2/ros_ws/install/robots:/home/user/celluleflexible_en_cours_ROS2/ros_ws/install/shuttles:/home/user/celluleflexible_en_cours_ROS2/ros_ws/install/commande_locale:/home/user/celluleflexible_en_cours_ROS2/ros_ws/install/aiguillages:/home/user/celluleflexible_en_cours_ROS2/ros_ws/install/commande:/home/user/celluleflexible_en_cours_ROS2/ros_ws/install/launcher:/opt/ros/jazzy/opt/gz_math_vendor:/opt/ros/jazzy/opt/gz_utils_vendor:/opt/ros/jazzy/opt/gz_cmake_vendor:/opt/ros/jazzy DEBUGINFOD_URLS=https://debuginfod.ubuntu.com LD_LIBRARY_PATH=/home/user/celluleflexible_en_cours_ROS2/ros_ws/install/robots/lib:/home/user/celluleflexible_en_cours_ROS2/ros_ws/install/shuttles/lib:/home/user/celluleflexible_en_cours_ROS2/ros_ws/install/commande_locale/lib:/home/user/celluleflexible_en_cours_ROS2/ros_ws/install/aiguillages/lib:/opt/ros/jazzy/opt/rviz_ogre_vendor/lib:/opt/ros/jazzy/lib/x86_64-linux-gnu:/opt/ros/jazzy/opt/gz_math_vendor/lib:/opt/ros/jazzy/opt/gz_utils_vendor/lib:/opt/ros/jazzy/opt/gz_cmake_vendor/lib:/opt/ros/jazzy/lib PYTHONPATH=/home/user/celluleflexible_en_cours_ROS2/ros_ws/install/robots/lib/python3.12/site-packages:/home/user/celluleflexible_en_cours_ROS2/ros_ws/install/shuttles/lib/python3.12/site-packages:/home/user/celluleflexible_en_cours_ROS2/ros_ws/install/commande_locale/lib/python3.12/site-packages:/home/user/celluleflexible_en_cours_ROS2/ros_ws/install/aiguillages/lib/python3.12/site-packages:/opt/ros/jazzy/lib/python3.12/site-packages /usr/bin/cmake --build /home/user/celluleflexible_en_cours_ROS2/ros_ws/build/commande -- -j8 -l8
[9.014s] DEBUG:colcon.colcon_core.event_handler.log_command:Invoked command in '/home/user/celluleflexible_en_cours_ROS2/ros_ws/build/commande' returned '0': CMAKE_PREFIX_PATH=/home/user/celluleflexible_en_cours_ROS2/ros_ws/install/robots:/home/user/celluleflexible_en_cours_ROS2/ros_ws/install/shuttles:/home/user/celluleflexible_en_cours_ROS2/ros_ws/install/commande_locale:/home/user/celluleflexible_en_cours_ROS2/ros_ws/install/aiguillages:/home/user/celluleflexible_en_cours_ROS2/ros_ws/install/commande:/home/user/celluleflexible_en_cours_ROS2/ros_ws/install/launcher:/opt/ros/jazzy/opt/gz_math_vendor:/opt/ros/jazzy/opt/gz_utils_vendor:/opt/ros/jazzy/opt/gz_cmake_vendor:/opt/ros/jazzy DEBUGINFOD_URLS=https://debuginfod.ubuntu.com LD_LIBRARY_PATH=/home/user/celluleflexible_en_cours_ROS2/ros_ws/install/robots/lib:/home/user/celluleflexible_en_cours_ROS2/ros_ws/install/shuttles/lib:/home/user/celluleflexible_en_cours_ROS2/ros_ws/install/commande_locale/lib:/home/user/celluleflexible_en_cours_ROS2/ros_ws/install/aiguillages/lib:/opt/ros/jazzy/opt/rviz_ogre_vendor/lib:/opt/ros/jazzy/lib/x86_64-linux-gnu:/opt/ros/jazzy/opt/gz_math_vendor/lib:/opt/ros/jazzy/opt/gz_utils_vendor/lib:/opt/ros/jazzy/opt/gz_cmake_vendor/lib:/opt/ros/jazzy/lib PYTHONPATH=/home/user/celluleflexible_en_cours_ROS2/ros_ws/install/robots/lib/python3.12/site-packages:/home/user/celluleflexible_en_cours_ROS2/ros_ws/install/shuttles/lib/python3.12/site-packages:/home/user/celluleflexible_en_cours_ROS2/ros_ws/install/commande_locale/lib/python3.12/site-packages:/home/user/celluleflexible_en_cours_ROS2/ros_ws/install/aiguillages/lib/python3.12/site-packages:/opt/ros/jazzy/lib/python3.12/site-packages /usr/bin/cmake --build /home/user/celluleflexible_en_cours_ROS2/ros_ws/build/commande -- -j8 -l8
[9.014s] DEBUG:colcon.colcon_core.event_handler.log_command:Invoking command in '/home/user/celluleflexible_en_cours_ROS2/ros_ws/build/commande': CMAKE_PREFIX_PATH=/home/user/celluleflexible_en_cours_ROS2/ros_ws/install/robots:/home/user/celluleflexible_en_cours_ROS2/ros_ws/install/shuttles:/home/user/celluleflexible_en_cours_ROS2/ros_ws/install/commande_locale:/home/user/celluleflexible_en_cours_ROS2/ros_ws/install/aiguillages:/home/user/celluleflexible_en_cours_ROS2/ros_ws/install/commande:/home/user/celluleflexible_en_cours_ROS2/ros_ws/install/launcher:/opt/ros/jazzy/opt/gz_math_vendor:/opt/ros/jazzy/opt/gz_utils_vendor:/opt/ros/jazzy/opt/gz_cmake_vendor:/opt/ros/jazzy DEBUGINFOD_URLS=https://debuginfod.ubuntu.com LD_LIBRARY_PATH=/home/user/celluleflexible_en_cours_ROS2/ros_ws/install/robots/lib:/home/user/celluleflexible_en_cours_ROS2/ros_ws/install/shuttles/lib:/home/user/celluleflexible_en_cours_ROS2/ros_ws/install/commande_locale/lib:/home/user/celluleflexible_en_cours_ROS2/ros_ws/install/aiguillages/lib:/opt/ros/jazzy/opt/rviz_ogre_vendor/lib:/opt/ros/jazzy/lib/x86_64-linux-gnu:/opt/ros/jazzy/opt/gz_math_vendor/lib:/opt/ros/jazzy/opt/gz_utils_vendor/lib:/opt/ros/jazzy/opt/gz_cmake_vendor/lib:/opt/ros/jazzy/lib PYTHONPATH=/home/user/celluleflexible_en_cours_ROS2/ros_ws/install/robots/lib/python3.12/site-packages:/home/user/celluleflexible_en_cours_ROS2/ros_ws/install/shuttles/lib/python3.12/site-packages:/home/user/celluleflexible_en_cours_ROS2/ros_ws/install/commande_locale/lib/python3.12/site-packages:/home/user/celluleflexible_en_cours_ROS2/ros_ws/install/aiguillages/lib/python3.12/site-packages:/opt/ros/jazzy/lib/python3.12/site-packages /usr/bin/cmake --install /home/user/celluleflexible_en_cours_ROS2/ros_ws/build/commande
[9.044s] Level 1:colcon.colcon_core.environment:create_environment_scripts_only(commande)
[9.044s] Level 1:colcon.colcon_core.environment:checking '/home/user/celluleflexible_en_cours_ROS2/ros_ws/install/commande' for CMake module files
[9.044s] DEBUG:colcon.colcon_core.event_handler.log_command:Invoked command in '/home/user/celluleflexible_en_cours_ROS2/ros_ws/build/commande' returned '0': CMAKE_PREFIX_PATH=/home/user/celluleflexible_en_cours_ROS2/ros_ws/install/robots:/home/user/celluleflexible_en_cours_ROS2/ros_ws/install/shuttles:/home/user/celluleflexible_en_cours_ROS2/ros_ws/install/commande_locale:/home/user/celluleflexible_en_cours_ROS2/ros_ws/install/aiguillages:/home/user/celluleflexible_en_cours_ROS2/ros_ws/install/commande:/home/user/celluleflexible_en_cours_ROS2/ros_ws/install/launcher:/opt/ros/jazzy/opt/gz_math_vendor:/opt/ros/jazzy/opt/gz_utils_vendor:/opt/ros/jazzy/opt/gz_cmake_vendor:/opt/ros/jazzy DEBUGINFOD_URLS=https://debuginfod.ubuntu.com LD_LIBRARY_PATH=/home/user/celluleflexible_en_cours_ROS2/ros_ws/install/robots/lib:/home/user/celluleflexible_en_cours_ROS2/ros_ws/install/shuttles/lib:/home/user/celluleflexible_en_cours_ROS2/ros_ws/install/commande_locale/lib:/home/user/celluleflexible_en_cours_ROS2/ros_ws/install/aiguillages/lib:/opt/ros/jazzy/opt/rviz_ogre_vendor/lib:/opt/ros/jazzy/lib/x86_64-linux-gnu:/opt/ros/jazzy/opt/gz_math_vendor/lib:/opt/ros/jazzy/opt/gz_utils_vendor/lib:/opt/ros/jazzy/opt/gz_cmake_vendor/lib:/opt/ros/jazzy/lib PYTHONPATH=/home/user/celluleflexible_en_cours_ROS2/ros_ws/install/robots/lib/python3.12/site-packages:/home/user/celluleflexible_en_cours_ROS2/ros_ws/install/shuttles/lib/python3.12/site-packages:/home/user/celluleflexible_en_cours_ROS2/ros_ws/install/commande_locale/lib/python3.12/site-packages:/home/user/celluleflexible_en_cours_ROS2/ros_ws/install/aiguillages/lib/python3.12/site-packages:/opt/ros/jazzy/lib/python3.12/site-packages /usr/bin/cmake --install /home/user/celluleflexible_en_cours_ROS2/ros_ws/build/commande
[9.045s] Level 1:colcon.colcon_core.environment:checking '/home/user/celluleflexible_en_cours_ROS2/ros_ws/install/commande' for CMake config files
[9.045s] Level 1:colcon.colcon_core.shell:create_environment_hook('commande', 'cmake_prefix_path')
[9.045s] INFO:colcon.colcon_core.shell:Creating environment hook '/home/user/celluleflexible_en_cours_ROS2/ros_ws/install/commande/share/commande/hook/cmake_prefix_path.ps1'
[9.045s] INFO:colcon.colcon_core.shell:Creating environment descriptor '/home/user/celluleflexible_en_cours_ROS2/ros_ws/install/commande/share/commande/hook/cmake_prefix_path.dsv'
[9.046s] INFO:colcon.colcon_core.shell:Creating environment hook '/home/user/celluleflexible_en_cours_ROS2/ros_ws/install/commande/share/commande/hook/cmake_prefix_path.sh'
[9.047s] Level 1:colcon.colcon_core.environment:checking '/home/user/celluleflexible_en_cours_ROS2/ros_ws/install/commande/lib'
[9.047s] Level 1:colcon.colcon_core.environment:checking '/home/user/celluleflexible_en_cours_ROS2/ros_ws/install/commande/bin'
[9.047s] Level 1:colcon.colcon_core.environment:checking '/home/user/celluleflexible_en_cours_ROS2/ros_ws/install/commande/lib/pkgconfig/commande.pc'
[9.047s] Level 1:colcon.colcon_core.environment:checking '/home/user/celluleflexible_en_cours_ROS2/ros_ws/install/commande/lib/python3.12/site-packages'
[9.047s] Level 1:colcon.colcon_core.environment:checking '/home/user/celluleflexible_en_cours_ROS2/ros_ws/install/commande/bin'
[9.047s] INFO:colcon.colcon_core.shell:Creating package script '/home/user/celluleflexible_en_cours_ROS2/ros_ws/install/commande/share/commande/package.ps1'
[9.048s] INFO:colcon.colcon_core.shell:Creating package descriptor '/home/user/celluleflexible_en_cours_ROS2/ros_ws/install/commande/share/commande/package.dsv'
[9.048s] INFO:colcon.colcon_core.shell:Creating package script '/home/user/celluleflexible_en_cours_ROS2/ros_ws/install/commande/share/commande/package.sh'
[9.048s] INFO:colcon.colcon_core.shell:Creating package script '/home/user/celluleflexible_en_cours_ROS2/ros_ws/install/commande/share/commande/package.bash'
[9.050s] INFO:colcon.colcon_core.shell:Creating package script '/home/user/celluleflexible_en_cours_ROS2/ros_ws/install/commande/share/commande/package.zsh'
[9.050s] Level 1:colcon.colcon_core.environment:create_file_with_runtime_dependencies(/home/user/celluleflexible_en_cours_ROS2/ros_ws/install/commande/share/colcon-core/packages/commande)
[9.051s] Level 1:colcon.colcon_core.environment:create_environment_scripts_only(commande)
[9.051s] Level 1:colcon.colcon_core.environment:checking '/home/user/celluleflexible_en_cours_ROS2/ros_ws/install/commande' for CMake module files
[9.051s] Level 1:colcon.colcon_core.environment:checking '/home/user/celluleflexible_en_cours_ROS2/ros_ws/install/commande' for CMake config files
[9.051s] Level 1:colcon.colcon_core.shell:create_environment_hook('commande', 'cmake_prefix_path')
[9.051s] INFO:colcon.colcon_core.shell:Creating environment hook '/home/user/celluleflexible_en_cours_ROS2/ros_ws/install/commande/share/commande/hook/cmake_prefix_path.ps1'
[9.051s] INFO:colcon.colcon_core.shell:Creating environment descriptor '/home/user/celluleflexible_en_cours_ROS2/ros_ws/install/commande/share/commande/hook/cmake_prefix_path.dsv'
[9.052s] INFO:colcon.colcon_core.shell:Creating environment hook '/home/user/celluleflexible_en_cours_ROS2/ros_ws/install/commande/share/commande/hook/cmake_prefix_path.sh'
[9.052s] Level 1:colcon.colcon_core.environment:checking '/home/user/celluleflexible_en_cours_ROS2/ros_ws/install/commande/lib'
[9.052s] Level 1:colcon.colcon_core.environment:checking '/home/user/celluleflexible_en_cours_ROS2/ros_ws/install/commande/bin'
[9.052s] Level 1:colcon.colcon_core.environment:checking '/home/user/celluleflexible_en_cours_ROS2/ros_ws/install/commande/lib/pkgconfig/commande.pc'
[9.052s] Level 1:colcon.colcon_core.environment:checking '/home/user/celluleflexible_en_cours_ROS2/ros_ws/install/commande/lib/python3.12/site-packages'
[9.053s] Level 1:colcon.colcon_core.environment:checking '/home/user/celluleflexible_en_cours_ROS2/ros_ws/install/commande/bin'
[9.053s] INFO:colcon.colcon_core.shell:Creating package script '/home/user/celluleflexible_en_cours_ROS2/ros_ws/install/commande/share/commande/package.ps1'
[9.053s] INFO:colcon.colcon_core.shell:Creating package descriptor '/home/user/celluleflexible_en_cours_ROS2/ros_ws/install/commande/share/commande/package.dsv'
[9.053s] INFO:colcon.colcon_core.shell:Creating package script '/home/user/celluleflexible_en_cours_ROS2/ros_ws/install/commande/share/commande/package.sh'
[9.054s] INFO:colcon.colcon_core.shell:Creating package script '/home/user/celluleflexible_en_cours_ROS2/ros_ws/install/commande/share/commande/package.bash'
[9.054s] INFO:colcon.colcon_core.shell:Creating package script '/home/user/celluleflexible_en_cours_ROS2/ros_ws/install/commande/share/commande/package.zsh'
[9.054s] Level 1:colcon.colcon_core.environment:create_file_with_runtime_dependencies(/home/user/celluleflexible_en_cours_ROS2/ros_ws/install/commande/share/colcon-core/packages/commande)
[9.055s] DEBUG:colcon.colcon_parallel_executor.executor.parallel:closing loop
[9.055s] DEBUG:colcon.colcon_parallel_executor.executor.parallel:loop closed
[9.055s] DEBUG:colcon.colcon_parallel_executor.executor.parallel:run_until_complete finished with '0'
[9.055s] DEBUG:colcon.colcon_core.event_reactor:joining thread
[9.075s] INFO:colcon.colcon_core.plugin_system:Skipping extension 'colcon_notification.desktop_notification.terminal_notifier': Not used on non-Darwin systems
[9.075s] INFO:colcon.colcon_core.plugin_system:Skipping extension 'colcon_notification.desktop_notification.win32': Not used on non-Windows systems
[9.075s] INFO:colcon.colcon_notification.desktop_notification:Sending desktop notification using 'notify2'
[9.089s] DEBUG:colcon.colcon_core.event_reactor:joined thread
[9.089s] INFO:colcon.colcon_core.shell:Creating prefix script '/home/user/celluleflexible_en_cours_ROS2/ros_ws/install/local_setup.ps1'
[9.090s] INFO:colcon.colcon_core.shell:Creating prefix util module '/home/user/celluleflexible_en_cours_ROS2/ros_ws/install/_local_setup_util_ps1.py'
[9.091s] INFO:colcon.colcon_core.shell:Creating prefix chain script '/home/user/celluleflexible_en_cours_ROS2/ros_ws/install/setup.ps1'
[9.092s] INFO:colcon.colcon_core.shell:Creating prefix script '/home/user/celluleflexible_en_cours_ROS2/ros_ws/install/local_setup.sh'
[9.093s] INFO:colcon.colcon_core.shell:Creating prefix util module '/home/user/celluleflexible_en_cours_ROS2/ros_ws/install/_local_setup_util_sh.py'
[9.093s] INFO:colcon.colcon_core.shell:Creating prefix chain script '/home/user/celluleflexible_en_cours_ROS2/ros_ws/install/setup.sh'
[9.094s] INFO:colcon.colcon_core.shell:Creating prefix script '/home/user/celluleflexible_en_cours_ROS2/ros_ws/install/local_setup.bash'
[9.094s] INFO:colcon.colcon_core.shell:Creating prefix chain script '/home/user/celluleflexible_en_cours_ROS2/ros_ws/install/setup.bash'
[9.095s] INFO:colcon.colcon_core.shell:Creating prefix script '/home/user/celluleflexible_en_cours_ROS2/ros_ws/install/local_setup.zsh'
[9.096s] INFO:colcon.colcon_core.shell:Creating prefix chain script '/home/user/celluleflexible_en_cours_ROS2/ros_ws/install/setup.zsh'
