[0.513s] DEBUG:colcon:Command line arguments: ['/usr/bin/colcon', 'build', '--packages-select', 'sim_ros2_interface', '--symlink-install']
[0.513s] DEBUG:colcon:Parsed command line arguments: Namespace(log_base=None, log_level=None, verb_name='build', build_base='build', install_base='install', merge_install=False, symlink_install=True, test_result_base=None, continue_on_error=False, executor='parallel', parallel_workers=4, event_handlers=None, ignore_user_meta=False, metas=['./colcon.meta'], base_paths=['.'], packages_ignore=None, packages_ignore_regex=None, paths=None, packages_up_to=None, packages_up_to_regex=None, packages_above=None, packages_above_and_dependencies=None, packages_above_depth=None, packages_select_by_dep=None, packages_skip_by_dep=None, packages_skip_up_to=None, packages_select_build_failed=False, packages_skip_build_finished=False, packages_select_test_failures=False, packages_skip_test_passed=False, packages_select=['sim_ros2_interface'], packages_skip=None, packages_select_regex=None, packages_skip_regex=None, packages_start=None, packages_end=None, allow_overriding=[], cmake_args=None, cmake_target=None, cmake_target_skip_unavailable=False, cmake_clean_cache=False, cmake_clean_first=False, cmake_force_configure=False, ament_cmake_args=None, catkin_cmake_args=None, catkin_skip_building_tests=False, mixin_files=None, mixin=None, verb_parser=<colcon_mixin.mixin.mixin_argument.MixinArgumentDecorator object at 0x768216498410>, verb_extension=<colcon_core.verb.build.BuildVerb object at 0x76821659e570>, main=<bound method BuildVerb.main of <colcon_core.verb.build.BuildVerb object at 0x76821659e570>>, mixin_verb=('build',))
[0.610s] Level 1:colcon.colcon_core.package_discovery:discover_packages(colcon_meta) check parameters
[0.610s] Level 1:colcon.colcon_core.package_discovery:discover_packages(recursive) check parameters
[0.610s] Level 1:colcon.colcon_core.package_discovery:discover_packages(ignore) check parameters
[0.610s] Level 1:colcon.colcon_core.package_discovery:discover_packages(path) check parameters
[0.610s] Level 1:colcon.colcon_core.package_discovery:discover_packages(colcon_meta) discover
[0.610s] Level 1:colcon.colcon_core.package_discovery:discover_packages(recursive) discover
[0.610s] INFO:colcon.colcon_core.package_discovery:Crawling recursively for packages in '/home/user/Desktop/New_ter/CoppeliaSim'
[0.614s] Level 1:colcon.colcon_core.package_identification:_identify(.) by extensions ['ignore', 'ignore_ament_install']
[0.614s] Level 1:colcon.colcon_core.package_identification:_identify(.) by extension 'ignore'
[0.614s] Level 1:colcon.colcon_core.package_identification:_identify(.) by extension 'ignore_ament_install'
[0.614s] Level 1:colcon.colcon_core.package_identification:_identify(.) by extensions ['colcon_pkg']
[0.614s] Level 1:colcon.colcon_core.package_identification:_identify(.) by extension 'colcon_pkg'
[0.614s] Level 1:colcon.colcon_core.package_identification:_identify(.) by extensions ['colcon_meta']
[0.614s] Level 1:colcon.colcon_core.package_identification:_identify(.) by extension 'colcon_meta'
[0.614s] Level 1:colcon.colcon_core.package_identification:_identify(.) by extensions ['ros']
[0.614s] Level 1:colcon.colcon_core.package_identification:_identify(.) by extension 'ros'
[0.672s] Level 1:colcon.colcon_core.package_identification:_identify(.) by extensions ['cmake', 'python']
[0.672s] Level 1:colcon.colcon_core.package_identification:_identify(.) by extension 'cmake'
[0.672s] Level 1:colcon.colcon_core.package_identification:_identify(.) by extension 'python'
[0.673s] Level 1:colcon.colcon_core.package_identification:_identify(.) by extensions ['python_setup_py']
[0.673s] Level 1:colcon.colcon_core.package_identification:_identify(.) by extension 'python_setup_py'
[0.673s] Level 1:colcon.colcon_core.package_identification:_identify(3rdparty) by extensions ['ignore', 'ignore_ament_install']
[0.673s] Level 1:colcon.colcon_core.package_identification:_identify(3rdparty) by extension 'ignore'
[0.673s] Level 1:colcon.colcon_core.package_identification:_identify(3rdparty) by extension 'ignore_ament_install'
[0.673s] Level 1:colcon.colcon_core.package_identification:_identify(3rdparty) by extensions ['colcon_pkg']
[0.673s] Level 1:colcon.colcon_core.package_identification:_identify(3rdparty) by extension 'colcon_pkg'
[0.673s] Level 1:colcon.colcon_core.package_identification:_identify(3rdparty) by extensions ['colcon_meta']
[0.673s] Level 1:colcon.colcon_core.package_identification:_identify(3rdparty) by extension 'colcon_meta'
[0.673s] Level 1:colcon.colcon_core.package_identification:_identify(3rdparty) by extensions ['ros']
[0.673s] Level 1:colcon.colcon_core.package_identification:_identify(3rdparty) by extension 'ros'
[0.673s] Level 1:colcon.colcon_core.package_identification:_identify(3rdparty) by extensions ['cmake', 'python']
[0.674s] Level 1:colcon.colcon_core.package_identification:_identify(3rdparty) by extension 'cmake'
[0.674s] Level 1:colcon.colcon_core.package_identification:_identify(3rdparty) by extension 'python'
[0.674s] Level 1:colcon.colcon_core.package_identification:_identify(3rdparty) by extensions ['python_setup_py']
[0.674s] Level 1:colcon.colcon_core.package_identification:_identify(3rdparty) by extension 'python_setup_py'
[0.674s] Level 1:colcon.colcon_core.package_identification:_identify(3rdparty/cbor-js) by extensions ['ignore', 'ignore_ament_install']
[0.674s] Level 1:colcon.colcon_core.package_identification:_identify(3rdparty/cbor-js) by extension 'ignore'
[0.674s] Level 1:colcon.colcon_core.package_identification:_identify(3rdparty/cbor-js) by extension 'ignore_ament_install'
[0.674s] Level 1:colcon.colcon_core.package_identification:_identify(3rdparty/cbor-js) by extensions ['colcon_pkg']
[0.674s] Level 1:colcon.colcon_core.package_identification:_identify(3rdparty/cbor-js) by extension 'colcon_pkg'
[0.675s] Level 1:colcon.colcon_core.package_identification:_identify(3rdparty/cbor-js) by extensions ['colcon_meta']
[0.675s] Level 1:colcon.colcon_core.package_identification:_identify(3rdparty/cbor-js) by extension 'colcon_meta'
[0.675s] Level 1:colcon.colcon_core.package_identification:_identify(3rdparty/cbor-js) by extensions ['ros']
[0.676s] Level 1:colcon.colcon_core.package_identification:_identify(3rdparty/cbor-js) by extension 'ros'
[0.676s] Level 1:colcon.colcon_core.package_identification:_identify(3rdparty/cbor-js) by extensions ['cmake', 'python']
[0.676s] Level 1:colcon.colcon_core.package_identification:_identify(3rdparty/cbor-js) by extension 'cmake'
[0.676s] Level 1:colcon.colcon_core.package_identification:_identify(3rdparty/cbor-js) by extension 'python'
[0.676s] Level 1:colcon.colcon_core.package_identification:_identify(3rdparty/cbor-js) by extensions ['python_setup_py']
[0.676s] Level 1:colcon.colcon_core.package_identification:_identify(3rdparty/cbor-js) by extension 'python_setup_py'
[0.676s] Level 1:colcon.colcon_core.package_identification:_identify(3rdparty/coppelia-ws-remote-api) by extensions ['ignore', 'ignore_ament_install']
[0.676s] Level 1:colcon.colcon_core.package_identification:_identify(3rdparty/coppelia-ws-remote-api) by extension 'ignore'
[0.676s] Level 1:colcon.colcon_core.package_identification:_identify(3rdparty/coppelia-ws-remote-api) by extension 'ignore_ament_install'
[0.676s] Level 1:colcon.colcon_core.package_identification:_identify(3rdparty/coppelia-ws-remote-api) by extensions ['colcon_pkg']
[0.677s] Level 1:colcon.colcon_core.package_identification:_identify(3rdparty/coppelia-ws-remote-api) by extension 'colcon_pkg'
[0.677s] Level 1:colcon.colcon_core.package_identification:_identify(3rdparty/coppelia-ws-remote-api) by extensions ['colcon_meta']
[0.677s] Level 1:colcon.colcon_core.package_identification:_identify(3rdparty/coppelia-ws-remote-api) by extension 'colcon_meta'
[0.677s] Level 1:colcon.colcon_core.package_identification:_identify(3rdparty/coppelia-ws-remote-api) by extensions ['ros']
[0.677s] Level 1:colcon.colcon_core.package_identification:_identify(3rdparty/coppelia-ws-remote-api) by extension 'ros'
[0.677s] Level 1:colcon.colcon_core.package_identification:_identify(3rdparty/coppelia-ws-remote-api) by extensions ['cmake', 'python']
[0.677s] Level 1:colcon.colcon_core.package_identification:_identify(3rdparty/coppelia-ws-remote-api) by extension 'cmake'
[0.677s] Level 1:colcon.colcon_core.package_identification:_identify(3rdparty/coppelia-ws-remote-api) by extension 'python'
[0.677s] Level 1:colcon.colcon_core.package_identification:_identify(3rdparty/coppelia-ws-remote-api) by extensions ['python_setup_py']
[0.678s] Level 1:colcon.colcon_core.package_identification:_identify(3rdparty/coppelia-ws-remote-api) by extension 'python_setup_py'
[0.678s] Level 1:colcon.colcon_core.package_identification:_identify(3rdparty/dat-gui) by extensions ['ignore', 'ignore_ament_install']
[0.678s] Level 1:colcon.colcon_core.package_identification:_identify(3rdparty/dat-gui) by extension 'ignore'
[0.678s] Level 1:colcon.colcon_core.package_identification:_identify(3rdparty/dat-gui) by extension 'ignore_ament_install'
[0.678s] Level 1:colcon.colcon_core.package_identification:_identify(3rdparty/dat-gui) by extensions ['colcon_pkg']
[0.679s] Level 1:colcon.colcon_core.package_identification:_identify(3rdparty/dat-gui) by extension 'colcon_pkg'
[0.679s] Level 1:colcon.colcon_core.package_identification:_identify(3rdparty/dat-gui) by extensions ['colcon_meta']
[0.679s] Level 1:colcon.colcon_core.package_identification:_identify(3rdparty/dat-gui) by extension 'colcon_meta'
[0.679s] Level 1:colcon.colcon_core.package_identification:_identify(3rdparty/dat-gui) by extensions ['ros']
[0.679s] Level 1:colcon.colcon_core.package_identification:_identify(3rdparty/dat-gui) by extension 'ros'
[0.679s] Level 1:colcon.colcon_core.package_identification:_identify(3rdparty/dat-gui) by extensions ['cmake', 'python']
[0.679s] Level 1:colcon.colcon_core.package_identification:_identify(3rdparty/dat-gui) by extension 'cmake'
[0.679s] Level 1:colcon.colcon_core.package_identification:_identify(3rdparty/dat-gui) by extension 'python'
[0.679s] Level 1:colcon.colcon_core.package_identification:_identify(3rdparty/dat-gui) by extensions ['python_setup_py']
[0.679s] Level 1:colcon.colcon_core.package_identification:_identify(3rdparty/dat-gui) by extension 'python_setup_py'
[0.679s] Level 1:colcon.colcon_core.package_identification:_identify(3rdparty/font-awesome) by extensions ['ignore', 'ignore_ament_install']
[0.680s] Level 1:colcon.colcon_core.package_identification:_identify(3rdparty/font-awesome) by extension 'ignore'
[0.680s] Level 1:colcon.colcon_core.package_identification:_identify(3rdparty/font-awesome) by extension 'ignore_ament_install'
[0.680s] Level 1:colcon.colcon_core.package_identification:_identify(3rdparty/font-awesome) by extensions ['colcon_pkg']
[0.680s] Level 1:colcon.colcon_core.package_identification:_identify(3rdparty/font-awesome) by extension 'colcon_pkg'
[0.680s] Level 1:colcon.colcon_core.package_identification:_identify(3rdparty/font-awesome) by extensions ['colcon_meta']
[0.680s] Level 1:colcon.colcon_core.package_identification:_identify(3rdparty/font-awesome) by extension 'colcon_meta'
[0.680s] Level 1:colcon.colcon_core.package_identification:_identify(3rdparty/font-awesome) by extensions ['ros']
[0.680s] Level 1:colcon.colcon_core.package_identification:_identify(3rdparty/font-awesome) by extension 'ros'
[0.680s] Level 1:colcon.colcon_core.package_identification:_identify(3rdparty/font-awesome) by extensions ['cmake', 'python']
[0.680s] Level 1:colcon.colcon_core.package_identification:_identify(3rdparty/font-awesome) by extension 'cmake'
[0.680s] Level 1:colcon.colcon_core.package_identification:_identify(3rdparty/font-awesome) by extension 'python'
[0.680s] Level 1:colcon.colcon_core.package_identification:_identify(3rdparty/font-awesome) by extensions ['python_setup_py']
[0.680s] Level 1:colcon.colcon_core.package_identification:_identify(3rdparty/font-awesome) by extension 'python_setup_py'
[0.680s] Level 1:colcon.colcon_core.package_identification:_identify(3rdparty/jquery) by extensions ['ignore', 'ignore_ament_install']
[0.681s] Level 1:colcon.colcon_core.package_identification:_identify(3rdparty/jquery) by extension 'ignore'
[0.681s] Level 1:colcon.colcon_core.package_identification:_identify(3rdparty/jquery) by extension 'ignore_ament_install'
[0.681s] Level 1:colcon.colcon_core.package_identification:_identify(3rdparty/jquery) by extensions ['colcon_pkg']
[0.681s] Level 1:colcon.colcon_core.package_identification:_identify(3rdparty/jquery) by extension 'colcon_pkg'
[0.681s] Level 1:colcon.colcon_core.package_identification:_identify(3rdparty/jquery) by extensions ['colcon_meta']
[0.681s] Level 1:colcon.colcon_core.package_identification:_identify(3rdparty/jquery) by extension 'colcon_meta'
[0.682s] Level 1:colcon.colcon_core.package_identification:_identify(3rdparty/jquery) by extensions ['ros']
[0.682s] Level 1:colcon.colcon_core.package_identification:_identify(3rdparty/jquery) by extension 'ros'
[0.682s] Level 1:colcon.colcon_core.package_identification:_identify(3rdparty/jquery) by extensions ['cmake', 'python']
[0.682s] Level 1:colcon.colcon_core.package_identification:_identify(3rdparty/jquery) by extension 'cmake'
[0.682s] Level 1:colcon.colcon_core.package_identification:_identify(3rdparty/jquery) by extension 'python'
[0.682s] Level 1:colcon.colcon_core.package_identification:_identify(3rdparty/jquery) by extensions ['python_setup_py']
[0.682s] Level 1:colcon.colcon_core.package_identification:_identify(3rdparty/jquery) by extension 'python_setup_py'
[0.682s] Level 1:colcon.colcon_core.package_identification:_identify(3rdparty/reconnecting-websocket) by extensions ['ignore', 'ignore_ament_install']
[0.682s] Level 1:colcon.colcon_core.package_identification:_identify(3rdparty/reconnecting-websocket) by extension 'ignore'
[0.683s] Level 1:colcon.colcon_core.package_identification:_identify(3rdparty/reconnecting-websocket) by extension 'ignore_ament_install'
[0.683s] Level 1:colcon.colcon_core.package_identification:_identify(3rdparty/reconnecting-websocket) by extensions ['colcon_pkg']
[0.683s] Level 1:colcon.colcon_core.package_identification:_identify(3rdparty/reconnecting-websocket) by extension 'colcon_pkg'
[0.683s] Level 1:colcon.colcon_core.package_identification:_identify(3rdparty/reconnecting-websocket) by extensions ['colcon_meta']
[0.684s] Level 1:colcon.colcon_core.package_identification:_identify(3rdparty/reconnecting-websocket) by extension 'colcon_meta'
[0.684s] Level 1:colcon.colcon_core.package_identification:_identify(3rdparty/reconnecting-websocket) by extensions ['ros']
[0.684s] Level 1:colcon.colcon_core.package_identification:_identify(3rdparty/reconnecting-websocket) by extension 'ros'
[0.684s] Level 1:colcon.colcon_core.package_identification:_identify(3rdparty/reconnecting-websocket) by extensions ['cmake', 'python']
[0.684s] Level 1:colcon.colcon_core.package_identification:_identify(3rdparty/reconnecting-websocket) by extension 'cmake'
[0.684s] Level 1:colcon.colcon_core.package_identification:_identify(3rdparty/reconnecting-websocket) by extension 'python'
[0.684s] Level 1:colcon.colcon_core.package_identification:_identify(3rdparty/reconnecting-websocket) by extensions ['python_setup_py']
[0.684s] Level 1:colcon.colcon_core.package_identification:_identify(3rdparty/reconnecting-websocket) by extension 'python_setup_py'
[0.684s] Level 1:colcon.colcon_core.package_identification:_identify(3rdparty/renderjson) by extensions ['ignore', 'ignore_ament_install']
[0.685s] Level 1:colcon.colcon_core.package_identification:_identify(3rdparty/renderjson) by extension 'ignore'
[0.685s] Level 1:colcon.colcon_core.package_identification:_identify(3rdparty/renderjson) by extension 'ignore_ament_install'
[0.686s] Level 1:colcon.colcon_core.package_identification:_identify(3rdparty/renderjson) by extensions ['colcon_pkg']
[0.686s] Level 1:colcon.colcon_core.package_identification:_identify(3rdparty/renderjson) by extension 'colcon_pkg'
[0.686s] Level 1:colcon.colcon_core.package_identification:_identify(3rdparty/renderjson) by extensions ['colcon_meta']
[0.686s] Level 1:colcon.colcon_core.package_identification:_identify(3rdparty/renderjson) by extension 'colcon_meta'
[0.686s] Level 1:colcon.colcon_core.package_identification:_identify(3rdparty/renderjson) by extensions ['ros']
[0.686s] Level 1:colcon.colcon_core.package_identification:_identify(3rdparty/renderjson) by extension 'ros'
[0.686s] Level 1:colcon.colcon_core.package_identification:_identify(3rdparty/renderjson) by extensions ['cmake', 'python']
[0.687s] Level 1:colcon.colcon_core.package_identification:_identify(3rdparty/renderjson) by extension 'cmake'
[0.687s] Level 1:colcon.colcon_core.package_identification:_identify(3rdparty/renderjson) by extension 'python'
[0.687s] Level 1:colcon.colcon_core.package_identification:_identify(3rdparty/renderjson) by extensions ['python_setup_py']
[0.687s] Level 1:colcon.colcon_core.package_identification:_identify(3rdparty/renderjson) by extension 'python_setup_py'
[0.687s] Level 1:colcon.colcon_core.package_identification:_identify(3rdparty/three-js) by extensions ['ignore', 'ignore_ament_install']
[0.687s] Level 1:colcon.colcon_core.package_identification:_identify(3rdparty/three-js) by extension 'ignore'
[0.687s] Level 1:colcon.colcon_core.package_identification:_identify(3rdparty/three-js) by extension 'ignore_ament_install'
[0.687s] Level 1:colcon.colcon_core.package_identification:_identify(3rdparty/three-js) by extensions ['colcon_pkg']
[0.687s] Level 1:colcon.colcon_core.package_identification:_identify(3rdparty/three-js) by extension 'colcon_pkg'
[0.687s] Level 1:colcon.colcon_core.package_identification:_identify(3rdparty/three-js) by extensions ['colcon_meta']
[0.688s] Level 1:colcon.colcon_core.package_identification:_identify(3rdparty/three-js) by extension 'colcon_meta'
[0.688s] Level 1:colcon.colcon_core.package_identification:_identify(3rdparty/three-js) by extensions ['ros']
[0.688s] Level 1:colcon.colcon_core.package_identification:_identify(3rdparty/three-js) by extension 'ros'
[0.688s] Level 1:colcon.colcon_core.package_identification:_identify(3rdparty/three-js) by extensions ['cmake', 'python']
[0.688s] Level 1:colcon.colcon_core.package_identification:_identify(3rdparty/three-js) by extension 'cmake'
[0.688s] Level 1:colcon.colcon_core.package_identification:_identify(3rdparty/three-js) by extension 'python'
[0.688s] Level 1:colcon.colcon_core.package_identification:_identify(3rdparty/three-js) by extensions ['python_setup_py']
[0.688s] Level 1:colcon.colcon_core.package_identification:_identify(3rdparty/three-js) by extension 'python_setup_py'
[0.688s] Level 1:colcon.colcon_core.package_identification:_identify(3rdparty/three-js/controls) by extensions ['ignore', 'ignore_ament_install']
[0.688s] Level 1:colcon.colcon_core.package_identification:_identify(3rdparty/three-js/controls) by extension 'ignore'
[0.688s] Level 1:colcon.colcon_core.package_identification:_identify(3rdparty/three-js/controls) by extension 'ignore_ament_install'
[0.688s] Level 1:colcon.colcon_core.package_identification:_identify(3rdparty/three-js/controls) by extensions ['colcon_pkg']
[0.688s] Level 1:colcon.colcon_core.package_identification:_identify(3rdparty/three-js/controls) by extension 'colcon_pkg'
[0.688s] Level 1:colcon.colcon_core.package_identification:_identify(3rdparty/three-js/controls) by extensions ['colcon_meta']
[0.689s] Level 1:colcon.colcon_core.package_identification:_identify(3rdparty/three-js/controls) by extension 'colcon_meta'
[0.689s] Level 1:colcon.colcon_core.package_identification:_identify(3rdparty/three-js/controls) by extensions ['ros']
[0.689s] Level 1:colcon.colcon_core.package_identification:_identify(3rdparty/three-js/controls) by extension 'ros'
[0.689s] Level 1:colcon.colcon_core.package_identification:_identify(3rdparty/three-js/controls) by extensions ['cmake', 'python']
[0.690s] Level 1:colcon.colcon_core.package_identification:_identify(3rdparty/three-js/controls) by extension 'cmake'
[0.690s] Level 1:colcon.colcon_core.package_identification:_identify(3rdparty/three-js/controls) by extension 'python'
[0.690s] Level 1:colcon.colcon_core.package_identification:_identify(3rdparty/three-js/controls) by extensions ['python_setup_py']
[0.690s] Level 1:colcon.colcon_core.package_identification:_identify(3rdparty/three-js/controls) by extension 'python_setup_py'
[0.690s] Level 1:colcon.colcon_core.package_identification:_identify(3rdparty/three-js/postprocessing) by extensions ['ignore', 'ignore_ament_install']
[0.690s] Level 1:colcon.colcon_core.package_identification:_identify(3rdparty/three-js/postprocessing) by extension 'ignore'
[0.690s] Level 1:colcon.colcon_core.package_identification:_identify(3rdparty/three-js/postprocessing) by extension 'ignore_ament_install'
[0.690s] Level 1:colcon.colcon_core.package_identification:_identify(3rdparty/three-js/postprocessing) by extensions ['colcon_pkg']
[0.690s] Level 1:colcon.colcon_core.package_identification:_identify(3rdparty/three-js/postprocessing) by extension 'colcon_pkg'
[0.690s] Level 1:colcon.colcon_core.package_identification:_identify(3rdparty/three-js/postprocessing) by extensions ['colcon_meta']
[0.690s] Level 1:colcon.colcon_core.package_identification:_identify(3rdparty/three-js/postprocessing) by extension 'colcon_meta'
[0.690s] Level 1:colcon.colcon_core.package_identification:_identify(3rdparty/three-js/postprocessing) by extensions ['ros']
[0.690s] Level 1:colcon.colcon_core.package_identification:_identify(3rdparty/three-js/postprocessing) by extension 'ros'
[0.690s] Level 1:colcon.colcon_core.package_identification:_identify(3rdparty/three-js/postprocessing) by extensions ['cmake', 'python']
[0.691s] Level 1:colcon.colcon_core.package_identification:_identify(3rdparty/three-js/postprocessing) by extension 'cmake'
[0.691s] Level 1:colcon.colcon_core.package_identification:_identify(3rdparty/three-js/postprocessing) by extension 'python'
[0.691s] Level 1:colcon.colcon_core.package_identification:_identify(3rdparty/three-js/postprocessing) by extensions ['python_setup_py']
[0.691s] Level 1:colcon.colcon_core.package_identification:_identify(3rdparty/three-js/postprocessing) by extension 'python_setup_py'
[0.691s] Level 1:colcon.colcon_core.package_identification:_identify(3rdparty/three-js/shaders) by extensions ['ignore', 'ignore_ament_install']
[0.691s] Level 1:colcon.colcon_core.package_identification:_identify(3rdparty/three-js/shaders) by extension 'ignore'
[0.692s] Level 1:colcon.colcon_core.package_identification:_identify(3rdparty/three-js/shaders) by extension 'ignore_ament_install'
[0.692s] Level 1:colcon.colcon_core.package_identification:_identify(3rdparty/three-js/shaders) by extensions ['colcon_pkg']
[0.692s] Level 1:colcon.colcon_core.package_identification:_identify(3rdparty/three-js/shaders) by extension 'colcon_pkg'
[0.692s] Level 1:colcon.colcon_core.package_identification:_identify(3rdparty/three-js/shaders) by extensions ['colcon_meta']
[0.692s] Level 1:colcon.colcon_core.package_identification:_identify(3rdparty/three-js/shaders) by extension 'colcon_meta'
[0.692s] Level 1:colcon.colcon_core.package_identification:_identify(3rdparty/three-js/shaders) by extensions ['ros']
[0.692s] Level 1:colcon.colcon_core.package_identification:_identify(3rdparty/three-js/shaders) by extension 'ros'
[0.692s] Level 1:colcon.colcon_core.package_identification:_identify(3rdparty/three-js/shaders) by extensions ['cmake', 'python']
[0.692s] Level 1:colcon.colcon_core.package_identification:_identify(3rdparty/three-js/shaders) by extension 'cmake'
[0.692s] Level 1:colcon.colcon_core.package_identification:_identify(3rdparty/three-js/shaders) by extension 'python'
[0.692s] Level 1:colcon.colcon_core.package_identification:_identify(3rdparty/three-js/shaders) by extensions ['python_setup_py']
[0.692s] Level 1:colcon.colcon_core.package_identification:_identify(3rdparty/three-js/shaders) by extension 'python_setup_py'
[0.693s] Level 1:colcon.colcon_core.package_identification:_identify(3rdparty/three-js/utils) by extensions ['ignore', 'ignore_ament_install']
[0.693s] Level 1:colcon.colcon_core.package_identification:_identify(3rdparty/three-js/utils) by extension 'ignore'
[0.693s] Level 1:colcon.colcon_core.package_identification:_identify(3rdparty/three-js/utils) by extension 'ignore_ament_install'
[0.693s] Level 1:colcon.colcon_core.package_identification:_identify(3rdparty/three-js/utils) by extensions ['colcon_pkg']
[0.693s] Level 1:colcon.colcon_core.package_identification:_identify(3rdparty/three-js/utils) by extension 'colcon_pkg'
[0.693s] Level 1:colcon.colcon_core.package_identification:_identify(3rdparty/three-js/utils) by extensions ['colcon_meta']
[0.693s] Level 1:colcon.colcon_core.package_identification:_identify(3rdparty/three-js/utils) by extension 'colcon_meta'
[0.693s] Level 1:colcon.colcon_core.package_identification:_identify(3rdparty/three-js/utils) by extensions ['ros']
[0.693s] Level 1:colcon.colcon_core.package_identification:_identify(3rdparty/three-js/utils) by extension 'ros'
[0.694s] Level 1:colcon.colcon_core.package_identification:_identify(3rdparty/three-js/utils) by extensions ['cmake', 'python']
[0.694s] Level 1:colcon.colcon_core.package_identification:_identify(3rdparty/three-js/utils) by extension 'cmake'
[0.694s] Level 1:colcon.colcon_core.package_identification:_identify(3rdparty/three-js/utils) by extension 'python'
[0.694s] Level 1:colcon.colcon_core.package_identification:_identify(3rdparty/three-js/utils) by extensions ['python_setup_py']
[0.694s] Level 1:colcon.colcon_core.package_identification:_identify(3rdparty/three-js/utils) by extension 'python_setup_py'
[0.694s] Level 1:colcon.colcon_core.package_identification:_identify(build) by extensions ['ignore', 'ignore_ament_install']
[0.694s] Level 1:colcon.colcon_core.package_identification:_identify(build) by extension 'ignore'
[0.694s] Level 1:colcon.colcon_core.package_identification:_identify(build) ignored
[0.694s] Level 1:colcon.colcon_core.package_identification:_identify(bwf) by extensions ['ignore', 'ignore_ament_install']
[0.695s] Level 1:colcon.colcon_core.package_identification:_identify(bwf) by extension 'ignore'
[0.695s] Level 1:colcon.colcon_core.package_identification:_identify(bwf) by extension 'ignore_ament_install'
[0.695s] Level 1:colcon.colcon_core.package_identification:_identify(bwf) by extensions ['colcon_pkg']
[0.695s] Level 1:colcon.colcon_core.package_identification:_identify(bwf) by extension 'colcon_pkg'
[0.695s] Level 1:colcon.colcon_core.package_identification:_identify(bwf) by extensions ['colcon_meta']
[0.695s] Level 1:colcon.colcon_core.package_identification:_identify(bwf) by extension 'colcon_meta'
[0.695s] Level 1:colcon.colcon_core.package_identification:_identify(bwf) by extensions ['ros']
[0.695s] Level 1:colcon.colcon_core.package_identification:_identify(bwf) by extension 'ros'
[0.695s] Level 1:colcon.colcon_core.package_identification:_identify(bwf) by extensions ['cmake', 'python']
[0.696s] Level 1:colcon.colcon_core.package_identification:_identify(bwf) by extension 'cmake'
[0.696s] Level 1:colcon.colcon_core.package_identification:_identify(bwf) by extension 'python'
[0.696s] Level 1:colcon.colcon_core.package_identification:_identify(bwf) by extensions ['python_setup_py']
[0.696s] Level 1:colcon.colcon_core.package_identification:_identify(bwf) by extension 'python_setup_py'
[0.696s] Level 1:colcon.colcon_core.package_identification:_identify(bwf/modelScripts) by extensions ['ignore', 'ignore_ament_install']
[0.696s] Level 1:colcon.colcon_core.package_identification:_identify(bwf/modelScripts) by extension 'ignore'
[0.696s] Level 1:colcon.colcon_core.package_identification:_identify(bwf/modelScripts) by extension 'ignore_ament_install'
[0.697s] Level 1:colcon.colcon_core.package_identification:_identify(bwf/modelScripts) by extensions ['colcon_pkg']
[0.697s] Level 1:colcon.colcon_core.package_identification:_identify(bwf/modelScripts) by extension 'colcon_pkg'
[0.697s] Level 1:colcon.colcon_core.package_identification:_identify(bwf/modelScripts) by extensions ['colcon_meta']
[0.697s] Level 1:colcon.colcon_core.package_identification:_identify(bwf/modelScripts) by extension 'colcon_meta'
[0.697s] Level 1:colcon.colcon_core.package_identification:_identify(bwf/modelScripts) by extensions ['ros']
[0.697s] Level 1:colcon.colcon_core.package_identification:_identify(bwf/modelScripts) by extension 'ros'
[0.697s] Level 1:colcon.colcon_core.package_identification:_identify(bwf/modelScripts) by extensions ['cmake', 'python']
[0.697s] Level 1:colcon.colcon_core.package_identification:_identify(bwf/modelScripts) by extension 'cmake'
[0.697s] Level 1:colcon.colcon_core.package_identification:_identify(bwf/modelScripts) by extension 'python'
[0.697s] Level 1:colcon.colcon_core.package_identification:_identify(bwf/modelScripts) by extensions ['python_setup_py']
[0.697s] Level 1:colcon.colcon_core.package_identification:_identify(bwf/modelScripts) by extension 'python_setup_py'
[0.697s] Level 1:colcon.colcon_core.package_identification:_identify(bwf/modelScripts/v1) by extensions ['ignore', 'ignore_ament_install']
[0.698s] Level 1:colcon.colcon_core.package_identification:_identify(bwf/modelScripts/v1) by extension 'ignore'
[0.698s] Level 1:colcon.colcon_core.package_identification:_identify(bwf/modelScripts/v1) by extension 'ignore_ament_install'
[0.698s] Level 1:colcon.colcon_core.package_identification:_identify(bwf/modelScripts/v1) by extensions ['colcon_pkg']
[0.698s] Level 1:colcon.colcon_core.package_identification:_identify(bwf/modelScripts/v1) by extension 'colcon_pkg'
[0.698s] Level 1:colcon.colcon_core.package_identification:_identify(bwf/modelScripts/v1) by extensions ['colcon_meta']
[0.698s] Level 1:colcon.colcon_core.package_identification:_identify(bwf/modelScripts/v1) by extension 'colcon_meta'
[0.700s] Level 1:colcon.colcon_core.package_identification:_identify(bwf/modelScripts/v1) by extensions ['ros']
[0.701s] Level 1:colcon.colcon_core.package_identification:_identify(bwf/modelScripts/v1) by extension 'ros'
[0.701s] Level 1:colcon.colcon_core.package_identification:_identify(bwf/modelScripts/v1) by extensions ['cmake', 'python']
[0.701s] Level 1:colcon.colcon_core.package_identification:_identify(bwf/modelScripts/v1) by extension 'cmake'
[0.701s] Level 1:colcon.colcon_core.package_identification:_identify(bwf/modelScripts/v1) by extension 'python'
[0.702s] Level 1:colcon.colcon_core.package_identification:_identify(bwf/modelScripts/v1) by extensions ['python_setup_py']
[0.702s] Level 1:colcon.colcon_core.package_identification:_identify(bwf/modelScripts/v1) by extension 'python_setup_py'
[0.702s] Level 1:colcon.colcon_core.package_identification:_identify(bwf/resources) by extensions ['ignore', 'ignore_ament_install']
[0.702s] Level 1:colcon.colcon_core.package_identification:_identify(bwf/resources) by extension 'ignore'
[0.702s] Level 1:colcon.colcon_core.package_identification:_identify(bwf/resources) by extension 'ignore_ament_install'
[0.702s] Level 1:colcon.colcon_core.package_identification:_identify(bwf/resources) by extensions ['colcon_pkg']
[0.703s] Level 1:colcon.colcon_core.package_identification:_identify(bwf/resources) by extension 'colcon_pkg'
[0.703s] Level 1:colcon.colcon_core.package_identification:_identify(bwf/resources) by extensions ['colcon_meta']
[0.703s] Level 1:colcon.colcon_core.package_identification:_identify(bwf/resources) by extension 'colcon_meta'
[0.703s] Level 1:colcon.colcon_core.package_identification:_identify(bwf/resources) by extensions ['ros']
[0.703s] Level 1:colcon.colcon_core.package_identification:_identify(bwf/resources) by extension 'ros'
[0.703s] Level 1:colcon.colcon_core.package_identification:_identify(bwf/resources) by extensions ['cmake', 'python']
[0.703s] Level 1:colcon.colcon_core.package_identification:_identify(bwf/resources) by extension 'cmake'
[0.703s] Level 1:colcon.colcon_core.package_identification:_identify(bwf/resources) by extension 'python'
[0.703s] Level 1:colcon.colcon_core.package_identification:_identify(bwf/resources) by extensions ['python_setup_py']
[0.703s] Level 1:colcon.colcon_core.package_identification:_identify(bwf/resources) by extension 'python_setup_py'
[0.703s] Level 1:colcon.colcon_core.package_identification:_identify(bwf/scripts) by extensions ['ignore', 'ignore_ament_install']
[0.703s] Level 1:colcon.colcon_core.package_identification:_identify(bwf/scripts) by extension 'ignore'
[0.703s] Level 1:colcon.colcon_core.package_identification:_identify(bwf/scripts) by extension 'ignore_ament_install'
[0.703s] Level 1:colcon.colcon_core.package_identification:_identify(bwf/scripts) by extensions ['colcon_pkg']
[0.704s] Level 1:colcon.colcon_core.package_identification:_identify(bwf/scripts) by extension 'colcon_pkg'
[0.704s] Level 1:colcon.colcon_core.package_identification:_identify(bwf/scripts) by extensions ['colcon_meta']
[0.704s] Level 1:colcon.colcon_core.package_identification:_identify(bwf/scripts) by extension 'colcon_meta'
[0.704s] Level 1:colcon.colcon_core.package_identification:_identify(bwf/scripts) by extensions ['ros']
[0.704s] Level 1:colcon.colcon_core.package_identification:_identify(bwf/scripts) by extension 'ros'
[0.704s] Level 1:colcon.colcon_core.package_identification:_identify(bwf/scripts) by extensions ['cmake', 'python']
[0.704s] Level 1:colcon.colcon_core.package_identification:_identify(bwf/scripts) by extension 'cmake'
[0.704s] Level 1:colcon.colcon_core.package_identification:_identify(bwf/scripts) by extension 'python'
[0.704s] Level 1:colcon.colcon_core.package_identification:_identify(bwf/scripts) by extensions ['python_setup_py']
[0.704s] Level 1:colcon.colcon_core.package_identification:_identify(bwf/scripts) by extension 'python_setup_py'
[0.705s] Level 1:colcon.colcon_core.package_identification:_identify(bwf/scripts/blueRealityApplication) by extensions ['ignore', 'ignore_ament_install']
[0.705s] Level 1:colcon.colcon_core.package_identification:_identify(bwf/scripts/blueRealityApplication) by extension 'ignore'
[0.705s] Level 1:colcon.colcon_core.package_identification:_identify(bwf/scripts/blueRealityApplication) by extension 'ignore_ament_install'
[0.705s] Level 1:colcon.colcon_core.package_identification:_identify(bwf/scripts/blueRealityApplication) by extensions ['colcon_pkg']
[0.705s] Level 1:colcon.colcon_core.package_identification:_identify(bwf/scripts/blueRealityApplication) by extension 'colcon_pkg'
[0.705s] Level 1:colcon.colcon_core.package_identification:_identify(bwf/scripts/blueRealityApplication) by extensions ['colcon_meta']
[0.705s] Level 1:colcon.colcon_core.package_identification:_identify(bwf/scripts/blueRealityApplication) by extension 'colcon_meta'
[0.705s] Level 1:colcon.colcon_core.package_identification:_identify(bwf/scripts/blueRealityApplication) by extensions ['ros']
[0.706s] Level 1:colcon.colcon_core.package_identification:_identify(bwf/scripts/blueRealityApplication) by extension 'ros'
[0.706s] Level 1:colcon.colcon_core.package_identification:_identify(bwf/scripts/blueRealityApplication) by extensions ['cmake', 'python']
[0.706s] Level 1:colcon.colcon_core.package_identification:_identify(bwf/scripts/blueRealityApplication) by extension 'cmake'
[0.706s] Level 1:colcon.colcon_core.package_identification:_identify(bwf/scripts/blueRealityApplication) by extension 'python'
[0.706s] Level 1:colcon.colcon_core.package_identification:_identify(bwf/scripts/blueRealityApplication) by extensions ['python_setup_py']
[0.706s] Level 1:colcon.colcon_core.package_identification:_identify(bwf/scripts/blueRealityApplication) by extension 'python_setup_py'
[0.706s] Level 1:colcon.colcon_core.package_identification:_identify(bwf/scripts/conveyor_common) by extensions ['ignore', 'ignore_ament_install']
[0.706s] Level 1:colcon.colcon_core.package_identification:_identify(bwf/scripts/conveyor_common) by extension 'ignore'
[0.706s] Level 1:colcon.colcon_core.package_identification:_identify(bwf/scripts/conveyor_common) by extension 'ignore_ament_install'
[0.707s] Level 1:colcon.colcon_core.package_identification:_identify(bwf/scripts/conveyor_common) by extensions ['colcon_pkg']
[0.707s] Level 1:colcon.colcon_core.package_identification:_identify(bwf/scripts/conveyor_common) by extension 'colcon_pkg'
[0.707s] Level 1:colcon.colcon_core.package_identification:_identify(bwf/scripts/conveyor_common) by extensions ['colcon_meta']
[0.707s] Level 1:colcon.colcon_core.package_identification:_identify(bwf/scripts/conveyor_common) by extension 'colcon_meta'
[0.707s] Level 1:colcon.colcon_core.package_identification:_identify(bwf/scripts/conveyor_common) by extensions ['ros']
[0.707s] Level 1:colcon.colcon_core.package_identification:_identify(bwf/scripts/conveyor_common) by extension 'ros'
[0.708s] Level 1:colcon.colcon_core.package_identification:_identify(bwf/scripts/conveyor_common) by extensions ['cmake', 'python']
[0.708s] Level 1:colcon.colcon_core.package_identification:_identify(bwf/scripts/conveyor_common) by extension 'cmake'
[0.708s] Level 1:colcon.colcon_core.package_identification:_identify(bwf/scripts/conveyor_common) by extension 'python'
[0.708s] Level 1:colcon.colcon_core.package_identification:_identify(bwf/scripts/conveyor_common) by extensions ['python_setup_py']
[0.709s] Level 1:colcon.colcon_core.package_identification:_identify(bwf/scripts/conveyor_common) by extension 'python_setup_py'
[0.709s] Level 1:colcon.colcon_core.package_identification:_identify(bwf/scripts/genericBox) by extensions ['ignore', 'ignore_ament_install']
[0.709s] Level 1:colcon.colcon_core.package_identification:_identify(bwf/scripts/genericBox) by extension 'ignore'
[0.709s] Level 1:colcon.colcon_core.package_identification:_identify(bwf/scripts/genericBox) by extension 'ignore_ament_install'
[0.709s] Level 1:colcon.colcon_core.package_identification:_identify(bwf/scripts/genericBox) by extensions ['colcon_pkg']
[0.709s] Level 1:colcon.colcon_core.package_identification:_identify(bwf/scripts/genericBox) by extension 'colcon_pkg'
[0.709s] Level 1:colcon.colcon_core.package_identification:_identify(bwf/scripts/genericBox) by extensions ['colcon_meta']
[0.709s] Level 1:colcon.colcon_core.package_identification:_identify(bwf/scripts/genericBox) by extension 'colcon_meta'
[0.710s] Level 1:colcon.colcon_core.package_identification:_identify(bwf/scripts/genericBox) by extensions ['ros']
[0.710s] Level 1:colcon.colcon_core.package_identification:_identify(bwf/scripts/genericBox) by extension 'ros'
[0.710s] Level 1:colcon.colcon_core.package_identification:_identify(bwf/scripts/genericBox) by extensions ['cmake', 'python']
[0.710s] Level 1:colcon.colcon_core.package_identification:_identify(bwf/scripts/genericBox) by extension 'cmake'
[0.710s] Level 1:colcon.colcon_core.package_identification:_identify(bwf/scripts/genericBox) by extension 'python'
[0.710s] Level 1:colcon.colcon_core.package_identification:_identify(bwf/scripts/genericBox) by extensions ['python_setup_py']
[0.710s] Level 1:colcon.colcon_core.package_identification:_identify(bwf/scripts/genericBox) by extension 'python_setup_py'
[0.710s] Level 1:colcon.colcon_core.package_identification:_identify(bwf/scripts/genericConveyorTypeA) by extensions ['ignore', 'ignore_ament_install']
[0.711s] Level 1:colcon.colcon_core.package_identification:_identify(bwf/scripts/genericConveyorTypeA) by extension 'ignore'
[0.711s] Level 1:colcon.colcon_core.package_identification:_identify(bwf/scripts/genericConveyorTypeA) by extension 'ignore_ament_install'
[0.711s] Level 1:colcon.colcon_core.package_identification:_identify(bwf/scripts/genericConveyorTypeA) by extensions ['colcon_pkg']
[0.711s] Level 1:colcon.colcon_core.package_identification:_identify(bwf/scripts/genericConveyorTypeA) by extension 'colcon_pkg'
[0.711s] Level 1:colcon.colcon_core.package_identification:_identify(bwf/scripts/genericConveyorTypeA) by extensions ['colcon_meta']
[0.711s] Level 1:colcon.colcon_core.package_identification:_identify(bwf/scripts/genericConveyorTypeA) by extension 'colcon_meta'
[0.711s] Level 1:colcon.colcon_core.package_identification:_identify(bwf/scripts/genericConveyorTypeA) by extensions ['ros']
[0.711s] Level 1:colcon.colcon_core.package_identification:_identify(bwf/scripts/genericConveyorTypeA) by extension 'ros'
[0.711s] Level 1:colcon.colcon_core.package_identification:_identify(bwf/scripts/genericConveyorTypeA) by extensions ['cmake', 'python']
[0.711s] Level 1:colcon.colcon_core.package_identification:_identify(bwf/scripts/genericConveyorTypeA) by extension 'cmake'
[0.711s] Level 1:colcon.colcon_core.package_identification:_identify(bwf/scripts/genericConveyorTypeA) by extension 'python'
[0.711s] Level 1:colcon.colcon_core.package_identification:_identify(bwf/scripts/genericConveyorTypeA) by extensions ['python_setup_py']
[0.711s] Level 1:colcon.colcon_core.package_identification:_identify(bwf/scripts/genericConveyorTypeA) by extension 'python_setup_py'
[0.712s] Level 1:colcon.colcon_core.package_identification:_identify(bwf/scripts/genericConveyorTypeC) by extensions ['ignore', 'ignore_ament_install']
[0.712s] Level 1:colcon.colcon_core.package_identification:_identify(bwf/scripts/genericConveyorTypeC) by extension 'ignore'
[0.712s] Level 1:colcon.colcon_core.package_identification:_identify(bwf/scripts/genericConveyorTypeC) by extension 'ignore_ament_install'
[0.712s] Level 1:colcon.colcon_core.package_identification:_identify(bwf/scripts/genericConveyorTypeC) by extensions ['colcon_pkg']
[0.712s] Level 1:colcon.colcon_core.package_identification:_identify(bwf/scripts/genericConveyorTypeC) by extension 'colcon_pkg'
[0.712s] Level 1:colcon.colcon_core.package_identification:_identify(bwf/scripts/genericConveyorTypeC) by extensions ['colcon_meta']
[0.712s] Level 1:colcon.colcon_core.package_identification:_identify(bwf/scripts/genericConveyorTypeC) by extension 'colcon_meta'
[0.712s] Level 1:colcon.colcon_core.package_identification:_identify(bwf/scripts/genericConveyorTypeC) by extensions ['ros']
[0.712s] Level 1:colcon.colcon_core.package_identification:_identify(bwf/scripts/genericConveyorTypeC) by extension 'ros'
[0.712s] Level 1:colcon.colcon_core.package_identification:_identify(bwf/scripts/genericConveyorTypeC) by extensions ['cmake', 'python']
[0.713s] Level 1:colcon.colcon_core.package_identification:_identify(bwf/scripts/genericConveyorTypeC) by extension 'cmake'
[0.713s] Level 1:colcon.colcon_core.package_identification:_identify(bwf/scripts/genericConveyorTypeC) by extension 'python'
[0.713s] Level 1:colcon.colcon_core.package_identification:_identify(bwf/scripts/genericConveyorTypeC) by extensions ['python_setup_py']
[0.713s] Level 1:colcon.colcon_core.package_identification:_identify(bwf/scripts/genericConveyorTypeC) by extension 'python_setup_py'
[0.713s] Level 1:colcon.colcon_core.package_identification:_identify(bwf/scripts/genericCylinder) by extensions ['ignore', 'ignore_ament_install']
[0.713s] Level 1:colcon.colcon_core.package_identification:_identify(bwf/scripts/genericCylinder) by extension 'ignore'
[0.713s] Level 1:colcon.colcon_core.package_identification:_identify(bwf/scripts/genericCylinder) by extension 'ignore_ament_install'
[0.713s] Level 1:colcon.colcon_core.package_identification:_identify(bwf/scripts/genericCylinder) by extensions ['colcon_pkg']
[0.713s] Level 1:colcon.colcon_core.package_identification:_identify(bwf/scripts/genericCylinder) by extension 'colcon_pkg'
[0.713s] Level 1:colcon.colcon_core.package_identification:_identify(bwf/scripts/genericCylinder) by extensions ['colcon_meta']
[0.713s] Level 1:colcon.colcon_core.package_identification:_identify(bwf/scripts/genericCylinder) by extension 'colcon_meta'
[0.713s] Level 1:colcon.colcon_core.package_identification:_identify(bwf/scripts/genericCylinder) by extensions ['ros']
[0.714s] Level 1:colcon.colcon_core.package_identification:_identify(bwf/scripts/genericCylinder) by extension 'ros'
[0.714s] Level 1:colcon.colcon_core.package_identification:_identify(bwf/scripts/genericCylinder) by extensions ['cmake', 'python']
[0.714s] Level 1:colcon.colcon_core.package_identification:_identify(bwf/scripts/genericCylinder) by extension 'cmake'
[0.714s] Level 1:colcon.colcon_core.package_identification:_identify(bwf/scripts/genericCylinder) by extension 'python'
[0.714s] Level 1:colcon.colcon_core.package_identification:_identify(bwf/scripts/genericCylinder) by extensions ['python_setup_py']
[0.714s] Level 1:colcon.colcon_core.package_identification:_identify(bwf/scripts/genericCylinder) by extension 'python_setup_py'
[0.714s] Level 1:colcon.colcon_core.package_identification:_identify(bwf/scripts/genericFeeder) by extensions ['ignore', 'ignore_ament_install']
[0.714s] Level 1:colcon.colcon_core.package_identification:_identify(bwf/scripts/genericFeeder) by extension 'ignore'
[0.715s] Level 1:colcon.colcon_core.package_identification:_identify(bwf/scripts/genericFeeder) by extension 'ignore_ament_install'
[0.715s] Level 1:colcon.colcon_core.package_identification:_identify(bwf/scripts/genericFeeder) by extensions ['colcon_pkg']
[0.715s] Level 1:colcon.colcon_core.package_identification:_identify(bwf/scripts/genericFeeder) by extension 'colcon_pkg'
[0.715s] Level 1:colcon.colcon_core.package_identification:_identify(bwf/scripts/genericFeeder) by extensions ['colcon_meta']
[0.715s] Level 1:colcon.colcon_core.package_identification:_identify(bwf/scripts/genericFeeder) by extension 'colcon_meta'
[0.715s] Level 1:colcon.colcon_core.package_identification:_identify(bwf/scripts/genericFeeder) by extensions ['ros']
[0.715s] Level 1:colcon.colcon_core.package_identification:_identify(bwf/scripts/genericFeeder) by extension 'ros'
[0.715s] Level 1:colcon.colcon_core.package_identification:_identify(bwf/scripts/genericFeeder) by extensions ['cmake', 'python']
[0.715s] Level 1:colcon.colcon_core.package_identification:_identify(bwf/scripts/genericFeeder) by extension 'cmake'
[0.715s] Level 1:colcon.colcon_core.package_identification:_identify(bwf/scripts/genericFeeder) by extension 'python'
[0.715s] Level 1:colcon.colcon_core.package_identification:_identify(bwf/scripts/genericFeeder) by extensions ['python_setup_py']
[0.715s] Level 1:colcon.colcon_core.package_identification:_identify(bwf/scripts/genericFeeder) by extension 'python_setup_py'
[0.716s] Level 1:colcon.colcon_core.package_identification:_identify(bwf/scripts/genericPackingBox) by extensions ['ignore', 'ignore_ament_install']
[0.716s] Level 1:colcon.colcon_core.package_identification:_identify(bwf/scripts/genericPackingBox) by extension 'ignore'
[0.716s] Level 1:colcon.colcon_core.package_identification:_identify(bwf/scripts/genericPackingBox) by extension 'ignore_ament_install'
[0.716s] Level 1:colcon.colcon_core.package_identification:_identify(bwf/scripts/genericPackingBox) by extensions ['colcon_pkg']
[0.716s] Level 1:colcon.colcon_core.package_identification:_identify(bwf/scripts/genericPackingBox) by extension 'colcon_pkg'
[0.716s] Level 1:colcon.colcon_core.package_identification:_identify(bwf/scripts/genericPackingBox) by extensions ['colcon_meta']
[0.716s] Level 1:colcon.colcon_core.package_identification:_identify(bwf/scripts/genericPackingBox) by extension 'colcon_meta'
[0.716s] Level 1:colcon.colcon_core.package_identification:_identify(bwf/scripts/genericPackingBox) by extensions ['ros']
[0.716s] Level 1:colcon.colcon_core.package_identification:_identify(bwf/scripts/genericPackingBox) by extension 'ros'
[0.716s] Level 1:colcon.colcon_core.package_identification:_identify(bwf/scripts/genericPackingBox) by extensions ['cmake', 'python']
[0.717s] Level 1:colcon.colcon_core.package_identification:_identify(bwf/scripts/genericPackingBox) by extension 'cmake'
[0.717s] Level 1:colcon.colcon_core.package_identification:_identify(bwf/scripts/genericPackingBox) by extension 'python'
[0.717s] Level 1:colcon.colcon_core.package_identification:_identify(bwf/scripts/genericPackingBox) by extensions ['python_setup_py']
[0.717s] Level 1:colcon.colcon_core.package_identification:_identify(bwf/scripts/genericPackingBox) by extension 'python_setup_py'
[0.717s] Level 1:colcon.colcon_core.package_identification:_identify(bwf/scripts/genericPart) by extensions ['ignore', 'ignore_ament_install']
[0.717s] Level 1:colcon.colcon_core.package_identification:_identify(bwf/scripts/genericPart) by extension 'ignore'
[0.717s] Level 1:colcon.colcon_core.package_identification:_identify(bwf/scripts/genericPart) by extension 'ignore_ament_install'
[0.717s] Level 1:colcon.colcon_core.package_identification:_identify(bwf/scripts/genericPart) by extensions ['colcon_pkg']
[0.717s] Level 1:colcon.colcon_core.package_identification:_identify(bwf/scripts/genericPart) by extension 'colcon_pkg'
[0.717s] Level 1:colcon.colcon_core.package_identification:_identify(bwf/scripts/genericPart) by extensions ['colcon_meta']
[0.717s] Level 1:colcon.colcon_core.package_identification:_identify(bwf/scripts/genericPart) by extension 'colcon_meta'
[0.718s] Level 1:colcon.colcon_core.package_identification:_identify(bwf/scripts/genericPart) by extensions ['ros']
[0.718s] Level 1:colcon.colcon_core.package_identification:_identify(bwf/scripts/genericPart) by extension 'ros'
[0.718s] Level 1:colcon.colcon_core.package_identification:_identify(bwf/scripts/genericPart) by extensions ['cmake', 'python']
[0.718s] Level 1:colcon.colcon_core.package_identification:_identify(bwf/scripts/genericPart) by extension 'cmake'
[0.718s] Level 1:colcon.colcon_core.package_identification:_identify(bwf/scripts/genericPart) by extension 'python'
[0.718s] Level 1:colcon.colcon_core.package_identification:_identify(bwf/scripts/genericPart) by extensions ['python_setup_py']
[0.718s] Level 1:colcon.colcon_core.package_identification:_identify(bwf/scripts/genericPart) by extension 'python_setup_py'
[0.718s] Level 1:colcon.colcon_core.package_identification:_identify(bwf/scripts/genericPartTagger) by extensions ['ignore', 'ignore_ament_install']
[0.718s] Level 1:colcon.colcon_core.package_identification:_identify(bwf/scripts/genericPartTagger) by extension 'ignore'
[0.718s] Level 1:colcon.colcon_core.package_identification:_identify(bwf/scripts/genericPartTagger) by extension 'ignore_ament_install'
[0.719s] Level 1:colcon.colcon_core.package_identification:_identify(bwf/scripts/genericPartTagger) by extensions ['colcon_pkg']
[0.719s] Level 1:colcon.colcon_core.package_identification:_identify(bwf/scripts/genericPartTagger) by extension 'colcon_pkg'
[0.719s] Level 1:colcon.colcon_core.package_identification:_identify(bwf/scripts/genericPartTagger) by extensions ['colcon_meta']
[0.719s] Level 1:colcon.colcon_core.package_identification:_identify(bwf/scripts/genericPartTagger) by extension 'colcon_meta'
[0.719s] Level 1:colcon.colcon_core.package_identification:_identify(bwf/scripts/genericPartTagger) by extensions ['ros']
[0.719s] Level 1:colcon.colcon_core.package_identification:_identify(bwf/scripts/genericPartTagger) by extension 'ros'
[0.719s] Level 1:colcon.colcon_core.package_identification:_identify(bwf/scripts/genericPartTagger) by extensions ['cmake', 'python']
[0.719s] Level 1:colcon.colcon_core.package_identification:_identify(bwf/scripts/genericPartTagger) by extension 'cmake'
[0.719s] Level 1:colcon.colcon_core.package_identification:_identify(bwf/scripts/genericPartTagger) by extension 'python'
[0.719s] Level 1:colcon.colcon_core.package_identification:_identify(bwf/scripts/genericPartTagger) by extensions ['python_setup_py']
[0.719s] Level 1:colcon.colcon_core.package_identification:_identify(bwf/scripts/genericPartTagger) by extension 'python_setup_py'
[0.719s] Level 1:colcon.colcon_core.package_identification:_identify(bwf/scripts/genericPillowBag) by extensions ['ignore', 'ignore_ament_install']
[0.720s] Level 1:colcon.colcon_core.package_identification:_identify(bwf/scripts/genericPillowBag) by extension 'ignore'
[0.720s] Level 1:colcon.colcon_core.package_identification:_identify(bwf/scripts/genericPillowBag) by extension 'ignore_ament_install'
[0.720s] Level 1:colcon.colcon_core.package_identification:_identify(bwf/scripts/genericPillowBag) by extensions ['colcon_pkg']
[0.720s] Level 1:colcon.colcon_core.package_identification:_identify(bwf/scripts/genericPillowBag) by extension 'colcon_pkg'
[0.720s] Level 1:colcon.colcon_core.package_identification:_identify(bwf/scripts/genericPillowBag) by extensions ['colcon_meta']
[0.720s] Level 1:colcon.colcon_core.package_identification:_identify(bwf/scripts/genericPillowBag) by extension 'colcon_meta'
[0.720s] Level 1:colcon.colcon_core.package_identification:_identify(bwf/scripts/genericPillowBag) by extensions ['ros']
[0.720s] Level 1:colcon.colcon_core.package_identification:_identify(bwf/scripts/genericPillowBag) by extension 'ros'
[0.720s] Level 1:colcon.colcon_core.package_identification:_identify(bwf/scripts/genericPillowBag) by extensions ['cmake', 'python']
[0.720s] Level 1:colcon.colcon_core.package_identification:_identify(bwf/scripts/genericPillowBag) by extension 'cmake'
[0.720s] Level 1:colcon.colcon_core.package_identification:_identify(bwf/scripts/genericPillowBag) by extension 'python'
[0.721s] Level 1:colcon.colcon_core.package_identification:_identify(bwf/scripts/genericPillowBag) by extensions ['python_setup_py']
[0.721s] Level 1:colcon.colcon_core.package_identification:_identify(bwf/scripts/genericPillowBag) by extension 'python_setup_py'
[0.721s] Level 1:colcon.colcon_core.package_identification:_identify(bwf/scripts/genericShippingBox) by extensions ['ignore', 'ignore_ament_install']
[0.721s] Level 1:colcon.colcon_core.package_identification:_identify(bwf/scripts/genericShippingBox) by extension 'ignore'
[0.721s] Level 1:colcon.colcon_core.package_identification:_identify(bwf/scripts/genericShippingBox) by extension 'ignore_ament_install'
[0.722s] Level 1:colcon.colcon_core.package_identification:_identify(bwf/scripts/genericShippingBox) by extensions ['colcon_pkg']
[0.722s] Level 1:colcon.colcon_core.package_identification:_identify(bwf/scripts/genericShippingBox) by extension 'colcon_pkg'
[0.722s] Level 1:colcon.colcon_core.package_identification:_identify(bwf/scripts/genericShippingBox) by extensions ['colcon_meta']
[0.722s] Level 1:colcon.colcon_core.package_identification:_identify(bwf/scripts/genericShippingBox) by extension 'colcon_meta'
[0.722s] Level 1:colcon.colcon_core.package_identification:_identify(bwf/scripts/genericShippingBox) by extensions ['ros']
[0.722s] Level 1:colcon.colcon_core.package_identification:_identify(bwf/scripts/genericShippingBox) by extension 'ros'
[0.722s] Level 1:colcon.colcon_core.package_identification:_identify(bwf/scripts/genericShippingBox) by extensions ['cmake', 'python']
[0.722s] Level 1:colcon.colcon_core.package_identification:_identify(bwf/scripts/genericShippingBox) by extension 'cmake'
[0.722s] Level 1:colcon.colcon_core.package_identification:_identify(bwf/scripts/genericShippingBox) by extension 'python'
[0.722s] Level 1:colcon.colcon_core.package_identification:_identify(bwf/scripts/genericShippingBox) by extensions ['python_setup_py']
[0.722s] Level 1:colcon.colcon_core.package_identification:_identify(bwf/scripts/genericShippingBox) by extension 'python_setup_py'
[0.722s] Level 1:colcon.colcon_core.package_identification:_identify(bwf/scripts/genericSphere) by extensions ['ignore', 'ignore_ament_install']
[0.722s] Level 1:colcon.colcon_core.package_identification:_identify(bwf/scripts/genericSphere) by extension 'ignore'
[0.723s] Level 1:colcon.colcon_core.package_identification:_identify(bwf/scripts/genericSphere) by extension 'ignore_ament_install'
[0.723s] Level 1:colcon.colcon_core.package_identification:_identify(bwf/scripts/genericSphere) by extensions ['colcon_pkg']
[0.723s] Level 1:colcon.colcon_core.package_identification:_identify(bwf/scripts/genericSphere) by extension 'colcon_pkg'
[0.723s] Level 1:colcon.colcon_core.package_identification:_identify(bwf/scripts/genericSphere) by extensions ['colcon_meta']
[0.723s] Level 1:colcon.colcon_core.package_identification:_identify(bwf/scripts/genericSphere) by extension 'colcon_meta'
[0.723s] Level 1:colcon.colcon_core.package_identification:_identify(bwf/scripts/genericSphere) by extensions ['ros']
[0.723s] Level 1:colcon.colcon_core.package_identification:_identify(bwf/scripts/genericSphere) by extension 'ros'
[0.723s] Level 1:colcon.colcon_core.package_identification:_identify(bwf/scripts/genericSphere) by extensions ['cmake', 'python']
[0.723s] Level 1:colcon.colcon_core.package_identification:_identify(bwf/scripts/genericSphere) by extension 'cmake'
[0.723s] Level 1:colcon.colcon_core.package_identification:_identify(bwf/scripts/genericSphere) by extension 'python'
[0.724s] Level 1:colcon.colcon_core.package_identification:_identify(bwf/scripts/genericSphere) by extensions ['python_setup_py']
[0.724s] Level 1:colcon.colcon_core.package_identification:_identify(bwf/scripts/genericSphere) by extension 'python_setup_py'
[0.724s] Level 1:colcon.colcon_core.package_identification:_identify(bwf/scripts/genericThermoformer) by extensions ['ignore', 'ignore_ament_install']
[0.724s] Level 1:colcon.colcon_core.package_identification:_identify(bwf/scripts/genericThermoformer) by extension 'ignore'
[0.724s] Level 1:colcon.colcon_core.package_identification:_identify(bwf/scripts/genericThermoformer) by extension 'ignore_ament_install'
[0.724s] Level 1:colcon.colcon_core.package_identification:_identify(bwf/scripts/genericThermoformer) by extensions ['colcon_pkg']
[0.724s] Level 1:colcon.colcon_core.package_identification:_identify(bwf/scripts/genericThermoformer) by extension 'colcon_pkg'
[0.724s] Level 1:colcon.colcon_core.package_identification:_identify(bwf/scripts/genericThermoformer) by extensions ['colcon_meta']
[0.724s] Level 1:colcon.colcon_core.package_identification:_identify(bwf/scripts/genericThermoformer) by extension 'colcon_meta'
[0.725s] Level 1:colcon.colcon_core.package_identification:_identify(bwf/scripts/genericThermoformer) by extensions ['ros']
[0.725s] Level 1:colcon.colcon_core.package_identification:_identify(bwf/scripts/genericThermoformer) by extension 'ros'
[0.725s] Level 1:colcon.colcon_core.package_identification:_identify(bwf/scripts/genericThermoformer) by extensions ['cmake', 'python']
[0.725s] Level 1:colcon.colcon_core.package_identification:_identify(bwf/scripts/genericThermoformer) by extension 'cmake'
[0.725s] Level 1:colcon.colcon_core.package_identification:_identify(bwf/scripts/genericThermoformer) by extension 'python'
[0.726s] Level 1:colcon.colcon_core.package_identification:_identify(bwf/scripts/genericThermoformer) by extensions ['python_setup_py']
[0.726s] Level 1:colcon.colcon_core.package_identification:_identify(bwf/scripts/genericThermoformer) by extension 'python_setup_py'
[0.726s] Level 1:colcon.colcon_core.package_identification:_identify(bwf/scripts/genericTray) by extensions ['ignore', 'ignore_ament_install']
[0.726s] Level 1:colcon.colcon_core.package_identification:_identify(bwf/scripts/genericTray) by extension 'ignore'
[0.726s] Level 1:colcon.colcon_core.package_identification:_identify(bwf/scripts/genericTray) by extension 'ignore_ament_install'
[0.726s] Level 1:colcon.colcon_core.package_identification:_identify(bwf/scripts/genericTray) by extensions ['colcon_pkg']
[0.726s] Level 1:colcon.colcon_core.package_identification:_identify(bwf/scripts/genericTray) by extension 'colcon_pkg'
[0.726s] Level 1:colcon.colcon_core.package_identification:_identify(bwf/scripts/genericTray) by extensions ['colcon_meta']
[0.726s] Level 1:colcon.colcon_core.package_identification:_identify(bwf/scripts/genericTray) by extension 'colcon_meta'
[0.726s] Level 1:colcon.colcon_core.package_identification:_identify(bwf/scripts/genericTray) by extensions ['ros']
[0.726s] Level 1:colcon.colcon_core.package_identification:_identify(bwf/scripts/genericTray) by extension 'ros'
[0.727s] Level 1:colcon.colcon_core.package_identification:_identify(bwf/scripts/genericTray) by extensions ['cmake', 'python']
[0.727s] Level 1:colcon.colcon_core.package_identification:_identify(bwf/scripts/genericTray) by extension 'cmake'
[0.727s] Level 1:colcon.colcon_core.package_identification:_identify(bwf/scripts/genericTray) by extension 'python'
[0.727s] Level 1:colcon.colcon_core.package_identification:_identify(bwf/scripts/genericTray) by extensions ['python_setup_py']
[0.727s] Level 1:colcon.colcon_core.package_identification:_identify(bwf/scripts/genericTray) by extension 'python_setup_py'
[0.727s] Level 1:colcon.colcon_core.package_identification:_identify(bwf/scripts/inputBox) by extensions ['ignore', 'ignore_ament_install']
[0.727s] Level 1:colcon.colcon_core.package_identification:_identify(bwf/scripts/inputBox) by extension 'ignore'
[0.728s] Level 1:colcon.colcon_core.package_identification:_identify(bwf/scripts/inputBox) by extension 'ignore_ament_install'
[0.728s] Level 1:colcon.colcon_core.package_identification:_identify(bwf/scripts/inputBox) by extensions ['colcon_pkg']
[0.728s] Level 1:colcon.colcon_core.package_identification:_identify(bwf/scripts/inputBox) by extension 'colcon_pkg'
[0.728s] Level 1:colcon.colcon_core.package_identification:_identify(bwf/scripts/inputBox) by extensions ['colcon_meta']
[0.728s] Level 1:colcon.colcon_core.package_identification:_identify(bwf/scripts/inputBox) by extension 'colcon_meta'
[0.728s] Level 1:colcon.colcon_core.package_identification:_identify(bwf/scripts/inputBox) by extensions ['ros']
[0.728s] Level 1:colcon.colcon_core.package_identification:_identify(bwf/scripts/inputBox) by extension 'ros'
[0.728s] Level 1:colcon.colcon_core.package_identification:_identify(bwf/scripts/inputBox) by extensions ['cmake', 'python']
[0.728s] Level 1:colcon.colcon_core.package_identification:_identify(bwf/scripts/inputBox) by extension 'cmake'
[0.728s] Level 1:colcon.colcon_core.package_identification:_identify(bwf/scripts/inputBox) by extension 'python'
[0.728s] Level 1:colcon.colcon_core.package_identification:_identify(bwf/scripts/inputBox) by extensions ['python_setup_py']
[0.728s] Level 1:colcon.colcon_core.package_identification:_identify(bwf/scripts/inputBox) by extension 'python_setup_py'
[0.728s] Level 1:colcon.colcon_core.package_identification:_identify(bwf/scripts/ioHub) by extensions ['ignore', 'ignore_ament_install']
[0.729s] Level 1:colcon.colcon_core.package_identification:_identify(bwf/scripts/ioHub) by extension 'ignore'
[0.729s] Level 1:colcon.colcon_core.package_identification:_identify(bwf/scripts/ioHub) by extension 'ignore_ament_install'
[0.729s] Level 1:colcon.colcon_core.package_identification:_identify(bwf/scripts/ioHub) by extensions ['colcon_pkg']
[0.729s] Level 1:colcon.colcon_core.package_identification:_identify(bwf/scripts/ioHub) by extension 'colcon_pkg'
[0.729s] Level 1:colcon.colcon_core.package_identification:_identify(bwf/scripts/ioHub) by extensions ['colcon_meta']
[0.729s] Level 1:colcon.colcon_core.package_identification:_identify(bwf/scripts/ioHub) by extension 'colcon_meta'
[0.729s] Level 1:colcon.colcon_core.package_identification:_identify(bwf/scripts/ioHub) by extensions ['ros']
[0.729s] Level 1:colcon.colcon_core.package_identification:_identify(bwf/scripts/ioHub) by extension 'ros'
[0.729s] Level 1:colcon.colcon_core.package_identification:_identify(bwf/scripts/ioHub) by extensions ['cmake', 'python']
[0.729s] Level 1:colcon.colcon_core.package_identification:_identify(bwf/scripts/ioHub) by extension 'cmake'
[0.729s] Level 1:colcon.colcon_core.package_identification:_identify(bwf/scripts/ioHub) by extension 'python'
[0.730s] Level 1:colcon.colcon_core.package_identification:_identify(bwf/scripts/ioHub) by extensions ['python_setup_py']
[0.730s] Level 1:colcon.colcon_core.package_identification:_identify(bwf/scripts/ioHub) by extension 'python_setup_py'
[0.730s] Level 1:colcon.colcon_core.package_identification:_identify(bwf/scripts/locationFrame) by extensions ['ignore', 'ignore_ament_install']
[0.730s] Level 1:colcon.colcon_core.package_identification:_identify(bwf/scripts/locationFrame) by extension 'ignore'
[0.730s] Level 1:colcon.colcon_core.package_identification:_identify(bwf/scripts/locationFrame) by extension 'ignore_ament_install'
[0.730s] Level 1:colcon.colcon_core.package_identification:_identify(bwf/scripts/locationFrame) by extensions ['colcon_pkg']
[0.730s] Level 1:colcon.colcon_core.package_identification:_identify(bwf/scripts/locationFrame) by extension 'colcon_pkg'
[0.730s] Level 1:colcon.colcon_core.package_identification:_identify(bwf/scripts/locationFrame) by extensions ['colcon_meta']
[0.730s] Level 1:colcon.colcon_core.package_identification:_identify(bwf/scripts/locationFrame) by extension 'colcon_meta'
[0.730s] Level 1:colcon.colcon_core.package_identification:_identify(bwf/scripts/locationFrame) by extensions ['ros']
[0.730s] Level 1:colcon.colcon_core.package_identification:_identify(bwf/scripts/locationFrame) by extension 'ros'
[0.730s] Level 1:colcon.colcon_core.package_identification:_identify(bwf/scripts/locationFrame) by extensions ['cmake', 'python']
[0.730s] Level 1:colcon.colcon_core.package_identification:_identify(bwf/scripts/locationFrame) by extension 'cmake'
[0.730s] Level 1:colcon.colcon_core.package_identification:_identify(bwf/scripts/locationFrame) by extension 'python'
[0.731s] Level 1:colcon.colcon_core.package_identification:_identify(bwf/scripts/locationFrame) by extensions ['python_setup_py']
[0.731s] Level 1:colcon.colcon_core.package_identification:_identify(bwf/scripts/locationFrame) by extension 'python_setup_py'
[0.731s] Level 1:colcon.colcon_core.package_identification:_identify(bwf/scripts/mainScript) by extensions ['ignore', 'ignore_ament_install']
[0.731s] Level 1:colcon.colcon_core.package_identification:_identify(bwf/scripts/mainScript) by extension 'ignore'
[0.731s] Level 1:colcon.colcon_core.package_identification:_identify(bwf/scripts/mainScript) by extension 'ignore_ament_install'
[0.731s] Level 1:colcon.colcon_core.package_identification:_identify(bwf/scripts/mainScript) by extensions ['colcon_pkg']
[0.731s] Level 1:colcon.colcon_core.package_identification:_identify(bwf/scripts/mainScript) by extension 'colcon_pkg'
[0.731s] Level 1:colcon.colcon_core.package_identification:_identify(bwf/scripts/mainScript) by extensions ['colcon_meta']
[0.731s] Level 1:colcon.colcon_core.package_identification:_identify(bwf/scripts/mainScript) by extension 'colcon_meta'
[0.732s] Level 1:colcon.colcon_core.package_identification:_identify(bwf/scripts/mainScript) by extensions ['ros']
[0.732s] Level 1:colcon.colcon_core.package_identification:_identify(bwf/scripts/mainScript) by extension 'ros'
[0.732s] Level 1:colcon.colcon_core.package_identification:_identify(bwf/scripts/mainScript) by extensions ['cmake', 'python']
[0.732s] Level 1:colcon.colcon_core.package_identification:_identify(bwf/scripts/mainScript) by extension 'cmake'
[0.732s] Level 1:colcon.colcon_core.package_identification:_identify(bwf/scripts/mainScript) by extension 'python'
[0.732s] Level 1:colcon.colcon_core.package_identification:_identify(bwf/scripts/mainScript) by extensions ['python_setup_py']
[0.732s] Level 1:colcon.colcon_core.package_identification:_identify(bwf/scripts/mainScript) by extension 'python_setup_py'
[0.732s] Level 1:colcon.colcon_core.package_identification:_identify(bwf/scripts/outputBox) by extensions ['ignore', 'ignore_ament_install']
[0.733s] Level 1:colcon.colcon_core.package_identification:_identify(bwf/scripts/outputBox) by extension 'ignore'
[0.733s] Level 1:colcon.colcon_core.package_identification:_identify(bwf/scripts/outputBox) by extension 'ignore_ament_install'
[0.733s] Level 1:colcon.colcon_core.package_identification:_identify(bwf/scripts/outputBox) by extensions ['colcon_pkg']
[0.733s] Level 1:colcon.colcon_core.package_identification:_identify(bwf/scripts/outputBox) by extension 'colcon_pkg'
[0.733s] Level 1:colcon.colcon_core.package_identification:_identify(bwf/scripts/outputBox) by extensions ['colcon_meta']
[0.733s] Level 1:colcon.colcon_core.package_identification:_identify(bwf/scripts/outputBox) by extension 'colcon_meta'
[0.733s] Level 1:colcon.colcon_core.package_identification:_identify(bwf/scripts/outputBox) by extensions ['ros']
[0.733s] Level 1:colcon.colcon_core.package_identification:_identify(bwf/scripts/outputBox) by extension 'ros'
[0.734s] Level 1:colcon.colcon_core.package_identification:_identify(bwf/scripts/outputBox) by extensions ['cmake', 'python']
[0.734s] Level 1:colcon.colcon_core.package_identification:_identify(bwf/scripts/outputBox) by extension 'cmake'
[0.734s] Level 1:colcon.colcon_core.package_identification:_identify(bwf/scripts/outputBox) by extension 'python'
[0.734s] Level 1:colcon.colcon_core.package_identification:_identify(bwf/scripts/outputBox) by extensions ['python_setup_py']
[0.734s] Level 1:colcon.colcon_core.package_identification:_identify(bwf/scripts/outputBox) by extension 'python_setup_py'
[0.734s] Level 1:colcon.colcon_core.package_identification:_identify(bwf/scripts/palletRepository) by extensions ['ignore', 'ignore_ament_install']
[0.734s] Level 1:colcon.colcon_core.package_identification:_identify(bwf/scripts/palletRepository) by extension 'ignore'
[0.734s] Level 1:colcon.colcon_core.package_identification:_identify(bwf/scripts/palletRepository) by extension 'ignore_ament_install'
[0.734s] Level 1:colcon.colcon_core.package_identification:_identify(bwf/scripts/palletRepository) by extensions ['colcon_pkg']
[0.734s] Level 1:colcon.colcon_core.package_identification:_identify(bwf/scripts/palletRepository) by extension 'colcon_pkg'
[0.735s] Level 1:colcon.colcon_core.package_identification:_identify(bwf/scripts/palletRepository) by extensions ['colcon_meta']
[0.735s] Level 1:colcon.colcon_core.package_identification:_identify(bwf/scripts/palletRepository) by extension 'colcon_meta'
[0.735s] Level 1:colcon.colcon_core.package_identification:_identify(bwf/scripts/palletRepository) by extensions ['ros']
[0.735s] Level 1:colcon.colcon_core.package_identification:_identify(bwf/scripts/palletRepository) by extension 'ros'
[0.735s] Level 1:colcon.colcon_core.package_identification:_identify(bwf/scripts/palletRepository) by extensions ['cmake', 'python']
[0.735s] Level 1:colcon.colcon_core.package_identification:_identify(bwf/scripts/palletRepository) by extension 'cmake'
[0.735s] Level 1:colcon.colcon_core.package_identification:_identify(bwf/scripts/palletRepository) by extension 'python'
[0.735s] Level 1:colcon.colcon_core.package_identification:_identify(bwf/scripts/palletRepository) by extensions ['python_setup_py']
[0.735s] Level 1:colcon.colcon_core.package_identification:_identify(bwf/scripts/palletRepository) by extension 'python_setup_py'
[0.736s] Level 1:colcon.colcon_core.package_identification:_identify(bwf/scripts/partCreationAndHandling) by extensions ['ignore', 'ignore_ament_install']
[0.736s] Level 1:colcon.colcon_core.package_identification:_identify(bwf/scripts/partCreationAndHandling) by extension 'ignore'
[0.736s] Level 1:colcon.colcon_core.package_identification:_identify(bwf/scripts/partCreationAndHandling) by extension 'ignore_ament_install'
[0.736s] Level 1:colcon.colcon_core.package_identification:_identify(bwf/scripts/partCreationAndHandling) by extensions ['colcon_pkg']
[0.736s] Level 1:colcon.colcon_core.package_identification:_identify(bwf/scripts/partCreationAndHandling) by extension 'colcon_pkg'
[0.736s] Level 1:colcon.colcon_core.package_identification:_identify(bwf/scripts/partCreationAndHandling) by extensions ['colcon_meta']
[0.736s] Level 1:colcon.colcon_core.package_identification:_identify(bwf/scripts/partCreationAndHandling) by extension 'colcon_meta'
[0.736s] Level 1:colcon.colcon_core.package_identification:_identify(bwf/scripts/partCreationAndHandling) by extensions ['ros']
[0.736s] Level 1:colcon.colcon_core.package_identification:_identify(bwf/scripts/partCreationAndHandling) by extension 'ros'
[0.736s] Level 1:colcon.colcon_core.package_identification:_identify(bwf/scripts/partCreationAndHandling) by extensions ['cmake', 'python']
[0.737s] Level 1:colcon.colcon_core.package_identification:_identify(bwf/scripts/partCreationAndHandling) by extension 'cmake'
[0.737s] Level 1:colcon.colcon_core.package_identification:_identify(bwf/scripts/partCreationAndHandling) by extension 'python'
[0.737s] Level 1:colcon.colcon_core.package_identification:_identify(bwf/scripts/partCreationAndHandling) by extensions ['python_setup_py']
[0.737s] Level 1:colcon.colcon_core.package_identification:_identify(bwf/scripts/partCreationAndHandling) by extension 'python_setup_py'
[0.737s] Level 1:colcon.colcon_core.package_identification:_identify(bwf/scripts/partGenerator) by extensions ['ignore', 'ignore_ament_install']
[0.737s] Level 1:colcon.colcon_core.package_identification:_identify(bwf/scripts/partGenerator) by extension 'ignore'
[0.737s] Level 1:colcon.colcon_core.package_identification:_identify(bwf/scripts/partGenerator) by extension 'ignore_ament_install'
[0.737s] Level 1:colcon.colcon_core.package_identification:_identify(bwf/scripts/partGenerator) by extensions ['colcon_pkg']
[0.737s] Level 1:colcon.colcon_core.package_identification:_identify(bwf/scripts/partGenerator) by extension 'colcon_pkg'
[0.737s] Level 1:colcon.colcon_core.package_identification:_identify(bwf/scripts/partGenerator) by extensions ['colcon_meta']
[0.737s] Level 1:colcon.colcon_core.package_identification:_identify(bwf/scripts/partGenerator) by extension 'colcon_meta'
[0.737s] Level 1:colcon.colcon_core.package_identification:_identify(bwf/scripts/partGenerator) by extensions ['ros']
[0.737s] Level 1:colcon.colcon_core.package_identification:_identify(bwf/scripts/partGenerator) by extension 'ros'
[0.737s] Level 1:colcon.colcon_core.package_identification:_identify(bwf/scripts/partGenerator) by extensions ['cmake', 'python']
[0.738s] Level 1:colcon.colcon_core.package_identification:_identify(bwf/scripts/partGenerator) by extension 'cmake'
[0.738s] Level 1:colcon.colcon_core.package_identification:_identify(bwf/scripts/partGenerator) by extension 'python'
[0.738s] Level 1:colcon.colcon_core.package_identification:_identify(bwf/scripts/partGenerator) by extensions ['python_setup_py']
[0.738s] Level 1:colcon.colcon_core.package_identification:_identify(bwf/scripts/partGenerator) by extension 'python_setup_py'
[0.738s] Level 1:colcon.colcon_core.package_identification:_identify(bwf/scripts/partRepository) by extensions ['ignore', 'ignore_ament_install']
[0.738s] Level 1:colcon.colcon_core.package_identification:_identify(bwf/scripts/partRepository) by extension 'ignore'
[0.738s] Level 1:colcon.colcon_core.package_identification:_identify(bwf/scripts/partRepository) by extension 'ignore_ament_install'
[0.739s] Level 1:colcon.colcon_core.package_identification:_identify(bwf/scripts/partRepository) by extensions ['colcon_pkg']
[0.739s] Level 1:colcon.colcon_core.package_identification:_identify(bwf/scripts/partRepository) by extension 'colcon_pkg'
[0.739s] Level 1:colcon.colcon_core.package_identification:_identify(bwf/scripts/partRepository) by extensions ['colcon_meta']
[0.739s] Level 1:colcon.colcon_core.package_identification:_identify(bwf/scripts/partRepository) by extension 'colcon_meta'
[0.739s] Level 1:colcon.colcon_core.package_identification:_identify(bwf/scripts/partRepository) by extensions ['ros']
[0.739s] Level 1:colcon.colcon_core.package_identification:_identify(bwf/scripts/partRepository) by extension 'ros'
[0.739s] Level 1:colcon.colcon_core.package_identification:_identify(bwf/scripts/partRepository) by extensions ['cmake', 'python']
[0.739s] Level 1:colcon.colcon_core.package_identification:_identify(bwf/scripts/partRepository) by extension 'cmake'
[0.739s] Level 1:colcon.colcon_core.package_identification:_identify(bwf/scripts/partRepository) by extension 'python'
[0.739s] Level 1:colcon.colcon_core.package_identification:_identify(bwf/scripts/partRepository) by extensions ['python_setup_py']
[0.739s] Level 1:colcon.colcon_core.package_identification:_identify(bwf/scripts/partRepository) by extension 'python_setup_py'
[0.739s] Level 1:colcon.colcon_core.package_identification:_identify(bwf/scripts/partSink) by extensions ['ignore', 'ignore_ament_install']
[0.739s] Level 1:colcon.colcon_core.package_identification:_identify(bwf/scripts/partSink) by extension 'ignore'
[0.739s] Level 1:colcon.colcon_core.package_identification:_identify(bwf/scripts/partSink) by extension 'ignore_ament_install'
[0.739s] Level 1:colcon.colcon_core.package_identification:_identify(bwf/scripts/partSink) by extensions ['colcon_pkg']
[0.739s] Level 1:colcon.colcon_core.package_identification:_identify(bwf/scripts/partSink) by extension 'colcon_pkg'
[0.739s] Level 1:colcon.colcon_core.package_identification:_identify(bwf/scripts/partSink) by extensions ['colcon_meta']
[0.740s] Level 1:colcon.colcon_core.package_identification:_identify(bwf/scripts/partSink) by extension 'colcon_meta'
[0.740s] Level 1:colcon.colcon_core.package_identification:_identify(bwf/scripts/partSink) by extensions ['ros']
[0.740s] Level 1:colcon.colcon_core.package_identification:_identify(bwf/scripts/partSink) by extension 'ros'
[0.740s] Level 1:colcon.colcon_core.package_identification:_identify(bwf/scripts/partSink) by extensions ['cmake', 'python']
[0.740s] Level 1:colcon.colcon_core.package_identification:_identify(bwf/scripts/partSink) by extension 'cmake'
[0.740s] Level 1:colcon.colcon_core.package_identification:_identify(bwf/scripts/partSink) by extension 'python'
[0.740s] Level 1:colcon.colcon_core.package_identification:_identify(bwf/scripts/partSink) by extensions ['python_setup_py']
[0.740s] Level 1:colcon.colcon_core.package_identification:_identify(bwf/scripts/partSink) by extension 'python_setup_py'
[0.740s] Level 1:colcon.colcon_core.package_identification:_identify(bwf/scripts/part_common) by extensions ['ignore', 'ignore_ament_install']
[0.740s] Level 1:colcon.colcon_core.package_identification:_identify(bwf/scripts/part_common) by extension 'ignore'
[0.741s] Level 1:colcon.colcon_core.package_identification:_identify(bwf/scripts/part_common) by extension 'ignore_ament_install'
[0.741s] Level 1:colcon.colcon_core.package_identification:_identify(bwf/scripts/part_common) by extensions ['colcon_pkg']
[0.741s] Level 1:colcon.colcon_core.package_identification:_identify(bwf/scripts/part_common) by extension 'colcon_pkg'
[0.741s] Level 1:colcon.colcon_core.package_identification:_identify(bwf/scripts/part_common) by extensions ['colcon_meta']
[0.741s] Level 1:colcon.colcon_core.package_identification:_identify(bwf/scripts/part_common) by extension 'colcon_meta'
[0.741s] Level 1:colcon.colcon_core.package_identification:_identify(bwf/scripts/part_common) by extensions ['ros']
[0.741s] Level 1:colcon.colcon_core.package_identification:_identify(bwf/scripts/part_common) by extension 'ros'
[0.741s] Level 1:colcon.colcon_core.package_identification:_identify(bwf/scripts/part_common) by extensions ['cmake', 'python']
[0.741s] Level 1:colcon.colcon_core.package_identification:_identify(bwf/scripts/part_common) by extension 'cmake'
[0.741s] Level 1:colcon.colcon_core.package_identification:_identify(bwf/scripts/part_common) by extension 'python'
[0.741s] Level 1:colcon.colcon_core.package_identification:_identify(bwf/scripts/part_common) by extensions ['python_setup_py']
[0.741s] Level 1:colcon.colcon_core.package_identification:_identify(bwf/scripts/part_common) by extension 'python_setup_py'
[0.742s] Level 1:colcon.colcon_core.package_identification:_identify(bwf/scripts/ragnar) by extensions ['ignore', 'ignore_ament_install']
[0.742s] Level 1:colcon.colcon_core.package_identification:_identify(bwf/scripts/ragnar) by extension 'ignore'
[0.742s] Level 1:colcon.colcon_core.package_identification:_identify(bwf/scripts/ragnar) by extension 'ignore_ament_install'
[0.742s] Level 1:colcon.colcon_core.package_identification:_identify(bwf/scripts/ragnar) by extensions ['colcon_pkg']
[0.742s] Level 1:colcon.colcon_core.package_identification:_identify(bwf/scripts/ragnar) by extension 'colcon_pkg'
[0.742s] Level 1:colcon.colcon_core.package_identification:_identify(bwf/scripts/ragnar) by extensions ['colcon_meta']
[0.742s] Level 1:colcon.colcon_core.package_identification:_identify(bwf/scripts/ragnar) by extension 'colcon_meta'
[0.743s] Level 1:colcon.colcon_core.package_identification:_identify(bwf/scripts/ragnar) by extensions ['ros']
[0.743s] Level 1:colcon.colcon_core.package_identification:_identify(bwf/scripts/ragnar) by extension 'ros'
[0.743s] Level 1:colcon.colcon_core.package_identification:_identify(bwf/scripts/ragnar) by extensions ['cmake', 'python']
[0.743s] Level 1:colcon.colcon_core.package_identification:_identify(bwf/scripts/ragnar) by extension 'cmake'
[0.743s] Level 1:colcon.colcon_core.package_identification:_identify(bwf/scripts/ragnar) by extension 'python'
[0.743s] Level 1:colcon.colcon_core.package_identification:_identify(bwf/scripts/ragnar) by extensions ['python_setup_py']
[0.743s] Level 1:colcon.colcon_core.package_identification:_identify(bwf/scripts/ragnar) by extension 'python_setup_py'
[0.744s] Level 1:colcon.colcon_core.package_identification:_identify(bwf/scripts/ragnarCamera) by extensions ['ignore', 'ignore_ament_install']
[0.744s] Level 1:colcon.colcon_core.package_identification:_identify(bwf/scripts/ragnarCamera) by extension 'ignore'
[0.744s] Level 1:colcon.colcon_core.package_identification:_identify(bwf/scripts/ragnarCamera) by extension 'ignore_ament_install'
[0.744s] Level 1:colcon.colcon_core.package_identification:_identify(bwf/scripts/ragnarCamera) by extensions ['colcon_pkg']
[0.744s] Level 1:colcon.colcon_core.package_identification:_identify(bwf/scripts/ragnarCamera) by extension 'colcon_pkg'
[0.744s] Level 1:colcon.colcon_core.package_identification:_identify(bwf/scripts/ragnarCamera) by extensions ['colcon_meta']
[0.744s] Level 1:colcon.colcon_core.package_identification:_identify(bwf/scripts/ragnarCamera) by extension 'colcon_meta'
[0.744s] Level 1:colcon.colcon_core.package_identification:_identify(bwf/scripts/ragnarCamera) by extensions ['ros']
[0.744s] Level 1:colcon.colcon_core.package_identification:_identify(bwf/scripts/ragnarCamera) by extension 'ros'
[0.745s] Level 1:colcon.colcon_core.package_identification:_identify(bwf/scripts/ragnarCamera) by extensions ['cmake', 'python']
[0.745s] Level 1:colcon.colcon_core.package_identification:_identify(bwf/scripts/ragnarCamera) by extension 'cmake'
[0.745s] Level 1:colcon.colcon_core.package_identification:_identify(bwf/scripts/ragnarCamera) by extension 'python'
[0.745s] Level 1:colcon.colcon_core.package_identification:_identify(bwf/scripts/ragnarCamera) by extensions ['python_setup_py']
[0.745s] Level 1:colcon.colcon_core.package_identification:_identify(bwf/scripts/ragnarCamera) by extension 'python_setup_py'
[0.745s] Level 1:colcon.colcon_core.package_identification:_identify(bwf/scripts/ragnarDetector) by extensions ['ignore', 'ignore_ament_install']
[0.745s] Level 1:colcon.colcon_core.package_identification:_identify(bwf/scripts/ragnarDetector) by extension 'ignore'
[0.746s] Level 1:colcon.colcon_core.package_identification:_identify(bwf/scripts/ragnarDetector) by extension 'ignore_ament_install'
[0.746s] Level 1:colcon.colcon_core.package_identification:_identify(bwf/scripts/ragnarDetector) by extensions ['colcon_pkg']
[0.746s] Level 1:colcon.colcon_core.package_identification:_identify(bwf/scripts/ragnarDetector) by extension 'colcon_pkg'
[0.746s] Level 1:colcon.colcon_core.package_identification:_identify(bwf/scripts/ragnarDetector) by extensions ['colcon_meta']
[0.746s] Level 1:colcon.colcon_core.package_identification:_identify(bwf/scripts/ragnarDetector) by extension 'colcon_meta'
[0.746s] Level 1:colcon.colcon_core.package_identification:_identify(bwf/scripts/ragnarDetector) by extensions ['ros']
[0.746s] Level 1:colcon.colcon_core.package_identification:_identify(bwf/scripts/ragnarDetector) by extension 'ros'
[0.746s] Level 1:colcon.colcon_core.package_identification:_identify(bwf/scripts/ragnarDetector) by extensions ['cmake', 'python']
[0.746s] Level 1:colcon.colcon_core.package_identification:_identify(bwf/scripts/ragnarDetector) by extension 'cmake'
[0.746s] Level 1:colcon.colcon_core.package_identification:_identify(bwf/scripts/ragnarDetector) by extension 'python'
[0.746s] Level 1:colcon.colcon_core.package_identification:_identify(bwf/scripts/ragnarDetector) by extensions ['python_setup_py']
[0.746s] Level 1:colcon.colcon_core.package_identification:_identify(bwf/scripts/ragnarDetector) by extension 'python_setup_py'
[0.746s] Level 1:colcon.colcon_core.package_identification:_identify(bwf/scripts/ragnarFrame) by extensions ['ignore', 'ignore_ament_install']
[0.749s] Level 1:colcon.colcon_core.package_identification:_identify(bwf/scripts/ragnarFrame) by extension 'ignore'
[0.749s] Level 1:colcon.colcon_core.package_identification:_identify(bwf/scripts/ragnarFrame) by extension 'ignore_ament_install'
[0.749s] Level 1:colcon.colcon_core.package_identification:_identify(bwf/scripts/ragnarFrame) by extensions ['colcon_pkg']
[0.749s] Level 1:colcon.colcon_core.package_identification:_identify(bwf/scripts/ragnarFrame) by extension 'colcon_pkg'
[0.749s] Level 1:colcon.colcon_core.package_identification:_identify(bwf/scripts/ragnarFrame) by extensions ['colcon_meta']
[0.749s] Level 1:colcon.colcon_core.package_identification:_identify(bwf/scripts/ragnarFrame) by extension 'colcon_meta'
[0.749s] Level 1:colcon.colcon_core.package_identification:_identify(bwf/scripts/ragnarFrame) by extensions ['ros']
[0.750s] Level 1:colcon.colcon_core.package_identification:_identify(bwf/scripts/ragnarFrame) by extension 'ros'
[0.750s] Level 1:colcon.colcon_core.package_identification:_identify(bwf/scripts/ragnarFrame) by extensions ['cmake', 'python']
[0.750s] Level 1:colcon.colcon_core.package_identification:_identify(bwf/scripts/ragnarFrame) by extension 'cmake'
[0.750s] Level 1:colcon.colcon_core.package_identification:_identify(bwf/scripts/ragnarFrame) by extension 'python'
[0.750s] Level 1:colcon.colcon_core.package_identification:_identify(bwf/scripts/ragnarFrame) by extensions ['python_setup_py']
[0.750s] Level 1:colcon.colcon_core.package_identification:_identify(bwf/scripts/ragnarFrame) by extension 'python_setup_py'
[0.751s] Level 1:colcon.colcon_core.package_identification:_identify(bwf/scripts/ragnarGripper) by extensions ['ignore', 'ignore_ament_install']
[0.751s] Level 1:colcon.colcon_core.package_identification:_identify(bwf/scripts/ragnarGripper) by extension 'ignore'
[0.751s] Level 1:colcon.colcon_core.package_identification:_identify(bwf/scripts/ragnarGripper) by extension 'ignore_ament_install'
[0.751s] Level 1:colcon.colcon_core.package_identification:_identify(bwf/scripts/ragnarGripper) by extensions ['colcon_pkg']
[0.751s] Level 1:colcon.colcon_core.package_identification:_identify(bwf/scripts/ragnarGripper) by extension 'colcon_pkg'
[0.751s] Level 1:colcon.colcon_core.package_identification:_identify(bwf/scripts/ragnarGripper) by extensions ['colcon_meta']
[0.751s] Level 1:colcon.colcon_core.package_identification:_identify(bwf/scripts/ragnarGripper) by extension 'colcon_meta'
[0.751s] Level 1:colcon.colcon_core.package_identification:_identify(bwf/scripts/ragnarGripper) by extensions ['ros']
[0.751s] Level 1:colcon.colcon_core.package_identification:_identify(bwf/scripts/ragnarGripper) by extension 'ros'
[0.752s] Level 1:colcon.colcon_core.package_identification:_identify(bwf/scripts/ragnarGripper) by extensions ['cmake', 'python']
[0.752s] Level 1:colcon.colcon_core.package_identification:_identify(bwf/scripts/ragnarGripper) by extension 'cmake'
[0.752s] Level 1:colcon.colcon_core.package_identification:_identify(bwf/scripts/ragnarGripper) by extension 'python'
[0.752s] Level 1:colcon.colcon_core.package_identification:_identify(bwf/scripts/ragnarGripper) by extensions ['python_setup_py']
[0.752s] Level 1:colcon.colcon_core.package_identification:_identify(bwf/scripts/ragnarGripper) by extension 'python_setup_py'
[0.752s] Level 1:colcon.colcon_core.package_identification:_identify(bwf/scripts/ragnarGripperPlatform) by extensions ['ignore', 'ignore_ament_install']
[0.752s] Level 1:colcon.colcon_core.package_identification:_identify(bwf/scripts/ragnarGripperPlatform) by extension 'ignore'
[0.753s] Level 1:colcon.colcon_core.package_identification:_identify(bwf/scripts/ragnarGripperPlatform) by extension 'ignore_ament_install'
[0.753s] Level 1:colcon.colcon_core.package_identification:_identify(bwf/scripts/ragnarGripperPlatform) by extensions ['colcon_pkg']
[0.753s] Level 1:colcon.colcon_core.package_identification:_identify(bwf/scripts/ragnarGripperPlatform) by extension 'colcon_pkg'
[0.753s] Level 1:colcon.colcon_core.package_identification:_identify(bwf/scripts/ragnarGripperPlatform) by extensions ['colcon_meta']
[0.753s] Level 1:colcon.colcon_core.package_identification:_identify(bwf/scripts/ragnarGripperPlatform) by extension 'colcon_meta'
[0.753s] Level 1:colcon.colcon_core.package_identification:_identify(bwf/scripts/ragnarGripperPlatform) by extensions ['ros']
[0.753s] Level 1:colcon.colcon_core.package_identification:_identify(bwf/scripts/ragnarGripperPlatform) by extension 'ros'
[0.753s] Level 1:colcon.colcon_core.package_identification:_identify(bwf/scripts/ragnarGripperPlatform) by extensions ['cmake', 'python']
[0.753s] Level 1:colcon.colcon_core.package_identification:_identify(bwf/scripts/ragnarGripperPlatform) by extension 'cmake'
[0.753s] Level 1:colcon.colcon_core.package_identification:_identify(bwf/scripts/ragnarGripperPlatform) by extension 'python'
[0.753s] Level 1:colcon.colcon_core.package_identification:_identify(bwf/scripts/ragnarGripperPlatform) by extensions ['python_setup_py']
[0.753s] Level 1:colcon.colcon_core.package_identification:_identify(bwf/scripts/ragnarGripperPlatform) by extension 'python_setup_py'
[0.754s] Level 1:colcon.colcon_core.package_identification:_identify(bwf/scripts/ragnarRef) by extensions ['ignore', 'ignore_ament_install']
[0.754s] Level 1:colcon.colcon_core.package_identification:_identify(bwf/scripts/ragnarRef) by extension 'ignore'
[0.754s] Level 1:colcon.colcon_core.package_identification:_identify(bwf/scripts/ragnarRef) by extension 'ignore_ament_install'
[0.754s] Level 1:colcon.colcon_core.package_identification:_identify(bwf/scripts/ragnarRef) by extensions ['colcon_pkg']
[0.754s] Level 1:colcon.colcon_core.package_identification:_identify(bwf/scripts/ragnarRef) by extension 'colcon_pkg'
[0.754s] Level 1:colcon.colcon_core.package_identification:_identify(bwf/scripts/ragnarRef) by extensions ['colcon_meta']
[0.755s] Level 1:colcon.colcon_core.package_identification:_identify(bwf/scripts/ragnarRef) by extension 'colcon_meta'
[0.755s] Level 1:colcon.colcon_core.package_identification:_identify(bwf/scripts/ragnarRef) by extensions ['ros']
[0.755s] Level 1:colcon.colcon_core.package_identification:_identify(bwf/scripts/ragnarRef) by extension 'ros'
[0.755s] Level 1:colcon.colcon_core.package_identification:_identify(bwf/scripts/ragnarRef) by extensions ['cmake', 'python']
[0.755s] Level 1:colcon.colcon_core.package_identification:_identify(bwf/scripts/ragnarRef) by extension 'cmake'
[0.755s] Level 1:colcon.colcon_core.package_identification:_identify(bwf/scripts/ragnarRef) by extension 'python'
[0.755s] Level 1:colcon.colcon_core.package_identification:_identify(bwf/scripts/ragnarRef) by extensions ['python_setup_py']
[0.755s] Level 1:colcon.colcon_core.package_identification:_identify(bwf/scripts/ragnarRef) by extension 'python_setup_py'
[0.755s] Level 1:colcon.colcon_core.package_identification:_identify(bwf/scripts/ragnarSensor) by extensions ['ignore', 'ignore_ament_install']
[0.755s] Level 1:colcon.colcon_core.package_identification:_identify(bwf/scripts/ragnarSensor) by extension 'ignore'
[0.755s] Level 1:colcon.colcon_core.package_identification:_identify(bwf/scripts/ragnarSensor) by extension 'ignore_ament_install'
[0.755s] Level 1:colcon.colcon_core.package_identification:_identify(bwf/scripts/ragnarSensor) by extensions ['colcon_pkg']
[0.755s] Level 1:colcon.colcon_core.package_identification:_identify(bwf/scripts/ragnarSensor) by extension 'colcon_pkg'
[0.755s] Level 1:colcon.colcon_core.package_identification:_identify(bwf/scripts/ragnarSensor) by extensions ['colcon_meta']
[0.756s] Level 1:colcon.colcon_core.package_identification:_identify(bwf/scripts/ragnarSensor) by extension 'colcon_meta'
[0.756s] Level 1:colcon.colcon_core.package_identification:_identify(bwf/scripts/ragnarSensor) by extensions ['ros']
[0.756s] Level 1:colcon.colcon_core.package_identification:_identify(bwf/scripts/ragnarSensor) by extension 'ros'
[0.756s] Level 1:colcon.colcon_core.package_identification:_identify(bwf/scripts/ragnarSensor) by extensions ['cmake', 'python']
[0.756s] Level 1:colcon.colcon_core.package_identification:_identify(bwf/scripts/ragnarSensor) by extension 'cmake'
[0.756s] Level 1:colcon.colcon_core.package_identification:_identify(bwf/scripts/ragnarSensor) by extension 'python'
[0.756s] Level 1:colcon.colcon_core.package_identification:_identify(bwf/scripts/ragnarSensor) by extensions ['python_setup_py']
[0.756s] Level 1:colcon.colcon_core.package_identification:_identify(bwf/scripts/ragnarSensor) by extension 'python_setup_py'
[0.757s] Level 1:colcon.colcon_core.package_identification:_identify(bwf/scripts/ragnarVision) by extensions ['ignore', 'ignore_ament_install']
[0.757s] Level 1:colcon.colcon_core.package_identification:_identify(bwf/scripts/ragnarVision) by extension 'ignore'
[0.757s] Level 1:colcon.colcon_core.package_identification:_identify(bwf/scripts/ragnarVision) by extension 'ignore_ament_install'
[0.757s] Level 1:colcon.colcon_core.package_identification:_identify(bwf/scripts/ragnarVision) by extensions ['colcon_pkg']
[0.757s] Level 1:colcon.colcon_core.package_identification:_identify(bwf/scripts/ragnarVision) by extension 'colcon_pkg'
[0.757s] Level 1:colcon.colcon_core.package_identification:_identify(bwf/scripts/ragnarVision) by extensions ['colcon_meta']
[0.757s] Level 1:colcon.colcon_core.package_identification:_identify(bwf/scripts/ragnarVision) by extension 'colcon_meta'
[0.757s] Level 1:colcon.colcon_core.package_identification:_identify(bwf/scripts/ragnarVision) by extensions ['ros']
[0.757s] Level 1:colcon.colcon_core.package_identification:_identify(bwf/scripts/ragnarVision) by extension 'ros'
[0.758s] Level 1:colcon.colcon_core.package_identification:_identify(bwf/scripts/ragnarVision) by extensions ['cmake', 'python']
[0.758s] Level 1:colcon.colcon_core.package_identification:_identify(bwf/scripts/ragnarVision) by extension 'cmake'
[0.758s] Level 1:colcon.colcon_core.package_identification:_identify(bwf/scripts/ragnarVision) by extension 'python'
[0.758s] Level 1:colcon.colcon_core.package_identification:_identify(bwf/scripts/ragnarVision) by extensions ['python_setup_py']
[0.758s] Level 1:colcon.colcon_core.package_identification:_identify(bwf/scripts/ragnarVision) by extension 'python_setup_py'
[0.758s] Level 1:colcon.colcon_core.package_identification:_identify(bwf/scripts/shared) by extensions ['ignore', 'ignore_ament_install']
[0.758s] Level 1:colcon.colcon_core.package_identification:_identify(bwf/scripts/shared) by extension 'ignore'
[0.758s] Level 1:colcon.colcon_core.package_identification:_identify(bwf/scripts/shared) by extension 'ignore_ament_install'
[0.759s] Level 1:colcon.colcon_core.package_identification:_identify(bwf/scripts/shared) by extensions ['colcon_pkg']
[0.759s] Level 1:colcon.colcon_core.package_identification:_identify(bwf/scripts/shared) by extension 'colcon_pkg'
[0.759s] Level 1:colcon.colcon_core.package_identification:_identify(bwf/scripts/shared) by extensions ['colcon_meta']
[0.759s] Level 1:colcon.colcon_core.package_identification:_identify(bwf/scripts/shared) by extension 'colcon_meta'
[0.759s] Level 1:colcon.colcon_core.package_identification:_identify(bwf/scripts/shared) by extensions ['ros']
[0.759s] Level 1:colcon.colcon_core.package_identification:_identify(bwf/scripts/shared) by extension 'ros'
[0.759s] Level 1:colcon.colcon_core.package_identification:_identify(bwf/scripts/shared) by extensions ['cmake', 'python']
[0.759s] Level 1:colcon.colcon_core.package_identification:_identify(bwf/scripts/shared) by extension 'cmake'
[0.759s] Level 1:colcon.colcon_core.package_identification:_identify(bwf/scripts/shared) by extension 'python'
[0.759s] Level 1:colcon.colcon_core.package_identification:_identify(bwf/scripts/shared) by extensions ['python_setup_py']
[0.759s] Level 1:colcon.colcon_core.package_identification:_identify(bwf/scripts/shared) by extension 'python_setup_py'
[0.760s] Level 1:colcon.colcon_core.package_identification:_identify(bwf/scripts/testModel) by extensions ['ignore', 'ignore_ament_install']
[0.760s] Level 1:colcon.colcon_core.package_identification:_identify(bwf/scripts/testModel) by extension 'ignore'
[0.760s] Level 1:colcon.colcon_core.package_identification:_identify(bwf/scripts/testModel) by extension 'ignore_ament_install'
[0.760s] Level 1:colcon.colcon_core.package_identification:_identify(bwf/scripts/testModel) by extensions ['colcon_pkg']
[0.760s] Level 1:colcon.colcon_core.package_identification:_identify(bwf/scripts/testModel) by extension 'colcon_pkg'
[0.760s] Level 1:colcon.colcon_core.package_identification:_identify(bwf/scripts/testModel) by extensions ['colcon_meta']
[0.760s] Level 1:colcon.colcon_core.package_identification:_identify(bwf/scripts/testModel) by extension 'colcon_meta'
[0.760s] Level 1:colcon.colcon_core.package_identification:_identify(bwf/scripts/testModel) by extensions ['ros']
[0.760s] Level 1:colcon.colcon_core.package_identification:_identify(bwf/scripts/testModel) by extension 'ros'
[0.760s] Level 1:colcon.colcon_core.package_identification:_identify(bwf/scripts/testModel) by extensions ['cmake', 'python']
[0.760s] Level 1:colcon.colcon_core.package_identification:_identify(bwf/scripts/testModel) by extension 'cmake'
[0.761s] Level 1:colcon.colcon_core.package_identification:_identify(bwf/scripts/testModel) by extension 'python'
[0.761s] Level 1:colcon.colcon_core.package_identification:_identify(bwf/scripts/testModel) by extensions ['python_setup_py']
[0.761s] Level 1:colcon.colcon_core.package_identification:_identify(bwf/scripts/testModel) by extension 'python_setup_py'
[0.761s] Level 1:colcon.colcon_core.package_identification:_identify(bwf/scripts/trackingWindow) by extensions ['ignore', 'ignore_ament_install']
[0.761s] Level 1:colcon.colcon_core.package_identification:_identify(bwf/scripts/trackingWindow) by extension 'ignore'
[0.761s] Level 1:colcon.colcon_core.package_identification:_identify(bwf/scripts/trackingWindow) by extension 'ignore_ament_install'
[0.761s] Level 1:colcon.colcon_core.package_identification:_identify(bwf/scripts/trackingWindow) by extensions ['colcon_pkg']
[0.761s] Level 1:colcon.colcon_core.package_identification:_identify(bwf/scripts/trackingWindow) by extension 'colcon_pkg'
[0.761s] Level 1:colcon.colcon_core.package_identification:_identify(bwf/scripts/trackingWindow) by extensions ['colcon_meta']
[0.761s] Level 1:colcon.colcon_core.package_identification:_identify(bwf/scripts/trackingWindow) by extension 'colcon_meta'
[0.761s] Level 1:colcon.colcon_core.package_identification:_identify(bwf/scripts/trackingWindow) by extensions ['ros']
[0.761s] Level 1:colcon.colcon_core.package_identification:_identify(bwf/scripts/trackingWindow) by extension 'ros'
[0.762s] Level 1:colcon.colcon_core.package_identification:_identify(bwf/scripts/trackingWindow) by extensions ['cmake', 'python']
[0.762s] Level 1:colcon.colcon_core.package_identification:_identify(bwf/scripts/trackingWindow) by extension 'cmake'
[0.762s] Level 1:colcon.colcon_core.package_identification:_identify(bwf/scripts/trackingWindow) by extension 'python'
[0.762s] Level 1:colcon.colcon_core.package_identification:_identify(bwf/scripts/trackingWindow) by extensions ['python_setup_py']
[0.762s] Level 1:colcon.colcon_core.package_identification:_identify(bwf/scripts/trackingWindow) by extension 'python_setup_py'
[0.762s] Level 1:colcon.colcon_core.package_identification:_identify(bwf/scripts/visionBox) by extensions ['ignore', 'ignore_ament_install']
[0.762s] Level 1:colcon.colcon_core.package_identification:_identify(bwf/scripts/visionBox) by extension 'ignore'
[0.762s] Level 1:colcon.colcon_core.package_identification:_identify(bwf/scripts/visionBox) by extension 'ignore_ament_install'
[0.763s] Level 1:colcon.colcon_core.package_identification:_identify(bwf/scripts/visionBox) by extensions ['colcon_pkg']
[0.763s] Level 1:colcon.colcon_core.package_identification:_identify(bwf/scripts/visionBox) by extension 'colcon_pkg'
[0.763s] Level 1:colcon.colcon_core.package_identification:_identify(bwf/scripts/visionBox) by extensions ['colcon_meta']
[0.763s] Level 1:colcon.colcon_core.package_identification:_identify(bwf/scripts/visionBox) by extension 'colcon_meta'
[0.763s] Level 1:colcon.colcon_core.package_identification:_identify(bwf/scripts/visionBox) by extensions ['ros']
[0.763s] Level 1:colcon.colcon_core.package_identification:_identify(bwf/scripts/visionBox) by extension 'ros'
[0.763s] Level 1:colcon.colcon_core.package_identification:_identify(bwf/scripts/visionBox) by extensions ['cmake', 'python']
[0.763s] Level 1:colcon.colcon_core.package_identification:_identify(bwf/scripts/visionBox) by extension 'cmake'
[0.763s] Level 1:colcon.colcon_core.package_identification:_identify(bwf/scripts/visionBox) by extension 'python'
[0.763s] Level 1:colcon.colcon_core.package_identification:_identify(bwf/scripts/visionBox) by extensions ['python_setup_py']
[0.763s] Level 1:colcon.colcon_core.package_identification:_identify(bwf/scripts/visionBox) by extension 'python_setup_py'
[0.763s] Level 1:colcon.colcon_core.package_identification:_identify(bwf/scripts/visionWindow) by extensions ['ignore', 'ignore_ament_install']
[0.763s] Level 1:colcon.colcon_core.package_identification:_identify(bwf/scripts/visionWindow) by extension 'ignore'
[0.763s] Level 1:colcon.colcon_core.package_identification:_identify(bwf/scripts/visionWindow) by extension 'ignore_ament_install'
[0.764s] Level 1:colcon.colcon_core.package_identification:_identify(bwf/scripts/visionWindow) by extensions ['colcon_pkg']
[0.764s] Level 1:colcon.colcon_core.package_identification:_identify(bwf/scripts/visionWindow) by extension 'colcon_pkg'
[0.764s] Level 1:colcon.colcon_core.package_identification:_identify(bwf/scripts/visionWindow) by extensions ['colcon_meta']
[0.764s] Level 1:colcon.colcon_core.package_identification:_identify(bwf/scripts/visionWindow) by extension 'colcon_meta'
[0.764s] Level 1:colcon.colcon_core.package_identification:_identify(bwf/scripts/visionWindow) by extensions ['ros']
[0.764s] Level 1:colcon.colcon_core.package_identification:_identify(bwf/scripts/visionWindow) by extension 'ros'
[0.764s] Level 1:colcon.colcon_core.package_identification:_identify(bwf/scripts/visionWindow) by extensions ['cmake', 'python']
[0.764s] Level 1:colcon.colcon_core.package_identification:_identify(bwf/scripts/visionWindow) by extension 'cmake'
[0.764s] Level 1:colcon.colcon_core.package_identification:_identify(bwf/scripts/visionWindow) by extension 'python'
[0.764s] Level 1:colcon.colcon_core.package_identification:_identify(bwf/scripts/visionWindow) by extensions ['python_setup_py']
[0.764s] Level 1:colcon.colcon_core.package_identification:_identify(bwf/scripts/visionWindow) by extension 'python_setup_py'
[0.764s] Level 1:colcon.colcon_core.package_identification:_identify(cadFiles) by extensions ['ignore', 'ignore_ament_install']
[0.765s] Level 1:colcon.colcon_core.package_identification:_identify(cadFiles) by extension 'ignore'
[0.765s] Level 1:colcon.colcon_core.package_identification:_identify(cadFiles) by extension 'ignore_ament_install'
[0.765s] Level 1:colcon.colcon_core.package_identification:_identify(cadFiles) by extensions ['colcon_pkg']
[0.765s] Level 1:colcon.colcon_core.package_identification:_identify(cadFiles) by extension 'colcon_pkg'
[0.765s] Level 1:colcon.colcon_core.package_identification:_identify(cadFiles) by extensions ['colcon_meta']
[0.765s] Level 1:colcon.colcon_core.package_identification:_identify(cadFiles) by extension 'colcon_meta'
[0.765s] Level 1:colcon.colcon_core.package_identification:_identify(cadFiles) by extensions ['ros']
[0.765s] Level 1:colcon.colcon_core.package_identification:_identify(cadFiles) by extension 'ros'
[0.765s] Level 1:colcon.colcon_core.package_identification:_identify(cadFiles) by extensions ['cmake', 'python']
[0.765s] Level 1:colcon.colcon_core.package_identification:_identify(cadFiles) by extension 'cmake'
[0.765s] Level 1:colcon.colcon_core.package_identification:_identify(cadFiles) by extension 'python'
[0.765s] Level 1:colcon.colcon_core.package_identification:_identify(cadFiles) by extensions ['python_setup_py']
[0.765s] Level 1:colcon.colcon_core.package_identification:_identify(cadFiles) by extension 'python_setup_py'
[0.765s] Level 1:colcon.colcon_core.package_identification:_identify(helpFiles) by extensions ['ignore', 'ignore_ament_install']
[0.766s] Level 1:colcon.colcon_core.package_identification:_identify(helpFiles) by extension 'ignore'
[0.766s] Level 1:colcon.colcon_core.package_identification:_identify(helpFiles) by extension 'ignore_ament_install'
[0.766s] Level 1:colcon.colcon_core.package_identification:_identify(helpFiles) by extensions ['colcon_pkg']
[0.766s] Level 1:colcon.colcon_core.package_identification:_identify(helpFiles) by extension 'colcon_pkg'
[0.766s] Level 1:colcon.colcon_core.package_identification:_identify(helpFiles) by extensions ['colcon_meta']
[0.766s] Level 1:colcon.colcon_core.package_identification:_identify(helpFiles) by extension 'colcon_meta'
[0.766s] Level 1:colcon.colcon_core.package_identification:_identify(helpFiles) by extensions ['ros']
[0.766s] Level 1:colcon.colcon_core.package_identification:_identify(helpFiles) by extension 'ros'
[0.766s] Level 1:colcon.colcon_core.package_identification:_identify(helpFiles) by extensions ['cmake', 'python']
[0.766s] Level 1:colcon.colcon_core.package_identification:_identify(helpFiles) by extension 'cmake'
[0.766s] Level 1:colcon.colcon_core.package_identification:_identify(helpFiles) by extension 'python'
[0.767s] Level 1:colcon.colcon_core.package_identification:_identify(helpFiles) by extensions ['python_setup_py']
[0.767s] Level 1:colcon.colcon_core.package_identification:_identify(helpFiles) by extension 'python_setup_py'
[0.767s] Level 1:colcon.colcon_core.package_identification:_identify(helpFiles/en) by extensions ['ignore', 'ignore_ament_install']
[0.768s] Level 1:colcon.colcon_core.package_identification:_identify(helpFiles/en) by extension 'ignore'
[0.768s] Level 1:colcon.colcon_core.package_identification:_identify(helpFiles/en) by extension 'ignore_ament_install'
[0.768s] Level 1:colcon.colcon_core.package_identification:_identify(helpFiles/en) by extensions ['colcon_pkg']
[0.768s] Level 1:colcon.colcon_core.package_identification:_identify(helpFiles/en) by extension 'colcon_pkg'
[0.768s] Level 1:colcon.colcon_core.package_identification:_identify(helpFiles/en) by extensions ['colcon_meta']
[0.768s] Level 1:colcon.colcon_core.package_identification:_identify(helpFiles/en) by extension 'colcon_meta'
[0.768s] Level 1:colcon.colcon_core.package_identification:_identify(helpFiles/en) by extensions ['ros']
[0.768s] Level 1:colcon.colcon_core.package_identification:_identify(helpFiles/en) by extension 'ros'
[0.768s] Level 1:colcon.colcon_core.package_identification:_identify(helpFiles/en) by extensions ['cmake', 'python']
[0.768s] Level 1:colcon.colcon_core.package_identification:_identify(helpFiles/en) by extension 'cmake'
[0.768s] Level 1:colcon.colcon_core.package_identification:_identify(helpFiles/en) by extension 'python'
[0.768s] Level 1:colcon.colcon_core.package_identification:_identify(helpFiles/en) by extensions ['python_setup_py']
[0.768s] Level 1:colcon.colcon_core.package_identification:_identify(helpFiles/en) by extension 'python_setup_py'
[0.769s] Level 1:colcon.colcon_core.package_identification:_identify(helpFiles/en/images) by extensions ['ignore', 'ignore_ament_install']
[0.769s] Level 1:colcon.colcon_core.package_identification:_identify(helpFiles/en/images) by extension 'ignore'
[0.769s] Level 1:colcon.colcon_core.package_identification:_identify(helpFiles/en/images) by extension 'ignore_ament_install'
[0.769s] Level 1:colcon.colcon_core.package_identification:_identify(helpFiles/en/images) by extensions ['colcon_pkg']
[0.769s] Level 1:colcon.colcon_core.package_identification:_identify(helpFiles/en/images) by extension 'colcon_pkg'
[0.769s] Level 1:colcon.colcon_core.package_identification:_identify(helpFiles/en/images) by extensions ['colcon_meta']
[0.769s] Level 1:colcon.colcon_core.package_identification:_identify(helpFiles/en/images) by extension 'colcon_meta'
[0.769s] Level 1:colcon.colcon_core.package_identification:_identify(helpFiles/en/images) by extensions ['ros']
[0.770s] Level 1:colcon.colcon_core.package_identification:_identify(helpFiles/en/images) by extension 'ros'
[0.770s] Level 1:colcon.colcon_core.package_identification:_identify(helpFiles/en/images) by extensions ['cmake', 'python']
[0.770s] Level 1:colcon.colcon_core.package_identification:_identify(helpFiles/en/images) by extension 'cmake'
[0.770s] Level 1:colcon.colcon_core.package_identification:_identify(helpFiles/en/images) by extension 'python'
[0.770s] Level 1:colcon.colcon_core.package_identification:_identify(helpFiles/en/images) by extensions ['python_setup_py']
[0.770s] Level 1:colcon.colcon_core.package_identification:_identify(helpFiles/en/images) by extension 'python_setup_py'
[0.770s] Level 1:colcon.colcon_core.package_identification:_identify(helpFiles/en/images/features) by extensions ['ignore', 'ignore_ament_install']
[0.771s] Level 1:colcon.colcon_core.package_identification:_identify(helpFiles/en/images/features) by extension 'ignore'
[0.771s] Level 1:colcon.colcon_core.package_identification:_identify(helpFiles/en/images/features) by extension 'ignore_ament_install'
[0.771s] Level 1:colcon.colcon_core.package_identification:_identify(helpFiles/en/images/features) by extensions ['colcon_pkg']
[0.771s] Level 1:colcon.colcon_core.package_identification:_identify(helpFiles/en/images/features) by extension 'colcon_pkg'
[0.771s] Level 1:colcon.colcon_core.package_identification:_identify(helpFiles/en/images/features) by extensions ['colcon_meta']
[0.771s] Level 1:colcon.colcon_core.package_identification:_identify(helpFiles/en/images/features) by extension 'colcon_meta'
[0.771s] Level 1:colcon.colcon_core.package_identification:_identify(helpFiles/en/images/features) by extensions ['ros']
[0.771s] Level 1:colcon.colcon_core.package_identification:_identify(helpFiles/en/images/features) by extension 'ros'
[0.771s] Level 1:colcon.colcon_core.package_identification:_identify(helpFiles/en/images/features) by extensions ['cmake', 'python']
[0.771s] Level 1:colcon.colcon_core.package_identification:_identify(helpFiles/en/images/features) by extension 'cmake'
[0.771s] Level 1:colcon.colcon_core.package_identification:_identify(helpFiles/en/images/features) by extension 'python'
[0.771s] Level 1:colcon.colcon_core.package_identification:_identify(helpFiles/en/images/features) by extensions ['python_setup_py']
[0.771s] Level 1:colcon.colcon_core.package_identification:_identify(helpFiles/en/images/features) by extension 'python_setup_py'
[0.772s] Level 1:colcon.colcon_core.package_identification:_identify(helpFiles/en/regularApi) by extensions ['ignore', 'ignore_ament_install']
[0.772s] Level 1:colcon.colcon_core.package_identification:_identify(helpFiles/en/regularApi) by extension 'ignore'
[0.772s] Level 1:colcon.colcon_core.package_identification:_identify(helpFiles/en/regularApi) by extension 'ignore_ament_install'
[0.772s] Level 1:colcon.colcon_core.package_identification:_identify(helpFiles/en/regularApi) by extensions ['colcon_pkg']
[0.773s] Level 1:colcon.colcon_core.package_identification:_identify(helpFiles/en/regularApi) by extension 'colcon_pkg'
[0.773s] Level 1:colcon.colcon_core.package_identification:_identify(helpFiles/en/regularApi) by extensions ['colcon_meta']
[0.773s] Level 1:colcon.colcon_core.package_identification:_identify(helpFiles/en/regularApi) by extension 'colcon_meta'
[0.773s] Level 1:colcon.colcon_core.package_identification:_identify(helpFiles/en/regularApi) by extensions ['ros']
[0.773s] Level 1:colcon.colcon_core.package_identification:_identify(helpFiles/en/regularApi) by extension 'ros'
[0.773s] Level 1:colcon.colcon_core.package_identification:_identify(helpFiles/en/regularApi) by extensions ['cmake', 'python']
[0.773s] Level 1:colcon.colcon_core.package_identification:_identify(helpFiles/en/regularApi) by extension 'cmake'
[0.773s] Level 1:colcon.colcon_core.package_identification:_identify(helpFiles/en/regularApi) by extension 'python'
[0.773s] Level 1:colcon.colcon_core.package_identification:_identify(helpFiles/en/regularApi) by extensions ['python_setup_py']
[0.773s] Level 1:colcon.colcon_core.package_identification:_identify(helpFiles/en/regularApi) by extension 'python_setup_py'
[0.773s] Level 1:colcon.colcon_core.package_identification:_identify(helpFiles/index) by extensions ['ignore', 'ignore_ament_install']
[0.774s] Level 1:colcon.colcon_core.package_identification:_identify(helpFiles/index) by extension 'ignore'
[0.774s] Level 1:colcon.colcon_core.package_identification:_identify(helpFiles/index) by extension 'ignore_ament_install'
[0.774s] Level 1:colcon.colcon_core.package_identification:_identify(helpFiles/index) by extensions ['colcon_pkg']
[0.774s] Level 1:colcon.colcon_core.package_identification:_identify(helpFiles/index) by extension 'colcon_pkg'
[0.774s] Level 1:colcon.colcon_core.package_identification:_identify(helpFiles/index) by extensions ['colcon_meta']
[0.774s] Level 1:colcon.colcon_core.package_identification:_identify(helpFiles/index) by extension 'colcon_meta'
[0.774s] Level 1:colcon.colcon_core.package_identification:_identify(helpFiles/index) by extensions ['ros']
[0.774s] Level 1:colcon.colcon_core.package_identification:_identify(helpFiles/index) by extension 'ros'
[0.774s] Level 1:colcon.colcon_core.package_identification:_identify(helpFiles/index) by extensions ['cmake', 'python']
[0.774s] Level 1:colcon.colcon_core.package_identification:_identify(helpFiles/index) by extension 'cmake'
[0.774s] Level 1:colcon.colcon_core.package_identification:_identify(helpFiles/index) by extension 'python'
[0.774s] Level 1:colcon.colcon_core.package_identification:_identify(helpFiles/index) by extensions ['python_setup_py']
[0.774s] Level 1:colcon.colcon_core.package_identification:_identify(helpFiles/index) by extension 'python_setup_py'
[0.774s] Level 1:colcon.colcon_core.package_identification:_identify(helpFiles/wb_img) by extensions ['ignore', 'ignore_ament_install']
[0.775s] Level 1:colcon.colcon_core.package_identification:_identify(helpFiles/wb_img) by extension 'ignore'
[0.775s] Level 1:colcon.colcon_core.package_identification:_identify(helpFiles/wb_img) by extension 'ignore_ament_install'
[0.775s] Level 1:colcon.colcon_core.package_identification:_identify(helpFiles/wb_img) by extensions ['colcon_pkg']
[0.775s] Level 1:colcon.colcon_core.package_identification:_identify(helpFiles/wb_img) by extension 'colcon_pkg'
[0.775s] Level 1:colcon.colcon_core.package_identification:_identify(helpFiles/wb_img) by extensions ['colcon_meta']
[0.775s] Level 1:colcon.colcon_core.package_identification:_identify(helpFiles/wb_img) by extension 'colcon_meta'
[0.775s] Level 1:colcon.colcon_core.package_identification:_identify(helpFiles/wb_img) by extensions ['ros']
[0.775s] Level 1:colcon.colcon_core.package_identification:_identify(helpFiles/wb_img) by extension 'ros'
[0.776s] Level 1:colcon.colcon_core.package_identification:_identify(helpFiles/wb_img) by extensions ['cmake', 'python']
[0.776s] Level 1:colcon.colcon_core.package_identification:_identify(helpFiles/wb_img) by extension 'cmake'
[0.776s] Level 1:colcon.colcon_core.package_identification:_identify(helpFiles/wb_img) by extension 'python'
[0.776s] Level 1:colcon.colcon_core.package_identification:_identify(helpFiles/wb_img) by extensions ['python_setup_py']
[0.776s] Level 1:colcon.colcon_core.package_identification:_identify(helpFiles/wb_img) by extension 'python_setup_py'
[0.776s] Level 1:colcon.colcon_core.package_identification:_identify(imageformats) by extensions ['ignore', 'ignore_ament_install']
[0.776s] Level 1:colcon.colcon_core.package_identification:_identify(imageformats) by extension 'ignore'
[0.776s] Level 1:colcon.colcon_core.package_identification:_identify(imageformats) by extension 'ignore_ament_install'
[0.776s] Level 1:colcon.colcon_core.package_identification:_identify(imageformats) by extensions ['colcon_pkg']
[0.777s] Level 1:colcon.colcon_core.package_identification:_identify(imageformats) by extension 'colcon_pkg'
[0.777s] Level 1:colcon.colcon_core.package_identification:_identify(imageformats) by extensions ['colcon_meta']
[0.777s] Level 1:colcon.colcon_core.package_identification:_identify(imageformats) by extension 'colcon_meta'
[0.777s] Level 1:colcon.colcon_core.package_identification:_identify(imageformats) by extensions ['ros']
[0.777s] Level 1:colcon.colcon_core.package_identification:_identify(imageformats) by extension 'ros'
[0.777s] Level 1:colcon.colcon_core.package_identification:_identify(imageformats) by extensions ['cmake', 'python']
[0.777s] Level 1:colcon.colcon_core.package_identification:_identify(imageformats) by extension 'cmake'
[0.777s] Level 1:colcon.colcon_core.package_identification:_identify(imageformats) by extension 'python'
[0.777s] Level 1:colcon.colcon_core.package_identification:_identify(imageformats) by extensions ['python_setup_py']
[0.777s] Level 1:colcon.colcon_core.package_identification:_identify(imageformats) by extension 'python_setup_py'
[0.777s] Level 1:colcon.colcon_core.package_identification:_identify(install) by extensions ['ignore', 'ignore_ament_install']
[0.777s] Level 1:colcon.colcon_core.package_identification:_identify(install) by extension 'ignore'
[0.777s] Level 1:colcon.colcon_core.package_identification:_identify(install) ignored
[0.777s] Level 1:colcon.colcon_core.package_identification:_identify(log) by extensions ['ignore', 'ignore_ament_install']
[0.777s] Level 1:colcon.colcon_core.package_identification:_identify(log) by extension 'ignore'
[0.777s] Level 1:colcon.colcon_core.package_identification:_identify(log) ignored
[0.778s] Level 1:colcon.colcon_core.package_identification:_identify(lua) by extensions ['ignore', 'ignore_ament_install']
[0.778s] Level 1:colcon.colcon_core.package_identification:_identify(lua) by extension 'ignore'
[0.778s] Level 1:colcon.colcon_core.package_identification:_identify(lua) by extension 'ignore_ament_install'
[0.778s] Level 1:colcon.colcon_core.package_identification:_identify(lua) by extensions ['colcon_pkg']
[0.778s] Level 1:colcon.colcon_core.package_identification:_identify(lua) by extension 'colcon_pkg'
[0.778s] Level 1:colcon.colcon_core.package_identification:_identify(lua) by extensions ['colcon_meta']
[0.778s] Level 1:colcon.colcon_core.package_identification:_identify(lua) by extension 'colcon_meta'
[0.778s] Level 1:colcon.colcon_core.package_identification:_identify(lua) by extensions ['ros']
[0.778s] Level 1:colcon.colcon_core.package_identification:_identify(lua) by extension 'ros'
[0.778s] Level 1:colcon.colcon_core.package_identification:_identify(lua) by extensions ['cmake', 'python']
[0.778s] Level 1:colcon.colcon_core.package_identification:_identify(lua) by extension 'cmake'
[0.778s] Level 1:colcon.colcon_core.package_identification:_identify(lua) by extension 'python'
[0.778s] Level 1:colcon.colcon_core.package_identification:_identify(lua) by extensions ['python_setup_py']
[0.778s] Level 1:colcon.colcon_core.package_identification:_identify(lua) by extension 'python_setup_py'
[0.778s] Level 1:colcon.colcon_core.package_identification:_identify(luar) by extensions ['ignore', 'ignore_ament_install']
[0.779s] Level 1:colcon.colcon_core.package_identification:_identify(luar) by extension 'ignore'
[0.779s] Level 1:colcon.colcon_core.package_identification:_identify(luar) by extension 'ignore_ament_install'
[0.779s] Level 1:colcon.colcon_core.package_identification:_identify(luar) by extensions ['colcon_pkg']
[0.779s] Level 1:colcon.colcon_core.package_identification:_identify(luar) by extension 'colcon_pkg'
[0.779s] Level 1:colcon.colcon_core.package_identification:_identify(luar) by extensions ['colcon_meta']
[0.779s] Level 1:colcon.colcon_core.package_identification:_identify(luar) by extension 'colcon_meta'
[0.779s] Level 1:colcon.colcon_core.package_identification:_identify(luar) by extensions ['ros']
[0.779s] Level 1:colcon.colcon_core.package_identification:_identify(luar) by extension 'ros'
[0.780s] Level 1:colcon.colcon_core.package_identification:_identify(luar) by extensions ['cmake', 'python']
[0.780s] Level 1:colcon.colcon_core.package_identification:_identify(luar) by extension 'cmake'
[0.780s] Level 1:colcon.colcon_core.package_identification:_identify(luar) by extension 'python'
[0.780s] Level 1:colcon.colcon_core.package_identification:_identify(luar) by extensions ['python_setup_py']
[0.780s] Level 1:colcon.colcon_core.package_identification:_identify(luar) by extension 'python_setup_py'
[0.780s] Level 1:colcon.colcon_core.package_identification:_identify(luar/mime) by extensions ['ignore', 'ignore_ament_install']
[0.780s] Level 1:colcon.colcon_core.package_identification:_identify(luar/mime) by extension 'ignore'
[0.780s] Level 1:colcon.colcon_core.package_identification:_identify(luar/mime) by extension 'ignore_ament_install'
[0.780s] Level 1:colcon.colcon_core.package_identification:_identify(luar/mime) by extensions ['colcon_pkg']
[0.780s] Level 1:colcon.colcon_core.package_identification:_identify(luar/mime) by extension 'colcon_pkg'
[0.780s] Level 1:colcon.colcon_core.package_identification:_identify(luar/mime) by extensions ['colcon_meta']
[0.780s] Level 1:colcon.colcon_core.package_identification:_identify(luar/mime) by extension 'colcon_meta'
[0.780s] Level 1:colcon.colcon_core.package_identification:_identify(luar/mime) by extensions ['ros']
[0.781s] Level 1:colcon.colcon_core.package_identification:_identify(luar/mime) by extension 'ros'
[0.781s] Level 1:colcon.colcon_core.package_identification:_identify(luar/mime) by extensions ['cmake', 'python']
[0.781s] Level 1:colcon.colcon_core.package_identification:_identify(luar/mime) by extension 'cmake'
[0.781s] Level 1:colcon.colcon_core.package_identification:_identify(luar/mime) by extension 'python'
[0.781s] Level 1:colcon.colcon_core.package_identification:_identify(luar/mime) by extensions ['python_setup_py']
[0.781s] Level 1:colcon.colcon_core.package_identification:_identify(luar/mime) by extension 'python_setup_py'
[0.781s] Level 1:colcon.colcon_core.package_identification:_identify(luar/org) by extensions ['ignore', 'ignore_ament_install']
[0.781s] Level 1:colcon.colcon_core.package_identification:_identify(luar/org) by extension 'ignore'
[0.781s] Level 1:colcon.colcon_core.package_identification:_identify(luar/org) by extension 'ignore_ament_install'
[0.781s] Level 1:colcon.colcon_core.package_identification:_identify(luar/org) by extensions ['colcon_pkg']
[0.782s] Level 1:colcon.colcon_core.package_identification:_identify(luar/org) by extension 'colcon_pkg'
[0.782s] Level 1:colcon.colcon_core.package_identification:_identify(luar/org) by extensions ['colcon_meta']
[0.782s] Level 1:colcon.colcon_core.package_identification:_identify(luar/org) by extension 'colcon_meta'
[0.782s] Level 1:colcon.colcon_core.package_identification:_identify(luar/org) by extensions ['ros']
[0.782s] Level 1:colcon.colcon_core.package_identification:_identify(luar/org) by extension 'ros'
[0.782s] Level 1:colcon.colcon_core.package_identification:_identify(luar/org) by extensions ['cmake', 'python']
[0.782s] Level 1:colcon.colcon_core.package_identification:_identify(luar/org) by extension 'cmake'
[0.782s] Level 1:colcon.colcon_core.package_identification:_identify(luar/org) by extension 'python'
[0.782s] Level 1:colcon.colcon_core.package_identification:_identify(luar/org) by extensions ['python_setup_py']
[0.782s] Level 1:colcon.colcon_core.package_identification:_identify(luar/org) by extension 'python_setup_py'
[0.782s] Level 1:colcon.colcon_core.package_identification:_identify(luar/org/conman) by extensions ['ignore', 'ignore_ament_install']
[0.783s] Level 1:colcon.colcon_core.package_identification:_identify(luar/org/conman) by extension 'ignore'
[0.783s] Level 1:colcon.colcon_core.package_identification:_identify(luar/org/conman) by extension 'ignore_ament_install'
[0.783s] Level 1:colcon.colcon_core.package_identification:_identify(luar/org/conman) by extensions ['colcon_pkg']
[0.783s] Level 1:colcon.colcon_core.package_identification:_identify(luar/org/conman) by extension 'colcon_pkg'
[0.783s] Level 1:colcon.colcon_core.package_identification:_identify(luar/org/conman) by extensions ['colcon_meta']
[0.783s] Level 1:colcon.colcon_core.package_identification:_identify(luar/org/conman) by extension 'colcon_meta'
[0.783s] Level 1:colcon.colcon_core.package_identification:_identify(luar/org/conman) by extensions ['ros']
[0.783s] Level 1:colcon.colcon_core.package_identification:_identify(luar/org/conman) by extension 'ros'
[0.783s] Level 1:colcon.colcon_core.package_identification:_identify(luar/org/conman) by extensions ['cmake', 'python']
[0.784s] Level 1:colcon.colcon_core.package_identification:_identify(luar/org/conman) by extension 'cmake'
[0.784s] Level 1:colcon.colcon_core.package_identification:_identify(luar/org/conman) by extension 'python'
[0.784s] Level 1:colcon.colcon_core.package_identification:_identify(luar/org/conman) by extensions ['python_setup_py']
[0.784s] Level 1:colcon.colcon_core.package_identification:_identify(luar/org/conman) by extension 'python_setup_py'
[0.784s] Level 1:colcon.colcon_core.package_identification:_identify(luar/socket) by extensions ['ignore', 'ignore_ament_install']
[0.784s] Level 1:colcon.colcon_core.package_identification:_identify(luar/socket) by extension 'ignore'
[0.784s] Level 1:colcon.colcon_core.package_identification:_identify(luar/socket) by extension 'ignore_ament_install'
[0.785s] Level 1:colcon.colcon_core.package_identification:_identify(luar/socket) by extensions ['colcon_pkg']
[0.785s] Level 1:colcon.colcon_core.package_identification:_identify(luar/socket) by extension 'colcon_pkg'
[0.785s] Level 1:colcon.colcon_core.package_identification:_identify(luar/socket) by extensions ['colcon_meta']
[0.785s] Level 1:colcon.colcon_core.package_identification:_identify(luar/socket) by extension 'colcon_meta'
[0.785s] Level 1:colcon.colcon_core.package_identification:_identify(luar/socket) by extensions ['ros']
[0.785s] Level 1:colcon.colcon_core.package_identification:_identify(luar/socket) by extension 'ros'
[0.785s] Level 1:colcon.colcon_core.package_identification:_identify(luar/socket) by extensions ['cmake', 'python']
[0.785s] Level 1:colcon.colcon_core.package_identification:_identify(luar/socket) by extension 'cmake'
[0.785s] Level 1:colcon.colcon_core.package_identification:_identify(luar/socket) by extension 'python'
[0.785s] Level 1:colcon.colcon_core.package_identification:_identify(luar/socket) by extensions ['python_setup_py']
[0.785s] Level 1:colcon.colcon_core.package_identification:_identify(luar/socket) by extension 'python_setup_py'
[0.786s] Level 1:colcon.colcon_core.package_identification:_identify(models) by extensions ['ignore', 'ignore_ament_install']
[0.786s] Level 1:colcon.colcon_core.package_identification:_identify(models) by extension 'ignore'
[0.786s] Level 1:colcon.colcon_core.package_identification:_identify(models) by extension 'ignore_ament_install'
[0.786s] Level 1:colcon.colcon_core.package_identification:_identify(models) by extensions ['colcon_pkg']
[0.786s] Level 1:colcon.colcon_core.package_identification:_identify(models) by extension 'colcon_pkg'
[0.786s] Level 1:colcon.colcon_core.package_identification:_identify(models) by extensions ['colcon_meta']
[0.786s] Level 1:colcon.colcon_core.package_identification:_identify(models) by extension 'colcon_meta'
[0.786s] Level 1:colcon.colcon_core.package_identification:_identify(models) by extensions ['ros']
[0.786s] Level 1:colcon.colcon_core.package_identification:_identify(models) by extension 'ros'
[0.786s] Level 1:colcon.colcon_core.package_identification:_identify(models) by extensions ['cmake', 'python']
[0.787s] Level 1:colcon.colcon_core.package_identification:_identify(models) by extension 'cmake'
[0.787s] Level 1:colcon.colcon_core.package_identification:_identify(models) by extension 'python'
[0.787s] Level 1:colcon.colcon_core.package_identification:_identify(models) by extensions ['python_setup_py']
[0.787s] Level 1:colcon.colcon_core.package_identification:_identify(models) by extension 'python_setup_py'
[0.787s] Level 1:colcon.colcon_core.package_identification:_identify(models/components) by extensions ['ignore', 'ignore_ament_install']
[0.787s] Level 1:colcon.colcon_core.package_identification:_identify(models/components) by extension 'ignore'
[0.787s] Level 1:colcon.colcon_core.package_identification:_identify(models/components) by extension 'ignore_ament_install'
[0.787s] Level 1:colcon.colcon_core.package_identification:_identify(models/components) by extensions ['colcon_pkg']
[0.787s] Level 1:colcon.colcon_core.package_identification:_identify(models/components) by extension 'colcon_pkg'
[0.787s] Level 1:colcon.colcon_core.package_identification:_identify(models/components) by extensions ['colcon_meta']
[0.787s] Level 1:colcon.colcon_core.package_identification:_identify(models/components) by extension 'colcon_meta'
[0.787s] Level 1:colcon.colcon_core.package_identification:_identify(models/components) by extensions ['ros']
[0.787s] Level 1:colcon.colcon_core.package_identification:_identify(models/components) by extension 'ros'
[0.788s] Level 1:colcon.colcon_core.package_identification:_identify(models/components) by extensions ['cmake', 'python']
[0.788s] Level 1:colcon.colcon_core.package_identification:_identify(models/components) by extension 'cmake'
[0.788s] Level 1:colcon.colcon_core.package_identification:_identify(models/components) by extension 'python'
[0.788s] Level 1:colcon.colcon_core.package_identification:_identify(models/components) by extensions ['python_setup_py']
[0.788s] Level 1:colcon.colcon_core.package_identification:_identify(models/components) by extension 'python_setup_py'
[0.788s] Level 1:colcon.colcon_core.package_identification:_identify(models/components/grippers) by extensions ['ignore', 'ignore_ament_install']
[0.788s] Level 1:colcon.colcon_core.package_identification:_identify(models/components/grippers) by extension 'ignore'
[0.788s] Level 1:colcon.colcon_core.package_identification:_identify(models/components/grippers) by extension 'ignore_ament_install'
[0.788s] Level 1:colcon.colcon_core.package_identification:_identify(models/components/grippers) by extensions ['colcon_pkg']
[0.788s] Level 1:colcon.colcon_core.package_identification:_identify(models/components/grippers) by extension 'colcon_pkg'
[0.788s] Level 1:colcon.colcon_core.package_identification:_identify(models/components/grippers) by extensions ['colcon_meta']
[0.788s] Level 1:colcon.colcon_core.package_identification:_identify(models/components/grippers) by extension 'colcon_meta'
[0.788s] Level 1:colcon.colcon_core.package_identification:_identify(models/components/grippers) by extensions ['ros']
[0.788s] Level 1:colcon.colcon_core.package_identification:_identify(models/components/grippers) by extension 'ros'
[0.789s] Level 1:colcon.colcon_core.package_identification:_identify(models/components/grippers) by extensions ['cmake', 'python']
[0.789s] Level 1:colcon.colcon_core.package_identification:_identify(models/components/grippers) by extension 'cmake'
[0.789s] Level 1:colcon.colcon_core.package_identification:_identify(models/components/grippers) by extension 'python'
[0.789s] Level 1:colcon.colcon_core.package_identification:_identify(models/components/grippers) by extensions ['python_setup_py']
[0.789s] Level 1:colcon.colcon_core.package_identification:_identify(models/components/grippers) by extension 'python_setup_py'
[0.789s] Level 1:colcon.colcon_core.package_identification:_identify(models/components/locomotion and propulsion) by extensions ['ignore', 'ignore_ament_install']
[0.789s] Level 1:colcon.colcon_core.package_identification:_identify(models/components/locomotion and propulsion) by extension 'ignore'
[0.789s] Level 1:colcon.colcon_core.package_identification:_identify(models/components/locomotion and propulsion) by extension 'ignore_ament_install'
[0.790s] Level 1:colcon.colcon_core.package_identification:_identify(models/components/locomotion and propulsion) by extensions ['colcon_pkg']
[0.790s] Level 1:colcon.colcon_core.package_identification:_identify(models/components/locomotion and propulsion) by extension 'colcon_pkg'
[0.790s] Level 1:colcon.colcon_core.package_identification:_identify(models/components/locomotion and propulsion) by extensions ['colcon_meta']
[0.790s] Level 1:colcon.colcon_core.package_identification:_identify(models/components/locomotion and propulsion) by extension 'colcon_meta'
[0.790s] Level 1:colcon.colcon_core.package_identification:_identify(models/components/locomotion and propulsion) by extensions ['ros']
[0.790s] Level 1:colcon.colcon_core.package_identification:_identify(models/components/locomotion and propulsion) by extension 'ros'
[0.790s] Level 1:colcon.colcon_core.package_identification:_identify(models/components/locomotion and propulsion) by extensions ['cmake', 'python']
[0.790s] Level 1:colcon.colcon_core.package_identification:_identify(models/components/locomotion and propulsion) by extension 'cmake'
[0.790s] Level 1:colcon.colcon_core.package_identification:_identify(models/components/locomotion and propulsion) by extension 'python'
[0.790s] Level 1:colcon.colcon_core.package_identification:_identify(models/components/locomotion and propulsion) by extensions ['python_setup_py']
[0.790s] Level 1:colcon.colcon_core.package_identification:_identify(models/components/locomotion and propulsion) by extension 'python_setup_py'
[0.791s] Level 1:colcon.colcon_core.package_identification:_identify(models/components/modifiers) by extensions ['ignore', 'ignore_ament_install']
[0.791s] Level 1:colcon.colcon_core.package_identification:_identify(models/components/modifiers) by extension 'ignore'
[0.791s] Level 1:colcon.colcon_core.package_identification:_identify(models/components/modifiers) by extension 'ignore_ament_install'
[0.791s] Level 1:colcon.colcon_core.package_identification:_identify(models/components/modifiers) by extensions ['colcon_pkg']
[0.791s] Level 1:colcon.colcon_core.package_identification:_identify(models/components/modifiers) by extension 'colcon_pkg'
[0.791s] Level 1:colcon.colcon_core.package_identification:_identify(models/components/modifiers) by extensions ['colcon_meta']
[0.791s] Level 1:colcon.colcon_core.package_identification:_identify(models/components/modifiers) by extension 'colcon_meta'
[0.791s] Level 1:colcon.colcon_core.package_identification:_identify(models/components/modifiers) by extensions ['ros']
[0.791s] Level 1:colcon.colcon_core.package_identification:_identify(models/components/modifiers) by extension 'ros'
[0.792s] Level 1:colcon.colcon_core.package_identification:_identify(models/components/modifiers) by extensions ['cmake', 'python']
[0.792s] Level 1:colcon.colcon_core.package_identification:_identify(models/components/modifiers) by extension 'cmake'
[0.792s] Level 1:colcon.colcon_core.package_identification:_identify(models/components/modifiers) by extension 'python'
[0.792s] Level 1:colcon.colcon_core.package_identification:_identify(models/components/modifiers) by extensions ['python_setup_py']
[0.792s] Level 1:colcon.colcon_core.package_identification:_identify(models/components/modifiers) by extension 'python_setup_py'
[0.792s] Level 1:colcon.colcon_core.package_identification:_identify(models/components/sensors) by extensions ['ignore', 'ignore_ament_install']
[0.792s] Level 1:colcon.colcon_core.package_identification:_identify(models/components/sensors) by extension 'ignore'
[0.792s] Level 1:colcon.colcon_core.package_identification:_identify(models/components/sensors) by extension 'ignore_ament_install'
[0.793s] Level 1:colcon.colcon_core.package_identification:_identify(models/components/sensors) by extensions ['colcon_pkg']
[0.793s] Level 1:colcon.colcon_core.package_identification:_identify(models/components/sensors) by extension 'colcon_pkg'
[0.793s] Level 1:colcon.colcon_core.package_identification:_identify(models/components/sensors) by extensions ['colcon_meta']
[0.793s] Level 1:colcon.colcon_core.package_identification:_identify(models/components/sensors) by extension 'colcon_meta'
[0.793s] Level 1:colcon.colcon_core.package_identification:_identify(models/components/sensors) by extensions ['ros']
[0.793s] Level 1:colcon.colcon_core.package_identification:_identify(models/components/sensors) by extension 'ros'
[0.793s] Level 1:colcon.colcon_core.package_identification:_identify(models/components/sensors) by extensions ['cmake', 'python']
[0.793s] Level 1:colcon.colcon_core.package_identification:_identify(models/components/sensors) by extension 'cmake'
[0.793s] Level 1:colcon.colcon_core.package_identification:_identify(models/components/sensors) by extension 'python'
[0.793s] Level 1:colcon.colcon_core.package_identification:_identify(models/components/sensors) by extensions ['python_setup_py']
[0.793s] Level 1:colcon.colcon_core.package_identification:_identify(models/components/sensors) by extension 'python_setup_py'
[0.794s] Level 1:colcon.colcon_core.package_identification:_identify(models/equipment) by extensions ['ignore', 'ignore_ament_install']
[0.794s] Level 1:colcon.colcon_core.package_identification:_identify(models/equipment) by extension 'ignore'
[0.794s] Level 1:colcon.colcon_core.package_identification:_identify(models/equipment) by extension 'ignore_ament_install'
[0.794s] Level 1:colcon.colcon_core.package_identification:_identify(models/equipment) by extensions ['colcon_pkg']
[0.794s] Level 1:colcon.colcon_core.package_identification:_identify(models/equipment) by extension 'colcon_pkg'
[0.794s] Level 1:colcon.colcon_core.package_identification:_identify(models/equipment) by extensions ['colcon_meta']
[0.794s] Level 1:colcon.colcon_core.package_identification:_identify(models/equipment) by extension 'colcon_meta'
[0.794s] Level 1:colcon.colcon_core.package_identification:_identify(models/equipment) by extensions ['ros']
[0.794s] Level 1:colcon.colcon_core.package_identification:_identify(models/equipment) by extension 'ros'
[0.795s] Level 1:colcon.colcon_core.package_identification:_identify(models/equipment) by extensions ['cmake', 'python']
[0.795s] Level 1:colcon.colcon_core.package_identification:_identify(models/equipment) by extension 'cmake'
[0.795s] Level 1:colcon.colcon_core.package_identification:_identify(models/equipment) by extension 'python'
[0.795s] Level 1:colcon.colcon_core.package_identification:_identify(models/equipment) by extensions ['python_setup_py']
[0.795s] Level 1:colcon.colcon_core.package_identification:_identify(models/equipment) by extension 'python_setup_py'
[0.795s] Level 1:colcon.colcon_core.package_identification:_identify(models/equipment/conveyors) by extensions ['ignore', 'ignore_ament_install']
[0.795s] Level 1:colcon.colcon_core.package_identification:_identify(models/equipment/conveyors) by extension 'ignore'
[0.795s] Level 1:colcon.colcon_core.package_identification:_identify(models/equipment/conveyors) by extension 'ignore_ament_install'
[0.795s] Level 1:colcon.colcon_core.package_identification:_identify(models/equipment/conveyors) by extensions ['colcon_pkg']
[0.795s] Level 1:colcon.colcon_core.package_identification:_identify(models/equipment/conveyors) by extension 'colcon_pkg'
[0.795s] Level 1:colcon.colcon_core.package_identification:_identify(models/equipment/conveyors) by extensions ['colcon_meta']
[0.795s] Level 1:colcon.colcon_core.package_identification:_identify(models/equipment/conveyors) by extension 'colcon_meta'
[0.795s] Level 1:colcon.colcon_core.package_identification:_identify(models/equipment/conveyors) by extensions ['ros']
[0.795s] Level 1:colcon.colcon_core.package_identification:_identify(models/equipment/conveyors) by extension 'ros'
[0.796s] Level 1:colcon.colcon_core.package_identification:_identify(models/equipment/conveyors) by extensions ['cmake', 'python']
[0.796s] Level 1:colcon.colcon_core.package_identification:_identify(models/equipment/conveyors) by extension 'cmake'
[0.796s] Level 1:colcon.colcon_core.package_identification:_identify(models/equipment/conveyors) by extension 'python'
[0.796s] Level 1:colcon.colcon_core.package_identification:_identify(models/equipment/conveyors) by extensions ['python_setup_py']
[0.796s] Level 1:colcon.colcon_core.package_identification:_identify(models/equipment/conveyors) by extension 'python_setup_py'
[0.796s] Level 1:colcon.colcon_core.package_identification:_identify(models/equipment/panes) by extensions ['ignore', 'ignore_ament_install']
[0.796s] Level 1:colcon.colcon_core.package_identification:_identify(models/equipment/panes) by extension 'ignore'
[0.796s] Level 1:colcon.colcon_core.package_identification:_identify(models/equipment/panes) by extension 'ignore_ament_install'
[0.797s] Level 1:colcon.colcon_core.package_identification:_identify(models/equipment/panes) by extensions ['colcon_pkg']
[0.797s] Level 1:colcon.colcon_core.package_identification:_identify(models/equipment/panes) by extension 'colcon_pkg'
[0.797s] Level 1:colcon.colcon_core.package_identification:_identify(models/equipment/panes) by extensions ['colcon_meta']
[0.797s] Level 1:colcon.colcon_core.package_identification:_identify(models/equipment/panes) by extension 'colcon_meta'
[0.797s] Level 1:colcon.colcon_core.package_identification:_identify(models/equipment/panes) by extensions ['ros']
[0.797s] Level 1:colcon.colcon_core.package_identification:_identify(models/equipment/panes) by extension 'ros'
[0.797s] Level 1:colcon.colcon_core.package_identification:_identify(models/equipment/panes) by extensions ['cmake', 'python']
[0.797s] Level 1:colcon.colcon_core.package_identification:_identify(models/equipment/panes) by extension 'cmake'
[0.797s] Level 1:colcon.colcon_core.package_identification:_identify(models/equipment/panes) by extension 'python'
[0.797s] Level 1:colcon.colcon_core.package_identification:_identify(models/equipment/panes) by extensions ['python_setup_py']
[0.797s] Level 1:colcon.colcon_core.package_identification:_identify(models/equipment/panes) by extension 'python_setup_py'
[0.797s] Level 1:colcon.colcon_core.package_identification:_identify(models/examples) by extensions ['ignore', 'ignore_ament_install']
[0.797s] Level 1:colcon.colcon_core.package_identification:_identify(models/examples) by extension 'ignore'
[0.798s] Level 1:colcon.colcon_core.package_identification:_identify(models/examples) by extension 'ignore_ament_install'
[0.798s] Level 1:colcon.colcon_core.package_identification:_identify(models/examples) by extensions ['colcon_pkg']
[0.798s] Level 1:colcon.colcon_core.package_identification:_identify(models/examples) by extension 'colcon_pkg'
[0.798s] Level 1:colcon.colcon_core.package_identification:_identify(models/examples) by extensions ['colcon_meta']
[0.798s] Level 1:colcon.colcon_core.package_identification:_identify(models/examples) by extension 'colcon_meta'
[0.798s] Level 1:colcon.colcon_core.package_identification:_identify(models/examples) by extensions ['ros']
[0.798s] Level 1:colcon.colcon_core.package_identification:_identify(models/examples) by extension 'ros'
[0.798s] Level 1:colcon.colcon_core.package_identification:_identify(models/examples) by extensions ['cmake', 'python']
[0.798s] Level 1:colcon.colcon_core.package_identification:_identify(models/examples) by extension 'cmake'
[0.798s] Level 1:colcon.colcon_core.package_identification:_identify(models/examples) by extension 'python'
[0.798s] Level 1:colcon.colcon_core.package_identification:_identify(models/examples) by extensions ['python_setup_py']
[0.798s] Level 1:colcon.colcon_core.package_identification:_identify(models/examples) by extension 'python_setup_py'
[0.799s] Level 1:colcon.colcon_core.package_identification:_identify(models/examples/block factory) by extensions ['ignore', 'ignore_ament_install']
[0.799s] Level 1:colcon.colcon_core.package_identification:_identify(models/examples/block factory) by extension 'ignore'
[0.799s] Level 1:colcon.colcon_core.package_identification:_identify(models/examples/block factory) by extension 'ignore_ament_install'
[0.799s] Level 1:colcon.colcon_core.package_identification:_identify(models/examples/block factory) by extensions ['colcon_pkg']
[0.799s] Level 1:colcon.colcon_core.package_identification:_identify(models/examples/block factory) by extension 'colcon_pkg'
[0.799s] Level 1:colcon.colcon_core.package_identification:_identify(models/examples/block factory) by extensions ['colcon_meta']
[0.799s] Level 1:colcon.colcon_core.package_identification:_identify(models/examples/block factory) by extension 'colcon_meta'
[0.799s] Level 1:colcon.colcon_core.package_identification:_identify(models/examples/block factory) by extensions ['ros']
[0.799s] Level 1:colcon.colcon_core.package_identification:_identify(models/examples/block factory) by extension 'ros'
[0.799s] Level 1:colcon.colcon_core.package_identification:_identify(models/examples/block factory) by extensions ['cmake', 'python']
[0.800s] Level 1:colcon.colcon_core.package_identification:_identify(models/examples/block factory) by extension 'cmake'
[0.800s] Level 1:colcon.colcon_core.package_identification:_identify(models/examples/block factory) by extension 'python'
[0.800s] Level 1:colcon.colcon_core.package_identification:_identify(models/examples/block factory) by extensions ['python_setup_py']
[0.800s] Level 1:colcon.colcon_core.package_identification:_identify(models/examples/block factory) by extension 'python_setup_py'
[0.800s] Level 1:colcon.colcon_core.package_identification:_identify(models/furniture) by extensions ['ignore', 'ignore_ament_install']
[0.800s] Level 1:colcon.colcon_core.package_identification:_identify(models/furniture) by extension 'ignore'
[0.800s] Level 1:colcon.colcon_core.package_identification:_identify(models/furniture) by extension 'ignore_ament_install'
[0.800s] Level 1:colcon.colcon_core.package_identification:_identify(models/furniture) by extensions ['colcon_pkg']
[0.800s] Level 1:colcon.colcon_core.package_identification:_identify(models/furniture) by extension 'colcon_pkg'
[0.801s] Level 1:colcon.colcon_core.package_identification:_identify(models/furniture) by extensions ['colcon_meta']
[0.801s] Level 1:colcon.colcon_core.package_identification:_identify(models/furniture) by extension 'colcon_meta'
[0.801s] Level 1:colcon.colcon_core.package_identification:_identify(models/furniture) by extensions ['ros']
[0.801s] Level 1:colcon.colcon_core.package_identification:_identify(models/furniture) by extension 'ros'
[0.801s] Level 1:colcon.colcon_core.package_identification:_identify(models/furniture) by extensions ['cmake', 'python']
[0.801s] Level 1:colcon.colcon_core.package_identification:_identify(models/furniture) by extension 'cmake'
[0.801s] Level 1:colcon.colcon_core.package_identification:_identify(models/furniture) by extension 'python'
[0.801s] Level 1:colcon.colcon_core.package_identification:_identify(models/furniture) by extensions ['python_setup_py']
[0.801s] Level 1:colcon.colcon_core.package_identification:_identify(models/furniture) by extension 'python_setup_py'
[0.801s] Level 1:colcon.colcon_core.package_identification:_identify(models/furniture/chairs) by extensions ['ignore', 'ignore_ament_install']
[0.802s] Level 1:colcon.colcon_core.package_identification:_identify(models/furniture/chairs) by extension 'ignore'
[0.802s] Level 1:colcon.colcon_core.package_identification:_identify(models/furniture/chairs) by extension 'ignore_ament_install'
[0.802s] Level 1:colcon.colcon_core.package_identification:_identify(models/furniture/chairs) by extensions ['colcon_pkg']
[0.802s] Level 1:colcon.colcon_core.package_identification:_identify(models/furniture/chairs) by extension 'colcon_pkg'
[0.802s] Level 1:colcon.colcon_core.package_identification:_identify(models/furniture/chairs) by extensions ['colcon_meta']
[0.802s] Level 1:colcon.colcon_core.package_identification:_identify(models/furniture/chairs) by extension 'colcon_meta'
[0.802s] Level 1:colcon.colcon_core.package_identification:_identify(models/furniture/chairs) by extensions ['ros']
[0.802s] Level 1:colcon.colcon_core.package_identification:_identify(models/furniture/chairs) by extension 'ros'
[0.802s] Level 1:colcon.colcon_core.package_identification:_identify(models/furniture/chairs) by extensions ['cmake', 'python']
[0.802s] Level 1:colcon.colcon_core.package_identification:_identify(models/furniture/chairs) by extension 'cmake'
[0.802s] Level 1:colcon.colcon_core.package_identification:_identify(models/furniture/chairs) by extension 'python'
[0.802s] Level 1:colcon.colcon_core.package_identification:_identify(models/furniture/chairs) by extensions ['python_setup_py']
[0.802s] Level 1:colcon.colcon_core.package_identification:_identify(models/furniture/chairs) by extension 'python_setup_py'
[0.802s] Level 1:colcon.colcon_core.package_identification:_identify(models/furniture/plants) by extensions ['ignore', 'ignore_ament_install']
[0.803s] Level 1:colcon.colcon_core.package_identification:_identify(models/furniture/plants) by extension 'ignore'
[0.803s] Level 1:colcon.colcon_core.package_identification:_identify(models/furniture/plants) by extension 'ignore_ament_install'
[0.803s] Level 1:colcon.colcon_core.package_identification:_identify(models/furniture/plants) by extensions ['colcon_pkg']
[0.803s] Level 1:colcon.colcon_core.package_identification:_identify(models/furniture/plants) by extension 'colcon_pkg'
[0.803s] Level 1:colcon.colcon_core.package_identification:_identify(models/furniture/plants) by extensions ['colcon_meta']
[0.803s] Level 1:colcon.colcon_core.package_identification:_identify(models/furniture/plants) by extension 'colcon_meta'
[0.803s] Level 1:colcon.colcon_core.package_identification:_identify(models/furniture/plants) by extensions ['ros']
[0.803s] Level 1:colcon.colcon_core.package_identification:_identify(models/furniture/plants) by extension 'ros'
[0.803s] Level 1:colcon.colcon_core.package_identification:_identify(models/furniture/plants) by extensions ['cmake', 'python']
[0.803s] Level 1:colcon.colcon_core.package_identification:_identify(models/furniture/plants) by extension 'cmake'
[0.803s] Level 1:colcon.colcon_core.package_identification:_identify(models/furniture/plants) by extension 'python'
[0.803s] Level 1:colcon.colcon_core.package_identification:_identify(models/furniture/plants) by extensions ['python_setup_py']
[0.803s] Level 1:colcon.colcon_core.package_identification:_identify(models/furniture/plants) by extension 'python_setup_py'
[0.803s] Level 1:colcon.colcon_core.package_identification:_identify(models/furniture/shelves-cupboards-racks) by extensions ['ignore', 'ignore_ament_install']
[0.803s] Level 1:colcon.colcon_core.package_identification:_identify(models/furniture/shelves-cupboards-racks) by extension 'ignore'
[0.803s] Level 1:colcon.colcon_core.package_identification:_identify(models/furniture/shelves-cupboards-racks) by extension 'ignore_ament_install'
[0.803s] Level 1:colcon.colcon_core.package_identification:_identify(models/furniture/shelves-cupboards-racks) by extensions ['colcon_pkg']
[0.804s] Level 1:colcon.colcon_core.package_identification:_identify(models/furniture/shelves-cupboards-racks) by extension 'colcon_pkg'
[0.804s] Level 1:colcon.colcon_core.package_identification:_identify(models/furniture/shelves-cupboards-racks) by extensions ['colcon_meta']
[0.804s] Level 1:colcon.colcon_core.package_identification:_identify(models/furniture/shelves-cupboards-racks) by extension 'colcon_meta'
[0.804s] Level 1:colcon.colcon_core.package_identification:_identify(models/furniture/shelves-cupboards-racks) by extensions ['ros']
[0.804s] Level 1:colcon.colcon_core.package_identification:_identify(models/furniture/shelves-cupboards-racks) by extension 'ros'
[0.804s] Level 1:colcon.colcon_core.package_identification:_identify(models/furniture/shelves-cupboards-racks) by extensions ['cmake', 'python']
[0.804s] Level 1:colcon.colcon_core.package_identification:_identify(models/furniture/shelves-cupboards-racks) by extension 'cmake'
[0.804s] Level 1:colcon.colcon_core.package_identification:_identify(models/furniture/shelves-cupboards-racks) by extension 'python'
[0.804s] Level 1:colcon.colcon_core.package_identification:_identify(models/furniture/shelves-cupboards-racks) by extensions ['python_setup_py']
[0.804s] Level 1:colcon.colcon_core.package_identification:_identify(models/furniture/shelves-cupboards-racks) by extension 'python_setup_py'
[0.805s] Level 1:colcon.colcon_core.package_identification:_identify(models/furniture/tables) by extensions ['ignore', 'ignore_ament_install']
[0.805s] Level 1:colcon.colcon_core.package_identification:_identify(models/furniture/tables) by extension 'ignore'
[0.805s] Level 1:colcon.colcon_core.package_identification:_identify(models/furniture/tables) by extension 'ignore_ament_install'
[0.805s] Level 1:colcon.colcon_core.package_identification:_identify(models/furniture/tables) by extensions ['colcon_pkg']
[0.805s] Level 1:colcon.colcon_core.package_identification:_identify(models/furniture/tables) by extension 'colcon_pkg'
[0.805s] Level 1:colcon.colcon_core.package_identification:_identify(models/furniture/tables) by extensions ['colcon_meta']
[0.805s] Level 1:colcon.colcon_core.package_identification:_identify(models/furniture/tables) by extension 'colcon_meta'
[0.805s] Level 1:colcon.colcon_core.package_identification:_identify(models/furniture/tables) by extensions ['ros']
[0.805s] Level 1:colcon.colcon_core.package_identification:_identify(models/furniture/tables) by extension 'ros'
[0.805s] Level 1:colcon.colcon_core.package_identification:_identify(models/furniture/tables) by extensions ['cmake', 'python']
[0.805s] Level 1:colcon.colcon_core.package_identification:_identify(models/furniture/tables) by extension 'cmake'
[0.805s] Level 1:colcon.colcon_core.package_identification:_identify(models/furniture/tables) by extension 'python'
[0.805s] Level 1:colcon.colcon_core.package_identification:_identify(models/furniture/tables) by extensions ['python_setup_py']
[0.805s] Level 1:colcon.colcon_core.package_identification:_identify(models/furniture/tables) by extension 'python_setup_py'
[0.806s] Level 1:colcon.colcon_core.package_identification:_identify(models/household) by extensions ['ignore', 'ignore_ament_install']
[0.806s] Level 1:colcon.colcon_core.package_identification:_identify(models/household) by extension 'ignore'
[0.806s] Level 1:colcon.colcon_core.package_identification:_identify(models/household) by extension 'ignore_ament_install'
[0.806s] Level 1:colcon.colcon_core.package_identification:_identify(models/household) by extensions ['colcon_pkg']
[0.806s] Level 1:colcon.colcon_core.package_identification:_identify(models/household) by extension 'colcon_pkg'
[0.806s] Level 1:colcon.colcon_core.package_identification:_identify(models/household) by extensions ['colcon_meta']
[0.806s] Level 1:colcon.colcon_core.package_identification:_identify(models/household) by extension 'colcon_meta'
[0.806s] Level 1:colcon.colcon_core.package_identification:_identify(models/household) by extensions ['ros']
[0.806s] Level 1:colcon.colcon_core.package_identification:_identify(models/household) by extension 'ros'
[0.806s] Level 1:colcon.colcon_core.package_identification:_identify(models/household) by extensions ['cmake', 'python']
[0.806s] Level 1:colcon.colcon_core.package_identification:_identify(models/household) by extension 'cmake'
[0.806s] Level 1:colcon.colcon_core.package_identification:_identify(models/household) by extension 'python'
[0.807s] Level 1:colcon.colcon_core.package_identification:_identify(models/household) by extensions ['python_setup_py']
[0.807s] Level 1:colcon.colcon_core.package_identification:_identify(models/household) by extension 'python_setup_py'
[0.807s] Level 1:colcon.colcon_core.package_identification:_identify(models/infrastructure) by extensions ['ignore', 'ignore_ament_install']
[0.807s] Level 1:colcon.colcon_core.package_identification:_identify(models/infrastructure) by extension 'ignore'
[0.807s] Level 1:colcon.colcon_core.package_identification:_identify(models/infrastructure) by extension 'ignore_ament_install'
[0.807s] Level 1:colcon.colcon_core.package_identification:_identify(models/infrastructure) by extensions ['colcon_pkg']
[0.807s] Level 1:colcon.colcon_core.package_identification:_identify(models/infrastructure) by extension 'colcon_pkg'
[0.807s] Level 1:colcon.colcon_core.package_identification:_identify(models/infrastructure) by extensions ['colcon_meta']
[0.807s] Level 1:colcon.colcon_core.package_identification:_identify(models/infrastructure) by extension 'colcon_meta'
[0.807s] Level 1:colcon.colcon_core.package_identification:_identify(models/infrastructure) by extensions ['ros']
[0.808s] Level 1:colcon.colcon_core.package_identification:_identify(models/infrastructure) by extension 'ros'
[0.808s] Level 1:colcon.colcon_core.package_identification:_identify(models/infrastructure) by extensions ['cmake', 'python']
[0.808s] Level 1:colcon.colcon_core.package_identification:_identify(models/infrastructure) by extension 'cmake'
[0.808s] Level 1:colcon.colcon_core.package_identification:_identify(models/infrastructure) by extension 'python'
[0.808s] Level 1:colcon.colcon_core.package_identification:_identify(models/infrastructure) by extensions ['python_setup_py']
[0.808s] Level 1:colcon.colcon_core.package_identification:_identify(models/infrastructure) by extension 'python_setup_py'
[0.808s] Level 1:colcon.colcon_core.package_identification:_identify(models/infrastructure/bathroom) by extensions ['ignore', 'ignore_ament_install']
[0.809s] Level 1:colcon.colcon_core.package_identification:_identify(models/infrastructure/bathroom) by extension 'ignore'
[0.809s] Level 1:colcon.colcon_core.package_identification:_identify(models/infrastructure/bathroom) by extension 'ignore_ament_install'
[0.809s] Level 1:colcon.colcon_core.package_identification:_identify(models/infrastructure/bathroom) by extensions ['colcon_pkg']
[0.809s] Level 1:colcon.colcon_core.package_identification:_identify(models/infrastructure/bathroom) by extension 'colcon_pkg'
[0.809s] Level 1:colcon.colcon_core.package_identification:_identify(models/infrastructure/bathroom) by extensions ['colcon_meta']
[0.810s] Level 1:colcon.colcon_core.package_identification:_identify(models/infrastructure/bathroom) by extension 'colcon_meta'
[0.810s] Level 1:colcon.colcon_core.package_identification:_identify(models/infrastructure/bathroom) by extensions ['ros']
[0.810s] Level 1:colcon.colcon_core.package_identification:_identify(models/infrastructure/bathroom) by extension 'ros'
[0.810s] Level 1:colcon.colcon_core.package_identification:_identify(models/infrastructure/bathroom) by extensions ['cmake', 'python']
[0.810s] Level 1:colcon.colcon_core.package_identification:_identify(models/infrastructure/bathroom) by extension 'cmake'
[0.810s] Level 1:colcon.colcon_core.package_identification:_identify(models/infrastructure/bathroom) by extension 'python'
[0.810s] Level 1:colcon.colcon_core.package_identification:_identify(models/infrastructure/bathroom) by extensions ['python_setup_py']
[0.810s] Level 1:colcon.colcon_core.package_identification:_identify(models/infrastructure/bathroom) by extension 'python_setup_py'
[0.810s] Level 1:colcon.colcon_core.package_identification:_identify(models/infrastructure/doors) by extensions ['ignore', 'ignore_ament_install']
[0.810s] Level 1:colcon.colcon_core.package_identification:_identify(models/infrastructure/doors) by extension 'ignore'
[0.810s] Level 1:colcon.colcon_core.package_identification:_identify(models/infrastructure/doors) by extension 'ignore_ament_install'
[0.810s] Level 1:colcon.colcon_core.package_identification:_identify(models/infrastructure/doors) by extensions ['colcon_pkg']
[0.810s] Level 1:colcon.colcon_core.package_identification:_identify(models/infrastructure/doors) by extension 'colcon_pkg'
[0.810s] Level 1:colcon.colcon_core.package_identification:_identify(models/infrastructure/doors) by extensions ['colcon_meta']
[0.810s] Level 1:colcon.colcon_core.package_identification:_identify(models/infrastructure/doors) by extension 'colcon_meta'
[0.810s] Level 1:colcon.colcon_core.package_identification:_identify(models/infrastructure/doors) by extensions ['ros']
[0.810s] Level 1:colcon.colcon_core.package_identification:_identify(models/infrastructure/doors) by extension 'ros'
[0.811s] Level 1:colcon.colcon_core.package_identification:_identify(models/infrastructure/doors) by extensions ['cmake', 'python']
[0.811s] Level 1:colcon.colcon_core.package_identification:_identify(models/infrastructure/doors) by extension 'cmake'
[0.811s] Level 1:colcon.colcon_core.package_identification:_identify(models/infrastructure/doors) by extension 'python'
[0.811s] Level 1:colcon.colcon_core.package_identification:_identify(models/infrastructure/doors) by extensions ['python_setup_py']
[0.811s] Level 1:colcon.colcon_core.package_identification:_identify(models/infrastructure/doors) by extension 'python_setup_py'
[0.811s] Level 1:colcon.colcon_core.package_identification:_identify(models/infrastructure/floors) by extensions ['ignore', 'ignore_ament_install']
[0.811s] Level 1:colcon.colcon_core.package_identification:_identify(models/infrastructure/floors) by extension 'ignore'
[0.811s] Level 1:colcon.colcon_core.package_identification:_identify(models/infrastructure/floors) by extension 'ignore_ament_install'
[0.811s] Level 1:colcon.colcon_core.package_identification:_identify(models/infrastructure/floors) by extensions ['colcon_pkg']
[0.812s] Level 1:colcon.colcon_core.package_identification:_identify(models/infrastructure/floors) by extension 'colcon_pkg'
[0.812s] Level 1:colcon.colcon_core.package_identification:_identify(models/infrastructure/floors) by extensions ['colcon_meta']
[0.812s] Level 1:colcon.colcon_core.package_identification:_identify(models/infrastructure/floors) by extension 'colcon_meta'
[0.812s] Level 1:colcon.colcon_core.package_identification:_identify(models/infrastructure/floors) by extensions ['ros']
[0.812s] Level 1:colcon.colcon_core.package_identification:_identify(models/infrastructure/floors) by extension 'ros'
[0.812s] Level 1:colcon.colcon_core.package_identification:_identify(models/infrastructure/floors) by extensions ['cmake', 'python']
[0.812s] Level 1:colcon.colcon_core.package_identification:_identify(models/infrastructure/floors) by extension 'cmake'
[0.812s] Level 1:colcon.colcon_core.package_identification:_identify(models/infrastructure/floors) by extension 'python'
[0.812s] Level 1:colcon.colcon_core.package_identification:_identify(models/infrastructure/floors) by extensions ['python_setup_py']
[0.812s] Level 1:colcon.colcon_core.package_identification:_identify(models/infrastructure/floors) by extension 'python_setup_py'
[0.813s] Level 1:colcon.colcon_core.package_identification:_identify(models/infrastructure/other) by extensions ['ignore', 'ignore_ament_install']
[0.813s] Level 1:colcon.colcon_core.package_identification:_identify(models/infrastructure/other) by extension 'ignore'
[0.813s] Level 1:colcon.colcon_core.package_identification:_identify(models/infrastructure/other) by extension 'ignore_ament_install'
[0.813s] Level 1:colcon.colcon_core.package_identification:_identify(models/infrastructure/other) by extensions ['colcon_pkg']
[0.813s] Level 1:colcon.colcon_core.package_identification:_identify(models/infrastructure/other) by extension 'colcon_pkg'
[0.813s] Level 1:colcon.colcon_core.package_identification:_identify(models/infrastructure/other) by extensions ['colcon_meta']
[0.813s] Level 1:colcon.colcon_core.package_identification:_identify(models/infrastructure/other) by extension 'colcon_meta'
[0.813s] Level 1:colcon.colcon_core.package_identification:_identify(models/infrastructure/other) by extensions ['ros']
[0.813s] Level 1:colcon.colcon_core.package_identification:_identify(models/infrastructure/other) by extension 'ros'
[0.813s] Level 1:colcon.colcon_core.package_identification:_identify(models/infrastructure/other) by extensions ['cmake', 'python']
[0.813s] Level 1:colcon.colcon_core.package_identification:_identify(models/infrastructure/other) by extension 'cmake'
[0.813s] Level 1:colcon.colcon_core.package_identification:_identify(models/infrastructure/other) by extension 'python'
[0.813s] Level 1:colcon.colcon_core.package_identification:_identify(models/infrastructure/other) by extensions ['python_setup_py']
[0.813s] Level 1:colcon.colcon_core.package_identification:_identify(models/infrastructure/other) by extension 'python_setup_py'
[0.813s] Level 1:colcon.colcon_core.package_identification:_identify(models/infrastructure/urban) by extensions ['ignore', 'ignore_ament_install']
[0.814s] Level 1:colcon.colcon_core.package_identification:_identify(models/infrastructure/urban) by extension 'ignore'
[0.814s] Level 1:colcon.colcon_core.package_identification:_identify(models/infrastructure/urban) by extension 'ignore_ament_install'
[0.814s] Level 1:colcon.colcon_core.package_identification:_identify(models/infrastructure/urban) by extensions ['colcon_pkg']
[0.814s] Level 1:colcon.colcon_core.package_identification:_identify(models/infrastructure/urban) by extension 'colcon_pkg'
[0.814s] Level 1:colcon.colcon_core.package_identification:_identify(models/infrastructure/urban) by extensions ['colcon_meta']
[0.814s] Level 1:colcon.colcon_core.package_identification:_identify(models/infrastructure/urban) by extension 'colcon_meta'
[0.814s] Level 1:colcon.colcon_core.package_identification:_identify(models/infrastructure/urban) by extensions ['ros']
[0.814s] Level 1:colcon.colcon_core.package_identification:_identify(models/infrastructure/urban) by extension 'ros'
[0.814s] Level 1:colcon.colcon_core.package_identification:_identify(models/infrastructure/urban) by extensions ['cmake', 'python']
[0.814s] Level 1:colcon.colcon_core.package_identification:_identify(models/infrastructure/urban) by extension 'cmake'
[0.814s] Level 1:colcon.colcon_core.package_identification:_identify(models/infrastructure/urban) by extension 'python'
[0.814s] Level 1:colcon.colcon_core.package_identification:_identify(models/infrastructure/urban) by extensions ['python_setup_py']
[0.814s] Level 1:colcon.colcon_core.package_identification:_identify(models/infrastructure/urban) by extension 'python_setup_py'
[0.815s] Level 1:colcon.colcon_core.package_identification:_identify(models/infrastructure/walls) by extensions ['ignore', 'ignore_ament_install']
[0.815s] Level 1:colcon.colcon_core.package_identification:_identify(models/infrastructure/walls) by extension 'ignore'
[0.815s] Level 1:colcon.colcon_core.package_identification:_identify(models/infrastructure/walls) by extension 'ignore_ament_install'
[0.815s] Level 1:colcon.colcon_core.package_identification:_identify(models/infrastructure/walls) by extensions ['colcon_pkg']
[0.815s] Level 1:colcon.colcon_core.package_identification:_identify(models/infrastructure/walls) by extension 'colcon_pkg'
[0.815s] Level 1:colcon.colcon_core.package_identification:_identify(models/infrastructure/walls) by extensions ['colcon_meta']
[0.815s] Level 1:colcon.colcon_core.package_identification:_identify(models/infrastructure/walls) by extension 'colcon_meta'
[0.815s] Level 1:colcon.colcon_core.package_identification:_identify(models/infrastructure/walls) by extensions ['ros']
[0.815s] Level 1:colcon.colcon_core.package_identification:_identify(models/infrastructure/walls) by extension 'ros'
[0.816s] Level 1:colcon.colcon_core.package_identification:_identify(models/infrastructure/walls) by extensions ['cmake', 'python']
[0.816s] Level 1:colcon.colcon_core.package_identification:_identify(models/infrastructure/walls) by extension 'cmake'
[0.816s] Level 1:colcon.colcon_core.package_identification:_identify(models/infrastructure/walls) by extension 'python'
[0.816s] Level 1:colcon.colcon_core.package_identification:_identify(models/infrastructure/walls) by extensions ['python_setup_py']
[0.816s] Level 1:colcon.colcon_core.package_identification:_identify(models/infrastructure/walls) by extension 'python_setup_py'
[0.816s] Level 1:colcon.colcon_core.package_identification:_identify(models/infrastructure/walls/20cm high walls) by extensions ['ignore', 'ignore_ament_install']
[0.816s] Level 1:colcon.colcon_core.package_identification:_identify(models/infrastructure/walls/20cm high walls) by extension 'ignore'
[0.817s] Level 1:colcon.colcon_core.package_identification:_identify(models/infrastructure/walls/20cm high walls) by extension 'ignore_ament_install'
[0.817s] Level 1:colcon.colcon_core.package_identification:_identify(models/infrastructure/walls/20cm high walls) by extensions ['colcon_pkg']
[0.817s] Level 1:colcon.colcon_core.package_identification:_identify(models/infrastructure/walls/20cm high walls) by extension 'colcon_pkg'
[0.817s] Level 1:colcon.colcon_core.package_identification:_identify(models/infrastructure/walls/20cm high walls) by extensions ['colcon_meta']
[0.817s] Level 1:colcon.colcon_core.package_identification:_identify(models/infrastructure/walls/20cm high walls) by extension 'colcon_meta'
[0.817s] Level 1:colcon.colcon_core.package_identification:_identify(models/infrastructure/walls/20cm high walls) by extensions ['ros']
[0.817s] Level 1:colcon.colcon_core.package_identification:_identify(models/infrastructure/walls/20cm high walls) by extension 'ros'
[0.817s] Level 1:colcon.colcon_core.package_identification:_identify(models/infrastructure/walls/20cm high walls) by extensions ['cmake', 'python']
[0.817s] Level 1:colcon.colcon_core.package_identification:_identify(models/infrastructure/walls/20cm high walls) by extension 'cmake'
[0.817s] Level 1:colcon.colcon_core.package_identification:_identify(models/infrastructure/walls/20cm high walls) by extension 'python'
[0.817s] Level 1:colcon.colcon_core.package_identification:_identify(models/infrastructure/walls/20cm high walls) by extensions ['python_setup_py']
[0.818s] Level 1:colcon.colcon_core.package_identification:_identify(models/infrastructure/walls/20cm high walls) by extension 'python_setup_py'
[0.818s] Level 1:colcon.colcon_core.package_identification:_identify(models/infrastructure/walls/240cm high walls) by extensions ['ignore', 'ignore_ament_install']
[0.818s] Level 1:colcon.colcon_core.package_identification:_identify(models/infrastructure/walls/240cm high walls) by extension 'ignore'
[0.818s] Level 1:colcon.colcon_core.package_identification:_identify(models/infrastructure/walls/240cm high walls) by extension 'ignore_ament_install'
[0.818s] Level 1:colcon.colcon_core.package_identification:_identify(models/infrastructure/walls/240cm high walls) by extensions ['colcon_pkg']
[0.818s] Level 1:colcon.colcon_core.package_identification:_identify(models/infrastructure/walls/240cm high walls) by extension 'colcon_pkg'
[0.818s] Level 1:colcon.colcon_core.package_identification:_identify(models/infrastructure/walls/240cm high walls) by extensions ['colcon_meta']
[0.818s] Level 1:colcon.colcon_core.package_identification:_identify(models/infrastructure/walls/240cm high walls) by extension 'colcon_meta'
[0.818s] Level 1:colcon.colcon_core.package_identification:_identify(models/infrastructure/walls/240cm high walls) by extensions ['ros']
[0.818s] Level 1:colcon.colcon_core.package_identification:_identify(models/infrastructure/walls/240cm high walls) by extension 'ros'
[0.819s] Level 1:colcon.colcon_core.package_identification:_identify(models/infrastructure/walls/240cm high walls) by extensions ['cmake', 'python']
[0.819s] Level 1:colcon.colcon_core.package_identification:_identify(models/infrastructure/walls/240cm high walls) by extension 'cmake'
[0.819s] Level 1:colcon.colcon_core.package_identification:_identify(models/infrastructure/walls/240cm high walls) by extension 'python'
[0.819s] Level 1:colcon.colcon_core.package_identification:_identify(models/infrastructure/walls/240cm high walls) by extensions ['python_setup_py']
[0.819s] Level 1:colcon.colcon_core.package_identification:_identify(models/infrastructure/walls/240cm high walls) by extension 'python_setup_py'
[0.819s] Level 1:colcon.colcon_core.package_identification:_identify(models/infrastructure/walls/80cm high walls) by extensions ['ignore', 'ignore_ament_install']
[0.819s] Level 1:colcon.colcon_core.package_identification:_identify(models/infrastructure/walls/80cm high walls) by extension 'ignore'
[0.820s] Level 1:colcon.colcon_core.package_identification:_identify(models/infrastructure/walls/80cm high walls) by extension 'ignore_ament_install'
[0.820s] Level 1:colcon.colcon_core.package_identification:_identify(models/infrastructure/walls/80cm high walls) by extensions ['colcon_pkg']
[0.820s] Level 1:colcon.colcon_core.package_identification:_identify(models/infrastructure/walls/80cm high walls) by extension 'colcon_pkg'
[0.820s] Level 1:colcon.colcon_core.package_identification:_identify(models/infrastructure/walls/80cm high walls) by extensions ['colcon_meta']
[0.820s] Level 1:colcon.colcon_core.package_identification:_identify(models/infrastructure/walls/80cm high walls) by extension 'colcon_meta'
[0.820s] Level 1:colcon.colcon_core.package_identification:_identify(models/infrastructure/walls/80cm high walls) by extensions ['ros']
[0.820s] Level 1:colcon.colcon_core.package_identification:_identify(models/infrastructure/walls/80cm high walls) by extension 'ros'
[0.820s] Level 1:colcon.colcon_core.package_identification:_identify(models/infrastructure/walls/80cm high walls) by extensions ['cmake', 'python']
[0.820s] Level 1:colcon.colcon_core.package_identification:_identify(models/infrastructure/walls/80cm high walls) by extension 'cmake'
[0.820s] Level 1:colcon.colcon_core.package_identification:_identify(models/infrastructure/walls/80cm high walls) by extension 'python'
[0.820s] Level 1:colcon.colcon_core.package_identification:_identify(models/infrastructure/walls/80cm high walls) by extensions ['python_setup_py']
[0.820s] Level 1:colcon.colcon_core.package_identification:_identify(models/infrastructure/walls/80cm high walls) by extension 'python_setup_py'
[0.820s] Level 1:colcon.colcon_core.package_identification:_identify(models/infrastructure/windows) by extensions ['ignore', 'ignore_ament_install']
[0.820s] Level 1:colcon.colcon_core.package_identification:_identify(models/infrastructure/windows) by extension 'ignore'
[0.821s] Level 1:colcon.colcon_core.package_identification:_identify(models/infrastructure/windows) by extension 'ignore_ament_install'
[0.821s] Level 1:colcon.colcon_core.package_identification:_identify(models/infrastructure/windows) by extensions ['colcon_pkg']
[0.821s] Level 1:colcon.colcon_core.package_identification:_identify(models/infrastructure/windows) by extension 'colcon_pkg'
[0.821s] Level 1:colcon.colcon_core.package_identification:_identify(models/infrastructure/windows) by extensions ['colcon_meta']
[0.821s] Level 1:colcon.colcon_core.package_identification:_identify(models/infrastructure/windows) by extension 'colcon_meta'
[0.821s] Level 1:colcon.colcon_core.package_identification:_identify(models/infrastructure/windows) by extensions ['ros']
[0.821s] Level 1:colcon.colcon_core.package_identification:_identify(models/infrastructure/windows) by extension 'ros'
[0.821s] Level 1:colcon.colcon_core.package_identification:_identify(models/infrastructure/windows) by extensions ['cmake', 'python']
[0.821s] Level 1:colcon.colcon_core.package_identification:_identify(models/infrastructure/windows) by extension 'cmake'
[0.821s] Level 1:colcon.colcon_core.package_identification:_identify(models/infrastructure/windows) by extension 'python'
[0.821s] Level 1:colcon.colcon_core.package_identification:_identify(models/infrastructure/windows) by extensions ['python_setup_py']
[0.821s] Level 1:colcon.colcon_core.package_identification:_identify(models/infrastructure/windows) by extension 'python_setup_py'
[0.821s] Level 1:colcon.colcon_core.package_identification:_identify(models/montrac) by extensions ['ignore', 'ignore_ament_install']
[0.822s] Level 1:colcon.colcon_core.package_identification:_identify(models/montrac) by extension 'ignore'
[0.822s] Level 1:colcon.colcon_core.package_identification:_identify(models/montrac) by extension 'ignore_ament_install'
[0.822s] Level 1:colcon.colcon_core.package_identification:_identify(models/montrac) by extensions ['colcon_pkg']
[0.822s] Level 1:colcon.colcon_core.package_identification:_identify(models/montrac) by extension 'colcon_pkg'
[0.822s] Level 1:colcon.colcon_core.package_identification:_identify(models/montrac) by extensions ['colcon_meta']
[0.822s] Level 1:colcon.colcon_core.package_identification:_identify(models/montrac) by extension 'colcon_meta'
[0.822s] Level 1:colcon.colcon_core.package_identification:_identify(models/montrac) by extensions ['ros']
[0.822s] Level 1:colcon.colcon_core.package_identification:_identify(models/montrac) by extension 'ros'
[0.822s] Level 1:colcon.colcon_core.package_identification:_identify(models/montrac) by extensions ['cmake', 'python']
[0.822s] Level 1:colcon.colcon_core.package_identification:_identify(models/montrac) by extension 'cmake'
[0.822s] Level 1:colcon.colcon_core.package_identification:_identify(models/montrac) by extension 'python'
[0.822s] Level 1:colcon.colcon_core.package_identification:_identify(models/montrac) by extensions ['python_setup_py']
[0.823s] Level 1:colcon.colcon_core.package_identification:_identify(models/montrac) by extension 'python_setup_py'
[0.823s] Level 1:colcon.colcon_core.package_identification:_identify(models/nature) by extensions ['ignore', 'ignore_ament_install']
[0.823s] Level 1:colcon.colcon_core.package_identification:_identify(models/nature) by extension 'ignore'
[0.823s] Level 1:colcon.colcon_core.package_identification:_identify(models/nature) by extension 'ignore_ament_install'
[0.823s] Level 1:colcon.colcon_core.package_identification:_identify(models/nature) by extensions ['colcon_pkg']
[0.823s] Level 1:colcon.colcon_core.package_identification:_identify(models/nature) by extension 'colcon_pkg'
[0.823s] Level 1:colcon.colcon_core.package_identification:_identify(models/nature) by extensions ['colcon_meta']
[0.823s] Level 1:colcon.colcon_core.package_identification:_identify(models/nature) by extension 'colcon_meta'
[0.823s] Level 1:colcon.colcon_core.package_identification:_identify(models/nature) by extensions ['ros']
[0.823s] Level 1:colcon.colcon_core.package_identification:_identify(models/nature) by extension 'ros'
[0.824s] Level 1:colcon.colcon_core.package_identification:_identify(models/nature) by extensions ['cmake', 'python']
[0.824s] Level 1:colcon.colcon_core.package_identification:_identify(models/nature) by extension 'cmake'
[0.824s] Level 1:colcon.colcon_core.package_identification:_identify(models/nature) by extension 'python'
[0.824s] Level 1:colcon.colcon_core.package_identification:_identify(models/nature) by extensions ['python_setup_py']
[0.824s] Level 1:colcon.colcon_core.package_identification:_identify(models/nature) by extension 'python_setup_py'
[0.824s] Level 1:colcon.colcon_core.package_identification:_identify(models/office items) by extensions ['ignore', 'ignore_ament_install']
[0.824s] Level 1:colcon.colcon_core.package_identification:_identify(models/office items) by extension 'ignore'
[0.824s] Level 1:colcon.colcon_core.package_identification:_identify(models/office items) by extension 'ignore_ament_install'
[0.824s] Level 1:colcon.colcon_core.package_identification:_identify(models/office items) by extensions ['colcon_pkg']
[0.824s] Level 1:colcon.colcon_core.package_identification:_identify(models/office items) by extension 'colcon_pkg'
[0.825s] Level 1:colcon.colcon_core.package_identification:_identify(models/office items) by extensions ['colcon_meta']
[0.825s] Level 1:colcon.colcon_core.package_identification:_identify(models/office items) by extension 'colcon_meta'
[0.825s] Level 1:colcon.colcon_core.package_identification:_identify(models/office items) by extensions ['ros']
[0.825s] Level 1:colcon.colcon_core.package_identification:_identify(models/office items) by extension 'ros'
[0.825s] Level 1:colcon.colcon_core.package_identification:_identify(models/office items) by extensions ['cmake', 'python']
[0.825s] Level 1:colcon.colcon_core.package_identification:_identify(models/office items) by extension 'cmake'
[0.825s] Level 1:colcon.colcon_core.package_identification:_identify(models/office items) by extension 'python'
[0.825s] Level 1:colcon.colcon_core.package_identification:_identify(models/office items) by extensions ['python_setup_py']
[0.826s] Level 1:colcon.colcon_core.package_identification:_identify(models/office items) by extension 'python_setup_py'
[0.826s] Level 1:colcon.colcon_core.package_identification:_identify(models/other) by extensions ['ignore', 'ignore_ament_install']
[0.826s] Level 1:colcon.colcon_core.package_identification:_identify(models/other) by extension 'ignore'
[0.826s] Level 1:colcon.colcon_core.package_identification:_identify(models/other) by extension 'ignore_ament_install'
[0.826s] Level 1:colcon.colcon_core.package_identification:_identify(models/other) by extensions ['colcon_pkg']
[0.826s] Level 1:colcon.colcon_core.package_identification:_identify(models/other) by extension 'colcon_pkg'
[0.826s] Level 1:colcon.colcon_core.package_identification:_identify(models/other) by extensions ['colcon_meta']
[0.826s] Level 1:colcon.colcon_core.package_identification:_identify(models/other) by extension 'colcon_meta'
[0.826s] Level 1:colcon.colcon_core.package_identification:_identify(models/other) by extensions ['ros']
[0.826s] Level 1:colcon.colcon_core.package_identification:_identify(models/other) by extension 'ros'
[0.826s] Level 1:colcon.colcon_core.package_identification:_identify(models/other) by extensions ['cmake', 'python']
[0.826s] Level 1:colcon.colcon_core.package_identification:_identify(models/other) by extension 'cmake'
[0.827s] Level 1:colcon.colcon_core.package_identification:_identify(models/other) by extension 'python'
[0.827s] Level 1:colcon.colcon_core.package_identification:_identify(models/other) by extensions ['python_setup_py']
[0.827s] Level 1:colcon.colcon_core.package_identification:_identify(models/other) by extension 'python_setup_py'
[0.827s] Level 1:colcon.colcon_core.package_identification:_identify(models/people) by extensions ['ignore', 'ignore_ament_install']
[0.827s] Level 1:colcon.colcon_core.package_identification:_identify(models/people) by extension 'ignore'
[0.827s] Level 1:colcon.colcon_core.package_identification:_identify(models/people) by extension 'ignore_ament_install'
[0.827s] Level 1:colcon.colcon_core.package_identification:_identify(models/people) by extensions ['colcon_pkg']
[0.827s] Level 1:colcon.colcon_core.package_identification:_identify(models/people) by extension 'colcon_pkg'
[0.827s] Level 1:colcon.colcon_core.package_identification:_identify(models/people) by extensions ['colcon_meta']
[0.827s] Level 1:colcon.colcon_core.package_identification:_identify(models/people) by extension 'colcon_meta'
[0.827s] Level 1:colcon.colcon_core.package_identification:_identify(models/people) by extensions ['ros']
[0.828s] Level 1:colcon.colcon_core.package_identification:_identify(models/people) by extension 'ros'
[0.828s] Level 1:colcon.colcon_core.package_identification:_identify(models/people) by extensions ['cmake', 'python']
[0.828s] Level 1:colcon.colcon_core.package_identification:_identify(models/people) by extension 'cmake'
[0.828s] Level 1:colcon.colcon_core.package_identification:_identify(models/people) by extension 'python'
[0.828s] Level 1:colcon.colcon_core.package_identification:_identify(models/people) by extensions ['python_setup_py']
[0.828s] Level 1:colcon.colcon_core.package_identification:_identify(models/people) by extension 'python_setup_py'
[0.828s] Level 1:colcon.colcon_core.package_identification:_identify(models/robots) by extensions ['ignore', 'ignore_ament_install']
[0.828s] Level 1:colcon.colcon_core.package_identification:_identify(models/robots) by extension 'ignore'
[0.828s] Level 1:colcon.colcon_core.package_identification:_identify(models/robots) by extension 'ignore_ament_install'
[0.829s] Level 1:colcon.colcon_core.package_identification:_identify(models/robots) by extensions ['colcon_pkg']
[0.829s] Level 1:colcon.colcon_core.package_identification:_identify(models/robots) by extension 'colcon_pkg'
[0.829s] Level 1:colcon.colcon_core.package_identification:_identify(models/robots) by extensions ['colcon_meta']
[0.829s] Level 1:colcon.colcon_core.package_identification:_identify(models/robots) by extension 'colcon_meta'
[0.829s] Level 1:colcon.colcon_core.package_identification:_identify(models/robots) by extensions ['ros']
[0.829s] Level 1:colcon.colcon_core.package_identification:_identify(models/robots) by extension 'ros'
[0.829s] Level 1:colcon.colcon_core.package_identification:_identify(models/robots) by extensions ['cmake', 'python']
[0.829s] Level 1:colcon.colcon_core.package_identification:_identify(models/robots) by extension 'cmake'
[0.829s] Level 1:colcon.colcon_core.package_identification:_identify(models/robots) by extension 'python'
[0.829s] Level 1:colcon.colcon_core.package_identification:_identify(models/robots) by extensions ['python_setup_py']
[0.829s] Level 1:colcon.colcon_core.package_identification:_identify(models/robots) by extension 'python_setup_py'
[0.829s] Level 1:colcon.colcon_core.package_identification:_identify(models/robots/mobile) by extensions ['ignore', 'ignore_ament_install']
[0.829s] Level 1:colcon.colcon_core.package_identification:_identify(models/robots/mobile) by extension 'ignore'
[0.830s] Level 1:colcon.colcon_core.package_identification:_identify(models/robots/mobile) by extension 'ignore_ament_install'
[0.830s] Level 1:colcon.colcon_core.package_identification:_identify(models/robots/mobile) by extensions ['colcon_pkg']
[0.830s] Level 1:colcon.colcon_core.package_identification:_identify(models/robots/mobile) by extension 'colcon_pkg'
[0.830s] Level 1:colcon.colcon_core.package_identification:_identify(models/robots/mobile) by extensions ['colcon_meta']
[0.830s] Level 1:colcon.colcon_core.package_identification:_identify(models/robots/mobile) by extension 'colcon_meta'
[0.830s] Level 1:colcon.colcon_core.package_identification:_identify(models/robots/mobile) by extensions ['ros']
[0.830s] Level 1:colcon.colcon_core.package_identification:_identify(models/robots/mobile) by extension 'ros'
[0.830s] Level 1:colcon.colcon_core.package_identification:_identify(models/robots/mobile) by extensions ['cmake', 'python']
[0.830s] Level 1:colcon.colcon_core.package_identification:_identify(models/robots/mobile) by extension 'cmake'
[0.830s] Level 1:colcon.colcon_core.package_identification:_identify(models/robots/mobile) by extension 'python'
[0.830s] Level 1:colcon.colcon_core.package_identification:_identify(models/robots/mobile) by extensions ['python_setup_py']
[0.830s] Level 1:colcon.colcon_core.package_identification:_identify(models/robots/mobile) by extension 'python_setup_py'
[0.830s] Level 1:colcon.colcon_core.package_identification:_identify(models/robots/non-mobile) by extensions ['ignore', 'ignore_ament_install']
[0.831s] Level 1:colcon.colcon_core.package_identification:_identify(models/robots/non-mobile) by extension 'ignore'
[0.831s] Level 1:colcon.colcon_core.package_identification:_identify(models/robots/non-mobile) by extension 'ignore_ament_install'
[0.831s] Level 1:colcon.colcon_core.package_identification:_identify(models/robots/non-mobile) by extensions ['colcon_pkg']
[0.831s] Level 1:colcon.colcon_core.package_identification:_identify(models/robots/non-mobile) by extension 'colcon_pkg'
[0.831s] Level 1:colcon.colcon_core.package_identification:_identify(models/robots/non-mobile) by extensions ['colcon_meta']
[0.831s] Level 1:colcon.colcon_core.package_identification:_identify(models/robots/non-mobile) by extension 'colcon_meta'
[0.831s] Level 1:colcon.colcon_core.package_identification:_identify(models/robots/non-mobile) by extensions ['ros']
[0.831s] Level 1:colcon.colcon_core.package_identification:_identify(models/robots/non-mobile) by extension 'ros'
[0.831s] Level 1:colcon.colcon_core.package_identification:_identify(models/robots/non-mobile) by extensions ['cmake', 'python']
[0.831s] Level 1:colcon.colcon_core.package_identification:_identify(models/robots/non-mobile) by extension 'cmake'
[0.832s] Level 1:colcon.colcon_core.package_identification:_identify(models/robots/non-mobile) by extension 'python'
[0.832s] Level 1:colcon.colcon_core.package_identification:_identify(models/robots/non-mobile) by extensions ['python_setup_py']
[0.832s] Level 1:colcon.colcon_core.package_identification:_identify(models/robots/non-mobile) by extension 'python_setup_py'
[0.832s] Level 1:colcon.colcon_core.package_identification:_identify(models/tools) by extensions ['ignore', 'ignore_ament_install']
[0.832s] Level 1:colcon.colcon_core.package_identification:_identify(models/tools) by extension 'ignore'
[0.832s] Level 1:colcon.colcon_core.package_identification:_identify(models/tools) by extension 'ignore_ament_install'
[0.832s] Level 1:colcon.colcon_core.package_identification:_identify(models/tools) by extensions ['colcon_pkg']
[0.832s] Level 1:colcon.colcon_core.package_identification:_identify(models/tools) by extension 'colcon_pkg'
[0.832s] Level 1:colcon.colcon_core.package_identification:_identify(models/tools) by extensions ['colcon_meta']
[0.832s] Level 1:colcon.colcon_core.package_identification:_identify(models/tools) by extension 'colcon_meta'
[0.832s] Level 1:colcon.colcon_core.package_identification:_identify(models/tools) by extensions ['ros']
[0.832s] Level 1:colcon.colcon_core.package_identification:_identify(models/tools) by extension 'ros'
[0.832s] Level 1:colcon.colcon_core.package_identification:_identify(models/tools) by extensions ['cmake', 'python']
[0.832s] Level 1:colcon.colcon_core.package_identification:_identify(models/tools) by extension 'cmake'
[0.832s] Level 1:colcon.colcon_core.package_identification:_identify(models/tools) by extension 'python'
[0.833s] Level 1:colcon.colcon_core.package_identification:_identify(models/tools) by extensions ['python_setup_py']
[0.833s] Level 1:colcon.colcon_core.package_identification:_identify(models/tools) by extension 'python_setup_py'
[0.833s] Level 1:colcon.colcon_core.package_identification:_identify(models/vehicles) by extensions ['ignore', 'ignore_ament_install']
[0.833s] Level 1:colcon.colcon_core.package_identification:_identify(models/vehicles) by extension 'ignore'
[0.833s] Level 1:colcon.colcon_core.package_identification:_identify(models/vehicles) by extension 'ignore_ament_install'
[0.834s] Level 1:colcon.colcon_core.package_identification:_identify(models/vehicles) by extensions ['colcon_pkg']
[0.834s] Level 1:colcon.colcon_core.package_identification:_identify(models/vehicles) by extension 'colcon_pkg'
[0.834s] Level 1:colcon.colcon_core.package_identification:_identify(models/vehicles) by extensions ['colcon_meta']
[0.834s] Level 1:colcon.colcon_core.package_identification:_identify(models/vehicles) by extension 'colcon_meta'
[0.834s] Level 1:colcon.colcon_core.package_identification:_identify(models/vehicles) by extensions ['ros']
[0.834s] Level 1:colcon.colcon_core.package_identification:_identify(models/vehicles) by extension 'ros'
[0.834s] Level 1:colcon.colcon_core.package_identification:_identify(models/vehicles) by extensions ['cmake', 'python']
[0.834s] Level 1:colcon.colcon_core.package_identification:_identify(models/vehicles) by extension 'cmake'
[0.834s] Level 1:colcon.colcon_core.package_identification:_identify(models/vehicles) by extension 'python'
[0.834s] Level 1:colcon.colcon_core.package_identification:_identify(models/vehicles) by extensions ['python_setup_py']
[0.834s] Level 1:colcon.colcon_core.package_identification:_identify(models/vehicles) by extension 'python_setup_py'
[0.834s] Level 1:colcon.colcon_core.package_identification:_identify(platforms) by extensions ['ignore', 'ignore_ament_install']
[0.835s] Level 1:colcon.colcon_core.package_identification:_identify(platforms) by extension 'ignore'
[0.835s] Level 1:colcon.colcon_core.package_identification:_identify(platforms) by extension 'ignore_ament_install'
[0.835s] Level 1:colcon.colcon_core.package_identification:_identify(platforms) by extensions ['colcon_pkg']
[0.835s] Level 1:colcon.colcon_core.package_identification:_identify(platforms) by extension 'colcon_pkg'
[0.835s] Level 1:colcon.colcon_core.package_identification:_identify(platforms) by extensions ['colcon_meta']
[0.835s] Level 1:colcon.colcon_core.package_identification:_identify(platforms) by extension 'colcon_meta'
[0.835s] Level 1:colcon.colcon_core.package_identification:_identify(platforms) by extensions ['ros']
[0.835s] Level 1:colcon.colcon_core.package_identification:_identify(platforms) by extension 'ros'
[0.835s] Level 1:colcon.colcon_core.package_identification:_identify(platforms) by extensions ['cmake', 'python']
[0.835s] Level 1:colcon.colcon_core.package_identification:_identify(platforms) by extension 'cmake'
[0.835s] Level 1:colcon.colcon_core.package_identification:_identify(platforms) by extension 'python'
[0.836s] Level 1:colcon.colcon_core.package_identification:_identify(platforms) by extensions ['python_setup_py']
[0.836s] Level 1:colcon.colcon_core.package_identification:_identify(platforms) by extension 'python_setup_py'
[0.836s] Level 1:colcon.colcon_core.package_identification:_identify(platformthemes) by extensions ['ignore', 'ignore_ament_install']
[0.836s] Level 1:colcon.colcon_core.package_identification:_identify(platformthemes) by extension 'ignore'
[0.836s] Level 1:colcon.colcon_core.package_identification:_identify(platformthemes) by extension 'ignore_ament_install'
[0.836s] Level 1:colcon.colcon_core.package_identification:_identify(platformthemes) by extensions ['colcon_pkg']
[0.836s] Level 1:colcon.colcon_core.package_identification:_identify(platformthemes) by extension 'colcon_pkg'
[0.836s] Level 1:colcon.colcon_core.package_identification:_identify(platformthemes) by extensions ['colcon_meta']
[0.836s] Level 1:colcon.colcon_core.package_identification:_identify(platformthemes) by extension 'colcon_meta'
[0.836s] Level 1:colcon.colcon_core.package_identification:_identify(platformthemes) by extensions ['ros']
[0.837s] Level 1:colcon.colcon_core.package_identification:_identify(platformthemes) by extension 'ros'
[0.837s] Level 1:colcon.colcon_core.package_identification:_identify(platformthemes) by extensions ['cmake', 'python']
[0.837s] Level 1:colcon.colcon_core.package_identification:_identify(platformthemes) by extension 'cmake'
[0.837s] Level 1:colcon.colcon_core.package_identification:_identify(platformthemes) by extension 'python'
[0.837s] Level 1:colcon.colcon_core.package_identification:_identify(platformthemes) by extensions ['python_setup_py']
[0.837s] Level 1:colcon.colcon_core.package_identification:_identify(platformthemes) by extension 'python_setup_py'
[0.837s] Level 1:colcon.colcon_core.package_identification:_identify(programming) by extensions ['ignore', 'ignore_ament_install']
[0.838s] Level 1:colcon.colcon_core.package_identification:_identify(programming) by extension 'ignore'
[0.838s] Level 1:colcon.colcon_core.package_identification:_identify(programming) by extension 'ignore_ament_install'
[0.838s] Level 1:colcon.colcon_core.package_identification:_identify(programming) by extensions ['colcon_pkg']
[0.838s] Level 1:colcon.colcon_core.package_identification:_identify(programming) by extension 'colcon_pkg'
[0.838s] Level 1:colcon.colcon_core.package_identification:_identify(programming) by extensions ['colcon_meta']
[0.838s] Level 1:colcon.colcon_core.package_identification:_identify(programming) by extension 'colcon_meta'
[0.838s] Level 1:colcon.colcon_core.package_identification:_identify(programming) by extensions ['ros']
[0.838s] Level 1:colcon.colcon_core.package_identification:_identify(programming) by extension 'ros'
[0.838s] Level 1:colcon.colcon_core.package_identification:_identify(programming) by extensions ['cmake', 'python']
[0.838s] Level 1:colcon.colcon_core.package_identification:_identify(programming) by extension 'cmake'
[0.838s] Level 1:colcon.colcon_core.package_identification:_identify(programming) by extension 'python'
[0.838s] Level 1:colcon.colcon_core.package_identification:_identify(programming) by extensions ['python_setup_py']
[0.838s] Level 1:colcon.colcon_core.package_identification:_identify(programming) by extension 'python_setup_py'
[0.838s] Level 1:colcon.colcon_core.package_identification:_identify(programming/common) by extensions ['ignore', 'ignore_ament_install']
[0.838s] Level 1:colcon.colcon_core.package_identification:_identify(programming/common) by extension 'ignore'
[0.838s] Level 1:colcon.colcon_core.package_identification:_identify(programming/common) by extension 'ignore_ament_install'
[0.839s] Level 1:colcon.colcon_core.package_identification:_identify(programming/common) by extensions ['colcon_pkg']
[0.839s] Level 1:colcon.colcon_core.package_identification:_identify(programming/common) by extension 'colcon_pkg'
[0.839s] Level 1:colcon.colcon_core.package_identification:_identify(programming/common) by extensions ['colcon_meta']
[0.839s] Level 1:colcon.colcon_core.package_identification:_identify(programming/common) by extension 'colcon_meta'
[0.839s] Level 1:colcon.colcon_core.package_identification:_identify(programming/common) by extensions ['ros']
[0.839s] Level 1:colcon.colcon_core.package_identification:_identify(programming/common) by extension 'ros'
[0.839s] Level 1:colcon.colcon_core.package_identification:_identify(programming/common) by extensions ['cmake', 'python']
[0.839s] Level 1:colcon.colcon_core.package_identification:_identify(programming/common) by extension 'cmake'
[0.839s] Level 1:colcon.colcon_core.package_identification:_identify(programming/common) by extension 'python'
[0.839s] Level 1:colcon.colcon_core.package_identification:_identify(programming/common) by extensions ['python_setup_py']
[0.839s] Level 1:colcon.colcon_core.package_identification:_identify(programming/common) by extension 'python_setup_py'
[0.840s] Level 1:colcon.colcon_core.package_identification:_identify(programming/common/stack) by extensions ['ignore', 'ignore_ament_install']
[0.840s] Level 1:colcon.colcon_core.package_identification:_identify(programming/common/stack) by extension 'ignore'
[0.840s] Level 1:colcon.colcon_core.package_identification:_identify(programming/common/stack) by extension 'ignore_ament_install'
[0.840s] Level 1:colcon.colcon_core.package_identification:_identify(programming/common/stack) by extensions ['colcon_pkg']
[0.840s] Level 1:colcon.colcon_core.package_identification:_identify(programming/common/stack) by extension 'colcon_pkg'
[0.840s] Level 1:colcon.colcon_core.package_identification:_identify(programming/common/stack) by extensions ['colcon_meta']
[0.840s] Level 1:colcon.colcon_core.package_identification:_identify(programming/common/stack) by extension 'colcon_meta'
[0.840s] Level 1:colcon.colcon_core.package_identification:_identify(programming/common/stack) by extensions ['ros']
[0.840s] Level 1:colcon.colcon_core.package_identification:_identify(programming/common/stack) by extension 'ros'
[0.841s] Level 1:colcon.colcon_core.package_identification:_identify(programming/common/stack) by extensions ['cmake', 'python']
[0.841s] Level 1:colcon.colcon_core.package_identification:_identify(programming/common/stack) by extension 'cmake'
[0.841s] Level 1:colcon.colcon_core.package_identification:_identify(programming/common/stack) by extension 'python'
[0.841s] Level 1:colcon.colcon_core.package_identification:_identify(programming/common/stack) by extensions ['python_setup_py']
[0.841s] Level 1:colcon.colcon_core.package_identification:_identify(programming/common/stack) by extension 'python_setup_py'
[0.841s] Level 1:colcon.colcon_core.package_identification:_identify(programming/include) by extensions ['ignore', 'ignore_ament_install']
[0.841s] Level 1:colcon.colcon_core.package_identification:_identify(programming/include) by extension 'ignore'
[0.841s] Level 1:colcon.colcon_core.package_identification:_identify(programming/include) by extension 'ignore_ament_install'
[0.841s] Level 1:colcon.colcon_core.package_identification:_identify(programming/include) by extensions ['colcon_pkg']
[0.842s] Level 1:colcon.colcon_core.package_identification:_identify(programming/include) by extension 'colcon_pkg'
[0.842s] Level 1:colcon.colcon_core.package_identification:_identify(programming/include) by extensions ['colcon_meta']
[0.842s] Level 1:colcon.colcon_core.package_identification:_identify(programming/include) by extension 'colcon_meta'
[0.842s] Level 1:colcon.colcon_core.package_identification:_identify(programming/include) by extensions ['ros']
[0.842s] Level 1:colcon.colcon_core.package_identification:_identify(programming/include) by extension 'ros'
[0.842s] Level 1:colcon.colcon_core.package_identification:_identify(programming/include) by extensions ['cmake', 'python']
[0.842s] Level 1:colcon.colcon_core.package_identification:_identify(programming/include) by extension 'cmake'
[0.842s] Level 1:colcon.colcon_core.package_identification:_identify(programming/include) by extension 'python'
[0.842s] Level 1:colcon.colcon_core.package_identification:_identify(programming/include) by extensions ['python_setup_py']
[0.842s] Level 1:colcon.colcon_core.package_identification:_identify(programming/include) by extension 'python_setup_py'
[0.843s] Level 1:colcon.colcon_core.package_identification:_identify(programming/include/stack) by extensions ['ignore', 'ignore_ament_install']
[0.843s] Level 1:colcon.colcon_core.package_identification:_identify(programming/include/stack) by extension 'ignore'
[0.843s] Level 1:colcon.colcon_core.package_identification:_identify(programming/include/stack) by extension 'ignore_ament_install'
[0.843s] Level 1:colcon.colcon_core.package_identification:_identify(programming/include/stack) by extensions ['colcon_pkg']
[0.843s] Level 1:colcon.colcon_core.package_identification:_identify(programming/include/stack) by extension 'colcon_pkg'
[0.843s] Level 1:colcon.colcon_core.package_identification:_identify(programming/include/stack) by extensions ['colcon_meta']
[0.843s] Level 1:colcon.colcon_core.package_identification:_identify(programming/include/stack) by extension 'colcon_meta'
[0.843s] Level 1:colcon.colcon_core.package_identification:_identify(programming/include/stack) by extensions ['ros']
[0.843s] Level 1:colcon.colcon_core.package_identification:_identify(programming/include/stack) by extension 'ros'
[0.843s] Level 1:colcon.colcon_core.package_identification:_identify(programming/include/stack) by extensions ['cmake', 'python']
[0.843s] Level 1:colcon.colcon_core.package_identification:_identify(programming/include/stack) by extension 'cmake'
[0.843s] Level 1:colcon.colcon_core.package_identification:_identify(programming/include/stack) by extension 'python'
[0.843s] Level 1:colcon.colcon_core.package_identification:_identify(programming/include/stack) by extensions ['python_setup_py']
[0.844s] Level 1:colcon.colcon_core.package_identification:_identify(programming/include/stack) by extension 'python_setup_py'
[0.844s] Level 1:colcon.colcon_core.package_identification:_identify(programming/libPlugin) by extensions ['ignore', 'ignore_ament_install']
[0.844s] Level 1:colcon.colcon_core.package_identification:_identify(programming/libPlugin) by extension 'ignore'
[0.844s] Level 1:colcon.colcon_core.package_identification:_identify(programming/libPlugin) by extension 'ignore_ament_install'
[0.844s] Level 1:colcon.colcon_core.package_identification:_identify(programming/libPlugin) by extensions ['colcon_pkg']
[0.844s] Level 1:colcon.colcon_core.package_identification:_identify(programming/libPlugin) by extension 'colcon_pkg'
[0.844s] Level 1:colcon.colcon_core.package_identification:_identify(programming/libPlugin) by extensions ['colcon_meta']
[0.844s] Level 1:colcon.colcon_core.package_identification:_identify(programming/libPlugin) by extension 'colcon_meta'
[0.844s] Level 1:colcon.colcon_core.package_identification:_identify(programming/libPlugin) by extensions ['ros']
[0.844s] Level 1:colcon.colcon_core.package_identification:_identify(programming/libPlugin) by extension 'ros'
[0.845s] Level 1:colcon.colcon_core.package_identification:_identify(programming/libPlugin) by extensions ['cmake', 'python']
[0.845s] Level 1:colcon.colcon_core.package_identification:_identify(programming/libPlugin) by extension 'cmake'
[0.845s] Level 1:colcon.colcon_core.package_identification:_identify(programming/libPlugin) by extension 'python'
[0.845s] Level 1:colcon.colcon_core.package_identification:_identify(programming/libPlugin) by extensions ['python_setup_py']
[0.845s] Level 1:colcon.colcon_core.package_identification:_identify(programming/libPlugin) by extension 'python_setup_py'
[0.845s] Level 1:colcon.colcon_core.package_identification:_identify(programming/libPlugin/cmake) by extensions ['ignore', 'ignore_ament_install']
[0.845s] Level 1:colcon.colcon_core.package_identification:_identify(programming/libPlugin/cmake) by extension 'ignore'
[0.845s] Level 1:colcon.colcon_core.package_identification:_identify(programming/libPlugin/cmake) by extension 'ignore_ament_install'
[0.845s] Level 1:colcon.colcon_core.package_identification:_identify(programming/libPlugin/cmake) by extensions ['colcon_pkg']
[0.845s] Level 1:colcon.colcon_core.package_identification:_identify(programming/libPlugin/cmake) by extension 'colcon_pkg'
[0.845s] Level 1:colcon.colcon_core.package_identification:_identify(programming/libPlugin/cmake) by extensions ['colcon_meta']
[0.846s] Level 1:colcon.colcon_core.package_identification:_identify(programming/libPlugin/cmake) by extension 'colcon_meta'
[0.846s] Level 1:colcon.colcon_core.package_identification:_identify(programming/libPlugin/cmake) by extensions ['ros']
[0.846s] Level 1:colcon.colcon_core.package_identification:_identify(programming/libPlugin/cmake) by extension 'ros'
[0.846s] Level 1:colcon.colcon_core.package_identification:_identify(programming/libPlugin/cmake) by extensions ['cmake', 'python']
[0.846s] Level 1:colcon.colcon_core.package_identification:_identify(programming/libPlugin/cmake) by extension 'cmake'
[0.846s] Level 1:colcon.colcon_core.package_identification:_identify(programming/libPlugin/cmake) by extension 'python'
[0.846s] Level 1:colcon.colcon_core.package_identification:_identify(programming/libPlugin/cmake) by extensions ['python_setup_py']
[0.846s] Level 1:colcon.colcon_core.package_identification:_identify(programming/libPlugin/cmake) by extension 'python_setup_py'
[0.846s] Level 1:colcon.colcon_core.package_identification:_identify(programming/libPlugin/simPlusPlus) by extensions ['ignore', 'ignore_ament_install']
[0.846s] Level 1:colcon.colcon_core.package_identification:_identify(programming/libPlugin/simPlusPlus) by extension 'ignore'
[0.846s] Level 1:colcon.colcon_core.package_identification:_identify(programming/libPlugin/simPlusPlus) by extension 'ignore_ament_install'
[0.846s] Level 1:colcon.colcon_core.package_identification:_identify(programming/libPlugin/simPlusPlus) by extensions ['colcon_pkg']
[0.846s] Level 1:colcon.colcon_core.package_identification:_identify(programming/libPlugin/simPlusPlus) by extension 'colcon_pkg'
[0.847s] Level 1:colcon.colcon_core.package_identification:_identify(programming/libPlugin/simPlusPlus) by extensions ['colcon_meta']
[0.847s] Level 1:colcon.colcon_core.package_identification:_identify(programming/libPlugin/simPlusPlus) by extension 'colcon_meta'
[0.847s] Level 1:colcon.colcon_core.package_identification:_identify(programming/libPlugin/simPlusPlus) by extensions ['ros']
[0.847s] Level 1:colcon.colcon_core.package_identification:_identify(programming/libPlugin/simPlusPlus) by extension 'ros'
[0.847s] Level 1:colcon.colcon_core.package_identification:_identify(programming/libPlugin/simPlusPlus) by extensions ['cmake', 'python']
[0.847s] Level 1:colcon.colcon_core.package_identification:_identify(programming/libPlugin/simPlusPlus) by extension 'cmake'
[0.847s] Level 1:colcon.colcon_core.package_identification:_identify(programming/libPlugin/simPlusPlus) by extension 'python'
[0.847s] Level 1:colcon.colcon_core.package_identification:_identify(programming/libPlugin/simPlusPlus) by extensions ['python_setup_py']
[0.847s] Level 1:colcon.colcon_core.package_identification:_identify(programming/libPlugin/simPlusPlus) by extension 'python_setup_py'
[0.848s] Level 1:colcon.colcon_core.package_identification:_identify(programming/libPlugin/simStubsGen) by extensions ['ignore', 'ignore_ament_install']
[0.848s] Level 1:colcon.colcon_core.package_identification:_identify(programming/libPlugin/simStubsGen) by extension 'ignore'
[0.848s] Level 1:colcon.colcon_core.package_identification:_identify(programming/libPlugin/simStubsGen) by extension 'ignore_ament_install'
[0.848s] Level 1:colcon.colcon_core.package_identification:_identify(programming/libPlugin/simStubsGen) by extensions ['colcon_pkg']
[0.848s] Level 1:colcon.colcon_core.package_identification:_identify(programming/libPlugin/simStubsGen) by extension 'colcon_pkg'
[0.848s] Level 1:colcon.colcon_core.package_identification:_identify(programming/libPlugin/simStubsGen) by extensions ['colcon_meta']
[0.848s] Level 1:colcon.colcon_core.package_identification:_identify(programming/libPlugin/simStubsGen) by extension 'colcon_meta'
[0.848s] Level 1:colcon.colcon_core.package_identification:_identify(programming/libPlugin/simStubsGen) by extensions ['ros']
[0.848s] Level 1:colcon.colcon_core.package_identification:_identify(programming/libPlugin/simStubsGen) by extension 'ros'
[0.848s] Level 1:colcon.colcon_core.package_identification:_identify(programming/libPlugin/simStubsGen) by extensions ['cmake', 'python']
[0.848s] Level 1:colcon.colcon_core.package_identification:_identify(programming/libPlugin/simStubsGen) by extension 'cmake'
[0.848s] Level 1:colcon.colcon_core.package_identification:_identify(programming/libPlugin/simStubsGen) by extension 'python'
[0.849s] Level 1:colcon.colcon_core.package_identification:_identify(programming/libPlugin/simStubsGen) by extensions ['python_setup_py']
[0.849s] Level 1:colcon.colcon_core.package_identification:_identify(programming/libPlugin/simStubsGen) by extension 'python_setup_py'
[0.849s] Level 1:colcon.colcon_core.package_identification:_identify(programming/libPlugin/simStubsGen/__pycache__) by extensions ['ignore', 'ignore_ament_install']
[0.849s] Level 1:colcon.colcon_core.package_identification:_identify(programming/libPlugin/simStubsGen/__pycache__) by extension 'ignore'
[0.849s] Level 1:colcon.colcon_core.package_identification:_identify(programming/libPlugin/simStubsGen/__pycache__) by extension 'ignore_ament_install'
[0.849s] Level 1:colcon.colcon_core.package_identification:_identify(programming/libPlugin/simStubsGen/__pycache__) by extensions ['colcon_pkg']
[0.849s] Level 1:colcon.colcon_core.package_identification:_identify(programming/libPlugin/simStubsGen/__pycache__) by extension 'colcon_pkg'
[0.849s] Level 1:colcon.colcon_core.package_identification:_identify(programming/libPlugin/simStubsGen/__pycache__) by extensions ['colcon_meta']
[0.850s] Level 1:colcon.colcon_core.package_identification:_identify(programming/libPlugin/simStubsGen/__pycache__) by extension 'colcon_meta'
[0.850s] Level 1:colcon.colcon_core.package_identification:_identify(programming/libPlugin/simStubsGen/__pycache__) by extensions ['ros']
[0.850s] Level 1:colcon.colcon_core.package_identification:_identify(programming/libPlugin/simStubsGen/__pycache__) by extension 'ros'
[0.850s] Level 1:colcon.colcon_core.package_identification:_identify(programming/libPlugin/simStubsGen/__pycache__) by extensions ['cmake', 'python']
[0.850s] Level 1:colcon.colcon_core.package_identification:_identify(programming/libPlugin/simStubsGen/__pycache__) by extension 'cmake'
[0.850s] Level 1:colcon.colcon_core.package_identification:_identify(programming/libPlugin/simStubsGen/__pycache__) by extension 'python'
[0.850s] Level 1:colcon.colcon_core.package_identification:_identify(programming/libPlugin/simStubsGen/__pycache__) by extensions ['python_setup_py']
[0.850s] Level 1:colcon.colcon_core.package_identification:_identify(programming/libPlugin/simStubsGen/__pycache__) by extension 'python_setup_py'
[0.850s] Level 1:colcon.colcon_core.package_identification:_identify(programming/libPlugin/simStubsGen/cpp) by extensions ['ignore', 'ignore_ament_install']
[0.851s] Level 1:colcon.colcon_core.package_identification:_identify(programming/libPlugin/simStubsGen/cpp) by extension 'ignore'
[0.851s] Level 1:colcon.colcon_core.package_identification:_identify(programming/libPlugin/simStubsGen/cpp) by extension 'ignore_ament_install'
[0.851s] Level 1:colcon.colcon_core.package_identification:_identify(programming/libPlugin/simStubsGen/cpp) by extensions ['colcon_pkg']
[0.851s] Level 1:colcon.colcon_core.package_identification:_identify(programming/libPlugin/simStubsGen/cpp) by extension 'colcon_pkg'
[0.851s] Level 1:colcon.colcon_core.package_identification:_identify(programming/libPlugin/simStubsGen/cpp) by extensions ['colcon_meta']
[0.851s] Level 1:colcon.colcon_core.package_identification:_identify(programming/libPlugin/simStubsGen/cpp) by extension 'colcon_meta'
[0.851s] Level 1:colcon.colcon_core.package_identification:_identify(programming/libPlugin/simStubsGen/cpp) by extensions ['ros']
[0.851s] Level 1:colcon.colcon_core.package_identification:_identify(programming/libPlugin/simStubsGen/cpp) by extension 'ros'
[0.851s] Level 1:colcon.colcon_core.package_identification:_identify(programming/libPlugin/simStubsGen/cpp) by extensions ['cmake', 'python']
[0.852s] Level 1:colcon.colcon_core.package_identification:_identify(programming/libPlugin/simStubsGen/cpp) by extension 'cmake'
[0.852s] Level 1:colcon.colcon_core.package_identification:_identify(programming/libPlugin/simStubsGen/cpp) by extension 'python'
[0.852s] Level 1:colcon.colcon_core.package_identification:_identify(programming/libPlugin/simStubsGen/cpp) by extensions ['python_setup_py']
[0.852s] Level 1:colcon.colcon_core.package_identification:_identify(programming/libPlugin/simStubsGen/cpp) by extension 'python_setup_py'
[0.852s] Level 1:colcon.colcon_core.package_identification:_identify(programming/libPlugin/simStubsGen/doc) by extensions ['ignore', 'ignore_ament_install']
[0.852s] Level 1:colcon.colcon_core.package_identification:_identify(programming/libPlugin/simStubsGen/doc) by extension 'ignore'
[0.852s] Level 1:colcon.colcon_core.package_identification:_identify(programming/libPlugin/simStubsGen/doc) by extension 'ignore_ament_install'
[0.852s] Level 1:colcon.colcon_core.package_identification:_identify(programming/libPlugin/simStubsGen/doc) by extensions ['colcon_pkg']
[0.852s] Level 1:colcon.colcon_core.package_identification:_identify(programming/libPlugin/simStubsGen/doc) by extension 'colcon_pkg'
[0.852s] Level 1:colcon.colcon_core.package_identification:_identify(programming/libPlugin/simStubsGen/doc) by extensions ['colcon_meta']
[0.852s] Level 1:colcon.colcon_core.package_identification:_identify(programming/libPlugin/simStubsGen/doc) by extension 'colcon_meta'
[0.852s] Level 1:colcon.colcon_core.package_identification:_identify(programming/libPlugin/simStubsGen/doc) by extensions ['ros']
[0.852s] Level 1:colcon.colcon_core.package_identification:_identify(programming/libPlugin/simStubsGen/doc) by extension 'ros'
[0.852s] Level 1:colcon.colcon_core.package_identification:_identify(programming/libPlugin/simStubsGen/doc) by extensions ['cmake', 'python']
[0.853s] Level 1:colcon.colcon_core.package_identification:_identify(programming/libPlugin/simStubsGen/doc) by extension 'cmake'
[0.853s] Level 1:colcon.colcon_core.package_identification:_identify(programming/libPlugin/simStubsGen/doc) by extension 'python'
[0.853s] Level 1:colcon.colcon_core.package_identification:_identify(programming/libPlugin/simStubsGen/doc) by extensions ['python_setup_py']
[0.853s] Level 1:colcon.colcon_core.package_identification:_identify(programming/libPlugin/simStubsGen/doc) by extension 'python_setup_py'
[0.853s] Level 1:colcon.colcon_core.package_identification:_identify(programming/libPlugin/simStubsGen/external) by extensions ['ignore', 'ignore_ament_install']
[0.853s] Level 1:colcon.colcon_core.package_identification:_identify(programming/libPlugin/simStubsGen/external) by extension 'ignore'
[0.853s] Level 1:colcon.colcon_core.package_identification:_identify(programming/libPlugin/simStubsGen/external) by extension 'ignore_ament_install'
[0.853s] Level 1:colcon.colcon_core.package_identification:_identify(programming/libPlugin/simStubsGen/external) by extensions ['colcon_pkg']
[0.853s] Level 1:colcon.colcon_core.package_identification:_identify(programming/libPlugin/simStubsGen/external) by extension 'colcon_pkg'
[0.853s] Level 1:colcon.colcon_core.package_identification:_identify(programming/libPlugin/simStubsGen/external) by extensions ['colcon_meta']
[0.853s] Level 1:colcon.colcon_core.package_identification:_identify(programming/libPlugin/simStubsGen/external) by extension 'colcon_meta'
[0.853s] Level 1:colcon.colcon_core.package_identification:_identify(programming/libPlugin/simStubsGen/external) by extensions ['ros']
[0.853s] Level 1:colcon.colcon_core.package_identification:_identify(programming/libPlugin/simStubsGen/external) by extension 'ros'
[0.854s] Level 1:colcon.colcon_core.package_identification:_identify(programming/libPlugin/simStubsGen/external) by extensions ['cmake', 'python']
[0.854s] Level 1:colcon.colcon_core.package_identification:_identify(programming/libPlugin/simStubsGen/external) by extension 'cmake'
[0.854s] Level 1:colcon.colcon_core.package_identification:_identify(programming/libPlugin/simStubsGen/external) by extension 'python'
[0.854s] Level 1:colcon.colcon_core.package_identification:_identify(programming/libPlugin/simStubsGen/external) by extensions ['python_setup_py']
[0.854s] Level 1:colcon.colcon_core.package_identification:_identify(programming/libPlugin/simStubsGen/external) by extension 'python_setup_py'
[0.854s] Level 1:colcon.colcon_core.package_identification:_identify(programming/libPlugin/simStubsGen/external/pycpp) by extensions ['ignore', 'ignore_ament_install']
[0.854s] Level 1:colcon.colcon_core.package_identification:_identify(programming/libPlugin/simStubsGen/external/pycpp) by extension 'ignore'
[0.854s] Level 1:colcon.colcon_core.package_identification:_identify(programming/libPlugin/simStubsGen/external/pycpp) by extension 'ignore_ament_install'
[0.854s] Level 1:colcon.colcon_core.package_identification:_identify(programming/libPlugin/simStubsGen/external/pycpp) by extensions ['colcon_pkg']
[0.854s] Level 1:colcon.colcon_core.package_identification:_identify(programming/libPlugin/simStubsGen/external/pycpp) by extension 'colcon_pkg'
[0.854s] Level 1:colcon.colcon_core.package_identification:_identify(programming/libPlugin/simStubsGen/external/pycpp) by extensions ['colcon_meta']
[0.854s] Level 1:colcon.colcon_core.package_identification:_identify(programming/libPlugin/simStubsGen/external/pycpp) by extension 'colcon_meta'
[0.855s] Level 1:colcon.colcon_core.package_identification:_identify(programming/libPlugin/simStubsGen/external/pycpp) by extensions ['ros']
[0.855s] Level 1:colcon.colcon_core.package_identification:_identify(programming/libPlugin/simStubsGen/external/pycpp) by extension 'ros'
[0.855s] Level 1:colcon.colcon_core.package_identification:_identify(programming/libPlugin/simStubsGen/external/pycpp) by extensions ['cmake', 'python']
[0.855s] Level 1:colcon.colcon_core.package_identification:_identify(programming/libPlugin/simStubsGen/external/pycpp) by extension 'cmake'
[0.855s] Level 1:colcon.colcon_core.package_identification:_identify(programming/libPlugin/simStubsGen/external/pycpp) by extension 'python'
[0.855s] Level 1:colcon.colcon_core.package_identification:_identify(programming/libPlugin/simStubsGen/external/pycpp) by extensions ['python_setup_py']
[0.855s] Level 1:colcon.colcon_core.package_identification:_identify(programming/libPlugin/simStubsGen/external/pycpp) by extension 'python_setup_py'
[0.855s] Level 1:colcon.colcon_core.package_identification:_identify(programming/libPlugin/simStubsGen/external/pycpp/tests) by extensions ['ignore', 'ignore_ament_install']
[0.856s] Level 1:colcon.colcon_core.package_identification:_identify(programming/libPlugin/simStubsGen/external/pycpp/tests) by extension 'ignore'
[0.856s] Level 1:colcon.colcon_core.package_identification:_identify(programming/libPlugin/simStubsGen/external/pycpp/tests) by extension 'ignore_ament_install'
[0.856s] Level 1:colcon.colcon_core.package_identification:_identify(programming/libPlugin/simStubsGen/external/pycpp/tests) by extensions ['colcon_pkg']
[0.856s] Level 1:colcon.colcon_core.package_identification:_identify(programming/libPlugin/simStubsGen/external/pycpp/tests) by extension 'colcon_pkg'
[0.856s] Level 1:colcon.colcon_core.package_identification:_identify(programming/libPlugin/simStubsGen/external/pycpp/tests) by extensions ['colcon_meta']
[0.856s] Level 1:colcon.colcon_core.package_identification:_identify(programming/libPlugin/simStubsGen/external/pycpp/tests) by extension 'colcon_meta'
[0.856s] Level 1:colcon.colcon_core.package_identification:_identify(programming/libPlugin/simStubsGen/external/pycpp/tests) by extensions ['ros']
[0.856s] Level 1:colcon.colcon_core.package_identification:_identify(programming/libPlugin/simStubsGen/external/pycpp/tests) by extension 'ros'
[0.856s] Level 1:colcon.colcon_core.package_identification:_identify(programming/libPlugin/simStubsGen/external/pycpp/tests) by extensions ['cmake', 'python']
[0.856s] Level 1:colcon.colcon_core.package_identification:_identify(programming/libPlugin/simStubsGen/external/pycpp/tests) by extension 'cmake'
[0.856s] Level 1:colcon.colcon_core.package_identification:_identify(programming/libPlugin/simStubsGen/external/pycpp/tests) by extension 'python'
[0.856s] Level 1:colcon.colcon_core.package_identification:_identify(programming/libPlugin/simStubsGen/external/pycpp/tests) by extensions ['python_setup_py']
[0.856s] Level 1:colcon.colcon_core.package_identification:_identify(programming/libPlugin/simStubsGen/external/pycpp/tests) by extension 'python_setup_py'
[0.857s] Level 1:colcon.colcon_core.package_identification:_identify(programming/libPlugin/simStubsGen/external/pycpp/tests/001) by extensions ['ignore', 'ignore_ament_install']
[0.857s] Level 1:colcon.colcon_core.package_identification:_identify(programming/libPlugin/simStubsGen/external/pycpp/tests/001) by extension 'ignore'
[0.857s] Level 1:colcon.colcon_core.package_identification:_identify(programming/libPlugin/simStubsGen/external/pycpp/tests/001) by extension 'ignore_ament_install'
[0.857s] Level 1:colcon.colcon_core.package_identification:_identify(programming/libPlugin/simStubsGen/external/pycpp/tests/001) by extensions ['colcon_pkg']
[0.857s] Level 1:colcon.colcon_core.package_identification:_identify(programming/libPlugin/simStubsGen/external/pycpp/tests/001) by extension 'colcon_pkg'
[0.857s] Level 1:colcon.colcon_core.package_identification:_identify(programming/libPlugin/simStubsGen/external/pycpp/tests/001) by extensions ['colcon_meta']
[0.857s] Level 1:colcon.colcon_core.package_identification:_identify(programming/libPlugin/simStubsGen/external/pycpp/tests/001) by extension 'colcon_meta'
[0.857s] Level 1:colcon.colcon_core.package_identification:_identify(programming/libPlugin/simStubsGen/external/pycpp/tests/001) by extensions ['ros']
[0.857s] Level 1:colcon.colcon_core.package_identification:_identify(programming/libPlugin/simStubsGen/external/pycpp/tests/001) by extension 'ros'
[0.858s] Level 1:colcon.colcon_core.package_identification:_identify(programming/libPlugin/simStubsGen/external/pycpp/tests/001) by extensions ['cmake', 'python']
[0.858s] Level 1:colcon.colcon_core.package_identification:_identify(programming/libPlugin/simStubsGen/external/pycpp/tests/001) by extension 'cmake'
[0.858s] Level 1:colcon.colcon_core.package_identification:_identify(programming/libPlugin/simStubsGen/external/pycpp/tests/001) by extension 'python'
[0.858s] Level 1:colcon.colcon_core.package_identification:_identify(programming/libPlugin/simStubsGen/external/pycpp/tests/001) by extensions ['python_setup_py']
[0.858s] Level 1:colcon.colcon_core.package_identification:_identify(programming/libPlugin/simStubsGen/external/pycpp/tests/001) by extension 'python_setup_py'
[0.858s] Level 1:colcon.colcon_core.package_identification:_identify(programming/libPlugin/simStubsGen/external/pycpp/tests/002-escapes) by extensions ['ignore', 'ignore_ament_install']
[0.858s] Level 1:colcon.colcon_core.package_identification:_identify(programming/libPlugin/simStubsGen/external/pycpp/tests/002-escapes) by extension 'ignore'
[0.858s] Level 1:colcon.colcon_core.package_identification:_identify(programming/libPlugin/simStubsGen/external/pycpp/tests/002-escapes) by extension 'ignore_ament_install'
[0.859s] Level 1:colcon.colcon_core.package_identification:_identify(programming/libPlugin/simStubsGen/external/pycpp/tests/002-escapes) by extensions ['colcon_pkg']
[0.859s] Level 1:colcon.colcon_core.package_identification:_identify(programming/libPlugin/simStubsGen/external/pycpp/tests/002-escapes) by extension 'colcon_pkg'
[0.859s] Level 1:colcon.colcon_core.package_identification:_identify(programming/libPlugin/simStubsGen/external/pycpp/tests/002-escapes) by extensions ['colcon_meta']
[0.859s] Level 1:colcon.colcon_core.package_identification:_identify(programming/libPlugin/simStubsGen/external/pycpp/tests/002-escapes) by extension 'colcon_meta'
[0.859s] Level 1:colcon.colcon_core.package_identification:_identify(programming/libPlugin/simStubsGen/external/pycpp/tests/002-escapes) by extensions ['ros']
[0.859s] Level 1:colcon.colcon_core.package_identification:_identify(programming/libPlugin/simStubsGen/external/pycpp/tests/002-escapes) by extension 'ros'
[0.859s] Level 1:colcon.colcon_core.package_identification:_identify(programming/libPlugin/simStubsGen/external/pycpp/tests/002-escapes) by extensions ['cmake', 'python']
[0.859s] Level 1:colcon.colcon_core.package_identification:_identify(programming/libPlugin/simStubsGen/external/pycpp/tests/002-escapes) by extension 'cmake'
[0.859s] Level 1:colcon.colcon_core.package_identification:_identify(programming/libPlugin/simStubsGen/external/pycpp/tests/002-escapes) by extension 'python'
[0.859s] Level 1:colcon.colcon_core.package_identification:_identify(programming/libPlugin/simStubsGen/external/pycpp/tests/002-escapes) by extensions ['python_setup_py']
[0.859s] Level 1:colcon.colcon_core.package_identification:_identify(programming/libPlugin/simStubsGen/external/pycpp/tests/002-escapes) by extension 'python_setup_py'
[0.859s] Level 1:colcon.colcon_core.package_identification:_identify(programming/libPlugin/simStubsGen/external/pycpp/tests/003-params) by extensions ['ignore', 'ignore_ament_install']
[0.860s] Level 1:colcon.colcon_core.package_identification:_identify(programming/libPlugin/simStubsGen/external/pycpp/tests/003-params) by extension 'ignore'
[0.860s] Level 1:colcon.colcon_core.package_identification:_identify(programming/libPlugin/simStubsGen/external/pycpp/tests/003-params) by extension 'ignore_ament_install'
[0.860s] Level 1:colcon.colcon_core.package_identification:_identify(programming/libPlugin/simStubsGen/external/pycpp/tests/003-params) by extensions ['colcon_pkg']
[0.860s] Level 1:colcon.colcon_core.package_identification:_identify(programming/libPlugin/simStubsGen/external/pycpp/tests/003-params) by extension 'colcon_pkg'
[0.860s] Level 1:colcon.colcon_core.package_identification:_identify(programming/libPlugin/simStubsGen/external/pycpp/tests/003-params) by extensions ['colcon_meta']
[0.860s] Level 1:colcon.colcon_core.package_identification:_identify(programming/libPlugin/simStubsGen/external/pycpp/tests/003-params) by extension 'colcon_meta'
[0.860s] Level 1:colcon.colcon_core.package_identification:_identify(programming/libPlugin/simStubsGen/external/pycpp/tests/003-params) by extensions ['ros']
[0.860s] Level 1:colcon.colcon_core.package_identification:_identify(programming/libPlugin/simStubsGen/external/pycpp/tests/003-params) by extension 'ros'
[0.860s] Level 1:colcon.colcon_core.package_identification:_identify(programming/libPlugin/simStubsGen/external/pycpp/tests/003-params) by extensions ['cmake', 'python']
[0.861s] Level 1:colcon.colcon_core.package_identification:_identify(programming/libPlugin/simStubsGen/external/pycpp/tests/003-params) by extension 'cmake'
[0.861s] Level 1:colcon.colcon_core.package_identification:_identify(programming/libPlugin/simStubsGen/external/pycpp/tests/003-params) by extension 'python'
[0.861s] Level 1:colcon.colcon_core.package_identification:_identify(programming/libPlugin/simStubsGen/external/pycpp/tests/003-params) by extensions ['python_setup_py']
[0.861s] Level 1:colcon.colcon_core.package_identification:_identify(programming/libPlugin/simStubsGen/external/pycpp/tests/003-params) by extension 'python_setup_py'
[0.861s] Level 1:colcon.colcon_core.package_identification:_identify(programming/libPlugin/simStubsGen/external/pycpp/tests/004-block-error) by extensions ['ignore', 'ignore_ament_install']
[0.861s] Level 1:colcon.colcon_core.package_identification:_identify(programming/libPlugin/simStubsGen/external/pycpp/tests/004-block-error) by extension 'ignore'
[0.861s] Level 1:colcon.colcon_core.package_identification:_identify(programming/libPlugin/simStubsGen/external/pycpp/tests/004-block-error) by extension 'ignore_ament_install'
[0.861s] Level 1:colcon.colcon_core.package_identification:_identify(programming/libPlugin/simStubsGen/external/pycpp/tests/004-block-error) by extensions ['colcon_pkg']
[0.862s] Level 1:colcon.colcon_core.package_identification:_identify(programming/libPlugin/simStubsGen/external/pycpp/tests/004-block-error) by extension 'colcon_pkg'
[0.862s] Level 1:colcon.colcon_core.package_identification:_identify(programming/libPlugin/simStubsGen/external/pycpp/tests/004-block-error) by extensions ['colcon_meta']
[0.862s] Level 1:colcon.colcon_core.package_identification:_identify(programming/libPlugin/simStubsGen/external/pycpp/tests/004-block-error) by extension 'colcon_meta'
[0.862s] Level 1:colcon.colcon_core.package_identification:_identify(programming/libPlugin/simStubsGen/external/pycpp/tests/004-block-error) by extensions ['ros']
[0.862s] Level 1:colcon.colcon_core.package_identification:_identify(programming/libPlugin/simStubsGen/external/pycpp/tests/004-block-error) by extension 'ros'
[0.862s] Level 1:colcon.colcon_core.package_identification:_identify(programming/libPlugin/simStubsGen/external/pycpp/tests/004-block-error) by extensions ['cmake', 'python']
[0.862s] Level 1:colcon.colcon_core.package_identification:_identify(programming/libPlugin/simStubsGen/external/pycpp/tests/004-block-error) by extension 'cmake'
[0.862s] Level 1:colcon.colcon_core.package_identification:_identify(programming/libPlugin/simStubsGen/external/pycpp/tests/004-block-error) by extension 'python'
[0.862s] Level 1:colcon.colcon_core.package_identification:_identify(programming/libPlugin/simStubsGen/external/pycpp/tests/004-block-error) by extensions ['python_setup_py']
[0.862s] Level 1:colcon.colcon_core.package_identification:_identify(programming/libPlugin/simStubsGen/external/pycpp/tests/004-block-error) by extension 'python_setup_py'
[0.862s] Level 1:colcon.colcon_core.package_identification:_identify(programming/libPlugin/simStubsGen/external/pycpp/tests/005-python-error) by extensions ['ignore', 'ignore_ament_install']
[0.862s] Level 1:colcon.colcon_core.package_identification:_identify(programming/libPlugin/simStubsGen/external/pycpp/tests/005-python-error) by extension 'ignore'
[0.863s] Level 1:colcon.colcon_core.package_identification:_identify(programming/libPlugin/simStubsGen/external/pycpp/tests/005-python-error) by extension 'ignore_ament_install'
[0.863s] Level 1:colcon.colcon_core.package_identification:_identify(programming/libPlugin/simStubsGen/external/pycpp/tests/005-python-error) by extensions ['colcon_pkg']
[0.863s] Level 1:colcon.colcon_core.package_identification:_identify(programming/libPlugin/simStubsGen/external/pycpp/tests/005-python-error) by extension 'colcon_pkg'
[0.863s] Level 1:colcon.colcon_core.package_identification:_identify(programming/libPlugin/simStubsGen/external/pycpp/tests/005-python-error) by extensions ['colcon_meta']
[0.863s] Level 1:colcon.colcon_core.package_identification:_identify(programming/libPlugin/simStubsGen/external/pycpp/tests/005-python-error) by extension 'colcon_meta'
[0.863s] Level 1:colcon.colcon_core.package_identification:_identify(programming/libPlugin/simStubsGen/external/pycpp/tests/005-python-error) by extensions ['ros']
[0.863s] Level 1:colcon.colcon_core.package_identification:_identify(programming/libPlugin/simStubsGen/external/pycpp/tests/005-python-error) by extension 'ros'
[0.863s] Level 1:colcon.colcon_core.package_identification:_identify(programming/libPlugin/simStubsGen/external/pycpp/tests/005-python-error) by extensions ['cmake', 'python']
[0.863s] Level 1:colcon.colcon_core.package_identification:_identify(programming/libPlugin/simStubsGen/external/pycpp/tests/005-python-error) by extension 'cmake'
[0.863s] Level 1:colcon.colcon_core.package_identification:_identify(programming/libPlugin/simStubsGen/external/pycpp/tests/005-python-error) by extension 'python'
[0.863s] Level 1:colcon.colcon_core.package_identification:_identify(programming/libPlugin/simStubsGen/external/pycpp/tests/005-python-error) by extensions ['python_setup_py']
[0.863s] Level 1:colcon.colcon_core.package_identification:_identify(programming/libPlugin/simStubsGen/external/pycpp/tests/005-python-error) by extension 'python_setup_py'
[0.864s] Level 1:colcon.colcon_core.package_identification:_identify(programming/libPlugin/simStubsGen/external/pycpp/tests/006-multiline) by extensions ['ignore', 'ignore_ament_install']
[0.864s] Level 1:colcon.colcon_core.package_identification:_identify(programming/libPlugin/simStubsGen/external/pycpp/tests/006-multiline) by extension 'ignore'
[0.864s] Level 1:colcon.colcon_core.package_identification:_identify(programming/libPlugin/simStubsGen/external/pycpp/tests/006-multiline) by extension 'ignore_ament_install'
[0.864s] Level 1:colcon.colcon_core.package_identification:_identify(programming/libPlugin/simStubsGen/external/pycpp/tests/006-multiline) by extensions ['colcon_pkg']
[0.865s] Level 1:colcon.colcon_core.package_identification:_identify(programming/libPlugin/simStubsGen/external/pycpp/tests/006-multiline) by extension 'colcon_pkg'
[0.865s] Level 1:colcon.colcon_core.package_identification:_identify(programming/libPlugin/simStubsGen/external/pycpp/tests/006-multiline) by extensions ['colcon_meta']
[0.865s] Level 1:colcon.colcon_core.package_identification:_identify(programming/libPlugin/simStubsGen/external/pycpp/tests/006-multiline) by extension 'colcon_meta'
[0.865s] Level 1:colcon.colcon_core.package_identification:_identify(programming/libPlugin/simStubsGen/external/pycpp/tests/006-multiline) by extensions ['ros']
[0.865s] Level 1:colcon.colcon_core.package_identification:_identify(programming/libPlugin/simStubsGen/external/pycpp/tests/006-multiline) by extension 'ros'
[0.865s] Level 1:colcon.colcon_core.package_identification:_identify(programming/libPlugin/simStubsGen/external/pycpp/tests/006-multiline) by extensions ['cmake', 'python']
[0.865s] Level 1:colcon.colcon_core.package_identification:_identify(programming/libPlugin/simStubsGen/external/pycpp/tests/006-multiline) by extension 'cmake'
[0.865s] Level 1:colcon.colcon_core.package_identification:_identify(programming/libPlugin/simStubsGen/external/pycpp/tests/006-multiline) by extension 'python'
[0.865s] Level 1:colcon.colcon_core.package_identification:_identify(programming/libPlugin/simStubsGen/external/pycpp/tests/006-multiline) by extensions ['python_setup_py']
[0.865s] Level 1:colcon.colcon_core.package_identification:_identify(programming/libPlugin/simStubsGen/external/pycpp/tests/006-multiline) by extension 'python_setup_py'
[0.865s] Level 1:colcon.colcon_core.package_identification:_identify(programming/libPlugin/simStubsGen/external/pycpp/tests/007-include) by extensions ['ignore', 'ignore_ament_install']
[0.866s] Level 1:colcon.colcon_core.package_identification:_identify(programming/libPlugin/simStubsGen/external/pycpp/tests/007-include) by extension 'ignore'
[0.866s] Level 1:colcon.colcon_core.package_identification:_identify(programming/libPlugin/simStubsGen/external/pycpp/tests/007-include) by extension 'ignore_ament_install'
[0.866s] Level 1:colcon.colcon_core.package_identification:_identify(programming/libPlugin/simStubsGen/external/pycpp/tests/007-include) by extensions ['colcon_pkg']
[0.866s] Level 1:colcon.colcon_core.package_identification:_identify(programming/libPlugin/simStubsGen/external/pycpp/tests/007-include) by extension 'colcon_pkg'
[0.866s] Level 1:colcon.colcon_core.package_identification:_identify(programming/libPlugin/simStubsGen/external/pycpp/tests/007-include) by extensions ['colcon_meta']
[0.866s] Level 1:colcon.colcon_core.package_identification:_identify(programming/libPlugin/simStubsGen/external/pycpp/tests/007-include) by extension 'colcon_meta'
[0.866s] Level 1:colcon.colcon_core.package_identification:_identify(programming/libPlugin/simStubsGen/external/pycpp/tests/007-include) by extensions ['ros']
[0.866s] Level 1:colcon.colcon_core.package_identification:_identify(programming/libPlugin/simStubsGen/external/pycpp/tests/007-include) by extension 'ros'
[0.866s] Level 1:colcon.colcon_core.package_identification:_identify(programming/libPlugin/simStubsGen/external/pycpp/tests/007-include) by extensions ['cmake', 'python']
[0.867s] Level 1:colcon.colcon_core.package_identification:_identify(programming/libPlugin/simStubsGen/external/pycpp/tests/007-include) by extension 'cmake'
[0.867s] Level 1:colcon.colcon_core.package_identification:_identify(programming/libPlugin/simStubsGen/external/pycpp/tests/007-include) by extension 'python'
[0.867s] Level 1:colcon.colcon_core.package_identification:_identify(programming/libPlugin/simStubsGen/external/pycpp/tests/007-include) by extensions ['python_setup_py']
[0.867s] Level 1:colcon.colcon_core.package_identification:_identify(programming/libPlugin/simStubsGen/external/pycpp/tests/007-include) by extension 'python_setup_py'
[0.867s] Level 1:colcon.colcon_core.package_identification:_identify(programming/libPlugin/simStubsGen/model) by extensions ['ignore', 'ignore_ament_install']
[0.867s] Level 1:colcon.colcon_core.package_identification:_identify(programming/libPlugin/simStubsGen/model) by extension 'ignore'
[0.867s] Level 1:colcon.colcon_core.package_identification:_identify(programming/libPlugin/simStubsGen/model) by extension 'ignore_ament_install'
[0.867s] Level 1:colcon.colcon_core.package_identification:_identify(programming/libPlugin/simStubsGen/model) by extensions ['colcon_pkg']
[0.867s] Level 1:colcon.colcon_core.package_identification:_identify(programming/libPlugin/simStubsGen/model) by extension 'colcon_pkg'
[0.867s] Level 1:colcon.colcon_core.package_identification:_identify(programming/libPlugin/simStubsGen/model) by extensions ['colcon_meta']
[0.868s] Level 1:colcon.colcon_core.package_identification:_identify(programming/libPlugin/simStubsGen/model) by extension 'colcon_meta'
[0.868s] Level 1:colcon.colcon_core.package_identification:_identify(programming/libPlugin/simStubsGen/model) by extensions ['ros']
[0.868s] Level 1:colcon.colcon_core.package_identification:_identify(programming/libPlugin/simStubsGen/model) by extension 'ros'
[0.868s] Level 1:colcon.colcon_core.package_identification:_identify(programming/libPlugin/simStubsGen/model) by extensions ['cmake', 'python']
[0.868s] Level 1:colcon.colcon_core.package_identification:_identify(programming/libPlugin/simStubsGen/model) by extension 'cmake'
[0.868s] Level 1:colcon.colcon_core.package_identification:_identify(programming/libPlugin/simStubsGen/model) by extension 'python'
[0.869s] Level 1:colcon.colcon_core.package_identification:_identify(programming/libPlugin/simStubsGen/model) by extensions ['python_setup_py']
[0.869s] Level 1:colcon.colcon_core.package_identification:_identify(programming/libPlugin/simStubsGen/model) by extension 'python_setup_py'
[0.869s] Level 1:colcon.colcon_core.package_identification:_identify(programming/libPlugin/simStubsGen/model/__pycache__) by extensions ['ignore', 'ignore_ament_install']
[0.869s] Level 1:colcon.colcon_core.package_identification:_identify(programming/libPlugin/simStubsGen/model/__pycache__) by extension 'ignore'
[0.869s] Level 1:colcon.colcon_core.package_identification:_identify(programming/libPlugin/simStubsGen/model/__pycache__) by extension 'ignore_ament_install'
[0.869s] Level 1:colcon.colcon_core.package_identification:_identify(programming/libPlugin/simStubsGen/model/__pycache__) by extensions ['colcon_pkg']
[0.869s] Level 1:colcon.colcon_core.package_identification:_identify(programming/libPlugin/simStubsGen/model/__pycache__) by extension 'colcon_pkg'
[0.869s] Level 1:colcon.colcon_core.package_identification:_identify(programming/libPlugin/simStubsGen/model/__pycache__) by extensions ['colcon_meta']
[0.869s] Level 1:colcon.colcon_core.package_identification:_identify(programming/libPlugin/simStubsGen/model/__pycache__) by extension 'colcon_meta'
[0.869s] Level 1:colcon.colcon_core.package_identification:_identify(programming/libPlugin/simStubsGen/model/__pycache__) by extensions ['ros']
[0.869s] Level 1:colcon.colcon_core.package_identification:_identify(programming/libPlugin/simStubsGen/model/__pycache__) by extension 'ros'
[0.870s] Level 1:colcon.colcon_core.package_identification:_identify(programming/libPlugin/simStubsGen/model/__pycache__) by extensions ['cmake', 'python']
[0.870s] Level 1:colcon.colcon_core.package_identification:_identify(programming/libPlugin/simStubsGen/model/__pycache__) by extension 'cmake'
[0.870s] Level 1:colcon.colcon_core.package_identification:_identify(programming/libPlugin/simStubsGen/model/__pycache__) by extension 'python'
[0.870s] Level 1:colcon.colcon_core.package_identification:_identify(programming/libPlugin/simStubsGen/model/__pycache__) by extensions ['python_setup_py']
[0.870s] Level 1:colcon.colcon_core.package_identification:_identify(programming/libPlugin/simStubsGen/model/__pycache__) by extension 'python_setup_py'
[0.870s] Level 1:colcon.colcon_core.package_identification:_identify(programming/libPlugin/simStubsGen/tests) by extensions ['ignore', 'ignore_ament_install']
[0.870s] Level 1:colcon.colcon_core.package_identification:_identify(programming/libPlugin/simStubsGen/tests) by extension 'ignore'
[0.870s] Level 1:colcon.colcon_core.package_identification:_identify(programming/libPlugin/simStubsGen/tests) by extension 'ignore_ament_install'
[0.870s] Level 1:colcon.colcon_core.package_identification:_identify(programming/libPlugin/simStubsGen/tests) by extensions ['colcon_pkg']
[0.870s] Level 1:colcon.colcon_core.package_identification:_identify(programming/libPlugin/simStubsGen/tests) by extension 'colcon_pkg'
[0.870s] Level 1:colcon.colcon_core.package_identification:_identify(programming/libPlugin/simStubsGen/tests) by extensions ['colcon_meta']
[0.870s] Level 1:colcon.colcon_core.package_identification:_identify(programming/libPlugin/simStubsGen/tests) by extension 'colcon_meta'
[0.871s] Level 1:colcon.colcon_core.package_identification:_identify(programming/libPlugin/simStubsGen/tests) by extensions ['ros']
[0.871s] Level 1:colcon.colcon_core.package_identification:_identify(programming/libPlugin/simStubsGen/tests) by extension 'ros'
[0.871s] Level 1:colcon.colcon_core.package_identification:_identify(programming/libPlugin/simStubsGen/tests) by extensions ['cmake', 'python']
[0.871s] Level 1:colcon.colcon_core.package_identification:_identify(programming/libPlugin/simStubsGen/tests) by extension 'cmake'
[0.872s] Level 1:colcon.colcon_core.package_identification:_identify(programming/libPlugin/simStubsGen/tests) by extension 'python'
[0.873s] DEBUG:colcon.colcon_core.package_identification:Package 'programming/libPlugin/simStubsGen/tests' with type 'cmake' and name 'simStubsGenTests'
[0.873s] Level 1:colcon.colcon_core.package_identification:_identify(programming/libPlugin/simStubsGen/xsd) by extensions ['ignore', 'ignore_ament_install']
[0.873s] Level 1:colcon.colcon_core.package_identification:_identify(programming/libPlugin/simStubsGen/xsd) by extension 'ignore'
[0.873s] Level 1:colcon.colcon_core.package_identification:_identify(programming/libPlugin/simStubsGen/xsd) by extension 'ignore_ament_install'
[0.873s] Level 1:colcon.colcon_core.package_identification:_identify(programming/libPlugin/simStubsGen/xsd) by extensions ['colcon_pkg']
[0.873s] Level 1:colcon.colcon_core.package_identification:_identify(programming/libPlugin/simStubsGen/xsd) by extension 'colcon_pkg'
[0.873s] Level 1:colcon.colcon_core.package_identification:_identify(programming/libPlugin/simStubsGen/xsd) by extensions ['colcon_meta']
[0.873s] Level 1:colcon.colcon_core.package_identification:_identify(programming/libPlugin/simStubsGen/xsd) by extension 'colcon_meta'
[0.873s] Level 1:colcon.colcon_core.package_identification:_identify(programming/libPlugin/simStubsGen/xsd) by extensions ['ros']
[0.873s] Level 1:colcon.colcon_core.package_identification:_identify(programming/libPlugin/simStubsGen/xsd) by extension 'ros'
[0.874s] Level 1:colcon.colcon_core.package_identification:_identify(programming/libPlugin/simStubsGen/xsd) by extensions ['cmake', 'python']
[0.874s] Level 1:colcon.colcon_core.package_identification:_identify(programming/libPlugin/simStubsGen/xsd) by extension 'cmake'
[0.874s] Level 1:colcon.colcon_core.package_identification:_identify(programming/libPlugin/simStubsGen/xsd) by extension 'python'
[0.874s] Level 1:colcon.colcon_core.package_identification:_identify(programming/libPlugin/simStubsGen/xsd) by extensions ['python_setup_py']
[0.874s] Level 1:colcon.colcon_core.package_identification:_identify(programming/libPlugin/simStubsGen/xsd) by extension 'python_setup_py'
[0.874s] Level 1:colcon.colcon_core.package_identification:_identify(programming/libPlugin/simStubsGen/xsl) by extensions ['ignore', 'ignore_ament_install']
[0.874s] Level 1:colcon.colcon_core.package_identification:_identify(programming/libPlugin/simStubsGen/xsl) by extension 'ignore'
[0.874s] Level 1:colcon.colcon_core.package_identification:_identify(programming/libPlugin/simStubsGen/xsl) by extension 'ignore_ament_install'
[0.874s] Level 1:colcon.colcon_core.package_identification:_identify(programming/libPlugin/simStubsGen/xsl) by extensions ['colcon_pkg']
[0.875s] Level 1:colcon.colcon_core.package_identification:_identify(programming/libPlugin/simStubsGen/xsl) by extension 'colcon_pkg'
[0.875s] Level 1:colcon.colcon_core.package_identification:_identify(programming/libPlugin/simStubsGen/xsl) by extensions ['colcon_meta']
[0.875s] Level 1:colcon.colcon_core.package_identification:_identify(programming/libPlugin/simStubsGen/xsl) by extension 'colcon_meta'
[0.875s] Level 1:colcon.colcon_core.package_identification:_identify(programming/libPlugin/simStubsGen/xsl) by extensions ['ros']
[0.875s] Level 1:colcon.colcon_core.package_identification:_identify(programming/libPlugin/simStubsGen/xsl) by extension 'ros'
[0.875s] Level 1:colcon.colcon_core.package_identification:_identify(programming/libPlugin/simStubsGen/xsl) by extensions ['cmake', 'python']
[0.876s] Level 1:colcon.colcon_core.package_identification:_identify(programming/libPlugin/simStubsGen/xsl) by extension 'cmake'
[0.876s] Level 1:colcon.colcon_core.package_identification:_identify(programming/libPlugin/simStubsGen/xsl) by extension 'python'
[0.876s] Level 1:colcon.colcon_core.package_identification:_identify(programming/libPlugin/simStubsGen/xsl) by extensions ['python_setup_py']
[0.876s] Level 1:colcon.colcon_core.package_identification:_identify(programming/libPlugin/simStubsGen/xsl) by extension 'python_setup_py'
[0.876s] Level 1:colcon.colcon_core.package_identification:_identify(programming/libPlugin/simTest) by extensions ['ignore', 'ignore_ament_install']
[0.876s] Level 1:colcon.colcon_core.package_identification:_identify(programming/libPlugin/simTest) by extension 'ignore'
[0.876s] Level 1:colcon.colcon_core.package_identification:_identify(programming/libPlugin/simTest) by extension 'ignore_ament_install'
[0.876s] Level 1:colcon.colcon_core.package_identification:_identify(programming/libPlugin/simTest) by extensions ['colcon_pkg']
[0.876s] Level 1:colcon.colcon_core.package_identification:_identify(programming/libPlugin/simTest) by extension 'colcon_pkg'
[0.876s] Level 1:colcon.colcon_core.package_identification:_identify(programming/libPlugin/simTest) by extensions ['colcon_meta']
[0.876s] Level 1:colcon.colcon_core.package_identification:_identify(programming/libPlugin/simTest) by extension 'colcon_meta'
[0.877s] Level 1:colcon.colcon_core.package_identification:_identify(programming/libPlugin/simTest) by extensions ['ros']
[0.877s] Level 1:colcon.colcon_core.package_identification:_identify(programming/libPlugin/simTest) by extension 'ros'
[0.877s] Level 1:colcon.colcon_core.package_identification:_identify(programming/libPlugin/simTest) by extensions ['cmake', 'python']
[0.877s] Level 1:colcon.colcon_core.package_identification:_identify(programming/libPlugin/simTest) by extension 'cmake'
[0.877s] Level 1:colcon.colcon_core.package_identification:_identify(programming/libPlugin/simTest) by extension 'python'
[0.877s] Level 1:colcon.colcon_core.package_identification:_identify(programming/libPlugin/simTest) by extensions ['python_setup_py']
[0.877s] Level 1:colcon.colcon_core.package_identification:_identify(programming/libPlugin/simTest) by extension 'python_setup_py'
[0.877s] Level 1:colcon.colcon_core.package_identification:_identify(programming/remoteApi) by extensions ['ignore', 'ignore_ament_install']
[0.877s] Level 1:colcon.colcon_core.package_identification:_identify(programming/remoteApi) by extension 'ignore'
[0.877s] Level 1:colcon.colcon_core.package_identification:_identify(programming/remoteApi) by extension 'ignore_ament_install'
[0.878s] Level 1:colcon.colcon_core.package_identification:_identify(programming/remoteApi) by extensions ['colcon_pkg']
[0.878s] Level 1:colcon.colcon_core.package_identification:_identify(programming/remoteApi) by extension 'colcon_pkg'
[0.878s] Level 1:colcon.colcon_core.package_identification:_identify(programming/remoteApi) by extensions ['colcon_meta']
[0.878s] Level 1:colcon.colcon_core.package_identification:_identify(programming/remoteApi) by extension 'colcon_meta'
[0.878s] Level 1:colcon.colcon_core.package_identification:_identify(programming/remoteApi) by extensions ['ros']
[0.878s] Level 1:colcon.colcon_core.package_identification:_identify(programming/remoteApi) by extension 'ros'
[0.878s] Level 1:colcon.colcon_core.package_identification:_identify(programming/remoteApi) by extensions ['cmake', 'python']
[0.878s] Level 1:colcon.colcon_core.package_identification:_identify(programming/remoteApi) by extension 'cmake'
[0.878s] Level 1:colcon.colcon_core.package_identification:_identify(programming/remoteApi) by extension 'python'
[0.878s] Level 1:colcon.colcon_core.package_identification:_identify(programming/remoteApi) by extensions ['python_setup_py']
[0.878s] Level 1:colcon.colcon_core.package_identification:_identify(programming/remoteApi) by extension 'python_setup_py'
[0.878s] Level 1:colcon.colcon_core.package_identification:_identify(programming/remoteApiBindings) by extensions ['ignore', 'ignore_ament_install']
[0.879s] Level 1:colcon.colcon_core.package_identification:_identify(programming/remoteApiBindings) by extension 'ignore'
[0.879s] Level 1:colcon.colcon_core.package_identification:_identify(programming/remoteApiBindings) by extension 'ignore_ament_install'
[0.879s] Level 1:colcon.colcon_core.package_identification:_identify(programming/remoteApiBindings) by extensions ['colcon_pkg']
[0.879s] Level 1:colcon.colcon_core.package_identification:_identify(programming/remoteApiBindings) by extension 'colcon_pkg'
[0.879s] Level 1:colcon.colcon_core.package_identification:_identify(programming/remoteApiBindings) by extensions ['colcon_meta']
[0.879s] Level 1:colcon.colcon_core.package_identification:_identify(programming/remoteApiBindings) by extension 'colcon_meta'
[0.879s] Level 1:colcon.colcon_core.package_identification:_identify(programming/remoteApiBindings) by extensions ['ros']
[0.879s] Level 1:colcon.colcon_core.package_identification:_identify(programming/remoteApiBindings) by extension 'ros'
[0.879s] Level 1:colcon.colcon_core.package_identification:_identify(programming/remoteApiBindings) by extensions ['cmake', 'python']
[0.879s] Level 1:colcon.colcon_core.package_identification:_identify(programming/remoteApiBindings) by extension 'cmake'
[0.879s] Level 1:colcon.colcon_core.package_identification:_identify(programming/remoteApiBindings) by extension 'python'
[0.879s] Level 1:colcon.colcon_core.package_identification:_identify(programming/remoteApiBindings) by extensions ['python_setup_py']
[0.879s] Level 1:colcon.colcon_core.package_identification:_identify(programming/remoteApiBindings) by extension 'python_setup_py'
[0.879s] Level 1:colcon.colcon_core.package_identification:_identify(programming/remoteApiBindings/java) by extensions ['ignore', 'ignore_ament_install']
[0.880s] Level 1:colcon.colcon_core.package_identification:_identify(programming/remoteApiBindings/java) by extension 'ignore'
[0.880s] Level 1:colcon.colcon_core.package_identification:_identify(programming/remoteApiBindings/java) by extension 'ignore_ament_install'
[0.880s] Level 1:colcon.colcon_core.package_identification:_identify(programming/remoteApiBindings/java) by extensions ['colcon_pkg']
[0.880s] Level 1:colcon.colcon_core.package_identification:_identify(programming/remoteApiBindings/java) by extension 'colcon_pkg'
[0.880s] Level 1:colcon.colcon_core.package_identification:_identify(programming/remoteApiBindings/java) by extensions ['colcon_meta']
[0.880s] Level 1:colcon.colcon_core.package_identification:_identify(programming/remoteApiBindings/java) by extension 'colcon_meta'
[0.880s] Level 1:colcon.colcon_core.package_identification:_identify(programming/remoteApiBindings/java) by extensions ['ros']
[0.880s] Level 1:colcon.colcon_core.package_identification:_identify(programming/remoteApiBindings/java) by extension 'ros'
[0.880s] Level 1:colcon.colcon_core.package_identification:_identify(programming/remoteApiBindings/java) by extensions ['cmake', 'python']
[0.880s] Level 1:colcon.colcon_core.package_identification:_identify(programming/remoteApiBindings/java) by extension 'cmake'
[0.880s] Level 1:colcon.colcon_core.package_identification:_identify(programming/remoteApiBindings/java) by extension 'python'
[0.881s] Level 1:colcon.colcon_core.package_identification:_identify(programming/remoteApiBindings/java) by extensions ['python_setup_py']
[0.881s] Level 1:colcon.colcon_core.package_identification:_identify(programming/remoteApiBindings/java) by extension 'python_setup_py'
[0.881s] Level 1:colcon.colcon_core.package_identification:_identify(programming/remoteApiBindings/java/java) by extensions ['ignore', 'ignore_ament_install']
[0.881s] Level 1:colcon.colcon_core.package_identification:_identify(programming/remoteApiBindings/java/java) by extension 'ignore'
[0.881s] Level 1:colcon.colcon_core.package_identification:_identify(programming/remoteApiBindings/java/java) by extension 'ignore_ament_install'
[0.881s] Level 1:colcon.colcon_core.package_identification:_identify(programming/remoteApiBindings/java/java) by extensions ['colcon_pkg']
[0.881s] Level 1:colcon.colcon_core.package_identification:_identify(programming/remoteApiBindings/java/java) by extension 'colcon_pkg'
[0.881s] Level 1:colcon.colcon_core.package_identification:_identify(programming/remoteApiBindings/java/java) by extensions ['colcon_meta']
[0.882s] Level 1:colcon.colcon_core.package_identification:_identify(programming/remoteApiBindings/java/java) by extension 'colcon_meta'
[0.882s] Level 1:colcon.colcon_core.package_identification:_identify(programming/remoteApiBindings/java/java) by extensions ['ros']
[0.882s] Level 1:colcon.colcon_core.package_identification:_identify(programming/remoteApiBindings/java/java) by extension 'ros'
[0.882s] Level 1:colcon.colcon_core.package_identification:_identify(programming/remoteApiBindings/java/java) by extensions ['cmake', 'python']
[0.882s] Level 1:colcon.colcon_core.package_identification:_identify(programming/remoteApiBindings/java/java) by extension 'cmake'
[0.882s] Level 1:colcon.colcon_core.package_identification:_identify(programming/remoteApiBindings/java/java) by extension 'python'
[0.882s] Level 1:colcon.colcon_core.package_identification:_identify(programming/remoteApiBindings/java/java) by extensions ['python_setup_py']
[0.882s] Level 1:colcon.colcon_core.package_identification:_identify(programming/remoteApiBindings/java/java) by extension 'python_setup_py'
[0.882s] Level 1:colcon.colcon_core.package_identification:_identify(programming/remoteApiBindings/java/java/coppelia) by extensions ['ignore', 'ignore_ament_install']
[0.882s] Level 1:colcon.colcon_core.package_identification:_identify(programming/remoteApiBindings/java/java/coppelia) by extension 'ignore'
[0.883s] Level 1:colcon.colcon_core.package_identification:_identify(programming/remoteApiBindings/java/java/coppelia) by extension 'ignore_ament_install'
[0.883s] Level 1:colcon.colcon_core.package_identification:_identify(programming/remoteApiBindings/java/java/coppelia) by extensions ['colcon_pkg']
[0.883s] Level 1:colcon.colcon_core.package_identification:_identify(programming/remoteApiBindings/java/java/coppelia) by extension 'colcon_pkg'
[0.883s] Level 1:colcon.colcon_core.package_identification:_identify(programming/remoteApiBindings/java/java/coppelia) by extensions ['colcon_meta']
[0.883s] Level 1:colcon.colcon_core.package_identification:_identify(programming/remoteApiBindings/java/java/coppelia) by extension 'colcon_meta'
[0.883s] Level 1:colcon.colcon_core.package_identification:_identify(programming/remoteApiBindings/java/java/coppelia) by extensions ['ros']
[0.883s] Level 1:colcon.colcon_core.package_identification:_identify(programming/remoteApiBindings/java/java/coppelia) by extension 'ros'
[0.883s] Level 1:colcon.colcon_core.package_identification:_identify(programming/remoteApiBindings/java/java/coppelia) by extensions ['cmake', 'python']
[0.884s] Level 1:colcon.colcon_core.package_identification:_identify(programming/remoteApiBindings/java/java/coppelia) by extension 'cmake'
[0.884s] Level 1:colcon.colcon_core.package_identification:_identify(programming/remoteApiBindings/java/java/coppelia) by extension 'python'
[0.884s] Level 1:colcon.colcon_core.package_identification:_identify(programming/remoteApiBindings/java/java/coppelia) by extensions ['python_setup_py']
[0.884s] Level 1:colcon.colcon_core.package_identification:_identify(programming/remoteApiBindings/java/java/coppelia) by extension 'python_setup_py'
[0.884s] Level 1:colcon.colcon_core.package_identification:_identify(programming/remoteApiBindings/java/lib) by extensions ['ignore', 'ignore_ament_install']
[0.884s] Level 1:colcon.colcon_core.package_identification:_identify(programming/remoteApiBindings/java/lib) by extension 'ignore'
[0.884s] Level 1:colcon.colcon_core.package_identification:_identify(programming/remoteApiBindings/java/lib) by extension 'ignore_ament_install'
[0.884s] Level 1:colcon.colcon_core.package_identification:_identify(programming/remoteApiBindings/java/lib) by extensions ['colcon_pkg']
[0.885s] Level 1:colcon.colcon_core.package_identification:_identify(programming/remoteApiBindings/java/lib) by extension 'colcon_pkg'
[0.885s] Level 1:colcon.colcon_core.package_identification:_identify(programming/remoteApiBindings/java/lib) by extensions ['colcon_meta']
[0.885s] Level 1:colcon.colcon_core.package_identification:_identify(programming/remoteApiBindings/java/lib) by extension 'colcon_meta'
[0.885s] Level 1:colcon.colcon_core.package_identification:_identify(programming/remoteApiBindings/java/lib) by extensions ['ros']
[0.885s] Level 1:colcon.colcon_core.package_identification:_identify(programming/remoteApiBindings/java/lib) by extension 'ros'
[0.885s] Level 1:colcon.colcon_core.package_identification:_identify(programming/remoteApiBindings/java/lib) by extensions ['cmake', 'python']
[0.885s] Level 1:colcon.colcon_core.package_identification:_identify(programming/remoteApiBindings/java/lib) by extension 'cmake'
[0.885s] Level 1:colcon.colcon_core.package_identification:_identify(programming/remoteApiBindings/java/lib) by extension 'python'
[0.885s] Level 1:colcon.colcon_core.package_identification:_identify(programming/remoteApiBindings/java/lib) by extensions ['python_setup_py']
[0.885s] Level 1:colcon.colcon_core.package_identification:_identify(programming/remoteApiBindings/java/lib) by extension 'python_setup_py'
[0.885s] Level 1:colcon.colcon_core.package_identification:_identify(programming/remoteApiBindings/java/lib/MacOS) by extensions ['ignore', 'ignore_ament_install']
[0.886s] Level 1:colcon.colcon_core.package_identification:_identify(programming/remoteApiBindings/java/lib/MacOS) by extension 'ignore'
[0.886s] Level 1:colcon.colcon_core.package_identification:_identify(programming/remoteApiBindings/java/lib/MacOS) by extension 'ignore_ament_install'
[0.886s] Level 1:colcon.colcon_core.package_identification:_identify(programming/remoteApiBindings/java/lib/MacOS) by extensions ['colcon_pkg']
[0.886s] Level 1:colcon.colcon_core.package_identification:_identify(programming/remoteApiBindings/java/lib/MacOS) by extension 'colcon_pkg'
[0.886s] Level 1:colcon.colcon_core.package_identification:_identify(programming/remoteApiBindings/java/lib/MacOS) by extensions ['colcon_meta']
[0.886s] Level 1:colcon.colcon_core.package_identification:_identify(programming/remoteApiBindings/java/lib/MacOS) by extension 'colcon_meta'
[0.886s] Level 1:colcon.colcon_core.package_identification:_identify(programming/remoteApiBindings/java/lib/MacOS) by extensions ['ros']
[0.886s] Level 1:colcon.colcon_core.package_identification:_identify(programming/remoteApiBindings/java/lib/MacOS) by extension 'ros'
[0.886s] Level 1:colcon.colcon_core.package_identification:_identify(programming/remoteApiBindings/java/lib/MacOS) by extensions ['cmake', 'python']
[0.886s] Level 1:colcon.colcon_core.package_identification:_identify(programming/remoteApiBindings/java/lib/MacOS) by extension 'cmake'
[0.886s] Level 1:colcon.colcon_core.package_identification:_identify(programming/remoteApiBindings/java/lib/MacOS) by extension 'python'
[0.886s] Level 1:colcon.colcon_core.package_identification:_identify(programming/remoteApiBindings/java/lib/MacOS) by extensions ['python_setup_py']
[0.886s] Level 1:colcon.colcon_core.package_identification:_identify(programming/remoteApiBindings/java/lib/MacOS) by extension 'python_setup_py'
[0.887s] Level 1:colcon.colcon_core.package_identification:_identify(programming/remoteApiBindings/java/lib/Ubuntu16_04) by extensions ['ignore', 'ignore_ament_install']
[0.887s] Level 1:colcon.colcon_core.package_identification:_identify(programming/remoteApiBindings/java/lib/Ubuntu16_04) by extension 'ignore'
[0.887s] Level 1:colcon.colcon_core.package_identification:_identify(programming/remoteApiBindings/java/lib/Ubuntu16_04) by extension 'ignore_ament_install'
[0.887s] Level 1:colcon.colcon_core.package_identification:_identify(programming/remoteApiBindings/java/lib/Ubuntu16_04) by extensions ['colcon_pkg']
[0.887s] Level 1:colcon.colcon_core.package_identification:_identify(programming/remoteApiBindings/java/lib/Ubuntu16_04) by extension 'colcon_pkg'
[0.887s] Level 1:colcon.colcon_core.package_identification:_identify(programming/remoteApiBindings/java/lib/Ubuntu16_04) by extensions ['colcon_meta']
[0.887s] Level 1:colcon.colcon_core.package_identification:_identify(programming/remoteApiBindings/java/lib/Ubuntu16_04) by extension 'colcon_meta'
[0.888s] Level 1:colcon.colcon_core.package_identification:_identify(programming/remoteApiBindings/java/lib/Ubuntu16_04) by extensions ['ros']
[0.888s] Level 1:colcon.colcon_core.package_identification:_identify(programming/remoteApiBindings/java/lib/Ubuntu16_04) by extension 'ros'
[0.888s] Level 1:colcon.colcon_core.package_identification:_identify(programming/remoteApiBindings/java/lib/Ubuntu16_04) by extensions ['cmake', 'python']
[0.888s] Level 1:colcon.colcon_core.package_identification:_identify(programming/remoteApiBindings/java/lib/Ubuntu16_04) by extension 'cmake'
[0.888s] Level 1:colcon.colcon_core.package_identification:_identify(programming/remoteApiBindings/java/lib/Ubuntu16_04) by extension 'python'
[0.888s] Level 1:colcon.colcon_core.package_identification:_identify(programming/remoteApiBindings/java/lib/Ubuntu16_04) by extensions ['python_setup_py']
[0.888s] Level 1:colcon.colcon_core.package_identification:_identify(programming/remoteApiBindings/java/lib/Ubuntu16_04) by extension 'python_setup_py'
[0.888s] Level 1:colcon.colcon_core.package_identification:_identify(programming/remoteApiBindings/java/lib/Ubuntu18_04) by extensions ['ignore', 'ignore_ament_install']
[0.888s] Level 1:colcon.colcon_core.package_identification:_identify(programming/remoteApiBindings/java/lib/Ubuntu18_04) by extension 'ignore'
[0.888s] Level 1:colcon.colcon_core.package_identification:_identify(programming/remoteApiBindings/java/lib/Ubuntu18_04) by extension 'ignore_ament_install'
[0.888s] Level 1:colcon.colcon_core.package_identification:_identify(programming/remoteApiBindings/java/lib/Ubuntu18_04) by extensions ['colcon_pkg']
[0.889s] Level 1:colcon.colcon_core.package_identification:_identify(programming/remoteApiBindings/java/lib/Ubuntu18_04) by extension 'colcon_pkg'
[0.889s] Level 1:colcon.colcon_core.package_identification:_identify(programming/remoteApiBindings/java/lib/Ubuntu18_04) by extensions ['colcon_meta']
[0.889s] Level 1:colcon.colcon_core.package_identification:_identify(programming/remoteApiBindings/java/lib/Ubuntu18_04) by extension 'colcon_meta'
[0.889s] Level 1:colcon.colcon_core.package_identification:_identify(programming/remoteApiBindings/java/lib/Ubuntu18_04) by extensions ['ros']
[0.889s] Level 1:colcon.colcon_core.package_identification:_identify(programming/remoteApiBindings/java/lib/Ubuntu18_04) by extension 'ros'
[0.889s] Level 1:colcon.colcon_core.package_identification:_identify(programming/remoteApiBindings/java/lib/Ubuntu18_04) by extensions ['cmake', 'python']
[0.889s] Level 1:colcon.colcon_core.package_identification:_identify(programming/remoteApiBindings/java/lib/Ubuntu18_04) by extension 'cmake'
[0.889s] Level 1:colcon.colcon_core.package_identification:_identify(programming/remoteApiBindings/java/lib/Ubuntu18_04) by extension 'python'
[0.889s] Level 1:colcon.colcon_core.package_identification:_identify(programming/remoteApiBindings/java/lib/Ubuntu18_04) by extensions ['python_setup_py']
[0.889s] Level 1:colcon.colcon_core.package_identification:_identify(programming/remoteApiBindings/java/lib/Ubuntu18_04) by extension 'python_setup_py'
[0.889s] Level 1:colcon.colcon_core.package_identification:_identify(programming/remoteApiBindings/java/lib/Ubuntu20_04) by extensions ['ignore', 'ignore_ament_install']
[0.890s] Level 1:colcon.colcon_core.package_identification:_identify(programming/remoteApiBindings/java/lib/Ubuntu20_04) by extension 'ignore'
[0.890s] Level 1:colcon.colcon_core.package_identification:_identify(programming/remoteApiBindings/java/lib/Ubuntu20_04) by extension 'ignore_ament_install'
[0.890s] Level 1:colcon.colcon_core.package_identification:_identify(programming/remoteApiBindings/java/lib/Ubuntu20_04) by extensions ['colcon_pkg']
[0.890s] Level 1:colcon.colcon_core.package_identification:_identify(programming/remoteApiBindings/java/lib/Ubuntu20_04) by extension 'colcon_pkg'
[0.890s] Level 1:colcon.colcon_core.package_identification:_identify(programming/remoteApiBindings/java/lib/Ubuntu20_04) by extensions ['colcon_meta']
[0.890s] Level 1:colcon.colcon_core.package_identification:_identify(programming/remoteApiBindings/java/lib/Ubuntu20_04) by extension 'colcon_meta'
[0.890s] Level 1:colcon.colcon_core.package_identification:_identify(programming/remoteApiBindings/java/lib/Ubuntu20_04) by extensions ['ros']
[0.891s] Level 1:colcon.colcon_core.package_identification:_identify(programming/remoteApiBindings/java/lib/Ubuntu20_04) by extension 'ros'
[0.891s] Level 1:colcon.colcon_core.package_identification:_identify(programming/remoteApiBindings/java/lib/Ubuntu20_04) by extensions ['cmake', 'python']
[0.891s] Level 1:colcon.colcon_core.package_identification:_identify(programming/remoteApiBindings/java/lib/Ubuntu20_04) by extension 'cmake'
[0.891s] Level 1:colcon.colcon_core.package_identification:_identify(programming/remoteApiBindings/java/lib/Ubuntu20_04) by extension 'python'
[0.891s] Level 1:colcon.colcon_core.package_identification:_identify(programming/remoteApiBindings/java/lib/Ubuntu20_04) by extensions ['python_setup_py']
[0.891s] Level 1:colcon.colcon_core.package_identification:_identify(programming/remoteApiBindings/java/lib/Ubuntu20_04) by extension 'python_setup_py'
[0.891s] Level 1:colcon.colcon_core.package_identification:_identify(programming/remoteApiBindings/java/lib/Windows) by extensions ['ignore', 'ignore_ament_install']
[0.892s] Level 1:colcon.colcon_core.package_identification:_identify(programming/remoteApiBindings/java/lib/Windows) by extension 'ignore'
[0.892s] Level 1:colcon.colcon_core.package_identification:_identify(programming/remoteApiBindings/java/lib/Windows) by extension 'ignore_ament_install'
[0.892s] Level 1:colcon.colcon_core.package_identification:_identify(programming/remoteApiBindings/java/lib/Windows) by extensions ['colcon_pkg']
[0.892s] Level 1:colcon.colcon_core.package_identification:_identify(programming/remoteApiBindings/java/lib/Windows) by extension 'colcon_pkg'
[0.892s] Level 1:colcon.colcon_core.package_identification:_identify(programming/remoteApiBindings/java/lib/Windows) by extensions ['colcon_meta']
[0.892s] Level 1:colcon.colcon_core.package_identification:_identify(programming/remoteApiBindings/java/lib/Windows) by extension 'colcon_meta'
[0.892s] Level 1:colcon.colcon_core.package_identification:_identify(programming/remoteApiBindings/java/lib/Windows) by extensions ['ros']
[0.892s] Level 1:colcon.colcon_core.package_identification:_identify(programming/remoteApiBindings/java/lib/Windows) by extension 'ros'
[0.892s] Level 1:colcon.colcon_core.package_identification:_identify(programming/remoteApiBindings/java/lib/Windows) by extensions ['cmake', 'python']
[0.892s] Level 1:colcon.colcon_core.package_identification:_identify(programming/remoteApiBindings/java/lib/Windows) by extension 'cmake'
[0.892s] Level 1:colcon.colcon_core.package_identification:_identify(programming/remoteApiBindings/java/lib/Windows) by extension 'python'
[0.892s] Level 1:colcon.colcon_core.package_identification:_identify(programming/remoteApiBindings/java/lib/Windows) by extensions ['python_setup_py']
[0.892s] Level 1:colcon.colcon_core.package_identification:_identify(programming/remoteApiBindings/java/lib/Windows) by extension 'python_setup_py'
[0.893s] Level 1:colcon.colcon_core.package_identification:_identify(programming/remoteApiBindings/lib) by extensions ['ignore', 'ignore_ament_install']
[0.893s] Level 1:colcon.colcon_core.package_identification:_identify(programming/remoteApiBindings/lib) by extension 'ignore'
[0.893s] Level 1:colcon.colcon_core.package_identification:_identify(programming/remoteApiBindings/lib) by extension 'ignore_ament_install'
[0.893s] Level 1:colcon.colcon_core.package_identification:_identify(programming/remoteApiBindings/lib) by extensions ['colcon_pkg']
[0.893s] Level 1:colcon.colcon_core.package_identification:_identify(programming/remoteApiBindings/lib) by extension 'colcon_pkg'
[0.893s] Level 1:colcon.colcon_core.package_identification:_identify(programming/remoteApiBindings/lib) by extensions ['colcon_meta']
[0.894s] Level 1:colcon.colcon_core.package_identification:_identify(programming/remoteApiBindings/lib) by extension 'colcon_meta'
[0.894s] Level 1:colcon.colcon_core.package_identification:_identify(programming/remoteApiBindings/lib) by extensions ['ros']
[0.894s] Level 1:colcon.colcon_core.package_identification:_identify(programming/remoteApiBindings/lib) by extension 'ros'
[0.894s] Level 1:colcon.colcon_core.package_identification:_identify(programming/remoteApiBindings/lib) by extensions ['cmake', 'python']
[0.894s] Level 1:colcon.colcon_core.package_identification:_identify(programming/remoteApiBindings/lib) by extension 'cmake'
[0.894s] Level 1:colcon.colcon_core.package_identification:_identify(programming/remoteApiBindings/lib) by extension 'python'
[0.894s] Level 1:colcon.colcon_core.package_identification:_identify(programming/remoteApiBindings/lib) by extensions ['python_setup_py']
[0.894s] Level 1:colcon.colcon_core.package_identification:_identify(programming/remoteApiBindings/lib) by extension 'python_setup_py'
[0.894s] Level 1:colcon.colcon_core.package_identification:_identify(programming/remoteApiBindings/lib/lib) by extensions ['ignore', 'ignore_ament_install']
[0.895s] Level 1:colcon.colcon_core.package_identification:_identify(programming/remoteApiBindings/lib/lib) by extension 'ignore'
[0.895s] Level 1:colcon.colcon_core.package_identification:_identify(programming/remoteApiBindings/lib/lib) by extension 'ignore_ament_install'
[0.895s] Level 1:colcon.colcon_core.package_identification:_identify(programming/remoteApiBindings/lib/lib) by extensions ['colcon_pkg']
[0.895s] Level 1:colcon.colcon_core.package_identification:_identify(programming/remoteApiBindings/lib/lib) by extension 'colcon_pkg'
[0.895s] Level 1:colcon.colcon_core.package_identification:_identify(programming/remoteApiBindings/lib/lib) by extensions ['colcon_meta']
[0.895s] Level 1:colcon.colcon_core.package_identification:_identify(programming/remoteApiBindings/lib/lib) by extension 'colcon_meta'
[0.895s] Level 1:colcon.colcon_core.package_identification:_identify(programming/remoteApiBindings/lib/lib) by extensions ['ros']
[0.895s] Level 1:colcon.colcon_core.package_identification:_identify(programming/remoteApiBindings/lib/lib) by extension 'ros'
[0.895s] Level 1:colcon.colcon_core.package_identification:_identify(programming/remoteApiBindings/lib/lib) by extensions ['cmake', 'python']
[0.895s] Level 1:colcon.colcon_core.package_identification:_identify(programming/remoteApiBindings/lib/lib) by extension 'cmake'
[0.895s] Level 1:colcon.colcon_core.package_identification:_identify(programming/remoteApiBindings/lib/lib) by extension 'python'
[0.895s] Level 1:colcon.colcon_core.package_identification:_identify(programming/remoteApiBindings/lib/lib) by extensions ['python_setup_py']
[0.895s] Level 1:colcon.colcon_core.package_identification:_identify(programming/remoteApiBindings/lib/lib) by extension 'python_setup_py'
[0.896s] Level 1:colcon.colcon_core.package_identification:_identify(programming/remoteApiBindings/lib/lib/MacOS) by extensions ['ignore', 'ignore_ament_install']
[0.896s] Level 1:colcon.colcon_core.package_identification:_identify(programming/remoteApiBindings/lib/lib/MacOS) by extension 'ignore'
[0.896s] Level 1:colcon.colcon_core.package_identification:_identify(programming/remoteApiBindings/lib/lib/MacOS) by extension 'ignore_ament_install'
[0.896s] Level 1:colcon.colcon_core.package_identification:_identify(programming/remoteApiBindings/lib/lib/MacOS) by extensions ['colcon_pkg']
[0.896s] Level 1:colcon.colcon_core.package_identification:_identify(programming/remoteApiBindings/lib/lib/MacOS) by extension 'colcon_pkg'
[0.896s] Level 1:colcon.colcon_core.package_identification:_identify(programming/remoteApiBindings/lib/lib/MacOS) by extensions ['colcon_meta']
[0.896s] Level 1:colcon.colcon_core.package_identification:_identify(programming/remoteApiBindings/lib/lib/MacOS) by extension 'colcon_meta'
[0.896s] Level 1:colcon.colcon_core.package_identification:_identify(programming/remoteApiBindings/lib/lib/MacOS) by extensions ['ros']
[0.896s] Level 1:colcon.colcon_core.package_identification:_identify(programming/remoteApiBindings/lib/lib/MacOS) by extension 'ros'
[0.896s] Level 1:colcon.colcon_core.package_identification:_identify(programming/remoteApiBindings/lib/lib/MacOS) by extensions ['cmake', 'python']
[0.897s] Level 1:colcon.colcon_core.package_identification:_identify(programming/remoteApiBindings/lib/lib/MacOS) by extension 'cmake'
[0.897s] Level 1:colcon.colcon_core.package_identification:_identify(programming/remoteApiBindings/lib/lib/MacOS) by extension 'python'
[0.897s] Level 1:colcon.colcon_core.package_identification:_identify(programming/remoteApiBindings/lib/lib/MacOS) by extensions ['python_setup_py']
[0.897s] Level 1:colcon.colcon_core.package_identification:_identify(programming/remoteApiBindings/lib/lib/MacOS) by extension 'python_setup_py'
[0.897s] Level 1:colcon.colcon_core.package_identification:_identify(programming/remoteApiBindings/lib/lib/Ubuntu16_04) by extensions ['ignore', 'ignore_ament_install']
[0.897s] Level 1:colcon.colcon_core.package_identification:_identify(programming/remoteApiBindings/lib/lib/Ubuntu16_04) by extension 'ignore'
[0.897s] Level 1:colcon.colcon_core.package_identification:_identify(programming/remoteApiBindings/lib/lib/Ubuntu16_04) by extension 'ignore_ament_install'
[0.897s] Level 1:colcon.colcon_core.package_identification:_identify(programming/remoteApiBindings/lib/lib/Ubuntu16_04) by extensions ['colcon_pkg']
[0.897s] Level 1:colcon.colcon_core.package_identification:_identify(programming/remoteApiBindings/lib/lib/Ubuntu16_04) by extension 'colcon_pkg'
[0.897s] Level 1:colcon.colcon_core.package_identification:_identify(programming/remoteApiBindings/lib/lib/Ubuntu16_04) by extensions ['colcon_meta']
[0.897s] Level 1:colcon.colcon_core.package_identification:_identify(programming/remoteApiBindings/lib/lib/Ubuntu16_04) by extension 'colcon_meta'
[0.898s] Level 1:colcon.colcon_core.package_identification:_identify(programming/remoteApiBindings/lib/lib/Ubuntu16_04) by extensions ['ros']
[0.898s] Level 1:colcon.colcon_core.package_identification:_identify(programming/remoteApiBindings/lib/lib/Ubuntu16_04) by extension 'ros'
[0.898s] Level 1:colcon.colcon_core.package_identification:_identify(programming/remoteApiBindings/lib/lib/Ubuntu16_04) by extensions ['cmake', 'python']
[0.898s] Level 1:colcon.colcon_core.package_identification:_identify(programming/remoteApiBindings/lib/lib/Ubuntu16_04) by extension 'cmake'
[0.898s] Level 1:colcon.colcon_core.package_identification:_identify(programming/remoteApiBindings/lib/lib/Ubuntu16_04) by extension 'python'
[0.898s] Level 1:colcon.colcon_core.package_identification:_identify(programming/remoteApiBindings/lib/lib/Ubuntu16_04) by extensions ['python_setup_py']
[0.898s] Level 1:colcon.colcon_core.package_identification:_identify(programming/remoteApiBindings/lib/lib/Ubuntu16_04) by extension 'python_setup_py'
[0.898s] Level 1:colcon.colcon_core.package_identification:_identify(programming/remoteApiBindings/lib/lib/Ubuntu18_04) by extensions ['ignore', 'ignore_ament_install']
[0.898s] Level 1:colcon.colcon_core.package_identification:_identify(programming/remoteApiBindings/lib/lib/Ubuntu18_04) by extension 'ignore'
[0.898s] Level 1:colcon.colcon_core.package_identification:_identify(programming/remoteApiBindings/lib/lib/Ubuntu18_04) by extension 'ignore_ament_install'
[0.898s] Level 1:colcon.colcon_core.package_identification:_identify(programming/remoteApiBindings/lib/lib/Ubuntu18_04) by extensions ['colcon_pkg']
[0.898s] Level 1:colcon.colcon_core.package_identification:_identify(programming/remoteApiBindings/lib/lib/Ubuntu18_04) by extension 'colcon_pkg'
[0.898s] Level 1:colcon.colcon_core.package_identification:_identify(programming/remoteApiBindings/lib/lib/Ubuntu18_04) by extensions ['colcon_meta']
[0.899s] Level 1:colcon.colcon_core.package_identification:_identify(programming/remoteApiBindings/lib/lib/Ubuntu18_04) by extension 'colcon_meta'
[0.899s] Level 1:colcon.colcon_core.package_identification:_identify(programming/remoteApiBindings/lib/lib/Ubuntu18_04) by extensions ['ros']
[0.899s] Level 1:colcon.colcon_core.package_identification:_identify(programming/remoteApiBindings/lib/lib/Ubuntu18_04) by extension 'ros'
[0.899s] Level 1:colcon.colcon_core.package_identification:_identify(programming/remoteApiBindings/lib/lib/Ubuntu18_04) by extensions ['cmake', 'python']
[0.899s] Level 1:colcon.colcon_core.package_identification:_identify(programming/remoteApiBindings/lib/lib/Ubuntu18_04) by extension 'cmake'
[0.899s] Level 1:colcon.colcon_core.package_identification:_identify(programming/remoteApiBindings/lib/lib/Ubuntu18_04) by extension 'python'
[0.900s] Level 1:colcon.colcon_core.package_identification:_identify(programming/remoteApiBindings/lib/lib/Ubuntu18_04) by extensions ['python_setup_py']
[0.900s] Level 1:colcon.colcon_core.package_identification:_identify(programming/remoteApiBindings/lib/lib/Ubuntu18_04) by extension 'python_setup_py'
[0.900s] Level 1:colcon.colcon_core.package_identification:_identify(programming/remoteApiBindings/lib/lib/Ubuntu20_04) by extensions ['ignore', 'ignore_ament_install']
[0.900s] Level 1:colcon.colcon_core.package_identification:_identify(programming/remoteApiBindings/lib/lib/Ubuntu20_04) by extension 'ignore'
[0.900s] Level 1:colcon.colcon_core.package_identification:_identify(programming/remoteApiBindings/lib/lib/Ubuntu20_04) by extension 'ignore_ament_install'
[0.900s] Level 1:colcon.colcon_core.package_identification:_identify(programming/remoteApiBindings/lib/lib/Ubuntu20_04) by extensions ['colcon_pkg']
[0.900s] Level 1:colcon.colcon_core.package_identification:_identify(programming/remoteApiBindings/lib/lib/Ubuntu20_04) by extension 'colcon_pkg'
[0.900s] Level 1:colcon.colcon_core.package_identification:_identify(programming/remoteApiBindings/lib/lib/Ubuntu20_04) by extensions ['colcon_meta']
[0.901s] Level 1:colcon.colcon_core.package_identification:_identify(programming/remoteApiBindings/lib/lib/Ubuntu20_04) by extension 'colcon_meta'
[0.901s] Level 1:colcon.colcon_core.package_identification:_identify(programming/remoteApiBindings/lib/lib/Ubuntu20_04) by extensions ['ros']
[0.901s] Level 1:colcon.colcon_core.package_identification:_identify(programming/remoteApiBindings/lib/lib/Ubuntu20_04) by extension 'ros'
[0.901s] Level 1:colcon.colcon_core.package_identification:_identify(programming/remoteApiBindings/lib/lib/Ubuntu20_04) by extensions ['cmake', 'python']
[0.901s] Level 1:colcon.colcon_core.package_identification:_identify(programming/remoteApiBindings/lib/lib/Ubuntu20_04) by extension 'cmake'
[0.901s] Level 1:colcon.colcon_core.package_identification:_identify(programming/remoteApiBindings/lib/lib/Ubuntu20_04) by extension 'python'
[0.901s] Level 1:colcon.colcon_core.package_identification:_identify(programming/remoteApiBindings/lib/lib/Ubuntu20_04) by extensions ['python_setup_py']
[0.901s] Level 1:colcon.colcon_core.package_identification:_identify(programming/remoteApiBindings/lib/lib/Ubuntu20_04) by extension 'python_setup_py'
[0.901s] Level 1:colcon.colcon_core.package_identification:_identify(programming/remoteApiBindings/lib/lib/Windows) by extensions ['ignore', 'ignore_ament_install']
[0.901s] Level 1:colcon.colcon_core.package_identification:_identify(programming/remoteApiBindings/lib/lib/Windows) by extension 'ignore'
[0.901s] Level 1:colcon.colcon_core.package_identification:_identify(programming/remoteApiBindings/lib/lib/Windows) by extension 'ignore_ament_install'
[0.902s] Level 1:colcon.colcon_core.package_identification:_identify(programming/remoteApiBindings/lib/lib/Windows) by extensions ['colcon_pkg']
[0.902s] Level 1:colcon.colcon_core.package_identification:_identify(programming/remoteApiBindings/lib/lib/Windows) by extension 'colcon_pkg'
[0.902s] Level 1:colcon.colcon_core.package_identification:_identify(programming/remoteApiBindings/lib/lib/Windows) by extensions ['colcon_meta']
[0.902s] Level 1:colcon.colcon_core.package_identification:_identify(programming/remoteApiBindings/lib/lib/Windows) by extension 'colcon_meta'
[0.902s] Level 1:colcon.colcon_core.package_identification:_identify(programming/remoteApiBindings/lib/lib/Windows) by extensions ['ros']
[0.902s] Level 1:colcon.colcon_core.package_identification:_identify(programming/remoteApiBindings/lib/lib/Windows) by extension 'ros'
[0.902s] Level 1:colcon.colcon_core.package_identification:_identify(programming/remoteApiBindings/lib/lib/Windows) by extensions ['cmake', 'python']
[0.902s] Level 1:colcon.colcon_core.package_identification:_identify(programming/remoteApiBindings/lib/lib/Windows) by extension 'cmake'
[0.902s] Level 1:colcon.colcon_core.package_identification:_identify(programming/remoteApiBindings/lib/lib/Windows) by extension 'python'
[0.902s] Level 1:colcon.colcon_core.package_identification:_identify(programming/remoteApiBindings/lib/lib/Windows) by extensions ['python_setup_py']
[0.902s] Level 1:colcon.colcon_core.package_identification:_identify(programming/remoteApiBindings/lib/lib/Windows) by extension 'python_setup_py'
[0.902s] Level 1:colcon.colcon_core.package_identification:_identify(programming/remoteApiBindings/lua) by extensions ['ignore', 'ignore_ament_install']
[0.903s] Level 1:colcon.colcon_core.package_identification:_identify(programming/remoteApiBindings/lua) by extension 'ignore'
[0.903s] Level 1:colcon.colcon_core.package_identification:_identify(programming/remoteApiBindings/lua) by extension 'ignore_ament_install'
[0.903s] Level 1:colcon.colcon_core.package_identification:_identify(programming/remoteApiBindings/lua) by extensions ['colcon_pkg']
[0.903s] Level 1:colcon.colcon_core.package_identification:_identify(programming/remoteApiBindings/lua) by extension 'colcon_pkg'
[0.903s] Level 1:colcon.colcon_core.package_identification:_identify(programming/remoteApiBindings/lua) by extensions ['colcon_meta']
[0.903s] Level 1:colcon.colcon_core.package_identification:_identify(programming/remoteApiBindings/lua) by extension 'colcon_meta'
[0.903s] Level 1:colcon.colcon_core.package_identification:_identify(programming/remoteApiBindings/lua) by extensions ['ros']
[0.903s] Level 1:colcon.colcon_core.package_identification:_identify(programming/remoteApiBindings/lua) by extension 'ros'
[0.903s] Level 1:colcon.colcon_core.package_identification:_identify(programming/remoteApiBindings/lua) by extensions ['cmake', 'python']
[0.903s] Level 1:colcon.colcon_core.package_identification:_identify(programming/remoteApiBindings/lua) by extension 'cmake'
[0.903s] Level 1:colcon.colcon_core.package_identification:_identify(programming/remoteApiBindings/lua) by extension 'python'
[0.903s] Level 1:colcon.colcon_core.package_identification:_identify(programming/remoteApiBindings/lua) by extensions ['python_setup_py']
[0.903s] Level 1:colcon.colcon_core.package_identification:_identify(programming/remoteApiBindings/lua) by extension 'python_setup_py'
[0.903s] Level 1:colcon.colcon_core.package_identification:_identify(programming/remoteApiBindings/lua/lib) by extensions ['ignore', 'ignore_ament_install']
[0.904s] Level 1:colcon.colcon_core.package_identification:_identify(programming/remoteApiBindings/lua/lib) by extension 'ignore'
[0.904s] Level 1:colcon.colcon_core.package_identification:_identify(programming/remoteApiBindings/lua/lib) by extension 'ignore_ament_install'
[0.904s] Level 1:colcon.colcon_core.package_identification:_identify(programming/remoteApiBindings/lua/lib) by extensions ['colcon_pkg']
[0.904s] Level 1:colcon.colcon_core.package_identification:_identify(programming/remoteApiBindings/lua/lib) by extension 'colcon_pkg'
[0.904s] Level 1:colcon.colcon_core.package_identification:_identify(programming/remoteApiBindings/lua/lib) by extensions ['colcon_meta']
[0.904s] Level 1:colcon.colcon_core.package_identification:_identify(programming/remoteApiBindings/lua/lib) by extension 'colcon_meta'
[0.904s] Level 1:colcon.colcon_core.package_identification:_identify(programming/remoteApiBindings/lua/lib) by extensions ['ros']
[0.904s] Level 1:colcon.colcon_core.package_identification:_identify(programming/remoteApiBindings/lua/lib) by extension 'ros'
[0.904s] Level 1:colcon.colcon_core.package_identification:_identify(programming/remoteApiBindings/lua/lib) by extensions ['cmake', 'python']
[0.905s] Level 1:colcon.colcon_core.package_identification:_identify(programming/remoteApiBindings/lua/lib) by extension 'cmake'
[0.905s] Level 1:colcon.colcon_core.package_identification:_identify(programming/remoteApiBindings/lua/lib) by extension 'python'
[0.905s] Level 1:colcon.colcon_core.package_identification:_identify(programming/remoteApiBindings/lua/lib) by extensions ['python_setup_py']
[0.905s] Level 1:colcon.colcon_core.package_identification:_identify(programming/remoteApiBindings/lua/lib) by extension 'python_setup_py'
[0.905s] Level 1:colcon.colcon_core.package_identification:_identify(programming/remoteApiBindings/lua/lib/MacOS) by extensions ['ignore', 'ignore_ament_install']
[0.905s] Level 1:colcon.colcon_core.package_identification:_identify(programming/remoteApiBindings/lua/lib/MacOS) by extension 'ignore'
[0.905s] Level 1:colcon.colcon_core.package_identification:_identify(programming/remoteApiBindings/lua/lib/MacOS) by extension 'ignore_ament_install'
[0.905s] Level 1:colcon.colcon_core.package_identification:_identify(programming/remoteApiBindings/lua/lib/MacOS) by extensions ['colcon_pkg']
[0.905s] Level 1:colcon.colcon_core.package_identification:_identify(programming/remoteApiBindings/lua/lib/MacOS) by extension 'colcon_pkg'
[0.906s] Level 1:colcon.colcon_core.package_identification:_identify(programming/remoteApiBindings/lua/lib/MacOS) by extensions ['colcon_meta']
[0.906s] Level 1:colcon.colcon_core.package_identification:_identify(programming/remoteApiBindings/lua/lib/MacOS) by extension 'colcon_meta'
[0.906s] Level 1:colcon.colcon_core.package_identification:_identify(programming/remoteApiBindings/lua/lib/MacOS) by extensions ['ros']
[0.906s] Level 1:colcon.colcon_core.package_identification:_identify(programming/remoteApiBindings/lua/lib/MacOS) by extension 'ros'
[0.906s] Level 1:colcon.colcon_core.package_identification:_identify(programming/remoteApiBindings/lua/lib/MacOS) by extensions ['cmake', 'python']
[0.906s] Level 1:colcon.colcon_core.package_identification:_identify(programming/remoteApiBindings/lua/lib/MacOS) by extension 'cmake'
[0.906s] Level 1:colcon.colcon_core.package_identification:_identify(programming/remoteApiBindings/lua/lib/MacOS) by extension 'python'
[0.906s] Level 1:colcon.colcon_core.package_identification:_identify(programming/remoteApiBindings/lua/lib/MacOS) by extensions ['python_setup_py']
[0.906s] Level 1:colcon.colcon_core.package_identification:_identify(programming/remoteApiBindings/lua/lib/MacOS) by extension 'python_setup_py'
[0.906s] Level 1:colcon.colcon_core.package_identification:_identify(programming/remoteApiBindings/lua/lib/Ubuntu16_04) by extensions ['ignore', 'ignore_ament_install']
[0.906s] Level 1:colcon.colcon_core.package_identification:_identify(programming/remoteApiBindings/lua/lib/Ubuntu16_04) by extension 'ignore'
[0.907s] Level 1:colcon.colcon_core.package_identification:_identify(programming/remoteApiBindings/lua/lib/Ubuntu16_04) by extension 'ignore_ament_install'
[0.907s] Level 1:colcon.colcon_core.package_identification:_identify(programming/remoteApiBindings/lua/lib/Ubuntu16_04) by extensions ['colcon_pkg']
[0.907s] Level 1:colcon.colcon_core.package_identification:_identify(programming/remoteApiBindings/lua/lib/Ubuntu16_04) by extension 'colcon_pkg'
[0.907s] Level 1:colcon.colcon_core.package_identification:_identify(programming/remoteApiBindings/lua/lib/Ubuntu16_04) by extensions ['colcon_meta']
[0.907s] Level 1:colcon.colcon_core.package_identification:_identify(programming/remoteApiBindings/lua/lib/Ubuntu16_04) by extension 'colcon_meta'
[0.907s] Level 1:colcon.colcon_core.package_identification:_identify(programming/remoteApiBindings/lua/lib/Ubuntu16_04) by extensions ['ros']
[0.907s] Level 1:colcon.colcon_core.package_identification:_identify(programming/remoteApiBindings/lua/lib/Ubuntu16_04) by extension 'ros'
[0.907s] Level 1:colcon.colcon_core.package_identification:_identify(programming/remoteApiBindings/lua/lib/Ubuntu16_04) by extensions ['cmake', 'python']
[0.907s] Level 1:colcon.colcon_core.package_identification:_identify(programming/remoteApiBindings/lua/lib/Ubuntu16_04) by extension 'cmake'
[0.908s] Level 1:colcon.colcon_core.package_identification:_identify(programming/remoteApiBindings/lua/lib/Ubuntu16_04) by extension 'python'
[0.908s] Level 1:colcon.colcon_core.package_identification:_identify(programming/remoteApiBindings/lua/lib/Ubuntu16_04) by extensions ['python_setup_py']
[0.909s] Level 1:colcon.colcon_core.package_identification:_identify(programming/remoteApiBindings/lua/lib/Ubuntu16_04) by extension 'python_setup_py'
[0.909s] Level 1:colcon.colcon_core.package_identification:_identify(programming/remoteApiBindings/lua/lib/Ubuntu18_04) by extensions ['ignore', 'ignore_ament_install']
[0.909s] Level 1:colcon.colcon_core.package_identification:_identify(programming/remoteApiBindings/lua/lib/Ubuntu18_04) by extension 'ignore'
[0.909s] Level 1:colcon.colcon_core.package_identification:_identify(programming/remoteApiBindings/lua/lib/Ubuntu18_04) by extension 'ignore_ament_install'
[0.909s] Level 1:colcon.colcon_core.package_identification:_identify(programming/remoteApiBindings/lua/lib/Ubuntu18_04) by extensions ['colcon_pkg']
[0.910s] Level 1:colcon.colcon_core.package_identification:_identify(programming/remoteApiBindings/lua/lib/Ubuntu18_04) by extension 'colcon_pkg'
[0.910s] Level 1:colcon.colcon_core.package_identification:_identify(programming/remoteApiBindings/lua/lib/Ubuntu18_04) by extensions ['colcon_meta']
[0.910s] Level 1:colcon.colcon_core.package_identification:_identify(programming/remoteApiBindings/lua/lib/Ubuntu18_04) by extension 'colcon_meta'
[0.910s] Level 1:colcon.colcon_core.package_identification:_identify(programming/remoteApiBindings/lua/lib/Ubuntu18_04) by extensions ['ros']
[0.910s] Level 1:colcon.colcon_core.package_identification:_identify(programming/remoteApiBindings/lua/lib/Ubuntu18_04) by extension 'ros'
[0.910s] Level 1:colcon.colcon_core.package_identification:_identify(programming/remoteApiBindings/lua/lib/Ubuntu18_04) by extensions ['cmake', 'python']
[0.910s] Level 1:colcon.colcon_core.package_identification:_identify(programming/remoteApiBindings/lua/lib/Ubuntu18_04) by extension 'cmake'
[0.910s] Level 1:colcon.colcon_core.package_identification:_identify(programming/remoteApiBindings/lua/lib/Ubuntu18_04) by extension 'python'
[0.910s] Level 1:colcon.colcon_core.package_identification:_identify(programming/remoteApiBindings/lua/lib/Ubuntu18_04) by extensions ['python_setup_py']
[0.910s] Level 1:colcon.colcon_core.package_identification:_identify(programming/remoteApiBindings/lua/lib/Ubuntu18_04) by extension 'python_setup_py'
[0.910s] Level 1:colcon.colcon_core.package_identification:_identify(programming/remoteApiBindings/lua/lib/Ubuntu20_04) by extensions ['ignore', 'ignore_ament_install']
[0.910s] Level 1:colcon.colcon_core.package_identification:_identify(programming/remoteApiBindings/lua/lib/Ubuntu20_04) by extension 'ignore'
[0.910s] Level 1:colcon.colcon_core.package_identification:_identify(programming/remoteApiBindings/lua/lib/Ubuntu20_04) by extension 'ignore_ament_install'
[0.911s] Level 1:colcon.colcon_core.package_identification:_identify(programming/remoteApiBindings/lua/lib/Ubuntu20_04) by extensions ['colcon_pkg']
[0.911s] Level 1:colcon.colcon_core.package_identification:_identify(programming/remoteApiBindings/lua/lib/Ubuntu20_04) by extension 'colcon_pkg'
[0.911s] Level 1:colcon.colcon_core.package_identification:_identify(programming/remoteApiBindings/lua/lib/Ubuntu20_04) by extensions ['colcon_meta']
[0.911s] Level 1:colcon.colcon_core.package_identification:_identify(programming/remoteApiBindings/lua/lib/Ubuntu20_04) by extension 'colcon_meta'
[0.911s] Level 1:colcon.colcon_core.package_identification:_identify(programming/remoteApiBindings/lua/lib/Ubuntu20_04) by extensions ['ros']
[0.911s] Level 1:colcon.colcon_core.package_identification:_identify(programming/remoteApiBindings/lua/lib/Ubuntu20_04) by extension 'ros'
[0.911s] Level 1:colcon.colcon_core.package_identification:_identify(programming/remoteApiBindings/lua/lib/Ubuntu20_04) by extensions ['cmake', 'python']
[0.911s] Level 1:colcon.colcon_core.package_identification:_identify(programming/remoteApiBindings/lua/lib/Ubuntu20_04) by extension 'cmake'
[0.911s] Level 1:colcon.colcon_core.package_identification:_identify(programming/remoteApiBindings/lua/lib/Ubuntu20_04) by extension 'python'
[0.911s] Level 1:colcon.colcon_core.package_identification:_identify(programming/remoteApiBindings/lua/lib/Ubuntu20_04) by extensions ['python_setup_py']
[0.911s] Level 1:colcon.colcon_core.package_identification:_identify(programming/remoteApiBindings/lua/lib/Ubuntu20_04) by extension 'python_setup_py'
[0.912s] Level 1:colcon.colcon_core.package_identification:_identify(programming/remoteApiBindings/lua/lib/Windows) by extensions ['ignore', 'ignore_ament_install']
[0.912s] Level 1:colcon.colcon_core.package_identification:_identify(programming/remoteApiBindings/lua/lib/Windows) by extension 'ignore'
[0.912s] Level 1:colcon.colcon_core.package_identification:_identify(programming/remoteApiBindings/lua/lib/Windows) by extension 'ignore_ament_install'
[0.912s] Level 1:colcon.colcon_core.package_identification:_identify(programming/remoteApiBindings/lua/lib/Windows) by extensions ['colcon_pkg']
[0.912s] Level 1:colcon.colcon_core.package_identification:_identify(programming/remoteApiBindings/lua/lib/Windows) by extension 'colcon_pkg'
[0.912s] Level 1:colcon.colcon_core.package_identification:_identify(programming/remoteApiBindings/lua/lib/Windows) by extensions ['colcon_meta']
[0.912s] Level 1:colcon.colcon_core.package_identification:_identify(programming/remoteApiBindings/lua/lib/Windows) by extension 'colcon_meta'
[0.912s] Level 1:colcon.colcon_core.package_identification:_identify(programming/remoteApiBindings/lua/lib/Windows) by extensions ['ros']
[0.912s] Level 1:colcon.colcon_core.package_identification:_identify(programming/remoteApiBindings/lua/lib/Windows) by extension 'ros'
[0.912s] Level 1:colcon.colcon_core.package_identification:_identify(programming/remoteApiBindings/lua/lib/Windows) by extensions ['cmake', 'python']
[0.912s] Level 1:colcon.colcon_core.package_identification:_identify(programming/remoteApiBindings/lua/lib/Windows) by extension 'cmake'
[0.912s] Level 1:colcon.colcon_core.package_identification:_identify(programming/remoteApiBindings/lua/lib/Windows) by extension 'python'
[0.912s] Level 1:colcon.colcon_core.package_identification:_identify(programming/remoteApiBindings/lua/lib/Windows) by extensions ['python_setup_py']
[0.913s] Level 1:colcon.colcon_core.package_identification:_identify(programming/remoteApiBindings/lua/lib/Windows) by extension 'python_setup_py'
[0.913s] Level 1:colcon.colcon_core.package_identification:_identify(programming/remoteApiBindings/lua/lua) by extensions ['ignore', 'ignore_ament_install']
[0.913s] Level 1:colcon.colcon_core.package_identification:_identify(programming/remoteApiBindings/lua/lua) by extension 'ignore'
[0.913s] Level 1:colcon.colcon_core.package_identification:_identify(programming/remoteApiBindings/lua/lua) by extension 'ignore_ament_install'
[0.913s] Level 1:colcon.colcon_core.package_identification:_identify(programming/remoteApiBindings/lua/lua) by extensions ['colcon_pkg']
[0.913s] Level 1:colcon.colcon_core.package_identification:_identify(programming/remoteApiBindings/lua/lua) by extension 'colcon_pkg'
[0.913s] Level 1:colcon.colcon_core.package_identification:_identify(programming/remoteApiBindings/lua/lua) by extensions ['colcon_meta']
[0.913s] Level 1:colcon.colcon_core.package_identification:_identify(programming/remoteApiBindings/lua/lua) by extension 'colcon_meta'
[0.913s] Level 1:colcon.colcon_core.package_identification:_identify(programming/remoteApiBindings/lua/lua) by extensions ['ros']
[0.913s] Level 1:colcon.colcon_core.package_identification:_identify(programming/remoteApiBindings/lua/lua) by extension 'ros'
[0.914s] Level 1:colcon.colcon_core.package_identification:_identify(programming/remoteApiBindings/lua/lua) by extensions ['cmake', 'python']
[0.914s] Level 1:colcon.colcon_core.package_identification:_identify(programming/remoteApiBindings/lua/lua) by extension 'cmake'
[0.914s] Level 1:colcon.colcon_core.package_identification:_identify(programming/remoteApiBindings/lua/lua) by extension 'python'
[0.914s] Level 1:colcon.colcon_core.package_identification:_identify(programming/remoteApiBindings/lua/lua) by extensions ['python_setup_py']
[0.914s] Level 1:colcon.colcon_core.package_identification:_identify(programming/remoteApiBindings/lua/lua) by extension 'python_setup_py'
[0.914s] Level 1:colcon.colcon_core.package_identification:_identify(programming/remoteApiBindings/matlab) by extensions ['ignore', 'ignore_ament_install']
[0.914s] Level 1:colcon.colcon_core.package_identification:_identify(programming/remoteApiBindings/matlab) by extension 'ignore'
[0.914s] Level 1:colcon.colcon_core.package_identification:_identify(programming/remoteApiBindings/matlab) by extension 'ignore_ament_install'
[0.914s] Level 1:colcon.colcon_core.package_identification:_identify(programming/remoteApiBindings/matlab) by extensions ['colcon_pkg']
[0.915s] Level 1:colcon.colcon_core.package_identification:_identify(programming/remoteApiBindings/matlab) by extension 'colcon_pkg'
[0.915s] Level 1:colcon.colcon_core.package_identification:_identify(programming/remoteApiBindings/matlab) by extensions ['colcon_meta']
[0.915s] Level 1:colcon.colcon_core.package_identification:_identify(programming/remoteApiBindings/matlab) by extension 'colcon_meta'
[0.915s] Level 1:colcon.colcon_core.package_identification:_identify(programming/remoteApiBindings/matlab) by extensions ['ros']
[0.915s] Level 1:colcon.colcon_core.package_identification:_identify(programming/remoteApiBindings/matlab) by extension 'ros'
[0.915s] Level 1:colcon.colcon_core.package_identification:_identify(programming/remoteApiBindings/matlab) by extensions ['cmake', 'python']
[0.915s] Level 1:colcon.colcon_core.package_identification:_identify(programming/remoteApiBindings/matlab) by extension 'cmake'
[0.915s] Level 1:colcon.colcon_core.package_identification:_identify(programming/remoteApiBindings/matlab) by extension 'python'
[0.915s] Level 1:colcon.colcon_core.package_identification:_identify(programming/remoteApiBindings/matlab) by extensions ['python_setup_py']
[0.915s] Level 1:colcon.colcon_core.package_identification:_identify(programming/remoteApiBindings/matlab) by extension 'python_setup_py'
[0.915s] Level 1:colcon.colcon_core.package_identification:_identify(programming/remoteApiBindings/matlab/matlab) by extensions ['ignore', 'ignore_ament_install']
[0.915s] Level 1:colcon.colcon_core.package_identification:_identify(programming/remoteApiBindings/matlab/matlab) by extension 'ignore'
[0.916s] Level 1:colcon.colcon_core.package_identification:_identify(programming/remoteApiBindings/matlab/matlab) by extension 'ignore_ament_install'
[0.916s] Level 1:colcon.colcon_core.package_identification:_identify(programming/remoteApiBindings/matlab/matlab) by extensions ['colcon_pkg']
[0.916s] Level 1:colcon.colcon_core.package_identification:_identify(programming/remoteApiBindings/matlab/matlab) by extension 'colcon_pkg'
[0.916s] Level 1:colcon.colcon_core.package_identification:_identify(programming/remoteApiBindings/matlab/matlab) by extensions ['colcon_meta']
[0.916s] Level 1:colcon.colcon_core.package_identification:_identify(programming/remoteApiBindings/matlab/matlab) by extension 'colcon_meta'
[0.916s] Level 1:colcon.colcon_core.package_identification:_identify(programming/remoteApiBindings/matlab/matlab) by extensions ['ros']
[0.916s] Level 1:colcon.colcon_core.package_identification:_identify(programming/remoteApiBindings/matlab/matlab) by extension 'ros'
[0.916s] Level 1:colcon.colcon_core.package_identification:_identify(programming/remoteApiBindings/matlab/matlab) by extensions ['cmake', 'python']
[0.916s] Level 1:colcon.colcon_core.package_identification:_identify(programming/remoteApiBindings/matlab/matlab) by extension 'cmake'
[0.916s] Level 1:colcon.colcon_core.package_identification:_identify(programming/remoteApiBindings/matlab/matlab) by extension 'python'
[0.916s] Level 1:colcon.colcon_core.package_identification:_identify(programming/remoteApiBindings/matlab/matlab) by extensions ['python_setup_py']
[0.916s] Level 1:colcon.colcon_core.package_identification:_identify(programming/remoteApiBindings/matlab/matlab) by extension 'python_setup_py'
[0.916s] Level 1:colcon.colcon_core.package_identification:_identify(programming/remoteApiBindings/octave) by extensions ['ignore', 'ignore_ament_install']
[0.917s] Level 1:colcon.colcon_core.package_identification:_identify(programming/remoteApiBindings/octave) by extension 'ignore'
[0.917s] Level 1:colcon.colcon_core.package_identification:_identify(programming/remoteApiBindings/octave) by extension 'ignore_ament_install'
[0.917s] Level 1:colcon.colcon_core.package_identification:_identify(programming/remoteApiBindings/octave) by extensions ['colcon_pkg']
[0.917s] Level 1:colcon.colcon_core.package_identification:_identify(programming/remoteApiBindings/octave) by extension 'colcon_pkg'
[0.917s] Level 1:colcon.colcon_core.package_identification:_identify(programming/remoteApiBindings/octave) by extensions ['colcon_meta']
[0.917s] Level 1:colcon.colcon_core.package_identification:_identify(programming/remoteApiBindings/octave) by extension 'colcon_meta'
[0.917s] Level 1:colcon.colcon_core.package_identification:_identify(programming/remoteApiBindings/octave) by extensions ['ros']
[0.917s] Level 1:colcon.colcon_core.package_identification:_identify(programming/remoteApiBindings/octave) by extension 'ros'
[0.917s] Level 1:colcon.colcon_core.package_identification:_identify(programming/remoteApiBindings/octave) by extensions ['cmake', 'python']
[0.917s] Level 1:colcon.colcon_core.package_identification:_identify(programming/remoteApiBindings/octave) by extension 'cmake'
[0.918s] Level 1:colcon.colcon_core.package_identification:_identify(programming/remoteApiBindings/octave) by extension 'python'
[0.918s] Level 1:colcon.colcon_core.package_identification:_identify(programming/remoteApiBindings/octave) by extensions ['python_setup_py']
[0.918s] Level 1:colcon.colcon_core.package_identification:_identify(programming/remoteApiBindings/octave) by extension 'python_setup_py'
[0.918s] Level 1:colcon.colcon_core.package_identification:_identify(programming/remoteApiBindings/octave/octave) by extensions ['ignore', 'ignore_ament_install']
[0.918s] Level 1:colcon.colcon_core.package_identification:_identify(programming/remoteApiBindings/octave/octave) by extension 'ignore'
[0.918s] Level 1:colcon.colcon_core.package_identification:_identify(programming/remoteApiBindings/octave/octave) by extension 'ignore_ament_install'
[0.918s] Level 1:colcon.colcon_core.package_identification:_identify(programming/remoteApiBindings/octave/octave) by extensions ['colcon_pkg']
[0.918s] Level 1:colcon.colcon_core.package_identification:_identify(programming/remoteApiBindings/octave/octave) by extension 'colcon_pkg'
[0.918s] Level 1:colcon.colcon_core.package_identification:_identify(programming/remoteApiBindings/octave/octave) by extensions ['colcon_meta']
[0.918s] Level 1:colcon.colcon_core.package_identification:_identify(programming/remoteApiBindings/octave/octave) by extension 'colcon_meta'
[0.918s] Level 1:colcon.colcon_core.package_identification:_identify(programming/remoteApiBindings/octave/octave) by extensions ['ros']
[0.918s] Level 1:colcon.colcon_core.package_identification:_identify(programming/remoteApiBindings/octave/octave) by extension 'ros'
[0.919s] Level 1:colcon.colcon_core.package_identification:_identify(programming/remoteApiBindings/octave/octave) by extensions ['cmake', 'python']
[0.919s] Level 1:colcon.colcon_core.package_identification:_identify(programming/remoteApiBindings/octave/octave) by extension 'cmake'
[0.919s] Level 1:colcon.colcon_core.package_identification:_identify(programming/remoteApiBindings/octave/octave) by extension 'python'
[0.919s] Level 1:colcon.colcon_core.package_identification:_identify(programming/remoteApiBindings/octave/octave) by extensions ['python_setup_py']
[0.919s] Level 1:colcon.colcon_core.package_identification:_identify(programming/remoteApiBindings/octave/octave) by extension 'python_setup_py'
[0.919s] Level 1:colcon.colcon_core.package_identification:_identify(programming/remoteApiBindings/python) by extensions ['ignore', 'ignore_ament_install']
[0.919s] Level 1:colcon.colcon_core.package_identification:_identify(programming/remoteApiBindings/python) by extension 'ignore'
[0.919s] Level 1:colcon.colcon_core.package_identification:_identify(programming/remoteApiBindings/python) by extension 'ignore_ament_install'
[0.920s] Level 1:colcon.colcon_core.package_identification:_identify(programming/remoteApiBindings/python) by extensions ['colcon_pkg']
[0.920s] Level 1:colcon.colcon_core.package_identification:_identify(programming/remoteApiBindings/python) by extension 'colcon_pkg'
[0.920s] Level 1:colcon.colcon_core.package_identification:_identify(programming/remoteApiBindings/python) by extensions ['colcon_meta']
[0.920s] Level 1:colcon.colcon_core.package_identification:_identify(programming/remoteApiBindings/python) by extension 'colcon_meta'
[0.920s] Level 1:colcon.colcon_core.package_identification:_identify(programming/remoteApiBindings/python) by extensions ['ros']
[0.920s] Level 1:colcon.colcon_core.package_identification:_identify(programming/remoteApiBindings/python) by extension 'ros'
[0.920s] Level 1:colcon.colcon_core.package_identification:_identify(programming/remoteApiBindings/python) by extensions ['cmake', 'python']
[0.920s] Level 1:colcon.colcon_core.package_identification:_identify(programming/remoteApiBindings/python) by extension 'cmake'
[0.920s] Level 1:colcon.colcon_core.package_identification:_identify(programming/remoteApiBindings/python) by extension 'python'
[0.920s] Level 1:colcon.colcon_core.package_identification:_identify(programming/remoteApiBindings/python) by extensions ['python_setup_py']
[0.920s] Level 1:colcon.colcon_core.package_identification:_identify(programming/remoteApiBindings/python) by extension 'python_setup_py'
[0.921s] Level 1:colcon.colcon_core.package_identification:_identify(programming/remoteApiBindings/python/python) by extensions ['ignore', 'ignore_ament_install']
[0.921s] Level 1:colcon.colcon_core.package_identification:_identify(programming/remoteApiBindings/python/python) by extension 'ignore'
[0.921s] Level 1:colcon.colcon_core.package_identification:_identify(programming/remoteApiBindings/python/python) by extension 'ignore_ament_install'
[0.921s] Level 1:colcon.colcon_core.package_identification:_identify(programming/remoteApiBindings/python/python) by extensions ['colcon_pkg']
[0.921s] Level 1:colcon.colcon_core.package_identification:_identify(programming/remoteApiBindings/python/python) by extension 'colcon_pkg'
[0.921s] Level 1:colcon.colcon_core.package_identification:_identify(programming/remoteApiBindings/python/python) by extensions ['colcon_meta']
[0.921s] Level 1:colcon.colcon_core.package_identification:_identify(programming/remoteApiBindings/python/python) by extension 'colcon_meta'
[0.921s] Level 1:colcon.colcon_core.package_identification:_identify(programming/remoteApiBindings/python/python) by extensions ['ros']
[0.922s] Level 1:colcon.colcon_core.package_identification:_identify(programming/remoteApiBindings/python/python) by extension 'ros'
[0.922s] Level 1:colcon.colcon_core.package_identification:_identify(programming/remoteApiBindings/python/python) by extensions ['cmake', 'python']
[0.922s] Level 1:colcon.colcon_core.package_identification:_identify(programming/remoteApiBindings/python/python) by extension 'cmake'
[0.922s] Level 1:colcon.colcon_core.package_identification:_identify(programming/remoteApiBindings/python/python) by extension 'python'
[0.922s] Level 1:colcon.colcon_core.package_identification:_identify(programming/remoteApiBindings/python/python) by extensions ['python_setup_py']
[0.922s] Level 1:colcon.colcon_core.package_identification:_identify(programming/remoteApiBindings/python/python) by extension 'python_setup_py'
[0.923s] Level 1:colcon.colcon_core.package_identification:_identify(programming/ros2_packages) by extensions ['ignore', 'ignore_ament_install']
[0.923s] Level 1:colcon.colcon_core.package_identification:_identify(programming/ros2_packages) by extension 'ignore'
[0.923s] Level 1:colcon.colcon_core.package_identification:_identify(programming/ros2_packages) by extension 'ignore_ament_install'
[0.923s] Level 1:colcon.colcon_core.package_identification:_identify(programming/ros2_packages) by extensions ['colcon_pkg']
[0.923s] Level 1:colcon.colcon_core.package_identification:_identify(programming/ros2_packages) by extension 'colcon_pkg'
[0.923s] Level 1:colcon.colcon_core.package_identification:_identify(programming/ros2_packages) by extensions ['colcon_meta']
[0.923s] Level 1:colcon.colcon_core.package_identification:_identify(programming/ros2_packages) by extension 'colcon_meta'
[0.923s] Level 1:colcon.colcon_core.package_identification:_identify(programming/ros2_packages) by extensions ['ros']
[0.923s] Level 1:colcon.colcon_core.package_identification:_identify(programming/ros2_packages) by extension 'ros'
[0.924s] Level 1:colcon.colcon_core.package_identification:_identify(programming/ros2_packages) by extensions ['cmake', 'python']
[0.924s] Level 1:colcon.colcon_core.package_identification:_identify(programming/ros2_packages) by extension 'cmake'
[0.924s] Level 1:colcon.colcon_core.package_identification:_identify(programming/ros2_packages) by extension 'python'
[0.924s] Level 1:colcon.colcon_core.package_identification:_identify(programming/ros2_packages) by extensions ['python_setup_py']
[0.924s] Level 1:colcon.colcon_core.package_identification:_identify(programming/ros2_packages) by extension 'python_setup_py'
[0.925s] Level 1:colcon.colcon_core.package_identification:_identify(programming/ros2_packages/ros2_bubble_rob) by extensions ['ignore', 'ignore_ament_install']
[0.925s] Level 1:colcon.colcon_core.package_identification:_identify(programming/ros2_packages/ros2_bubble_rob) by extension 'ignore'
[0.925s] Level 1:colcon.colcon_core.package_identification:_identify(programming/ros2_packages/ros2_bubble_rob) by extension 'ignore_ament_install'
[0.925s] Level 1:colcon.colcon_core.package_identification:_identify(programming/ros2_packages/ros2_bubble_rob) by extensions ['colcon_pkg']
[0.925s] Level 1:colcon.colcon_core.package_identification:_identify(programming/ros2_packages/ros2_bubble_rob) by extension 'colcon_pkg'
[0.925s] Level 1:colcon.colcon_core.package_identification:_identify(programming/ros2_packages/ros2_bubble_rob) by extensions ['colcon_meta']
[0.925s] Level 1:colcon.colcon_core.package_identification:_identify(programming/ros2_packages/ros2_bubble_rob) by extension 'colcon_meta'
[0.925s] Level 1:colcon.colcon_core.package_identification:_identify(programming/ros2_packages/ros2_bubble_rob) by extensions ['ros']
[0.925s] Level 1:colcon.colcon_core.package_identification:_identify(programming/ros2_packages/ros2_bubble_rob) by extension 'ros'
[0.929s] DEBUG:colcon.colcon_core.package_identification:Package 'programming/ros2_packages/ros2_bubble_rob' with type 'ros.ament_cmake' and name 'ros2_bubble_rob'
[0.930s] Level 1:colcon.colcon_core.package_identification:_identify(programming/ros2_packages/sim_ros2_interface) by extensions ['ignore', 'ignore_ament_install']
[0.930s] Level 1:colcon.colcon_core.package_identification:_identify(programming/ros2_packages/sim_ros2_interface) by extension 'ignore'
[0.930s] Level 1:colcon.colcon_core.package_identification:_identify(programming/ros2_packages/sim_ros2_interface) by extension 'ignore_ament_install'
[0.930s] Level 1:colcon.colcon_core.package_identification:_identify(programming/ros2_packages/sim_ros2_interface) by extensions ['colcon_pkg']
[0.930s] Level 1:colcon.colcon_core.package_identification:_identify(programming/ros2_packages/sim_ros2_interface) by extension 'colcon_pkg'
[0.930s] Level 1:colcon.colcon_core.package_identification:_identify(programming/ros2_packages/sim_ros2_interface) by extensions ['colcon_meta']
[0.930s] Level 1:colcon.colcon_core.package_identification:_identify(programming/ros2_packages/sim_ros2_interface) by extension 'colcon_meta'
[0.930s] Level 1:colcon.colcon_core.package_identification:_identify(programming/ros2_packages/sim_ros2_interface) by extensions ['ros']
[0.930s] Level 1:colcon.colcon_core.package_identification:_identify(programming/ros2_packages/sim_ros2_interface) by extension 'ros'
[0.932s] DEBUG:colcon.colcon_core.package_identification:Package 'programming/ros2_packages/sim_ros2_interface' with type 'ros.ament_cmake' and name 'sim_ros2_interface'
[0.933s] Level 1:colcon.colcon_core.package_identification:_identify(programming/ros_packages) by extensions ['ignore', 'ignore_ament_install']
[0.933s] Level 1:colcon.colcon_core.package_identification:_identify(programming/ros_packages) by extension 'ignore'
[0.933s] Level 1:colcon.colcon_core.package_identification:_identify(programming/ros_packages) by extension 'ignore_ament_install'
[0.933s] Level 1:colcon.colcon_core.package_identification:_identify(programming/ros_packages) by extensions ['colcon_pkg']
[0.933s] Level 1:colcon.colcon_core.package_identification:_identify(programming/ros_packages) by extension 'colcon_pkg'
[0.933s] Level 1:colcon.colcon_core.package_identification:_identify(programming/ros_packages) by extensions ['colcon_meta']
[0.933s] Level 1:colcon.colcon_core.package_identification:_identify(programming/ros_packages) by extension 'colcon_meta'
[0.933s] Level 1:colcon.colcon_core.package_identification:_identify(programming/ros_packages) by extensions ['ros']
[0.933s] Level 1:colcon.colcon_core.package_identification:_identify(programming/ros_packages) by extension 'ros'
[0.933s] Level 1:colcon.colcon_core.package_identification:_identify(programming/ros_packages) by extensions ['cmake', 'python']
[0.933s] Level 1:colcon.colcon_core.package_identification:_identify(programming/ros_packages) by extension 'cmake'
[0.934s] Level 1:colcon.colcon_core.package_identification:_identify(programming/ros_packages) by extension 'python'
[0.934s] Level 1:colcon.colcon_core.package_identification:_identify(programming/ros_packages) by extensions ['python_setup_py']
[0.934s] Level 1:colcon.colcon_core.package_identification:_identify(programming/ros_packages) by extension 'python_setup_py'
[0.934s] Level 1:colcon.colcon_core.package_identification:_identify(programming/ros_packages/ros_bubble_rob) by extensions ['ignore', 'ignore_ament_install']
[0.934s] Level 1:colcon.colcon_core.package_identification:_identify(programming/ros_packages/ros_bubble_rob) by extension 'ignore'
[0.934s] Level 1:colcon.colcon_core.package_identification:_identify(programming/ros_packages/ros_bubble_rob) by extension 'ignore_ament_install'
[0.934s] Level 1:colcon.colcon_core.package_identification:_identify(programming/ros_packages/ros_bubble_rob) by extensions ['colcon_pkg']
[0.934s] Level 1:colcon.colcon_core.package_identification:_identify(programming/ros_packages/ros_bubble_rob) by extension 'colcon_pkg'
[0.934s] Level 1:colcon.colcon_core.package_identification:_identify(programming/ros_packages/ros_bubble_rob) by extensions ['colcon_meta']
[0.935s] Level 1:colcon.colcon_core.package_identification:_identify(programming/ros_packages/ros_bubble_rob) by extension 'colcon_meta'
[0.935s] Level 1:colcon.colcon_core.package_identification:_identify(programming/ros_packages/ros_bubble_rob) by extensions ['ros']
[0.935s] Level 1:colcon.colcon_core.package_identification:_identify(programming/ros_packages/ros_bubble_rob) by extension 'ros'
[0.935s] DEBUG:colcon.colcon_core.package_identification:Package 'programming/ros_packages/ros_bubble_rob' with type 'ros.catkin' and name 'ros_bubble_rob'
[0.936s] Level 1:colcon.colcon_core.package_identification:_identify(programming/ros_packages/sim_ros_interface) by extensions ['ignore', 'ignore_ament_install']
[0.936s] Level 1:colcon.colcon_core.package_identification:_identify(programming/ros_packages/sim_ros_interface) by extension 'ignore'
[0.936s] Level 1:colcon.colcon_core.package_identification:_identify(programming/ros_packages/sim_ros_interface) by extension 'ignore_ament_install'
[0.936s] Level 1:colcon.colcon_core.package_identification:_identify(programming/ros_packages/sim_ros_interface) by extensions ['colcon_pkg']
[0.936s] Level 1:colcon.colcon_core.package_identification:_identify(programming/ros_packages/sim_ros_interface) by extension 'colcon_pkg'
[0.937s] Level 1:colcon.colcon_core.package_identification:_identify(programming/ros_packages/sim_ros_interface) by extensions ['colcon_meta']
[0.937s] Level 1:colcon.colcon_core.package_identification:_identify(programming/ros_packages/sim_ros_interface) by extension 'colcon_meta'
[0.937s] Level 1:colcon.colcon_core.package_identification:_identify(programming/ros_packages/sim_ros_interface) by extensions ['ros']
[0.937s] Level 1:colcon.colcon_core.package_identification:_identify(programming/ros_packages/sim_ros_interface) by extension 'ros'
[0.939s] DEBUG:colcon.colcon_core.package_identification:Package 'programming/ros_packages/sim_ros_interface' with type 'ros.catkin' and name 'sim_ros_interface'
[0.940s] Level 1:colcon.colcon_core.package_identification:_identify(programming/simMath) by extensions ['ignore', 'ignore_ament_install']
[0.940s] Level 1:colcon.colcon_core.package_identification:_identify(programming/simMath) by extension 'ignore'
[0.940s] Level 1:colcon.colcon_core.package_identification:_identify(programming/simMath) by extension 'ignore_ament_install'
[0.940s] Level 1:colcon.colcon_core.package_identification:_identify(programming/simMath) by extensions ['colcon_pkg']
[0.940s] Level 1:colcon.colcon_core.package_identification:_identify(programming/simMath) by extension 'colcon_pkg'
[0.940s] Level 1:colcon.colcon_core.package_identification:_identify(programming/simMath) by extensions ['colcon_meta']
[0.940s] Level 1:colcon.colcon_core.package_identification:_identify(programming/simMath) by extension 'colcon_meta'
[0.940s] Level 1:colcon.colcon_core.package_identification:_identify(programming/simMath) by extensions ['ros']
[0.940s] Level 1:colcon.colcon_core.package_identification:_identify(programming/simMath) by extension 'ros'
[0.940s] Level 1:colcon.colcon_core.package_identification:_identify(programming/simMath) by extensions ['cmake', 'python']
[0.940s] Level 1:colcon.colcon_core.package_identification:_identify(programming/simMath) by extension 'cmake'
[0.940s] Level 1:colcon.colcon_core.package_identification:_identify(programming/simMath) by extension 'python'
[0.940s] Level 1:colcon.colcon_core.package_identification:_identify(programming/simMath) by extensions ['python_setup_py']
[0.940s] Level 1:colcon.colcon_core.package_identification:_identify(programming/simMath) by extension 'python_setup_py'
[0.941s] Level 1:colcon.colcon_core.package_identification:_identify(programming/wsRemoteApi) by extensions ['ignore', 'ignore_ament_install']
[0.941s] Level 1:colcon.colcon_core.package_identification:_identify(programming/wsRemoteApi) by extension 'ignore'
[0.941s] Level 1:colcon.colcon_core.package_identification:_identify(programming/wsRemoteApi) by extension 'ignore_ament_install'
[0.941s] Level 1:colcon.colcon_core.package_identification:_identify(programming/wsRemoteApi) by extensions ['colcon_pkg']
[0.941s] Level 1:colcon.colcon_core.package_identification:_identify(programming/wsRemoteApi) by extension 'colcon_pkg'
[0.941s] Level 1:colcon.colcon_core.package_identification:_identify(programming/wsRemoteApi) by extensions ['colcon_meta']
[0.941s] Level 1:colcon.colcon_core.package_identification:_identify(programming/wsRemoteApi) by extension 'colcon_meta'
[0.941s] Level 1:colcon.colcon_core.package_identification:_identify(programming/wsRemoteApi) by extensions ['ros']
[0.941s] Level 1:colcon.colcon_core.package_identification:_identify(programming/wsRemoteApi) by extension 'ros'
[0.941s] Level 1:colcon.colcon_core.package_identification:_identify(programming/wsRemoteApi) by extensions ['cmake', 'python']
[0.941s] Level 1:colcon.colcon_core.package_identification:_identify(programming/wsRemoteApi) by extension 'cmake'
[0.942s] Level 1:colcon.colcon_core.package_identification:_identify(programming/wsRemoteApi) by extension 'python'
[0.942s] DEBUG:colcon.colcon_core.package_identification:Package 'programming/wsRemoteApi' with type 'cmake' and name 'wsRemoteApi'
[0.943s] Level 1:colcon.colcon_core.package_identification:_identify(programming/zmqRemoteApi) by extensions ['ignore', 'ignore_ament_install']
[0.943s] Level 1:colcon.colcon_core.package_identification:_identify(programming/zmqRemoteApi) by extension 'ignore'
[0.943s] Level 1:colcon.colcon_core.package_identification:_identify(programming/zmqRemoteApi) by extension 'ignore_ament_install'
[0.943s] Level 1:colcon.colcon_core.package_identification:_identify(programming/zmqRemoteApi) by extensions ['colcon_pkg']
[0.943s] Level 1:colcon.colcon_core.package_identification:_identify(programming/zmqRemoteApi) by extension 'colcon_pkg'
[0.943s] Level 1:colcon.colcon_core.package_identification:_identify(programming/zmqRemoteApi) by extensions ['colcon_meta']
[0.943s] Level 1:colcon.colcon_core.package_identification:_identify(programming/zmqRemoteApi) by extension 'colcon_meta'
[0.943s] Level 1:colcon.colcon_core.package_identification:_identify(programming/zmqRemoteApi) by extensions ['ros']
[0.943s] Level 1:colcon.colcon_core.package_identification:_identify(programming/zmqRemoteApi) by extension 'ros'
[0.943s] Level 1:colcon.colcon_core.package_identification:_identify(programming/zmqRemoteApi) by extensions ['cmake', 'python']
[0.944s] Level 1:colcon.colcon_core.package_identification:_identify(programming/zmqRemoteApi) by extension 'cmake'
[0.945s] Level 1:colcon.colcon_core.package_identification:_identify(programming/zmqRemoteApi) by extension 'python'
[0.945s] DEBUG:colcon.colcon_core.package_identification:Package 'programming/zmqRemoteApi' with type 'cmake' and name 'zmqRemoteApi'
[0.945s] Level 1:colcon.colcon_core.package_identification:_identify(python) by extensions ['ignore', 'ignore_ament_install']
[0.945s] Level 1:colcon.colcon_core.package_identification:_identify(python) by extension 'ignore'
[0.945s] Level 1:colcon.colcon_core.package_identification:_identify(python) by extension 'ignore_ament_install'
[0.945s] Level 1:colcon.colcon_core.package_identification:_identify(python) by extensions ['colcon_pkg']
[0.945s] Level 1:colcon.colcon_core.package_identification:_identify(python) by extension 'colcon_pkg'
[0.945s] Level 1:colcon.colcon_core.package_identification:_identify(python) by extensions ['colcon_meta']
[0.945s] Level 1:colcon.colcon_core.package_identification:_identify(python) by extension 'colcon_meta'
[0.945s] Level 1:colcon.colcon_core.package_identification:_identify(python) by extensions ['ros']
[0.946s] Level 1:colcon.colcon_core.package_identification:_identify(python) by extension 'ros'
[0.946s] Level 1:colcon.colcon_core.package_identification:_identify(python) by extensions ['cmake', 'python']
[0.946s] Level 1:colcon.colcon_core.package_identification:_identify(python) by extension 'cmake'
[0.946s] Level 1:colcon.colcon_core.package_identification:_identify(python) by extension 'python'
[0.946s] Level 1:colcon.colcon_core.package_identification:_identify(python) by extensions ['python_setup_py']
[0.946s] Level 1:colcon.colcon_core.package_identification:_identify(python) by extension 'python_setup_py'
[0.946s] Level 1:colcon.colcon_core.package_identification:_identify(qml) by extensions ['ignore', 'ignore_ament_install']
[0.946s] Level 1:colcon.colcon_core.package_identification:_identify(qml) by extension 'ignore'
[0.946s] Level 1:colcon.colcon_core.package_identification:_identify(qml) by extension 'ignore_ament_install'
[0.946s] Level 1:colcon.colcon_core.package_identification:_identify(qml) by extensions ['colcon_pkg']
[0.946s] Level 1:colcon.colcon_core.package_identification:_identify(qml) by extension 'colcon_pkg'
[0.946s] Level 1:colcon.colcon_core.package_identification:_identify(qml) by extensions ['colcon_meta']
[0.947s] Level 1:colcon.colcon_core.package_identification:_identify(qml) by extension 'colcon_meta'
[0.947s] Level 1:colcon.colcon_core.package_identification:_identify(qml) by extensions ['ros']
[0.947s] Level 1:colcon.colcon_core.package_identification:_identify(qml) by extension 'ros'
[0.947s] Level 1:colcon.colcon_core.package_identification:_identify(qml) by extensions ['cmake', 'python']
[0.947s] Level 1:colcon.colcon_core.package_identification:_identify(qml) by extension 'cmake'
[0.947s] Level 1:colcon.colcon_core.package_identification:_identify(qml) by extension 'python'
[0.947s] Level 1:colcon.colcon_core.package_identification:_identify(qml) by extensions ['python_setup_py']
[0.947s] Level 1:colcon.colcon_core.package_identification:_identify(qml) by extension 'python_setup_py'
[0.947s] Level 1:colcon.colcon_core.package_identification:_identify(qml/CoppeliaSimPlugin) by extensions ['ignore', 'ignore_ament_install']
[0.948s] Level 1:colcon.colcon_core.package_identification:_identify(qml/CoppeliaSimPlugin) by extension 'ignore'
[0.948s] Level 1:colcon.colcon_core.package_identification:_identify(qml/CoppeliaSimPlugin) by extension 'ignore_ament_install'
[0.948s] Level 1:colcon.colcon_core.package_identification:_identify(qml/CoppeliaSimPlugin) by extensions ['colcon_pkg']
[0.948s] Level 1:colcon.colcon_core.package_identification:_identify(qml/CoppeliaSimPlugin) by extension 'colcon_pkg'
[0.948s] Level 1:colcon.colcon_core.package_identification:_identify(qml/CoppeliaSimPlugin) by extensions ['colcon_meta']
[0.948s] Level 1:colcon.colcon_core.package_identification:_identify(qml/CoppeliaSimPlugin) by extension 'colcon_meta'
[0.948s] Level 1:colcon.colcon_core.package_identification:_identify(qml/CoppeliaSimPlugin) by extensions ['ros']
[0.948s] Level 1:colcon.colcon_core.package_identification:_identify(qml/CoppeliaSimPlugin) by extension 'ros'
[0.948s] Level 1:colcon.colcon_core.package_identification:_identify(qml/CoppeliaSimPlugin) by extensions ['cmake', 'python']
[0.948s] Level 1:colcon.colcon_core.package_identification:_identify(qml/CoppeliaSimPlugin) by extension 'cmake'
[0.948s] Level 1:colcon.colcon_core.package_identification:_identify(qml/CoppeliaSimPlugin) by extension 'python'
[0.948s] Level 1:colcon.colcon_core.package_identification:_identify(qml/CoppeliaSimPlugin) by extensions ['python_setup_py']
[0.948s] Level 1:colcon.colcon_core.package_identification:_identify(qml/CoppeliaSimPlugin) by extension 'python_setup_py'
[0.949s] Level 1:colcon.colcon_core.package_identification:_identify(qml/Qt) by extensions ['ignore', 'ignore_ament_install']
[0.949s] Level 1:colcon.colcon_core.package_identification:_identify(qml/Qt) by extension 'ignore'
[0.949s] Level 1:colcon.colcon_core.package_identification:_identify(qml/Qt) by extension 'ignore_ament_install'
[0.949s] Level 1:colcon.colcon_core.package_identification:_identify(qml/Qt) by extensions ['colcon_pkg']
[0.949s] Level 1:colcon.colcon_core.package_identification:_identify(qml/Qt) by extension 'colcon_pkg'
[0.949s] Level 1:colcon.colcon_core.package_identification:_identify(qml/Qt) by extensions ['colcon_meta']
[0.949s] Level 1:colcon.colcon_core.package_identification:_identify(qml/Qt) by extension 'colcon_meta'
[0.949s] Level 1:colcon.colcon_core.package_identification:_identify(qml/Qt) by extensions ['ros']
[0.949s] Level 1:colcon.colcon_core.package_identification:_identify(qml/Qt) by extension 'ros'
[0.950s] Level 1:colcon.colcon_core.package_identification:_identify(qml/Qt) by extensions ['cmake', 'python']
[0.950s] Level 1:colcon.colcon_core.package_identification:_identify(qml/Qt) by extension 'cmake'
[0.950s] Level 1:colcon.colcon_core.package_identification:_identify(qml/Qt) by extension 'python'
[0.950s] Level 1:colcon.colcon_core.package_identification:_identify(qml/Qt) by extensions ['python_setup_py']
[0.950s] Level 1:colcon.colcon_core.package_identification:_identify(qml/Qt) by extension 'python_setup_py'
[0.950s] Level 1:colcon.colcon_core.package_identification:_identify(qml/Qt/WebSockets) by extensions ['ignore', 'ignore_ament_install']
[0.950s] Level 1:colcon.colcon_core.package_identification:_identify(qml/Qt/WebSockets) by extension 'ignore'
[0.951s] Level 1:colcon.colcon_core.package_identification:_identify(qml/Qt/WebSockets) by extension 'ignore_ament_install'
[0.951s] Level 1:colcon.colcon_core.package_identification:_identify(qml/Qt/WebSockets) by extensions ['colcon_pkg']
[0.951s] Level 1:colcon.colcon_core.package_identification:_identify(qml/Qt/WebSockets) by extension 'colcon_pkg'
[0.951s] Level 1:colcon.colcon_core.package_identification:_identify(qml/Qt/WebSockets) by extensions ['colcon_meta']
[0.951s] Level 1:colcon.colcon_core.package_identification:_identify(qml/Qt/WebSockets) by extension 'colcon_meta'
[0.951s] Level 1:colcon.colcon_core.package_identification:_identify(qml/Qt/WebSockets) by extensions ['ros']
[0.951s] Level 1:colcon.colcon_core.package_identification:_identify(qml/Qt/WebSockets) by extension 'ros'
[0.951s] Level 1:colcon.colcon_core.package_identification:_identify(qml/Qt/WebSockets) by extensions ['cmake', 'python']
[0.951s] Level 1:colcon.colcon_core.package_identification:_identify(qml/Qt/WebSockets) by extension 'cmake'
[0.951s] Level 1:colcon.colcon_core.package_identification:_identify(qml/Qt/WebSockets) by extension 'python'
[0.951s] Level 1:colcon.colcon_core.package_identification:_identify(qml/Qt/WebSockets) by extensions ['python_setup_py']
[0.951s] Level 1:colcon.colcon_core.package_identification:_identify(qml/Qt/WebSockets) by extension 'python_setup_py'
[0.951s] Level 1:colcon.colcon_core.package_identification:_identify(qml/Qt/labs) by extensions ['ignore', 'ignore_ament_install']
[0.952s] Level 1:colcon.colcon_core.package_identification:_identify(qml/Qt/labs) by extension 'ignore'
[0.952s] Level 1:colcon.colcon_core.package_identification:_identify(qml/Qt/labs) by extension 'ignore_ament_install'
[0.952s] Level 1:colcon.colcon_core.package_identification:_identify(qml/Qt/labs) by extensions ['colcon_pkg']
[0.952s] Level 1:colcon.colcon_core.package_identification:_identify(qml/Qt/labs) by extension 'colcon_pkg'
[0.952s] Level 1:colcon.colcon_core.package_identification:_identify(qml/Qt/labs) by extensions ['colcon_meta']
[0.952s] Level 1:colcon.colcon_core.package_identification:_identify(qml/Qt/labs) by extension 'colcon_meta'
[0.952s] Level 1:colcon.colcon_core.package_identification:_identify(qml/Qt/labs) by extensions ['ros']
[0.952s] Level 1:colcon.colcon_core.package_identification:_identify(qml/Qt/labs) by extension 'ros'
[0.952s] Level 1:colcon.colcon_core.package_identification:_identify(qml/Qt/labs) by extensions ['cmake', 'python']
[0.953s] Level 1:colcon.colcon_core.package_identification:_identify(qml/Qt/labs) by extension 'cmake'
[0.953s] Level 1:colcon.colcon_core.package_identification:_identify(qml/Qt/labs) by extension 'python'
[0.953s] Level 1:colcon.colcon_core.package_identification:_identify(qml/Qt/labs) by extensions ['python_setup_py']
[0.953s] Level 1:colcon.colcon_core.package_identification:_identify(qml/Qt/labs) by extension 'python_setup_py'
[0.953s] Level 1:colcon.colcon_core.package_identification:_identify(qml/Qt/labs/calendar) by extensions ['ignore', 'ignore_ament_install']
[0.953s] Level 1:colcon.colcon_core.package_identification:_identify(qml/Qt/labs/calendar) by extension 'ignore'
[0.953s] Level 1:colcon.colcon_core.package_identification:_identify(qml/Qt/labs/calendar) by extension 'ignore_ament_install'
[0.953s] Level 1:colcon.colcon_core.package_identification:_identify(qml/Qt/labs/calendar) by extensions ['colcon_pkg']
[0.953s] Level 1:colcon.colcon_core.package_identification:_identify(qml/Qt/labs/calendar) by extension 'colcon_pkg'
[0.953s] Level 1:colcon.colcon_core.package_identification:_identify(qml/Qt/labs/calendar) by extensions ['colcon_meta']
[0.953s] Level 1:colcon.colcon_core.package_identification:_identify(qml/Qt/labs/calendar) by extension 'colcon_meta'
[0.954s] Level 1:colcon.colcon_core.package_identification:_identify(qml/Qt/labs/calendar) by extensions ['ros']
[0.954s] Level 1:colcon.colcon_core.package_identification:_identify(qml/Qt/labs/calendar) by extension 'ros'
[0.954s] Level 1:colcon.colcon_core.package_identification:_identify(qml/Qt/labs/calendar) by extensions ['cmake', 'python']
[0.954s] Level 1:colcon.colcon_core.package_identification:_identify(qml/Qt/labs/calendar) by extension 'cmake'
[0.954s] Level 1:colcon.colcon_core.package_identification:_identify(qml/Qt/labs/calendar) by extension 'python'
[0.954s] Level 1:colcon.colcon_core.package_identification:_identify(qml/Qt/labs/calendar) by extensions ['python_setup_py']
[0.954s] Level 1:colcon.colcon_core.package_identification:_identify(qml/Qt/labs/calendar) by extension 'python_setup_py'
[0.954s] Level 1:colcon.colcon_core.package_identification:_identify(qml/Qt/labs/folderlistmodel) by extensions ['ignore', 'ignore_ament_install']
[0.955s] Level 1:colcon.colcon_core.package_identification:_identify(qml/Qt/labs/folderlistmodel) by extension 'ignore'
[0.955s] Level 1:colcon.colcon_core.package_identification:_identify(qml/Qt/labs/folderlistmodel) by extension 'ignore_ament_install'
[0.955s] Level 1:colcon.colcon_core.package_identification:_identify(qml/Qt/labs/folderlistmodel) by extensions ['colcon_pkg']
[0.955s] Level 1:colcon.colcon_core.package_identification:_identify(qml/Qt/labs/folderlistmodel) by extension 'colcon_pkg'
[0.955s] Level 1:colcon.colcon_core.package_identification:_identify(qml/Qt/labs/folderlistmodel) by extensions ['colcon_meta']
[0.955s] Level 1:colcon.colcon_core.package_identification:_identify(qml/Qt/labs/folderlistmodel) by extension 'colcon_meta'
[0.955s] Level 1:colcon.colcon_core.package_identification:_identify(qml/Qt/labs/folderlistmodel) by extensions ['ros']
[0.955s] Level 1:colcon.colcon_core.package_identification:_identify(qml/Qt/labs/folderlistmodel) by extension 'ros'
[0.955s] Level 1:colcon.colcon_core.package_identification:_identify(qml/Qt/labs/folderlistmodel) by extensions ['cmake', 'python']
[0.955s] Level 1:colcon.colcon_core.package_identification:_identify(qml/Qt/labs/folderlistmodel) by extension 'cmake'
[0.956s] Level 1:colcon.colcon_core.package_identification:_identify(qml/Qt/labs/folderlistmodel) by extension 'python'
[0.956s] Level 1:colcon.colcon_core.package_identification:_identify(qml/Qt/labs/folderlistmodel) by extensions ['python_setup_py']
[0.956s] Level 1:colcon.colcon_core.package_identification:_identify(qml/Qt/labs/folderlistmodel) by extension 'python_setup_py'
[0.956s] Level 1:colcon.colcon_core.package_identification:_identify(qml/Qt/labs/location) by extensions ['ignore', 'ignore_ament_install']
[0.956s] Level 1:colcon.colcon_core.package_identification:_identify(qml/Qt/labs/location) by extension 'ignore'
[0.956s] Level 1:colcon.colcon_core.package_identification:_identify(qml/Qt/labs/location) by extension 'ignore_ament_install'
[0.956s] Level 1:colcon.colcon_core.package_identification:_identify(qml/Qt/labs/location) by extensions ['colcon_pkg']
[0.957s] Level 1:colcon.colcon_core.package_identification:_identify(qml/Qt/labs/location) by extension 'colcon_pkg'
[0.957s] Level 1:colcon.colcon_core.package_identification:_identify(qml/Qt/labs/location) by extensions ['colcon_meta']
[0.957s] Level 1:colcon.colcon_core.package_identification:_identify(qml/Qt/labs/location) by extension 'colcon_meta'
[0.957s] Level 1:colcon.colcon_core.package_identification:_identify(qml/Qt/labs/location) by extensions ['ros']
[0.957s] Level 1:colcon.colcon_core.package_identification:_identify(qml/Qt/labs/location) by extension 'ros'
[0.957s] Level 1:colcon.colcon_core.package_identification:_identify(qml/Qt/labs/location) by extensions ['cmake', 'python']
[0.957s] Level 1:colcon.colcon_core.package_identification:_identify(qml/Qt/labs/location) by extension 'cmake'
[0.957s] Level 1:colcon.colcon_core.package_identification:_identify(qml/Qt/labs/location) by extension 'python'
[0.957s] Level 1:colcon.colcon_core.package_identification:_identify(qml/Qt/labs/location) by extensions ['python_setup_py']
[0.957s] Level 1:colcon.colcon_core.package_identification:_identify(qml/Qt/labs/location) by extension 'python_setup_py'
[0.957s] Level 1:colcon.colcon_core.package_identification:_identify(qml/Qt/labs/platform) by extensions ['ignore', 'ignore_ament_install']
[0.958s] Level 1:colcon.colcon_core.package_identification:_identify(qml/Qt/labs/platform) by extension 'ignore'
[0.958s] Level 1:colcon.colcon_core.package_identification:_identify(qml/Qt/labs/platform) by extension 'ignore_ament_install'
[0.958s] Level 1:colcon.colcon_core.package_identification:_identify(qml/Qt/labs/platform) by extensions ['colcon_pkg']
[0.958s] Level 1:colcon.colcon_core.package_identification:_identify(qml/Qt/labs/platform) by extension 'colcon_pkg'
[0.958s] Level 1:colcon.colcon_core.package_identification:_identify(qml/Qt/labs/platform) by extensions ['colcon_meta']
[0.958s] Level 1:colcon.colcon_core.package_identification:_identify(qml/Qt/labs/platform) by extension 'colcon_meta'
[0.958s] Level 1:colcon.colcon_core.package_identification:_identify(qml/Qt/labs/platform) by extensions ['ros']
[0.958s] Level 1:colcon.colcon_core.package_identification:_identify(qml/Qt/labs/platform) by extension 'ros'
[0.958s] Level 1:colcon.colcon_core.package_identification:_identify(qml/Qt/labs/platform) by extensions ['cmake', 'python']
[0.958s] Level 1:colcon.colcon_core.package_identification:_identify(qml/Qt/labs/platform) by extension 'cmake'
[0.958s] Level 1:colcon.colcon_core.package_identification:_identify(qml/Qt/labs/platform) by extension 'python'
[0.959s] Level 1:colcon.colcon_core.package_identification:_identify(qml/Qt/labs/platform) by extensions ['python_setup_py']
[0.959s] Level 1:colcon.colcon_core.package_identification:_identify(qml/Qt/labs/platform) by extension 'python_setup_py'
[0.959s] Level 1:colcon.colcon_core.package_identification:_identify(qml/Qt/labs/qmlmodels) by extensions ['ignore', 'ignore_ament_install']
[0.959s] Level 1:colcon.colcon_core.package_identification:_identify(qml/Qt/labs/qmlmodels) by extension 'ignore'
[0.959s] Level 1:colcon.colcon_core.package_identification:_identify(qml/Qt/labs/qmlmodels) by extension 'ignore_ament_install'
[0.959s] Level 1:colcon.colcon_core.package_identification:_identify(qml/Qt/labs/qmlmodels) by extensions ['colcon_pkg']
[0.959s] Level 1:colcon.colcon_core.package_identification:_identify(qml/Qt/labs/qmlmodels) by extension 'colcon_pkg'
[0.959s] Level 1:colcon.colcon_core.package_identification:_identify(qml/Qt/labs/qmlmodels) by extensions ['colcon_meta']
[0.959s] Level 1:colcon.colcon_core.package_identification:_identify(qml/Qt/labs/qmlmodels) by extension 'colcon_meta'
[0.960s] Level 1:colcon.colcon_core.package_identification:_identify(qml/Qt/labs/qmlmodels) by extensions ['ros']
[0.960s] Level 1:colcon.colcon_core.package_identification:_identify(qml/Qt/labs/qmlmodels) by extension 'ros'
[0.960s] Level 1:colcon.colcon_core.package_identification:_identify(qml/Qt/labs/qmlmodels) by extensions ['cmake', 'python']
[0.960s] Level 1:colcon.colcon_core.package_identification:_identify(qml/Qt/labs/qmlmodels) by extension 'cmake'
[0.960s] Level 1:colcon.colcon_core.package_identification:_identify(qml/Qt/labs/qmlmodels) by extension 'python'
[0.960s] Level 1:colcon.colcon_core.package_identification:_identify(qml/Qt/labs/qmlmodels) by extensions ['python_setup_py']
[0.960s] Level 1:colcon.colcon_core.package_identification:_identify(qml/Qt/labs/qmlmodels) by extension 'python_setup_py'
[0.960s] Level 1:colcon.colcon_core.package_identification:_identify(qml/Qt/labs/settings) by extensions ['ignore', 'ignore_ament_install']
[0.960s] Level 1:colcon.colcon_core.package_identification:_identify(qml/Qt/labs/settings) by extension 'ignore'
[0.960s] Level 1:colcon.colcon_core.package_identification:_identify(qml/Qt/labs/settings) by extension 'ignore_ament_install'
[0.960s] Level 1:colcon.colcon_core.package_identification:_identify(qml/Qt/labs/settings) by extensions ['colcon_pkg']
[0.960s] Level 1:colcon.colcon_core.package_identification:_identify(qml/Qt/labs/settings) by extension 'colcon_pkg'
[0.960s] Level 1:colcon.colcon_core.package_identification:_identify(qml/Qt/labs/settings) by extensions ['colcon_meta']
[0.960s] Level 1:colcon.colcon_core.package_identification:_identify(qml/Qt/labs/settings) by extension 'colcon_meta'
[0.960s] Level 1:colcon.colcon_core.package_identification:_identify(qml/Qt/labs/settings) by extensions ['ros']
[0.960s] Level 1:colcon.colcon_core.package_identification:_identify(qml/Qt/labs/settings) by extension 'ros'
[0.961s] Level 1:colcon.colcon_core.package_identification:_identify(qml/Qt/labs/settings) by extensions ['cmake', 'python']
[0.961s] Level 1:colcon.colcon_core.package_identification:_identify(qml/Qt/labs/settings) by extension 'cmake'
[0.961s] Level 1:colcon.colcon_core.package_identification:_identify(qml/Qt/labs/settings) by extension 'python'
[0.961s] Level 1:colcon.colcon_core.package_identification:_identify(qml/Qt/labs/settings) by extensions ['python_setup_py']
[0.961s] Level 1:colcon.colcon_core.package_identification:_identify(qml/Qt/labs/settings) by extension 'python_setup_py'
[0.961s] Level 1:colcon.colcon_core.package_identification:_identify(qml/Qt/labs/sharedimage) by extensions ['ignore', 'ignore_ament_install']
[0.961s] Level 1:colcon.colcon_core.package_identification:_identify(qml/Qt/labs/sharedimage) by extension 'ignore'
[0.961s] Level 1:colcon.colcon_core.package_identification:_identify(qml/Qt/labs/sharedimage) by extension 'ignore_ament_install'
[0.961s] Level 1:colcon.colcon_core.package_identification:_identify(qml/Qt/labs/sharedimage) by extensions ['colcon_pkg']
[0.962s] Level 1:colcon.colcon_core.package_identification:_identify(qml/Qt/labs/sharedimage) by extension 'colcon_pkg'
[0.962s] Level 1:colcon.colcon_core.package_identification:_identify(qml/Qt/labs/sharedimage) by extensions ['colcon_meta']
[0.962s] Level 1:colcon.colcon_core.package_identification:_identify(qml/Qt/labs/sharedimage) by extension 'colcon_meta'
[0.962s] Level 1:colcon.colcon_core.package_identification:_identify(qml/Qt/labs/sharedimage) by extensions ['ros']
[0.962s] Level 1:colcon.colcon_core.package_identification:_identify(qml/Qt/labs/sharedimage) by extension 'ros'
[0.962s] Level 1:colcon.colcon_core.package_identification:_identify(qml/Qt/labs/sharedimage) by extensions ['cmake', 'python']
[0.962s] Level 1:colcon.colcon_core.package_identification:_identify(qml/Qt/labs/sharedimage) by extension 'cmake'
[0.962s] Level 1:colcon.colcon_core.package_identification:_identify(qml/Qt/labs/sharedimage) by extension 'python'
[0.962s] Level 1:colcon.colcon_core.package_identification:_identify(qml/Qt/labs/sharedimage) by extensions ['python_setup_py']
[0.962s] Level 1:colcon.colcon_core.package_identification:_identify(qml/Qt/labs/sharedimage) by extension 'python_setup_py'
[0.962s] Level 1:colcon.colcon_core.package_identification:_identify(qml/Qt/labs/wavefrontmesh) by extensions ['ignore', 'ignore_ament_install']
[0.962s] Level 1:colcon.colcon_core.package_identification:_identify(qml/Qt/labs/wavefrontmesh) by extension 'ignore'
[0.962s] Level 1:colcon.colcon_core.package_identification:_identify(qml/Qt/labs/wavefrontmesh) by extension 'ignore_ament_install'
[0.963s] Level 1:colcon.colcon_core.package_identification:_identify(qml/Qt/labs/wavefrontmesh) by extensions ['colcon_pkg']
[0.963s] Level 1:colcon.colcon_core.package_identification:_identify(qml/Qt/labs/wavefrontmesh) by extension 'colcon_pkg'
[0.963s] Level 1:colcon.colcon_core.package_identification:_identify(qml/Qt/labs/wavefrontmesh) by extensions ['colcon_meta']
[0.963s] Level 1:colcon.colcon_core.package_identification:_identify(qml/Qt/labs/wavefrontmesh) by extension 'colcon_meta'
[0.963s] Level 1:colcon.colcon_core.package_identification:_identify(qml/Qt/labs/wavefrontmesh) by extensions ['ros']
[0.963s] Level 1:colcon.colcon_core.package_identification:_identify(qml/Qt/labs/wavefrontmesh) by extension 'ros'
[0.963s] Level 1:colcon.colcon_core.package_identification:_identify(qml/Qt/labs/wavefrontmesh) by extensions ['cmake', 'python']
[0.963s] Level 1:colcon.colcon_core.package_identification:_identify(qml/Qt/labs/wavefrontmesh) by extension 'cmake'
[0.963s] Level 1:colcon.colcon_core.package_identification:_identify(qml/Qt/labs/wavefrontmesh) by extension 'python'
[0.963s] Level 1:colcon.colcon_core.package_identification:_identify(qml/Qt/labs/wavefrontmesh) by extensions ['python_setup_py']
[0.963s] Level 1:colcon.colcon_core.package_identification:_identify(qml/Qt/labs/wavefrontmesh) by extension 'python_setup_py'
[0.964s] Level 1:colcon.colcon_core.package_identification:_identify(qml/Qt3D) by extensions ['ignore', 'ignore_ament_install']
[0.964s] Level 1:colcon.colcon_core.package_identification:_identify(qml/Qt3D) by extension 'ignore'
[0.964s] Level 1:colcon.colcon_core.package_identification:_identify(qml/Qt3D) by extension 'ignore_ament_install'
[0.964s] Level 1:colcon.colcon_core.package_identification:_identify(qml/Qt3D) by extensions ['colcon_pkg']
[0.964s] Level 1:colcon.colcon_core.package_identification:_identify(qml/Qt3D) by extension 'colcon_pkg'
[0.964s] Level 1:colcon.colcon_core.package_identification:_identify(qml/Qt3D) by extensions ['colcon_meta']
[0.964s] Level 1:colcon.colcon_core.package_identification:_identify(qml/Qt3D) by extension 'colcon_meta'
[0.964s] Level 1:colcon.colcon_core.package_identification:_identify(qml/Qt3D) by extensions ['ros']
[0.964s] Level 1:colcon.colcon_core.package_identification:_identify(qml/Qt3D) by extension 'ros'
[0.964s] Level 1:colcon.colcon_core.package_identification:_identify(qml/Qt3D) by extensions ['cmake', 'python']
[0.964s] Level 1:colcon.colcon_core.package_identification:_identify(qml/Qt3D) by extension 'cmake'
[0.964s] Level 1:colcon.colcon_core.package_identification:_identify(qml/Qt3D) by extension 'python'
[0.965s] Level 1:colcon.colcon_core.package_identification:_identify(qml/Qt3D) by extensions ['python_setup_py']
[0.965s] Level 1:colcon.colcon_core.package_identification:_identify(qml/Qt3D) by extension 'python_setup_py'
[0.965s] Level 1:colcon.colcon_core.package_identification:_identify(qml/Qt3D/Animation) by extensions ['ignore', 'ignore_ament_install']
[0.965s] Level 1:colcon.colcon_core.package_identification:_identify(qml/Qt3D/Animation) by extension 'ignore'
[0.965s] Level 1:colcon.colcon_core.package_identification:_identify(qml/Qt3D/Animation) by extension 'ignore_ament_install'
[0.965s] Level 1:colcon.colcon_core.package_identification:_identify(qml/Qt3D/Animation) by extensions ['colcon_pkg']
[0.965s] Level 1:colcon.colcon_core.package_identification:_identify(qml/Qt3D/Animation) by extension 'colcon_pkg'
[0.965s] Level 1:colcon.colcon_core.package_identification:_identify(qml/Qt3D/Animation) by extensions ['colcon_meta']
[0.965s] Level 1:colcon.colcon_core.package_identification:_identify(qml/Qt3D/Animation) by extension 'colcon_meta'
[0.965s] Level 1:colcon.colcon_core.package_identification:_identify(qml/Qt3D/Animation) by extensions ['ros']
[0.965s] Level 1:colcon.colcon_core.package_identification:_identify(qml/Qt3D/Animation) by extension 'ros'
[0.965s] Level 1:colcon.colcon_core.package_identification:_identify(qml/Qt3D/Animation) by extensions ['cmake', 'python']
[0.966s] Level 1:colcon.colcon_core.package_identification:_identify(qml/Qt3D/Animation) by extension 'cmake'
[0.966s] Level 1:colcon.colcon_core.package_identification:_identify(qml/Qt3D/Animation) by extension 'python'
[0.966s] Level 1:colcon.colcon_core.package_identification:_identify(qml/Qt3D/Animation) by extensions ['python_setup_py']
[0.966s] Level 1:colcon.colcon_core.package_identification:_identify(qml/Qt3D/Animation) by extension 'python_setup_py'
[0.966s] Level 1:colcon.colcon_core.package_identification:_identify(qml/Qt3D/Core) by extensions ['ignore', 'ignore_ament_install']
[0.966s] Level 1:colcon.colcon_core.package_identification:_identify(qml/Qt3D/Core) by extension 'ignore'
[0.966s] Level 1:colcon.colcon_core.package_identification:_identify(qml/Qt3D/Core) by extension 'ignore_ament_install'
[0.967s] Level 1:colcon.colcon_core.package_identification:_identify(qml/Qt3D/Core) by extensions ['colcon_pkg']
[0.967s] Level 1:colcon.colcon_core.package_identification:_identify(qml/Qt3D/Core) by extension 'colcon_pkg'
[0.967s] Level 1:colcon.colcon_core.package_identification:_identify(qml/Qt3D/Core) by extensions ['colcon_meta']
[0.967s] Level 1:colcon.colcon_core.package_identification:_identify(qml/Qt3D/Core) by extension 'colcon_meta'
[0.967s] Level 1:colcon.colcon_core.package_identification:_identify(qml/Qt3D/Core) by extensions ['ros']
[0.967s] Level 1:colcon.colcon_core.package_identification:_identify(qml/Qt3D/Core) by extension 'ros'
[0.967s] Level 1:colcon.colcon_core.package_identification:_identify(qml/Qt3D/Core) by extensions ['cmake', 'python']
[0.967s] Level 1:colcon.colcon_core.package_identification:_identify(qml/Qt3D/Core) by extension 'cmake'
[0.967s] Level 1:colcon.colcon_core.package_identification:_identify(qml/Qt3D/Core) by extension 'python'
[0.967s] Level 1:colcon.colcon_core.package_identification:_identify(qml/Qt3D/Core) by extensions ['python_setup_py']
[0.967s] Level 1:colcon.colcon_core.package_identification:_identify(qml/Qt3D/Core) by extension 'python_setup_py'
[0.967s] Level 1:colcon.colcon_core.package_identification:_identify(qml/Qt3D/Extras) by extensions ['ignore', 'ignore_ament_install']
[0.968s] Level 1:colcon.colcon_core.package_identification:_identify(qml/Qt3D/Extras) by extension 'ignore'
[0.968s] Level 1:colcon.colcon_core.package_identification:_identify(qml/Qt3D/Extras) by extension 'ignore_ament_install'
[0.968s] Level 1:colcon.colcon_core.package_identification:_identify(qml/Qt3D/Extras) by extensions ['colcon_pkg']
[0.968s] Level 1:colcon.colcon_core.package_identification:_identify(qml/Qt3D/Extras) by extension 'colcon_pkg'
[0.968s] Level 1:colcon.colcon_core.package_identification:_identify(qml/Qt3D/Extras) by extensions ['colcon_meta']
[0.968s] Level 1:colcon.colcon_core.package_identification:_identify(qml/Qt3D/Extras) by extension 'colcon_meta'
[0.968s] Level 1:colcon.colcon_core.package_identification:_identify(qml/Qt3D/Extras) by extensions ['ros']
[0.968s] Level 1:colcon.colcon_core.package_identification:_identify(qml/Qt3D/Extras) by extension 'ros'
[0.968s] Level 1:colcon.colcon_core.package_identification:_identify(qml/Qt3D/Extras) by extensions ['cmake', 'python']
[0.968s] Level 1:colcon.colcon_core.package_identification:_identify(qml/Qt3D/Extras) by extension 'cmake'
[0.968s] Level 1:colcon.colcon_core.package_identification:_identify(qml/Qt3D/Extras) by extension 'python'
[0.968s] Level 1:colcon.colcon_core.package_identification:_identify(qml/Qt3D/Extras) by extensions ['python_setup_py']
[0.968s] Level 1:colcon.colcon_core.package_identification:_identify(qml/Qt3D/Extras) by extension 'python_setup_py'
[0.968s] Level 1:colcon.colcon_core.package_identification:_identify(qml/Qt3D/Input) by extensions ['ignore', 'ignore_ament_install']
[0.969s] Level 1:colcon.colcon_core.package_identification:_identify(qml/Qt3D/Input) by extension 'ignore'
[0.969s] Level 1:colcon.colcon_core.package_identification:_identify(qml/Qt3D/Input) by extension 'ignore_ament_install'
[0.969s] Level 1:colcon.colcon_core.package_identification:_identify(qml/Qt3D/Input) by extensions ['colcon_pkg']
[0.969s] Level 1:colcon.colcon_core.package_identification:_identify(qml/Qt3D/Input) by extension 'colcon_pkg'
[0.969s] Level 1:colcon.colcon_core.package_identification:_identify(qml/Qt3D/Input) by extensions ['colcon_meta']
[0.969s] Level 1:colcon.colcon_core.package_identification:_identify(qml/Qt3D/Input) by extension 'colcon_meta'
[0.969s] Level 1:colcon.colcon_core.package_identification:_identify(qml/Qt3D/Input) by extensions ['ros']
[0.969s] Level 1:colcon.colcon_core.package_identification:_identify(qml/Qt3D/Input) by extension 'ros'
[0.969s] Level 1:colcon.colcon_core.package_identification:_identify(qml/Qt3D/Input) by extensions ['cmake', 'python']
[0.969s] Level 1:colcon.colcon_core.package_identification:_identify(qml/Qt3D/Input) by extension 'cmake'
[0.969s] Level 1:colcon.colcon_core.package_identification:_identify(qml/Qt3D/Input) by extension 'python'
[0.969s] Level 1:colcon.colcon_core.package_identification:_identify(qml/Qt3D/Input) by extensions ['python_setup_py']
[0.970s] Level 1:colcon.colcon_core.package_identification:_identify(qml/Qt3D/Input) by extension 'python_setup_py'
[0.970s] Level 1:colcon.colcon_core.package_identification:_identify(qml/Qt3D/Logic) by extensions ['ignore', 'ignore_ament_install']
[0.970s] Level 1:colcon.colcon_core.package_identification:_identify(qml/Qt3D/Logic) by extension 'ignore'
[0.970s] Level 1:colcon.colcon_core.package_identification:_identify(qml/Qt3D/Logic) by extension 'ignore_ament_install'
[0.970s] Level 1:colcon.colcon_core.package_identification:_identify(qml/Qt3D/Logic) by extensions ['colcon_pkg']
[0.970s] Level 1:colcon.colcon_core.package_identification:_identify(qml/Qt3D/Logic) by extension 'colcon_pkg'
[0.970s] Level 1:colcon.colcon_core.package_identification:_identify(qml/Qt3D/Logic) by extensions ['colcon_meta']
[0.970s] Level 1:colcon.colcon_core.package_identification:_identify(qml/Qt3D/Logic) by extension 'colcon_meta'
[0.970s] Level 1:colcon.colcon_core.package_identification:_identify(qml/Qt3D/Logic) by extensions ['ros']
[0.970s] Level 1:colcon.colcon_core.package_identification:_identify(qml/Qt3D/Logic) by extension 'ros'
[0.970s] Level 1:colcon.colcon_core.package_identification:_identify(qml/Qt3D/Logic) by extensions ['cmake', 'python']
[0.970s] Level 1:colcon.colcon_core.package_identification:_identify(qml/Qt3D/Logic) by extension 'cmake'
[0.970s] Level 1:colcon.colcon_core.package_identification:_identify(qml/Qt3D/Logic) by extension 'python'
[0.970s] Level 1:colcon.colcon_core.package_identification:_identify(qml/Qt3D/Logic) by extensions ['python_setup_py']
[0.970s] Level 1:colcon.colcon_core.package_identification:_identify(qml/Qt3D/Logic) by extension 'python_setup_py'
[0.971s] Level 1:colcon.colcon_core.package_identification:_identify(qml/Qt3D/Render) by extensions ['ignore', 'ignore_ament_install']
[0.971s] Level 1:colcon.colcon_core.package_identification:_identify(qml/Qt3D/Render) by extension 'ignore'
[0.971s] Level 1:colcon.colcon_core.package_identification:_identify(qml/Qt3D/Render) by extension 'ignore_ament_install'
[0.971s] Level 1:colcon.colcon_core.package_identification:_identify(qml/Qt3D/Render) by extensions ['colcon_pkg']
[0.971s] Level 1:colcon.colcon_core.package_identification:_identify(qml/Qt3D/Render) by extension 'colcon_pkg'
[0.971s] Level 1:colcon.colcon_core.package_identification:_identify(qml/Qt3D/Render) by extensions ['colcon_meta']
[0.971s] Level 1:colcon.colcon_core.package_identification:_identify(qml/Qt3D/Render) by extension 'colcon_meta'
[0.971s] Level 1:colcon.colcon_core.package_identification:_identify(qml/Qt3D/Render) by extensions ['ros']
[0.971s] Level 1:colcon.colcon_core.package_identification:_identify(qml/Qt3D/Render) by extension 'ros'
[0.971s] Level 1:colcon.colcon_core.package_identification:_identify(qml/Qt3D/Render) by extensions ['cmake', 'python']
[0.971s] Level 1:colcon.colcon_core.package_identification:_identify(qml/Qt3D/Render) by extension 'cmake'
[0.971s] Level 1:colcon.colcon_core.package_identification:_identify(qml/Qt3D/Render) by extension 'python'
[0.971s] Level 1:colcon.colcon_core.package_identification:_identify(qml/Qt3D/Render) by extensions ['python_setup_py']
[0.972s] Level 1:colcon.colcon_core.package_identification:_identify(qml/Qt3D/Render) by extension 'python_setup_py'
[0.972s] Level 1:colcon.colcon_core.package_identification:_identify(qml/QtBluetooth) by extensions ['ignore', 'ignore_ament_install']
[0.972s] Level 1:colcon.colcon_core.package_identification:_identify(qml/QtBluetooth) by extension 'ignore'
[0.972s] Level 1:colcon.colcon_core.package_identification:_identify(qml/QtBluetooth) by extension 'ignore_ament_install'
[0.972s] Level 1:colcon.colcon_core.package_identification:_identify(qml/QtBluetooth) by extensions ['colcon_pkg']
[0.972s] Level 1:colcon.colcon_core.package_identification:_identify(qml/QtBluetooth) by extension 'colcon_pkg'
[0.972s] Level 1:colcon.colcon_core.package_identification:_identify(qml/QtBluetooth) by extensions ['colcon_meta']
[0.972s] Level 1:colcon.colcon_core.package_identification:_identify(qml/QtBluetooth) by extension 'colcon_meta'
[0.972s] Level 1:colcon.colcon_core.package_identification:_identify(qml/QtBluetooth) by extensions ['ros']
[0.972s] Level 1:colcon.colcon_core.package_identification:_identify(qml/QtBluetooth) by extension 'ros'
[0.973s] Level 1:colcon.colcon_core.package_identification:_identify(qml/QtBluetooth) by extensions ['cmake', 'python']
[0.973s] Level 1:colcon.colcon_core.package_identification:_identify(qml/QtBluetooth) by extension 'cmake'
[0.973s] Level 1:colcon.colcon_core.package_identification:_identify(qml/QtBluetooth) by extension 'python'
[0.973s] Level 1:colcon.colcon_core.package_identification:_identify(qml/QtBluetooth) by extensions ['python_setup_py']
[0.973s] Level 1:colcon.colcon_core.package_identification:_identify(qml/QtBluetooth) by extension 'python_setup_py'
[0.973s] Level 1:colcon.colcon_core.package_identification:_identify(qml/QtCanvas3D) by extensions ['ignore', 'ignore_ament_install']
[0.973s] Level 1:colcon.colcon_core.package_identification:_identify(qml/QtCanvas3D) by extension 'ignore'
[0.973s] Level 1:colcon.colcon_core.package_identification:_identify(qml/QtCanvas3D) by extension 'ignore_ament_install'
[0.973s] Level 1:colcon.colcon_core.package_identification:_identify(qml/QtCanvas3D) by extensions ['colcon_pkg']
[0.973s] Level 1:colcon.colcon_core.package_identification:_identify(qml/QtCanvas3D) by extension 'colcon_pkg'
[0.973s] Level 1:colcon.colcon_core.package_identification:_identify(qml/QtCanvas3D) by extensions ['colcon_meta']
[0.973s] Level 1:colcon.colcon_core.package_identification:_identify(qml/QtCanvas3D) by extension 'colcon_meta'
[0.973s] Level 1:colcon.colcon_core.package_identification:_identify(qml/QtCanvas3D) by extensions ['ros']
[0.973s] Level 1:colcon.colcon_core.package_identification:_identify(qml/QtCanvas3D) by extension 'ros'
[0.974s] Level 1:colcon.colcon_core.package_identification:_identify(qml/QtCanvas3D) by extensions ['cmake', 'python']
[0.974s] Level 1:colcon.colcon_core.package_identification:_identify(qml/QtCanvas3D) by extension 'cmake'
[0.974s] Level 1:colcon.colcon_core.package_identification:_identify(qml/QtCanvas3D) by extension 'python'
[0.974s] Level 1:colcon.colcon_core.package_identification:_identify(qml/QtCanvas3D) by extensions ['python_setup_py']
[0.974s] Level 1:colcon.colcon_core.package_identification:_identify(qml/QtCanvas3D) by extension 'python_setup_py'
[0.974s] Level 1:colcon.colcon_core.package_identification:_identify(qml/QtGamepad) by extensions ['ignore', 'ignore_ament_install']
[0.974s] Level 1:colcon.colcon_core.package_identification:_identify(qml/QtGamepad) by extension 'ignore'
[0.974s] Level 1:colcon.colcon_core.package_identification:_identify(qml/QtGamepad) by extension 'ignore_ament_install'
[0.975s] Level 1:colcon.colcon_core.package_identification:_identify(qml/QtGamepad) by extensions ['colcon_pkg']
[0.975s] Level 1:colcon.colcon_core.package_identification:_identify(qml/QtGamepad) by extension 'colcon_pkg'
[0.975s] Level 1:colcon.colcon_core.package_identification:_identify(qml/QtGamepad) by extensions ['colcon_meta']
[0.975s] Level 1:colcon.colcon_core.package_identification:_identify(qml/QtGamepad) by extension 'colcon_meta'
[0.975s] Level 1:colcon.colcon_core.package_identification:_identify(qml/QtGamepad) by extensions ['ros']
[0.975s] Level 1:colcon.colcon_core.package_identification:_identify(qml/QtGamepad) by extension 'ros'
[0.975s] Level 1:colcon.colcon_core.package_identification:_identify(qml/QtGamepad) by extensions ['cmake', 'python']
[0.975s] Level 1:colcon.colcon_core.package_identification:_identify(qml/QtGamepad) by extension 'cmake'
[0.975s] Level 1:colcon.colcon_core.package_identification:_identify(qml/QtGamepad) by extension 'python'
[0.975s] Level 1:colcon.colcon_core.package_identification:_identify(qml/QtGamepad) by extensions ['python_setup_py']
[0.975s] Level 1:colcon.colcon_core.package_identification:_identify(qml/QtGamepad) by extension 'python_setup_py'
[0.975s] Level 1:colcon.colcon_core.package_identification:_identify(qml/QtGraphicalEffects) by extensions ['ignore', 'ignore_ament_install']
[0.976s] Level 1:colcon.colcon_core.package_identification:_identify(qml/QtGraphicalEffects) by extension 'ignore'
[0.976s] Level 1:colcon.colcon_core.package_identification:_identify(qml/QtGraphicalEffects) by extension 'ignore_ament_install'
[0.976s] Level 1:colcon.colcon_core.package_identification:_identify(qml/QtGraphicalEffects) by extensions ['colcon_pkg']
[0.976s] Level 1:colcon.colcon_core.package_identification:_identify(qml/QtGraphicalEffects) by extension 'colcon_pkg'
[0.976s] Level 1:colcon.colcon_core.package_identification:_identify(qml/QtGraphicalEffects) by extensions ['colcon_meta']
[0.976s] Level 1:colcon.colcon_core.package_identification:_identify(qml/QtGraphicalEffects) by extension 'colcon_meta'
[0.976s] Level 1:colcon.colcon_core.package_identification:_identify(qml/QtGraphicalEffects) by extensions ['ros']
[0.976s] Level 1:colcon.colcon_core.package_identification:_identify(qml/QtGraphicalEffects) by extension 'ros'
[0.976s] Level 1:colcon.colcon_core.package_identification:_identify(qml/QtGraphicalEffects) by extensions ['cmake', 'python']
[0.976s] Level 1:colcon.colcon_core.package_identification:_identify(qml/QtGraphicalEffects) by extension 'cmake'
[0.976s] Level 1:colcon.colcon_core.package_identification:_identify(qml/QtGraphicalEffects) by extension 'python'
[0.976s] Level 1:colcon.colcon_core.package_identification:_identify(qml/QtGraphicalEffects) by extensions ['python_setup_py']
[0.976s] Level 1:colcon.colcon_core.package_identification:_identify(qml/QtGraphicalEffects) by extension 'python_setup_py'
[0.976s] Level 1:colcon.colcon_core.package_identification:_identify(qml/QtGraphicalEffects/private) by extensions ['ignore', 'ignore_ament_install']
[0.977s] Level 1:colcon.colcon_core.package_identification:_identify(qml/QtGraphicalEffects/private) by extension 'ignore'
[0.977s] Level 1:colcon.colcon_core.package_identification:_identify(qml/QtGraphicalEffects/private) by extension 'ignore_ament_install'
[0.977s] Level 1:colcon.colcon_core.package_identification:_identify(qml/QtGraphicalEffects/private) by extensions ['colcon_pkg']
[0.977s] Level 1:colcon.colcon_core.package_identification:_identify(qml/QtGraphicalEffects/private) by extension 'colcon_pkg'
[0.977s] Level 1:colcon.colcon_core.package_identification:_identify(qml/QtGraphicalEffects/private) by extensions ['colcon_meta']
[0.977s] Level 1:colcon.colcon_core.package_identification:_identify(qml/QtGraphicalEffects/private) by extension 'colcon_meta'
[0.977s] Level 1:colcon.colcon_core.package_identification:_identify(qml/QtGraphicalEffects/private) by extensions ['ros']
[0.977s] Level 1:colcon.colcon_core.package_identification:_identify(qml/QtGraphicalEffects/private) by extension 'ros'
[0.977s] Level 1:colcon.colcon_core.package_identification:_identify(qml/QtGraphicalEffects/private) by extensions ['cmake', 'python']
[0.977s] Level 1:colcon.colcon_core.package_identification:_identify(qml/QtGraphicalEffects/private) by extension 'cmake'
[0.977s] Level 1:colcon.colcon_core.package_identification:_identify(qml/QtGraphicalEffects/private) by extension 'python'
[0.977s] Level 1:colcon.colcon_core.package_identification:_identify(qml/QtGraphicalEffects/private) by extensions ['python_setup_py']
[0.977s] Level 1:colcon.colcon_core.package_identification:_identify(qml/QtGraphicalEffects/private) by extension 'python_setup_py'
[0.977s] Level 1:colcon.colcon_core.package_identification:_identify(qml/QtLocation) by extensions ['ignore', 'ignore_ament_install']
[0.978s] Level 1:colcon.colcon_core.package_identification:_identify(qml/QtLocation) by extension 'ignore'
[0.978s] Level 1:colcon.colcon_core.package_identification:_identify(qml/QtLocation) by extension 'ignore_ament_install'
[0.979s] Level 1:colcon.colcon_core.package_identification:_identify(qml/QtLocation) by extensions ['colcon_pkg']
[0.979s] Level 1:colcon.colcon_core.package_identification:_identify(qml/QtLocation) by extension 'colcon_pkg'
[0.979s] Level 1:colcon.colcon_core.package_identification:_identify(qml/QtLocation) by extensions ['colcon_meta']
[0.979s] Level 1:colcon.colcon_core.package_identification:_identify(qml/QtLocation) by extension 'colcon_meta'
[0.979s] Level 1:colcon.colcon_core.package_identification:_identify(qml/QtLocation) by extensions ['ros']
[0.979s] Level 1:colcon.colcon_core.package_identification:_identify(qml/QtLocation) by extension 'ros'
[0.979s] Level 1:colcon.colcon_core.package_identification:_identify(qml/QtLocation) by extensions ['cmake', 'python']
[0.979s] Level 1:colcon.colcon_core.package_identification:_identify(qml/QtLocation) by extension 'cmake'
[0.980s] Level 1:colcon.colcon_core.package_identification:_identify(qml/QtLocation) by extension 'python'
[0.980s] Level 1:colcon.colcon_core.package_identification:_identify(qml/QtLocation) by extensions ['python_setup_py']
[0.980s] Level 1:colcon.colcon_core.package_identification:_identify(qml/QtLocation) by extension 'python_setup_py'
[0.980s] Level 1:colcon.colcon_core.package_identification:_identify(qml/QtMultimedia) by extensions ['ignore', 'ignore_ament_install']
[0.980s] Level 1:colcon.colcon_core.package_identification:_identify(qml/QtMultimedia) by extension 'ignore'
[0.980s] Level 1:colcon.colcon_core.package_identification:_identify(qml/QtMultimedia) by extension 'ignore_ament_install'
[0.980s] Level 1:colcon.colcon_core.package_identification:_identify(qml/QtMultimedia) by extensions ['colcon_pkg']
[0.980s] Level 1:colcon.colcon_core.package_identification:_identify(qml/QtMultimedia) by extension 'colcon_pkg'
[0.980s] Level 1:colcon.colcon_core.package_identification:_identify(qml/QtMultimedia) by extensions ['colcon_meta']
[0.980s] Level 1:colcon.colcon_core.package_identification:_identify(qml/QtMultimedia) by extension 'colcon_meta'
[0.981s] Level 1:colcon.colcon_core.package_identification:_identify(qml/QtMultimedia) by extensions ['ros']
[0.981s] Level 1:colcon.colcon_core.package_identification:_identify(qml/QtMultimedia) by extension 'ros'
[0.981s] Level 1:colcon.colcon_core.package_identification:_identify(qml/QtMultimedia) by extensions ['cmake', 'python']
[0.981s] Level 1:colcon.colcon_core.package_identification:_identify(qml/QtMultimedia) by extension 'cmake'
[0.981s] Level 1:colcon.colcon_core.package_identification:_identify(qml/QtMultimedia) by extension 'python'
[0.981s] Level 1:colcon.colcon_core.package_identification:_identify(qml/QtMultimedia) by extensions ['python_setup_py']
[0.981s] Level 1:colcon.colcon_core.package_identification:_identify(qml/QtMultimedia) by extension 'python_setup_py'
[0.981s] Level 1:colcon.colcon_core.package_identification:_identify(qml/QtNfc) by extensions ['ignore', 'ignore_ament_install']
[0.981s] Level 1:colcon.colcon_core.package_identification:_identify(qml/QtNfc) by extension 'ignore'
[0.981s] Level 1:colcon.colcon_core.package_identification:_identify(qml/QtNfc) by extension 'ignore_ament_install'
[0.981s] Level 1:colcon.colcon_core.package_identification:_identify(qml/QtNfc) by extensions ['colcon_pkg']
[0.981s] Level 1:colcon.colcon_core.package_identification:_identify(qml/QtNfc) by extension 'colcon_pkg'
[0.981s] Level 1:colcon.colcon_core.package_identification:_identify(qml/QtNfc) by extensions ['colcon_meta']
[0.982s] Level 1:colcon.colcon_core.package_identification:_identify(qml/QtNfc) by extension 'colcon_meta'
[0.982s] Level 1:colcon.colcon_core.package_identification:_identify(qml/QtNfc) by extensions ['ros']
[0.982s] Level 1:colcon.colcon_core.package_identification:_identify(qml/QtNfc) by extension 'ros'
[0.982s] Level 1:colcon.colcon_core.package_identification:_identify(qml/QtNfc) by extensions ['cmake', 'python']
[0.982s] Level 1:colcon.colcon_core.package_identification:_identify(qml/QtNfc) by extension 'cmake'
[0.982s] Level 1:colcon.colcon_core.package_identification:_identify(qml/QtNfc) by extension 'python'
[0.982s] Level 1:colcon.colcon_core.package_identification:_identify(qml/QtNfc) by extensions ['python_setup_py']
[0.982s] Level 1:colcon.colcon_core.package_identification:_identify(qml/QtNfc) by extension 'python_setup_py'
[0.982s] Level 1:colcon.colcon_core.package_identification:_identify(qml/QtPositioning) by extensions ['ignore', 'ignore_ament_install']
[0.983s] Level 1:colcon.colcon_core.package_identification:_identify(qml/QtPositioning) by extension 'ignore'
[0.983s] Level 1:colcon.colcon_core.package_identification:_identify(qml/QtPositioning) by extension 'ignore_ament_install'
[0.983s] Level 1:colcon.colcon_core.package_identification:_identify(qml/QtPositioning) by extensions ['colcon_pkg']
[0.983s] Level 1:colcon.colcon_core.package_identification:_identify(qml/QtPositioning) by extension 'colcon_pkg'
[0.983s] Level 1:colcon.colcon_core.package_identification:_identify(qml/QtPositioning) by extensions ['colcon_meta']
[0.983s] Level 1:colcon.colcon_core.package_identification:_identify(qml/QtPositioning) by extension 'colcon_meta'
[0.983s] Level 1:colcon.colcon_core.package_identification:_identify(qml/QtPositioning) by extensions ['ros']
[0.983s] Level 1:colcon.colcon_core.package_identification:_identify(qml/QtPositioning) by extension 'ros'
[0.983s] Level 1:colcon.colcon_core.package_identification:_identify(qml/QtPositioning) by extensions ['cmake', 'python']
[0.984s] Level 1:colcon.colcon_core.package_identification:_identify(qml/QtPositioning) by extension 'cmake'
[0.984s] Level 1:colcon.colcon_core.package_identification:_identify(qml/QtPositioning) by extension 'python'
[0.984s] Level 1:colcon.colcon_core.package_identification:_identify(qml/QtPositioning) by extensions ['python_setup_py']
[0.984s] Level 1:colcon.colcon_core.package_identification:_identify(qml/QtPositioning) by extension 'python_setup_py'
[0.984s] Level 1:colcon.colcon_core.package_identification:_identify(qml/QtQml) by extensions ['ignore', 'ignore_ament_install']
[0.984s] Level 1:colcon.colcon_core.package_identification:_identify(qml/QtQml) by extension 'ignore'
[0.985s] Level 1:colcon.colcon_core.package_identification:_identify(qml/QtQml) by extension 'ignore_ament_install'
[0.985s] Level 1:colcon.colcon_core.package_identification:_identify(qml/QtQml) by extensions ['colcon_pkg']
[0.985s] Level 1:colcon.colcon_core.package_identification:_identify(qml/QtQml) by extension 'colcon_pkg'
[0.985s] Level 1:colcon.colcon_core.package_identification:_identify(qml/QtQml) by extensions ['colcon_meta']
[0.985s] Level 1:colcon.colcon_core.package_identification:_identify(qml/QtQml) by extension 'colcon_meta'
[0.985s] Level 1:colcon.colcon_core.package_identification:_identify(qml/QtQml) by extensions ['ros']
[0.985s] Level 1:colcon.colcon_core.package_identification:_identify(qml/QtQml) by extension 'ros'
[0.985s] Level 1:colcon.colcon_core.package_identification:_identify(qml/QtQml) by extensions ['cmake', 'python']
[0.985s] Level 1:colcon.colcon_core.package_identification:_identify(qml/QtQml) by extension 'cmake'
[0.985s] Level 1:colcon.colcon_core.package_identification:_identify(qml/QtQml) by extension 'python'
[0.985s] Level 1:colcon.colcon_core.package_identification:_identify(qml/QtQml) by extensions ['python_setup_py']
[0.985s] Level 1:colcon.colcon_core.package_identification:_identify(qml/QtQml) by extension 'python_setup_py'
[0.986s] Level 1:colcon.colcon_core.package_identification:_identify(qml/QtQml/Models.2) by extensions ['ignore', 'ignore_ament_install']
[0.986s] Level 1:colcon.colcon_core.package_identification:_identify(qml/QtQml/Models.2) by extension 'ignore'
[0.986s] Level 1:colcon.colcon_core.package_identification:_identify(qml/QtQml/Models.2) by extension 'ignore_ament_install'
[0.986s] Level 1:colcon.colcon_core.package_identification:_identify(qml/QtQml/Models.2) by extensions ['colcon_pkg']
[0.986s] Level 1:colcon.colcon_core.package_identification:_identify(qml/QtQml/Models.2) by extension 'colcon_pkg'
[0.986s] Level 1:colcon.colcon_core.package_identification:_identify(qml/QtQml/Models.2) by extensions ['colcon_meta']
[0.986s] Level 1:colcon.colcon_core.package_identification:_identify(qml/QtQml/Models.2) by extension 'colcon_meta'
[0.986s] Level 1:colcon.colcon_core.package_identification:_identify(qml/QtQml/Models.2) by extensions ['ros']
[0.986s] Level 1:colcon.colcon_core.package_identification:_identify(qml/QtQml/Models.2) by extension 'ros'
[0.986s] Level 1:colcon.colcon_core.package_identification:_identify(qml/QtQml/Models.2) by extensions ['cmake', 'python']
[0.987s] Level 1:colcon.colcon_core.package_identification:_identify(qml/QtQml/Models.2) by extension 'cmake'
[0.987s] Level 1:colcon.colcon_core.package_identification:_identify(qml/QtQml/Models.2) by extension 'python'
[0.987s] Level 1:colcon.colcon_core.package_identification:_identify(qml/QtQml/Models.2) by extensions ['python_setup_py']
[0.987s] Level 1:colcon.colcon_core.package_identification:_identify(qml/QtQml/Models.2) by extension 'python_setup_py'
[0.987s] Level 1:colcon.colcon_core.package_identification:_identify(qml/QtQml/RemoteObjects) by extensions ['ignore', 'ignore_ament_install']
[0.987s] Level 1:colcon.colcon_core.package_identification:_identify(qml/QtQml/RemoteObjects) by extension 'ignore'
[0.987s] Level 1:colcon.colcon_core.package_identification:_identify(qml/QtQml/RemoteObjects) by extension 'ignore_ament_install'
[0.987s] Level 1:colcon.colcon_core.package_identification:_identify(qml/QtQml/RemoteObjects) by extensions ['colcon_pkg']
[0.987s] Level 1:colcon.colcon_core.package_identification:_identify(qml/QtQml/RemoteObjects) by extension 'colcon_pkg'
[0.987s] Level 1:colcon.colcon_core.package_identification:_identify(qml/QtQml/RemoteObjects) by extensions ['colcon_meta']
[0.987s] Level 1:colcon.colcon_core.package_identification:_identify(qml/QtQml/RemoteObjects) by extension 'colcon_meta'
[0.987s] Level 1:colcon.colcon_core.package_identification:_identify(qml/QtQml/RemoteObjects) by extensions ['ros']
[0.987s] Level 1:colcon.colcon_core.package_identification:_identify(qml/QtQml/RemoteObjects) by extension 'ros'
[0.987s] Level 1:colcon.colcon_core.package_identification:_identify(qml/QtQml/RemoteObjects) by extensions ['cmake', 'python']
[0.987s] Level 1:colcon.colcon_core.package_identification:_identify(qml/QtQml/RemoteObjects) by extension 'cmake'
[0.987s] Level 1:colcon.colcon_core.package_identification:_identify(qml/QtQml/RemoteObjects) by extension 'python'
[0.987s] Level 1:colcon.colcon_core.package_identification:_identify(qml/QtQml/RemoteObjects) by extensions ['python_setup_py']
[0.988s] Level 1:colcon.colcon_core.package_identification:_identify(qml/QtQml/RemoteObjects) by extension 'python_setup_py'
[0.988s] Level 1:colcon.colcon_core.package_identification:_identify(qml/QtQml/StateMachine) by extensions ['ignore', 'ignore_ament_install']
[0.988s] Level 1:colcon.colcon_core.package_identification:_identify(qml/QtQml/StateMachine) by extension 'ignore'
[0.988s] Level 1:colcon.colcon_core.package_identification:_identify(qml/QtQml/StateMachine) by extension 'ignore_ament_install'
[0.988s] Level 1:colcon.colcon_core.package_identification:_identify(qml/QtQml/StateMachine) by extensions ['colcon_pkg']
[0.988s] Level 1:colcon.colcon_core.package_identification:_identify(qml/QtQml/StateMachine) by extension 'colcon_pkg'
[0.988s] Level 1:colcon.colcon_core.package_identification:_identify(qml/QtQml/StateMachine) by extensions ['colcon_meta']
[0.988s] Level 1:colcon.colcon_core.package_identification:_identify(qml/QtQml/StateMachine) by extension 'colcon_meta'
[0.988s] Level 1:colcon.colcon_core.package_identification:_identify(qml/QtQml/StateMachine) by extensions ['ros']
[0.988s] Level 1:colcon.colcon_core.package_identification:_identify(qml/QtQml/StateMachine) by extension 'ros'
[0.988s] Level 1:colcon.colcon_core.package_identification:_identify(qml/QtQml/StateMachine) by extensions ['cmake', 'python']
[0.988s] Level 1:colcon.colcon_core.package_identification:_identify(qml/QtQml/StateMachine) by extension 'cmake'
[0.988s] Level 1:colcon.colcon_core.package_identification:_identify(qml/QtQml/StateMachine) by extension 'python'
[0.989s] Level 1:colcon.colcon_core.package_identification:_identify(qml/QtQml/StateMachine) by extensions ['python_setup_py']
[0.989s] Level 1:colcon.colcon_core.package_identification:_identify(qml/QtQml/StateMachine) by extension 'python_setup_py'
[0.989s] Level 1:colcon.colcon_core.package_identification:_identify(qml/QtQuick) by extensions ['ignore', 'ignore_ament_install']
[0.989s] Level 1:colcon.colcon_core.package_identification:_identify(qml/QtQuick) by extension 'ignore'
[0.989s] Level 1:colcon.colcon_core.package_identification:_identify(qml/QtQuick) by extension 'ignore_ament_install'
[0.989s] Level 1:colcon.colcon_core.package_identification:_identify(qml/QtQuick) by extensions ['colcon_pkg']
[0.989s] Level 1:colcon.colcon_core.package_identification:_identify(qml/QtQuick) by extension 'colcon_pkg'
[0.989s] Level 1:colcon.colcon_core.package_identification:_identify(qml/QtQuick) by extensions ['colcon_meta']
[0.989s] Level 1:colcon.colcon_core.package_identification:_identify(qml/QtQuick) by extension 'colcon_meta'
[0.989s] Level 1:colcon.colcon_core.package_identification:_identify(qml/QtQuick) by extensions ['ros']
[0.989s] Level 1:colcon.colcon_core.package_identification:_identify(qml/QtQuick) by extension 'ros'
[0.990s] Level 1:colcon.colcon_core.package_identification:_identify(qml/QtQuick) by extensions ['cmake', 'python']
[0.990s] Level 1:colcon.colcon_core.package_identification:_identify(qml/QtQuick) by extension 'cmake'
[0.990s] Level 1:colcon.colcon_core.package_identification:_identify(qml/QtQuick) by extension 'python'
[0.990s] Level 1:colcon.colcon_core.package_identification:_identify(qml/QtQuick) by extensions ['python_setup_py']
[0.990s] Level 1:colcon.colcon_core.package_identification:_identify(qml/QtQuick) by extension 'python_setup_py'
[0.990s] Level 1:colcon.colcon_core.package_identification:_identify(qml/QtQuick/Controls) by extensions ['ignore', 'ignore_ament_install']
[0.990s] Level 1:colcon.colcon_core.package_identification:_identify(qml/QtQuick/Controls) by extension 'ignore'
[0.990s] Level 1:colcon.colcon_core.package_identification:_identify(qml/QtQuick/Controls) by extension 'ignore_ament_install'
[0.991s] Level 1:colcon.colcon_core.package_identification:_identify(qml/QtQuick/Controls) by extensions ['colcon_pkg']
[0.991s] Level 1:colcon.colcon_core.package_identification:_identify(qml/QtQuick/Controls) by extension 'colcon_pkg'
[0.991s] Level 1:colcon.colcon_core.package_identification:_identify(qml/QtQuick/Controls) by extensions ['colcon_meta']
[0.991s] Level 1:colcon.colcon_core.package_identification:_identify(qml/QtQuick/Controls) by extension 'colcon_meta'
[0.991s] Level 1:colcon.colcon_core.package_identification:_identify(qml/QtQuick/Controls) by extensions ['ros']
[0.991s] Level 1:colcon.colcon_core.package_identification:_identify(qml/QtQuick/Controls) by extension 'ros'
[0.991s] Level 1:colcon.colcon_core.package_identification:_identify(qml/QtQuick/Controls) by extensions ['cmake', 'python']
[0.991s] Level 1:colcon.colcon_core.package_identification:_identify(qml/QtQuick/Controls) by extension 'cmake'
[0.991s] Level 1:colcon.colcon_core.package_identification:_identify(qml/QtQuick/Controls) by extension 'python'
[0.991s] Level 1:colcon.colcon_core.package_identification:_identify(qml/QtQuick/Controls) by extensions ['python_setup_py']
[0.991s] Level 1:colcon.colcon_core.package_identification:_identify(qml/QtQuick/Controls) by extension 'python_setup_py'
[0.991s] Level 1:colcon.colcon_core.package_identification:_identify(qml/QtQuick/Controls/Private) by extensions ['ignore', 'ignore_ament_install']
[0.992s] Level 1:colcon.colcon_core.package_identification:_identify(qml/QtQuick/Controls/Private) by extension 'ignore'
[0.992s] Level 1:colcon.colcon_core.package_identification:_identify(qml/QtQuick/Controls/Private) by extension 'ignore_ament_install'
[0.992s] Level 1:colcon.colcon_core.package_identification:_identify(qml/QtQuick/Controls/Private) by extensions ['colcon_pkg']
[0.992s] Level 1:colcon.colcon_core.package_identification:_identify(qml/QtQuick/Controls/Private) by extension 'colcon_pkg'
[0.992s] Level 1:colcon.colcon_core.package_identification:_identify(qml/QtQuick/Controls/Private) by extensions ['colcon_meta']
[0.992s] Level 1:colcon.colcon_core.package_identification:_identify(qml/QtQuick/Controls/Private) by extension 'colcon_meta'
[0.992s] Level 1:colcon.colcon_core.package_identification:_identify(qml/QtQuick/Controls/Private) by extensions ['ros']
[0.992s] Level 1:colcon.colcon_core.package_identification:_identify(qml/QtQuick/Controls/Private) by extension 'ros'
[0.992s] Level 1:colcon.colcon_core.package_identification:_identify(qml/QtQuick/Controls/Private) by extensions ['cmake', 'python']
[0.992s] Level 1:colcon.colcon_core.package_identification:_identify(qml/QtQuick/Controls/Private) by extension 'cmake'
[0.993s] Level 1:colcon.colcon_core.package_identification:_identify(qml/QtQuick/Controls/Private) by extension 'python'
[0.993s] Level 1:colcon.colcon_core.package_identification:_identify(qml/QtQuick/Controls/Private) by extensions ['python_setup_py']
[0.993s] Level 1:colcon.colcon_core.package_identification:_identify(qml/QtQuick/Controls/Private) by extension 'python_setup_py'
[0.993s] Level 1:colcon.colcon_core.package_identification:_identify(qml/QtQuick/Controls/Styles) by extensions ['ignore', 'ignore_ament_install']
[0.993s] Level 1:colcon.colcon_core.package_identification:_identify(qml/QtQuick/Controls/Styles) by extension 'ignore'
[0.993s] Level 1:colcon.colcon_core.package_identification:_identify(qml/QtQuick/Controls/Styles) by extension 'ignore_ament_install'
[0.993s] Level 1:colcon.colcon_core.package_identification:_identify(qml/QtQuick/Controls/Styles) by extensions ['colcon_pkg']
[0.994s] Level 1:colcon.colcon_core.package_identification:_identify(qml/QtQuick/Controls/Styles) by extension 'colcon_pkg'
[0.994s] Level 1:colcon.colcon_core.package_identification:_identify(qml/QtQuick/Controls/Styles) by extensions ['colcon_meta']
[0.994s] Level 1:colcon.colcon_core.package_identification:_identify(qml/QtQuick/Controls/Styles) by extension 'colcon_meta'
[0.994s] Level 1:colcon.colcon_core.package_identification:_identify(qml/QtQuick/Controls/Styles) by extensions ['ros']
[0.994s] Level 1:colcon.colcon_core.package_identification:_identify(qml/QtQuick/Controls/Styles) by extension 'ros'
[0.994s] Level 1:colcon.colcon_core.package_identification:_identify(qml/QtQuick/Controls/Styles) by extensions ['cmake', 'python']
[0.994s] Level 1:colcon.colcon_core.package_identification:_identify(qml/QtQuick/Controls/Styles) by extension 'cmake'
[0.994s] Level 1:colcon.colcon_core.package_identification:_identify(qml/QtQuick/Controls/Styles) by extension 'python'
[0.995s] Level 1:colcon.colcon_core.package_identification:_identify(qml/QtQuick/Controls/Styles) by extensions ['python_setup_py']
[0.995s] Level 1:colcon.colcon_core.package_identification:_identify(qml/QtQuick/Controls/Styles) by extension 'python_setup_py'
[0.995s] Level 1:colcon.colcon_core.package_identification:_identify(qml/QtQuick/Controls/Styles/Base) by extensions ['ignore', 'ignore_ament_install']
[0.995s] Level 1:colcon.colcon_core.package_identification:_identify(qml/QtQuick/Controls/Styles/Base) by extension 'ignore'
[0.995s] Level 1:colcon.colcon_core.package_identification:_identify(qml/QtQuick/Controls/Styles/Base) by extension 'ignore_ament_install'
[0.995s] Level 1:colcon.colcon_core.package_identification:_identify(qml/QtQuick/Controls/Styles/Base) by extensions ['colcon_pkg']
[0.995s] Level 1:colcon.colcon_core.package_identification:_identify(qml/QtQuick/Controls/Styles/Base) by extension 'colcon_pkg'
[0.995s] Level 1:colcon.colcon_core.package_identification:_identify(qml/QtQuick/Controls/Styles/Base) by extensions ['colcon_meta']
[0.995s] Level 1:colcon.colcon_core.package_identification:_identify(qml/QtQuick/Controls/Styles/Base) by extension 'colcon_meta'
[0.995s] Level 1:colcon.colcon_core.package_identification:_identify(qml/QtQuick/Controls/Styles/Base) by extensions ['ros']
[0.995s] Level 1:colcon.colcon_core.package_identification:_identify(qml/QtQuick/Controls/Styles/Base) by extension 'ros'
[0.996s] Level 1:colcon.colcon_core.package_identification:_identify(qml/QtQuick/Controls/Styles/Base) by extensions ['cmake', 'python']
[0.996s] Level 1:colcon.colcon_core.package_identification:_identify(qml/QtQuick/Controls/Styles/Base) by extension 'cmake'
[0.996s] Level 1:colcon.colcon_core.package_identification:_identify(qml/QtQuick/Controls/Styles/Base) by extension 'python'
[0.996s] Level 1:colcon.colcon_core.package_identification:_identify(qml/QtQuick/Controls/Styles/Base) by extensions ['python_setup_py']
[0.996s] Level 1:colcon.colcon_core.package_identification:_identify(qml/QtQuick/Controls/Styles/Base) by extension 'python_setup_py'
[0.996s] Level 1:colcon.colcon_core.package_identification:_identify(qml/QtQuick/Controls/Styles/Base/images) by extensions ['ignore', 'ignore_ament_install']
[0.996s] Level 1:colcon.colcon_core.package_identification:_identify(qml/QtQuick/Controls/Styles/Base/images) by extension 'ignore'
[0.996s] Level 1:colcon.colcon_core.package_identification:_identify(qml/QtQuick/Controls/Styles/Base/images) by extension 'ignore_ament_install'
[0.997s] Level 1:colcon.colcon_core.package_identification:_identify(qml/QtQuick/Controls/Styles/Base/images) by extensions ['colcon_pkg']
[0.997s] Level 1:colcon.colcon_core.package_identification:_identify(qml/QtQuick/Controls/Styles/Base/images) by extension 'colcon_pkg'
[0.997s] Level 1:colcon.colcon_core.package_identification:_identify(qml/QtQuick/Controls/Styles/Base/images) by extensions ['colcon_meta']
[0.997s] Level 1:colcon.colcon_core.package_identification:_identify(qml/QtQuick/Controls/Styles/Base/images) by extension 'colcon_meta'
[0.997s] Level 1:colcon.colcon_core.package_identification:_identify(qml/QtQuick/Controls/Styles/Base/images) by extensions ['ros']
[0.997s] Level 1:colcon.colcon_core.package_identification:_identify(qml/QtQuick/Controls/Styles/Base/images) by extension 'ros'
[0.997s] Level 1:colcon.colcon_core.package_identification:_identify(qml/QtQuick/Controls/Styles/Base/images) by extensions ['cmake', 'python']
[0.997s] Level 1:colcon.colcon_core.package_identification:_identify(qml/QtQuick/Controls/Styles/Base/images) by extension 'cmake'
[0.997s] Level 1:colcon.colcon_core.package_identification:_identify(qml/QtQuick/Controls/Styles/Base/images) by extension 'python'
[0.997s] Level 1:colcon.colcon_core.package_identification:_identify(qml/QtQuick/Controls/Styles/Base/images) by extensions ['python_setup_py']
[0.997s] Level 1:colcon.colcon_core.package_identification:_identify(qml/QtQuick/Controls/Styles/Base/images) by extension 'python_setup_py'
[0.998s] Level 1:colcon.colcon_core.package_identification:_identify(qml/QtQuick/Controls/Styles/Desktop) by extensions ['ignore', 'ignore_ament_install']
[0.998s] Level 1:colcon.colcon_core.package_identification:_identify(qml/QtQuick/Controls/Styles/Desktop) by extension 'ignore'
[0.998s] Level 1:colcon.colcon_core.package_identification:_identify(qml/QtQuick/Controls/Styles/Desktop) by extension 'ignore_ament_install'
[0.998s] Level 1:colcon.colcon_core.package_identification:_identify(qml/QtQuick/Controls/Styles/Desktop) by extensions ['colcon_pkg']
[0.998s] Level 1:colcon.colcon_core.package_identification:_identify(qml/QtQuick/Controls/Styles/Desktop) by extension 'colcon_pkg'
[0.998s] Level 1:colcon.colcon_core.package_identification:_identify(qml/QtQuick/Controls/Styles/Desktop) by extensions ['colcon_meta']
[0.998s] Level 1:colcon.colcon_core.package_identification:_identify(qml/QtQuick/Controls/Styles/Desktop) by extension 'colcon_meta'
[0.998s] Level 1:colcon.colcon_core.package_identification:_identify(qml/QtQuick/Controls/Styles/Desktop) by extensions ['ros']
[0.998s] Level 1:colcon.colcon_core.package_identification:_identify(qml/QtQuick/Controls/Styles/Desktop) by extension 'ros'
[0.998s] Level 1:colcon.colcon_core.package_identification:_identify(qml/QtQuick/Controls/Styles/Desktop) by extensions ['cmake', 'python']
[0.998s] Level 1:colcon.colcon_core.package_identification:_identify(qml/QtQuick/Controls/Styles/Desktop) by extension 'cmake'
[0.998s] Level 1:colcon.colcon_core.package_identification:_identify(qml/QtQuick/Controls/Styles/Desktop) by extension 'python'
[0.998s] Level 1:colcon.colcon_core.package_identification:_identify(qml/QtQuick/Controls/Styles/Desktop) by extensions ['python_setup_py']
[0.998s] Level 1:colcon.colcon_core.package_identification:_identify(qml/QtQuick/Controls/Styles/Desktop) by extension 'python_setup_py'
[0.999s] Level 1:colcon.colcon_core.package_identification:_identify(qml/QtQuick/Controls/Styles/Flat) by extensions ['ignore', 'ignore_ament_install']
[0.999s] Level 1:colcon.colcon_core.package_identification:_identify(qml/QtQuick/Controls/Styles/Flat) by extension 'ignore'
[0.999s] Level 1:colcon.colcon_core.package_identification:_identify(qml/QtQuick/Controls/Styles/Flat) by extension 'ignore_ament_install'
[0.999s] Level 1:colcon.colcon_core.package_identification:_identify(qml/QtQuick/Controls/Styles/Flat) by extensions ['colcon_pkg']
[0.999s] Level 1:colcon.colcon_core.package_identification:_identify(qml/QtQuick/Controls/Styles/Flat) by extension 'colcon_pkg'
[0.999s] Level 1:colcon.colcon_core.package_identification:_identify(qml/QtQuick/Controls/Styles/Flat) by extensions ['colcon_meta']
[0.999s] Level 1:colcon.colcon_core.package_identification:_identify(qml/QtQuick/Controls/Styles/Flat) by extension 'colcon_meta'
[0.999s] Level 1:colcon.colcon_core.package_identification:_identify(qml/QtQuick/Controls/Styles/Flat) by extensions ['ros']
[0.999s] Level 1:colcon.colcon_core.package_identification:_identify(qml/QtQuick/Controls/Styles/Flat) by extension 'ros'
[0.999s] Level 1:colcon.colcon_core.package_identification:_identify(qml/QtQuick/Controls/Styles/Flat) by extensions ['cmake', 'python']
[1.000s] Level 1:colcon.colcon_core.package_identification:_identify(qml/QtQuick/Controls/Styles/Flat) by extension 'cmake'
[1.000s] Level 1:colcon.colcon_core.package_identification:_identify(qml/QtQuick/Controls/Styles/Flat) by extension 'python'
[1.000s] Level 1:colcon.colcon_core.package_identification:_identify(qml/QtQuick/Controls/Styles/Flat) by extensions ['python_setup_py']
[1.000s] Level 1:colcon.colcon_core.package_identification:_identify(qml/QtQuick/Controls/Styles/Flat) by extension 'python_setup_py'
[1.001s] Level 1:colcon.colcon_core.package_identification:_identify(qml/QtQuick/Controls.2) by extensions ['ignore', 'ignore_ament_install']
[1.001s] Level 1:colcon.colcon_core.package_identification:_identify(qml/QtQuick/Controls.2) by extension 'ignore'
[1.001s] Level 1:colcon.colcon_core.package_identification:_identify(qml/QtQuick/Controls.2) by extension 'ignore_ament_install'
[1.001s] Level 1:colcon.colcon_core.package_identification:_identify(qml/QtQuick/Controls.2) by extensions ['colcon_pkg']
[1.001s] Level 1:colcon.colcon_core.package_identification:_identify(qml/QtQuick/Controls.2) by extension 'colcon_pkg'
[1.001s] Level 1:colcon.colcon_core.package_identification:_identify(qml/QtQuick/Controls.2) by extensions ['colcon_meta']
[1.001s] Level 1:colcon.colcon_core.package_identification:_identify(qml/QtQuick/Controls.2) by extension 'colcon_meta'
[1.001s] Level 1:colcon.colcon_core.package_identification:_identify(qml/QtQuick/Controls.2) by extensions ['ros']
[1.001s] Level 1:colcon.colcon_core.package_identification:_identify(qml/QtQuick/Controls.2) by extension 'ros'
[1.001s] Level 1:colcon.colcon_core.package_identification:_identify(qml/QtQuick/Controls.2) by extensions ['cmake', 'python']
[1.001s] Level 1:colcon.colcon_core.package_identification:_identify(qml/QtQuick/Controls.2) by extension 'cmake'
[1.001s] Level 1:colcon.colcon_core.package_identification:_identify(qml/QtQuick/Controls.2) by extension 'python'
[1.001s] Level 1:colcon.colcon_core.package_identification:_identify(qml/QtQuick/Controls.2) by extensions ['python_setup_py']
[1.001s] Level 1:colcon.colcon_core.package_identification:_identify(qml/QtQuick/Controls.2) by extension 'python_setup_py'
[1.002s] Level 1:colcon.colcon_core.package_identification:_identify(qml/QtQuick/Controls.2/Fusion) by extensions ['ignore', 'ignore_ament_install']
[1.002s] Level 1:colcon.colcon_core.package_identification:_identify(qml/QtQuick/Controls.2/Fusion) by extension 'ignore'
[1.002s] Level 1:colcon.colcon_core.package_identification:_identify(qml/QtQuick/Controls.2/Fusion) by extension 'ignore_ament_install'
[1.002s] Level 1:colcon.colcon_core.package_identification:_identify(qml/QtQuick/Controls.2/Fusion) by extensions ['colcon_pkg']
[1.002s] Level 1:colcon.colcon_core.package_identification:_identify(qml/QtQuick/Controls.2/Fusion) by extension 'colcon_pkg'
[1.002s] Level 1:colcon.colcon_core.package_identification:_identify(qml/QtQuick/Controls.2/Fusion) by extensions ['colcon_meta']
[1.002s] Level 1:colcon.colcon_core.package_identification:_identify(qml/QtQuick/Controls.2/Fusion) by extension 'colcon_meta'
[1.002s] Level 1:colcon.colcon_core.package_identification:_identify(qml/QtQuick/Controls.2/Fusion) by extensions ['ros']
[1.002s] Level 1:colcon.colcon_core.package_identification:_identify(qml/QtQuick/Controls.2/Fusion) by extension 'ros'
[1.002s] Level 1:colcon.colcon_core.package_identification:_identify(qml/QtQuick/Controls.2/Fusion) by extensions ['cmake', 'python']
[1.002s] Level 1:colcon.colcon_core.package_identification:_identify(qml/QtQuick/Controls.2/Fusion) by extension 'cmake'
[1.002s] Level 1:colcon.colcon_core.package_identification:_identify(qml/QtQuick/Controls.2/Fusion) by extension 'python'
[1.003s] Level 1:colcon.colcon_core.package_identification:_identify(qml/QtQuick/Controls.2/Fusion) by extensions ['python_setup_py']
[1.003s] Level 1:colcon.colcon_core.package_identification:_identify(qml/QtQuick/Controls.2/Fusion) by extension 'python_setup_py'
[1.003s] Level 1:colcon.colcon_core.package_identification:_identify(qml/QtQuick/Controls.2/Imagine) by extensions ['ignore', 'ignore_ament_install']
[1.003s] Level 1:colcon.colcon_core.package_identification:_identify(qml/QtQuick/Controls.2/Imagine) by extension 'ignore'
[1.003s] Level 1:colcon.colcon_core.package_identification:_identify(qml/QtQuick/Controls.2/Imagine) by extension 'ignore_ament_install'
[1.003s] Level 1:colcon.colcon_core.package_identification:_identify(qml/QtQuick/Controls.2/Imagine) by extensions ['colcon_pkg']
[1.003s] Level 1:colcon.colcon_core.package_identification:_identify(qml/QtQuick/Controls.2/Imagine) by extension 'colcon_pkg'
[1.003s] Level 1:colcon.colcon_core.package_identification:_identify(qml/QtQuick/Controls.2/Imagine) by extensions ['colcon_meta']
[1.003s] Level 1:colcon.colcon_core.package_identification:_identify(qml/QtQuick/Controls.2/Imagine) by extension 'colcon_meta'
[1.003s] Level 1:colcon.colcon_core.package_identification:_identify(qml/QtQuick/Controls.2/Imagine) by extensions ['ros']
[1.003s] Level 1:colcon.colcon_core.package_identification:_identify(qml/QtQuick/Controls.2/Imagine) by extension 'ros'
[1.004s] Level 1:colcon.colcon_core.package_identification:_identify(qml/QtQuick/Controls.2/Imagine) by extensions ['cmake', 'python']
[1.004s] Level 1:colcon.colcon_core.package_identification:_identify(qml/QtQuick/Controls.2/Imagine) by extension 'cmake'
[1.004s] Level 1:colcon.colcon_core.package_identification:_identify(qml/QtQuick/Controls.2/Imagine) by extension 'python'
[1.004s] Level 1:colcon.colcon_core.package_identification:_identify(qml/QtQuick/Controls.2/Imagine) by extensions ['python_setup_py']
[1.004s] Level 1:colcon.colcon_core.package_identification:_identify(qml/QtQuick/Controls.2/Imagine) by extension 'python_setup_py'
[1.004s] Level 1:colcon.colcon_core.package_identification:_identify(qml/QtQuick/Controls.2/Material) by extensions ['ignore', 'ignore_ament_install']
[1.004s] Level 1:colcon.colcon_core.package_identification:_identify(qml/QtQuick/Controls.2/Material) by extension 'ignore'
[1.004s] Level 1:colcon.colcon_core.package_identification:_identify(qml/QtQuick/Controls.2/Material) by extension 'ignore_ament_install'
[1.005s] Level 1:colcon.colcon_core.package_identification:_identify(qml/QtQuick/Controls.2/Material) by extensions ['colcon_pkg']
[1.005s] Level 1:colcon.colcon_core.package_identification:_identify(qml/QtQuick/Controls.2/Material) by extension 'colcon_pkg'
[1.005s] Level 1:colcon.colcon_core.package_identification:_identify(qml/QtQuick/Controls.2/Material) by extensions ['colcon_meta']
[1.005s] Level 1:colcon.colcon_core.package_identification:_identify(qml/QtQuick/Controls.2/Material) by extension 'colcon_meta'
[1.005s] Level 1:colcon.colcon_core.package_identification:_identify(qml/QtQuick/Controls.2/Material) by extensions ['ros']
[1.005s] Level 1:colcon.colcon_core.package_identification:_identify(qml/QtQuick/Controls.2/Material) by extension 'ros'
[1.005s] Level 1:colcon.colcon_core.package_identification:_identify(qml/QtQuick/Controls.2/Material) by extensions ['cmake', 'python']
[1.005s] Level 1:colcon.colcon_core.package_identification:_identify(qml/QtQuick/Controls.2/Material) by extension 'cmake'
[1.005s] Level 1:colcon.colcon_core.package_identification:_identify(qml/QtQuick/Controls.2/Material) by extension 'python'
[1.005s] Level 1:colcon.colcon_core.package_identification:_identify(qml/QtQuick/Controls.2/Material) by extensions ['python_setup_py']
[1.005s] Level 1:colcon.colcon_core.package_identification:_identify(qml/QtQuick/Controls.2/Material) by extension 'python_setup_py'
[1.006s] Level 1:colcon.colcon_core.package_identification:_identify(qml/QtQuick/Controls.2/Universal) by extensions ['ignore', 'ignore_ament_install']
[1.006s] Level 1:colcon.colcon_core.package_identification:_identify(qml/QtQuick/Controls.2/Universal) by extension 'ignore'
[1.006s] Level 1:colcon.colcon_core.package_identification:_identify(qml/QtQuick/Controls.2/Universal) by extension 'ignore_ament_install'
[1.006s] Level 1:colcon.colcon_core.package_identification:_identify(qml/QtQuick/Controls.2/Universal) by extensions ['colcon_pkg']
[1.006s] Level 1:colcon.colcon_core.package_identification:_identify(qml/QtQuick/Controls.2/Universal) by extension 'colcon_pkg'
[1.006s] Level 1:colcon.colcon_core.package_identification:_identify(qml/QtQuick/Controls.2/Universal) by extensions ['colcon_meta']
[1.006s] Level 1:colcon.colcon_core.package_identification:_identify(qml/QtQuick/Controls.2/Universal) by extension 'colcon_meta'
[1.006s] Level 1:colcon.colcon_core.package_identification:_identify(qml/QtQuick/Controls.2/Universal) by extensions ['ros']
[1.006s] Level 1:colcon.colcon_core.package_identification:_identify(qml/QtQuick/Controls.2/Universal) by extension 'ros'
[1.006s] Level 1:colcon.colcon_core.package_identification:_identify(qml/QtQuick/Controls.2/Universal) by extensions ['cmake', 'python']
[1.006s] Level 1:colcon.colcon_core.package_identification:_identify(qml/QtQuick/Controls.2/Universal) by extension 'cmake'
[1.006s] Level 1:colcon.colcon_core.package_identification:_identify(qml/QtQuick/Controls.2/Universal) by extension 'python'
[1.006s] Level 1:colcon.colcon_core.package_identification:_identify(qml/QtQuick/Controls.2/Universal) by extensions ['python_setup_py']
[1.006s] Level 1:colcon.colcon_core.package_identification:_identify(qml/QtQuick/Controls.2/Universal) by extension 'python_setup_py'
[1.007s] Level 1:colcon.colcon_core.package_identification:_identify(qml/QtQuick/Controls.2/designer) by extensions ['ignore', 'ignore_ament_install']
[1.007s] Level 1:colcon.colcon_core.package_identification:_identify(qml/QtQuick/Controls.2/designer) by extension 'ignore'
[1.007s] Level 1:colcon.colcon_core.package_identification:_identify(qml/QtQuick/Controls.2/designer) by extension 'ignore_ament_install'
[1.007s] Level 1:colcon.colcon_core.package_identification:_identify(qml/QtQuick/Controls.2/designer) by extensions ['colcon_pkg']
[1.007s] Level 1:colcon.colcon_core.package_identification:_identify(qml/QtQuick/Controls.2/designer) by extension 'colcon_pkg'
[1.007s] Level 1:colcon.colcon_core.package_identification:_identify(qml/QtQuick/Controls.2/designer) by extensions ['colcon_meta']
[1.007s] Level 1:colcon.colcon_core.package_identification:_identify(qml/QtQuick/Controls.2/designer) by extension 'colcon_meta'
[1.007s] Level 1:colcon.colcon_core.package_identification:_identify(qml/QtQuick/Controls.2/designer) by extensions ['ros']
[1.007s] Level 1:colcon.colcon_core.package_identification:_identify(qml/QtQuick/Controls.2/designer) by extension 'ros'
[1.008s] Level 1:colcon.colcon_core.package_identification:_identify(qml/QtQuick/Controls.2/designer) by extensions ['cmake', 'python']
[1.008s] Level 1:colcon.colcon_core.package_identification:_identify(qml/QtQuick/Controls.2/designer) by extension 'cmake'
[1.008s] Level 1:colcon.colcon_core.package_identification:_identify(qml/QtQuick/Controls.2/designer) by extension 'python'
[1.008s] Level 1:colcon.colcon_core.package_identification:_identify(qml/QtQuick/Controls.2/designer) by extensions ['python_setup_py']
[1.008s] Level 1:colcon.colcon_core.package_identification:_identify(qml/QtQuick/Controls.2/designer) by extension 'python_setup_py'
[1.009s] Level 1:colcon.colcon_core.package_identification:_identify(qml/QtQuick/Controls.2/designer/images) by extensions ['ignore', 'ignore_ament_install']
[1.009s] Level 1:colcon.colcon_core.package_identification:_identify(qml/QtQuick/Controls.2/designer/images) by extension 'ignore'
[1.009s] Level 1:colcon.colcon_core.package_identification:_identify(qml/QtQuick/Controls.2/designer/images) by extension 'ignore_ament_install'
[1.009s] Level 1:colcon.colcon_core.package_identification:_identify(qml/QtQuick/Controls.2/designer/images) by extensions ['colcon_pkg']
[1.009s] Level 1:colcon.colcon_core.package_identification:_identify(qml/QtQuick/Controls.2/designer/images) by extension 'colcon_pkg'
[1.009s] Level 1:colcon.colcon_core.package_identification:_identify(qml/QtQuick/Controls.2/designer/images) by extensions ['colcon_meta']
[1.009s] Level 1:colcon.colcon_core.package_identification:_identify(qml/QtQuick/Controls.2/designer/images) by extension 'colcon_meta'
[1.009s] Level 1:colcon.colcon_core.package_identification:_identify(qml/QtQuick/Controls.2/designer/images) by extensions ['ros']
[1.009s] Level 1:colcon.colcon_core.package_identification:_identify(qml/QtQuick/Controls.2/designer/images) by extension 'ros'
[1.009s] Level 1:colcon.colcon_core.package_identification:_identify(qml/QtQuick/Controls.2/designer/images) by extensions ['cmake', 'python']
[1.009s] Level 1:colcon.colcon_core.package_identification:_identify(qml/QtQuick/Controls.2/designer/images) by extension 'cmake'
[1.009s] Level 1:colcon.colcon_core.package_identification:_identify(qml/QtQuick/Controls.2/designer/images) by extension 'python'
[1.010s] Level 1:colcon.colcon_core.package_identification:_identify(qml/QtQuick/Controls.2/designer/images) by extensions ['python_setup_py']
[1.010s] Level 1:colcon.colcon_core.package_identification:_identify(qml/QtQuick/Controls.2/designer/images) by extension 'python_setup_py'
[1.010s] Level 1:colcon.colcon_core.package_identification:_identify(qml/QtQuick/Dialogs) by extensions ['ignore', 'ignore_ament_install']
[1.010s] Level 1:colcon.colcon_core.package_identification:_identify(qml/QtQuick/Dialogs) by extension 'ignore'
[1.010s] Level 1:colcon.colcon_core.package_identification:_identify(qml/QtQuick/Dialogs) by extension 'ignore_ament_install'
[1.010s] Level 1:colcon.colcon_core.package_identification:_identify(qml/QtQuick/Dialogs) by extensions ['colcon_pkg']
[1.010s] Level 1:colcon.colcon_core.package_identification:_identify(qml/QtQuick/Dialogs) by extension 'colcon_pkg'
[1.010s] Level 1:colcon.colcon_core.package_identification:_identify(qml/QtQuick/Dialogs) by extensions ['colcon_meta']
[1.010s] Level 1:colcon.colcon_core.package_identification:_identify(qml/QtQuick/Dialogs) by extension 'colcon_meta'
[1.010s] Level 1:colcon.colcon_core.package_identification:_identify(qml/QtQuick/Dialogs) by extensions ['ros']
[1.011s] Level 1:colcon.colcon_core.package_identification:_identify(qml/QtQuick/Dialogs) by extension 'ros'
[1.011s] Level 1:colcon.colcon_core.package_identification:_identify(qml/QtQuick/Dialogs) by extensions ['cmake', 'python']
[1.011s] Level 1:colcon.colcon_core.package_identification:_identify(qml/QtQuick/Dialogs) by extension 'cmake'
[1.011s] Level 1:colcon.colcon_core.package_identification:_identify(qml/QtQuick/Dialogs) by extension 'python'
[1.011s] Level 1:colcon.colcon_core.package_identification:_identify(qml/QtQuick/Dialogs) by extensions ['python_setup_py']
[1.011s] Level 1:colcon.colcon_core.package_identification:_identify(qml/QtQuick/Dialogs) by extension 'python_setup_py'
[1.011s] Level 1:colcon.colcon_core.package_identification:_identify(qml/QtQuick/Dialogs/Private) by extensions ['ignore', 'ignore_ament_install']
[1.011s] Level 1:colcon.colcon_core.package_identification:_identify(qml/QtQuick/Dialogs/Private) by extension 'ignore'
[1.011s] Level 1:colcon.colcon_core.package_identification:_identify(qml/QtQuick/Dialogs/Private) by extension 'ignore_ament_install'
[1.012s] Level 1:colcon.colcon_core.package_identification:_identify(qml/QtQuick/Dialogs/Private) by extensions ['colcon_pkg']
[1.012s] Level 1:colcon.colcon_core.package_identification:_identify(qml/QtQuick/Dialogs/Private) by extension 'colcon_pkg'
[1.012s] Level 1:colcon.colcon_core.package_identification:_identify(qml/QtQuick/Dialogs/Private) by extensions ['colcon_meta']
[1.012s] Level 1:colcon.colcon_core.package_identification:_identify(qml/QtQuick/Dialogs/Private) by extension 'colcon_meta'
[1.012s] Level 1:colcon.colcon_core.package_identification:_identify(qml/QtQuick/Dialogs/Private) by extensions ['ros']
[1.012s] Level 1:colcon.colcon_core.package_identification:_identify(qml/QtQuick/Dialogs/Private) by extension 'ros'
[1.012s] Level 1:colcon.colcon_core.package_identification:_identify(qml/QtQuick/Dialogs/Private) by extensions ['cmake', 'python']
[1.012s] Level 1:colcon.colcon_core.package_identification:_identify(qml/QtQuick/Dialogs/Private) by extension 'cmake'
[1.012s] Level 1:colcon.colcon_core.package_identification:_identify(qml/QtQuick/Dialogs/Private) by extension 'python'
[1.012s] Level 1:colcon.colcon_core.package_identification:_identify(qml/QtQuick/Dialogs/Private) by extensions ['python_setup_py']
[1.013s] Level 1:colcon.colcon_core.package_identification:_identify(qml/QtQuick/Dialogs/Private) by extension 'python_setup_py'
[1.013s] Level 1:colcon.colcon_core.package_identification:_identify(qml/QtQuick/Dialogs/images) by extensions ['ignore', 'ignore_ament_install']
[1.013s] Level 1:colcon.colcon_core.package_identification:_identify(qml/QtQuick/Dialogs/images) by extension 'ignore'
[1.013s] Level 1:colcon.colcon_core.package_identification:_identify(qml/QtQuick/Dialogs/images) by extension 'ignore_ament_install'
[1.013s] Level 1:colcon.colcon_core.package_identification:_identify(qml/QtQuick/Dialogs/images) by extensions ['colcon_pkg']
[1.013s] Level 1:colcon.colcon_core.package_identification:_identify(qml/QtQuick/Dialogs/images) by extension 'colcon_pkg'
[1.013s] Level 1:colcon.colcon_core.package_identification:_identify(qml/QtQuick/Dialogs/images) by extensions ['colcon_meta']
[1.013s] Level 1:colcon.colcon_core.package_identification:_identify(qml/QtQuick/Dialogs/images) by extension 'colcon_meta'
[1.013s] Level 1:colcon.colcon_core.package_identification:_identify(qml/QtQuick/Dialogs/images) by extensions ['ros']
[1.013s] Level 1:colcon.colcon_core.package_identification:_identify(qml/QtQuick/Dialogs/images) by extension 'ros'
[1.014s] Level 1:colcon.colcon_core.package_identification:_identify(qml/QtQuick/Dialogs/images) by extensions ['cmake', 'python']
[1.014s] Level 1:colcon.colcon_core.package_identification:_identify(qml/QtQuick/Dialogs/images) by extension 'cmake'
[1.014s] Level 1:colcon.colcon_core.package_identification:_identify(qml/QtQuick/Dialogs/images) by extension 'python'
[1.014s] Level 1:colcon.colcon_core.package_identification:_identify(qml/QtQuick/Dialogs/images) by extensions ['python_setup_py']
[1.014s] Level 1:colcon.colcon_core.package_identification:_identify(qml/QtQuick/Dialogs/images) by extension 'python_setup_py'
[1.015s] Level 1:colcon.colcon_core.package_identification:_identify(qml/QtQuick/Dialogs/qml) by extensions ['ignore', 'ignore_ament_install']
[1.015s] Level 1:colcon.colcon_core.package_identification:_identify(qml/QtQuick/Dialogs/qml) by extension 'ignore'
[1.015s] Level 1:colcon.colcon_core.package_identification:_identify(qml/QtQuick/Dialogs/qml) by extension 'ignore_ament_install'
[1.015s] Level 1:colcon.colcon_core.package_identification:_identify(qml/QtQuick/Dialogs/qml) by extensions ['colcon_pkg']
[1.015s] Level 1:colcon.colcon_core.package_identification:_identify(qml/QtQuick/Dialogs/qml) by extension 'colcon_pkg'
[1.015s] Level 1:colcon.colcon_core.package_identification:_identify(qml/QtQuick/Dialogs/qml) by extensions ['colcon_meta']
[1.015s] Level 1:colcon.colcon_core.package_identification:_identify(qml/QtQuick/Dialogs/qml) by extension 'colcon_meta'
[1.015s] Level 1:colcon.colcon_core.package_identification:_identify(qml/QtQuick/Dialogs/qml) by extensions ['ros']
[1.015s] Level 1:colcon.colcon_core.package_identification:_identify(qml/QtQuick/Dialogs/qml) by extension 'ros'
[1.016s] Level 1:colcon.colcon_core.package_identification:_identify(qml/QtQuick/Dialogs/qml) by extensions ['cmake', 'python']
[1.016s] Level 1:colcon.colcon_core.package_identification:_identify(qml/QtQuick/Dialogs/qml) by extension 'cmake'
[1.016s] Level 1:colcon.colcon_core.package_identification:_identify(qml/QtQuick/Dialogs/qml) by extension 'python'
[1.016s] Level 1:colcon.colcon_core.package_identification:_identify(qml/QtQuick/Dialogs/qml) by extensions ['python_setup_py']
[1.016s] Level 1:colcon.colcon_core.package_identification:_identify(qml/QtQuick/Dialogs/qml) by extension 'python_setup_py'
[1.016s] Level 1:colcon.colcon_core.package_identification:_identify(qml/QtQuick/Extras) by extensions ['ignore', 'ignore_ament_install']
[1.017s] Level 1:colcon.colcon_core.package_identification:_identify(qml/QtQuick/Extras) by extension 'ignore'
[1.017s] Level 1:colcon.colcon_core.package_identification:_identify(qml/QtQuick/Extras) by extension 'ignore_ament_install'
[1.017s] Level 1:colcon.colcon_core.package_identification:_identify(qml/QtQuick/Extras) by extensions ['colcon_pkg']
[1.017s] Level 1:colcon.colcon_core.package_identification:_identify(qml/QtQuick/Extras) by extension 'colcon_pkg'
[1.017s] Level 1:colcon.colcon_core.package_identification:_identify(qml/QtQuick/Extras) by extensions ['colcon_meta']
[1.017s] Level 1:colcon.colcon_core.package_identification:_identify(qml/QtQuick/Extras) by extension 'colcon_meta'
[1.017s] Level 1:colcon.colcon_core.package_identification:_identify(qml/QtQuick/Extras) by extensions ['ros']
[1.017s] Level 1:colcon.colcon_core.package_identification:_identify(qml/QtQuick/Extras) by extension 'ros'
[1.017s] Level 1:colcon.colcon_core.package_identification:_identify(qml/QtQuick/Extras) by extensions ['cmake', 'python']
[1.017s] Level 1:colcon.colcon_core.package_identification:_identify(qml/QtQuick/Extras) by extension 'cmake'
[1.017s] Level 1:colcon.colcon_core.package_identification:_identify(qml/QtQuick/Extras) by extension 'python'
[1.017s] Level 1:colcon.colcon_core.package_identification:_identify(qml/QtQuick/Extras) by extensions ['python_setup_py']
[1.017s] Level 1:colcon.colcon_core.package_identification:_identify(qml/QtQuick/Extras) by extension 'python_setup_py'
[1.017s] Level 1:colcon.colcon_core.package_identification:_identify(qml/QtQuick/Extras/Private) by extensions ['ignore', 'ignore_ament_install']
[1.018s] Level 1:colcon.colcon_core.package_identification:_identify(qml/QtQuick/Extras/Private) by extension 'ignore'
[1.018s] Level 1:colcon.colcon_core.package_identification:_identify(qml/QtQuick/Extras/Private) by extension 'ignore_ament_install'
[1.018s] Level 1:colcon.colcon_core.package_identification:_identify(qml/QtQuick/Extras/Private) by extensions ['colcon_pkg']
[1.018s] Level 1:colcon.colcon_core.package_identification:_identify(qml/QtQuick/Extras/Private) by extension 'colcon_pkg'
[1.018s] Level 1:colcon.colcon_core.package_identification:_identify(qml/QtQuick/Extras/Private) by extensions ['colcon_meta']
[1.018s] Level 1:colcon.colcon_core.package_identification:_identify(qml/QtQuick/Extras/Private) by extension 'colcon_meta'
[1.018s] Level 1:colcon.colcon_core.package_identification:_identify(qml/QtQuick/Extras/Private) by extensions ['ros']
[1.018s] Level 1:colcon.colcon_core.package_identification:_identify(qml/QtQuick/Extras/Private) by extension 'ros'
[1.018s] Level 1:colcon.colcon_core.package_identification:_identify(qml/QtQuick/Extras/Private) by extensions ['cmake', 'python']
[1.019s] Level 1:colcon.colcon_core.package_identification:_identify(qml/QtQuick/Extras/Private) by extension 'cmake'
[1.019s] Level 1:colcon.colcon_core.package_identification:_identify(qml/QtQuick/Extras/Private) by extension 'python'
[1.019s] Level 1:colcon.colcon_core.package_identification:_identify(qml/QtQuick/Extras/Private) by extensions ['python_setup_py']
[1.019s] Level 1:colcon.colcon_core.package_identification:_identify(qml/QtQuick/Extras/Private) by extension 'python_setup_py'
[1.019s] Level 1:colcon.colcon_core.package_identification:_identify(qml/QtQuick/Extras/designer) by extensions ['ignore', 'ignore_ament_install']
[1.019s] Level 1:colcon.colcon_core.package_identification:_identify(qml/QtQuick/Extras/designer) by extension 'ignore'
[1.019s] Level 1:colcon.colcon_core.package_identification:_identify(qml/QtQuick/Extras/designer) by extension 'ignore_ament_install'
[1.020s] Level 1:colcon.colcon_core.package_identification:_identify(qml/QtQuick/Extras/designer) by extensions ['colcon_pkg']
[1.020s] Level 1:colcon.colcon_core.package_identification:_identify(qml/QtQuick/Extras/designer) by extension 'colcon_pkg'
[1.020s] Level 1:colcon.colcon_core.package_identification:_identify(qml/QtQuick/Extras/designer) by extensions ['colcon_meta']
[1.020s] Level 1:colcon.colcon_core.package_identification:_identify(qml/QtQuick/Extras/designer) by extension 'colcon_meta'
[1.020s] Level 1:colcon.colcon_core.package_identification:_identify(qml/QtQuick/Extras/designer) by extensions ['ros']
[1.020s] Level 1:colcon.colcon_core.package_identification:_identify(qml/QtQuick/Extras/designer) by extension 'ros'
[1.020s] Level 1:colcon.colcon_core.package_identification:_identify(qml/QtQuick/Extras/designer) by extensions ['cmake', 'python']
[1.020s] Level 1:colcon.colcon_core.package_identification:_identify(qml/QtQuick/Extras/designer) by extension 'cmake'
[1.020s] Level 1:colcon.colcon_core.package_identification:_identify(qml/QtQuick/Extras/designer) by extension 'python'
[1.020s] Level 1:colcon.colcon_core.package_identification:_identify(qml/QtQuick/Extras/designer) by extensions ['python_setup_py']
[1.020s] Level 1:colcon.colcon_core.package_identification:_identify(qml/QtQuick/Extras/designer) by extension 'python_setup_py'
[1.021s] Level 1:colcon.colcon_core.package_identification:_identify(qml/QtQuick/Extras/designer/images) by extensions ['ignore', 'ignore_ament_install']
[1.021s] Level 1:colcon.colcon_core.package_identification:_identify(qml/QtQuick/Extras/designer/images) by extension 'ignore'
[1.021s] Level 1:colcon.colcon_core.package_identification:_identify(qml/QtQuick/Extras/designer/images) by extension 'ignore_ament_install'
[1.021s] Level 1:colcon.colcon_core.package_identification:_identify(qml/QtQuick/Extras/designer/images) by extensions ['colcon_pkg']
[1.021s] Level 1:colcon.colcon_core.package_identification:_identify(qml/QtQuick/Extras/designer/images) by extension 'colcon_pkg'
[1.021s] Level 1:colcon.colcon_core.package_identification:_identify(qml/QtQuick/Extras/designer/images) by extensions ['colcon_meta']
[1.021s] Level 1:colcon.colcon_core.package_identification:_identify(qml/QtQuick/Extras/designer/images) by extension 'colcon_meta'
[1.021s] Level 1:colcon.colcon_core.package_identification:_identify(qml/QtQuick/Extras/designer/images) by extensions ['ros']
[1.021s] Level 1:colcon.colcon_core.package_identification:_identify(qml/QtQuick/Extras/designer/images) by extension 'ros'
[1.021s] Level 1:colcon.colcon_core.package_identification:_identify(qml/QtQuick/Extras/designer/images) by extensions ['cmake', 'python']
[1.022s] Level 1:colcon.colcon_core.package_identification:_identify(qml/QtQuick/Extras/designer/images) by extension 'cmake'
[1.022s] Level 1:colcon.colcon_core.package_identification:_identify(qml/QtQuick/Extras/designer/images) by extension 'python'
[1.022s] Level 1:colcon.colcon_core.package_identification:_identify(qml/QtQuick/Extras/designer/images) by extensions ['python_setup_py']
[1.022s] Level 1:colcon.colcon_core.package_identification:_identify(qml/QtQuick/Extras/designer/images) by extension 'python_setup_py'
[1.022s] Level 1:colcon.colcon_core.package_identification:_identify(qml/QtQuick/Layouts) by extensions ['ignore', 'ignore_ament_install']
[1.022s] Level 1:colcon.colcon_core.package_identification:_identify(qml/QtQuick/Layouts) by extension 'ignore'
[1.022s] Level 1:colcon.colcon_core.package_identification:_identify(qml/QtQuick/Layouts) by extension 'ignore_ament_install'
[1.022s] Level 1:colcon.colcon_core.package_identification:_identify(qml/QtQuick/Layouts) by extensions ['colcon_pkg']
[1.022s] Level 1:colcon.colcon_core.package_identification:_identify(qml/QtQuick/Layouts) by extension 'colcon_pkg'
[1.022s] Level 1:colcon.colcon_core.package_identification:_identify(qml/QtQuick/Layouts) by extensions ['colcon_meta']
[1.022s] Level 1:colcon.colcon_core.package_identification:_identify(qml/QtQuick/Layouts) by extension 'colcon_meta'
[1.022s] Level 1:colcon.colcon_core.package_identification:_identify(qml/QtQuick/Layouts) by extensions ['ros']
[1.022s] Level 1:colcon.colcon_core.package_identification:_identify(qml/QtQuick/Layouts) by extension 'ros'
[1.023s] Level 1:colcon.colcon_core.package_identification:_identify(qml/QtQuick/Layouts) by extensions ['cmake', 'python']
[1.023s] Level 1:colcon.colcon_core.package_identification:_identify(qml/QtQuick/Layouts) by extension 'cmake'
[1.023s] Level 1:colcon.colcon_core.package_identification:_identify(qml/QtQuick/Layouts) by extension 'python'
[1.023s] Level 1:colcon.colcon_core.package_identification:_identify(qml/QtQuick/Layouts) by extensions ['python_setup_py']
[1.023s] Level 1:colcon.colcon_core.package_identification:_identify(qml/QtQuick/Layouts) by extension 'python_setup_py'
[1.023s] Level 1:colcon.colcon_core.package_identification:_identify(qml/QtQuick/LocalStorage) by extensions ['ignore', 'ignore_ament_install']
[1.023s] Level 1:colcon.colcon_core.package_identification:_identify(qml/QtQuick/LocalStorage) by extension 'ignore'
[1.024s] Level 1:colcon.colcon_core.package_identification:_identify(qml/QtQuick/LocalStorage) by extension 'ignore_ament_install'
[1.024s] Level 1:colcon.colcon_core.package_identification:_identify(qml/QtQuick/LocalStorage) by extensions ['colcon_pkg']
[1.024s] Level 1:colcon.colcon_core.package_identification:_identify(qml/QtQuick/LocalStorage) by extension 'colcon_pkg'
[1.024s] Level 1:colcon.colcon_core.package_identification:_identify(qml/QtQuick/LocalStorage) by extensions ['colcon_meta']
[1.024s] Level 1:colcon.colcon_core.package_identification:_identify(qml/QtQuick/LocalStorage) by extension 'colcon_meta'
[1.024s] Level 1:colcon.colcon_core.package_identification:_identify(qml/QtQuick/LocalStorage) by extensions ['ros']
[1.024s] Level 1:colcon.colcon_core.package_identification:_identify(qml/QtQuick/LocalStorage) by extension 'ros'
[1.024s] Level 1:colcon.colcon_core.package_identification:_identify(qml/QtQuick/LocalStorage) by extensions ['cmake', 'python']
[1.025s] Level 1:colcon.colcon_core.package_identification:_identify(qml/QtQuick/LocalStorage) by extension 'cmake'
[1.025s] Level 1:colcon.colcon_core.package_identification:_identify(qml/QtQuick/LocalStorage) by extension 'python'
[1.025s] Level 1:colcon.colcon_core.package_identification:_identify(qml/QtQuick/LocalStorage) by extensions ['python_setup_py']
[1.025s] Level 1:colcon.colcon_core.package_identification:_identify(qml/QtQuick/LocalStorage) by extension 'python_setup_py'
[1.025s] Level 1:colcon.colcon_core.package_identification:_identify(qml/QtQuick/Particles.2) by extensions ['ignore', 'ignore_ament_install']
[1.025s] Level 1:colcon.colcon_core.package_identification:_identify(qml/QtQuick/Particles.2) by extension 'ignore'
[1.025s] Level 1:colcon.colcon_core.package_identification:_identify(qml/QtQuick/Particles.2) by extension 'ignore_ament_install'
[1.025s] Level 1:colcon.colcon_core.package_identification:_identify(qml/QtQuick/Particles.2) by extensions ['colcon_pkg']
[1.025s] Level 1:colcon.colcon_core.package_identification:_identify(qml/QtQuick/Particles.2) by extension 'colcon_pkg'
[1.025s] Level 1:colcon.colcon_core.package_identification:_identify(qml/QtQuick/Particles.2) by extensions ['colcon_meta']
[1.026s] Level 1:colcon.colcon_core.package_identification:_identify(qml/QtQuick/Particles.2) by extension 'colcon_meta'
[1.026s] Level 1:colcon.colcon_core.package_identification:_identify(qml/QtQuick/Particles.2) by extensions ['ros']
[1.026s] Level 1:colcon.colcon_core.package_identification:_identify(qml/QtQuick/Particles.2) by extension 'ros'
[1.026s] Level 1:colcon.colcon_core.package_identification:_identify(qml/QtQuick/Particles.2) by extensions ['cmake', 'python']
[1.026s] Level 1:colcon.colcon_core.package_identification:_identify(qml/QtQuick/Particles.2) by extension 'cmake'
[1.026s] Level 1:colcon.colcon_core.package_identification:_identify(qml/QtQuick/Particles.2) by extension 'python'
[1.026s] Level 1:colcon.colcon_core.package_identification:_identify(qml/QtQuick/Particles.2) by extensions ['python_setup_py']
[1.026s] Level 1:colcon.colcon_core.package_identification:_identify(qml/QtQuick/Particles.2) by extension 'python_setup_py'
[1.026s] Level 1:colcon.colcon_core.package_identification:_identify(qml/QtQuick/PrivateWidgets) by extensions ['ignore', 'ignore_ament_install']
[1.026s] Level 1:colcon.colcon_core.package_identification:_identify(qml/QtQuick/PrivateWidgets) by extension 'ignore'
[1.026s] Level 1:colcon.colcon_core.package_identification:_identify(qml/QtQuick/PrivateWidgets) by extension 'ignore_ament_install'
[1.027s] Level 1:colcon.colcon_core.package_identification:_identify(qml/QtQuick/PrivateWidgets) by extensions ['colcon_pkg']
[1.027s] Level 1:colcon.colcon_core.package_identification:_identify(qml/QtQuick/PrivateWidgets) by extension 'colcon_pkg'
[1.027s] Level 1:colcon.colcon_core.package_identification:_identify(qml/QtQuick/PrivateWidgets) by extensions ['colcon_meta']
[1.027s] Level 1:colcon.colcon_core.package_identification:_identify(qml/QtQuick/PrivateWidgets) by extension 'colcon_meta'
[1.027s] Level 1:colcon.colcon_core.package_identification:_identify(qml/QtQuick/PrivateWidgets) by extensions ['ros']
[1.027s] Level 1:colcon.colcon_core.package_identification:_identify(qml/QtQuick/PrivateWidgets) by extension 'ros'
[1.027s] Level 1:colcon.colcon_core.package_identification:_identify(qml/QtQuick/PrivateWidgets) by extensions ['cmake', 'python']
[1.027s] Level 1:colcon.colcon_core.package_identification:_identify(qml/QtQuick/PrivateWidgets) by extension 'cmake'
[1.027s] Level 1:colcon.colcon_core.package_identification:_identify(qml/QtQuick/PrivateWidgets) by extension 'python'
[1.027s] Level 1:colcon.colcon_core.package_identification:_identify(qml/QtQuick/PrivateWidgets) by extensions ['python_setup_py']
[1.027s] Level 1:colcon.colcon_core.package_identification:_identify(qml/QtQuick/PrivateWidgets) by extension 'python_setup_py'
[1.027s] Level 1:colcon.colcon_core.package_identification:_identify(qml/QtQuick/Scene2D) by extensions ['ignore', 'ignore_ament_install']
[1.027s] Level 1:colcon.colcon_core.package_identification:_identify(qml/QtQuick/Scene2D) by extension 'ignore'
[1.028s] Level 1:colcon.colcon_core.package_identification:_identify(qml/QtQuick/Scene2D) by extension 'ignore_ament_install'
[1.028s] Level 1:colcon.colcon_core.package_identification:_identify(qml/QtQuick/Scene2D) by extensions ['colcon_pkg']
[1.028s] Level 1:colcon.colcon_core.package_identification:_identify(qml/QtQuick/Scene2D) by extension 'colcon_pkg'
[1.028s] Level 1:colcon.colcon_core.package_identification:_identify(qml/QtQuick/Scene2D) by extensions ['colcon_meta']
[1.028s] Level 1:colcon.colcon_core.package_identification:_identify(qml/QtQuick/Scene2D) by extension 'colcon_meta'
[1.028s] Level 1:colcon.colcon_core.package_identification:_identify(qml/QtQuick/Scene2D) by extensions ['ros']
[1.028s] Level 1:colcon.colcon_core.package_identification:_identify(qml/QtQuick/Scene2D) by extension 'ros'
[1.028s] Level 1:colcon.colcon_core.package_identification:_identify(qml/QtQuick/Scene2D) by extensions ['cmake', 'python']
[1.028s] Level 1:colcon.colcon_core.package_identification:_identify(qml/QtQuick/Scene2D) by extension 'cmake'
[1.028s] Level 1:colcon.colcon_core.package_identification:_identify(qml/QtQuick/Scene2D) by extension 'python'
[1.028s] Level 1:colcon.colcon_core.package_identification:_identify(qml/QtQuick/Scene2D) by extensions ['python_setup_py']
[1.028s] Level 1:colcon.colcon_core.package_identification:_identify(qml/QtQuick/Scene2D) by extension 'python_setup_py'
[1.028s] Level 1:colcon.colcon_core.package_identification:_identify(qml/QtQuick/Scene3D) by extensions ['ignore', 'ignore_ament_install']
[1.029s] Level 1:colcon.colcon_core.package_identification:_identify(qml/QtQuick/Scene3D) by extension 'ignore'
[1.029s] Level 1:colcon.colcon_core.package_identification:_identify(qml/QtQuick/Scene3D) by extension 'ignore_ament_install'
[1.029s] Level 1:colcon.colcon_core.package_identification:_identify(qml/QtQuick/Scene3D) by extensions ['colcon_pkg']
[1.029s] Level 1:colcon.colcon_core.package_identification:_identify(qml/QtQuick/Scene3D) by extension 'colcon_pkg'
[1.029s] Level 1:colcon.colcon_core.package_identification:_identify(qml/QtQuick/Scene3D) by extensions ['colcon_meta']
[1.029s] Level 1:colcon.colcon_core.package_identification:_identify(qml/QtQuick/Scene3D) by extension 'colcon_meta'
[1.029s] Level 1:colcon.colcon_core.package_identification:_identify(qml/QtQuick/Scene3D) by extensions ['ros']
[1.029s] Level 1:colcon.colcon_core.package_identification:_identify(qml/QtQuick/Scene3D) by extension 'ros'
[1.029s] Level 1:colcon.colcon_core.package_identification:_identify(qml/QtQuick/Scene3D) by extensions ['cmake', 'python']
[1.029s] Level 1:colcon.colcon_core.package_identification:_identify(qml/QtQuick/Scene3D) by extension 'cmake'
[1.029s] Level 1:colcon.colcon_core.package_identification:_identify(qml/QtQuick/Scene3D) by extension 'python'
[1.029s] Level 1:colcon.colcon_core.package_identification:_identify(qml/QtQuick/Scene3D) by extensions ['python_setup_py']
[1.029s] Level 1:colcon.colcon_core.package_identification:_identify(qml/QtQuick/Scene3D) by extension 'python_setup_py'
[1.029s] Level 1:colcon.colcon_core.package_identification:_identify(qml/QtQuick/Shapes) by extensions ['ignore', 'ignore_ament_install']
[1.030s] Level 1:colcon.colcon_core.package_identification:_identify(qml/QtQuick/Shapes) by extension 'ignore'
[1.030s] Level 1:colcon.colcon_core.package_identification:_identify(qml/QtQuick/Shapes) by extension 'ignore_ament_install'
[1.030s] Level 1:colcon.colcon_core.package_identification:_identify(qml/QtQuick/Shapes) by extensions ['colcon_pkg']
[1.030s] Level 1:colcon.colcon_core.package_identification:_identify(qml/QtQuick/Shapes) by extension 'colcon_pkg'
[1.030s] Level 1:colcon.colcon_core.package_identification:_identify(qml/QtQuick/Shapes) by extensions ['colcon_meta']
[1.030s] Level 1:colcon.colcon_core.package_identification:_identify(qml/QtQuick/Shapes) by extension 'colcon_meta'
[1.030s] Level 1:colcon.colcon_core.package_identification:_identify(qml/QtQuick/Shapes) by extensions ['ros']
[1.030s] Level 1:colcon.colcon_core.package_identification:_identify(qml/QtQuick/Shapes) by extension 'ros'
[1.030s] Level 1:colcon.colcon_core.package_identification:_identify(qml/QtQuick/Shapes) by extensions ['cmake', 'python']
[1.030s] Level 1:colcon.colcon_core.package_identification:_identify(qml/QtQuick/Shapes) by extension 'cmake'
[1.030s] Level 1:colcon.colcon_core.package_identification:_identify(qml/QtQuick/Shapes) by extension 'python'
[1.030s] Level 1:colcon.colcon_core.package_identification:_identify(qml/QtQuick/Shapes) by extensions ['python_setup_py']
[1.030s] Level 1:colcon.colcon_core.package_identification:_identify(qml/QtQuick/Shapes) by extension 'python_setup_py'
[1.031s] Level 1:colcon.colcon_core.package_identification:_identify(qml/QtQuick/Templates.2) by extensions ['ignore', 'ignore_ament_install']
[1.031s] Level 1:colcon.colcon_core.package_identification:_identify(qml/QtQuick/Templates.2) by extension 'ignore'
[1.031s] Level 1:colcon.colcon_core.package_identification:_identify(qml/QtQuick/Templates.2) by extension 'ignore_ament_install'
[1.031s] Level 1:colcon.colcon_core.package_identification:_identify(qml/QtQuick/Templates.2) by extensions ['colcon_pkg']
[1.031s] Level 1:colcon.colcon_core.package_identification:_identify(qml/QtQuick/Templates.2) by extension 'colcon_pkg'
[1.032s] Level 1:colcon.colcon_core.package_identification:_identify(qml/QtQuick/Templates.2) by extensions ['colcon_meta']
[1.032s] Level 1:colcon.colcon_core.package_identification:_identify(qml/QtQuick/Templates.2) by extension 'colcon_meta'
[1.032s] Level 1:colcon.colcon_core.package_identification:_identify(qml/QtQuick/Templates.2) by extensions ['ros']
[1.032s] Level 1:colcon.colcon_core.package_identification:_identify(qml/QtQuick/Templates.2) by extension 'ros'
[1.032s] Level 1:colcon.colcon_core.package_identification:_identify(qml/QtQuick/Templates.2) by extensions ['cmake', 'python']
[1.032s] Level 1:colcon.colcon_core.package_identification:_identify(qml/QtQuick/Templates.2) by extension 'cmake'
[1.032s] Level 1:colcon.colcon_core.package_identification:_identify(qml/QtQuick/Templates.2) by extension 'python'
[1.032s] Level 1:colcon.colcon_core.package_identification:_identify(qml/QtQuick/Templates.2) by extensions ['python_setup_py']
[1.032s] Level 1:colcon.colcon_core.package_identification:_identify(qml/QtQuick/Templates.2) by extension 'python_setup_py'
[1.032s] Level 1:colcon.colcon_core.package_identification:_identify(qml/QtQuick/Window.2) by extensions ['ignore', 'ignore_ament_install']
[1.033s] Level 1:colcon.colcon_core.package_identification:_identify(qml/QtQuick/Window.2) by extension 'ignore'
[1.033s] Level 1:colcon.colcon_core.package_identification:_identify(qml/QtQuick/Window.2) by extension 'ignore_ament_install'
[1.033s] Level 1:colcon.colcon_core.package_identification:_identify(qml/QtQuick/Window.2) by extensions ['colcon_pkg']
[1.033s] Level 1:colcon.colcon_core.package_identification:_identify(qml/QtQuick/Window.2) by extension 'colcon_pkg'
[1.033s] Level 1:colcon.colcon_core.package_identification:_identify(qml/QtQuick/Window.2) by extensions ['colcon_meta']
[1.033s] Level 1:colcon.colcon_core.package_identification:_identify(qml/QtQuick/Window.2) by extension 'colcon_meta'
[1.033s] Level 1:colcon.colcon_core.package_identification:_identify(qml/QtQuick/Window.2) by extensions ['ros']
[1.033s] Level 1:colcon.colcon_core.package_identification:_identify(qml/QtQuick/Window.2) by extension 'ros'
[1.033s] Level 1:colcon.colcon_core.package_identification:_identify(qml/QtQuick/Window.2) by extensions ['cmake', 'python']
[1.033s] Level 1:colcon.colcon_core.package_identification:_identify(qml/QtQuick/Window.2) by extension 'cmake'
[1.033s] Level 1:colcon.colcon_core.package_identification:_identify(qml/QtQuick/Window.2) by extension 'python'
[1.033s] Level 1:colcon.colcon_core.package_identification:_identify(qml/QtQuick/Window.2) by extensions ['python_setup_py']
[1.033s] Level 1:colcon.colcon_core.package_identification:_identify(qml/QtQuick/Window.2) by extension 'python_setup_py'
[1.034s] Level 1:colcon.colcon_core.package_identification:_identify(qml/QtQuick/XmlListModel) by extensions ['ignore', 'ignore_ament_install']
[1.034s] Level 1:colcon.colcon_core.package_identification:_identify(qml/QtQuick/XmlListModel) by extension 'ignore'
[1.034s] Level 1:colcon.colcon_core.package_identification:_identify(qml/QtQuick/XmlListModel) by extension 'ignore_ament_install'
[1.034s] Level 1:colcon.colcon_core.package_identification:_identify(qml/QtQuick/XmlListModel) by extensions ['colcon_pkg']
[1.034s] Level 1:colcon.colcon_core.package_identification:_identify(qml/QtQuick/XmlListModel) by extension 'colcon_pkg'
[1.034s] Level 1:colcon.colcon_core.package_identification:_identify(qml/QtQuick/XmlListModel) by extensions ['colcon_meta']
[1.034s] Level 1:colcon.colcon_core.package_identification:_identify(qml/QtQuick/XmlListModel) by extension 'colcon_meta'
[1.034s] Level 1:colcon.colcon_core.package_identification:_identify(qml/QtQuick/XmlListModel) by extensions ['ros']
[1.034s] Level 1:colcon.colcon_core.package_identification:_identify(qml/QtQuick/XmlListModel) by extension 'ros'
[1.034s] Level 1:colcon.colcon_core.package_identification:_identify(qml/QtQuick/XmlListModel) by extensions ['cmake', 'python']
[1.034s] Level 1:colcon.colcon_core.package_identification:_identify(qml/QtQuick/XmlListModel) by extension 'cmake'
[1.035s] Level 1:colcon.colcon_core.package_identification:_identify(qml/QtQuick/XmlListModel) by extension 'python'
[1.035s] Level 1:colcon.colcon_core.package_identification:_identify(qml/QtQuick/XmlListModel) by extensions ['python_setup_py']
[1.035s] Level 1:colcon.colcon_core.package_identification:_identify(qml/QtQuick/XmlListModel) by extension 'python_setup_py'
[1.035s] Level 1:colcon.colcon_core.package_identification:_identify(qml/QtQuick.2) by extensions ['ignore', 'ignore_ament_install']
[1.035s] Level 1:colcon.colcon_core.package_identification:_identify(qml/QtQuick.2) by extension 'ignore'
[1.035s] Level 1:colcon.colcon_core.package_identification:_identify(qml/QtQuick.2) by extension 'ignore_ament_install'
[1.035s] Level 1:colcon.colcon_core.package_identification:_identify(qml/QtQuick.2) by extensions ['colcon_pkg']
[1.035s] Level 1:colcon.colcon_core.package_identification:_identify(qml/QtQuick.2) by extension 'colcon_pkg'
[1.035s] Level 1:colcon.colcon_core.package_identification:_identify(qml/QtQuick.2) by extensions ['colcon_meta']
[1.035s] Level 1:colcon.colcon_core.package_identification:_identify(qml/QtQuick.2) by extension 'colcon_meta'
[1.035s] Level 1:colcon.colcon_core.package_identification:_identify(qml/QtQuick.2) by extensions ['ros']
[1.035s] Level 1:colcon.colcon_core.package_identification:_identify(qml/QtQuick.2) by extension 'ros'
[1.036s] Level 1:colcon.colcon_core.package_identification:_identify(qml/QtQuick.2) by extensions ['cmake', 'python']
[1.036s] Level 1:colcon.colcon_core.package_identification:_identify(qml/QtQuick.2) by extension 'cmake'
[1.036s] Level 1:colcon.colcon_core.package_identification:_identify(qml/QtQuick.2) by extension 'python'
[1.036s] Level 1:colcon.colcon_core.package_identification:_identify(qml/QtQuick.2) by extensions ['python_setup_py']
[1.036s] Level 1:colcon.colcon_core.package_identification:_identify(qml/QtQuick.2) by extension 'python_setup_py'
[1.036s] Level 1:colcon.colcon_core.package_identification:_identify(qml/QtRemoteObjects) by extensions ['ignore', 'ignore_ament_install']
[1.036s] Level 1:colcon.colcon_core.package_identification:_identify(qml/QtRemoteObjects) by extension 'ignore'
[1.036s] Level 1:colcon.colcon_core.package_identification:_identify(qml/QtRemoteObjects) by extension 'ignore_ament_install'
[1.037s] Level 1:colcon.colcon_core.package_identification:_identify(qml/QtRemoteObjects) by extensions ['colcon_pkg']
[1.037s] Level 1:colcon.colcon_core.package_identification:_identify(qml/QtRemoteObjects) by extension 'colcon_pkg'
[1.037s] Level 1:colcon.colcon_core.package_identification:_identify(qml/QtRemoteObjects) by extensions ['colcon_meta']
[1.037s] Level 1:colcon.colcon_core.package_identification:_identify(qml/QtRemoteObjects) by extension 'colcon_meta'
[1.037s] Level 1:colcon.colcon_core.package_identification:_identify(qml/QtRemoteObjects) by extensions ['ros']
[1.037s] Level 1:colcon.colcon_core.package_identification:_identify(qml/QtRemoteObjects) by extension 'ros'
[1.037s] Level 1:colcon.colcon_core.package_identification:_identify(qml/QtRemoteObjects) by extensions ['cmake', 'python']
[1.037s] Level 1:colcon.colcon_core.package_identification:_identify(qml/QtRemoteObjects) by extension 'cmake'
[1.037s] Level 1:colcon.colcon_core.package_identification:_identify(qml/QtRemoteObjects) by extension 'python'
[1.037s] Level 1:colcon.colcon_core.package_identification:_identify(qml/QtRemoteObjects) by extensions ['python_setup_py']
[1.037s] Level 1:colcon.colcon_core.package_identification:_identify(qml/QtRemoteObjects) by extension 'python_setup_py'
[1.038s] Level 1:colcon.colcon_core.package_identification:_identify(qml/QtScxml) by extensions ['ignore', 'ignore_ament_install']
[1.038s] Level 1:colcon.colcon_core.package_identification:_identify(qml/QtScxml) by extension 'ignore'
[1.038s] Level 1:colcon.colcon_core.package_identification:_identify(qml/QtScxml) by extension 'ignore_ament_install'
[1.038s] Level 1:colcon.colcon_core.package_identification:_identify(qml/QtScxml) by extensions ['colcon_pkg']
[1.038s] Level 1:colcon.colcon_core.package_identification:_identify(qml/QtScxml) by extension 'colcon_pkg'
[1.038s] Level 1:colcon.colcon_core.package_identification:_identify(qml/QtScxml) by extensions ['colcon_meta']
[1.038s] Level 1:colcon.colcon_core.package_identification:_identify(qml/QtScxml) by extension 'colcon_meta'
[1.038s] Level 1:colcon.colcon_core.package_identification:_identify(qml/QtScxml) by extensions ['ros']
[1.038s] Level 1:colcon.colcon_core.package_identification:_identify(qml/QtScxml) by extension 'ros'
[1.038s] Level 1:colcon.colcon_core.package_identification:_identify(qml/QtScxml) by extensions ['cmake', 'python']
[1.038s] Level 1:colcon.colcon_core.package_identification:_identify(qml/QtScxml) by extension 'cmake'
[1.039s] Level 1:colcon.colcon_core.package_identification:_identify(qml/QtScxml) by extension 'python'
[1.039s] Level 1:colcon.colcon_core.package_identification:_identify(qml/QtScxml) by extensions ['python_setup_py']
[1.039s] Level 1:colcon.colcon_core.package_identification:_identify(qml/QtScxml) by extension 'python_setup_py'
[1.039s] Level 1:colcon.colcon_core.package_identification:_identify(qml/QtSensors) by extensions ['ignore', 'ignore_ament_install']
[1.039s] Level 1:colcon.colcon_core.package_identification:_identify(qml/QtSensors) by extension 'ignore'
[1.039s] Level 1:colcon.colcon_core.package_identification:_identify(qml/QtSensors) by extension 'ignore_ament_install'
[1.039s] Level 1:colcon.colcon_core.package_identification:_identify(qml/QtSensors) by extensions ['colcon_pkg']
[1.039s] Level 1:colcon.colcon_core.package_identification:_identify(qml/QtSensors) by extension 'colcon_pkg'
[1.039s] Level 1:colcon.colcon_core.package_identification:_identify(qml/QtSensors) by extensions ['colcon_meta']
[1.039s] Level 1:colcon.colcon_core.package_identification:_identify(qml/QtSensors) by extension 'colcon_meta'
[1.040s] Level 1:colcon.colcon_core.package_identification:_identify(qml/QtSensors) by extensions ['ros']
[1.040s] Level 1:colcon.colcon_core.package_identification:_identify(qml/QtSensors) by extension 'ros'
[1.040s] Level 1:colcon.colcon_core.package_identification:_identify(qml/QtSensors) by extensions ['cmake', 'python']
[1.040s] Level 1:colcon.colcon_core.package_identification:_identify(qml/QtSensors) by extension 'cmake'
[1.040s] Level 1:colcon.colcon_core.package_identification:_identify(qml/QtSensors) by extension 'python'
[1.040s] Level 1:colcon.colcon_core.package_identification:_identify(qml/QtSensors) by extensions ['python_setup_py']
[1.040s] Level 1:colcon.colcon_core.package_identification:_identify(qml/QtSensors) by extension 'python_setup_py'
[1.040s] Level 1:colcon.colcon_core.package_identification:_identify(qml/QtTest) by extensions ['ignore', 'ignore_ament_install']
[1.041s] Level 1:colcon.colcon_core.package_identification:_identify(qml/QtTest) by extension 'ignore'
[1.041s] Level 1:colcon.colcon_core.package_identification:_identify(qml/QtTest) by extension 'ignore_ament_install'
[1.041s] Level 1:colcon.colcon_core.package_identification:_identify(qml/QtTest) by extensions ['colcon_pkg']
[1.041s] Level 1:colcon.colcon_core.package_identification:_identify(qml/QtTest) by extension 'colcon_pkg'
[1.041s] Level 1:colcon.colcon_core.package_identification:_identify(qml/QtTest) by extensions ['colcon_meta']
[1.041s] Level 1:colcon.colcon_core.package_identification:_identify(qml/QtTest) by extension 'colcon_meta'
[1.041s] Level 1:colcon.colcon_core.package_identification:_identify(qml/QtTest) by extensions ['ros']
[1.041s] Level 1:colcon.colcon_core.package_identification:_identify(qml/QtTest) by extension 'ros'
[1.041s] Level 1:colcon.colcon_core.package_identification:_identify(qml/QtTest) by extensions ['cmake', 'python']
[1.041s] Level 1:colcon.colcon_core.package_identification:_identify(qml/QtTest) by extension 'cmake'
[1.041s] Level 1:colcon.colcon_core.package_identification:_identify(qml/QtTest) by extension 'python'
[1.041s] Level 1:colcon.colcon_core.package_identification:_identify(qml/QtTest) by extensions ['python_setup_py']
[1.041s] Level 1:colcon.colcon_core.package_identification:_identify(qml/QtTest) by extension 'python_setup_py'
[1.042s] Level 1:colcon.colcon_core.package_identification:_identify(qml/QtWayland) by extensions ['ignore', 'ignore_ament_install']
[1.042s] Level 1:colcon.colcon_core.package_identification:_identify(qml/QtWayland) by extension 'ignore'
[1.042s] Level 1:colcon.colcon_core.package_identification:_identify(qml/QtWayland) by extension 'ignore_ament_install'
[1.042s] Level 1:colcon.colcon_core.package_identification:_identify(qml/QtWayland) by extensions ['colcon_pkg']
[1.042s] Level 1:colcon.colcon_core.package_identification:_identify(qml/QtWayland) by extension 'colcon_pkg'
[1.042s] Level 1:colcon.colcon_core.package_identification:_identify(qml/QtWayland) by extensions ['colcon_meta']
[1.042s] Level 1:colcon.colcon_core.package_identification:_identify(qml/QtWayland) by extension 'colcon_meta'
[1.042s] Level 1:colcon.colcon_core.package_identification:_identify(qml/QtWayland) by extensions ['ros']
[1.042s] Level 1:colcon.colcon_core.package_identification:_identify(qml/QtWayland) by extension 'ros'
[1.043s] Level 1:colcon.colcon_core.package_identification:_identify(qml/QtWayland) by extensions ['cmake', 'python']
[1.043s] Level 1:colcon.colcon_core.package_identification:_identify(qml/QtWayland) by extension 'cmake'
[1.043s] Level 1:colcon.colcon_core.package_identification:_identify(qml/QtWayland) by extension 'python'
[1.043s] Level 1:colcon.colcon_core.package_identification:_identify(qml/QtWayland) by extensions ['python_setup_py']
[1.043s] Level 1:colcon.colcon_core.package_identification:_identify(qml/QtWayland) by extension 'python_setup_py'
[1.043s] Level 1:colcon.colcon_core.package_identification:_identify(qml/QtWayland/Compositor) by extensions ['ignore', 'ignore_ament_install']
[1.043s] Level 1:colcon.colcon_core.package_identification:_identify(qml/QtWayland/Compositor) by extension 'ignore'
[1.043s] Level 1:colcon.colcon_core.package_identification:_identify(qml/QtWayland/Compositor) by extension 'ignore_ament_install'
[1.043s] Level 1:colcon.colcon_core.package_identification:_identify(qml/QtWayland/Compositor) by extensions ['colcon_pkg']
[1.043s] Level 1:colcon.colcon_core.package_identification:_identify(qml/QtWayland/Compositor) by extension 'colcon_pkg'
[1.043s] Level 1:colcon.colcon_core.package_identification:_identify(qml/QtWayland/Compositor) by extensions ['colcon_meta']
[1.043s] Level 1:colcon.colcon_core.package_identification:_identify(qml/QtWayland/Compositor) by extension 'colcon_meta'
[1.043s] Level 1:colcon.colcon_core.package_identification:_identify(qml/QtWayland/Compositor) by extensions ['ros']
[1.043s] Level 1:colcon.colcon_core.package_identification:_identify(qml/QtWayland/Compositor) by extension 'ros'
[1.044s] Level 1:colcon.colcon_core.package_identification:_identify(qml/QtWayland/Compositor) by extensions ['cmake', 'python']
[1.044s] Level 1:colcon.colcon_core.package_identification:_identify(qml/QtWayland/Compositor) by extension 'cmake'
[1.044s] Level 1:colcon.colcon_core.package_identification:_identify(qml/QtWayland/Compositor) by extension 'python'
[1.044s] Level 1:colcon.colcon_core.package_identification:_identify(qml/QtWayland/Compositor) by extensions ['python_setup_py']
[1.044s] Level 1:colcon.colcon_core.package_identification:_identify(qml/QtWayland/Compositor) by extension 'python_setup_py'
[1.044s] Level 1:colcon.colcon_core.package_identification:_identify(qml/QtWebChannel) by extensions ['ignore', 'ignore_ament_install']
[1.044s] Level 1:colcon.colcon_core.package_identification:_identify(qml/QtWebChannel) by extension 'ignore'
[1.045s] Level 1:colcon.colcon_core.package_identification:_identify(qml/QtWebChannel) by extension 'ignore_ament_install'
[1.045s] Level 1:colcon.colcon_core.package_identification:_identify(qml/QtWebChannel) by extensions ['colcon_pkg']
[1.045s] Level 1:colcon.colcon_core.package_identification:_identify(qml/QtWebChannel) by extension 'colcon_pkg'
[1.045s] Level 1:colcon.colcon_core.package_identification:_identify(qml/QtWebChannel) by extensions ['colcon_meta']
[1.045s] Level 1:colcon.colcon_core.package_identification:_identify(qml/QtWebChannel) by extension 'colcon_meta'
[1.045s] Level 1:colcon.colcon_core.package_identification:_identify(qml/QtWebChannel) by extensions ['ros']
[1.045s] Level 1:colcon.colcon_core.package_identification:_identify(qml/QtWebChannel) by extension 'ros'
[1.045s] Level 1:colcon.colcon_core.package_identification:_identify(qml/QtWebChannel) by extensions ['cmake', 'python']
[1.045s] Level 1:colcon.colcon_core.package_identification:_identify(qml/QtWebChannel) by extension 'cmake'
[1.045s] Level 1:colcon.colcon_core.package_identification:_identify(qml/QtWebChannel) by extension 'python'
[1.045s] Level 1:colcon.colcon_core.package_identification:_identify(qml/QtWebChannel) by extensions ['python_setup_py']
[1.045s] Level 1:colcon.colcon_core.package_identification:_identify(qml/QtWebChannel) by extension 'python_setup_py'
[1.046s] Level 1:colcon.colcon_core.package_identification:_identify(qml/QtWebSockets) by extensions ['ignore', 'ignore_ament_install']
[1.046s] Level 1:colcon.colcon_core.package_identification:_identify(qml/QtWebSockets) by extension 'ignore'
[1.046s] Level 1:colcon.colcon_core.package_identification:_identify(qml/QtWebSockets) by extension 'ignore_ament_install'
[1.046s] Level 1:colcon.colcon_core.package_identification:_identify(qml/QtWebSockets) by extensions ['colcon_pkg']
[1.046s] Level 1:colcon.colcon_core.package_identification:_identify(qml/QtWebSockets) by extension 'colcon_pkg'
[1.046s] Level 1:colcon.colcon_core.package_identification:_identify(qml/QtWebSockets) by extensions ['colcon_meta']
[1.046s] Level 1:colcon.colcon_core.package_identification:_identify(qml/QtWebSockets) by extension 'colcon_meta'
[1.046s] Level 1:colcon.colcon_core.package_identification:_identify(qml/QtWebSockets) by extensions ['ros']
[1.046s] Level 1:colcon.colcon_core.package_identification:_identify(qml/QtWebSockets) by extension 'ros'
[1.046s] Level 1:colcon.colcon_core.package_identification:_identify(qml/QtWebSockets) by extensions ['cmake', 'python']
[1.046s] Level 1:colcon.colcon_core.package_identification:_identify(qml/QtWebSockets) by extension 'cmake'
[1.048s] Level 1:colcon.colcon_core.package_identification:_identify(qml/QtWebSockets) by extension 'python'
[1.048s] Level 1:colcon.colcon_core.package_identification:_identify(qml/QtWebSockets) by extensions ['python_setup_py']
[1.048s] Level 1:colcon.colcon_core.package_identification:_identify(qml/QtWebSockets) by extension 'python_setup_py'
[1.048s] Level 1:colcon.colcon_core.package_identification:_identify(qml/QtWebView) by extensions ['ignore', 'ignore_ament_install']
[1.048s] Level 1:colcon.colcon_core.package_identification:_identify(qml/QtWebView) by extension 'ignore'
[1.048s] Level 1:colcon.colcon_core.package_identification:_identify(qml/QtWebView) by extension 'ignore_ament_install'
[1.048s] Level 1:colcon.colcon_core.package_identification:_identify(qml/QtWebView) by extensions ['colcon_pkg']
[1.048s] Level 1:colcon.colcon_core.package_identification:_identify(qml/QtWebView) by extension 'colcon_pkg'
[1.048s] Level 1:colcon.colcon_core.package_identification:_identify(qml/QtWebView) by extensions ['colcon_meta']
[1.048s] Level 1:colcon.colcon_core.package_identification:_identify(qml/QtWebView) by extension 'colcon_meta'
[1.048s] Level 1:colcon.colcon_core.package_identification:_identify(qml/QtWebView) by extensions ['ros']
[1.048s] Level 1:colcon.colcon_core.package_identification:_identify(qml/QtWebView) by extension 'ros'
[1.048s] Level 1:colcon.colcon_core.package_identification:_identify(qml/QtWebView) by extensions ['cmake', 'python']
[1.048s] Level 1:colcon.colcon_core.package_identification:_identify(qml/QtWebView) by extension 'cmake'
[1.048s] Level 1:colcon.colcon_core.package_identification:_identify(qml/QtWebView) by extension 'python'
[1.048s] Level 1:colcon.colcon_core.package_identification:_identify(qml/QtWebView) by extensions ['python_setup_py']
[1.048s] Level 1:colcon.colcon_core.package_identification:_identify(qml/QtWebView) by extension 'python_setup_py'
[1.048s] Level 1:colcon.colcon_core.package_identification:_identify(scenes) by extensions ['ignore', 'ignore_ament_install']
[1.049s] Level 1:colcon.colcon_core.package_identification:_identify(scenes) by extension 'ignore'
[1.049s] Level 1:colcon.colcon_core.package_identification:_identify(scenes) by extension 'ignore_ament_install'
[1.049s] Level 1:colcon.colcon_core.package_identification:_identify(scenes) by extensions ['colcon_pkg']
[1.049s] Level 1:colcon.colcon_core.package_identification:_identify(scenes) by extension 'colcon_pkg'
[1.049s] Level 1:colcon.colcon_core.package_identification:_identify(scenes) by extensions ['colcon_meta']
[1.049s] Level 1:colcon.colcon_core.package_identification:_identify(scenes) by extension 'colcon_meta'
[1.049s] Level 1:colcon.colcon_core.package_identification:_identify(scenes) by extensions ['ros']
[1.049s] Level 1:colcon.colcon_core.package_identification:_identify(scenes) by extension 'ros'
[1.049s] Level 1:colcon.colcon_core.package_identification:_identify(scenes) by extensions ['cmake', 'python']
[1.049s] Level 1:colcon.colcon_core.package_identification:_identify(scenes) by extension 'cmake'
[1.049s] Level 1:colcon.colcon_core.package_identification:_identify(scenes) by extension 'python'
[1.049s] Level 1:colcon.colcon_core.package_identification:_identify(scenes) by extensions ['python_setup_py']
[1.049s] Level 1:colcon.colcon_core.package_identification:_identify(scenes) by extension 'python_setup_py'
[1.049s] Level 1:colcon.colcon_core.package_identification:_identify(scenes/controlTypeExamples) by extensions ['ignore', 'ignore_ament_install']
[1.049s] Level 1:colcon.colcon_core.package_identification:_identify(scenes/controlTypeExamples) by extension 'ignore'
[1.049s] Level 1:colcon.colcon_core.package_identification:_identify(scenes/controlTypeExamples) by extension 'ignore_ament_install'
[1.049s] Level 1:colcon.colcon_core.package_identification:_identify(scenes/controlTypeExamples) by extensions ['colcon_pkg']
[1.049s] Level 1:colcon.colcon_core.package_identification:_identify(scenes/controlTypeExamples) by extension 'colcon_pkg'
[1.049s] Level 1:colcon.colcon_core.package_identification:_identify(scenes/controlTypeExamples) by extensions ['colcon_meta']
[1.049s] Level 1:colcon.colcon_core.package_identification:_identify(scenes/controlTypeExamples) by extension 'colcon_meta'
[1.049s] Level 1:colcon.colcon_core.package_identification:_identify(scenes/controlTypeExamples) by extensions ['ros']
[1.049s] Level 1:colcon.colcon_core.package_identification:_identify(scenes/controlTypeExamples) by extension 'ros'
[1.050s] Level 1:colcon.colcon_core.package_identification:_identify(scenes/controlTypeExamples) by extensions ['cmake', 'python']
[1.050s] Level 1:colcon.colcon_core.package_identification:_identify(scenes/controlTypeExamples) by extension 'cmake'
[1.050s] Level 1:colcon.colcon_core.package_identification:_identify(scenes/controlTypeExamples) by extension 'python'
[1.050s] Level 1:colcon.colcon_core.package_identification:_identify(scenes/controlTypeExamples) by extensions ['python_setup_py']
[1.050s] Level 1:colcon.colcon_core.package_identification:_identify(scenes/controlTypeExamples) by extension 'python_setup_py'
[1.050s] Level 1:colcon.colcon_core.package_identification:_identify(scenes/kinematics) by extensions ['ignore', 'ignore_ament_install']
[1.050s] Level 1:colcon.colcon_core.package_identification:_identify(scenes/kinematics) by extension 'ignore'
[1.050s] Level 1:colcon.colcon_core.package_identification:_identify(scenes/kinematics) by extension 'ignore_ament_install'
[1.050s] Level 1:colcon.colcon_core.package_identification:_identify(scenes/kinematics) by extensions ['colcon_pkg']
[1.050s] Level 1:colcon.colcon_core.package_identification:_identify(scenes/kinematics) by extension 'colcon_pkg'
[1.050s] Level 1:colcon.colcon_core.package_identification:_identify(scenes/kinematics) by extensions ['colcon_meta']
[1.050s] Level 1:colcon.colcon_core.package_identification:_identify(scenes/kinematics) by extension 'colcon_meta'
[1.050s] Level 1:colcon.colcon_core.package_identification:_identify(scenes/kinematics) by extensions ['ros']
[1.050s] Level 1:colcon.colcon_core.package_identification:_identify(scenes/kinematics) by extension 'ros'
[1.050s] Level 1:colcon.colcon_core.package_identification:_identify(scenes/kinematics) by extensions ['cmake', 'python']
[1.050s] Level 1:colcon.colcon_core.package_identification:_identify(scenes/kinematics) by extension 'cmake'
[1.050s] Level 1:colcon.colcon_core.package_identification:_identify(scenes/kinematics) by extension 'python'
[1.050s] Level 1:colcon.colcon_core.package_identification:_identify(scenes/kinematics) by extensions ['python_setup_py']
[1.050s] Level 1:colcon.colcon_core.package_identification:_identify(scenes/kinematics) by extension 'python_setup_py'
[1.051s] Level 1:colcon.colcon_core.package_identification:_identify(scenes/messaging) by extensions ['ignore', 'ignore_ament_install']
[1.051s] Level 1:colcon.colcon_core.package_identification:_identify(scenes/messaging) by extension 'ignore'
[1.051s] Level 1:colcon.colcon_core.package_identification:_identify(scenes/messaging) by extension 'ignore_ament_install'
[1.051s] Level 1:colcon.colcon_core.package_identification:_identify(scenes/messaging) by extensions ['colcon_pkg']
[1.051s] Level 1:colcon.colcon_core.package_identification:_identify(scenes/messaging) by extension 'colcon_pkg'
[1.051s] Level 1:colcon.colcon_core.package_identification:_identify(scenes/messaging) by extensions ['colcon_meta']
[1.051s] Level 1:colcon.colcon_core.package_identification:_identify(scenes/messaging) by extension 'colcon_meta'
[1.051s] Level 1:colcon.colcon_core.package_identification:_identify(scenes/messaging) by extensions ['ros']
[1.051s] Level 1:colcon.colcon_core.package_identification:_identify(scenes/messaging) by extension 'ros'
[1.051s] Level 1:colcon.colcon_core.package_identification:_identify(scenes/messaging) by extensions ['cmake', 'python']
[1.051s] Level 1:colcon.colcon_core.package_identification:_identify(scenes/messaging) by extension 'cmake'
[1.052s] Level 1:colcon.colcon_core.package_identification:_identify(scenes/messaging) by extension 'python'
[1.052s] Level 1:colcon.colcon_core.package_identification:_identify(scenes/messaging) by extensions ['python_setup_py']
[1.052s] Level 1:colcon.colcon_core.package_identification:_identify(scenes/messaging) by extension 'python_setup_py'
[1.052s] Level 1:colcon.colcon_core.package_identification:_identify(scenes/otherScenes) by extensions ['ignore', 'ignore_ament_install']
[1.052s] Level 1:colcon.colcon_core.package_identification:_identify(scenes/otherScenes) by extension 'ignore'
[1.052s] Level 1:colcon.colcon_core.package_identification:_identify(scenes/otherScenes) by extension 'ignore_ament_install'
[1.052s] Level 1:colcon.colcon_core.package_identification:_identify(scenes/otherScenes) by extensions ['colcon_pkg']
[1.052s] Level 1:colcon.colcon_core.package_identification:_identify(scenes/otherScenes) by extension 'colcon_pkg'
[1.053s] Level 1:colcon.colcon_core.package_identification:_identify(scenes/otherScenes) by extensions ['colcon_meta']
[1.053s] Level 1:colcon.colcon_core.package_identification:_identify(scenes/otherScenes) by extension 'colcon_meta'
[1.053s] Level 1:colcon.colcon_core.package_identification:_identify(scenes/otherScenes) by extensions ['ros']
[1.053s] Level 1:colcon.colcon_core.package_identification:_identify(scenes/otherScenes) by extension 'ros'
[1.054s] Level 1:colcon.colcon_core.package_identification:_identify(scenes/otherScenes) by extensions ['cmake', 'python']
[1.054s] Level 1:colcon.colcon_core.package_identification:_identify(scenes/otherScenes) by extension 'cmake'
[1.055s] Level 1:colcon.colcon_core.package_identification:_identify(scenes/otherScenes) by extension 'python'
[1.055s] Level 1:colcon.colcon_core.package_identification:_identify(scenes/otherScenes) by extensions ['python_setup_py']
[1.055s] Level 1:colcon.colcon_core.package_identification:_identify(scenes/otherScenes) by extension 'python_setup_py'
[1.055s] Level 1:colcon.colcon_core.package_identification:_identify(scenes/pathPlanning) by extensions ['ignore', 'ignore_ament_install']
[1.056s] Level 1:colcon.colcon_core.package_identification:_identify(scenes/pathPlanning) by extension 'ignore'
[1.056s] Level 1:colcon.colcon_core.package_identification:_identify(scenes/pathPlanning) by extension 'ignore_ament_install'
[1.056s] Level 1:colcon.colcon_core.package_identification:_identify(scenes/pathPlanning) by extensions ['colcon_pkg']
[1.056s] Level 1:colcon.colcon_core.package_identification:_identify(scenes/pathPlanning) by extension 'colcon_pkg'
[1.056s] Level 1:colcon.colcon_core.package_identification:_identify(scenes/pathPlanning) by extensions ['colcon_meta']
[1.056s] Level 1:colcon.colcon_core.package_identification:_identify(scenes/pathPlanning) by extension 'colcon_meta'
[1.056s] Level 1:colcon.colcon_core.package_identification:_identify(scenes/pathPlanning) by extensions ['ros']
[1.056s] Level 1:colcon.colcon_core.package_identification:_identify(scenes/pathPlanning) by extension 'ros'
[1.056s] Level 1:colcon.colcon_core.package_identification:_identify(scenes/pathPlanning) by extensions ['cmake', 'python']
[1.056s] Level 1:colcon.colcon_core.package_identification:_identify(scenes/pathPlanning) by extension 'cmake'
[1.056s] Level 1:colcon.colcon_core.package_identification:_identify(scenes/pathPlanning) by extension 'python'
[1.056s] Level 1:colcon.colcon_core.package_identification:_identify(scenes/pathPlanning) by extensions ['python_setup_py']
[1.056s] Level 1:colcon.colcon_core.package_identification:_identify(scenes/pathPlanning) by extension 'python_setup_py'
[1.057s] Level 1:colcon.colcon_core.package_identification:_identify(scenes/trajectoryAndMotion) by extensions ['ignore', 'ignore_ament_install']
[1.057s] Level 1:colcon.colcon_core.package_identification:_identify(scenes/trajectoryAndMotion) by extension 'ignore'
[1.057s] Level 1:colcon.colcon_core.package_identification:_identify(scenes/trajectoryAndMotion) by extension 'ignore_ament_install'
[1.057s] Level 1:colcon.colcon_core.package_identification:_identify(scenes/trajectoryAndMotion) by extensions ['colcon_pkg']
[1.057s] Level 1:colcon.colcon_core.package_identification:_identify(scenes/trajectoryAndMotion) by extension 'colcon_pkg'
[1.057s] Level 1:colcon.colcon_core.package_identification:_identify(scenes/trajectoryAndMotion) by extensions ['colcon_meta']
[1.057s] Level 1:colcon.colcon_core.package_identification:_identify(scenes/trajectoryAndMotion) by extension 'colcon_meta'
[1.057s] Level 1:colcon.colcon_core.package_identification:_identify(scenes/trajectoryAndMotion) by extensions ['ros']
[1.057s] Level 1:colcon.colcon_core.package_identification:_identify(scenes/trajectoryAndMotion) by extension 'ros'
[1.057s] Level 1:colcon.colcon_core.package_identification:_identify(scenes/trajectoryAndMotion) by extensions ['cmake', 'python']
[1.057s] Level 1:colcon.colcon_core.package_identification:_identify(scenes/trajectoryAndMotion) by extension 'cmake'
[1.058s] Level 1:colcon.colcon_core.package_identification:_identify(scenes/trajectoryAndMotion) by extension 'python'
[1.058s] Level 1:colcon.colcon_core.package_identification:_identify(scenes/trajectoryAndMotion) by extensions ['python_setup_py']
[1.058s] Level 1:colcon.colcon_core.package_identification:_identify(scenes/trajectoryAndMotion) by extension 'python_setup_py'
[1.058s] Level 1:colcon.colcon_core.package_identification:_identify(scenes/tutorials) by extensions ['ignore', 'ignore_ament_install']
[1.058s] Level 1:colcon.colcon_core.package_identification:_identify(scenes/tutorials) by extension 'ignore'
[1.059s] Level 1:colcon.colcon_core.package_identification:_identify(scenes/tutorials) by extension 'ignore_ament_install'
[1.059s] Level 1:colcon.colcon_core.package_identification:_identify(scenes/tutorials) by extensions ['colcon_pkg']
[1.059s] Level 1:colcon.colcon_core.package_identification:_identify(scenes/tutorials) by extension 'colcon_pkg'
[1.059s] Level 1:colcon.colcon_core.package_identification:_identify(scenes/tutorials) by extensions ['colcon_meta']
[1.059s] Level 1:colcon.colcon_core.package_identification:_identify(scenes/tutorials) by extension 'colcon_meta'
[1.059s] Level 1:colcon.colcon_core.package_identification:_identify(scenes/tutorials) by extensions ['ros']
[1.059s] Level 1:colcon.colcon_core.package_identification:_identify(scenes/tutorials) by extension 'ros'
[1.059s] Level 1:colcon.colcon_core.package_identification:_identify(scenes/tutorials) by extensions ['cmake', 'python']
[1.059s] Level 1:colcon.colcon_core.package_identification:_identify(scenes/tutorials) by extension 'cmake'
[1.060s] Level 1:colcon.colcon_core.package_identification:_identify(scenes/tutorials) by extension 'python'
[1.060s] Level 1:colcon.colcon_core.package_identification:_identify(scenes/tutorials) by extensions ['python_setup_py']
[1.060s] Level 1:colcon.colcon_core.package_identification:_identify(scenes/tutorials) by extension 'python_setup_py'
[1.060s] Level 1:colcon.colcon_core.package_identification:_identify(scenes/tutorials/BubbleRob) by extensions ['ignore', 'ignore_ament_install']
[1.060s] Level 1:colcon.colcon_core.package_identification:_identify(scenes/tutorials/BubbleRob) by extension 'ignore'
[1.060s] Level 1:colcon.colcon_core.package_identification:_identify(scenes/tutorials/BubbleRob) by extension 'ignore_ament_install'
[1.060s] Level 1:colcon.colcon_core.package_identification:_identify(scenes/tutorials/BubbleRob) by extensions ['colcon_pkg']
[1.061s] Level 1:colcon.colcon_core.package_identification:_identify(scenes/tutorials/BubbleRob) by extension 'colcon_pkg'
[1.061s] Level 1:colcon.colcon_core.package_identification:_identify(scenes/tutorials/BubbleRob) by extensions ['colcon_meta']
[1.061s] Level 1:colcon.colcon_core.package_identification:_identify(scenes/tutorials/BubbleRob) by extension 'colcon_meta'
[1.061s] Level 1:colcon.colcon_core.package_identification:_identify(scenes/tutorials/BubbleRob) by extensions ['ros']
[1.061s] Level 1:colcon.colcon_core.package_identification:_identify(scenes/tutorials/BubbleRob) by extension 'ros'
[1.061s] Level 1:colcon.colcon_core.package_identification:_identify(scenes/tutorials/BubbleRob) by extensions ['cmake', 'python']
[1.061s] Level 1:colcon.colcon_core.package_identification:_identify(scenes/tutorials/BubbleRob) by extension 'cmake'
[1.061s] Level 1:colcon.colcon_core.package_identification:_identify(scenes/tutorials/BubbleRob) by extension 'python'
[1.061s] Level 1:colcon.colcon_core.package_identification:_identify(scenes/tutorials/BubbleRob) by extensions ['python_setup_py']
[1.061s] Level 1:colcon.colcon_core.package_identification:_identify(scenes/tutorials/BubbleRob) by extension 'python_setup_py'
[1.062s] Level 1:colcon.colcon_core.package_identification:_identify(scenes/tutorials/BubbleRobExt) by extensions ['ignore', 'ignore_ament_install']
[1.062s] Level 1:colcon.colcon_core.package_identification:_identify(scenes/tutorials/BubbleRobExt) by extension 'ignore'
[1.062s] Level 1:colcon.colcon_core.package_identification:_identify(scenes/tutorials/BubbleRobExt) by extension 'ignore_ament_install'
[1.062s] Level 1:colcon.colcon_core.package_identification:_identify(scenes/tutorials/BubbleRobExt) by extensions ['colcon_pkg']
[1.062s] Level 1:colcon.colcon_core.package_identification:_identify(scenes/tutorials/BubbleRobExt) by extension 'colcon_pkg'
[1.062s] Level 1:colcon.colcon_core.package_identification:_identify(scenes/tutorials/BubbleRobExt) by extensions ['colcon_meta']
[1.062s] Level 1:colcon.colcon_core.package_identification:_identify(scenes/tutorials/BubbleRobExt) by extension 'colcon_meta'
[1.062s] Level 1:colcon.colcon_core.package_identification:_identify(scenes/tutorials/BubbleRobExt) by extensions ['ros']
[1.062s] Level 1:colcon.colcon_core.package_identification:_identify(scenes/tutorials/BubbleRobExt) by extension 'ros'
[1.062s] Level 1:colcon.colcon_core.package_identification:_identify(scenes/tutorials/BubbleRobExt) by extensions ['cmake', 'python']
[1.062s] Level 1:colcon.colcon_core.package_identification:_identify(scenes/tutorials/BubbleRobExt) by extension 'cmake'
[1.062s] Level 1:colcon.colcon_core.package_identification:_identify(scenes/tutorials/BubbleRobExt) by extension 'python'
[1.063s] Level 1:colcon.colcon_core.package_identification:_identify(scenes/tutorials/BubbleRobExt) by extensions ['python_setup_py']
[1.063s] Level 1:colcon.colcon_core.package_identification:_identify(scenes/tutorials/BubbleRobExt) by extension 'python_setup_py'
[1.063s] Level 1:colcon.colcon_core.package_identification:_identify(scenes/tutorials/InverseKinematics) by extensions ['ignore', 'ignore_ament_install']
[1.063s] Level 1:colcon.colcon_core.package_identification:_identify(scenes/tutorials/InverseKinematics) by extension 'ignore'
[1.063s] Level 1:colcon.colcon_core.package_identification:_identify(scenes/tutorials/InverseKinematics) by extension 'ignore_ament_install'
[1.063s] Level 1:colcon.colcon_core.package_identification:_identify(scenes/tutorials/InverseKinematics) by extensions ['colcon_pkg']
[1.063s] Level 1:colcon.colcon_core.package_identification:_identify(scenes/tutorials/InverseKinematics) by extension 'colcon_pkg'
[1.064s] Level 1:colcon.colcon_core.package_identification:_identify(scenes/tutorials/InverseKinematics) by extensions ['colcon_meta']
[1.064s] Level 1:colcon.colcon_core.package_identification:_identify(scenes/tutorials/InverseKinematics) by extension 'colcon_meta'
[1.064s] Level 1:colcon.colcon_core.package_identification:_identify(scenes/tutorials/InverseKinematics) by extensions ['ros']
[1.064s] Level 1:colcon.colcon_core.package_identification:_identify(scenes/tutorials/InverseKinematics) by extension 'ros'
[1.064s] Level 1:colcon.colcon_core.package_identification:_identify(scenes/tutorials/InverseKinematics) by extensions ['cmake', 'python']
[1.064s] Level 1:colcon.colcon_core.package_identification:_identify(scenes/tutorials/InverseKinematics) by extension 'cmake'
[1.064s] Level 1:colcon.colcon_core.package_identification:_identify(scenes/tutorials/InverseKinematics) by extension 'python'
[1.064s] Level 1:colcon.colcon_core.package_identification:_identify(scenes/tutorials/InverseKinematics) by extensions ['python_setup_py']
[1.064s] Level 1:colcon.colcon_core.package_identification:_identify(scenes/tutorials/InverseKinematics) by extension 'python_setup_py'
[1.064s] Level 1:colcon.colcon_core.package_identification:_identify(scenes/tutorials/LineFollowingBubbleRob) by extensions ['ignore', 'ignore_ament_install']
[1.065s] Level 1:colcon.colcon_core.package_identification:_identify(scenes/tutorials/LineFollowingBubbleRob) by extension 'ignore'
[1.065s] Level 1:colcon.colcon_core.package_identification:_identify(scenes/tutorials/LineFollowingBubbleRob) by extension 'ignore_ament_install'
[1.065s] Level 1:colcon.colcon_core.package_identification:_identify(scenes/tutorials/LineFollowingBubbleRob) by extensions ['colcon_pkg']
[1.065s] Level 1:colcon.colcon_core.package_identification:_identify(scenes/tutorials/LineFollowingBubbleRob) by extension 'colcon_pkg'
[1.065s] Level 1:colcon.colcon_core.package_identification:_identify(scenes/tutorials/LineFollowingBubbleRob) by extensions ['colcon_meta']
[1.065s] Level 1:colcon.colcon_core.package_identification:_identify(scenes/tutorials/LineFollowingBubbleRob) by extension 'colcon_meta'
[1.065s] Level 1:colcon.colcon_core.package_identification:_identify(scenes/tutorials/LineFollowingBubbleRob) by extensions ['ros']
[1.065s] Level 1:colcon.colcon_core.package_identification:_identify(scenes/tutorials/LineFollowingBubbleRob) by extension 'ros'
[1.065s] Level 1:colcon.colcon_core.package_identification:_identify(scenes/tutorials/LineFollowingBubbleRob) by extensions ['cmake', 'python']
[1.066s] Level 1:colcon.colcon_core.package_identification:_identify(scenes/tutorials/LineFollowingBubbleRob) by extension 'cmake'
[1.066s] Level 1:colcon.colcon_core.package_identification:_identify(scenes/tutorials/LineFollowingBubbleRob) by extension 'python'
[1.066s] Level 1:colcon.colcon_core.package_identification:_identify(scenes/tutorials/LineFollowingBubbleRob) by extensions ['python_setup_py']
[1.066s] Level 1:colcon.colcon_core.package_identification:_identify(scenes/tutorials/LineFollowingBubbleRob) by extension 'python_setup_py'
[1.066s] Level 1:colcon.colcon_core.package_identification:_identify(scenes/vision) by extensions ['ignore', 'ignore_ament_install']
[1.066s] Level 1:colcon.colcon_core.package_identification:_identify(scenes/vision) by extension 'ignore'
[1.066s] Level 1:colcon.colcon_core.package_identification:_identify(scenes/vision) by extension 'ignore_ament_install'
[1.067s] Level 1:colcon.colcon_core.package_identification:_identify(scenes/vision) by extensions ['colcon_pkg']
[1.067s] Level 1:colcon.colcon_core.package_identification:_identify(scenes/vision) by extension 'colcon_pkg'
[1.067s] Level 1:colcon.colcon_core.package_identification:_identify(scenes/vision) by extensions ['colcon_meta']
[1.067s] Level 1:colcon.colcon_core.package_identification:_identify(scenes/vision) by extension 'colcon_meta'
[1.067s] Level 1:colcon.colcon_core.package_identification:_identify(scenes/vision) by extensions ['ros']
[1.067s] Level 1:colcon.colcon_core.package_identification:_identify(scenes/vision) by extension 'ros'
[1.067s] Level 1:colcon.colcon_core.package_identification:_identify(scenes/vision) by extensions ['cmake', 'python']
[1.068s] Level 1:colcon.colcon_core.package_identification:_identify(scenes/vision) by extension 'cmake'
[1.068s] Level 1:colcon.colcon_core.package_identification:_identify(scenes/vision) by extension 'python'
[1.068s] Level 1:colcon.colcon_core.package_identification:_identify(scenes/vision) by extensions ['python_setup_py']
[1.068s] Level 1:colcon.colcon_core.package_identification:_identify(scenes/vision) by extension 'python_setup_py'
[1.068s] Level 1:colcon.colcon_core.package_identification:_identify(sensors) by extensions ['ignore', 'ignore_ament_install']
[1.068s] Level 1:colcon.colcon_core.package_identification:_identify(sensors) by extension 'ignore'
[1.068s] Level 1:colcon.colcon_core.package_identification:_identify(sensors) by extension 'ignore_ament_install'
[1.068s] Level 1:colcon.colcon_core.package_identification:_identify(sensors) by extensions ['colcon_pkg']
[1.068s] Level 1:colcon.colcon_core.package_identification:_identify(sensors) by extension 'colcon_pkg'
[1.068s] Level 1:colcon.colcon_core.package_identification:_identify(sensors) by extensions ['colcon_meta']
[1.068s] Level 1:colcon.colcon_core.package_identification:_identify(sensors) by extension 'colcon_meta'
[1.068s] Level 1:colcon.colcon_core.package_identification:_identify(sensors) by extensions ['ros']
[1.068s] Level 1:colcon.colcon_core.package_identification:_identify(sensors) by extension 'ros'
[1.069s] Level 1:colcon.colcon_core.package_identification:_identify(sensors) by extensions ['cmake', 'python']
[1.069s] Level 1:colcon.colcon_core.package_identification:_identify(sensors) by extension 'cmake'
[1.069s] Level 1:colcon.colcon_core.package_identification:_identify(sensors) by extension 'python'
[1.069s] Level 1:colcon.colcon_core.package_identification:_identify(sensors) by extensions ['python_setup_py']
[1.069s] Level 1:colcon.colcon_core.package_identification:_identify(sensors) by extension 'python_setup_py'
[1.069s] Level 1:colcon.colcon_core.package_identification:_identify(snippets) by extensions ['ignore', 'ignore_ament_install']
[1.069s] Level 1:colcon.colcon_core.package_identification:_identify(snippets) by extension 'ignore'
[1.069s] Level 1:colcon.colcon_core.package_identification:_identify(snippets) by extension 'ignore_ament_install'
[1.070s] Level 1:colcon.colcon_core.package_identification:_identify(snippets) by extensions ['colcon_pkg']
[1.070s] Level 1:colcon.colcon_core.package_identification:_identify(snippets) by extension 'colcon_pkg'
[1.070s] Level 1:colcon.colcon_core.package_identification:_identify(snippets) by extensions ['colcon_meta']
[1.070s] Level 1:colcon.colcon_core.package_identification:_identify(snippets) by extension 'colcon_meta'
[1.070s] Level 1:colcon.colcon_core.package_identification:_identify(snippets) by extensions ['ros']
[1.070s] Level 1:colcon.colcon_core.package_identification:_identify(snippets) by extension 'ros'
[1.070s] Level 1:colcon.colcon_core.package_identification:_identify(snippets) by extensions ['cmake', 'python']
[1.070s] Level 1:colcon.colcon_core.package_identification:_identify(snippets) by extension 'cmake'
[1.070s] Level 1:colcon.colcon_core.package_identification:_identify(snippets) by extension 'python'
[1.071s] Level 1:colcon.colcon_core.package_identification:_identify(snippets) by extensions ['python_setup_py']
[1.071s] Level 1:colcon.colcon_core.package_identification:_identify(snippets) by extension 'python_setup_py'
[1.071s] Level 1:colcon.colcon_core.package_identification:_identify(snippets/lua) by extensions ['ignore', 'ignore_ament_install']
[1.071s] Level 1:colcon.colcon_core.package_identification:_identify(snippets/lua) by extension 'ignore'
[1.071s] Level 1:colcon.colcon_core.package_identification:_identify(snippets/lua) by extension 'ignore_ament_install'
[1.071s] Level 1:colcon.colcon_core.package_identification:_identify(snippets/lua) by extensions ['colcon_pkg']
[1.071s] Level 1:colcon.colcon_core.package_identification:_identify(snippets/lua) by extension 'colcon_pkg'
[1.071s] Level 1:colcon.colcon_core.package_identification:_identify(snippets/lua) by extensions ['colcon_meta']
[1.071s] Level 1:colcon.colcon_core.package_identification:_identify(snippets/lua) by extension 'colcon_meta'
[1.071s] Level 1:colcon.colcon_core.package_identification:_identify(snippets/lua) by extensions ['ros']
[1.071s] Level 1:colcon.colcon_core.package_identification:_identify(snippets/lua) by extension 'ros'
[1.072s] Level 1:colcon.colcon_core.package_identification:_identify(snippets/lua) by extensions ['cmake', 'python']
[1.072s] Level 1:colcon.colcon_core.package_identification:_identify(snippets/lua) by extension 'cmake'
[1.072s] Level 1:colcon.colcon_core.package_identification:_identify(snippets/lua) by extension 'python'
[1.072s] Level 1:colcon.colcon_core.package_identification:_identify(snippets/lua) by extensions ['python_setup_py']
[1.072s] Level 1:colcon.colcon_core.package_identification:_identify(snippets/lua) by extension 'python_setup_py'
[1.072s] Level 1:colcon.colcon_core.package_identification:_identify(snippets/lua/child_script) by extensions ['ignore', 'ignore_ament_install']
[1.073s] Level 1:colcon.colcon_core.package_identification:_identify(snippets/lua/child_script) by extension 'ignore'
[1.073s] Level 1:colcon.colcon_core.package_identification:_identify(snippets/lua/child_script) by extension 'ignore_ament_install'
[1.073s] Level 1:colcon.colcon_core.package_identification:_identify(snippets/lua/child_script) by extensions ['colcon_pkg']
[1.073s] Level 1:colcon.colcon_core.package_identification:_identify(snippets/lua/child_script) by extension 'colcon_pkg'
[1.073s] Level 1:colcon.colcon_core.package_identification:_identify(snippets/lua/child_script) by extensions ['colcon_meta']
[1.073s] Level 1:colcon.colcon_core.package_identification:_identify(snippets/lua/child_script) by extension 'colcon_meta'
[1.073s] Level 1:colcon.colcon_core.package_identification:_identify(snippets/lua/child_script) by extensions ['ros']
[1.073s] Level 1:colcon.colcon_core.package_identification:_identify(snippets/lua/child_script) by extension 'ros'
[1.073s] Level 1:colcon.colcon_core.package_identification:_identify(snippets/lua/child_script) by extensions ['cmake', 'python']
[1.073s] Level 1:colcon.colcon_core.package_identification:_identify(snippets/lua/child_script) by extension 'cmake'
[1.074s] Level 1:colcon.colcon_core.package_identification:_identify(snippets/lua/child_script) by extension 'python'
[1.074s] Level 1:colcon.colcon_core.package_identification:_identify(snippets/lua/child_script) by extensions ['python_setup_py']
[1.074s] Level 1:colcon.colcon_core.package_identification:_identify(snippets/lua/child_script) by extension 'python_setup_py'
[1.074s] Level 1:colcon.colcon_core.package_identification:_identify(snippets/lua/customization_script) by extensions ['ignore', 'ignore_ament_install']
[1.074s] Level 1:colcon.colcon_core.package_identification:_identify(snippets/lua/customization_script) by extension 'ignore'
[1.074s] Level 1:colcon.colcon_core.package_identification:_identify(snippets/lua/customization_script) by extension 'ignore_ament_install'
[1.074s] Level 1:colcon.colcon_core.package_identification:_identify(snippets/lua/customization_script) by extensions ['colcon_pkg']
[1.074s] Level 1:colcon.colcon_core.package_identification:_identify(snippets/lua/customization_script) by extension 'colcon_pkg'
[1.074s] Level 1:colcon.colcon_core.package_identification:_identify(snippets/lua/customization_script) by extensions ['colcon_meta']
[1.075s] Level 1:colcon.colcon_core.package_identification:_identify(snippets/lua/customization_script) by extension 'colcon_meta'
[1.075s] Level 1:colcon.colcon_core.package_identification:_identify(snippets/lua/customization_script) by extensions ['ros']
[1.075s] Level 1:colcon.colcon_core.package_identification:_identify(snippets/lua/customization_script) by extension 'ros'
[1.075s] Level 1:colcon.colcon_core.package_identification:_identify(snippets/lua/customization_script) by extensions ['cmake', 'python']
[1.075s] Level 1:colcon.colcon_core.package_identification:_identify(snippets/lua/customization_script) by extension 'cmake'
[1.075s] Level 1:colcon.colcon_core.package_identification:_identify(snippets/lua/customization_script) by extension 'python'
[1.075s] Level 1:colcon.colcon_core.package_identification:_identify(snippets/lua/customization_script) by extensions ['python_setup_py']
[1.075s] Level 1:colcon.colcon_core.package_identification:_identify(snippets/lua/customization_script) by extension 'python_setup_py'
[1.076s] Level 1:colcon.colcon_core.package_identification:_identify(snippets/python) by extensions ['ignore', 'ignore_ament_install']
[1.076s] Level 1:colcon.colcon_core.package_identification:_identify(snippets/python) by extension 'ignore'
[1.076s] Level 1:colcon.colcon_core.package_identification:_identify(snippets/python) by extension 'ignore_ament_install'
[1.076s] Level 1:colcon.colcon_core.package_identification:_identify(snippets/python) by extensions ['colcon_pkg']
[1.076s] Level 1:colcon.colcon_core.package_identification:_identify(snippets/python) by extension 'colcon_pkg'
[1.076s] Level 1:colcon.colcon_core.package_identification:_identify(snippets/python) by extensions ['colcon_meta']
[1.076s] Level 1:colcon.colcon_core.package_identification:_identify(snippets/python) by extension 'colcon_meta'
[1.077s] Level 1:colcon.colcon_core.package_identification:_identify(snippets/python) by extensions ['ros']
[1.077s] Level 1:colcon.colcon_core.package_identification:_identify(snippets/python) by extension 'ros'
[1.077s] Level 1:colcon.colcon_core.package_identification:_identify(snippets/python) by extensions ['cmake', 'python']
[1.077s] Level 1:colcon.colcon_core.package_identification:_identify(snippets/python) by extension 'cmake'
[1.077s] Level 1:colcon.colcon_core.package_identification:_identify(snippets/python) by extension 'python'
[1.077s] Level 1:colcon.colcon_core.package_identification:_identify(snippets/python) by extensions ['python_setup_py']
[1.077s] Level 1:colcon.colcon_core.package_identification:_identify(snippets/python) by extension 'python_setup_py'
[1.077s] Level 1:colcon.colcon_core.package_identification:_identify(snippets/python/child_script) by extensions ['ignore', 'ignore_ament_install']
[1.077s] Level 1:colcon.colcon_core.package_identification:_identify(snippets/python/child_script) by extension 'ignore'
[1.077s] Level 1:colcon.colcon_core.package_identification:_identify(snippets/python/child_script) by extension 'ignore_ament_install'
[1.077s] Level 1:colcon.colcon_core.package_identification:_identify(snippets/python/child_script) by extensions ['colcon_pkg']
[1.077s] Level 1:colcon.colcon_core.package_identification:_identify(snippets/python/child_script) by extension 'colcon_pkg'
[1.077s] Level 1:colcon.colcon_core.package_identification:_identify(snippets/python/child_script) by extensions ['colcon_meta']
[1.078s] Level 1:colcon.colcon_core.package_identification:_identify(snippets/python/child_script) by extension 'colcon_meta'
[1.078s] Level 1:colcon.colcon_core.package_identification:_identify(snippets/python/child_script) by extensions ['ros']
[1.078s] Level 1:colcon.colcon_core.package_identification:_identify(snippets/python/child_script) by extension 'ros'
[1.078s] Level 1:colcon.colcon_core.package_identification:_identify(snippets/python/child_script) by extensions ['cmake', 'python']
[1.078s] Level 1:colcon.colcon_core.package_identification:_identify(snippets/python/child_script) by extension 'cmake'
[1.078s] Level 1:colcon.colcon_core.package_identification:_identify(snippets/python/child_script) by extension 'python'
[1.078s] Level 1:colcon.colcon_core.package_identification:_identify(snippets/python/child_script) by extensions ['python_setup_py']
[1.078s] Level 1:colcon.colcon_core.package_identification:_identify(snippets/python/child_script) by extension 'python_setup_py'
[1.078s] Level 1:colcon.colcon_core.package_identification:_identify(snippets/python/customization_script) by extensions ['ignore', 'ignore_ament_install']
[1.078s] Level 1:colcon.colcon_core.package_identification:_identify(snippets/python/customization_script) by extension 'ignore'
[1.078s] Level 1:colcon.colcon_core.package_identification:_identify(snippets/python/customization_script) by extension 'ignore_ament_install'
[1.079s] Level 1:colcon.colcon_core.package_identification:_identify(snippets/python/customization_script) by extensions ['colcon_pkg']
[1.079s] Level 1:colcon.colcon_core.package_identification:_identify(snippets/python/customization_script) by extension 'colcon_pkg'
[1.079s] Level 1:colcon.colcon_core.package_identification:_identify(snippets/python/customization_script) by extensions ['colcon_meta']
[1.079s] Level 1:colcon.colcon_core.package_identification:_identify(snippets/python/customization_script) by extension 'colcon_meta'
[1.079s] Level 1:colcon.colcon_core.package_identification:_identify(snippets/python/customization_script) by extensions ['ros']
[1.079s] Level 1:colcon.colcon_core.package_identification:_identify(snippets/python/customization_script) by extension 'ros'
[1.079s] Level 1:colcon.colcon_core.package_identification:_identify(snippets/python/customization_script) by extensions ['cmake', 'python']
[1.079s] Level 1:colcon.colcon_core.package_identification:_identify(snippets/python/customization_script) by extension 'cmake'
[1.079s] Level 1:colcon.colcon_core.package_identification:_identify(snippets/python/customization_script) by extension 'python'
[1.079s] Level 1:colcon.colcon_core.package_identification:_identify(snippets/python/customization_script) by extensions ['python_setup_py']
[1.079s] Level 1:colcon.colcon_core.package_identification:_identify(snippets/python/customization_script) by extension 'python_setup_py'
[1.079s] Level 1:colcon.colcon_core.package_identification:_identify(system) by extensions ['ignore', 'ignore_ament_install']
[1.080s] Level 1:colcon.colcon_core.package_identification:_identify(system) by extension 'ignore'
[1.080s] Level 1:colcon.colcon_core.package_identification:_identify(system) by extension 'ignore_ament_install'
[1.080s] Level 1:colcon.colcon_core.package_identification:_identify(system) by extensions ['colcon_pkg']
[1.080s] Level 1:colcon.colcon_core.package_identification:_identify(system) by extension 'colcon_pkg'
[1.080s] Level 1:colcon.colcon_core.package_identification:_identify(system) by extensions ['colcon_meta']
[1.080s] Level 1:colcon.colcon_core.package_identification:_identify(system) by extension 'colcon_meta'
[1.080s] Level 1:colcon.colcon_core.package_identification:_identify(system) by extensions ['ros']
[1.080s] Level 1:colcon.colcon_core.package_identification:_identify(system) by extension 'ros'
[1.080s] Level 1:colcon.colcon_core.package_identification:_identify(system) by extensions ['cmake', 'python']
[1.080s] Level 1:colcon.colcon_core.package_identification:_identify(system) by extension 'cmake'
[1.080s] Level 1:colcon.colcon_core.package_identification:_identify(system) by extension 'python'
[1.080s] Level 1:colcon.colcon_core.package_identification:_identify(system) by extensions ['python_setup_py']
[1.080s] Level 1:colcon.colcon_core.package_identification:_identify(system) by extension 'python_setup_py'
[1.080s] Level 1:colcon.colcon_core.package_identification:_identify(vortexPlugin) by extensions ['ignore', 'ignore_ament_install']
[1.080s] Level 1:colcon.colcon_core.package_identification:_identify(vortexPlugin) by extension 'ignore'
[1.081s] Level 1:colcon.colcon_core.package_identification:_identify(vortexPlugin) by extension 'ignore_ament_install'
[1.081s] Level 1:colcon.colcon_core.package_identification:_identify(vortexPlugin) by extensions ['colcon_pkg']
[1.081s] Level 1:colcon.colcon_core.package_identification:_identify(vortexPlugin) by extension 'colcon_pkg'
[1.081s] Level 1:colcon.colcon_core.package_identification:_identify(vortexPlugin) by extensions ['colcon_meta']
[1.081s] Level 1:colcon.colcon_core.package_identification:_identify(vortexPlugin) by extension 'colcon_meta'
[1.081s] Level 1:colcon.colcon_core.package_identification:_identify(vortexPlugin) by extensions ['ros']
[1.081s] Level 1:colcon.colcon_core.package_identification:_identify(vortexPlugin) by extension 'ros'
[1.081s] Level 1:colcon.colcon_core.package_identification:_identify(vortexPlugin) by extensions ['cmake', 'python']
[1.081s] Level 1:colcon.colcon_core.package_identification:_identify(vortexPlugin) by extension 'cmake'
[1.081s] Level 1:colcon.colcon_core.package_identification:_identify(vortexPlugin) by extension 'python'
[1.081s] Level 1:colcon.colcon_core.package_identification:_identify(vortexPlugin) by extensions ['python_setup_py']
[1.082s] Level 1:colcon.colcon_core.package_identification:_identify(vortexPlugin) by extension 'python_setup_py'
[1.082s] Level 1:colcon.colcon_core.package_identification:_identify(xcbglintegrations) by extensions ['ignore', 'ignore_ament_install']
[1.082s] Level 1:colcon.colcon_core.package_identification:_identify(xcbglintegrations) by extension 'ignore'
[1.082s] Level 1:colcon.colcon_core.package_identification:_identify(xcbglintegrations) by extension 'ignore_ament_install'
[1.082s] Level 1:colcon.colcon_core.package_identification:_identify(xcbglintegrations) by extensions ['colcon_pkg']
[1.082s] Level 1:colcon.colcon_core.package_identification:_identify(xcbglintegrations) by extension 'colcon_pkg'
[1.082s] Level 1:colcon.colcon_core.package_identification:_identify(xcbglintegrations) by extensions ['colcon_meta']
[1.082s] Level 1:colcon.colcon_core.package_identification:_identify(xcbglintegrations) by extension 'colcon_meta'
[1.083s] Level 1:colcon.colcon_core.package_identification:_identify(xcbglintegrations) by extensions ['ros']
[1.083s] Level 1:colcon.colcon_core.package_identification:_identify(xcbglintegrations) by extension 'ros'
[1.083s] Level 1:colcon.colcon_core.package_identification:_identify(xcbglintegrations) by extensions ['cmake', 'python']
[1.083s] Level 1:colcon.colcon_core.package_identification:_identify(xcbglintegrations) by extension 'cmake'
[1.084s] Level 1:colcon.colcon_core.package_identification:_identify(xcbglintegrations) by extension 'python'
[1.084s] Level 1:colcon.colcon_core.package_identification:_identify(xcbglintegrations) by extensions ['python_setup_py']
[1.084s] Level 1:colcon.colcon_core.package_identification:_identify(xcbglintegrations) by extension 'python_setup_py'
[1.084s] Level 1:colcon.colcon_core.package_discovery:discover_packages(recursive) using defaults
[1.084s] Level 1:colcon.colcon_core.package_discovery:discover_packages(ignore) discover
[1.084s] Level 1:colcon.colcon_core.package_discovery:discover_packages(ignore) using defaults
[1.084s] Level 1:colcon.colcon_core.package_discovery:discover_packages(path) discover
[1.084s] Level 1:colcon.colcon_core.package_discovery:discover_packages(path) using defaults
[1.142s] INFO:colcon.colcon_core.package_selection:Skipping not selected package 'ros2_bubble_rob' in 'programming/ros2_packages/ros2_bubble_rob'
[1.142s] INFO:colcon.colcon_core.package_selection:Skipping not selected package 'ros_bubble_rob' in 'programming/ros_packages/ros_bubble_rob'
[1.142s] INFO:colcon.colcon_core.package_selection:Skipping not selected package 'simStubsGenTests' in 'programming/libPlugin/simStubsGen/tests'
[1.142s] INFO:colcon.colcon_core.package_selection:Skipping not selected package 'sim_ros_interface' in 'programming/ros_packages/sim_ros_interface'
[1.142s] INFO:colcon.colcon_core.package_selection:Skipping not selected package 'wsRemoteApi' in 'programming/wsRemoteApi'
[1.142s] INFO:colcon.colcon_core.package_selection:Skipping not selected package 'zmqRemoteApi' in 'programming/zmqRemoteApi'
[1.145s] Level 1:colcon.colcon_core.package_discovery:discover_packages(prefix_path) check parameters
[1.145s] Level 1:colcon.colcon_core.package_discovery:discover_packages(prefix_path) discover
[1.159s] DEBUG:colcon.colcon_installed_package_information.package_discovery:Found 1 installed packages in /home/user/Desktop/New_ter/CoppeliaSim/install
[1.169s] DEBUG:colcon.colcon_installed_package_information.package_discovery:Found 341 installed packages in /opt/ros/jazzy
[1.172s] Level 1:colcon.colcon_core.package_discovery:discover_packages(prefix_path) using defaults
[1.261s] Level 5:colcon.colcon_core.verb:set package 'sim_ros2_interface' build argument 'cmake_args' from command line to 'None'
[1.262s] Level 5:colcon.colcon_core.verb:set package 'sim_ros2_interface' build argument 'cmake_target' from command line to 'None'
[1.262s] Level 5:colcon.colcon_core.verb:set package 'sim_ros2_interface' build argument 'cmake_target_skip_unavailable' from command line to 'False'
[1.262s] Level 5:colcon.colcon_core.verb:set package 'sim_ros2_interface' build argument 'cmake_clean_cache' from command line to 'False'
[1.262s] Level 5:colcon.colcon_core.verb:set package 'sim_ros2_interface' build argument 'cmake_clean_first' from command line to 'False'
[1.262s] Level 5:colcon.colcon_core.verb:set package 'sim_ros2_interface' build argument 'cmake_force_configure' from command line to 'False'
[1.262s] Level 5:colcon.colcon_core.verb:set package 'sim_ros2_interface' build argument 'ament_cmake_args' from command line to 'None'
[1.262s] Level 5:colcon.colcon_core.verb:set package 'sim_ros2_interface' build argument 'catkin_cmake_args' from command line to 'None'
[1.262s] Level 5:colcon.colcon_core.verb:set package 'sim_ros2_interface' build argument 'catkin_skip_building_tests' from command line to 'False'
[1.262s] DEBUG:colcon.colcon_core.verb:Building package 'sim_ros2_interface' with the following arguments: {'ament_cmake_args': None, 'build_base': '/home/user/Desktop/New_ter/CoppeliaSim/build/sim_ros2_interface', 'catkin_cmake_args': None, 'catkin_skip_building_tests': False, 'cmake_args': None, 'cmake_clean_cache': False, 'cmake_clean_first': False, 'cmake_force_configure': False, 'cmake_target': None, 'cmake_target_skip_unavailable': False, 'install_base': '/home/user/Desktop/New_ter/CoppeliaSim/install/sim_ros2_interface', 'merge_install': False, 'path': '/home/user/Desktop/New_ter/CoppeliaSim/programming/ros2_packages/sim_ros2_interface', 'symlink_install': True, 'test_result_base': None}
[1.262s] INFO:colcon.colcon_core.executor:Executing jobs using 'parallel' executor
[1.264s] DEBUG:colcon.colcon_parallel_executor.executor.parallel:run_until_complete
[1.265s] INFO:colcon.colcon_ros.task.ament_cmake.build:Building ROS package in '/home/user/Desktop/New_ter/CoppeliaSim/programming/ros2_packages/sim_ros2_interface' with build type 'ament_cmake'
[1.265s] INFO:colcon.colcon_cmake.task.cmake.build:Building CMake package in '/home/user/Desktop/New_ter/CoppeliaSim/programming/ros2_packages/sim_ros2_interface'
[1.293s] INFO:colcon.colcon_core.plugin_system:Skipping extension 'colcon_core.shell.bat': Not used on non-Windows systems
[1.294s] INFO:colcon.colcon_core.shell:Skip shell extension 'powershell' for command environment: Not usable outside of PowerShell
[1.294s] DEBUG:colcon.colcon_core.shell:Skip shell extension 'dsv' for command environment
[1.328s] DEBUG:colcon.colcon_core.event_handler.log_command:Invoking command in '/home/user/Desktop/New_ter/CoppeliaSim/build/sim_ros2_interface': CMAKE_PREFIX_PATH=${CMAKE_PREFIX_PATH}:/opt/ros/jazzy DEBUGINFOD_URLS=https://debuginfod.ubuntu.com /usr/bin/cmake /home/user/Desktop/New_ter/CoppeliaSim/programming/ros2_packages/sim_ros2_interface -DAMENT_CMAKE_SYMLINK_INSTALL=1 -DCMAKE_INSTALL_PREFIX=/home/user/Desktop/New_ter/CoppeliaSim/install/sim_ros2_interface
[6.721s] DEBUG:colcon.colcon_core.event_handler.log_command:Invoked command in '/home/user/Desktop/New_ter/CoppeliaSim/build/sim_ros2_interface' returned '1': CMAKE_PREFIX_PATH=${CMAKE_PREFIX_PATH}:/opt/ros/jazzy DEBUGINFOD_URLS=https://debuginfod.ubuntu.com /usr/bin/cmake /home/user/Desktop/New_ter/CoppeliaSim/programming/ros2_packages/sim_ros2_interface -DAMENT_CMAKE_SYMLINK_INSTALL=1 -DCMAKE_INSTALL_PREFIX=/home/user/Desktop/New_ter/CoppeliaSim/install/sim_ros2_interface
[6.747s] Level 1:colcon.colcon_core.environment:create_environment_scripts_only(sim_ros2_interface)
[6.764s] Level 1:colcon.colcon_core.environment:checking '/home/user/Desktop/New_ter/CoppeliaSim/install/sim_ros2_interface' for CMake module files
[6.766s] Level 1:colcon.colcon_core.environment:checking '/home/user/Desktop/New_ter/CoppeliaSim/install/sim_ros2_interface' for CMake config files
[6.767s] Level 1:colcon.colcon_core.shell:create_environment_hook('sim_ros2_interface', 'cmake_prefix_path')
[6.767s] INFO:colcon.colcon_core.shell:Creating environment hook '/home/user/Desktop/New_ter/CoppeliaSim/install/sim_ros2_interface/share/sim_ros2_interface/hook/cmake_prefix_path.ps1'
[6.771s] INFO:colcon.colcon_core.shell:Creating environment descriptor '/home/user/Desktop/New_ter/CoppeliaSim/install/sim_ros2_interface/share/sim_ros2_interface/hook/cmake_prefix_path.dsv'
[6.773s] INFO:colcon.colcon_core.shell:Creating environment hook '/home/user/Desktop/New_ter/CoppeliaSim/install/sim_ros2_interface/share/sim_ros2_interface/hook/cmake_prefix_path.sh'
[6.776s] Level 1:colcon.colcon_core.environment:checking '/home/user/Desktop/New_ter/CoppeliaSim/install/sim_ros2_interface/bin'
[6.776s] Level 1:colcon.colcon_core.environment:checking '/home/user/Desktop/New_ter/CoppeliaSim/install/sim_ros2_interface/lib/pkgconfig/sim_ros2_interface.pc'
[6.776s] Level 1:colcon.colcon_core.environment:checking '/home/user/Desktop/New_ter/CoppeliaSim/install/sim_ros2_interface/lib/python3.12/site-packages'
[6.776s] Level 1:colcon.colcon_core.environment:checking '/home/user/Desktop/New_ter/CoppeliaSim/install/sim_ros2_interface/bin'
[6.777s] INFO:colcon.colcon_core.shell:Creating package script '/home/user/Desktop/New_ter/CoppeliaSim/install/sim_ros2_interface/share/sim_ros2_interface/package.ps1'
[6.780s] INFO:colcon.colcon_core.shell:Creating package descriptor '/home/user/Desktop/New_ter/CoppeliaSim/install/sim_ros2_interface/share/sim_ros2_interface/package.dsv'
[6.783s] INFO:colcon.colcon_core.shell:Creating package script '/home/user/Desktop/New_ter/CoppeliaSim/install/sim_ros2_interface/share/sim_ros2_interface/package.sh'
[6.786s] INFO:colcon.colcon_core.shell:Creating package script '/home/user/Desktop/New_ter/CoppeliaSim/install/sim_ros2_interface/share/sim_ros2_interface/package.bash'
[6.790s] INFO:colcon.colcon_core.shell:Creating package script '/home/user/Desktop/New_ter/CoppeliaSim/install/sim_ros2_interface/share/sim_ros2_interface/package.zsh'
[6.793s] Level 1:colcon.colcon_core.environment:create_file_with_runtime_dependencies(/home/user/Desktop/New_ter/CoppeliaSim/install/sim_ros2_interface/share/colcon-core/packages/sim_ros2_interface)
[6.805s] DEBUG:colcon.colcon_parallel_executor.executor.parallel:closing loop
[6.805s] DEBUG:colcon.colcon_parallel_executor.executor.parallel:loop closed
[6.805s] DEBUG:colcon.colcon_parallel_executor.executor.parallel:run_until_complete finished with '1'
[6.806s] DEBUG:colcon.colcon_core.event_reactor:joining thread
[6.866s] INFO:colcon.colcon_core.plugin_system:Skipping extension 'colcon_notification.desktop_notification.terminal_notifier': Not used on non-Darwin systems
[6.866s] INFO:colcon.colcon_core.plugin_system:Skipping extension 'colcon_notification.desktop_notification.win32': Not used on non-Windows systems
[6.866s] INFO:colcon.colcon_notification.desktop_notification:Sending desktop notification using 'notify2'
[6.939s] DEBUG:colcon.colcon_core.event_reactor:joined thread
[6.939s] INFO:colcon.colcon_core.shell:Creating prefix script '/home/user/Desktop/New_ter/CoppeliaSim/install/local_setup.ps1'
[6.943s] INFO:colcon.colcon_core.shell:Creating prefix util module '/home/user/Desktop/New_ter/CoppeliaSim/install/_local_setup_util_ps1.py'
[6.947s] INFO:colcon.colcon_core.shell:Creating prefix chain script '/home/user/Desktop/New_ter/CoppeliaSim/install/setup.ps1'
[6.950s] INFO:colcon.colcon_core.shell:Creating prefix script '/home/user/Desktop/New_ter/CoppeliaSim/install/local_setup.sh'
[6.956s] INFO:colcon.colcon_core.shell:Creating prefix util module '/home/user/Desktop/New_ter/CoppeliaSim/install/_local_setup_util_sh.py'
[6.958s] INFO:colcon.colcon_core.shell:Creating prefix chain script '/home/user/Desktop/New_ter/CoppeliaSim/install/setup.sh'
[6.962s] INFO:colcon.colcon_core.shell:Creating prefix script '/home/user/Desktop/New_ter/CoppeliaSim/install/local_setup.bash'
[6.965s] INFO:colcon.colcon_core.shell:Creating prefix chain script '/home/user/Desktop/New_ter/CoppeliaSim/install/setup.bash'
[6.969s] INFO:colcon.colcon_core.shell:Creating prefix script '/home/user/Desktop/New_ter/CoppeliaSim/install/local_setup.zsh'
[6.972s] INFO:colcon.colcon_core.shell:Creating prefix chain script '/home/user/Desktop/New_ter/CoppeliaSim/install/setup.zsh'
