[0.000000] (-) TimerEvent: {}
[0.000551] (aiguillages) JobQueued: {'identifier': 'aiguillages', 'dependencies': OrderedDict()}
[0.000572] (commande_locale) JobQueued: {'identifier': 'commande_locale', 'dependencies': OrderedDict({'aiguillages': '/home/user/celluleflexible_en_cours_ROS2/ros_ws/install/aiguillages'})}
[0.000617] (shuttles) JobQueued: {'identifier': 'shuttles', 'dependencies': OrderedDict({'aiguillages': '/home/user/celluleflexible_en_cours_ROS2/ros_ws/install/aiguillages'})}
[0.000627] (robots) JobQueued: {'identifier': 'robots', 'dependencies': OrderedDict({'aiguillages': '/home/user/celluleflexible_en_cours_ROS2/ros_ws/install/aiguillages', 'commande_locale': '/home/user/celluleflexible_en_cours_ROS2/ros_ws/install/commande_locale', 'shuttles': '/home/user/celluleflexible_en_cours_ROS2/ros_ws/install/shuttles'})}
[0.000636] (aiguillages) JobStarted: {'identifier': 'aiguillages'}
[0.012528] (aiguillages) JobProgress: {'identifier': 'aiguillages', 'progress': 'cmake'}
[0.013447] (aiguillages) JobProgress: {'identifier': 'aiguillages', 'progress': 'build'}
[0.013496] (aiguillages) Command: {'cmd': ['/usr/bin/cmake', '--build', '/home/user/celluleflexible_en_cours_ROS2/ros_ws/build/aiguillages', '--', '-j8', '-l8'], 'cwd': '/home/user/celluleflexible_en_cours_ROS2/ros_ws/build/aiguillages', 'env': OrderedDict({'LESSOPEN': '| /usr/bin/lesspipe %s', 'USER': 'user', 'XDG_SESSION_TYPE': 'wayland', 'SHLVL': '1', 'LD_LIBRARY_PATH': '/home/user/celluleflexible_en_cours_ROS2/ros_ws/install/shuttles/lib:/home/user/celluleflexible_en_cours_ROS2/ros_ws/install/robots/lib:/home/user/celluleflexible_en_cours_ROS2/ros_ws/install/commande_locale/lib:/home/user/celluleflexible_en_cours_ROS2/ros_ws/install/aiguillages/lib:/opt/ros/jazzy/opt/rviz_ogre_vendor/lib:/opt/ros/jazzy/lib/x86_64-linux-gnu:/opt/ros/jazzy/opt/gz_math_vendor/lib:/opt/ros/jazzy/opt/gz_utils_vendor/lib:/opt/ros/jazzy/opt/gz_cmake_vendor/lib:/opt/ros/jazzy/lib', 'HOME': '/home/user', 'DESKTOP_SESSION': 'ubuntu', 'ROS_PYTHON_VERSION': '3', 'GNOME_SHELL_SESSION_MODE': 'ubuntu', 'GTK_MODULES': 'gail:atk-bridge', 'DBUS_STARTER_BUS_TYPE': 'session', 'SYSTEMD_EXEC_PID': '2240', 'GSM_SKIP_SSH_AGENT_WORKAROUND': 'true', 'DBUS_SESSION_BUS_ADDRESS': 'unix:path=/run/user/1000/bus,guid=6da02ccfb5f5be8b2dc210526992ca6b', 'COLORTERM': 'truecolor', 'DEBUGINFOD_URLS': 'https://debuginfod.ubuntu.com', 'IM_CONFIG_PHASE': '1', 'WAYLAND_DISPLAY': 'wayland-0', 'COLCON_PREFIX_PATH': '/home/user/celluleflexible_en_cours_ROS2/ros_ws/install', 'ROS_DISTRO': 'jazzy', 'LOGNAME': 'user', '_': '/usr/bin/colcon', 'ROS_VERSION': '2', 'MEMORY_PRESSURE_WATCH': '/sys/fs/cgroup/user.slice/user-1000.slice/user@1000.service/app.slice/app-gnome\\x2dsession\\x2dmanager.slice/gnome-session-manager@ubuntu.service/memory.pressure', 'XDG_SESSION_CLASS': 'user', 'USERNAME': 'user', 'TERM': 'xterm-256color', 'GNOME_DESKTOP_SESSION_ID': 'this-is-deprecated', 'PATH': '/opt/ros/jazzy/bin:/usr/local/sbin:/usr/local/bin:/usr/sbin:/usr/bin:/sbin:/bin:/usr/games:/usr/local/games:/snap/bin:/snap/bin', 'SESSION_MANAGER': 'local/Ubuntu:@/tmp/.ICE-unix/2240,unix/Ubuntu:/tmp/.ICE-unix/2240', 'XDG_MENU_PREFIX': 'gnome-', 'GNOME_TERMINAL_SCREEN': '/org/gnome/Terminal/screen/c7962f18_f474_48af_ace3_a3479f78beab', 'GNOME_SETUP_DISPLAY': ':1', 'XDG_RUNTIME_DIR': '/run/user/1000', 'DISPLAY': ':0', 'LANG': 'en_US.UTF-8', 'XDG_CURRENT_DESKTOP': 'ubuntu:GNOME', 'XMODIFIERS': '@im=ibus', 'XDG_SESSION_DESKTOP': 'ubuntu', 'XAUTHORITY': '/run/user/1000/.mutter-Xwaylandauth.HCD1K3', 'LS_COLORS': 'rs=0:di=01;34:ln=01;36:mh=00:pi=40;33:so=01;35:do=01;35:bd=40;33;01:cd=40;33;01:or=40;31;01:mi=00:su=37;41:sg=30;43:ca=00:tw=30;42:ow=34;42:st=37;44:ex=01;32:*.tar=01;31:*.tgz=01;31:*.arc=01;31:*.arj=01;31:*.taz=01;31:*.lha=01;31:*.lz4=01;31:*.lzh=01;31:*.lzma=01;31:*.tlz=01;31:*.txz=01;31:*.tzo=01;31:*.t7z=01;31:*.zip=01;31:*.z=01;31:*.dz=01;31:*.gz=01;31:*.lrz=01;31:*.lz=01;31:*.lzo=01;31:*.xz=01;31:*.zst=01;31:*.tzst=01;31:*.bz2=01;31:*.bz=01;31:*.tbz=01;31:*.tbz2=01;31:*.tz=01;31:*.deb=01;31:*.rpm=01;31:*.jar=01;31:*.war=01;31:*.ear=01;31:*.sar=01;31:*.rar=01;31:*.alz=01;31:*.ace=01;31:*.zoo=01;31:*.cpio=01;31:*.7z=01;31:*.rz=01;31:*.cab=01;31:*.wim=01;31:*.swm=01;31:*.dwm=01;31:*.esd=01;31:*.avif=01;35:*.jpg=01;35:*.jpeg=01;35:*.mjpg=01;35:*.mjpeg=01;35:*.gif=01;35:*.bmp=01;35:*.pbm=01;35:*.pgm=01;35:*.ppm=01;35:*.tga=01;35:*.xbm=01;35:*.xpm=01;35:*.tif=01;35:*.tiff=01;35:*.png=01;35:*.svg=01;35:*.svgz=01;35:*.mng=01;35:*.pcx=01;35:*.mov=01;35:*.mpg=01;35:*.mpeg=01;35:*.m2v=01;35:*.mkv=01;35:*.webm=01;35:*.webp=01;35:*.ogm=01;35:*.mp4=01;35:*.m4v=01;35:*.mp4v=01;35:*.vob=01;35:*.qt=01;35:*.nuv=01;35:*.wmv=01;35:*.asf=01;35:*.rm=01;35:*.rmvb=01;35:*.flc=01;35:*.avi=01;35:*.fli=01;35:*.flv=01;35:*.gl=01;35:*.dl=01;35:*.xcf=01;35:*.xwd=01;35:*.yuv=01;35:*.cgm=01;35:*.emf=01;35:*.ogv=01;35:*.ogx=01;35:*.aac=00;36:*.au=00;36:*.flac=00;36:*.m4a=00;36:*.mid=00;36:*.midi=00;36:*.mka=00;36:*.mp3=00;36:*.mpc=00;36:*.ogg=00;36:*.ra=00;36:*.wav=00;36:*.oga=00;36:*.opus=00;36:*.spx=00;36:*.xspf=00;36:*~=00;90:*#=00;90:*.bak=00;90:*.crdownload=00;90:*.dpkg-dist=00;90:*.dpkg-new=00;90:*.dpkg-old=00;90:*.dpkg-tmp=00;90:*.old=00;90:*.orig=00;90:*.part=00;90:*.rej=00;90:*.rpmnew=00;90:*.rpmorig=00;90:*.rpmsave=00;90:*.swp=00;90:*.tmp=00;90:*.ucf-dist=00;90:*.ucf-new=00;90:*.ucf-old=00;90:', 'GNOME_TERMINAL_SERVICE': ':1.781', 'SSH_AUTH_SOCK': '/run/user/1000/keyring/ssh', 'AMENT_PREFIX_PATH': '/home/user/celluleflexible_en_cours_ROS2/ros_ws/install/shuttles:/home/user/celluleflexible_en_cours_ROS2/ros_ws/install/robots:/home/user/celluleflexible_en_cours_ROS2/ros_ws/install/commande_locale:/home/user/celluleflexible_en_cours_ROS2/ros_ws/install/aiguillages:/opt/ros/jazzy', 'SHELL': '/bin/bash', 'QT_ACCESSIBILITY': '1', 'GDMSESSION': 'ubuntu', 'LESSCLOSE': '/usr/bin/lesspipe %s %s', 'ROS_AUTOMATIC_DISCOVERY_RANGE': 'SUBNET', 'QT_IM_MODULE': 'ibus', 'PWD': '/home/user/celluleflexible_en_cours_ROS2/ros_ws/build/aiguillages', 'LC_ALL': 'en_US.UTF-8', 'XDG_CONFIG_DIRS': '/etc/xdg/xdg-ubuntu:/etc/xdg', 'DBUS_STARTER_ADDRESS': 'unix:path=/run/user/1000/bus,guid=6da02ccfb5f5be8b2dc210526992ca6b', 'XDG_DATA_DIRS': '/usr/share/ubuntu:/usr/share/gnome:/usr/local/share/:/usr/share/:/var/lib/snapd/desktop', 'PYTHONPATH': '/home/user/celluleflexible_en_cours_ROS2/ros_ws/install/shuttles/lib/python3.12/site-packages:/home/user/celluleflexible_en_cours_ROS2/ros_ws/install/robots/lib/python3.12/site-packages:/home/user/celluleflexible_en_cours_ROS2/ros_ws/install/commande_locale/lib/python3.12/site-packages:/home/user/celluleflexible_en_cours_ROS2/ros_ws/install/aiguillages/lib/python3.12/site-packages:/opt/ros/jazzy/lib/python3.12/site-packages', 'COLCON': '1', 'MEMORY_PRESSURE_WRITE': 'c29tZSAyMDAwMDAgMjAwMDAwMAA=', 'VTE_VERSION': '7600', 'CMAKE_PREFIX_PATH': '/home/user/celluleflexible_en_cours_ROS2/ros_ws/install/shuttles:/home/user/celluleflexible_en_cours_ROS2/ros_ws/install/robots:/home/user/celluleflexible_en_cours_ROS2/ros_ws/install/commande_locale:/home/user/celluleflexible_en_cours_ROS2/ros_ws/install/aiguillages:/opt/ros/jazzy/opt/gz_math_vendor:/opt/ros/jazzy/opt/gz_utils_vendor:/opt/ros/jazzy/opt/gz_cmake_vendor:/opt/ros/jazzy'}), 'shell': False}
[0.069927] (aiguillages) StdoutLine: {'line': b'[  1%] Built target aiguillages__rosidl_generator_type_description\n'}
[0.080824] (aiguillages) StdoutLine: {'line': b'[  1%] Built target ament_cmake_python_copy_aiguillages\n'}
[0.096210] (aiguillages) StdoutLine: {'line': b'[  2%] Built target aiguillages__cpp\n'}
[0.097382] (aiguillages) StdoutLine: {'line': b'[ 23%] Built target aiguillages__rosidl_generator_c\n'}
[0.098559] (-) TimerEvent: {}
[0.125872] (aiguillages) StdoutLine: {'line': b'[ 61%] Built target aiguillages__rosidl_typesupport_fastrtps_cpp\n'}
[0.127150] (aiguillages) StdoutLine: {'line': b'[ 64%] Built target aiguillages__rosidl_typesupport_introspection_c\n'}
[0.127239] (aiguillages) StdoutLine: {'line': b'[ 65%] Built target aiguillages__rosidl_typesupport_c\n'}
[0.127277] (aiguillages) StdoutLine: {'line': b'[ 67%] Built target aiguillages__rosidl_typesupport_introspection_cpp\n'}
[0.127308] (aiguillages) StdoutLine: {'line': b'[ 68%] Built target aiguillages__rosidl_typesupport_cpp\n'}
[0.127948] (aiguillages) StdoutLine: {'line': b'[ 77%] Built target aiguillages__rosidl_typesupport_fastrtps_c\n'}
[0.157233] (aiguillages) StdoutLine: {'line': b'[ 77%] Built target aiguillages\n'}
[0.173322] (aiguillages) StdoutLine: {'line': b'[ 82%] Built target run_Aiguillage\n'}
[0.193423] (aiguillages) StdoutLine: {'line': b'[ 83%] Built target aiguillages__py\n'}
[0.199733] (-) TimerEvent: {}
[0.221807] (aiguillages) StdoutLine: {'line': b'[ 91%] Built target aiguillages__rosidl_generator_py\n'}
[0.247482] (aiguillages) StdoutLine: {'line': b'[ 94%] Built target aiguillages_s__rosidl_typesupport_c\n'}
[0.248539] (aiguillages) StdoutLine: {'line': b'[ 98%] Built target aiguillages_s__rosidl_typesupport_fastrtps_c\n'}
[0.249171] (aiguillages) StdoutLine: {'line': b'[100%] Built target aiguillages_s__rosidl_typesupport_introspection_c\n'}
[0.255292] (aiguillages) StdoutLine: {'line': b'running egg_info\n'}
[0.268154] (aiguillages) StdoutLine: {'line': b'writing aiguillages.egg-info/PKG-INFO\n'}
[0.268573] (aiguillages) StdoutLine: {'line': b'writing dependency_links to aiguillages.egg-info/dependency_links.txt\n'}
[0.268955] (aiguillages) StdoutLine: {'line': b'writing top-level names to aiguillages.egg-info/top_level.txt\n'}
[0.295905] (aiguillages) StdoutLine: {'line': b"reading manifest file 'aiguillages.egg-info/SOURCES.txt'\n"}
[0.297202] (aiguillages) StdoutLine: {'line': b"writing manifest file 'aiguillages.egg-info/SOURCES.txt'\n"}
[0.307825] (-) TimerEvent: {}
[0.322668] (aiguillages) StdoutLine: {'line': b'[100%] Built target ament_cmake_python_build_aiguillages_egg\n'}
[0.333978] (aiguillages) CommandEnded: {'returncode': 0}
[0.334192] (aiguillages) JobProgress: {'identifier': 'aiguillages', 'progress': 'install'}
[0.343179] (aiguillages) Command: {'cmd': ['/usr/bin/cmake', '--install', '/home/user/celluleflexible_en_cours_ROS2/ros_ws/build/aiguillages'], 'cwd': '/home/user/celluleflexible_en_cours_ROS2/ros_ws/build/aiguillages', 'env': OrderedDict({'LESSOPEN': '| /usr/bin/lesspipe %s', 'USER': 'user', 'XDG_SESSION_TYPE': 'wayland', 'SHLVL': '1', 'LD_LIBRARY_PATH': '/home/user/celluleflexible_en_cours_ROS2/ros_ws/install/shuttles/lib:/home/user/celluleflexible_en_cours_ROS2/ros_ws/install/robots/lib:/home/user/celluleflexible_en_cours_ROS2/ros_ws/install/commande_locale/lib:/home/user/celluleflexible_en_cours_ROS2/ros_ws/install/aiguillages/lib:/opt/ros/jazzy/opt/rviz_ogre_vendor/lib:/opt/ros/jazzy/lib/x86_64-linux-gnu:/opt/ros/jazzy/opt/gz_math_vendor/lib:/opt/ros/jazzy/opt/gz_utils_vendor/lib:/opt/ros/jazzy/opt/gz_cmake_vendor/lib:/opt/ros/jazzy/lib', 'HOME': '/home/user', 'DESKTOP_SESSION': 'ubuntu', 'ROS_PYTHON_VERSION': '3', 'GNOME_SHELL_SESSION_MODE': 'ubuntu', 'GTK_MODULES': 'gail:atk-bridge', 'DBUS_STARTER_BUS_TYPE': 'session', 'SYSTEMD_EXEC_PID': '2240', 'GSM_SKIP_SSH_AGENT_WORKAROUND': 'true', 'DBUS_SESSION_BUS_ADDRESS': 'unix:path=/run/user/1000/bus,guid=6da02ccfb5f5be8b2dc210526992ca6b', 'COLORTERM': 'truecolor', 'DEBUGINFOD_URLS': 'https://debuginfod.ubuntu.com', 'IM_CONFIG_PHASE': '1', 'WAYLAND_DISPLAY': 'wayland-0', 'COLCON_PREFIX_PATH': '/home/user/celluleflexible_en_cours_ROS2/ros_ws/install', 'ROS_DISTRO': 'jazzy', 'LOGNAME': 'user', '_': '/usr/bin/colcon', 'ROS_VERSION': '2', 'MEMORY_PRESSURE_WATCH': '/sys/fs/cgroup/user.slice/user-1000.slice/user@1000.service/app.slice/app-gnome\\x2dsession\\x2dmanager.slice/gnome-session-manager@ubuntu.service/memory.pressure', 'XDG_SESSION_CLASS': 'user', 'USERNAME': 'user', 'TERM': 'xterm-256color', 'GNOME_DESKTOP_SESSION_ID': 'this-is-deprecated', 'PATH': '/opt/ros/jazzy/bin:/usr/local/sbin:/usr/local/bin:/usr/sbin:/usr/bin:/sbin:/bin:/usr/games:/usr/local/games:/snap/bin:/snap/bin', 'SESSION_MANAGER': 'local/Ubuntu:@/tmp/.ICE-unix/2240,unix/Ubuntu:/tmp/.ICE-unix/2240', 'XDG_MENU_PREFIX': 'gnome-', 'GNOME_TERMINAL_SCREEN': '/org/gnome/Terminal/screen/c7962f18_f474_48af_ace3_a3479f78beab', 'GNOME_SETUP_DISPLAY': ':1', 'XDG_RUNTIME_DIR': '/run/user/1000', 'DISPLAY': ':0', 'LANG': 'en_US.UTF-8', 'XDG_CURRENT_DESKTOP': 'ubuntu:GNOME', 'XMODIFIERS': '@im=ibus', 'XDG_SESSION_DESKTOP': 'ubuntu', 'XAUTHORITY': '/run/user/1000/.mutter-Xwaylandauth.HCD1K3', 'LS_COLORS': 'rs=0:di=01;34:ln=01;36:mh=00:pi=40;33:so=01;35:do=01;35:bd=40;33;01:cd=40;33;01:or=40;31;01:mi=00:su=37;41:sg=30;43:ca=00:tw=30;42:ow=34;42:st=37;44:ex=01;32:*.tar=01;31:*.tgz=01;31:*.arc=01;31:*.arj=01;31:*.taz=01;31:*.lha=01;31:*.lz4=01;31:*.lzh=01;31:*.lzma=01;31:*.tlz=01;31:*.txz=01;31:*.tzo=01;31:*.t7z=01;31:*.zip=01;31:*.z=01;31:*.dz=01;31:*.gz=01;31:*.lrz=01;31:*.lz=01;31:*.lzo=01;31:*.xz=01;31:*.zst=01;31:*.tzst=01;31:*.bz2=01;31:*.bz=01;31:*.tbz=01;31:*.tbz2=01;31:*.tz=01;31:*.deb=01;31:*.rpm=01;31:*.jar=01;31:*.war=01;31:*.ear=01;31:*.sar=01;31:*.rar=01;31:*.alz=01;31:*.ace=01;31:*.zoo=01;31:*.cpio=01;31:*.7z=01;31:*.rz=01;31:*.cab=01;31:*.wim=01;31:*.swm=01;31:*.dwm=01;31:*.esd=01;31:*.avif=01;35:*.jpg=01;35:*.jpeg=01;35:*.mjpg=01;35:*.mjpeg=01;35:*.gif=01;35:*.bmp=01;35:*.pbm=01;35:*.pgm=01;35:*.ppm=01;35:*.tga=01;35:*.xbm=01;35:*.xpm=01;35:*.tif=01;35:*.tiff=01;35:*.png=01;35:*.svg=01;35:*.svgz=01;35:*.mng=01;35:*.pcx=01;35:*.mov=01;35:*.mpg=01;35:*.mpeg=01;35:*.m2v=01;35:*.mkv=01;35:*.webm=01;35:*.webp=01;35:*.ogm=01;35:*.mp4=01;35:*.m4v=01;35:*.mp4v=01;35:*.vob=01;35:*.qt=01;35:*.nuv=01;35:*.wmv=01;35:*.asf=01;35:*.rm=01;35:*.rmvb=01;35:*.flc=01;35:*.avi=01;35:*.fli=01;35:*.flv=01;35:*.gl=01;35:*.dl=01;35:*.xcf=01;35:*.xwd=01;35:*.yuv=01;35:*.cgm=01;35:*.emf=01;35:*.ogv=01;35:*.ogx=01;35:*.aac=00;36:*.au=00;36:*.flac=00;36:*.m4a=00;36:*.mid=00;36:*.midi=00;36:*.mka=00;36:*.mp3=00;36:*.mpc=00;36:*.ogg=00;36:*.ra=00;36:*.wav=00;36:*.oga=00;36:*.opus=00;36:*.spx=00;36:*.xspf=00;36:*~=00;90:*#=00;90:*.bak=00;90:*.crdownload=00;90:*.dpkg-dist=00;90:*.dpkg-new=00;90:*.dpkg-old=00;90:*.dpkg-tmp=00;90:*.old=00;90:*.orig=00;90:*.part=00;90:*.rej=00;90:*.rpmnew=00;90:*.rpmorig=00;90:*.rpmsave=00;90:*.swp=00;90:*.tmp=00;90:*.ucf-dist=00;90:*.ucf-new=00;90:*.ucf-old=00;90:', 'GNOME_TERMINAL_SERVICE': ':1.781', 'SSH_AUTH_SOCK': '/run/user/1000/keyring/ssh', 'AMENT_PREFIX_PATH': '/home/user/celluleflexible_en_cours_ROS2/ros_ws/install/shuttles:/home/user/celluleflexible_en_cours_ROS2/ros_ws/install/robots:/home/user/celluleflexible_en_cours_ROS2/ros_ws/install/commande_locale:/home/user/celluleflexible_en_cours_ROS2/ros_ws/install/aiguillages:/opt/ros/jazzy', 'SHELL': '/bin/bash', 'QT_ACCESSIBILITY': '1', 'GDMSESSION': 'ubuntu', 'LESSCLOSE': '/usr/bin/lesspipe %s %s', 'ROS_AUTOMATIC_DISCOVERY_RANGE': 'SUBNET', 'QT_IM_MODULE': 'ibus', 'PWD': '/home/user/celluleflexible_en_cours_ROS2/ros_ws/build/aiguillages', 'LC_ALL': 'en_US.UTF-8', 'XDG_CONFIG_DIRS': '/etc/xdg/xdg-ubuntu:/etc/xdg', 'DBUS_STARTER_ADDRESS': 'unix:path=/run/user/1000/bus,guid=6da02ccfb5f5be8b2dc210526992ca6b', 'XDG_DATA_DIRS': '/usr/share/ubuntu:/usr/share/gnome:/usr/local/share/:/usr/share/:/var/lib/snapd/desktop', 'PYTHONPATH': '/home/user/celluleflexible_en_cours_ROS2/ros_ws/install/shuttles/lib/python3.12/site-packages:/home/user/celluleflexible_en_cours_ROS2/ros_ws/install/robots/lib/python3.12/site-packages:/home/user/celluleflexible_en_cours_ROS2/ros_ws/install/commande_locale/lib/python3.12/site-packages:/home/user/celluleflexible_en_cours_ROS2/ros_ws/install/aiguillages/lib/python3.12/site-packages:/opt/ros/jazzy/lib/python3.12/site-packages', 'COLCON': '1', 'MEMORY_PRESSURE_WRITE': 'c29tZSAyMDAwMDAgMjAwMDAwMAA=', 'VTE_VERSION': '7600', 'CMAKE_PREFIX_PATH': '/home/user/celluleflexible_en_cours_ROS2/ros_ws/install/shuttles:/home/user/celluleflexible_en_cours_ROS2/ros_ws/install/robots:/home/user/celluleflexible_en_cours_ROS2/ros_ws/install/commande_locale:/home/user/celluleflexible_en_cours_ROS2/ros_ws/install/aiguillages:/opt/ros/jazzy/opt/gz_math_vendor:/opt/ros/jazzy/opt/gz_utils_vendor:/opt/ros/jazzy/opt/gz_cmake_vendor:/opt/ros/jazzy'}), 'shell': False}
[0.351145] (aiguillages) StdoutLine: {'line': b'-- Install configuration: ""\n'}
[0.351234] (aiguillages) StdoutLine: {'line': b'-- Up-to-date: /home/user/celluleflexible_en_cours_ROS2/ros_ws/install/aiguillages/share/ament_index/resource_index/rosidl_interfaces/aiguillages\n'}
[0.351548] (aiguillages) StdoutLine: {'line': b'-- Up-to-date: /home/user/celluleflexible_en_cours_ROS2/ros_ws/install/aiguillages/share/aiguillages/msg/Capteurs.json\n'}
[0.351714] (aiguillages) StdoutLine: {'line': b'-- Up-to-date: /home/user/celluleflexible_en_cours_ROS2/ros_ws/install/aiguillages/share/aiguillages/msg/Actionneurs.json\n'}
[0.351795] (aiguillages) StdoutLine: {'line': b'-- Up-to-date: /home/user/celluleflexible_en_cours_ROS2/ros_ws/install/aiguillages/share/aiguillages/msg/ExchangeSh.json\n'}
[0.351890] (aiguillages) StdoutLine: {'line': b'-- Up-to-date: /home/user/celluleflexible_en_cours_ROS2/ros_ws/install/aiguillages/share/aiguillages/msg/MsgSensorState.json\n'}
[0.352090] (aiguillages) StdoutLine: {'line': b'-- Up-to-date: /home/user/celluleflexible_en_cours_ROS2/ros_ws/install/aiguillages/include/aiguillages/aiguillages\n'}
[0.352123] (aiguillages) StdoutLine: {'line': b'-- Up-to-date: /home/user/celluleflexible_en_cours_ROS2/ros_ws/install/aiguillages/include/aiguillages/aiguillages/msg\n'}
[0.352150] (aiguillages) StdoutLine: {'line': b'-- Up-to-date: /home/user/celluleflexible_en_cours_ROS2/ros_ws/install/aiguillages/include/aiguillages/aiguillages/msg/exchange_sh.h\n'}
[0.352283] (aiguillages) StdoutLine: {'line': b'-- Up-to-date: /home/user/celluleflexible_en_cours_ROS2/ros_ws/install/aiguillages/include/aiguillages/aiguillages/msg/rosidl_generator_c__visibility_control.h\n'}
[0.352321] (aiguillages) StdoutLine: {'line': b'-- Up-to-date: /home/user/celluleflexible_en_cours_ROS2/ros_ws/install/aiguillages/include/aiguillages/aiguillages/msg/capteurs.h\n'}
[0.352388] (aiguillages) StdoutLine: {'line': b'-- Up-to-date: /home/user/celluleflexible_en_cours_ROS2/ros_ws/install/aiguillages/include/aiguillages/aiguillages/msg/msg_sensor_state.h\n'}
[0.352475] (aiguillages) StdoutLine: {'line': b'-- Up-to-date: /home/user/celluleflexible_en_cours_ROS2/ros_ws/install/aiguillages/include/aiguillages/aiguillages/msg/actionneurs.h\n'}
[0.352549] (aiguillages) StdoutLine: {'line': b'-- Up-to-date: /home/user/celluleflexible_en_cours_ROS2/ros_ws/install/aiguillages/include/aiguillages/aiguillages/msg/detail\n'}
[0.352633] (aiguillages) StdoutLine: {'line': b'-- Up-to-date: /home/user/celluleflexible_en_cours_ROS2/ros_ws/install/aiguillages/include/aiguillages/aiguillages/msg/detail/msg_sensor_state__type_support.h\n'}
[0.352820] (aiguillages) StdoutLine: {'line': b'-- Up-to-date: /home/user/celluleflexible_en_cours_ROS2/ros_ws/install/aiguillages/include/aiguillages/aiguillages/msg/detail/exchange_sh__description.c\n'}
[0.352861] (aiguillages) StdoutLine: {'line': b'-- Up-to-date: /home/user/celluleflexible_en_cours_ROS2/ros_ws/install/aiguillages/include/aiguillages/aiguillages/msg/detail/exchange_sh__functions.c\n'}
[0.352889] (aiguillages) StdoutLine: {'line': b'-- Up-to-date: /home/user/celluleflexible_en_cours_ROS2/ros_ws/install/aiguillages/include/aiguillages/aiguillages/msg/detail/msg_sensor_state__functions.h\n'}
[0.352914] (aiguillages) StdoutLine: {'line': b'-- Up-to-date: /home/user/celluleflexible_en_cours_ROS2/ros_ws/install/aiguillages/include/aiguillages/aiguillages/msg/detail/actionneurs__functions.h\n'}
[0.352940] (aiguillages) StdoutLine: {'line': b'-- Up-to-date: /home/user/celluleflexible_en_cours_ROS2/ros_ws/install/aiguillages/include/aiguillages/aiguillages/msg/detail/capteurs__type_support.c\n'}
[0.353003] (aiguillages) StdoutLine: {'line': b'-- Up-to-date: /home/user/celluleflexible_en_cours_ROS2/ros_ws/install/aiguillages/include/aiguillages/aiguillages/msg/detail/actionneurs__type_support.c\n'}
[0.353114] (aiguillages) StdoutLine: {'line': b'-- Up-to-date: /home/user/celluleflexible_en_cours_ROS2/ros_ws/install/aiguillages/include/aiguillages/aiguillages/msg/detail/capteurs__struct.h\n'}
[0.353239] (aiguillages) StdoutLine: {'line': b'-- Up-to-date: /home/user/celluleflexible_en_cours_ROS2/ros_ws/install/aiguillages/include/aiguillages/aiguillages/msg/detail/actionneurs__type_support.h\n'}
[0.353344] (aiguillages) StdoutLine: {'line': b'-- Up-to-date: /home/user/celluleflexible_en_cours_ROS2/ros_ws/install/aiguillages/include/aiguillages/aiguillages/msg/detail/capteurs__description.c\n'}
[0.353373] (aiguillages) StdoutLine: {'line': b'-- Up-to-date: /home/user/celluleflexible_en_cours_ROS2/ros_ws/install/aiguillages/include/aiguillages/aiguillages/msg/detail/msg_sensor_state__description.c\n'}
[0.353434] (aiguillages) StdoutLine: {'line': b'-- Up-to-date: /home/user/celluleflexible_en_cours_ROS2/ros_ws/install/aiguillages/include/aiguillages/aiguillages/msg/detail/capteurs__functions.h\n'}
[0.353504] (aiguillages) StdoutLine: {'line': b'-- Up-to-date: /home/user/celluleflexible_en_cours_ROS2/ros_ws/install/aiguillages/include/aiguillages/aiguillages/msg/detail/msg_sensor_state__type_support.c\n'}
[0.353563] (aiguillages) StdoutLine: {'line': b'-- Up-to-date: /home/user/celluleflexible_en_cours_ROS2/ros_ws/install/aiguillages/include/aiguillages/aiguillages/msg/detail/exchange_sh__functions.h\n'}
[0.353741] (aiguillages) StdoutLine: {'line': b'-- Up-to-date: /home/user/celluleflexible_en_cours_ROS2/ros_ws/install/aiguillages/include/aiguillages/aiguillages/msg/detail/msg_sensor_state__struct.h\n'}
[0.353802] (aiguillages) StdoutLine: {'line': b'-- Up-to-date: /home/user/celluleflexible_en_cours_ROS2/ros_ws/install/aiguillages/include/aiguillages/aiguillages/msg/detail/msg_sensor_state__functions.c\n'}
[0.353880] (aiguillages) StdoutLine: {'line': b'-- Up-to-date: /home/user/celluleflexible_en_cours_ROS2/ros_ws/install/aiguillages/include/aiguillages/aiguillages/msg/detail/actionneurs__struct.h\n'}
[0.353911] (aiguillages) StdoutLine: {'line': b'-- Up-to-date: /home/user/celluleflexible_en_cours_ROS2/ros_ws/install/aiguillages/include/aiguillages/aiguillages/msg/detail/exchange_sh__struct.h\n'}
[0.353976] (aiguillages) StdoutLine: {'line': b'-- Up-to-date: /home/user/celluleflexible_en_cours_ROS2/ros_ws/install/aiguillages/include/aiguillages/aiguillages/msg/detail/actionneurs__description.c\n'}
[0.354082] (aiguillages) StdoutLine: {'line': b'-- Up-to-date: /home/user/celluleflexible_en_cours_ROS2/ros_ws/install/aiguillages/include/aiguillages/aiguillages/msg/detail/exchange_sh__type_support.c\n'}
[0.354112] (aiguillages) StdoutLine: {'line': b'-- Up-to-date: /home/user/celluleflexible_en_cours_ROS2/ros_ws/install/aiguillages/include/aiguillages/aiguillages/msg/detail/exchange_sh__type_support.h\n'}
[0.354136] (aiguillages) StdoutLine: {'line': b'-- Up-to-date: /home/user/celluleflexible_en_cours_ROS2/ros_ws/install/aiguillages/include/aiguillages/aiguillages/msg/detail/capteurs__functions.c\n'}
[0.354158] (aiguillages) StdoutLine: {'line': b'-- Up-to-date: /home/user/celluleflexible_en_cours_ROS2/ros_ws/install/aiguillages/include/aiguillages/aiguillages/msg/detail/capteurs__type_support.h\n'}
[0.354181] (aiguillages) StdoutLine: {'line': b'-- Up-to-date: /home/user/celluleflexible_en_cours_ROS2/ros_ws/install/aiguillages/include/aiguillages/aiguillages/msg/detail/actionneurs__functions.c\n'}
[0.354203] (aiguillages) StdoutLine: {'line': b'-- Up-to-date: /home/user/celluleflexible_en_cours_ROS2/ros_ws/install/aiguillages/share/aiguillages/environment/library_path.sh\n'}
[0.354228] (aiguillages) StdoutLine: {'line': b'-- Up-to-date: /home/user/celluleflexible_en_cours_ROS2/ros_ws/install/aiguillages/share/aiguillages/environment/library_path.dsv\n'}
[0.354249] (aiguillages) StdoutLine: {'line': b'-- Up-to-date: /home/user/celluleflexible_en_cours_ROS2/ros_ws/install/aiguillages/lib/libaiguillages__rosidl_generator_c.so\n'}
[0.354270] (aiguillages) StdoutLine: {'line': b'-- Up-to-date: /home/user/celluleflexible_en_cours_ROS2/ros_ws/install/aiguillages/include/aiguillages/aiguillages\n'}
[0.354292] (aiguillages) StdoutLine: {'line': b'-- Up-to-date: /home/user/celluleflexible_en_cours_ROS2/ros_ws/install/aiguillages/include/aiguillages/aiguillages/msg\n'}
[0.354313] (aiguillages) StdoutLine: {'line': b'-- Up-to-date: /home/user/celluleflexible_en_cours_ROS2/ros_ws/install/aiguillages/include/aiguillages/aiguillages/msg/rosidl_typesupport_fastrtps_c__visibility_control.h\n'}
[0.354337] (aiguillages) StdoutLine: {'line': b'-- Up-to-date: /home/user/celluleflexible_en_cours_ROS2/ros_ws/install/aiguillages/include/aiguillages/aiguillages/msg/detail\n'}
[0.354358] (aiguillages) StdoutLine: {'line': b'-- Up-to-date: /home/user/celluleflexible_en_cours_ROS2/ros_ws/install/aiguillages/include/aiguillages/aiguillages/msg/detail/capteurs__rosidl_typesupport_fastrtps_c.h\n'}
[0.354379] (aiguillages) StdoutLine: {'line': b'-- Up-to-date: /home/user/celluleflexible_en_cours_ROS2/ros_ws/install/aiguillages/include/aiguillages/aiguillages/msg/detail/exchange_sh__rosidl_typesupport_fastrtps_c.h\n'}
[0.354399] (aiguillages) StdoutLine: {'line': b'-- Up-to-date: /home/user/celluleflexible_en_cours_ROS2/ros_ws/install/aiguillages/include/aiguillages/aiguillages/msg/detail/actionneurs__rosidl_typesupport_fastrtps_c.h\n'}
[0.354419] (aiguillages) StdoutLine: {'line': b'-- Up-to-date: /home/user/celluleflexible_en_cours_ROS2/ros_ws/install/aiguillages/include/aiguillages/aiguillages/msg/detail/msg_sensor_state__rosidl_typesupport_fastrtps_c.h\n'}
[0.354443] (aiguillages) StdoutLine: {'line': b'-- Up-to-date: /home/user/celluleflexible_en_cours_ROS2/ros_ws/install/aiguillages/lib/libaiguillages__rosidl_typesupport_fastrtps_c.so\n'}
[0.354463] (aiguillages) StdoutLine: {'line': b'-- Up-to-date: /home/user/celluleflexible_en_cours_ROS2/ros_ws/install/aiguillages/include/aiguillages/aiguillages\n'}
[0.354483] (aiguillages) StdoutLine: {'line': b'-- Up-to-date: /home/user/celluleflexible_en_cours_ROS2/ros_ws/install/aiguillages/include/aiguillages/aiguillages/msg\n'}
[0.354503] (aiguillages) StdoutLine: {'line': b'-- Up-to-date: /home/user/celluleflexible_en_cours_ROS2/ros_ws/install/aiguillages/include/aiguillages/aiguillages/msg/capteurs.hpp\n'}
[0.354523] (aiguillages) StdoutLine: {'line': b'-- Up-to-date: /home/user/celluleflexible_en_cours_ROS2/ros_ws/install/aiguillages/include/aiguillages/aiguillages/msg/exchange_sh.hpp\n'}
[0.354543] (aiguillages) StdoutLine: {'line': b'-- Up-to-date: /home/user/celluleflexible_en_cours_ROS2/ros_ws/install/aiguillages/include/aiguillages/aiguillages/msg/rosidl_generator_cpp__visibility_control.hpp\n'}
[0.354563] (aiguillages) StdoutLine: {'line': b'-- Up-to-date: /home/user/celluleflexible_en_cours_ROS2/ros_ws/install/aiguillages/include/aiguillages/aiguillages/msg/actionneurs.hpp\n'}
[0.354583] (aiguillages) StdoutLine: {'line': b'-- Up-to-date: /home/user/celluleflexible_en_cours_ROS2/ros_ws/install/aiguillages/include/aiguillages/aiguillages/msg/detail\n'}
[0.354603] (aiguillages) StdoutLine: {'line': b'-- Up-to-date: /home/user/celluleflexible_en_cours_ROS2/ros_ws/install/aiguillages/include/aiguillages/aiguillages/msg/detail/capteurs__builder.hpp\n'}
[0.354623] (aiguillages) StdoutLine: {'line': b'-- Up-to-date: /home/user/celluleflexible_en_cours_ROS2/ros_ws/install/aiguillages/include/aiguillages/aiguillages/msg/detail/exchange_sh__traits.hpp\n'}
[0.354643] (aiguillages) StdoutLine: {'line': b'-- Up-to-date: /home/user/celluleflexible_en_cours_ROS2/ros_ws/install/aiguillages/include/aiguillages/aiguillages/msg/detail/exchange_sh__type_support.hpp\n'}
[0.354663] (aiguillages) StdoutLine: {'line': b'-- Up-to-date: /home/user/celluleflexible_en_cours_ROS2/ros_ws/install/aiguillages/include/aiguillages/aiguillages/msg/detail/exchange_sh__struct.hpp\n'}
[0.354683] (aiguillages) StdoutLine: {'line': b'-- Up-to-date: /home/user/celluleflexible_en_cours_ROS2/ros_ws/install/aiguillages/include/aiguillages/aiguillages/msg/detail/actionneurs__type_support.hpp\n'}
[0.354703] (aiguillages) StdoutLine: {'line': b'-- Up-to-date: /home/user/celluleflexible_en_cours_ROS2/ros_ws/install/aiguillages/include/aiguillages/aiguillages/msg/detail/capteurs__type_support.hpp\n'}
[0.354723] (aiguillages) StdoutLine: {'line': b'-- Up-to-date: /home/user/celluleflexible_en_cours_ROS2/ros_ws/install/aiguillages/include/aiguillages/aiguillages/msg/detail/msg_sensor_state__type_support.hpp\n'}
[0.354743] (aiguillages) StdoutLine: {'line': b'-- Up-to-date: /home/user/celluleflexible_en_cours_ROS2/ros_ws/install/aiguillages/include/aiguillages/aiguillages/msg/detail/msg_sensor_state__builder.hpp\n'}
[0.354764] (aiguillages) StdoutLine: {'line': b'-- Up-to-date: /home/user/celluleflexible_en_cours_ROS2/ros_ws/install/aiguillages/include/aiguillages/aiguillages/msg/detail/msg_sensor_state__traits.hpp\n'}
[0.354784] (aiguillages) StdoutLine: {'line': b'-- Up-to-date: /home/user/celluleflexible_en_cours_ROS2/ros_ws/install/aiguillages/include/aiguillages/aiguillages/msg/detail/exchange_sh__builder.hpp\n'}
[0.354889] (aiguillages) StdoutLine: {'line': b'-- Up-to-date: /home/user/celluleflexible_en_cours_ROS2/ros_ws/install/aiguillages/include/aiguillages/aiguillages/msg/detail/actionneurs__builder.hpp\n'}
[0.354918] (aiguillages) StdoutLine: {'line': b'-- Up-to-date: /home/user/celluleflexible_en_cours_ROS2/ros_ws/install/aiguillages/include/aiguillages/aiguillages/msg/detail/msg_sensor_state__struct.hpp\n'}
[0.354941] (aiguillages) StdoutLine: {'line': b'-- Up-to-date: /home/user/celluleflexible_en_cours_ROS2/ros_ws/install/aiguillages/include/aiguillages/aiguillages/msg/detail/capteurs__traits.hpp\n'}
[0.354964] (aiguillages) StdoutLine: {'line': b'-- Up-to-date: /home/user/celluleflexible_en_cours_ROS2/ros_ws/install/aiguillages/include/aiguillages/aiguillages/msg/detail/actionneurs__struct.hpp\n'}
[0.354987] (aiguillages) StdoutLine: {'line': b'-- Up-to-date: /home/user/celluleflexible_en_cours_ROS2/ros_ws/install/aiguillages/include/aiguillages/aiguillages/msg/detail/actionneurs__traits.hpp\n'}
[0.355008] (aiguillages) StdoutLine: {'line': b'-- Up-to-date: /home/user/celluleflexible_en_cours_ROS2/ros_ws/install/aiguillages/include/aiguillages/aiguillages/msg/detail/capteurs__struct.hpp\n'}
[0.355029] (aiguillages) StdoutLine: {'line': b'-- Up-to-date: /home/user/celluleflexible_en_cours_ROS2/ros_ws/install/aiguillages/include/aiguillages/aiguillages/msg/msg_sensor_state.hpp\n'}
[0.355050] (aiguillages) StdoutLine: {'line': b'-- Up-to-date: /home/user/celluleflexible_en_cours_ROS2/ros_ws/install/aiguillages/include/aiguillages/aiguillages\n'}
[0.355070] (aiguillages) StdoutLine: {'line': b'-- Up-to-date: /home/user/celluleflexible_en_cours_ROS2/ros_ws/install/aiguillages/include/aiguillages/aiguillages/msg\n'}
[0.355110] (aiguillages) StdoutLine: {'line': b'-- Up-to-date: /home/user/celluleflexible_en_cours_ROS2/ros_ws/install/aiguillages/include/aiguillages/aiguillages/msg/detail\n'}
[0.355135] (aiguillages) StdoutLine: {'line': b'-- Up-to-date: /home/user/celluleflexible_en_cours_ROS2/ros_ws/install/aiguillages/include/aiguillages/aiguillages/msg/detail/capteurs__rosidl_typesupport_fastrtps_cpp.hpp\n'}
[0.355161] (aiguillages) StdoutLine: {'line': b'-- Up-to-date: /home/user/celluleflexible_en_cours_ROS2/ros_ws/install/aiguillages/include/aiguillages/aiguillages/msg/detail/exchange_sh__rosidl_typesupport_fastrtps_cpp.hpp\n'}
[0.355182] (aiguillages) StdoutLine: {'line': b'-- Up-to-date: /home/user/celluleflexible_en_cours_ROS2/ros_ws/install/aiguillages/include/aiguillages/aiguillages/msg/detail/msg_sensor_state__rosidl_typesupport_fastrtps_cpp.hpp\n'}
[0.355203] (aiguillages) StdoutLine: {'line': b'-- Up-to-date: /home/user/celluleflexible_en_cours_ROS2/ros_ws/install/aiguillages/include/aiguillages/aiguillages/msg/detail/dds_fastrtps\n'}
[0.355224] (aiguillages) StdoutLine: {'line': b'-- Up-to-date: /home/user/celluleflexible_en_cours_ROS2/ros_ws/install/aiguillages/include/aiguillages/aiguillages/msg/detail/actionneurs__rosidl_typesupport_fastrtps_cpp.hpp\n'}
[0.355245] (aiguillages) StdoutLine: {'line': b'-- Up-to-date: /home/user/celluleflexible_en_cours_ROS2/ros_ws/install/aiguillages/include/aiguillages/aiguillages/msg/rosidl_typesupport_fastrtps_cpp__visibility_control.h\n'}
[0.355266] (aiguillages) StdoutLine: {'line': b'-- Up-to-date: /home/user/celluleflexible_en_cours_ROS2/ros_ws/install/aiguillages/lib/libaiguillages__rosidl_typesupport_fastrtps_cpp.so\n'}
[0.355286] (aiguillages) StdoutLine: {'line': b'-- Up-to-date: /home/user/celluleflexible_en_cours_ROS2/ros_ws/install/aiguillages/include/aiguillages/aiguillages\n'}
[0.355309] (aiguillages) StdoutLine: {'line': b'-- Up-to-date: /home/user/celluleflexible_en_cours_ROS2/ros_ws/install/aiguillages/include/aiguillages/aiguillages/msg\n'}
[0.355331] (aiguillages) StdoutLine: {'line': b'-- Up-to-date: /home/user/celluleflexible_en_cours_ROS2/ros_ws/install/aiguillages/include/aiguillages/aiguillages/msg/rosidl_typesupport_introspection_c__visibility_control.h\n'}
[0.355353] (aiguillages) StdoutLine: {'line': b'-- Up-to-date: /home/user/celluleflexible_en_cours_ROS2/ros_ws/install/aiguillages/include/aiguillages/aiguillages/msg/detail\n'}
[0.355373] (aiguillages) StdoutLine: {'line': b'-- Up-to-date: /home/user/celluleflexible_en_cours_ROS2/ros_ws/install/aiguillages/include/aiguillages/aiguillages/msg/detail/actionneurs__rosidl_typesupport_introspection_c.h\n'}
[0.355393] (aiguillages) StdoutLine: {'line': b'-- Up-to-date: /home/user/celluleflexible_en_cours_ROS2/ros_ws/install/aiguillages/include/aiguillages/aiguillages/msg/detail/msg_sensor_state__rosidl_typesupport_introspection_c.h\n'}
[0.355414] (aiguillages) StdoutLine: {'line': b'-- Up-to-date: /home/user/celluleflexible_en_cours_ROS2/ros_ws/install/aiguillages/include/aiguillages/aiguillages/msg/detail/capteurs__type_support.c\n'}
[0.355435] (aiguillages) StdoutLine: {'line': b'-- Up-to-date: /home/user/celluleflexible_en_cours_ROS2/ros_ws/install/aiguillages/include/aiguillages/aiguillages/msg/detail/capteurs__rosidl_typesupport_introspection_c.h\n'}
[0.355455] (aiguillages) StdoutLine: {'line': b'-- Up-to-date: /home/user/celluleflexible_en_cours_ROS2/ros_ws/install/aiguillages/include/aiguillages/aiguillages/msg/detail/actionneurs__type_support.c\n'}
[0.355476] (aiguillages) StdoutLine: {'line': b'-- Up-to-date: /home/user/celluleflexible_en_cours_ROS2/ros_ws/install/aiguillages/include/aiguillages/aiguillages/msg/detail/msg_sensor_state__type_support.c\n'}
[0.355497] (aiguillages) StdoutLine: {'line': b'-- Up-to-date: /home/user/celluleflexible_en_cours_ROS2/ros_ws/install/aiguillages/include/aiguillages/aiguillages/msg/detail/exchange_sh__rosidl_typesupport_introspection_c.h\n'}
[0.355517] (aiguillages) StdoutLine: {'line': b'-- Up-to-date: /home/user/celluleflexible_en_cours_ROS2/ros_ws/install/aiguillages/include/aiguillages/aiguillages/msg/detail/exchange_sh__type_support.c\n'}
[0.355537] (aiguillages) StdoutLine: {'line': b'-- Up-to-date: /home/user/celluleflexible_en_cours_ROS2/ros_ws/install/aiguillages/lib/libaiguillages__rosidl_typesupport_introspection_c.so\n'}
[0.355558] (aiguillages) StdoutLine: {'line': b'-- Up-to-date: /home/user/celluleflexible_en_cours_ROS2/ros_ws/install/aiguillages/lib/libaiguillages__rosidl_typesupport_c.so\n'}
[0.355577] (aiguillages) StdoutLine: {'line': b'-- Up-to-date: /home/user/celluleflexible_en_cours_ROS2/ros_ws/install/aiguillages/include/aiguillages/aiguillages\n'}
[0.355597] (aiguillages) StdoutLine: {'line': b'-- Up-to-date: /home/user/celluleflexible_en_cours_ROS2/ros_ws/install/aiguillages/include/aiguillages/aiguillages/msg\n'}
[0.355616] (aiguillages) StdoutLine: {'line': b'-- Up-to-date: /home/user/celluleflexible_en_cours_ROS2/ros_ws/install/aiguillages/include/aiguillages/aiguillages/msg/detail\n'}
[0.355635] (aiguillages) StdoutLine: {'line': b'-- Up-to-date: /home/user/celluleflexible_en_cours_ROS2/ros_ws/install/aiguillages/include/aiguillages/aiguillages/msg/detail/actionneurs__rosidl_typesupport_introspection_cpp.hpp\n'}
[0.355654] (aiguillages) StdoutLine: {'line': b'-- Up-to-date: /home/user/celluleflexible_en_cours_ROS2/ros_ws/install/aiguillages/include/aiguillages/aiguillages/msg/detail/capteurs__rosidl_typesupport_introspection_cpp.hpp\n'}
[0.355674] (aiguillages) StdoutLine: {'line': b'-- Up-to-date: /home/user/celluleflexible_en_cours_ROS2/ros_ws/install/aiguillages/include/aiguillages/aiguillages/msg/detail/exchange_sh__rosidl_typesupport_introspection_cpp.hpp\n'}
[0.355695] (aiguillages) StdoutLine: {'line': b'-- Up-to-date: /home/user/celluleflexible_en_cours_ROS2/ros_ws/install/aiguillages/include/aiguillages/aiguillages/msg/detail/capteurs__type_support.cpp\n'}
[0.355716] (aiguillages) StdoutLine: {'line': b'-- Up-to-date: /home/user/celluleflexible_en_cours_ROS2/ros_ws/install/aiguillages/include/aiguillages/aiguillages/msg/detail/msg_sensor_state__type_support.cpp\n'}
[0.355736] (aiguillages) StdoutLine: {'line': b'-- Up-to-date: /home/user/celluleflexible_en_cours_ROS2/ros_ws/install/aiguillages/include/aiguillages/aiguillages/msg/detail/exchange_sh__type_support.cpp\n'}
[0.355755] (aiguillages) StdoutLine: {'line': b'-- Up-to-date: /home/user/celluleflexible_en_cours_ROS2/ros_ws/install/aiguillages/include/aiguillages/aiguillages/msg/detail/actionneurs__type_support.cpp\n'}
[0.355775] (aiguillages) StdoutLine: {'line': b'-- Up-to-date: /home/user/celluleflexible_en_cours_ROS2/ros_ws/install/aiguillages/include/aiguillages/aiguillages/msg/detail/msg_sensor_state__rosidl_typesupport_introspection_cpp.hpp\n'}
[0.355795] (aiguillages) StdoutLine: {'line': b'-- Up-to-date: /home/user/celluleflexible_en_cours_ROS2/ros_ws/install/aiguillages/lib/libaiguillages__rosidl_typesupport_introspection_cpp.so\n'}
[0.355814] (aiguillages) StdoutLine: {'line': b'-- Up-to-date: /home/user/celluleflexible_en_cours_ROS2/ros_ws/install/aiguillages/lib/libaiguillages__rosidl_typesupport_cpp.so\n'}
[0.355834] (aiguillages) StdoutLine: {'line': b'-- Up-to-date: /home/user/celluleflexible_en_cours_ROS2/ros_ws/install/aiguillages/share/aiguillages/environment/pythonpath.sh\n'}
[0.355853] (aiguillages) StdoutLine: {'line': b'-- Up-to-date: /home/user/celluleflexible_en_cours_ROS2/ros_ws/install/aiguillages/share/aiguillages/environment/pythonpath.dsv\n'}
[0.355872] (aiguillages) StdoutLine: {'line': b'-- Up-to-date: /home/user/celluleflexible_en_cours_ROS2/ros_ws/install/aiguillages/lib/python3.12/site-packages/aiguillages-3.1.2-py3.12.egg-info\n'}
[0.355893] (aiguillages) StdoutLine: {'line': b'-- Installing: /home/user/celluleflexible_en_cours_ROS2/ros_ws/install/aiguillages/lib/python3.12/site-packages/aiguillages-3.1.2-py3.12.egg-info/SOURCES.txt\n'}
[0.355913] (aiguillages) StdoutLine: {'line': b'-- Installing: /home/user/celluleflexible_en_cours_ROS2/ros_ws/install/aiguillages/lib/python3.12/site-packages/aiguillages-3.1.2-py3.12.egg-info/top_level.txt\n'}
[0.355933] (aiguillages) StdoutLine: {'line': b'-- Installing: /home/user/celluleflexible_en_cours_ROS2/ros_ws/install/aiguillages/lib/python3.12/site-packages/aiguillages-3.1.2-py3.12.egg-info/PKG-INFO\n'}
[0.355954] (aiguillages) StdoutLine: {'line': b'-- Installing: /home/user/celluleflexible_en_cours_ROS2/ros_ws/install/aiguillages/lib/python3.12/site-packages/aiguillages-3.1.2-py3.12.egg-info/dependency_links.txt\n'}
[0.355973] (aiguillages) StdoutLine: {'line': b'-- Up-to-date: /home/user/celluleflexible_en_cours_ROS2/ros_ws/install/aiguillages/lib/python3.12/site-packages/aiguillages\n'}
[0.355993] (aiguillages) StdoutLine: {'line': b'-- Up-to-date: /home/user/celluleflexible_en_cours_ROS2/ros_ws/install/aiguillages/lib/python3.12/site-packages/aiguillages/_aiguillages_s.ep.rosidl_typesupport_introspection_c.c\n'}
[0.356013] (aiguillages) StdoutLine: {'line': b'-- Up-to-date: /home/user/celluleflexible_en_cours_ROS2/ros_ws/install/aiguillages/lib/python3.12/site-packages/aiguillages/msg\n'}
[0.356035] (aiguillages) StdoutLine: {'line': b'-- Up-to-date: /home/user/celluleflexible_en_cours_ROS2/ros_ws/install/aiguillages/lib/python3.12/site-packages/aiguillages/msg/__init__.py\n'}
[0.356055] (aiguillages) StdoutLine: {'line': b'-- Up-to-date: /home/user/celluleflexible_en_cours_ROS2/ros_ws/install/aiguillages/lib/python3.12/site-packages/aiguillages/msg/_exchange_sh_s.c\n'}
[0.356074] (aiguillages) StdoutLine: {'line': b'-- Up-to-date: /home/user/celluleflexible_en_cours_ROS2/ros_ws/install/aiguillages/lib/python3.12/site-packages/aiguillages/msg/_actionneurs.py\n'}
[0.356093] (aiguillages) StdoutLine: {'line': b'-- Up-to-date: /home/user/celluleflexible_en_cours_ROS2/ros_ws/install/aiguillages/lib/python3.12/site-packages/aiguillages/msg/_msg_sensor_state.py\n'}
[0.356114] (aiguillages) StdoutLine: {'line': b'-- Up-to-date: /home/user/celluleflexible_en_cours_ROS2/ros_ws/install/aiguillages/lib/python3.12/site-packages/aiguillages/msg/_exchange_sh.py\n'}
[0.356134] (aiguillages) StdoutLine: {'line': b'-- Up-to-date: /home/user/celluleflexible_en_cours_ROS2/ros_ws/install/aiguillages/lib/python3.12/site-packages/aiguillages/msg/_capteurs.py\n'}
[0.356153] (aiguillages) StdoutLine: {'line': b'-- Up-to-date: /home/user/celluleflexible_en_cours_ROS2/ros_ws/install/aiguillages/lib/python3.12/site-packages/aiguillages/msg/_capteurs_s.c\n'}
[0.356172] (aiguillages) StdoutLine: {'line': b'-- Up-to-date: /home/user/celluleflexible_en_cours_ROS2/ros_ws/install/aiguillages/lib/python3.12/site-packages/aiguillages/msg/_actionneurs_s.c\n'}
[0.356192] (aiguillages) StdoutLine: {'line': b'-- Up-to-date: /home/user/celluleflexible_en_cours_ROS2/ros_ws/install/aiguillages/lib/python3.12/site-packages/aiguillages/msg/_msg_sensor_state_s.c\n'}
[0.356211] (aiguillages) StdoutLine: {'line': b'-- Up-to-date: /home/user/celluleflexible_en_cours_ROS2/ros_ws/install/aiguillages/lib/python3.12/site-packages/aiguillages/__init__.py\n'}
[0.356230] (aiguillages) StdoutLine: {'line': b'-- Up-to-date: /home/user/celluleflexible_en_cours_ROS2/ros_ws/install/aiguillages/lib/python3.12/site-packages/aiguillages/_aiguillages_s.ep.rosidl_typesupport_fastrtps_c.c\n'}
[0.356252] (aiguillages) StdoutLine: {'line': b'-- Up-to-date: /home/user/celluleflexible_en_cours_ROS2/ros_ws/install/aiguillages/lib/python3.12/site-packages/aiguillages/aiguillages_s__rosidl_typesupport_c.so\n'}
[0.356272] (aiguillages) StdoutLine: {'line': b'-- Up-to-date: /home/user/celluleflexible_en_cours_ROS2/ros_ws/install/aiguillages/lib/python3.12/site-packages/aiguillages/aiguillages_s__rosidl_typesupport_introspection_c.so\n'}
[0.356291] (aiguillages) StdoutLine: {'line': b'-- Up-to-date: /home/user/celluleflexible_en_cours_ROS2/ros_ws/install/aiguillages/lib/python3.12/site-packages/aiguillages/_aiguillages_s.ep.rosidl_typesupport_c.c\n'}
[0.356310] (aiguillages) StdoutLine: {'line': b'-- Up-to-date: /home/user/celluleflexible_en_cours_ROS2/ros_ws/install/aiguillages/lib/python3.12/site-packages/aiguillages/aiguillages_s__rosidl_typesupport_fastrtps_c.so\n'}
[0.377444] (aiguillages) StdoutLine: {'line': b"Listing '/home/user/celluleflexible_en_cours_ROS2/ros_ws/install/aiguillages/lib/python3.12/site-packages/aiguillages'...\n"}
[0.377594] (aiguillages) StdoutLine: {'line': b"Listing '/home/user/celluleflexible_en_cours_ROS2/ros_ws/install/aiguillages/lib/python3.12/site-packages/aiguillages/msg'...\n"}
[0.383107] (aiguillages) StdoutLine: {'line': b'-- Up-to-date: /home/user/celluleflexible_en_cours_ROS2/ros_ws/install/aiguillages/lib/python3.12/site-packages/aiguillages/aiguillages_s__rosidl_typesupport_fastrtps_c.so\n'}
[0.384286] (aiguillages) StdoutLine: {'line': b'-- Up-to-date: /home/user/celluleflexible_en_cours_ROS2/ros_ws/install/aiguillages/lib/python3.12/site-packages/aiguillages/aiguillages_s__rosidl_typesupport_introspection_c.so\n'}
[0.384580] (aiguillages) StdoutLine: {'line': b'-- Up-to-date: /home/user/celluleflexible_en_cours_ROS2/ros_ws/install/aiguillages/lib/python3.12/site-packages/aiguillages/aiguillages_s__rosidl_typesupport_c.so\n'}
[0.384878] (aiguillages) StdoutLine: {'line': b'-- Up-to-date: /home/user/celluleflexible_en_cours_ROS2/ros_ws/install/aiguillages/lib/libaiguillages__rosidl_generator_py.so\n'}
[0.384947] (aiguillages) StdoutLine: {'line': b'-- Up-to-date: /home/user/celluleflexible_en_cours_ROS2/ros_ws/install/aiguillages/share/aiguillages/msg/Capteurs.idl\n'}
[0.386219] (aiguillages) StdoutLine: {'line': b'-- Up-to-date: /home/user/celluleflexible_en_cours_ROS2/ros_ws/install/aiguillages/share/aiguillages/msg/Actionneurs.idl\n'}
[0.386307] (aiguillages) StdoutLine: {'line': b'-- Up-to-date: /home/user/celluleflexible_en_cours_ROS2/ros_ws/install/aiguillages/share/aiguillages/msg/ExchangeSh.idl\n'}
[0.386573] (aiguillages) StdoutLine: {'line': b'-- Up-to-date: /home/user/celluleflexible_en_cours_ROS2/ros_ws/install/aiguillages/share/aiguillages/msg/MsgSensorState.idl\n'}
[0.386678] (aiguillages) StdoutLine: {'line': b'-- Up-to-date: /home/user/celluleflexible_en_cours_ROS2/ros_ws/install/aiguillages/share/aiguillages/msg/Capteurs.msg\n'}
[0.386756] (aiguillages) StdoutLine: {'line': b'-- Up-to-date: /home/user/celluleflexible_en_cours_ROS2/ros_ws/install/aiguillages/share/aiguillages/msg/Actionneurs.msg\n'}
[0.386859] (aiguillages) StdoutLine: {'line': b'-- Up-to-date: /home/user/celluleflexible_en_cours_ROS2/ros_ws/install/aiguillages/share/aiguillages/msg/ExchangeSh.msg\n'}
[0.386935] (aiguillages) StdoutLine: {'line': b'-- Up-to-date: /home/user/celluleflexible_en_cours_ROS2/ros_ws/install/aiguillages/share/aiguillages/msg/MsgSensorState.msg\n'}
[0.387032] (aiguillages) StdoutLine: {'line': b'-- Up-to-date: /home/user/celluleflexible_en_cours_ROS2/ros_ws/install/aiguillages/lib/aiguillages/run_Aiguillage\n'}
[0.387098] (aiguillages) StdoutLine: {'line': b'-- Up-to-date: /home/user/celluleflexible_en_cours_ROS2/ros_ws/install/aiguillages/share/ament_index/resource_index/package_run_dependencies/aiguillages\n'}
[0.387161] (aiguillages) StdoutLine: {'line': b'-- Up-to-date: /home/user/celluleflexible_en_cours_ROS2/ros_ws/install/aiguillages/share/ament_index/resource_index/parent_prefix_path/aiguillages\n'}
[0.387223] (aiguillages) StdoutLine: {'line': b'-- Up-to-date: /home/user/celluleflexible_en_cours_ROS2/ros_ws/install/aiguillages/share/aiguillages/environment/ament_prefix_path.sh\n'}
[0.387396] (aiguillages) StdoutLine: {'line': b'-- Up-to-date: /home/user/celluleflexible_en_cours_ROS2/ros_ws/install/aiguillages/share/aiguillages/environment/ament_prefix_path.dsv\n'}
[0.387795] (aiguillages) StdoutLine: {'line': b'-- Up-to-date: /home/user/celluleflexible_en_cours_ROS2/ros_ws/install/aiguillages/share/aiguillages/environment/path.sh\n'}
[0.387888] (aiguillages) StdoutLine: {'line': b'-- Up-to-date: /home/user/celluleflexible_en_cours_ROS2/ros_ws/install/aiguillages/share/aiguillages/environment/path.dsv\n'}
[0.387989] (aiguillages) StdoutLine: {'line': b'-- Up-to-date: /home/user/celluleflexible_en_cours_ROS2/ros_ws/install/aiguillages/share/aiguillages/local_setup.bash\n'}
[0.388067] (aiguillages) StdoutLine: {'line': b'-- Up-to-date: /home/user/celluleflexible_en_cours_ROS2/ros_ws/install/aiguillages/share/aiguillages/local_setup.sh\n'}
[0.388159] (aiguillages) StdoutLine: {'line': b'-- Up-to-date: /home/user/celluleflexible_en_cours_ROS2/ros_ws/install/aiguillages/share/aiguillages/local_setup.zsh\n'}
[0.388233] (aiguillages) StdoutLine: {'line': b'-- Up-to-date: /home/user/celluleflexible_en_cours_ROS2/ros_ws/install/aiguillages/share/aiguillages/local_setup.dsv\n'}
[0.388343] (aiguillages) StdoutLine: {'line': b'-- Installing: /home/user/celluleflexible_en_cours_ROS2/ros_ws/install/aiguillages/share/aiguillages/package.dsv\n'}
[0.388437] (aiguillages) StdoutLine: {'line': b'-- Up-to-date: /home/user/celluleflexible_en_cours_ROS2/ros_ws/install/aiguillages/share/ament_index/resource_index/packages/aiguillages\n'}
[0.388505] (aiguillages) StdoutLine: {'line': b'-- Up-to-date: /home/user/celluleflexible_en_cours_ROS2/ros_ws/install/aiguillages/share/aiguillages/cmake/export_aiguillages__rosidl_generator_cExport.cmake\n'}
[0.388573] (aiguillages) StdoutLine: {'line': b'-- Up-to-date: /home/user/celluleflexible_en_cours_ROS2/ros_ws/install/aiguillages/share/aiguillages/cmake/export_aiguillages__rosidl_generator_cExport-noconfig.cmake\n'}
[0.388963] (aiguillages) StdoutLine: {'line': b'-- Up-to-date: /home/user/celluleflexible_en_cours_ROS2/ros_ws/install/aiguillages/share/aiguillages/cmake/export_aiguillages__rosidl_typesupport_fastrtps_cExport.cmake\n'}
[0.389034] (aiguillages) StdoutLine: {'line': b'-- Up-to-date: /home/user/celluleflexible_en_cours_ROS2/ros_ws/install/aiguillages/share/aiguillages/cmake/export_aiguillages__rosidl_typesupport_fastrtps_cExport-noconfig.cmake\n'}
[0.389133] (aiguillages) StdoutLine: {'line': b'-- Up-to-date: /home/user/celluleflexible_en_cours_ROS2/ros_ws/install/aiguillages/share/aiguillages/cmake/export_aiguillages__rosidl_generator_cppExport.cmake\n'}
[0.389208] (aiguillages) StdoutLine: {'line': b'-- Up-to-date: /home/user/celluleflexible_en_cours_ROS2/ros_ws/install/aiguillages/share/aiguillages/cmake/export_aiguillages__rosidl_typesupport_fastrtps_cppExport.cmake\n'}
[0.389236] (aiguillages) StdoutLine: {'line': b'-- Up-to-date: /home/user/celluleflexible_en_cours_ROS2/ros_ws/install/aiguillages/share/aiguillages/cmake/export_aiguillages__rosidl_typesupport_fastrtps_cppExport-noconfig.cmake\n'}
[0.389261] (aiguillages) StdoutLine: {'line': b'-- Up-to-date: /home/user/celluleflexible_en_cours_ROS2/ros_ws/install/aiguillages/share/aiguillages/cmake/aiguillages__rosidl_typesupport_introspection_cExport.cmake\n'}
[0.389287] (aiguillages) StdoutLine: {'line': b'-- Up-to-date: /home/user/celluleflexible_en_cours_ROS2/ros_ws/install/aiguillages/share/aiguillages/cmake/aiguillages__rosidl_typesupport_introspection_cExport-noconfig.cmake\n'}
[0.389310] (aiguillages) StdoutLine: {'line': b'-- Up-to-date: /home/user/celluleflexible_en_cours_ROS2/ros_ws/install/aiguillages/share/aiguillages/cmake/aiguillages__rosidl_typesupport_cExport.cmake\n'}
[0.389720] (aiguillages) StdoutLine: {'line': b'-- Up-to-date: /home/user/celluleflexible_en_cours_ROS2/ros_ws/install/aiguillages/share/aiguillages/cmake/aiguillages__rosidl_typesupport_cExport-noconfig.cmake\n'}
[0.389861] (aiguillages) StdoutLine: {'line': b'-- Up-to-date: /home/user/celluleflexible_en_cours_ROS2/ros_ws/install/aiguillages/share/aiguillages/cmake/aiguillages__rosidl_typesupport_introspection_cppExport.cmake\n'}
[0.389930] (aiguillages) StdoutLine: {'line': b'-- Up-to-date: /home/user/celluleflexible_en_cours_ROS2/ros_ws/install/aiguillages/share/aiguillages/cmake/aiguillages__rosidl_typesupport_introspection_cppExport-noconfig.cmake\n'}
[0.390015] (aiguillages) StdoutLine: {'line': b'-- Up-to-date: /home/user/celluleflexible_en_cours_ROS2/ros_ws/install/aiguillages/share/aiguillages/cmake/aiguillages__rosidl_typesupport_cppExport.cmake\n'}
[0.390081] (aiguillages) StdoutLine: {'line': b'-- Up-to-date: /home/user/celluleflexible_en_cours_ROS2/ros_ws/install/aiguillages/share/aiguillages/cmake/aiguillages__rosidl_typesupport_cppExport-noconfig.cmake\n'}
[0.390150] (aiguillages) StdoutLine: {'line': b'-- Up-to-date: /home/user/celluleflexible_en_cours_ROS2/ros_ws/install/aiguillages/share/aiguillages/cmake/export_aiguillages__rosidl_generator_pyExport.cmake\n'}
[0.390344] (aiguillages) StdoutLine: {'line': b'-- Up-to-date: /home/user/celluleflexible_en_cours_ROS2/ros_ws/install/aiguillages/share/aiguillages/cmake/export_aiguillages__rosidl_generator_pyExport-noconfig.cmake\n'}
[0.390411] (aiguillages) StdoutLine: {'line': b'-- Up-to-date: /home/user/celluleflexible_en_cours_ROS2/ros_ws/install/aiguillages/share/aiguillages/cmake/rosidl_cmake-extras.cmake\n'}
[0.390477] (aiguillages) StdoutLine: {'line': b'-- Up-to-date: /home/user/celluleflexible_en_cours_ROS2/ros_ws/install/aiguillages/share/aiguillages/cmake/ament_cmake_export_dependencies-extras.cmake\n'}
[0.390589] (aiguillages) StdoutLine: {'line': b'-- Up-to-date: /home/user/celluleflexible_en_cours_ROS2/ros_ws/install/aiguillages/share/aiguillages/cmake/ament_cmake_export_include_directories-extras.cmake\n'}
[0.390656] (aiguillages) StdoutLine: {'line': b'-- Up-to-date: /home/user/celluleflexible_en_cours_ROS2/ros_ws/install/aiguillages/share/aiguillages/cmake/ament_cmake_export_libraries-extras.cmake\n'}
[0.391396] (aiguillages) StdoutLine: {'line': b'-- Up-to-date: /home/user/celluleflexible_en_cours_ROS2/ros_ws/install/aiguillages/share/aiguillages/cmake/ament_cmake_export_targets-extras.cmake\n'}
[0.391497] (aiguillages) StdoutLine: {'line': b'-- Up-to-date: /home/user/celluleflexible_en_cours_ROS2/ros_ws/install/aiguillages/share/aiguillages/cmake/rosidl_cmake_export_typesupport_targets-extras.cmake\n'}
[0.391564] (aiguillages) StdoutLine: {'line': b'-- Up-to-date: /home/user/celluleflexible_en_cours_ROS2/ros_ws/install/aiguillages/share/aiguillages/cmake/rosidl_cmake_export_typesupport_libraries-extras.cmake\n'}
[0.391671] (aiguillages) StdoutLine: {'line': b'-- Up-to-date: /home/user/celluleflexible_en_cours_ROS2/ros_ws/install/aiguillages/share/aiguillages/cmake/aiguillagesConfig.cmake\n'}
[0.391742] (aiguillages) StdoutLine: {'line': b'-- Up-to-date: /home/user/celluleflexible_en_cours_ROS2/ros_ws/install/aiguillages/share/aiguillages/cmake/aiguillagesConfig-version.cmake\n'}
[0.391825] (aiguillages) StdoutLine: {'line': b'-- Up-to-date: /home/user/celluleflexible_en_cours_ROS2/ros_ws/install/aiguillages/share/aiguillages/package.xml\n'}
[0.391894] (aiguillages) CommandEnded: {'returncode': 0}
[0.407753] (aiguillages) JobEnded: {'identifier': 'aiguillages', 'rc': 0}
[0.408141] (-) TimerEvent: {}
[0.408184] (commande_locale) JobStarted: {'identifier': 'commande_locale'}
[0.411875] (shuttles) JobStarted: {'identifier': 'shuttles'}
[0.429817] (commande_locale) JobProgress: {'identifier': 'commande_locale', 'progress': 'cmake'}
[0.431575] (commande_locale) JobProgress: {'identifier': 'commande_locale', 'progress': 'build'}
[0.431599] (commande_locale) Command: {'cmd': ['/usr/bin/cmake', '--build', '/home/user/celluleflexible_en_cours_ROS2/ros_ws/build/commande_locale', '--', '-j8', '-l8'], 'cwd': '/home/user/celluleflexible_en_cours_ROS2/ros_ws/build/commande_locale', 'env': OrderedDict({'LESSOPEN': '| /usr/bin/lesspipe %s', 'USER': 'user', 'XDG_SESSION_TYPE': 'wayland', 'SHLVL': '1', 'LD_LIBRARY_PATH': '/home/user/celluleflexible_en_cours_ROS2/ros_ws/install/aiguillages/lib:/home/user/celluleflexible_en_cours_ROS2/ros_ws/install/shuttles/lib:/home/user/celluleflexible_en_cours_ROS2/ros_ws/install/robots/lib:/home/user/celluleflexible_en_cours_ROS2/ros_ws/install/commande_locale/lib:/opt/ros/jazzy/opt/rviz_ogre_vendor/lib:/opt/ros/jazzy/lib/x86_64-linux-gnu:/opt/ros/jazzy/opt/gz_math_vendor/lib:/opt/ros/jazzy/opt/gz_utils_vendor/lib:/opt/ros/jazzy/opt/gz_cmake_vendor/lib:/opt/ros/jazzy/lib', 'HOME': '/home/user', 'DESKTOP_SESSION': 'ubuntu', 'ROS_PYTHON_VERSION': '3', 'GNOME_SHELL_SESSION_MODE': 'ubuntu', 'GTK_MODULES': 'gail:atk-bridge', 'DBUS_STARTER_BUS_TYPE': 'session', 'SYSTEMD_EXEC_PID': '2240', 'GSM_SKIP_SSH_AGENT_WORKAROUND': 'true', 'DBUS_SESSION_BUS_ADDRESS': 'unix:path=/run/user/1000/bus,guid=6da02ccfb5f5be8b2dc210526992ca6b', 'COLORTERM': 'truecolor', 'DEBUGINFOD_URLS': 'https://debuginfod.ubuntu.com', 'IM_CONFIG_PHASE': '1', 'WAYLAND_DISPLAY': 'wayland-0', 'COLCON_PREFIX_PATH': '/home/user/celluleflexible_en_cours_ROS2/ros_ws/install', 'ROS_DISTRO': 'jazzy', 'LOGNAME': 'user', '_': '/usr/bin/colcon', 'ROS_VERSION': '2', 'MEMORY_PRESSURE_WATCH': '/sys/fs/cgroup/user.slice/user-1000.slice/user@1000.service/app.slice/app-gnome\\x2dsession\\x2dmanager.slice/gnome-session-manager@ubuntu.service/memory.pressure', 'XDG_SESSION_CLASS': 'user', 'USERNAME': 'user', 'TERM': 'xterm-256color', 'GNOME_DESKTOP_SESSION_ID': 'this-is-deprecated', 'PATH': '/opt/ros/jazzy/bin:/usr/local/sbin:/usr/local/bin:/usr/sbin:/usr/bin:/sbin:/bin:/usr/games:/usr/local/games:/snap/bin:/snap/bin', 'SESSION_MANAGER': 'local/Ubuntu:@/tmp/.ICE-unix/2240,unix/Ubuntu:/tmp/.ICE-unix/2240', 'XDG_MENU_PREFIX': 'gnome-', 'GNOME_TERMINAL_SCREEN': '/org/gnome/Terminal/screen/c7962f18_f474_48af_ace3_a3479f78beab', 'GNOME_SETUP_DISPLAY': ':1', 'XDG_RUNTIME_DIR': '/run/user/1000', 'DISPLAY': ':0', 'LANG': 'en_US.UTF-8', 'XDG_CURRENT_DESKTOP': 'ubuntu:GNOME', 'XMODIFIERS': '@im=ibus', 'XDG_SESSION_DESKTOP': 'ubuntu', 'XAUTHORITY': '/run/user/1000/.mutter-Xwaylandauth.HCD1K3', 'LS_COLORS': 'rs=0:di=01;34:ln=01;36:mh=00:pi=40;33:so=01;35:do=01;35:bd=40;33;01:cd=40;33;01:or=40;31;01:mi=00:su=37;41:sg=30;43:ca=00:tw=30;42:ow=34;42:st=37;44:ex=01;32:*.tar=01;31:*.tgz=01;31:*.arc=01;31:*.arj=01;31:*.taz=01;31:*.lha=01;31:*.lz4=01;31:*.lzh=01;31:*.lzma=01;31:*.tlz=01;31:*.txz=01;31:*.tzo=01;31:*.t7z=01;31:*.zip=01;31:*.z=01;31:*.dz=01;31:*.gz=01;31:*.lrz=01;31:*.lz=01;31:*.lzo=01;31:*.xz=01;31:*.zst=01;31:*.tzst=01;31:*.bz2=01;31:*.bz=01;31:*.tbz=01;31:*.tbz2=01;31:*.tz=01;31:*.deb=01;31:*.rpm=01;31:*.jar=01;31:*.war=01;31:*.ear=01;31:*.sar=01;31:*.rar=01;31:*.alz=01;31:*.ace=01;31:*.zoo=01;31:*.cpio=01;31:*.7z=01;31:*.rz=01;31:*.cab=01;31:*.wim=01;31:*.swm=01;31:*.dwm=01;31:*.esd=01;31:*.avif=01;35:*.jpg=01;35:*.jpeg=01;35:*.mjpg=01;35:*.mjpeg=01;35:*.gif=01;35:*.bmp=01;35:*.pbm=01;35:*.pgm=01;35:*.ppm=01;35:*.tga=01;35:*.xbm=01;35:*.xpm=01;35:*.tif=01;35:*.tiff=01;35:*.png=01;35:*.svg=01;35:*.svgz=01;35:*.mng=01;35:*.pcx=01;35:*.mov=01;35:*.mpg=01;35:*.mpeg=01;35:*.m2v=01;35:*.mkv=01;35:*.webm=01;35:*.webp=01;35:*.ogm=01;35:*.mp4=01;35:*.m4v=01;35:*.mp4v=01;35:*.vob=01;35:*.qt=01;35:*.nuv=01;35:*.wmv=01;35:*.asf=01;35:*.rm=01;35:*.rmvb=01;35:*.flc=01;35:*.avi=01;35:*.fli=01;35:*.flv=01;35:*.gl=01;35:*.dl=01;35:*.xcf=01;35:*.xwd=01;35:*.yuv=01;35:*.cgm=01;35:*.emf=01;35:*.ogv=01;35:*.ogx=01;35:*.aac=00;36:*.au=00;36:*.flac=00;36:*.m4a=00;36:*.mid=00;36:*.midi=00;36:*.mka=00;36:*.mp3=00;36:*.mpc=00;36:*.ogg=00;36:*.ra=00;36:*.wav=00;36:*.oga=00;36:*.opus=00;36:*.spx=00;36:*.xspf=00;36:*~=00;90:*#=00;90:*.bak=00;90:*.crdownload=00;90:*.dpkg-dist=00;90:*.dpkg-new=00;90:*.dpkg-old=00;90:*.dpkg-tmp=00;90:*.old=00;90:*.orig=00;90:*.part=00;90:*.rej=00;90:*.rpmnew=00;90:*.rpmorig=00;90:*.rpmsave=00;90:*.swp=00;90:*.tmp=00;90:*.ucf-dist=00;90:*.ucf-new=00;90:*.ucf-old=00;90:', 'GNOME_TERMINAL_SERVICE': ':1.781', 'SSH_AUTH_SOCK': '/run/user/1000/keyring/ssh', 'AMENT_PREFIX_PATH': '/home/user/celluleflexible_en_cours_ROS2/ros_ws/install/shuttles:/home/user/celluleflexible_en_cours_ROS2/ros_ws/install/robots:/home/user/celluleflexible_en_cours_ROS2/ros_ws/install/commande_locale:/home/user/celluleflexible_en_cours_ROS2/ros_ws/install/aiguillages:/opt/ros/jazzy', 'SHELL': '/bin/bash', 'QT_ACCESSIBILITY': '1', 'GDMSESSION': 'ubuntu', 'LESSCLOSE': '/usr/bin/lesspipe %s %s', 'ROS_AUTOMATIC_DISCOVERY_RANGE': 'SUBNET', 'QT_IM_MODULE': 'ibus', 'PWD': '/home/user/celluleflexible_en_cours_ROS2/ros_ws/build/commande_locale', 'LC_ALL': 'en_US.UTF-8', 'XDG_CONFIG_DIRS': '/etc/xdg/xdg-ubuntu:/etc/xdg', 'DBUS_STARTER_ADDRESS': 'unix:path=/run/user/1000/bus,guid=6da02ccfb5f5be8b2dc210526992ca6b', 'XDG_DATA_DIRS': '/usr/share/ubuntu:/usr/share/gnome:/usr/local/share/:/usr/share/:/var/lib/snapd/desktop', 'PYTHONPATH': '/home/user/celluleflexible_en_cours_ROS2/ros_ws/install/aiguillages/lib/python3.12/site-packages:/home/user/celluleflexible_en_cours_ROS2/ros_ws/install/shuttles/lib/python3.12/site-packages:/home/user/celluleflexible_en_cours_ROS2/ros_ws/install/robots/lib/python3.12/site-packages:/home/user/celluleflexible_en_cours_ROS2/ros_ws/install/commande_locale/lib/python3.12/site-packages:/opt/ros/jazzy/lib/python3.12/site-packages', 'COLCON': '1', 'MEMORY_PRESSURE_WRITE': 'c29tZSAyMDAwMDAgMjAwMDAwMAA=', 'VTE_VERSION': '7600', 'CMAKE_PREFIX_PATH': '/home/user/celluleflexible_en_cours_ROS2/ros_ws/install/aiguillages:/home/user/celluleflexible_en_cours_ROS2/ros_ws/install/shuttles:/home/user/celluleflexible_en_cours_ROS2/ros_ws/install/robots:/home/user/celluleflexible_en_cours_ROS2/ros_ws/install/commande_locale:/opt/ros/jazzy/opt/gz_math_vendor:/opt/ros/jazzy/opt/gz_utils_vendor:/opt/ros/jazzy/opt/gz_cmake_vendor:/opt/ros/jazzy'}), 'shell': False}
[0.433343] (shuttles) JobProgress: {'identifier': 'shuttles', 'progress': 'cmake'}
[0.434362] (shuttles) JobProgress: {'identifier': 'shuttles', 'progress': 'build'}
[0.434390] (shuttles) Command: {'cmd': ['/usr/bin/cmake', '--build', '/home/user/celluleflexible_en_cours_ROS2/ros_ws/build/shuttles', '--', '-j8', '-l8'], 'cwd': '/home/user/celluleflexible_en_cours_ROS2/ros_ws/build/shuttles', 'env': OrderedDict({'LESSOPEN': '| /usr/bin/lesspipe %s', 'USER': 'user', 'XDG_SESSION_TYPE': 'wayland', 'SHLVL': '1', 'LD_LIBRARY_PATH': '/home/user/celluleflexible_en_cours_ROS2/ros_ws/install/aiguillages/lib:/home/user/celluleflexible_en_cours_ROS2/ros_ws/install/shuttles/lib:/home/user/celluleflexible_en_cours_ROS2/ros_ws/install/robots/lib:/home/user/celluleflexible_en_cours_ROS2/ros_ws/install/commande_locale/lib:/opt/ros/jazzy/opt/rviz_ogre_vendor/lib:/opt/ros/jazzy/lib/x86_64-linux-gnu:/opt/ros/jazzy/opt/gz_math_vendor/lib:/opt/ros/jazzy/opt/gz_utils_vendor/lib:/opt/ros/jazzy/opt/gz_cmake_vendor/lib:/opt/ros/jazzy/lib', 'HOME': '/home/user', 'DESKTOP_SESSION': 'ubuntu', 'ROS_PYTHON_VERSION': '3', 'GNOME_SHELL_SESSION_MODE': 'ubuntu', 'GTK_MODULES': 'gail:atk-bridge', 'DBUS_STARTER_BUS_TYPE': 'session', 'SYSTEMD_EXEC_PID': '2240', 'GSM_SKIP_SSH_AGENT_WORKAROUND': 'true', 'DBUS_SESSION_BUS_ADDRESS': 'unix:path=/run/user/1000/bus,guid=6da02ccfb5f5be8b2dc210526992ca6b', 'COLORTERM': 'truecolor', 'DEBUGINFOD_URLS': 'https://debuginfod.ubuntu.com', 'IM_CONFIG_PHASE': '1', 'WAYLAND_DISPLAY': 'wayland-0', 'COLCON_PREFIX_PATH': '/home/user/celluleflexible_en_cours_ROS2/ros_ws/install', 'ROS_DISTRO': 'jazzy', 'LOGNAME': 'user', '_': '/usr/bin/colcon', 'ROS_VERSION': '2', 'MEMORY_PRESSURE_WATCH': '/sys/fs/cgroup/user.slice/user-1000.slice/user@1000.service/app.slice/app-gnome\\x2dsession\\x2dmanager.slice/gnome-session-manager@ubuntu.service/memory.pressure', 'XDG_SESSION_CLASS': 'user', 'USERNAME': 'user', 'TERM': 'xterm-256color', 'GNOME_DESKTOP_SESSION_ID': 'this-is-deprecated', 'PATH': '/opt/ros/jazzy/bin:/usr/local/sbin:/usr/local/bin:/usr/sbin:/usr/bin:/sbin:/bin:/usr/games:/usr/local/games:/snap/bin:/snap/bin', 'SESSION_MANAGER': 'local/Ubuntu:@/tmp/.ICE-unix/2240,unix/Ubuntu:/tmp/.ICE-unix/2240', 'XDG_MENU_PREFIX': 'gnome-', 'GNOME_TERMINAL_SCREEN': '/org/gnome/Terminal/screen/c7962f18_f474_48af_ace3_a3479f78beab', 'GNOME_SETUP_DISPLAY': ':1', 'XDG_RUNTIME_DIR': '/run/user/1000', 'DISPLAY': ':0', 'LANG': 'en_US.UTF-8', 'XDG_CURRENT_DESKTOP': 'ubuntu:GNOME', 'XMODIFIERS': '@im=ibus', 'XDG_SESSION_DESKTOP': 'ubuntu', 'XAUTHORITY': '/run/user/1000/.mutter-Xwaylandauth.HCD1K3', 'LS_COLORS': 'rs=0:di=01;34:ln=01;36:mh=00:pi=40;33:so=01;35:do=01;35:bd=40;33;01:cd=40;33;01:or=40;31;01:mi=00:su=37;41:sg=30;43:ca=00:tw=30;42:ow=34;42:st=37;44:ex=01;32:*.tar=01;31:*.tgz=01;31:*.arc=01;31:*.arj=01;31:*.taz=01;31:*.lha=01;31:*.lz4=01;31:*.lzh=01;31:*.lzma=01;31:*.tlz=01;31:*.txz=01;31:*.tzo=01;31:*.t7z=01;31:*.zip=01;31:*.z=01;31:*.dz=01;31:*.gz=01;31:*.lrz=01;31:*.lz=01;31:*.lzo=01;31:*.xz=01;31:*.zst=01;31:*.tzst=01;31:*.bz2=01;31:*.bz=01;31:*.tbz=01;31:*.tbz2=01;31:*.tz=01;31:*.deb=01;31:*.rpm=01;31:*.jar=01;31:*.war=01;31:*.ear=01;31:*.sar=01;31:*.rar=01;31:*.alz=01;31:*.ace=01;31:*.zoo=01;31:*.cpio=01;31:*.7z=01;31:*.rz=01;31:*.cab=01;31:*.wim=01;31:*.swm=01;31:*.dwm=01;31:*.esd=01;31:*.avif=01;35:*.jpg=01;35:*.jpeg=01;35:*.mjpg=01;35:*.mjpeg=01;35:*.gif=01;35:*.bmp=01;35:*.pbm=01;35:*.pgm=01;35:*.ppm=01;35:*.tga=01;35:*.xbm=01;35:*.xpm=01;35:*.tif=01;35:*.tiff=01;35:*.png=01;35:*.svg=01;35:*.svgz=01;35:*.mng=01;35:*.pcx=01;35:*.mov=01;35:*.mpg=01;35:*.mpeg=01;35:*.m2v=01;35:*.mkv=01;35:*.webm=01;35:*.webp=01;35:*.ogm=01;35:*.mp4=01;35:*.m4v=01;35:*.mp4v=01;35:*.vob=01;35:*.qt=01;35:*.nuv=01;35:*.wmv=01;35:*.asf=01;35:*.rm=01;35:*.rmvb=01;35:*.flc=01;35:*.avi=01;35:*.fli=01;35:*.flv=01;35:*.gl=01;35:*.dl=01;35:*.xcf=01;35:*.xwd=01;35:*.yuv=01;35:*.cgm=01;35:*.emf=01;35:*.ogv=01;35:*.ogx=01;35:*.aac=00;36:*.au=00;36:*.flac=00;36:*.m4a=00;36:*.mid=00;36:*.midi=00;36:*.mka=00;36:*.mp3=00;36:*.mpc=00;36:*.ogg=00;36:*.ra=00;36:*.wav=00;36:*.oga=00;36:*.opus=00;36:*.spx=00;36:*.xspf=00;36:*~=00;90:*#=00;90:*.bak=00;90:*.crdownload=00;90:*.dpkg-dist=00;90:*.dpkg-new=00;90:*.dpkg-old=00;90:*.dpkg-tmp=00;90:*.old=00;90:*.orig=00;90:*.part=00;90:*.rej=00;90:*.rpmnew=00;90:*.rpmorig=00;90:*.rpmsave=00;90:*.swp=00;90:*.tmp=00;90:*.ucf-dist=00;90:*.ucf-new=00;90:*.ucf-old=00;90:', 'GNOME_TERMINAL_SERVICE': ':1.781', 'SSH_AUTH_SOCK': '/run/user/1000/keyring/ssh', 'AMENT_PREFIX_PATH': '/home/user/celluleflexible_en_cours_ROS2/ros_ws/install/shuttles:/home/user/celluleflexible_en_cours_ROS2/ros_ws/install/robots:/home/user/celluleflexible_en_cours_ROS2/ros_ws/install/commande_locale:/home/user/celluleflexible_en_cours_ROS2/ros_ws/install/aiguillages:/opt/ros/jazzy', 'SHELL': '/bin/bash', 'QT_ACCESSIBILITY': '1', 'GDMSESSION': 'ubuntu', 'LESSCLOSE': '/usr/bin/lesspipe %s %s', 'ROS_AUTOMATIC_DISCOVERY_RANGE': 'SUBNET', 'QT_IM_MODULE': 'ibus', 'PWD': '/home/user/celluleflexible_en_cours_ROS2/ros_ws/build/shuttles', 'LC_ALL': 'en_US.UTF-8', 'XDG_CONFIG_DIRS': '/etc/xdg/xdg-ubuntu:/etc/xdg', 'DBUS_STARTER_ADDRESS': 'unix:path=/run/user/1000/bus,guid=6da02ccfb5f5be8b2dc210526992ca6b', 'XDG_DATA_DIRS': '/usr/share/ubuntu:/usr/share/gnome:/usr/local/share/:/usr/share/:/var/lib/snapd/desktop', 'PYTHONPATH': '/home/user/celluleflexible_en_cours_ROS2/ros_ws/install/aiguillages/lib/python3.12/site-packages:/home/user/celluleflexible_en_cours_ROS2/ros_ws/install/shuttles/lib/python3.12/site-packages:/home/user/celluleflexible_en_cours_ROS2/ros_ws/install/robots/lib/python3.12/site-packages:/home/user/celluleflexible_en_cours_ROS2/ros_ws/install/commande_locale/lib/python3.12/site-packages:/opt/ros/jazzy/lib/python3.12/site-packages', 'COLCON': '1', 'MEMORY_PRESSURE_WRITE': 'c29tZSAyMDAwMDAgMjAwMDAwMAA=', 'VTE_VERSION': '7600', 'CMAKE_PREFIX_PATH': '/home/user/celluleflexible_en_cours_ROS2/ros_ws/install/aiguillages:/home/user/celluleflexible_en_cours_ROS2/ros_ws/install/shuttles:/home/user/celluleflexible_en_cours_ROS2/ros_ws/install/robots:/home/user/celluleflexible_en_cours_ROS2/ros_ws/install/commande_locale:/opt/ros/jazzy/opt/gz_math_vendor:/opt/ros/jazzy/opt/gz_utils_vendor:/opt/ros/jazzy/opt/gz_cmake_vendor:/opt/ros/jazzy'}), 'shell': False}
[0.498880] (commande_locale) StdoutLine: {'line': b'[  0%] Built target commande_locale__rosidl_generator_type_description\n'}
[0.500516] (shuttles) StdoutLine: {'line': b'[  1%] Built target shuttles__rosidl_generator_type_description\n'}
[0.508883] (shuttles) StdoutLine: {'line': b'[  1%] Built target ament_cmake_python_copy_shuttles\n'}
[0.509169] (-) TimerEvent: {}
[0.509441] (commande_locale) StdoutLine: {'line': b'[  0%] Built target ament_cmake_python_copy_commande_locale\n'}
[0.531994] (shuttles) StdoutLine: {'line': b'[  2%] Built target shuttles__cpp\n'}
[0.532152] (commande_locale) StdoutLine: {'line': b'[  0%] Built target commande_locale__cpp\n'}
[0.537392] (shuttles) StdoutLine: {'line': b'[ 23%] Built target shuttles__rosidl_generator_c\n'}
[0.543607] (commande_locale) StdoutLine: {'line': b'[ 26%] Built target commande_locale__rosidl_generator_c\n'}
[0.584317] (shuttles) StdoutLine: {'line': b'[ 32%] Built target shuttles__rosidl_typesupport_fastrtps_c\n'}
[0.589303] (shuttles) StdoutLine: {'line': b'[ 41%] Built target shuttles__rosidl_typesupport_introspection_c\n'}
[0.591330] (shuttles) StdoutLine: {'line': b'[ 50%] Built target shuttles__rosidl_typesupport_cpp\n'}
[0.591865] (shuttles) StdoutLine: {'line': b'[ 58%] Built target shuttles__rosidl_typesupport_fastrtps_cpp\n'}
[0.593429] (shuttles) StdoutLine: {'line': b'[ 67%] Built target shuttles__rosidl_typesupport_c\n'}
[0.599683] (commande_locale) StdoutLine: {'line': b'[ 36%] Built target commande_locale__rosidl_typesupport_fastrtps_c\n'}
[0.599809] (commande_locale) StdoutLine: {'line': b'[ 45%] Built target commande_locale__rosidl_typesupport_cpp\n'}
[0.602819] (commande_locale) StdoutLine: {'line': b'[ 54%] Built target commande_locale__rosidl_typesupport_fastrtps_cpp\n'}
[0.602924] (commande_locale) StdoutLine: {'line': b'[ 64%] Built target commande_locale__rosidl_typesupport_c\n'}
[0.603614] (commande_locale) StdoutLine: {'line': b'[ 73%] Built target commande_locale__rosidl_typesupport_introspection_cpp\n'}
[0.603926] (shuttles) StdoutLine: {'line': b'[ 76%] Built target shuttles__rosidl_typesupport_introspection_cpp\n'}
[0.607252] (commande_locale) StdoutLine: {'line': b'[ 83%] Built target commande_locale__rosidl_typesupport_introspection_c\n'}
[0.619005] (shuttles) StdoutLine: {'line': b'[ 82%] Built target shuttle_manager\n'}
[0.619139] (-) TimerEvent: {}
[0.659189] (commande_locale) StdoutLine: {'line': b'[ 83%] Built target commande_locale\n'}
[0.659327] (commande_locale) StdoutLine: {'line': b'[ 86%] Built target simulation\n'}
[0.663413] (shuttles) StdoutLine: {'line': b'[ 82%] Built target shuttles\n'}
[0.681190] (shuttles) StdoutLine: {'line': b'[ 83%] Built target shuttles__py\n'}
[0.684009] (commande_locale) StdoutLine: {'line': b'[ 87%] Built target commande_locale__py\n'}
[0.723871] (commande_locale) StdoutLine: {'line': b'[ 96%] Built target commande_locale__rosidl_generator_py\n'}
[0.724006] (-) TimerEvent: {}
[0.724468] (shuttles) StdoutLine: {'line': b'[ 91%] Built target shuttles__rosidl_generator_py\n'}
[0.724573] (shuttles) StdoutLine: {'line': b'running egg_info\n'}
[0.724629] (commande_locale) StdoutLine: {'line': b'running egg_info\n'}
[0.737717] (shuttles) StdoutLine: {'line': b'writing shuttles.egg-info/PKG-INFO\n'}
[0.743625] (shuttles) StdoutLine: {'line': b'writing dependency_links to shuttles.egg-info/dependency_links.txt\n'}
[0.744060] (shuttles) StdoutLine: {'line': b'writing top-level names to shuttles.egg-info/top_level.txt\n'}
[0.745905] (commande_locale) StdoutLine: {'line': b'writing commande_locale.egg-info/PKG-INFO\n'}
[0.745979] (commande_locale) StdoutLine: {'line': b'writing dependency_links to commande_locale.egg-info/dependency_links.txt\n'}
[0.746011] (commande_locale) StdoutLine: {'line': b'writing top-level names to commande_locale.egg-info/top_level.txt\n'}
[0.753373] (shuttles) StdoutLine: {'line': b'[ 94%] Built target shuttles_s__rosidl_typesupport_fastrtps_c\n'}
[0.755873] (shuttles) StdoutLine: {'line': b'[ 97%] Built target shuttles_s__rosidl_typesupport_introspection_c\n'}
[0.755985] (commande_locale) StdoutLine: {'line': b'[ 97%] Built target commande_locale_s__rosidl_typesupport_c\n'}
[0.756027] (commande_locale) StdoutLine: {'line': b'[ 98%] Built target commande_locale_s__rosidl_typesupport_introspection_c\n'}
[0.757002] (shuttles) StdoutLine: {'line': b'[100%] Built target shuttles_s__rosidl_typesupport_c\n'}
[0.761640] (commande_locale) StdoutLine: {'line': b'[100%] Built target commande_locale_s__rosidl_typesupport_fastrtps_c\n'}
[0.769424] (commande_locale) StdoutLine: {'line': b"reading manifest file 'commande_locale.egg-info/SOURCES.txt'\n"}
[0.769784] (commande_locale) StdoutLine: {'line': b"writing manifest file 'commande_locale.egg-info/SOURCES.txt'\n"}
[0.772362] (shuttles) StdoutLine: {'line': b"reading manifest file 'shuttles.egg-info/SOURCES.txt'\n"}
[0.776837] (shuttles) StdoutLine: {'line': b"writing manifest file 'shuttles.egg-info/SOURCES.txt'\n"}
[0.797618] (shuttles) StdoutLine: {'line': b'[100%] Built target ament_cmake_python_build_shuttles_egg\n'}
[0.797793] (commande_locale) StdoutLine: {'line': b'[100%] Built target ament_cmake_python_build_commande_locale_egg\n'}
[0.812035] (shuttles) CommandEnded: {'returncode': 0}
[0.813143] (shuttles) JobProgress: {'identifier': 'shuttles', 'progress': 'install'}
[0.813164] (shuttles) Command: {'cmd': ['/usr/bin/cmake', '--install', '/home/user/celluleflexible_en_cours_ROS2/ros_ws/build/shuttles'], 'cwd': '/home/user/celluleflexible_en_cours_ROS2/ros_ws/build/shuttles', 'env': OrderedDict({'LESSOPEN': '| /usr/bin/lesspipe %s', 'USER': 'user', 'XDG_SESSION_TYPE': 'wayland', 'SHLVL': '1', 'LD_LIBRARY_PATH': '/home/user/celluleflexible_en_cours_ROS2/ros_ws/install/aiguillages/lib:/home/user/celluleflexible_en_cours_ROS2/ros_ws/install/shuttles/lib:/home/user/celluleflexible_en_cours_ROS2/ros_ws/install/robots/lib:/home/user/celluleflexible_en_cours_ROS2/ros_ws/install/commande_locale/lib:/opt/ros/jazzy/opt/rviz_ogre_vendor/lib:/opt/ros/jazzy/lib/x86_64-linux-gnu:/opt/ros/jazzy/opt/gz_math_vendor/lib:/opt/ros/jazzy/opt/gz_utils_vendor/lib:/opt/ros/jazzy/opt/gz_cmake_vendor/lib:/opt/ros/jazzy/lib', 'HOME': '/home/user', 'DESKTOP_SESSION': 'ubuntu', 'ROS_PYTHON_VERSION': '3', 'GNOME_SHELL_SESSION_MODE': 'ubuntu', 'GTK_MODULES': 'gail:atk-bridge', 'DBUS_STARTER_BUS_TYPE': 'session', 'SYSTEMD_EXEC_PID': '2240', 'GSM_SKIP_SSH_AGENT_WORKAROUND': 'true', 'DBUS_SESSION_BUS_ADDRESS': 'unix:path=/run/user/1000/bus,guid=6da02ccfb5f5be8b2dc210526992ca6b', 'COLORTERM': 'truecolor', 'DEBUGINFOD_URLS': 'https://debuginfod.ubuntu.com', 'IM_CONFIG_PHASE': '1', 'WAYLAND_DISPLAY': 'wayland-0', 'COLCON_PREFIX_PATH': '/home/user/celluleflexible_en_cours_ROS2/ros_ws/install', 'ROS_DISTRO': 'jazzy', 'LOGNAME': 'user', '_': '/usr/bin/colcon', 'ROS_VERSION': '2', 'MEMORY_PRESSURE_WATCH': '/sys/fs/cgroup/user.slice/user-1000.slice/user@1000.service/app.slice/app-gnome\\x2dsession\\x2dmanager.slice/gnome-session-manager@ubuntu.service/memory.pressure', 'XDG_SESSION_CLASS': 'user', 'USERNAME': 'user', 'TERM': 'xterm-256color', 'GNOME_DESKTOP_SESSION_ID': 'this-is-deprecated', 'PATH': '/opt/ros/jazzy/bin:/usr/local/sbin:/usr/local/bin:/usr/sbin:/usr/bin:/sbin:/bin:/usr/games:/usr/local/games:/snap/bin:/snap/bin', 'SESSION_MANAGER': 'local/Ubuntu:@/tmp/.ICE-unix/2240,unix/Ubuntu:/tmp/.ICE-unix/2240', 'XDG_MENU_PREFIX': 'gnome-', 'GNOME_TERMINAL_SCREEN': '/org/gnome/Terminal/screen/c7962f18_f474_48af_ace3_a3479f78beab', 'GNOME_SETUP_DISPLAY': ':1', 'XDG_RUNTIME_DIR': '/run/user/1000', 'DISPLAY': ':0', 'LANG': 'en_US.UTF-8', 'XDG_CURRENT_DESKTOP': 'ubuntu:GNOME', 'XMODIFIERS': '@im=ibus', 'XDG_SESSION_DESKTOP': 'ubuntu', 'XAUTHORITY': '/run/user/1000/.mutter-Xwaylandauth.HCD1K3', 'LS_COLORS': 'rs=0:di=01;34:ln=01;36:mh=00:pi=40;33:so=01;35:do=01;35:bd=40;33;01:cd=40;33;01:or=40;31;01:mi=00:su=37;41:sg=30;43:ca=00:tw=30;42:ow=34;42:st=37;44:ex=01;32:*.tar=01;31:*.tgz=01;31:*.arc=01;31:*.arj=01;31:*.taz=01;31:*.lha=01;31:*.lz4=01;31:*.lzh=01;31:*.lzma=01;31:*.tlz=01;31:*.txz=01;31:*.tzo=01;31:*.t7z=01;31:*.zip=01;31:*.z=01;31:*.dz=01;31:*.gz=01;31:*.lrz=01;31:*.lz=01;31:*.lzo=01;31:*.xz=01;31:*.zst=01;31:*.tzst=01;31:*.bz2=01;31:*.bz=01;31:*.tbz=01;31:*.tbz2=01;31:*.tz=01;31:*.deb=01;31:*.rpm=01;31:*.jar=01;31:*.war=01;31:*.ear=01;31:*.sar=01;31:*.rar=01;31:*.alz=01;31:*.ace=01;31:*.zoo=01;31:*.cpio=01;31:*.7z=01;31:*.rz=01;31:*.cab=01;31:*.wim=01;31:*.swm=01;31:*.dwm=01;31:*.esd=01;31:*.avif=01;35:*.jpg=01;35:*.jpeg=01;35:*.mjpg=01;35:*.mjpeg=01;35:*.gif=01;35:*.bmp=01;35:*.pbm=01;35:*.pgm=01;35:*.ppm=01;35:*.tga=01;35:*.xbm=01;35:*.xpm=01;35:*.tif=01;35:*.tiff=01;35:*.png=01;35:*.svg=01;35:*.svgz=01;35:*.mng=01;35:*.pcx=01;35:*.mov=01;35:*.mpg=01;35:*.mpeg=01;35:*.m2v=01;35:*.mkv=01;35:*.webm=01;35:*.webp=01;35:*.ogm=01;35:*.mp4=01;35:*.m4v=01;35:*.mp4v=01;35:*.vob=01;35:*.qt=01;35:*.nuv=01;35:*.wmv=01;35:*.asf=01;35:*.rm=01;35:*.rmvb=01;35:*.flc=01;35:*.avi=01;35:*.fli=01;35:*.flv=01;35:*.gl=01;35:*.dl=01;35:*.xcf=01;35:*.xwd=01;35:*.yuv=01;35:*.cgm=01;35:*.emf=01;35:*.ogv=01;35:*.ogx=01;35:*.aac=00;36:*.au=00;36:*.flac=00;36:*.m4a=00;36:*.mid=00;36:*.midi=00;36:*.mka=00;36:*.mp3=00;36:*.mpc=00;36:*.ogg=00;36:*.ra=00;36:*.wav=00;36:*.oga=00;36:*.opus=00;36:*.spx=00;36:*.xspf=00;36:*~=00;90:*#=00;90:*.bak=00;90:*.crdownload=00;90:*.dpkg-dist=00;90:*.dpkg-new=00;90:*.dpkg-old=00;90:*.dpkg-tmp=00;90:*.old=00;90:*.orig=00;90:*.part=00;90:*.rej=00;90:*.rpmnew=00;90:*.rpmorig=00;90:*.rpmsave=00;90:*.swp=00;90:*.tmp=00;90:*.ucf-dist=00;90:*.ucf-new=00;90:*.ucf-old=00;90:', 'GNOME_TERMINAL_SERVICE': ':1.781', 'SSH_AUTH_SOCK': '/run/user/1000/keyring/ssh', 'AMENT_PREFIX_PATH': '/home/user/celluleflexible_en_cours_ROS2/ros_ws/install/shuttles:/home/user/celluleflexible_en_cours_ROS2/ros_ws/install/robots:/home/user/celluleflexible_en_cours_ROS2/ros_ws/install/commande_locale:/home/user/celluleflexible_en_cours_ROS2/ros_ws/install/aiguillages:/opt/ros/jazzy', 'SHELL': '/bin/bash', 'QT_ACCESSIBILITY': '1', 'GDMSESSION': 'ubuntu', 'LESSCLOSE': '/usr/bin/lesspipe %s %s', 'ROS_AUTOMATIC_DISCOVERY_RANGE': 'SUBNET', 'QT_IM_MODULE': 'ibus', 'PWD': '/home/user/celluleflexible_en_cours_ROS2/ros_ws/build/shuttles', 'LC_ALL': 'en_US.UTF-8', 'XDG_CONFIG_DIRS': '/etc/xdg/xdg-ubuntu:/etc/xdg', 'DBUS_STARTER_ADDRESS': 'unix:path=/run/user/1000/bus,guid=6da02ccfb5f5be8b2dc210526992ca6b', 'XDG_DATA_DIRS': '/usr/share/ubuntu:/usr/share/gnome:/usr/local/share/:/usr/share/:/var/lib/snapd/desktop', 'PYTHONPATH': '/home/user/celluleflexible_en_cours_ROS2/ros_ws/install/aiguillages/lib/python3.12/site-packages:/home/user/celluleflexible_en_cours_ROS2/ros_ws/install/shuttles/lib/python3.12/site-packages:/home/user/celluleflexible_en_cours_ROS2/ros_ws/install/robots/lib/python3.12/site-packages:/home/user/celluleflexible_en_cours_ROS2/ros_ws/install/commande_locale/lib/python3.12/site-packages:/opt/ros/jazzy/lib/python3.12/site-packages', 'COLCON': '1', 'MEMORY_PRESSURE_WRITE': 'c29tZSAyMDAwMDAgMjAwMDAwMAA=', 'VTE_VERSION': '7600', 'CMAKE_PREFIX_PATH': '/home/user/celluleflexible_en_cours_ROS2/ros_ws/install/aiguillages:/home/user/celluleflexible_en_cours_ROS2/ros_ws/install/shuttles:/home/user/celluleflexible_en_cours_ROS2/ros_ws/install/robots:/home/user/celluleflexible_en_cours_ROS2/ros_ws/install/commande_locale:/opt/ros/jazzy/opt/gz_math_vendor:/opt/ros/jazzy/opt/gz_utils_vendor:/opt/ros/jazzy/opt/gz_cmake_vendor:/opt/ros/jazzy'}), 'shell': False}
[0.813490] (commande_locale) CommandEnded: {'returncode': 0}
[0.814282] (commande_locale) JobProgress: {'identifier': 'commande_locale', 'progress': 'install'}
[0.814308] (commande_locale) Command: {'cmd': ['/usr/bin/cmake', '--install', '/home/user/celluleflexible_en_cours_ROS2/ros_ws/build/commande_locale'], 'cwd': '/home/user/celluleflexible_en_cours_ROS2/ros_ws/build/commande_locale', 'env': OrderedDict({'LESSOPEN': '| /usr/bin/lesspipe %s', 'USER': 'user', 'XDG_SESSION_TYPE': 'wayland', 'SHLVL': '1', 'LD_LIBRARY_PATH': '/home/user/celluleflexible_en_cours_ROS2/ros_ws/install/aiguillages/lib:/home/user/celluleflexible_en_cours_ROS2/ros_ws/install/shuttles/lib:/home/user/celluleflexible_en_cours_ROS2/ros_ws/install/robots/lib:/home/user/celluleflexible_en_cours_ROS2/ros_ws/install/commande_locale/lib:/opt/ros/jazzy/opt/rviz_ogre_vendor/lib:/opt/ros/jazzy/lib/x86_64-linux-gnu:/opt/ros/jazzy/opt/gz_math_vendor/lib:/opt/ros/jazzy/opt/gz_utils_vendor/lib:/opt/ros/jazzy/opt/gz_cmake_vendor/lib:/opt/ros/jazzy/lib', 'HOME': '/home/user', 'DESKTOP_SESSION': 'ubuntu', 'ROS_PYTHON_VERSION': '3', 'GNOME_SHELL_SESSION_MODE': 'ubuntu', 'GTK_MODULES': 'gail:atk-bridge', 'DBUS_STARTER_BUS_TYPE': 'session', 'SYSTEMD_EXEC_PID': '2240', 'GSM_SKIP_SSH_AGENT_WORKAROUND': 'true', 'DBUS_SESSION_BUS_ADDRESS': 'unix:path=/run/user/1000/bus,guid=6da02ccfb5f5be8b2dc210526992ca6b', 'COLORTERM': 'truecolor', 'DEBUGINFOD_URLS': 'https://debuginfod.ubuntu.com', 'IM_CONFIG_PHASE': '1', 'WAYLAND_DISPLAY': 'wayland-0', 'COLCON_PREFIX_PATH': '/home/user/celluleflexible_en_cours_ROS2/ros_ws/install', 'ROS_DISTRO': 'jazzy', 'LOGNAME': 'user', '_': '/usr/bin/colcon', 'ROS_VERSION': '2', 'MEMORY_PRESSURE_WATCH': '/sys/fs/cgroup/user.slice/user-1000.slice/user@1000.service/app.slice/app-gnome\\x2dsession\\x2dmanager.slice/gnome-session-manager@ubuntu.service/memory.pressure', 'XDG_SESSION_CLASS': 'user', 'USERNAME': 'user', 'TERM': 'xterm-256color', 'GNOME_DESKTOP_SESSION_ID': 'this-is-deprecated', 'PATH': '/opt/ros/jazzy/bin:/usr/local/sbin:/usr/local/bin:/usr/sbin:/usr/bin:/sbin:/bin:/usr/games:/usr/local/games:/snap/bin:/snap/bin', 'SESSION_MANAGER': 'local/Ubuntu:@/tmp/.ICE-unix/2240,unix/Ubuntu:/tmp/.ICE-unix/2240', 'XDG_MENU_PREFIX': 'gnome-', 'GNOME_TERMINAL_SCREEN': '/org/gnome/Terminal/screen/c7962f18_f474_48af_ace3_a3479f78beab', 'GNOME_SETUP_DISPLAY': ':1', 'XDG_RUNTIME_DIR': '/run/user/1000', 'DISPLAY': ':0', 'LANG': 'en_US.UTF-8', 'XDG_CURRENT_DESKTOP': 'ubuntu:GNOME', 'XMODIFIERS': '@im=ibus', 'XDG_SESSION_DESKTOP': 'ubuntu', 'XAUTHORITY': '/run/user/1000/.mutter-Xwaylandauth.HCD1K3', 'LS_COLORS': 'rs=0:di=01;34:ln=01;36:mh=00:pi=40;33:so=01;35:do=01;35:bd=40;33;01:cd=40;33;01:or=40;31;01:mi=00:su=37;41:sg=30;43:ca=00:tw=30;42:ow=34;42:st=37;44:ex=01;32:*.tar=01;31:*.tgz=01;31:*.arc=01;31:*.arj=01;31:*.taz=01;31:*.lha=01;31:*.lz4=01;31:*.lzh=01;31:*.lzma=01;31:*.tlz=01;31:*.txz=01;31:*.tzo=01;31:*.t7z=01;31:*.zip=01;31:*.z=01;31:*.dz=01;31:*.gz=01;31:*.lrz=01;31:*.lz=01;31:*.lzo=01;31:*.xz=01;31:*.zst=01;31:*.tzst=01;31:*.bz2=01;31:*.bz=01;31:*.tbz=01;31:*.tbz2=01;31:*.tz=01;31:*.deb=01;31:*.rpm=01;31:*.jar=01;31:*.war=01;31:*.ear=01;31:*.sar=01;31:*.rar=01;31:*.alz=01;31:*.ace=01;31:*.zoo=01;31:*.cpio=01;31:*.7z=01;31:*.rz=01;31:*.cab=01;31:*.wim=01;31:*.swm=01;31:*.dwm=01;31:*.esd=01;31:*.avif=01;35:*.jpg=01;35:*.jpeg=01;35:*.mjpg=01;35:*.mjpeg=01;35:*.gif=01;35:*.bmp=01;35:*.pbm=01;35:*.pgm=01;35:*.ppm=01;35:*.tga=01;35:*.xbm=01;35:*.xpm=01;35:*.tif=01;35:*.tiff=01;35:*.png=01;35:*.svg=01;35:*.svgz=01;35:*.mng=01;35:*.pcx=01;35:*.mov=01;35:*.mpg=01;35:*.mpeg=01;35:*.m2v=01;35:*.mkv=01;35:*.webm=01;35:*.webp=01;35:*.ogm=01;35:*.mp4=01;35:*.m4v=01;35:*.mp4v=01;35:*.vob=01;35:*.qt=01;35:*.nuv=01;35:*.wmv=01;35:*.asf=01;35:*.rm=01;35:*.rmvb=01;35:*.flc=01;35:*.avi=01;35:*.fli=01;35:*.flv=01;35:*.gl=01;35:*.dl=01;35:*.xcf=01;35:*.xwd=01;35:*.yuv=01;35:*.cgm=01;35:*.emf=01;35:*.ogv=01;35:*.ogx=01;35:*.aac=00;36:*.au=00;36:*.flac=00;36:*.m4a=00;36:*.mid=00;36:*.midi=00;36:*.mka=00;36:*.mp3=00;36:*.mpc=00;36:*.ogg=00;36:*.ra=00;36:*.wav=00;36:*.oga=00;36:*.opus=00;36:*.spx=00;36:*.xspf=00;36:*~=00;90:*#=00;90:*.bak=00;90:*.crdownload=00;90:*.dpkg-dist=00;90:*.dpkg-new=00;90:*.dpkg-old=00;90:*.dpkg-tmp=00;90:*.old=00;90:*.orig=00;90:*.part=00;90:*.rej=00;90:*.rpmnew=00;90:*.rpmorig=00;90:*.rpmsave=00;90:*.swp=00;90:*.tmp=00;90:*.ucf-dist=00;90:*.ucf-new=00;90:*.ucf-old=00;90:', 'GNOME_TERMINAL_SERVICE': ':1.781', 'SSH_AUTH_SOCK': '/run/user/1000/keyring/ssh', 'AMENT_PREFIX_PATH': '/home/user/celluleflexible_en_cours_ROS2/ros_ws/install/shuttles:/home/user/celluleflexible_en_cours_ROS2/ros_ws/install/robots:/home/user/celluleflexible_en_cours_ROS2/ros_ws/install/commande_locale:/home/user/celluleflexible_en_cours_ROS2/ros_ws/install/aiguillages:/opt/ros/jazzy', 'SHELL': '/bin/bash', 'QT_ACCESSIBILITY': '1', 'GDMSESSION': 'ubuntu', 'LESSCLOSE': '/usr/bin/lesspipe %s %s', 'ROS_AUTOMATIC_DISCOVERY_RANGE': 'SUBNET', 'QT_IM_MODULE': 'ibus', 'PWD': '/home/user/celluleflexible_en_cours_ROS2/ros_ws/build/commande_locale', 'LC_ALL': 'en_US.UTF-8', 'XDG_CONFIG_DIRS': '/etc/xdg/xdg-ubuntu:/etc/xdg', 'DBUS_STARTER_ADDRESS': 'unix:path=/run/user/1000/bus,guid=6da02ccfb5f5be8b2dc210526992ca6b', 'XDG_DATA_DIRS': '/usr/share/ubuntu:/usr/share/gnome:/usr/local/share/:/usr/share/:/var/lib/snapd/desktop', 'PYTHONPATH': '/home/user/celluleflexible_en_cours_ROS2/ros_ws/install/aiguillages/lib/python3.12/site-packages:/home/user/celluleflexible_en_cours_ROS2/ros_ws/install/shuttles/lib/python3.12/site-packages:/home/user/celluleflexible_en_cours_ROS2/ros_ws/install/robots/lib/python3.12/site-packages:/home/user/celluleflexible_en_cours_ROS2/ros_ws/install/commande_locale/lib/python3.12/site-packages:/opt/ros/jazzy/lib/python3.12/site-packages', 'COLCON': '1', 'MEMORY_PRESSURE_WRITE': 'c29tZSAyMDAwMDAgMjAwMDAwMAA=', 'VTE_VERSION': '7600', 'CMAKE_PREFIX_PATH': '/home/user/celluleflexible_en_cours_ROS2/ros_ws/install/aiguillages:/home/user/celluleflexible_en_cours_ROS2/ros_ws/install/shuttles:/home/user/celluleflexible_en_cours_ROS2/ros_ws/install/robots:/home/user/celluleflexible_en_cours_ROS2/ros_ws/install/commande_locale:/opt/ros/jazzy/opt/gz_math_vendor:/opt/ros/jazzy/opt/gz_utils_vendor:/opt/ros/jazzy/opt/gz_cmake_vendor:/opt/ros/jazzy'}), 'shell': False}
[0.819610] (shuttles) StdoutLine: {'line': b'-- Install configuration: ""\n'}
[0.819687] (shuttles) StdoutLine: {'line': b'-- Up-to-date: /home/user/celluleflexible_en_cours_ROS2/ros_ws/install/shuttles/share/ament_index/resource_index/rosidl_interfaces/shuttles\n'}
[0.819723] (shuttles) StdoutLine: {'line': b'-- Up-to-date: /home/user/celluleflexible_en_cours_ROS2/ros_ws/install/shuttles/share/shuttles/msg/MsgShuttleChange.json\n'}
[0.819777] (shuttles) StdoutLine: {'line': b'-- Up-to-date: /home/user/celluleflexible_en_cours_ROS2/ros_ws/install/shuttles/share/shuttles/msg/MsgShuttleCreate.json\n'}
[0.819952] (shuttles) StdoutLine: {'line': b'-- Up-to-date: /home/user/celluleflexible_en_cours_ROS2/ros_ws/install/shuttles/share/shuttles/msg/MsgErreur.json\n'}
[0.820138] (shuttles) StdoutLine: {'line': b'-- Up-to-date: /home/user/celluleflexible_en_cours_ROS2/ros_ws/install/shuttles/share/shuttles/srv/ShuttleId.json\n'}
[0.820295] (shuttles) StdoutLine: {'line': b'-- Up-to-date: /home/user/celluleflexible_en_cours_ROS2/ros_ws/install/shuttles/include/shuttles/shuttles\n'}
[0.820812] (shuttles) StdoutLine: {'line': b'-- Up-to-date: /home/user/celluleflexible_en_cours_ROS2/ros_ws/install/shuttles/include/shuttles/shuttles/msg\n'}
[0.820912] (shuttles) StdoutLine: {'line': b'-- Up-to-date: /home/user/celluleflexible_en_cours_ROS2/ros_ws/install/shuttles/include/shuttles/shuttles/msg/msg_shuttle_create.h\n'}
[0.821018] (shuttles) StdoutLine: {'line': b'-- Up-to-date: /home/user/celluleflexible_en_cours_ROS2/ros_ws/install/shuttles/include/shuttles/shuttles/msg/msg_shuttle_change.h\n'}
[0.821085] (shuttles) StdoutLine: {'line': b'-- Up-to-date: /home/user/celluleflexible_en_cours_ROS2/ros_ws/install/shuttles/include/shuttles/shuttles/msg/rosidl_generator_c__visibility_control.h\n'}
[0.821172] (shuttles) StdoutLine: {'line': b'-- Up-to-date: /home/user/celluleflexible_en_cours_ROS2/ros_ws/install/shuttles/include/shuttles/shuttles/msg/msg_erreur.h\n'}
[0.821239] (shuttles) StdoutLine: {'line': b'-- Up-to-date: /home/user/celluleflexible_en_cours_ROS2/ros_ws/install/shuttles/include/shuttles/shuttles/msg/detail\n'}
[0.821268] (shuttles) StdoutLine: {'line': b'-- Up-to-date: /home/user/celluleflexible_en_cours_ROS2/ros_ws/install/shuttles/include/shuttles/shuttles/msg/detail/msg_shuttle_change__functions.h\n'}
[0.821331] (shuttles) StdoutLine: {'line': b'-- Up-to-date: /home/user/celluleflexible_en_cours_ROS2/ros_ws/install/shuttles/include/shuttles/shuttles/msg/detail/msg_erreur__functions.h\n'}
[0.821356] (shuttles) StdoutLine: {'line': b'-- Up-to-date: /home/user/celluleflexible_en_cours_ROS2/ros_ws/install/shuttles/include/shuttles/shuttles/msg/detail/msg_shuttle_create__functions.c\n'}
[0.821382] (shuttles) StdoutLine: {'line': b'-- Up-to-date: /home/user/celluleflexible_en_cours_ROS2/ros_ws/install/shuttles/include/shuttles/shuttles/msg/detail/msg_shuttle_create__type_support.c\n'}
[0.821941] (shuttles) StdoutLine: {'line': b'-- Up-to-date: /home/user/celluleflexible_en_cours_ROS2/ros_ws/install/shuttles/include/shuttles/shuttles/msg/detail/msg_shuttle_create__struct.h\n'}
[0.822068] (shuttles) StdoutLine: {'line': b'-- Up-to-date: /home/user/celluleflexible_en_cours_ROS2/ros_ws/install/shuttles/include/shuttles/shuttles/msg/detail/msg_erreur__type_support.h\n'}
[0.822131] (shuttles) StdoutLine: {'line': b'-- Up-to-date: /home/user/celluleflexible_en_cours_ROS2/ros_ws/install/shuttles/include/shuttles/shuttles/msg/detail/msg_shuttle_change__struct.h\n'}
[0.822197] (shuttles) StdoutLine: {'line': b'-- Up-to-date: /home/user/celluleflexible_en_cours_ROS2/ros_ws/install/shuttles/include/shuttles/shuttles/msg/detail/msg_erreur__struct.h\n'}
[0.822352] (shuttles) StdoutLine: {'line': b'-- Up-to-date: /home/user/celluleflexible_en_cours_ROS2/ros_ws/install/shuttles/include/shuttles/shuttles/msg/detail/msg_shuttle_change__description.c\n'}
[0.822408] (shuttles) StdoutLine: {'line': b'-- Up-to-date: /home/user/celluleflexible_en_cours_ROS2/ros_ws/install/shuttles/include/shuttles/shuttles/msg/detail/msg_erreur__functions.c\n'}
[0.822480] (shuttles) StdoutLine: {'line': b'-- Up-to-date: /home/user/celluleflexible_en_cours_ROS2/ros_ws/install/shuttles/include/shuttles/shuttles/msg/detail/msg_shuttle_create__description.c\n'}
[0.822552] (shuttles) StdoutLine: {'line': b'-- Up-to-date: /home/user/celluleflexible_en_cours_ROS2/ros_ws/install/shuttles/include/shuttles/shuttles/msg/detail/msg_shuttle_change__type_support.c\n'}
[0.822620] (shuttles) StdoutLine: {'line': b'-- Up-to-date: /home/user/celluleflexible_en_cours_ROS2/ros_ws/install/shuttles/include/shuttles/shuttles/msg/detail/msg_erreur__description.c\n'}
[0.822689] (shuttles) StdoutLine: {'line': b'-- Up-to-date: /home/user/celluleflexible_en_cours_ROS2/ros_ws/install/shuttles/include/shuttles/shuttles/msg/detail/msg_erreur__type_support.c\n'}
[0.823351] (shuttles) StdoutLine: {'line': b'-- Up-to-date: /home/user/celluleflexible_en_cours_ROS2/ros_ws/install/shuttles/include/shuttles/shuttles/msg/detail/msg_shuttle_change__type_support.h\n'}
[0.823414] (shuttles) StdoutLine: {'line': b'-- Up-to-date: /home/user/celluleflexible_en_cours_ROS2/ros_ws/install/shuttles/include/shuttles/shuttles/msg/detail/msg_shuttle_create__functions.h\n'}
[0.823509] (shuttles) StdoutLine: {'line': b'-- Up-to-date: /home/user/celluleflexible_en_cours_ROS2/ros_ws/install/shuttles/include/shuttles/shuttles/msg/detail/msg_shuttle_create__type_support.h\n'}
[0.823593] (shuttles) StdoutLine: {'line': b'-- Up-to-date: /home/user/celluleflexible_en_cours_ROS2/ros_ws/install/shuttles/include/shuttles/shuttles/msg/detail/msg_shuttle_change__functions.c\n'}
[0.823632] (shuttles) StdoutLine: {'line': b'-- Up-to-date: /home/user/celluleflexible_en_cours_ROS2/ros_ws/install/shuttles/include/shuttles/shuttles/srv\n'}
[0.823694] (shuttles) StdoutLine: {'line': b'-- Up-to-date: /home/user/celluleflexible_en_cours_ROS2/ros_ws/install/shuttles/include/shuttles/shuttles/srv/shuttle_id.h\n'}
[0.823757] (shuttles) StdoutLine: {'line': b'-- Up-to-date: /home/user/celluleflexible_en_cours_ROS2/ros_ws/install/shuttles/include/shuttles/shuttles/srv/detail\n'}
[0.823819] (shuttles) StdoutLine: {'line': b'-- Up-to-date: /home/user/celluleflexible_en_cours_ROS2/ros_ws/install/shuttles/include/shuttles/shuttles/srv/detail/shuttle_id__type_support.c\n'}
[0.823902] (shuttles) StdoutLine: {'line': b'-- Up-to-date: /home/user/celluleflexible_en_cours_ROS2/ros_ws/install/shuttles/include/shuttles/shuttles/srv/detail/shuttle_id__struct.h\n'}
[0.824150] (-) TimerEvent: {}
[0.824279] (shuttles) StdoutLine: {'line': b'-- Up-to-date: /home/user/celluleflexible_en_cours_ROS2/ros_ws/install/shuttles/include/shuttles/shuttles/srv/detail/shuttle_id__functions.c\n'}
[0.824370] (shuttles) StdoutLine: {'line': b'-- Up-to-date: /home/user/celluleflexible_en_cours_ROS2/ros_ws/install/shuttles/include/shuttles/shuttles/srv/detail/shuttle_id__functions.h\n'}
[0.824473] (shuttles) StdoutLine: {'line': b'-- Up-to-date: /home/user/celluleflexible_en_cours_ROS2/ros_ws/install/shuttles/include/shuttles/shuttles/srv/detail/shuttle_id__type_support.h\n'}
[0.824811] (shuttles) StdoutLine: {'line': b'-- Up-to-date: /home/user/celluleflexible_en_cours_ROS2/ros_ws/install/shuttles/include/shuttles/shuttles/srv/detail/shuttle_id__description.c\n'}
[0.824991] (shuttles) StdoutLine: {'line': b'-- Up-to-date: /home/user/celluleflexible_en_cours_ROS2/ros_ws/install/shuttles/share/shuttles/environment/library_path.sh\n'}
[0.825087] (shuttles) StdoutLine: {'line': b'-- Up-to-date: /home/user/celluleflexible_en_cours_ROS2/ros_ws/install/shuttles/share/shuttles/environment/library_path.dsv\n'}
[0.825234] (shuttles) StdoutLine: {'line': b'-- Up-to-date: /home/user/celluleflexible_en_cours_ROS2/ros_ws/install/shuttles/lib/libshuttles__rosidl_generator_c.so\n'}
[0.825309] (shuttles) StdoutLine: {'line': b'-- Up-to-date: /home/user/celluleflexible_en_cours_ROS2/ros_ws/install/shuttles/include/shuttles/shuttles\n'}
[0.825441] (shuttles) StdoutLine: {'line': b'-- Up-to-date: /home/user/celluleflexible_en_cours_ROS2/ros_ws/install/shuttles/include/shuttles/shuttles/msg\n'}
[0.825508] (shuttles) StdoutLine: {'line': b'-- Up-to-date: /home/user/celluleflexible_en_cours_ROS2/ros_ws/install/shuttles/include/shuttles/shuttles/msg/rosidl_typesupport_fastrtps_c__visibility_control.h\n'}
[0.825579] (shuttles) StdoutLine: {'line': b'-- Up-to-date: /home/user/celluleflexible_en_cours_ROS2/ros_ws/install/shuttles/include/shuttles/shuttles/msg/detail\n'}
[0.825670] (shuttles) StdoutLine: {'line': b'-- Up-to-date: /home/user/celluleflexible_en_cours_ROS2/ros_ws/install/shuttles/include/shuttles/shuttles/msg/detail/msg_erreur__rosidl_typesupport_fastrtps_c.h\n'}
[0.825918] (shuttles) StdoutLine: {'line': b'-- Up-to-date: /home/user/celluleflexible_en_cours_ROS2/ros_ws/install/shuttles/include/shuttles/shuttles/msg/detail/msg_shuttle_change__rosidl_typesupport_fastrtps_c.h\n'}
[0.826029] (shuttles) StdoutLine: {'line': b'-- Up-to-date: /home/user/celluleflexible_en_cours_ROS2/ros_ws/install/shuttles/include/shuttles/shuttles/msg/detail/msg_shuttle_create__rosidl_typesupport_fastrtps_c.h\n'}
[0.826175] (shuttles) StdoutLine: {'line': b'-- Up-to-date: /home/user/celluleflexible_en_cours_ROS2/ros_ws/install/shuttles/include/shuttles/shuttles/srv\n'}
[0.826234] (shuttles) StdoutLine: {'line': b'-- Up-to-date: /home/user/celluleflexible_en_cours_ROS2/ros_ws/install/shuttles/include/shuttles/shuttles/srv/detail\n'}
[0.826306] (shuttles) StdoutLine: {'line': b'-- Up-to-date: /home/user/celluleflexible_en_cours_ROS2/ros_ws/install/shuttles/include/shuttles/shuttles/srv/detail/shuttle_id__rosidl_typesupport_fastrtps_c.h\n'}
[0.826386] (shuttles) StdoutLine: {'line': b'-- Up-to-date: /home/user/celluleflexible_en_cours_ROS2/ros_ws/install/shuttles/lib/libshuttles__rosidl_typesupport_fastrtps_c.so\n'}
[0.826449] (shuttles) StdoutLine: {'line': b'-- Up-to-date: /home/user/celluleflexible_en_cours_ROS2/ros_ws/install/shuttles/include/shuttles/shuttles\n'}
[0.826510] (shuttles) StdoutLine: {'line': b'-- Up-to-date: /home/user/celluleflexible_en_cours_ROS2/ros_ws/install/shuttles/include/shuttles/shuttles/msg\n'}
[0.826640] (shuttles) StdoutLine: {'line': b'-- Up-to-date: /home/user/celluleflexible_en_cours_ROS2/ros_ws/install/shuttles/include/shuttles/shuttles/msg/rosidl_generator_cpp__visibility_control.hpp\n'}
[0.826678] (shuttles) StdoutLine: {'line': b'-- Up-to-date: /home/user/celluleflexible_en_cours_ROS2/ros_ws/install/shuttles/include/shuttles/shuttles/msg/msg_shuttle_change.hpp\n'}
[0.826759] (shuttles) StdoutLine: {'line': b'-- Up-to-date: /home/user/celluleflexible_en_cours_ROS2/ros_ws/install/shuttles/include/shuttles/shuttles/msg/msg_shuttle_create.hpp\n'}
[0.826920] (shuttles) StdoutLine: {'line': b'-- Up-to-date: /home/user/celluleflexible_en_cours_ROS2/ros_ws/install/shuttles/include/shuttles/shuttles/msg/detail\n'}
[0.826958] (shuttles) StdoutLine: {'line': b'-- Up-to-date: /home/user/celluleflexible_en_cours_ROS2/ros_ws/install/shuttles/include/shuttles/shuttles/msg/detail/msg_shuttle_change__type_support.hpp\n'}
[0.826987] (shuttles) StdoutLine: {'line': b'-- Up-to-date: /home/user/celluleflexible_en_cours_ROS2/ros_ws/install/shuttles/include/shuttles/shuttles/msg/detail/msg_shuttle_change__traits.hpp\n'}
[0.827012] (shuttles) StdoutLine: {'line': b'-- Up-to-date: /home/user/celluleflexible_en_cours_ROS2/ros_ws/install/shuttles/include/shuttles/shuttles/msg/detail/msg_shuttle_create__traits.hpp\n'}
[0.827035] (shuttles) StdoutLine: {'line': b'-- Up-to-date: /home/user/celluleflexible_en_cours_ROS2/ros_ws/install/shuttles/include/shuttles/shuttles/msg/detail/msg_erreur__traits.hpp\n'}
[0.827058] (shuttles) StdoutLine: {'line': b'-- Up-to-date: /home/user/celluleflexible_en_cours_ROS2/ros_ws/install/shuttles/include/shuttles/shuttles/msg/detail/msg_erreur__struct.hpp\n'}
[0.827080] (shuttles) StdoutLine: {'line': b'-- Up-to-date: /home/user/celluleflexible_en_cours_ROS2/ros_ws/install/shuttles/include/shuttles/shuttles/msg/detail/msg_erreur__type_support.hpp\n'}
[0.827101] (shuttles) StdoutLine: {'line': b'-- Up-to-date: /home/user/celluleflexible_en_cours_ROS2/ros_ws/install/shuttles/include/shuttles/shuttles/msg/detail/msg_shuttle_create__builder.hpp\n'}
[0.827122] (shuttles) StdoutLine: {'line': b'-- Up-to-date: /home/user/celluleflexible_en_cours_ROS2/ros_ws/install/shuttles/include/shuttles/shuttles/msg/detail/msg_shuttle_create__type_support.hpp\n'}
[0.827143] (shuttles) StdoutLine: {'line': b'-- Up-to-date: /home/user/celluleflexible_en_cours_ROS2/ros_ws/install/shuttles/include/shuttles/shuttles/msg/detail/msg_erreur__builder.hpp\n'}
[0.827163] (shuttles) StdoutLine: {'line': b'-- Up-to-date: /home/user/celluleflexible_en_cours_ROS2/ros_ws/install/shuttles/include/shuttles/shuttles/msg/detail/msg_shuttle_change__builder.hpp\n'}
[0.827184] (commande_locale) StdoutLine: {'line': b'-- Install configuration: ""\n'}
[0.827211] (shuttles) StdoutLine: {'line': b'-- Up-to-date: /home/user/celluleflexible_en_cours_ROS2/ros_ws/install/shuttles/include/shuttles/shuttles/msg/detail/msg_shuttle_create__struct.hpp\n'}
[0.827238] (shuttles) StdoutLine: {'line': b'-- Up-to-date: /home/user/celluleflexible_en_cours_ROS2/ros_ws/install/shuttles/include/shuttles/shuttles/msg/detail/msg_shuttle_change__struct.hpp\n'}
[0.827260] (shuttles) StdoutLine: {'line': b'-- Up-to-date: /home/user/celluleflexible_en_cours_ROS2/ros_ws/install/shuttles/include/shuttles/shuttles/msg/msg_erreur.hpp\n'}
[0.827282] (shuttles) StdoutLine: {'line': b'-- Up-to-date: /home/user/celluleflexible_en_cours_ROS2/ros_ws/install/shuttles/include/shuttles/shuttles/srv\n'}
[0.827305] (shuttles) StdoutLine: {'line': b'-- Up-to-date: /home/user/celluleflexible_en_cours_ROS2/ros_ws/install/shuttles/include/shuttles/shuttles/srv/shuttle_id.hpp\n'}
[0.827326] (shuttles) StdoutLine: {'line': b'-- Up-to-date: /home/user/celluleflexible_en_cours_ROS2/ros_ws/install/shuttles/include/shuttles/shuttles/srv/detail\n'}
[0.827347] (shuttles) StdoutLine: {'line': b'-- Up-to-date: /home/user/celluleflexible_en_cours_ROS2/ros_ws/install/shuttles/include/shuttles/shuttles/srv/detail/shuttle_id__type_support.hpp\n'}
[0.827366] (shuttles) StdoutLine: {'line': b'-- Up-to-date: /home/user/celluleflexible_en_cours_ROS2/ros_ws/install/shuttles/include/shuttles/shuttles/srv/detail/shuttle_id__struct.hpp\n'}
[0.827387] (shuttles) StdoutLine: {'line': b'-- Up-to-date: /home/user/celluleflexible_en_cours_ROS2/ros_ws/install/shuttles/include/shuttles/shuttles/srv/detail/shuttle_id__builder.hpp\n'}
[0.827407] (shuttles) StdoutLine: {'line': b'-- Up-to-date: /home/user/celluleflexible_en_cours_ROS2/ros_ws/install/shuttles/include/shuttles/shuttles/srv/detail/shuttle_id__traits.hpp\n'}
[0.827427] (shuttles) StdoutLine: {'line': b'-- Up-to-date: /home/user/celluleflexible_en_cours_ROS2/ros_ws/install/shuttles/include/shuttles/shuttles\n'}
[0.827447] (shuttles) StdoutLine: {'line': b'-- Up-to-date: /home/user/celluleflexible_en_cours_ROS2/ros_ws/install/shuttles/include/shuttles/shuttles/msg\n'}
[0.827467] (shuttles) StdoutLine: {'line': b'-- Up-to-date: /home/user/celluleflexible_en_cours_ROS2/ros_ws/install/shuttles/include/shuttles/shuttles/msg/detail\n'}
[0.827490] (shuttles) StdoutLine: {'line': b'-- Up-to-date: /home/user/celluleflexible_en_cours_ROS2/ros_ws/install/shuttles/include/shuttles/shuttles/msg/detail/dds_fastrtps\n'}
[0.827510] (shuttles) StdoutLine: {'line': b'-- Up-to-date: /home/user/celluleflexible_en_cours_ROS2/ros_ws/install/shuttles/include/shuttles/shuttles/msg/detail/msg_shuttle_create__rosidl_typesupport_fastrtps_cpp.hpp\n'}
[0.827531] (shuttles) StdoutLine: {'line': b'-- Up-to-date: /home/user/celluleflexible_en_cours_ROS2/ros_ws/install/shuttles/include/shuttles/shuttles/msg/detail/msg_shuttle_change__rosidl_typesupport_fastrtps_cpp.hpp\n'}
[0.827551] (shuttles) StdoutLine: {'line': b'-- Up-to-date: /home/user/celluleflexible_en_cours_ROS2/ros_ws/install/shuttles/include/shuttles/shuttles/msg/detail/msg_erreur__rosidl_typesupport_fastrtps_cpp.hpp\n'}
[0.827572] (shuttles) StdoutLine: {'line': b'-- Up-to-date: /home/user/celluleflexible_en_cours_ROS2/ros_ws/install/shuttles/include/shuttles/shuttles/msg/rosidl_typesupport_fastrtps_cpp__visibility_control.h\n'}
[0.827592] (shuttles) StdoutLine: {'line': b'-- Up-to-date: /home/user/celluleflexible_en_cours_ROS2/ros_ws/install/shuttles/include/shuttles/shuttles/srv\n'}
[0.827612] (shuttles) StdoutLine: {'line': b'-- Up-to-date: /home/user/celluleflexible_en_cours_ROS2/ros_ws/install/shuttles/include/shuttles/shuttles/srv/detail\n'}
[0.827633] (shuttles) StdoutLine: {'line': b'-- Up-to-date: /home/user/celluleflexible_en_cours_ROS2/ros_ws/install/shuttles/include/shuttles/shuttles/srv/detail/shuttle_id__rosidl_typesupport_fastrtps_cpp.hpp\n'}
[0.827653] (shuttles) StdoutLine: {'line': b'-- Up-to-date: /home/user/celluleflexible_en_cours_ROS2/ros_ws/install/shuttles/include/shuttles/shuttles/srv/detail/dds_fastrtps\n'}
[0.827673] (shuttles) StdoutLine: {'line': b'-- Up-to-date: /home/user/celluleflexible_en_cours_ROS2/ros_ws/install/shuttles/lib/libshuttles__rosidl_typesupport_fastrtps_cpp.so\n'}
[0.827693] (shuttles) StdoutLine: {'line': b'-- Up-to-date: /home/user/celluleflexible_en_cours_ROS2/ros_ws/install/shuttles/include/shuttles/shuttles\n'}
[0.827713] (shuttles) StdoutLine: {'line': b'-- Up-to-date: /home/user/celluleflexible_en_cours_ROS2/ros_ws/install/shuttles/include/shuttles/shuttles/msg\n'}
[0.827732] (shuttles) StdoutLine: {'line': b'-- Up-to-date: /home/user/celluleflexible_en_cours_ROS2/ros_ws/install/shuttles/include/shuttles/shuttles/msg/rosidl_typesupport_introspection_c__visibility_control.h\n'}
[0.827754] (shuttles) StdoutLine: {'line': b'-- Up-to-date: /home/user/celluleflexible_en_cours_ROS2/ros_ws/install/shuttles/include/shuttles/shuttles/msg/detail\n'}
[0.827773] (shuttles) StdoutLine: {'line': b'-- Up-to-date: /home/user/celluleflexible_en_cours_ROS2/ros_ws/install/shuttles/include/shuttles/shuttles/msg/detail/msg_shuttle_create__type_support.c\n'}
[0.827794] (shuttles) StdoutLine: {'line': b'-- Up-to-date: /home/user/celluleflexible_en_cours_ROS2/ros_ws/install/shuttles/include/shuttles/shuttles/msg/detail/msg_shuttle_change__rosidl_typesupport_introspection_c.h\n'}
[0.827815] (shuttles) StdoutLine: {'line': b'-- Up-to-date: /home/user/celluleflexible_en_cours_ROS2/ros_ws/install/shuttles/include/shuttles/shuttles/msg/detail/msg_shuttle_change__type_support.c\n'}
[0.827836] (commande_locale) StdoutLine: {'line': b'-- Up-to-date: /home/user/celluleflexible_en_cours_ROS2/ros_ws/install/commande_locale/share/ament_index/resource_index/rosidl_interfaces/commande_locale\n'}
[0.827857] (commande_locale) StdoutLine: {'line': b'-- Up-to-date: /home/user/celluleflexible_en_cours_ROS2/ros_ws/install/commande_locale/share/commande_locale/srv/SrvAddProduct.json\n'}
[0.827878] (commande_locale) StdoutLine: {'line': b'-- Up-to-date: /home/user/celluleflexible_en_cours_ROS2/ros_ws/install/commande_locale/share/commande_locale/srv/SrvFinInit.json\n'}
[0.827898] (commande_locale) StdoutLine: {'line': b'-- Up-to-date: /home/user/celluleflexible_en_cours_ROS2/ros_ws/install/commande_locale/share/commande_locale/srv/SrvAddProductPushBack.json\n'}
[0.827918] (commande_locale) StdoutLine: {'line': b'-- Up-to-date: /home/user/celluleflexible_en_cours_ROS2/ros_ws/install/commande_locale/share/commande_locale/msg/MsgAddProduct.json\n'}
[0.827937] (commande_locale) StdoutLine: {'line': b'-- Up-to-date: /home/user/celluleflexible_en_cours_ROS2/ros_ws/install/commande_locale/share/commande_locale/msg/MsgStopControl.json\n'}
[0.827958] (commande_locale) StdoutLine: {'line': b'-- Up-to-date: /home/user/celluleflexible_en_cours_ROS2/ros_ws/install/commande_locale/share/commande_locale/msg/MsgColor.json\n'}
[0.827980] (commande_locale) StdoutLine: {'line': b'-- Up-to-date: /home/user/celluleflexible_en_cours_ROS2/ros_ws/install/commande_locale/share/commande_locale/msg/MsgSwitchControl.json\n'}
[0.828001] (commande_locale) StdoutLine: {'line': b'-- Up-to-date: /home/user/celluleflexible_en_cours_ROS2/ros_ws/install/commande_locale/share/commande_locale/msg/MsgPinControl.json\n'}
[0.828022] (commande_locale) StdoutLine: {'line': b'-- Up-to-date: /home/user/celluleflexible_en_cours_ROS2/ros_ws/install/commande_locale/share/commande_locale/msg/MsgErreur.json\n'}
[0.828664] (commande_locale) StdoutLine: {'line': b'-- Up-to-date: /home/user/celluleflexible_en_cours_ROS2/ros_ws/install/commande_locale/share/commande_locale/msg/RobotJoints.json\n'}
[0.828753] (commande_locale) StdoutLine: {'line': b'-- Up-to-date: /home/user/celluleflexible_en_cours_ROS2/ros_ws/install/commande_locale/share/commande_locale/msg/TacheFinieMsg.json\n'}
[0.828890] (commande_locale) StdoutLine: {'line': b'-- Up-to-date: /home/user/celluleflexible_en_cours_ROS2/ros_ws/install/commande_locale/share/commande_locale/msg/DeplacerPieceMsg.json\n'}
[0.828925] (commande_locale) StdoutLine: {'line': b'-- Up-to-date: /home/user/celluleflexible_en_cours_ROS2/ros_ws/install/commande_locale/share/commande_locale/msg/MsgChoixMode.json\n'}
[0.829012] (commande_locale) StdoutLine: {'line': b'-- Up-to-date: /home/user/celluleflexible_en_cours_ROS2/ros_ws/install/commande_locale/include/commande_locale/commande_locale\n'}
[0.829049] (commande_locale) StdoutLine: {'line': b'-- Up-to-date: /home/user/celluleflexible_en_cours_ROS2/ros_ws/install/commande_locale/include/commande_locale/commande_locale/msg\n'}
[0.829074] (commande_locale) StdoutLine: {'line': b'-- Up-to-date: /home/user/celluleflexible_en_cours_ROS2/ros_ws/install/commande_locale/include/commande_locale/commande_locale/msg/msg_choix_mode.h\n'}
[0.829098] (commande_locale) StdoutLine: {'line': b'-- Up-to-date: /home/user/celluleflexible_en_cours_ROS2/ros_ws/install/commande_locale/include/commande_locale/commande_locale/msg/msg_stop_control.h\n'}
[0.829124] (commande_locale) StdoutLine: {'line': b'-- Up-to-date: /home/user/celluleflexible_en_cours_ROS2/ros_ws/install/commande_locale/include/commande_locale/commande_locale/msg/rosidl_generator_c__visibility_control.h\n'}
[0.829185] (commande_locale) StdoutLine: {'line': b'-- Up-to-date: /home/user/celluleflexible_en_cours_ROS2/ros_ws/install/commande_locale/include/commande_locale/commande_locale/msg/msg_add_product.h\n'}
[0.829281] (commande_locale) StdoutLine: {'line': b'-- Up-to-date: /home/user/celluleflexible_en_cours_ROS2/ros_ws/install/commande_locale/include/commande_locale/commande_locale/msg/deplacer_piece_msg.h\n'}
[0.829352] (commande_locale) StdoutLine: {'line': b'-- Up-to-date: /home/user/celluleflexible_en_cours_ROS2/ros_ws/install/commande_locale/include/commande_locale/commande_locale/msg/msg_erreur.h\n'}
[0.829418] (commande_locale) StdoutLine: {'line': b'-- Up-to-date: /home/user/celluleflexible_en_cours_ROS2/ros_ws/install/commande_locale/include/commande_locale/commande_locale/msg/robot_joints.h\n'}
[0.829584] (commande_locale) StdoutLine: {'line': b'-- Up-to-date: /home/user/celluleflexible_en_cours_ROS2/ros_ws/install/commande_locale/include/commande_locale/commande_locale/msg/msg_pin_control.h\n'}
[0.829611] (commande_locale) StdoutLine: {'line': b'-- Up-to-date: /home/user/celluleflexible_en_cours_ROS2/ros_ws/install/commande_locale/include/commande_locale/commande_locale/msg/msg_switch_control.h\n'}
[0.829635] (commande_locale) StdoutLine: {'line': b'-- Up-to-date: /home/user/celluleflexible_en_cours_ROS2/ros_ws/install/commande_locale/include/commande_locale/commande_locale/msg/detail\n'}
[0.829658] (commande_locale) StdoutLine: {'line': b'-- Up-to-date: /home/user/celluleflexible_en_cours_ROS2/ros_ws/install/commande_locale/include/commande_locale/commande_locale/msg/detail/msg_pin_control__functions.h\n'}
[0.829681] (commande_locale) StdoutLine: {'line': b'-- Up-to-date: /home/user/celluleflexible_en_cours_ROS2/ros_ws/install/commande_locale/include/commande_locale/commande_locale/msg/detail/msg_choix_mode__functions.h\n'}
[0.829703] (commande_locale) StdoutLine: {'line': b'-- Up-to-date: /home/user/celluleflexible_en_cours_ROS2/ros_ws/install/commande_locale/include/commande_locale/commande_locale/msg/detail/msg_color__type_support.h\n'}
[0.829725] (commande_locale) StdoutLine: {'line': b'-- Up-to-date: /home/user/celluleflexible_en_cours_ROS2/ros_ws/install/commande_locale/include/commande_locale/commande_locale/msg/detail/msg_color__description.c\n'}
[0.829747] (commande_locale) StdoutLine: {'line': b'-- Up-to-date: /home/user/celluleflexible_en_cours_ROS2/ros_ws/install/commande_locale/include/commande_locale/commande_locale/msg/detail/msg_pin_control__functions.c\n'}
[0.829768] (commande_locale) StdoutLine: {'line': b'-- Up-to-date: /home/user/celluleflexible_en_cours_ROS2/ros_ws/install/commande_locale/include/commande_locale/commande_locale/msg/detail/msg_erreur__functions.h\n'}
[0.829788] (commande_locale) StdoutLine: {'line': b'-- Up-to-date: /home/user/celluleflexible_en_cours_ROS2/ros_ws/install/commande_locale/include/commande_locale/commande_locale/msg/detail/msg_stop_control__description.c\n'}
[0.829809] (commande_locale) StdoutLine: {'line': b'-- Installing: /home/user/celluleflexible_en_cours_ROS2/ros_ws/install/commande_locale/include/commande_locale/commande_locale/msg/detail/msg_switch_control__type_support.c\n'}
[0.829830] (commande_locale) StdoutLine: {'line': b'-- Up-to-date: /home/user/celluleflexible_en_cours_ROS2/ros_ws/install/commande_locale/include/commande_locale/commande_locale/msg/detail/robot_joints__type_support.h\n'}
[0.829850] (commande_locale) StdoutLine: {'line': b'-- Up-to-date: /home/user/celluleflexible_en_cours_ROS2/ros_ws/install/commande_locale/include/commande_locale/commande_locale/msg/detail/msg_switch_control__functions.h\n'}
[0.829870] (commande_locale) StdoutLine: {'line': b'-- Installing: /home/user/celluleflexible_en_cours_ROS2/ros_ws/install/commande_locale/include/commande_locale/commande_locale/msg/detail/msg_stop_control__type_support.c\n'}
[0.829898] (commande_locale) StdoutLine: {'line': b'-- Up-to-date: /home/user/celluleflexible_en_cours_ROS2/ros_ws/install/commande_locale/include/commande_locale/commande_locale/msg/detail/robot_joints__struct.h\n'}
[0.829918] (commande_locale) StdoutLine: {'line': b'-- Up-to-date: /home/user/celluleflexible_en_cours_ROS2/ros_ws/install/commande_locale/include/commande_locale/commande_locale/msg/detail/msg_erreur__type_support.h\n'}
[0.829938] (commande_locale) StdoutLine: {'line': b'-- Up-to-date: /home/user/celluleflexible_en_cours_ROS2/ros_ws/install/commande_locale/include/commande_locale/commande_locale/msg/detail/deplacer_piece_msg__type_support.c\n'}
[0.829959] (commande_locale) StdoutLine: {'line': b'-- Up-to-date: /home/user/celluleflexible_en_cours_ROS2/ros_ws/install/commande_locale/include/commande_locale/commande_locale/msg/detail/deplacer_piece_msg__struct.h\n'}
[0.829979] (commande_locale) StdoutLine: {'line': b'-- Up-to-date: /home/user/celluleflexible_en_cours_ROS2/ros_ws/install/commande_locale/include/commande_locale/commande_locale/msg/detail/msg_choix_mode__description.c\n'}
[0.829999] (commande_locale) StdoutLine: {'line': b'-- Up-to-date: /home/user/celluleflexible_en_cours_ROS2/ros_ws/install/commande_locale/include/commande_locale/commande_locale/msg/detail/msg_color__struct.h\n'}
[0.830019] (commande_locale) StdoutLine: {'line': b'-- Up-to-date: /home/user/celluleflexible_en_cours_ROS2/ros_ws/install/commande_locale/include/commande_locale/commande_locale/msg/detail/msg_erreur__struct.h\n'}
[0.830039] (commande_locale) StdoutLine: {'line': b'-- Up-to-date: /home/user/celluleflexible_en_cours_ROS2/ros_ws/install/commande_locale/include/commande_locale/commande_locale/msg/detail/msg_add_product__description.c\n'}
[0.830062] (commande_locale) StdoutLine: {'line': b'-- Up-to-date: /home/user/celluleflexible_en_cours_ROS2/ros_ws/install/commande_locale/include/commande_locale/commande_locale/msg/detail/deplacer_piece_msg__functions.h\n'}
[0.830084] (commande_locale) StdoutLine: {'line': b'-- Up-to-date: /home/user/celluleflexible_en_cours_ROS2/ros_ws/install/commande_locale/include/commande_locale/commande_locale/msg/detail/msg_switch_control__description.c\n'}
[0.830103] (commande_locale) StdoutLine: {'line': b'-- Up-to-date: /home/user/celluleflexible_en_cours_ROS2/ros_ws/install/commande_locale/include/commande_locale/commande_locale/msg/detail/msg_stop_control__type_support.h\n'}
[0.830123] (commande_locale) StdoutLine: {'line': b'-- Up-to-date: /home/user/celluleflexible_en_cours_ROS2/ros_ws/install/commande_locale/include/commande_locale/commande_locale/msg/detail/msg_switch_control__functions.c\n'}
[0.830143] (commande_locale) StdoutLine: {'line': b'-- Up-to-date: /home/user/celluleflexible_en_cours_ROS2/ros_ws/install/commande_locale/include/commande_locale/commande_locale/msg/detail/msg_erreur__functions.c\n'}
[0.830162] (commande_locale) StdoutLine: {'line': b'-- Up-to-date: /home/user/celluleflexible_en_cours_ROS2/ros_ws/install/commande_locale/include/commande_locale/commande_locale/msg/detail/msg_choix_mode__type_support.h\n'}
[0.830182] (commande_locale) StdoutLine: {'line': b'-- Up-to-date: /home/user/celluleflexible_en_cours_ROS2/ros_ws/install/commande_locale/include/commande_locale/commande_locale/msg/detail/msg_add_product__functions.c\n'}
[0.830202] (commande_locale) StdoutLine: {'line': b'-- Up-to-date: /home/user/celluleflexible_en_cours_ROS2/ros_ws/install/commande_locale/include/commande_locale/commande_locale/msg/detail/msg_choix_mode__functions.c\n'}
[0.830222] (commande_locale) StdoutLine: {'line': b'-- Up-to-date: /home/user/celluleflexible_en_cours_ROS2/ros_ws/install/commande_locale/include/commande_locale/commande_locale/msg/detail/msg_stop_control__functions.h\n'}
[0.830241] (commande_locale) StdoutLine: {'line': b'-- Installing: /home/user/celluleflexible_en_cours_ROS2/ros_ws/install/commande_locale/include/commande_locale/commande_locale/msg/detail/msg_color__type_support.c\n'}
[0.830262] (commande_locale) StdoutLine: {'line': b'-- Up-to-date: /home/user/celluleflexible_en_cours_ROS2/ros_ws/install/commande_locale/include/commande_locale/commande_locale/msg/detail/deplacer_piece_msg__type_support.h\n'}
[0.830282] (commande_locale) StdoutLine: {'line': b'-- Installing: /home/user/celluleflexible_en_cours_ROS2/ros_ws/install/commande_locale/include/commande_locale/commande_locale/msg/detail/msg_add_product__type_support.c\n'}
[0.830302] (commande_locale) StdoutLine: {'line': b'-- Installing: /home/user/celluleflexible_en_cours_ROS2/ros_ws/install/commande_locale/include/commande_locale/commande_locale/msg/detail/msg_choix_mode__type_support.c\n'}
[0.830322] (commande_locale) StdoutLine: {'line': b'-- Up-to-date: /home/user/celluleflexible_en_cours_ROS2/ros_ws/install/commande_locale/include/commande_locale/commande_locale/msg/detail/robot_joints__description.c\n'}
[0.830341] (commande_locale) StdoutLine: {'line': b'-- Up-to-date: /home/user/celluleflexible_en_cours_ROS2/ros_ws/install/commande_locale/include/commande_locale/commande_locale/msg/detail/robot_joints__functions.c\n'}
[0.830361] (commande_locale) StdoutLine: {'line': b'-- Installing: /home/user/celluleflexible_en_cours_ROS2/ros_ws/install/commande_locale/include/commande_locale/commande_locale/msg/detail/robot_joints__type_support.c\n'}
[0.830383] (commande_locale) StdoutLine: {'line': b'-- Up-to-date: /home/user/celluleflexible_en_cours_ROS2/ros_ws/install/commande_locale/include/commande_locale/commande_locale/msg/detail/msg_pin_control__description.c\n'}
[0.830402] (commande_locale) StdoutLine: {'line': b'-- Up-to-date: /home/user/celluleflexible_en_cours_ROS2/ros_ws/install/commande_locale/include/commande_locale/commande_locale/msg/detail/tache_finie_msg__struct.h\n'}
[0.830422] (commande_locale) StdoutLine: {'line': b'-- Up-to-date: /home/user/celluleflexible_en_cours_ROS2/ros_ws/install/commande_locale/include/commande_locale/commande_locale/msg/detail/msg_switch_control__struct.h\n'}
[0.830516] (commande_locale) StdoutLine: {'line': b'-- Up-to-date: /home/user/celluleflexible_en_cours_ROS2/ros_ws/install/commande_locale/include/commande_locale/commande_locale/msg/detail/msg_erreur__description.c\n'}
[0.830562] (commande_locale) StdoutLine: {'line': b'-- Up-to-date: /home/user/celluleflexible_en_cours_ROS2/ros_ws/install/commande_locale/include/commande_locale/commande_locale/msg/detail/tache_finie_msg__description.c\n'}
[0.830594] (commande_locale) StdoutLine: {'line': b'-- Up-to-date: /home/user/celluleflexible_en_cours_ROS2/ros_ws/install/commande_locale/include/commande_locale/commande_locale/msg/detail/deplacer_piece_msg__description.c\n'}
[0.830621] (commande_locale) StdoutLine: {'line': b'-- Up-to-date: /home/user/celluleflexible_en_cours_ROS2/ros_ws/install/commande_locale/include/commande_locale/commande_locale/msg/detail/msg_add_product__functions.h\n'}
[0.830647] (commande_locale) StdoutLine: {'line': b'-- Installing: /home/user/celluleflexible_en_cours_ROS2/ros_ws/install/commande_locale/include/commande_locale/commande_locale/msg/detail/msg_pin_control__type_support.c\n'}
[0.830671] (commande_locale) StdoutLine: {'line': b'-- Installing: /home/user/celluleflexible_en_cours_ROS2/ros_ws/install/commande_locale/include/commande_locale/commande_locale/msg/detail/msg_erreur__type_support.c\n'}
[0.830702] (commande_locale) StdoutLine: {'line': b'-- Up-to-date: /home/user/celluleflexible_en_cours_ROS2/ros_ws/install/commande_locale/include/commande_locale/commande_locale/msg/detail/msg_add_product__type_support.h\n'}
[0.830726] (commande_locale) StdoutLine: {'line': b'-- Up-to-date: /home/user/celluleflexible_en_cours_ROS2/ros_ws/install/commande_locale/include/commande_locale/commande_locale/msg/detail/msg_stop_control__struct.h\n'}
[0.830750] (commande_locale) StdoutLine: {'line': b'-- Up-to-date: /home/user/celluleflexible_en_cours_ROS2/ros_ws/install/commande_locale/include/commande_locale/commande_locale/msg/detail/msg_stop_control__functions.c\n'}
[0.830775] (commande_locale) StdoutLine: {'line': b'-- Up-to-date: /home/user/celluleflexible_en_cours_ROS2/ros_ws/install/commande_locale/include/commande_locale/commande_locale/msg/detail/msg_switch_control__type_support.h\n'}
[0.830799] (commande_locale) StdoutLine: {'line': b'-- Up-to-date: /home/user/celluleflexible_en_cours_ROS2/ros_ws/install/commande_locale/include/commande_locale/commande_locale/msg/detail/msg_pin_control__type_support.h\n'}
[0.830824] (commande_locale) StdoutLine: {'line': b'-- Up-to-date: /home/user/celluleflexible_en_cours_ROS2/ros_ws/install/commande_locale/include/commande_locale/commande_locale/msg/detail/robot_joints__functions.h\n'}
[0.830849] (commande_locale) StdoutLine: {'line': b'-- Up-to-date: /home/user/celluleflexible_en_cours_ROS2/ros_ws/install/commande_locale/include/commande_locale/commande_locale/msg/detail/deplacer_piece_msg__functions.c\n'}
[0.830874] (commande_locale) StdoutLine: {'line': b'-- Installing: /home/user/celluleflexible_en_cours_ROS2/ros_ws/install/commande_locale/include/commande_locale/commande_locale/msg/detail/tache_finie_msg__type_support.c\n'}
[0.830896] (commande_locale) StdoutLine: {'line': b'-- Up-to-date: /home/user/celluleflexible_en_cours_ROS2/ros_ws/install/commande_locale/include/commande_locale/commande_locale/msg/detail/msg_add_product__struct.h\n'}
[0.830918] (commande_locale) StdoutLine: {'line': b'-- Up-to-date: /home/user/celluleflexible_en_cours_ROS2/ros_ws/install/commande_locale/include/commande_locale/commande_locale/msg/detail/tache_finie_msg__functions.h\n'}
[0.830939] (commande_locale) StdoutLine: {'line': b'-- Up-to-date: /home/user/celluleflexible_en_cours_ROS2/ros_ws/install/commande_locale/include/commande_locale/commande_locale/msg/detail/msg_color__functions.h\n'}
[0.830961] (commande_locale) StdoutLine: {'line': b'-- Up-to-date: /home/user/celluleflexible_en_cours_ROS2/ros_ws/install/commande_locale/include/commande_locale/commande_locale/msg/detail/msg_choix_mode__struct.h\n'}
[0.830981] (shuttles) StdoutLine: {'line': b'-- Up-to-date: /home/user/celluleflexible_en_cours_ROS2/ros_ws/install/shuttles/include/shuttles/shuttles/msg/detail/msg_erreur__type_support.c\n'}
[0.831008] (shuttles) StdoutLine: {'line': b'-- Up-to-date: /home/user/celluleflexible_en_cours_ROS2/ros_ws/install/shuttles/include/shuttles/shuttles/msg/detail/msg_shuttle_create__rosidl_typesupport_introspection_c.h\n'}
[0.831030] (shuttles) StdoutLine: {'line': b'-- Up-to-date: /home/user/celluleflexible_en_cours_ROS2/ros_ws/install/shuttles/include/shuttles/shuttles/msg/detail/msg_erreur__rosidl_typesupport_introspection_c.h\n'}
[0.831051] (shuttles) StdoutLine: {'line': b'-- Up-to-date: /home/user/celluleflexible_en_cours_ROS2/ros_ws/install/shuttles/include/shuttles/shuttles/srv\n'}
[0.831072] (shuttles) StdoutLine: {'line': b'-- Up-to-date: /home/user/celluleflexible_en_cours_ROS2/ros_ws/install/shuttles/include/shuttles/shuttles/srv/detail\n'}
[0.831093] (shuttles) StdoutLine: {'line': b'-- Up-to-date: /home/user/celluleflexible_en_cours_ROS2/ros_ws/install/shuttles/include/shuttles/shuttles/srv/detail/shuttle_id__type_support.c\n'}
[0.831115] (shuttles) StdoutLine: {'line': b'-- Up-to-date: /home/user/celluleflexible_en_cours_ROS2/ros_ws/install/shuttles/include/shuttles/shuttles/srv/detail/shuttle_id__rosidl_typesupport_introspection_c.h\n'}
[0.831136] (shuttles) StdoutLine: {'line': b'-- Up-to-date: /home/user/celluleflexible_en_cours_ROS2/ros_ws/install/shuttles/lib/libshuttles__rosidl_typesupport_introspection_c.so\n'}
[0.831158] (shuttles) StdoutLine: {'line': b'-- Up-to-date: /home/user/celluleflexible_en_cours_ROS2/ros_ws/install/shuttles/lib/libshuttles__rosidl_typesupport_c.so\n'}
[0.831179] (shuttles) StdoutLine: {'line': b'-- Up-to-date: /home/user/celluleflexible_en_cours_ROS2/ros_ws/install/shuttles/include/shuttles/shuttles\n'}
[0.831201] (shuttles) StdoutLine: {'line': b'-- Up-to-date: /home/user/celluleflexible_en_cours_ROS2/ros_ws/install/shuttles/include/shuttles/shuttles/msg\n'}
[0.831222] (shuttles) StdoutLine: {'line': b'-- Up-to-date: /home/user/celluleflexible_en_cours_ROS2/ros_ws/install/shuttles/include/shuttles/shuttles/msg/detail\n'}
[0.831247] (shuttles) StdoutLine: {'line': b'-- Up-to-date: /home/user/celluleflexible_en_cours_ROS2/ros_ws/install/shuttles/include/shuttles/shuttles/msg/detail/msg_shuttle_create__type_support.cpp\n'}
[0.831268] (shuttles) StdoutLine: {'line': b'-- Up-to-date: /home/user/celluleflexible_en_cours_ROS2/ros_ws/install/shuttles/include/shuttles/shuttles/msg/detail/msg_erreur__type_support.cpp\n'}
[0.831290] (shuttles) StdoutLine: {'line': b'-- Up-to-date: /home/user/celluleflexible_en_cours_ROS2/ros_ws/install/shuttles/include/shuttles/shuttles/msg/detail/msg_erreur__rosidl_typesupport_introspection_cpp.hpp\n'}
[0.831311] (shuttles) StdoutLine: {'line': b'-- Up-to-date: /home/user/celluleflexible_en_cours_ROS2/ros_ws/install/shuttles/include/shuttles/shuttles/msg/detail/msg_shuttle_change__rosidl_typesupport_introspection_cpp.hpp\n'}
[0.831332] (shuttles) StdoutLine: {'line': b'-- Up-to-date: /home/user/celluleflexible_en_cours_ROS2/ros_ws/install/shuttles/include/shuttles/shuttles/msg/detail/msg_shuttle_create__rosidl_typesupport_introspection_cpp.hpp\n'}
[0.831352] (shuttles) StdoutLine: {'line': b'-- Up-to-date: /home/user/celluleflexible_en_cours_ROS2/ros_ws/install/shuttles/include/shuttles/shuttles/msg/detail/msg_shuttle_change__type_support.cpp\n'}
[0.831373] (shuttles) StdoutLine: {'line': b'-- Up-to-date: /home/user/celluleflexible_en_cours_ROS2/ros_ws/install/shuttles/include/shuttles/shuttles/srv\n'}
[0.831393] (shuttles) StdoutLine: {'line': b'-- Up-to-date: /home/user/celluleflexible_en_cours_ROS2/ros_ws/install/shuttles/include/shuttles/shuttles/srv/detail\n'}
[0.831413] (shuttles) StdoutLine: {'line': b'-- Up-to-date: /home/user/celluleflexible_en_cours_ROS2/ros_ws/install/shuttles/include/shuttles/shuttles/srv/detail/shuttle_id__type_support.cpp\n'}
[0.831434] (shuttles) StdoutLine: {'line': b'-- Up-to-date: /home/user/celluleflexible_en_cours_ROS2/ros_ws/install/shuttles/include/shuttles/shuttles/srv/detail/shuttle_id__rosidl_typesupport_introspection_cpp.hpp\n'}
[0.831456] (shuttles) StdoutLine: {'line': b'-- Up-to-date: /home/user/celluleflexible_en_cours_ROS2/ros_ws/install/shuttles/lib/libshuttles__rosidl_typesupport_introspection_cpp.so\n'}
[0.831477] (shuttles) StdoutLine: {'line': b'-- Up-to-date: /home/user/celluleflexible_en_cours_ROS2/ros_ws/install/shuttles/lib/libshuttles__rosidl_typesupport_cpp.so\n'}
[0.831499] (shuttles) StdoutLine: {'line': b'-- Up-to-date: /home/user/celluleflexible_en_cours_ROS2/ros_ws/install/shuttles/share/shuttles/environment/pythonpath.sh\n'}
[0.831521] (shuttles) StdoutLine: {'line': b'-- Up-to-date: /home/user/celluleflexible_en_cours_ROS2/ros_ws/install/shuttles/share/shuttles/environment/pythonpath.dsv\n'}
[0.831541] (shuttles) StdoutLine: {'line': b'-- Up-to-date: /home/user/celluleflexible_en_cours_ROS2/ros_ws/install/shuttles/lib/python3.12/site-packages/shuttles-0.0.0-py3.12.egg-info\n'}
[0.831565] (shuttles) StdoutLine: {'line': b'-- Installing: /home/user/celluleflexible_en_cours_ROS2/ros_ws/install/shuttles/lib/python3.12/site-packages/shuttles-0.0.0-py3.12.egg-info/SOURCES.txt\n'}
[0.831586] (shuttles) StdoutLine: {'line': b'-- Installing: /home/user/celluleflexible_en_cours_ROS2/ros_ws/install/shuttles/lib/python3.12/site-packages/shuttles-0.0.0-py3.12.egg-info/top_level.txt\n'}
[0.831605] (commande_locale) StdoutLine: {'line': b'-- Up-to-date: /home/user/celluleflexible_en_cours_ROS2/ros_ws/install/commande_locale/include/commande_locale/commande_locale/msg/detail/msg_pin_control__struct.h\n'}
[0.831626] (commande_locale) StdoutLine: {'line': b'-- Up-to-date: /home/user/celluleflexible_en_cours_ROS2/ros_ws/install/commande_locale/include/commande_locale/commande_locale/msg/detail/tache_finie_msg__type_support.h\n'}
[0.831648] (commande_locale) StdoutLine: {'line': b'-- Up-to-date: /home/user/celluleflexible_en_cours_ROS2/ros_ws/install/commande_locale/include/commande_locale/commande_locale/msg/detail/msg_color__functions.c\n'}
[0.831669] (commande_locale) StdoutLine: {'line': b'-- Up-to-date: /home/user/celluleflexible_en_cours_ROS2/ros_ws/install/commande_locale/include/commande_locale/commande_locale/msg/detail/tache_finie_msg__functions.c\n'}
[0.831689] (commande_locale) StdoutLine: {'line': b'-- Up-to-date: /home/user/celluleflexible_en_cours_ROS2/ros_ws/install/commande_locale/include/commande_locale/commande_locale/msg/tache_finie_msg.h\n'}
[0.831709] (commande_locale) StdoutLine: {'line': b'-- Up-to-date: /home/user/celluleflexible_en_cours_ROS2/ros_ws/install/commande_locale/include/commande_locale/commande_locale/msg/msg_color.h\n'}
[0.831729] (commande_locale) StdoutLine: {'line': b'-- Up-to-date: /home/user/celluleflexible_en_cours_ROS2/ros_ws/install/commande_locale/include/commande_locale/commande_locale/srv\n'}
[0.831748] (commande_locale) StdoutLine: {'line': b'-- Up-to-date: /home/user/celluleflexible_en_cours_ROS2/ros_ws/install/commande_locale/include/commande_locale/commande_locale/srv/srv_fin_init.h\n'}
[0.831768] (commande_locale) StdoutLine: {'line': b'-- Up-to-date: /home/user/celluleflexible_en_cours_ROS2/ros_ws/install/commande_locale/include/commande_locale/commande_locale/srv/srv_add_product_push_back.h\n'}
[0.831787] (commande_locale) StdoutLine: {'line': b'-- Up-to-date: /home/user/celluleflexible_en_cours_ROS2/ros_ws/install/commande_locale/include/commande_locale/commande_locale/srv/srv_add_product.h\n'}
[0.831808] (commande_locale) StdoutLine: {'line': b'-- Up-to-date: /home/user/celluleflexible_en_cours_ROS2/ros_ws/install/commande_locale/include/commande_locale/commande_locale/srv/detail\n'}
[0.831827] (commande_locale) StdoutLine: {'line': b'-- Up-to-date: /home/user/celluleflexible_en_cours_ROS2/ros_ws/install/commande_locale/include/commande_locale/commande_locale/srv/detail/srv_fin_init__type_support.h\n'}
[0.831847] (commande_locale) StdoutLine: {'line': b'-- Installing: /home/user/celluleflexible_en_cours_ROS2/ros_ws/install/commande_locale/include/commande_locale/commande_locale/srv/detail/srv_add_product_push_back__type_support.c\n'}
[0.831869] (commande_locale) StdoutLine: {'line': b'-- Up-to-date: /home/user/celluleflexible_en_cours_ROS2/ros_ws/install/commande_locale/include/commande_locale/commande_locale/srv/detail/srv_add_product_push_back__description.c\n'}
[0.831889] (commande_locale) StdoutLine: {'line': b'-- Up-to-date: /home/user/celluleflexible_en_cours_ROS2/ros_ws/install/commande_locale/include/commande_locale/commande_locale/srv/detail/srv_add_product__struct.h\n'}
[0.831908] (commande_locale) StdoutLine: {'line': b'-- Up-to-date: /home/user/celluleflexible_en_cours_ROS2/ros_ws/install/commande_locale/include/commande_locale/commande_locale/srv/detail/srv_fin_init__type_support.c\n'}
[0.831928] (commande_locale) StdoutLine: {'line': b'-- Up-to-date: /home/user/celluleflexible_en_cours_ROS2/ros_ws/install/commande_locale/include/commande_locale/commande_locale/srv/detail/srv_add_product__type_support.h\n'}
[0.831948] (commande_locale) StdoutLine: {'line': b'-- Up-to-date: /home/user/celluleflexible_en_cours_ROS2/ros_ws/install/commande_locale/include/commande_locale/commande_locale/srv/detail/srv_fin_init__functions.c\n'}
[0.831967] (commande_locale) StdoutLine: {'line': b'-- Up-to-date: /home/user/celluleflexible_en_cours_ROS2/ros_ws/install/commande_locale/include/commande_locale/commande_locale/srv/detail/srv_add_product__description.c\n'}
[0.831987] (commande_locale) StdoutLine: {'line': b'-- Up-to-date: /home/user/celluleflexible_en_cours_ROS2/ros_ws/install/commande_locale/include/commande_locale/commande_locale/srv/detail/srv_add_product_push_back__functions.h\n'}
[0.832007] (commande_locale) StdoutLine: {'line': b'-- Up-to-date: /home/user/celluleflexible_en_cours_ROS2/ros_ws/install/commande_locale/include/commande_locale/commande_locale/srv/detail/srv_add_product__functions.c\n'}
[0.832027] (commande_locale) StdoutLine: {'line': b'-- Up-to-date: /home/user/celluleflexible_en_cours_ROS2/ros_ws/install/commande_locale/include/commande_locale/commande_locale/srv/detail/srv_fin_init__functions.h\n'}
[0.832048] (commande_locale) StdoutLine: {'line': b'-- Installing: /home/user/celluleflexible_en_cours_ROS2/ros_ws/install/commande_locale/include/commande_locale/commande_locale/srv/detail/srv_add_product__type_support.c\n'}
[0.832068] (commande_locale) StdoutLine: {'line': b'-- Up-to-date: /home/user/celluleflexible_en_cours_ROS2/ros_ws/install/commande_locale/include/commande_locale/commande_locale/srv/detail/srv_add_product_push_back__struct.h\n'}
[0.832089] (commande_locale) StdoutLine: {'line': b'-- Up-to-date: /home/user/celluleflexible_en_cours_ROS2/ros_ws/install/commande_locale/include/commande_locale/commande_locale/srv/detail/srv_fin_init__description.c\n'}
[0.832109] (shuttles) StdoutLine: {'line': b'-- Installing: /home/user/celluleflexible_en_cours_ROS2/ros_ws/install/shuttles/lib/python3.12/site-packages/shuttles-0.0.0-py3.12.egg-info/PKG-INFO\n'}
[0.832129] (shuttles) StdoutLine: {'line': b'-- Installing: /home/user/celluleflexible_en_cours_ROS2/ros_ws/install/shuttles/lib/python3.12/site-packages/shuttles-0.0.0-py3.12.egg-info/dependency_links.txt\n'}
[0.832150] (commande_locale) StdoutLine: {'line': b'-- Up-to-date: /home/user/celluleflexible_en_cours_ROS2/ros_ws/install/commande_locale/include/commande_locale/commande_locale/srv/detail/srv_add_product_push_back__type_support.h\n'}
[0.832171] (commande_locale) StdoutLine: {'line': b'-- Up-to-date: /home/user/celluleflexible_en_cours_ROS2/ros_ws/install/commande_locale/include/commande_locale/commande_locale/srv/detail/srv_fin_init__struct.h\n'}
[0.832217] (commande_locale) StdoutLine: {'line': b'-- Up-to-date: /home/user/celluleflexible_en_cours_ROS2/ros_ws/install/commande_locale/include/commande_locale/commande_locale/srv/detail/srv_add_product_push_back__functions.c\n'}
[0.832244] (commande_locale) StdoutLine: {'line': b'-- Up-to-date: /home/user/celluleflexible_en_cours_ROS2/ros_ws/install/commande_locale/include/commande_locale/commande_locale/srv/detail/srv_add_product__functions.h\n'}
[0.832267] (commande_locale) StdoutLine: {'line': b'-- Up-to-date: /home/user/celluleflexible_en_cours_ROS2/ros_ws/install/commande_locale/share/commande_locale/environment/library_path.sh\n'}
[0.832290] (commande_locale) StdoutLine: {'line': b'-- Up-to-date: /home/user/celluleflexible_en_cours_ROS2/ros_ws/install/commande_locale/share/commande_locale/environment/library_path.dsv\n'}
[0.832311] (commande_locale) StdoutLine: {'line': b'-- Up-to-date: /home/user/celluleflexible_en_cours_ROS2/ros_ws/install/commande_locale/lib/libcommande_locale__rosidl_generator_c.so\n'}
[0.832332] (commande_locale) StdoutLine: {'line': b'-- Up-to-date: /home/user/celluleflexible_en_cours_ROS2/ros_ws/install/commande_locale/include/commande_locale/commande_locale\n'}
[0.832353] (commande_locale) StdoutLine: {'line': b'-- Up-to-date: /home/user/celluleflexible_en_cours_ROS2/ros_ws/install/commande_locale/include/commande_locale/commande_locale/msg\n'}
[0.832374] (commande_locale) StdoutLine: {'line': b'-- Up-to-date: /home/user/celluleflexible_en_cours_ROS2/ros_ws/install/commande_locale/include/commande_locale/commande_locale/msg/rosidl_typesupport_fastrtps_c__visibility_control.h\n'}
[0.832395] (commande_locale) StdoutLine: {'line': b'-- Up-to-date: /home/user/celluleflexible_en_cours_ROS2/ros_ws/install/commande_locale/include/commande_locale/commande_locale/msg/detail\n'}
[0.832415] (commande_locale) StdoutLine: {'line': b'-- Up-to-date: /home/user/celluleflexible_en_cours_ROS2/ros_ws/install/commande_locale/include/commande_locale/commande_locale/msg/detail/msg_erreur__rosidl_typesupport_fastrtps_c.h\n'}
[0.832435] (commande_locale) StdoutLine: {'line': b'-- Up-to-date: /home/user/celluleflexible_en_cours_ROS2/ros_ws/install/commande_locale/include/commande_locale/commande_locale/msg/detail/msg_color__rosidl_typesupport_fastrtps_c.h\n'}
[0.832458] (commande_locale) StdoutLine: {'line': b'-- Up-to-date: /home/user/celluleflexible_en_cours_ROS2/ros_ws/install/commande_locale/include/commande_locale/commande_locale/msg/detail/msg_choix_mode__rosidl_typesupport_fastrtps_c.h\n'}
[0.832479] (commande_locale) StdoutLine: {'line': b'-- Up-to-date: /home/user/celluleflexible_en_cours_ROS2/ros_ws/install/commande_locale/include/commande_locale/commande_locale/msg/detail/tache_finie_msg__rosidl_typesupport_fastrtps_c.h\n'}
[0.832500] (commande_locale) StdoutLine: {'line': b'-- Up-to-date: /home/user/celluleflexible_en_cours_ROS2/ros_ws/install/commande_locale/include/commande_locale/commande_locale/msg/detail/robot_joints__rosidl_typesupport_fastrtps_c.h\n'}
[0.832520] (commande_locale) StdoutLine: {'line': b'-- Up-to-date: /home/user/celluleflexible_en_cours_ROS2/ros_ws/install/commande_locale/include/commande_locale/commande_locale/msg/detail/msg_add_product__rosidl_typesupport_fastrtps_c.h\n'}
[0.832541] (commande_locale) StdoutLine: {'line': b'-- Up-to-date: /home/user/celluleflexible_en_cours_ROS2/ros_ws/install/commande_locale/include/commande_locale/commande_locale/msg/detail/deplacer_piece_msg__rosidl_typesupport_fastrtps_c.h\n'}
[0.832561] (commande_locale) StdoutLine: {'line': b'-- Up-to-date: /home/user/celluleflexible_en_cours_ROS2/ros_ws/install/commande_locale/include/commande_locale/commande_locale/msg/detail/msg_pin_control__rosidl_typesupport_fastrtps_c.h\n'}
[0.832581] (commande_locale) StdoutLine: {'line': b'-- Up-to-date: /home/user/celluleflexible_en_cours_ROS2/ros_ws/install/commande_locale/include/commande_locale/commande_locale/msg/detail/msg_stop_control__rosidl_typesupport_fastrtps_c.h\n'}
[0.832601] (commande_locale) StdoutLine: {'line': b'-- Up-to-date: /home/user/celluleflexible_en_cours_ROS2/ros_ws/install/commande_locale/include/commande_locale/commande_locale/msg/detail/msg_switch_control__rosidl_typesupport_fastrtps_c.h\n'}
[0.832623] (commande_locale) StdoutLine: {'line': b'-- Up-to-date: /home/user/celluleflexible_en_cours_ROS2/ros_ws/install/commande_locale/include/commande_locale/commande_locale/srv\n'}
[0.832642] (commande_locale) StdoutLine: {'line': b'-- Up-to-date: /home/user/celluleflexible_en_cours_ROS2/ros_ws/install/commande_locale/include/commande_locale/commande_locale/srv/detail\n'}
[0.832662] (commande_locale) StdoutLine: {'line': b'-- Up-to-date: /home/user/celluleflexible_en_cours_ROS2/ros_ws/install/commande_locale/include/commande_locale/commande_locale/srv/detail/srv_add_product_push_back__rosidl_typesupport_fastrtps_c.h\n'}
[0.832682] (commande_locale) StdoutLine: {'line': b'-- Up-to-date: /home/user/celluleflexible_en_cours_ROS2/ros_ws/install/commande_locale/include/commande_locale/commande_locale/srv/detail/srv_add_product__rosidl_typesupport_fastrtps_c.h\n'}
[0.832703] (commande_locale) StdoutLine: {'line': b'-- Up-to-date: /home/user/celluleflexible_en_cours_ROS2/ros_ws/install/commande_locale/include/commande_locale/commande_locale/srv/detail/srv_fin_init__rosidl_typesupport_fastrtps_c.h\n'}
[0.832722] (commande_locale) StdoutLine: {'line': b'-- Up-to-date: /home/user/celluleflexible_en_cours_ROS2/ros_ws/install/commande_locale/lib/libcommande_locale__rosidl_typesupport_fastrtps_c.so\n'}
[0.832742] (shuttles) StdoutLine: {'line': b'-- Up-to-date: /home/user/celluleflexible_en_cours_ROS2/ros_ws/install/shuttles/lib/python3.12/site-packages/shuttles\n'}
[0.832763] (shuttles) StdoutLine: {'line': b'-- Up-to-date: /home/user/celluleflexible_en_cours_ROS2/ros_ws/install/shuttles/lib/python3.12/site-packages/shuttles/shuttles_s__rosidl_typesupport_introspection_c.so\n'}
[0.832784] (shuttles) StdoutLine: {'line': b'-- Up-to-date: /home/user/celluleflexible_en_cours_ROS2/ros_ws/install/shuttles/lib/python3.12/site-packages/shuttles/_shuttles_s.ep.rosidl_typesupport_c.c\n'}
[0.832805] (shuttles) StdoutLine: {'line': b'-- Up-to-date: /home/user/celluleflexible_en_cours_ROS2/ros_ws/install/shuttles/lib/python3.12/site-packages/shuttles/msg\n'}
[0.832824] (commande_locale) StdoutLine: {'line': b'-- Up-to-date: /home/user/celluleflexible_en_cours_ROS2/ros_ws/install/commande_locale/include/commande_locale/commande_locale\n'}
[0.832844] (commande_locale) StdoutLine: {'line': b'-- Up-to-date: /home/user/celluleflexible_en_cours_ROS2/ros_ws/install/commande_locale/include/commande_locale/commande_locale/msg\n'}
[0.832865] (commande_locale) StdoutLine: {'line': b'-- Up-to-date: /home/user/celluleflexible_en_cours_ROS2/ros_ws/install/commande_locale/include/commande_locale/commande_locale/msg/deplacer_piece_msg.hpp\n'}
[0.832885] (commande_locale) StdoutLine: {'line': b'-- Up-to-date: /home/user/celluleflexible_en_cours_ROS2/ros_ws/install/commande_locale/include/commande_locale/commande_locale/msg/msg_color.hpp\n'}
[0.832905] (commande_locale) StdoutLine: {'line': b'-- Up-to-date: /home/user/celluleflexible_en_cours_ROS2/ros_ws/install/commande_locale/include/commande_locale/commande_locale/msg/msg_pin_control.hpp\n'}
[0.832924] (commande_locale) StdoutLine: {'line': b'-- Up-to-date: /home/user/celluleflexible_en_cours_ROS2/ros_ws/install/commande_locale/include/commande_locale/commande_locale/msg/msg_switch_control.hpp\n'}
[0.832944] (commande_locale) StdoutLine: {'line': b'-- Up-to-date: /home/user/celluleflexible_en_cours_ROS2/ros_ws/install/commande_locale/include/commande_locale/commande_locale/msg/rosidl_generator_cpp__visibility_control.hpp\n'}
[0.832965] (commande_locale) StdoutLine: {'line': b'-- Up-to-date: /home/user/celluleflexible_en_cours_ROS2/ros_ws/install/commande_locale/include/commande_locale/commande_locale/msg/msg_stop_control.hpp\n'}
[0.832984] (commande_locale) StdoutLine: {'line': b'-- Up-to-date: /home/user/celluleflexible_en_cours_ROS2/ros_ws/install/commande_locale/include/commande_locale/commande_locale/msg/msg_choix_mode.hpp\n'}
[0.833004] (shuttles) StdoutLine: {'line': b'-- Up-to-date: /home/user/celluleflexible_en_cours_ROS2/ros_ws/install/shuttles/lib/python3.12/site-packages/shuttles/msg/_msg_shuttle_change.py\n'}
[0.833024] (shuttles) StdoutLine: {'line': b'-- Up-to-date: /home/user/celluleflexible_en_cours_ROS2/ros_ws/install/shuttles/lib/python3.12/site-packages/shuttles/msg/_msg_erreur.py\n'}
[0.833044] (shuttles) StdoutLine: {'line': b'-- Up-to-date: /home/user/celluleflexible_en_cours_ROS2/ros_ws/install/shuttles/lib/python3.12/site-packages/shuttles/msg/__init__.py\n'}
[0.833064] (shuttles) StdoutLine: {'line': b'-- Up-to-date: /home/user/celluleflexible_en_cours_ROS2/ros_ws/install/shuttles/lib/python3.12/site-packages/shuttles/msg/_msg_shuttle_create_s.c\n'}
[0.833083] (shuttles) StdoutLine: {'line': b'-- Up-to-date: /home/user/celluleflexible_en_cours_ROS2/ros_ws/install/shuttles/lib/python3.12/site-packages/shuttles/msg/_msg_erreur_s.c\n'}
[0.833102] (shuttles) StdoutLine: {'line': b'-- Up-to-date: /home/user/celluleflexible_en_cours_ROS2/ros_ws/install/shuttles/lib/python3.12/site-packages/shuttles/msg/_msg_shuttle_create.py\n'}
[0.833124] (shuttles) StdoutLine: {'line': b'-- Up-to-date: /home/user/celluleflexible_en_cours_ROS2/ros_ws/install/shuttles/lib/python3.12/site-packages/shuttles/msg/_msg_shuttle_change_s.c\n'}
[0.833144] (shuttles) StdoutLine: {'line': b'-- Up-to-date: /home/user/celluleflexible_en_cours_ROS2/ros_ws/install/shuttles/lib/python3.12/site-packages/shuttles/shuttles_s__rosidl_typesupport_c.so\n'}
[0.833164] (shuttles) StdoutLine: {'line': b'-- Up-to-date: /home/user/celluleflexible_en_cours_ROS2/ros_ws/install/shuttles/lib/python3.12/site-packages/shuttles/__init__.py\n'}
[0.833183] (shuttles) StdoutLine: {'line': b'-- Up-to-date: /home/user/celluleflexible_en_cours_ROS2/ros_ws/install/shuttles/lib/python3.12/site-packages/shuttles/_shuttles_s.ep.rosidl_typesupport_fastrtps_c.c\n'}
[0.833203] (shuttles) StdoutLine: {'line': b'-- Up-to-date: /home/user/celluleflexible_en_cours_ROS2/ros_ws/install/shuttles/lib/python3.12/site-packages/shuttles/srv\n'}
[0.833224] (shuttles) StdoutLine: {'line': b'-- Up-to-date: /home/user/celluleflexible_en_cours_ROS2/ros_ws/install/shuttles/lib/python3.12/site-packages/shuttles/srv/__init__.py\n'}
[0.833244] (shuttles) StdoutLine: {'line': b'-- Up-to-date: /home/user/celluleflexible_en_cours_ROS2/ros_ws/install/shuttles/lib/python3.12/site-packages/shuttles/srv/_shuttle_id.py\n'}
[0.833264] (shuttles) StdoutLine: {'line': b'-- Up-to-date: /home/user/celluleflexible_en_cours_ROS2/ros_ws/install/shuttles/lib/python3.12/site-packages/shuttles/srv/_shuttle_id_s.c\n'}
[0.833284] (shuttles) StdoutLine: {'line': b'-- Up-to-date: /home/user/celluleflexible_en_cours_ROS2/ros_ws/install/shuttles/lib/python3.12/site-packages/shuttles/_shuttles_s.ep.rosidl_typesupport_introspection_c.c\n'}
[0.833304] (shuttles) StdoutLine: {'line': b'-- Up-to-date: /home/user/celluleflexible_en_cours_ROS2/ros_ws/install/shuttles/lib/python3.12/site-packages/shuttles/shuttles_s__rosidl_typesupport_fastrtps_c.so\n'}
[0.833324] (commande_locale) StdoutLine: {'line': b'-- Up-to-date: /home/user/celluleflexible_en_cours_ROS2/ros_ws/install/commande_locale/include/commande_locale/commande_locale/msg/robot_joints.hpp\n'}
[0.833344] (commande_locale) StdoutLine: {'line': b'-- Up-to-date: /home/user/celluleflexible_en_cours_ROS2/ros_ws/install/commande_locale/include/commande_locale/commande_locale/msg/tache_finie_msg.hpp\n'}
[0.833367] (commande_locale) StdoutLine: {'line': b'-- Up-to-date: /home/user/celluleflexible_en_cours_ROS2/ros_ws/install/commande_locale/include/commande_locale/commande_locale/msg/msg_add_product.hpp\n'}
[0.833387] (commande_locale) StdoutLine: {'line': b'-- Up-to-date: /home/user/celluleflexible_en_cours_ROS2/ros_ws/install/commande_locale/include/commande_locale/commande_locale/msg/detail\n'}
[0.833407] (commande_locale) StdoutLine: {'line': b'-- Up-to-date: /home/user/celluleflexible_en_cours_ROS2/ros_ws/install/commande_locale/include/commande_locale/commande_locale/msg/detail/msg_choix_mode__struct.hpp\n'}
[0.833427] (commande_locale) StdoutLine: {'line': b'-- Up-to-date: /home/user/celluleflexible_en_cours_ROS2/ros_ws/install/commande_locale/include/commande_locale/commande_locale/msg/detail/robot_joints__type_support.hpp\n'}
[0.833447] (commande_locale) StdoutLine: {'line': b'-- Up-to-date: /home/user/celluleflexible_en_cours_ROS2/ros_ws/install/commande_locale/include/commande_locale/commande_locale/msg/detail/msg_add_product__struct.hpp\n'}
[0.833468] (commande_locale) StdoutLine: {'line': b'-- Up-to-date: /home/user/celluleflexible_en_cours_ROS2/ros_ws/install/commande_locale/include/commande_locale/commande_locale/msg/detail/tache_finie_msg__struct.hpp\n'}
[0.833488] (commande_locale) StdoutLine: {'line': b'-- Up-to-date: /home/user/celluleflexible_en_cours_ROS2/ros_ws/install/commande_locale/include/commande_locale/commande_locale/msg/detail/robot_joints__builder.hpp\n'}
[0.833507] (commande_locale) StdoutLine: {'line': b'-- Up-to-date: /home/user/celluleflexible_en_cours_ROS2/ros_ws/install/commande_locale/include/commande_locale/commande_locale/msg/detail/msg_switch_control__struct.hpp\n'}
[0.833527] (commande_locale) StdoutLine: {'line': b'-- Up-to-date: /home/user/celluleflexible_en_cours_ROS2/ros_ws/install/commande_locale/include/commande_locale/commande_locale/msg/detail/msg_stop_control__traits.hpp\n'}
[0.833546] (commande_locale) StdoutLine: {'line': b'-- Up-to-date: /home/user/celluleflexible_en_cours_ROS2/ros_ws/install/commande_locale/include/commande_locale/commande_locale/msg/detail/msg_color__traits.hpp\n'}
[0.833565] (commande_locale) StdoutLine: {'line': b'-- Up-to-date: /home/user/celluleflexible_en_cours_ROS2/ros_ws/install/commande_locale/include/commande_locale/commande_locale/msg/detail/tache_finie_msg__type_support.hpp\n'}
[0.833588] (commande_locale) StdoutLine: {'line': b'-- Up-to-date: /home/user/celluleflexible_en_cours_ROS2/ros_ws/install/commande_locale/include/commande_locale/commande_locale/msg/detail/msg_pin_control__builder.hpp\n'}
[0.833608] (commande_locale) StdoutLine: {'line': b'-- Up-to-date: /home/user/celluleflexible_en_cours_ROS2/ros_ws/install/commande_locale/include/commande_locale/commande_locale/msg/detail/msg_switch_control__traits.hpp\n'}
[0.833627] (commande_locale) StdoutLine: {'line': b'-- Up-to-date: /home/user/celluleflexible_en_cours_ROS2/ros_ws/install/commande_locale/include/commande_locale/commande_locale/msg/detail/deplacer_piece_msg__builder.hpp\n'}
[0.833646] (commande_locale) StdoutLine: {'line': b'-- Up-to-date: /home/user/celluleflexible_en_cours_ROS2/ros_ws/install/commande_locale/include/commande_locale/commande_locale/msg/detail/msg_erreur__traits.hpp\n'}
[0.833669] (commande_locale) StdoutLine: {'line': b'-- Up-to-date: /home/user/celluleflexible_en_cours_ROS2/ros_ws/install/commande_locale/include/commande_locale/commande_locale/msg/detail/msg_add_product__builder.hpp\n'}
[0.833689] (commande_locale) StdoutLine: {'line': b'-- Up-to-date: /home/user/celluleflexible_en_cours_ROS2/ros_ws/install/commande_locale/include/commande_locale/commande_locale/msg/detail/msg_stop_control__struct.hpp\n'}
[0.833709] (commande_locale) StdoutLine: {'line': b'-- Up-to-date: /home/user/celluleflexible_en_cours_ROS2/ros_ws/install/commande_locale/include/commande_locale/commande_locale/msg/detail/tache_finie_msg__traits.hpp\n'}
[0.833729] (commande_locale) StdoutLine: {'line': b'-- Up-to-date: /home/user/celluleflexible_en_cours_ROS2/ros_ws/install/commande_locale/include/commande_locale/commande_locale/msg/detail/msg_choix_mode__traits.hpp\n'}
[0.833749] (commande_locale) StdoutLine: {'line': b'-- Up-to-date: /home/user/celluleflexible_en_cours_ROS2/ros_ws/install/commande_locale/include/commande_locale/commande_locale/msg/detail/msg_choix_mode__builder.hpp\n'}
[0.833768] (commande_locale) StdoutLine: {'line': b'-- Up-to-date: /home/user/celluleflexible_en_cours_ROS2/ros_ws/install/commande_locale/include/commande_locale/commande_locale/msg/detail/msg_erreur__struct.hpp\n'}
[0.833788] (commande_locale) StdoutLine: {'line': b'-- Up-to-date: /home/user/celluleflexible_en_cours_ROS2/ros_ws/install/commande_locale/include/commande_locale/commande_locale/msg/detail/msg_color__builder.hpp\n'}
[0.833808] (commande_locale) StdoutLine: {'line': b'-- Up-to-date: /home/user/celluleflexible_en_cours_ROS2/ros_ws/install/commande_locale/include/commande_locale/commande_locale/msg/detail/msg_erreur__type_support.hpp\n'}
[0.833827] (commande_locale) StdoutLine: {'line': b'-- Up-to-date: /home/user/celluleflexible_en_cours_ROS2/ros_ws/install/commande_locale/include/commande_locale/commande_locale/msg/detail/msg_add_product__type_support.hpp\n'}
[0.833846] (commande_locale) StdoutLine: {'line': b'-- Up-to-date: /home/user/celluleflexible_en_cours_ROS2/ros_ws/install/commande_locale/include/commande_locale/commande_locale/msg/detail/deplacer_piece_msg__traits.hpp\n'}
[0.833873] (commande_locale) StdoutLine: {'line': b'-- Up-to-date: /home/user/celluleflexible_en_cours_ROS2/ros_ws/install/commande_locale/include/commande_locale/commande_locale/msg/detail/deplacer_piece_msg__type_support.hpp\n'}
[0.833892] (commande_locale) StdoutLine: {'line': b'-- Up-to-date: /home/user/celluleflexible_en_cours_ROS2/ros_ws/install/commande_locale/include/commande_locale/commande_locale/msg/detail/msg_pin_control__struct.hpp\n'}
[0.833911] (commande_locale) StdoutLine: {'line': b'-- Up-to-date: /home/user/celluleflexible_en_cours_ROS2/ros_ws/install/commande_locale/include/commande_locale/commande_locale/msg/detail/robot_joints__struct.hpp\n'}
[0.833930] (commande_locale) StdoutLine: {'line': b'-- Up-to-date: /home/user/celluleflexible_en_cours_ROS2/ros_ws/install/commande_locale/include/commande_locale/commande_locale/msg/detail/deplacer_piece_msg__struct.hpp\n'}
[0.833949] (commande_locale) StdoutLine: {'line': b'-- Up-to-date: /home/user/celluleflexible_en_cours_ROS2/ros_ws/install/commande_locale/include/commande_locale/commande_locale/msg/detail/tache_finie_msg__builder.hpp\n'}
[0.833968] (commande_locale) StdoutLine: {'line': b'-- Up-to-date: /home/user/celluleflexible_en_cours_ROS2/ros_ws/install/commande_locale/include/commande_locale/commande_locale/msg/detail/msg_erreur__builder.hpp\n'}
[0.833987] (commande_locale) StdoutLine: {'line': b'-- Up-to-date: /home/user/celluleflexible_en_cours_ROS2/ros_ws/install/commande_locale/include/commande_locale/commande_locale/msg/detail/msg_switch_control__type_support.hpp\n'}
[0.834006] (commande_locale) StdoutLine: {'line': b'-- Up-to-date: /home/user/celluleflexible_en_cours_ROS2/ros_ws/install/commande_locale/include/commande_locale/commande_locale/msg/detail/robot_joints__traits.hpp\n'}
[0.834027] (commande_locale) StdoutLine: {'line': b'-- Up-to-date: /home/user/celluleflexible_en_cours_ROS2/ros_ws/install/commande_locale/include/commande_locale/commande_locale/msg/detail/msg_pin_control__traits.hpp\n'}
[0.834047] (commande_locale) StdoutLine: {'line': b'-- Up-to-date: /home/user/celluleflexible_en_cours_ROS2/ros_ws/install/commande_locale/include/commande_locale/commande_locale/msg/detail/msg_add_product__traits.hpp\n'}
[0.834066] (commande_locale) StdoutLine: {'line': b'-- Up-to-date: /home/user/celluleflexible_en_cours_ROS2/ros_ws/install/commande_locale/include/commande_locale/commande_locale/msg/detail/msg_choix_mode__type_support.hpp\n'}
[0.834086] (commande_locale) StdoutLine: {'line': b'-- Up-to-date: /home/user/celluleflexible_en_cours_ROS2/ros_ws/install/commande_locale/include/commande_locale/commande_locale/msg/detail/msg_stop_control__type_support.hpp\n'}
[0.834105] (commande_locale) StdoutLine: {'line': b'-- Up-to-date: /home/user/celluleflexible_en_cours_ROS2/ros_ws/install/commande_locale/include/commande_locale/commande_locale/msg/detail/msg_switch_control__builder.hpp\n'}
[0.834124] (commande_locale) StdoutLine: {'line': b'-- Up-to-date: /home/user/celluleflexible_en_cours_ROS2/ros_ws/install/commande_locale/include/commande_locale/commande_locale/msg/detail/msg_stop_control__builder.hpp\n'}
[0.834143] (commande_locale) StdoutLine: {'line': b'-- Up-to-date: /home/user/celluleflexible_en_cours_ROS2/ros_ws/install/commande_locale/include/commande_locale/commande_locale/msg/detail/msg_color__type_support.hpp\n'}
[0.834162] (commande_locale) StdoutLine: {'line': b'-- Up-to-date: /home/user/celluleflexible_en_cours_ROS2/ros_ws/install/commande_locale/include/commande_locale/commande_locale/msg/detail/msg_pin_control__type_support.hpp\n'}
[0.834181] (commande_locale) StdoutLine: {'line': b'-- Up-to-date: /home/user/celluleflexible_en_cours_ROS2/ros_ws/install/commande_locale/include/commande_locale/commande_locale/msg/detail/msg_color__struct.hpp\n'}
[0.834225] (commande_locale) StdoutLine: {'line': b'-- Up-to-date: /home/user/celluleflexible_en_cours_ROS2/ros_ws/install/commande_locale/include/commande_locale/commande_locale/msg/msg_erreur.hpp\n'}
[0.834251] (commande_locale) StdoutLine: {'line': b'-- Up-to-date: /home/user/celluleflexible_en_cours_ROS2/ros_ws/install/commande_locale/include/commande_locale/commande_locale/srv\n'}
[0.834273] (commande_locale) StdoutLine: {'line': b'-- Up-to-date: /home/user/celluleflexible_en_cours_ROS2/ros_ws/install/commande_locale/include/commande_locale/commande_locale/srv/srv_add_product.hpp\n'}
[0.834295] (commande_locale) StdoutLine: {'line': b'-- Up-to-date: /home/user/celluleflexible_en_cours_ROS2/ros_ws/install/commande_locale/include/commande_locale/commande_locale/srv/srv_add_product_push_back.hpp\n'}
[0.834317] (commande_locale) StdoutLine: {'line': b'-- Up-to-date: /home/user/celluleflexible_en_cours_ROS2/ros_ws/install/commande_locale/include/commande_locale/commande_locale/srv/srv_fin_init.hpp\n'}
[0.834338] (commande_locale) StdoutLine: {'line': b'-- Up-to-date: /home/user/celluleflexible_en_cours_ROS2/ros_ws/install/commande_locale/include/commande_locale/commande_locale/srv/detail\n'}
[0.834358] (commande_locale) StdoutLine: {'line': b'-- Up-to-date: /home/user/celluleflexible_en_cours_ROS2/ros_ws/install/commande_locale/include/commande_locale/commande_locale/srv/detail/srv_add_product_push_back__builder.hpp\n'}
[0.834379] (commande_locale) StdoutLine: {'line': b'-- Up-to-date: /home/user/celluleflexible_en_cours_ROS2/ros_ws/install/commande_locale/include/commande_locale/commande_locale/srv/detail/srv_fin_init__builder.hpp\n'}
[0.834403] (commande_locale) StdoutLine: {'line': b'-- Up-to-date: /home/user/celluleflexible_en_cours_ROS2/ros_ws/install/commande_locale/include/commande_locale/commande_locale/srv/detail/srv_add_product__struct.hpp\n'}
[0.834424] (commande_locale) StdoutLine: {'line': b'-- Up-to-date: /home/user/celluleflexible_en_cours_ROS2/ros_ws/install/commande_locale/include/commande_locale/commande_locale/srv/detail/srv_fin_init__traits.hpp\n'}
[0.834445] (commande_locale) StdoutLine: {'line': b'-- Up-to-date: /home/user/celluleflexible_en_cours_ROS2/ros_ws/install/commande_locale/include/commande_locale/commande_locale/srv/detail/srv_add_product__type_support.hpp\n'}
[0.834465] (commande_locale) StdoutLine: {'line': b'-- Up-to-date: /home/user/celluleflexible_en_cours_ROS2/ros_ws/install/commande_locale/include/commande_locale/commande_locale/srv/detail/srv_add_product_push_back__struct.hpp\n'}
[0.834592] (commande_locale) StdoutLine: {'line': b'-- Up-to-date: /home/user/celluleflexible_en_cours_ROS2/ros_ws/install/commande_locale/include/commande_locale/commande_locale/srv/detail/srv_add_product_push_back__traits.hpp\n'}
[0.834623] (commande_locale) StdoutLine: {'line': b'-- Up-to-date: /home/user/celluleflexible_en_cours_ROS2/ros_ws/install/commande_locale/include/commande_locale/commande_locale/srv/detail/srv_fin_init__type_support.hpp\n'}
[0.834646] (commande_locale) StdoutLine: {'line': b'-- Up-to-date: /home/user/celluleflexible_en_cours_ROS2/ros_ws/install/commande_locale/include/commande_locale/commande_locale/srv/detail/srv_add_product__builder.hpp\n'}
[0.834667] (commande_locale) StdoutLine: {'line': b'-- Up-to-date: /home/user/celluleflexible_en_cours_ROS2/ros_ws/install/commande_locale/include/commande_locale/commande_locale/srv/detail/srv_fin_init__struct.hpp\n'}
[0.834690] (commande_locale) StdoutLine: {'line': b'-- Up-to-date: /home/user/celluleflexible_en_cours_ROS2/ros_ws/install/commande_locale/include/commande_locale/commande_locale/srv/detail/srv_add_product__traits.hpp\n'}
[0.834712] (commande_locale) StdoutLine: {'line': b'-- Up-to-date: /home/user/celluleflexible_en_cours_ROS2/ros_ws/install/commande_locale/include/commande_locale/commande_locale/srv/detail/srv_add_product_push_back__type_support.hpp\n'}
[0.834734] (commande_locale) StdoutLine: {'line': b'-- Up-to-date: /home/user/celluleflexible_en_cours_ROS2/ros_ws/install/commande_locale/include/commande_locale/commande_locale\n'}
[0.834755] (commande_locale) StdoutLine: {'line': b'-- Up-to-date: /home/user/celluleflexible_en_cours_ROS2/ros_ws/install/commande_locale/include/commande_locale/commande_locale/msg\n'}
[0.834775] (commande_locale) StdoutLine: {'line': b'-- Up-to-date: /home/user/celluleflexible_en_cours_ROS2/ros_ws/install/commande_locale/include/commande_locale/commande_locale/msg/detail\n'}
[0.834795] (commande_locale) StdoutLine: {'line': b'-- Up-to-date: /home/user/celluleflexible_en_cours_ROS2/ros_ws/install/commande_locale/include/commande_locale/commande_locale/msg/detail/msg_pin_control__rosidl_typesupport_fastrtps_cpp.hpp\n'}
[0.834816] (commande_locale) StdoutLine: {'line': b'-- Up-to-date: /home/user/celluleflexible_en_cours_ROS2/ros_ws/install/commande_locale/include/commande_locale/commande_locale/msg/detail/tache_finie_msg__rosidl_typesupport_fastrtps_cpp.hpp\n'}
[0.834836] (commande_locale) StdoutLine: {'line': b'-- Up-to-date: /home/user/celluleflexible_en_cours_ROS2/ros_ws/install/commande_locale/include/commande_locale/commande_locale/msg/detail/msg_switch_control__rosidl_typesupport_fastrtps_cpp.hpp\n'}
[0.834856] (commande_locale) StdoutLine: {'line': b'-- Up-to-date: /home/user/celluleflexible_en_cours_ROS2/ros_ws/install/commande_locale/include/commande_locale/commande_locale/msg/detail/dds_fastrtps\n'}
[0.834876] (commande_locale) StdoutLine: {'line': b'-- Up-to-date: /home/user/celluleflexible_en_cours_ROS2/ros_ws/install/commande_locale/include/commande_locale/commande_locale/msg/detail/msg_erreur__rosidl_typesupport_fastrtps_cpp.hpp\n'}
[0.834896] (commande_locale) StdoutLine: {'line': b'-- Up-to-date: /home/user/celluleflexible_en_cours_ROS2/ros_ws/install/commande_locale/include/commande_locale/commande_locale/msg/detail/robot_joints__rosidl_typesupport_fastrtps_cpp.hpp\n'}
[0.834916] (commande_locale) StdoutLine: {'line': b'-- Up-to-date: /home/user/celluleflexible_en_cours_ROS2/ros_ws/install/commande_locale/include/commande_locale/commande_locale/msg/detail/msg_add_product__rosidl_typesupport_fastrtps_cpp.hpp\n'}
[0.834937] (commande_locale) StdoutLine: {'line': b'-- Up-to-date: /home/user/celluleflexible_en_cours_ROS2/ros_ws/install/commande_locale/include/commande_locale/commande_locale/msg/detail/msg_stop_control__rosidl_typesupport_fastrtps_cpp.hpp\n'}
[0.834958] (commande_locale) StdoutLine: {'line': b'-- Up-to-date: /home/user/celluleflexible_en_cours_ROS2/ros_ws/install/commande_locale/include/commande_locale/commande_locale/msg/detail/msg_color__rosidl_typesupport_fastrtps_cpp.hpp\n'}
[0.834977] (commande_locale) StdoutLine: {'line': b'-- Up-to-date: /home/user/celluleflexible_en_cours_ROS2/ros_ws/install/commande_locale/include/commande_locale/commande_locale/msg/detail/msg_choix_mode__rosidl_typesupport_fastrtps_cpp.hpp\n'}
[0.834996] (commande_locale) StdoutLine: {'line': b'-- Up-to-date: /home/user/celluleflexible_en_cours_ROS2/ros_ws/install/commande_locale/include/commande_locale/commande_locale/msg/detail/deplacer_piece_msg__rosidl_typesupport_fastrtps_cpp.hpp\n'}
[0.835017] (commande_locale) StdoutLine: {'line': b'-- Up-to-date: /home/user/celluleflexible_en_cours_ROS2/ros_ws/install/commande_locale/include/commande_locale/commande_locale/msg/rosidl_typesupport_fastrtps_cpp__visibility_control.h\n'}
[0.835037] (commande_locale) StdoutLine: {'line': b'-- Up-to-date: /home/user/celluleflexible_en_cours_ROS2/ros_ws/install/commande_locale/include/commande_locale/commande_locale/srv\n'}
[0.835056] (commande_locale) StdoutLine: {'line': b'-- Up-to-date: /home/user/celluleflexible_en_cours_ROS2/ros_ws/install/commande_locale/include/commande_locale/commande_locale/srv/detail\n'}
[0.835075] (commande_locale) StdoutLine: {'line': b'-- Up-to-date: /home/user/celluleflexible_en_cours_ROS2/ros_ws/install/commande_locale/include/commande_locale/commande_locale/srv/detail/srv_fin_init__rosidl_typesupport_fastrtps_cpp.hpp\n'}
[0.835095] (commande_locale) StdoutLine: {'line': b'-- Up-to-date: /home/user/celluleflexible_en_cours_ROS2/ros_ws/install/commande_locale/include/commande_locale/commande_locale/srv/detail/srv_add_product__rosidl_typesupport_fastrtps_cpp.hpp\n'}
[0.835114] (commande_locale) StdoutLine: {'line': b'-- Up-to-date: /home/user/celluleflexible_en_cours_ROS2/ros_ws/install/commande_locale/include/commande_locale/commande_locale/srv/detail/srv_add_product_push_back__rosidl_typesupport_fastrtps_cpp.hpp\n'}
[0.835133] (commande_locale) StdoutLine: {'line': b'-- Up-to-date: /home/user/celluleflexible_en_cours_ROS2/ros_ws/install/commande_locale/include/commande_locale/commande_locale/srv/detail/dds_fastrtps\n'}
[0.835154] (commande_locale) StdoutLine: {'line': b'-- Up-to-date: /home/user/celluleflexible_en_cours_ROS2/ros_ws/install/commande_locale/lib/libcommande_locale__rosidl_typesupport_fastrtps_cpp.so\n'}
[0.835173] (commande_locale) StdoutLine: {'line': b'-- Up-to-date: /home/user/celluleflexible_en_cours_ROS2/ros_ws/install/commande_locale/include/commande_locale/commande_locale\n'}
[0.835192] (commande_locale) StdoutLine: {'line': b'-- Up-to-date: /home/user/celluleflexible_en_cours_ROS2/ros_ws/install/commande_locale/include/commande_locale/commande_locale/msg\n'}
[0.835212] (commande_locale) StdoutLine: {'line': b'-- Up-to-date: /home/user/celluleflexible_en_cours_ROS2/ros_ws/install/commande_locale/include/commande_locale/commande_locale/msg/rosidl_typesupport_introspection_c__visibility_control.h\n'}
[0.835231] (commande_locale) StdoutLine: {'line': b'-- Up-to-date: /home/user/celluleflexible_en_cours_ROS2/ros_ws/install/commande_locale/include/commande_locale/commande_locale/msg/detail\n'}
[0.835251] (commande_locale) StdoutLine: {'line': b'-- Up-to-date: /home/user/celluleflexible_en_cours_ROS2/ros_ws/install/commande_locale/include/commande_locale/commande_locale/msg/detail/msg_stop_control__rosidl_typesupport_introspection_c.h\n'}
[0.835270] (commande_locale) StdoutLine: {'line': b'-- Up-to-date: /home/user/celluleflexible_en_cours_ROS2/ros_ws/install/commande_locale/include/commande_locale/commande_locale/msg/detail/msg_color__rosidl_typesupport_introspection_c.h\n'}
[0.835290] (commande_locale) StdoutLine: {'line': b'-- Up-to-date: /home/user/celluleflexible_en_cours_ROS2/ros_ws/install/commande_locale/include/commande_locale/commande_locale/msg/detail/msg_add_product__rosidl_typesupport_introspection_c.h\n'}
[0.835309] (commande_locale) StdoutLine: {'line': b'-- Up-to-date: /home/user/celluleflexible_en_cours_ROS2/ros_ws/install/commande_locale/include/commande_locale/commande_locale/msg/detail/tache_finie_msg__rosidl_typesupport_introspection_c.h\n'}
[0.835328] (commande_locale) StdoutLine: {'line': b'-- Installing: /home/user/celluleflexible_en_cours_ROS2/ros_ws/install/commande_locale/include/commande_locale/commande_locale/msg/detail/msg_switch_control__type_support.c\n'}
[0.835348] (commande_locale) StdoutLine: {'line': b'-- Installing: /home/user/celluleflexible_en_cours_ROS2/ros_ws/install/commande_locale/include/commande_locale/commande_locale/msg/detail/msg_stop_control__type_support.c\n'}
[0.835367] (commande_locale) StdoutLine: {'line': b'-- Up-to-date: /home/user/celluleflexible_en_cours_ROS2/ros_ws/install/commande_locale/include/commande_locale/commande_locale/msg/detail/deplacer_piece_msg__type_support.c\n'}
[0.835386] (commande_locale) StdoutLine: {'line': b'-- Up-to-date: /home/user/celluleflexible_en_cours_ROS2/ros_ws/install/commande_locale/include/commande_locale/commande_locale/msg/detail/msg_pin_control__rosidl_typesupport_introspection_c.h\n'}
[0.835405] (commande_locale) StdoutLine: {'line': b'-- Up-to-date: /home/user/celluleflexible_en_cours_ROS2/ros_ws/install/commande_locale/include/commande_locale/commande_locale/msg/detail/deplacer_piece_msg__rosidl_typesupport_introspection_c.h\n'}
[0.835424] (commande_locale) StdoutLine: {'line': b'-- Up-to-date: /home/user/celluleflexible_en_cours_ROS2/ros_ws/install/commande_locale/include/commande_locale/commande_locale/msg/detail/msg_switch_control__rosidl_typesupport_introspection_c.h\n'}
[0.835444] (commande_locale) StdoutLine: {'line': b'-- Up-to-date: /home/user/celluleflexible_en_cours_ROS2/ros_ws/install/commande_locale/include/commande_locale/commande_locale/msg/detail/robot_joints__rosidl_typesupport_introspection_c.h\n'}
[0.835462] (commande_locale) StdoutLine: {'line': b'-- Installing: /home/user/celluleflexible_en_cours_ROS2/ros_ws/install/commande_locale/include/commande_locale/commande_locale/msg/detail/msg_color__type_support.c\n'}
[0.835483] (commande_locale) StdoutLine: {'line': b'-- Installing: /home/user/celluleflexible_en_cours_ROS2/ros_ws/install/commande_locale/include/commande_locale/commande_locale/msg/detail/msg_add_product__type_support.c\n'}
[0.835502] (commande_locale) StdoutLine: {'line': b'-- Installing: /home/user/celluleflexible_en_cours_ROS2/ros_ws/install/commande_locale/include/commande_locale/commande_locale/msg/detail/msg_choix_mode__type_support.c\n'}
[0.835521] (commande_locale) StdoutLine: {'line': b'-- Up-to-date: /home/user/celluleflexible_en_cours_ROS2/ros_ws/install/commande_locale/include/commande_locale/commande_locale/msg/detail/msg_choix_mode__rosidl_typesupport_introspection_c.h\n'}
[0.835540] (commande_locale) StdoutLine: {'line': b'-- Installing: /home/user/celluleflexible_en_cours_ROS2/ros_ws/install/commande_locale/include/commande_locale/commande_locale/msg/detail/robot_joints__type_support.c\n'}
[0.835559] (commande_locale) StdoutLine: {'line': b'-- Installing: /home/user/celluleflexible_en_cours_ROS2/ros_ws/install/commande_locale/include/commande_locale/commande_locale/msg/detail/msg_pin_control__type_support.c\n'}
[0.835579] (commande_locale) StdoutLine: {'line': b'-- Installing: /home/user/celluleflexible_en_cours_ROS2/ros_ws/install/commande_locale/include/commande_locale/commande_locale/msg/detail/msg_erreur__type_support.c\n'}
[0.835598] (commande_locale) StdoutLine: {'line': b'-- Installing: /home/user/celluleflexible_en_cours_ROS2/ros_ws/install/commande_locale/include/commande_locale/commande_locale/msg/detail/tache_finie_msg__type_support.c\n'}
[0.835616] (commande_locale) StdoutLine: {'line': b'-- Up-to-date: /home/user/celluleflexible_en_cours_ROS2/ros_ws/install/commande_locale/include/commande_locale/commande_locale/msg/detail/msg_erreur__rosidl_typesupport_introspection_c.h\n'}
[0.835636] (commande_locale) StdoutLine: {'line': b'-- Up-to-date: /home/user/celluleflexible_en_cours_ROS2/ros_ws/install/commande_locale/include/commande_locale/commande_locale/srv\n'}
[0.835655] (commande_locale) StdoutLine: {'line': b'-- Up-to-date: /home/user/celluleflexible_en_cours_ROS2/ros_ws/install/commande_locale/include/commande_locale/commande_locale/srv/detail\n'}
[0.835673] (commande_locale) StdoutLine: {'line': b'-- Installing: /home/user/celluleflexible_en_cours_ROS2/ros_ws/install/commande_locale/include/commande_locale/commande_locale/srv/detail/srv_add_product_push_back__type_support.c\n'}
[0.835692] (commande_locale) StdoutLine: {'line': b'-- Up-to-date: /home/user/celluleflexible_en_cours_ROS2/ros_ws/install/commande_locale/include/commande_locale/commande_locale/srv/detail/srv_fin_init__type_support.c\n'}
[0.835711] (commande_locale) StdoutLine: {'line': b'-- Up-to-date: /home/user/celluleflexible_en_cours_ROS2/ros_ws/install/commande_locale/include/commande_locale/commande_locale/srv/detail/srv_add_product_push_back__rosidl_typesupport_introspection_c.h\n'}
[0.835731] (commande_locale) StdoutLine: {'line': b'-- Up-to-date: /home/user/celluleflexible_en_cours_ROS2/ros_ws/install/commande_locale/include/commande_locale/commande_locale/srv/detail/srv_fin_init__rosidl_typesupport_introspection_c.h\n'}
[0.835751] (commande_locale) StdoutLine: {'line': b'-- Up-to-date: /home/user/celluleflexible_en_cours_ROS2/ros_ws/install/commande_locale/include/commande_locale/commande_locale/srv/detail/srv_add_product__rosidl_typesupport_introspection_c.h\n'}
[0.835773] (commande_locale) StdoutLine: {'line': b'-- Installing: /home/user/celluleflexible_en_cours_ROS2/ros_ws/install/commande_locale/include/commande_locale/commande_locale/srv/detail/srv_add_product__type_support.c\n'}
[0.835792] (commande_locale) StdoutLine: {'line': b'-- Up-to-date: /home/user/celluleflexible_en_cours_ROS2/ros_ws/install/commande_locale/lib/libcommande_locale__rosidl_typesupport_introspection_c.so\n'}
[0.835811] (commande_locale) StdoutLine: {'line': b'-- Up-to-date: /home/user/celluleflexible_en_cours_ROS2/ros_ws/install/commande_locale/lib/libcommande_locale__rosidl_typesupport_c.so\n'}
[0.835831] (commande_locale) StdoutLine: {'line': b'-- Up-to-date: /home/user/celluleflexible_en_cours_ROS2/ros_ws/install/commande_locale/include/commande_locale/commande_locale\n'}
[0.835850] (commande_locale) StdoutLine: {'line': b'-- Up-to-date: /home/user/celluleflexible_en_cours_ROS2/ros_ws/install/commande_locale/include/commande_locale/commande_locale/msg\n'}
[0.835869] (commande_locale) StdoutLine: {'line': b'-- Up-to-date: /home/user/celluleflexible_en_cours_ROS2/ros_ws/install/commande_locale/include/commande_locale/commande_locale/msg/detail\n'}
[0.835889] (commande_locale) StdoutLine: {'line': b'-- Up-to-date: /home/user/celluleflexible_en_cours_ROS2/ros_ws/install/commande_locale/include/commande_locale/commande_locale/msg/detail/msg_add_product__type_support.cpp\n'}
[0.835908] (commande_locale) StdoutLine: {'line': b'-- Up-to-date: /home/user/celluleflexible_en_cours_ROS2/ros_ws/install/commande_locale/include/commande_locale/commande_locale/msg/detail/msg_switch_control__rosidl_typesupport_introspection_cpp.hpp\n'}
[0.835928] (commande_locale) StdoutLine: {'line': b'-- Up-to-date: /home/user/celluleflexible_en_cours_ROS2/ros_ws/install/commande_locale/include/commande_locale/commande_locale/msg/detail/msg_pin_control__type_support.cpp\n'}
[0.835946] (commande_locale) StdoutLine: {'line': b'-- Up-to-date: /home/user/celluleflexible_en_cours_ROS2/ros_ws/install/commande_locale/include/commande_locale/commande_locale/msg/detail/msg_stop_control__rosidl_typesupport_introspection_cpp.hpp\n'}
[0.835968] (commande_locale) StdoutLine: {'line': b'-- Up-to-date: /home/user/celluleflexible_en_cours_ROS2/ros_ws/install/commande_locale/include/commande_locale/commande_locale/msg/detail/tache_finie_msg__type_support.cpp\n'}
[0.835989] (commande_locale) StdoutLine: {'line': b'-- Up-to-date: /home/user/celluleflexible_en_cours_ROS2/ros_ws/install/commande_locale/include/commande_locale/commande_locale/msg/detail/deplacer_piece_msg__rosidl_typesupport_introspection_cpp.hpp\n'}
[0.836008] (commande_locale) StdoutLine: {'line': b'-- Up-to-date: /home/user/celluleflexible_en_cours_ROS2/ros_ws/install/commande_locale/include/commande_locale/commande_locale/msg/detail/msg_stop_control__type_support.cpp\n'}
[0.836029] (commande_locale) StdoutLine: {'line': b'-- Up-to-date: /home/user/celluleflexible_en_cours_ROS2/ros_ws/install/commande_locale/include/commande_locale/commande_locale/msg/detail/msg_pin_control__rosidl_typesupport_introspection_cpp.hpp\n'}
[0.836049] (commande_locale) StdoutLine: {'line': b'-- Up-to-date: /home/user/celluleflexible_en_cours_ROS2/ros_ws/install/commande_locale/include/commande_locale/commande_locale/msg/detail/msg_erreur__type_support.cpp\n'}
[0.836069] (commande_locale) StdoutLine: {'line': b'-- Up-to-date: /home/user/celluleflexible_en_cours_ROS2/ros_ws/install/commande_locale/include/commande_locale/commande_locale/msg/detail/robot_joints__rosidl_typesupport_introspection_cpp.hpp\n'}
[0.836089] (commande_locale) StdoutLine: {'line': b'-- Up-to-date: /home/user/celluleflexible_en_cours_ROS2/ros_ws/install/commande_locale/include/commande_locale/commande_locale/msg/detail/msg_erreur__rosidl_typesupport_introspection_cpp.hpp\n'}
[0.836108] (commande_locale) StdoutLine: {'line': b'-- Up-to-date: /home/user/celluleflexible_en_cours_ROS2/ros_ws/install/commande_locale/include/commande_locale/commande_locale/msg/detail/msg_choix_mode__type_support.cpp\n'}
[0.836126] (commande_locale) StdoutLine: {'line': b'-- Up-to-date: /home/user/celluleflexible_en_cours_ROS2/ros_ws/install/commande_locale/include/commande_locale/commande_locale/msg/detail/msg_color__rosidl_typesupport_introspection_cpp.hpp\n'}
[0.836144] (commande_locale) StdoutLine: {'line': b'-- Up-to-date: /home/user/celluleflexible_en_cours_ROS2/ros_ws/install/commande_locale/include/commande_locale/commande_locale/msg/detail/msg_choix_mode__rosidl_typesupport_introspection_cpp.hpp\n'}
[0.836163] (commande_locale) StdoutLine: {'line': b'-- Up-to-date: /home/user/celluleflexible_en_cours_ROS2/ros_ws/install/commande_locale/include/commande_locale/commande_locale/msg/detail/deplacer_piece_msg__type_support.cpp\n'}
[0.836182] (commande_locale) StdoutLine: {'line': b'-- Up-to-date: /home/user/celluleflexible_en_cours_ROS2/ros_ws/install/commande_locale/include/commande_locale/commande_locale/msg/detail/msg_switch_control__type_support.cpp\n'}
[0.836219] (commande_locale) StdoutLine: {'line': b'-- Up-to-date: /home/user/celluleflexible_en_cours_ROS2/ros_ws/install/commande_locale/include/commande_locale/commande_locale/msg/detail/robot_joints__type_support.cpp\n'}
[0.836247] (commande_locale) StdoutLine: {'line': b'-- Up-to-date: /home/user/celluleflexible_en_cours_ROS2/ros_ws/install/commande_locale/include/commande_locale/commande_locale/msg/detail/tache_finie_msg__rosidl_typesupport_introspection_cpp.hpp\n'}
[0.836270] (commande_locale) StdoutLine: {'line': b'-- Up-to-date: /home/user/celluleflexible_en_cours_ROS2/ros_ws/install/commande_locale/include/commande_locale/commande_locale/msg/detail/msg_color__type_support.cpp\n'}
[0.836291] (commande_locale) StdoutLine: {'line': b'-- Up-to-date: /home/user/celluleflexible_en_cours_ROS2/ros_ws/install/commande_locale/include/commande_locale/commande_locale/msg/detail/msg_add_product__rosidl_typesupport_introspection_cpp.hpp\n'}
[0.836312] (commande_locale) StdoutLine: {'line': b'-- Up-to-date: /home/user/celluleflexible_en_cours_ROS2/ros_ws/install/commande_locale/include/commande_locale/commande_locale/srv\n'}
[0.836333] (commande_locale) StdoutLine: {'line': b'-- Up-to-date: /home/user/celluleflexible_en_cours_ROS2/ros_ws/install/commande_locale/include/commande_locale/commande_locale/srv/detail\n'}
[0.836353] (commande_locale) StdoutLine: {'line': b'-- Up-to-date: /home/user/celluleflexible_en_cours_ROS2/ros_ws/install/commande_locale/include/commande_locale/commande_locale/srv/detail/srv_add_product_push_back__rosidl_typesupport_introspection_cpp.hpp\n'}
[0.836375] (commande_locale) StdoutLine: {'line': b'-- Up-to-date: /home/user/celluleflexible_en_cours_ROS2/ros_ws/install/commande_locale/include/commande_locale/commande_locale/srv/detail/srv_add_product__type_support.cpp\n'}
[0.836396] (commande_locale) StdoutLine: {'line': b'-- Up-to-date: /home/user/celluleflexible_en_cours_ROS2/ros_ws/install/commande_locale/include/commande_locale/commande_locale/srv/detail/srv_add_product__rosidl_typesupport_introspection_cpp.hpp\n'}
[0.836416] (commande_locale) StdoutLine: {'line': b'-- Up-to-date: /home/user/celluleflexible_en_cours_ROS2/ros_ws/install/commande_locale/include/commande_locale/commande_locale/srv/detail/srv_fin_init__rosidl_typesupport_introspection_cpp.hpp\n'}
[0.836438] (commande_locale) StdoutLine: {'line': b'-- Up-to-date: /home/user/celluleflexible_en_cours_ROS2/ros_ws/install/commande_locale/include/commande_locale/commande_locale/srv/detail/srv_add_product_push_back__type_support.cpp\n'}
[0.836457] (commande_locale) StdoutLine: {'line': b'-- Up-to-date: /home/user/celluleflexible_en_cours_ROS2/ros_ws/install/commande_locale/include/commande_locale/commande_locale/srv/detail/srv_fin_init__type_support.cpp\n'}
[0.836476] (commande_locale) StdoutLine: {'line': b'-- Up-to-date: /home/user/celluleflexible_en_cours_ROS2/ros_ws/install/commande_locale/lib/libcommande_locale__rosidl_typesupport_introspection_cpp.so\n'}
[0.836496] (commande_locale) StdoutLine: {'line': b'-- Up-to-date: /home/user/celluleflexible_en_cours_ROS2/ros_ws/install/commande_locale/lib/libcommande_locale__rosidl_typesupport_cpp.so\n'}
[0.836516] (commande_locale) StdoutLine: {'line': b'-- Up-to-date: /home/user/celluleflexible_en_cours_ROS2/ros_ws/install/commande_locale/share/commande_locale/environment/pythonpath.sh\n'}
[0.836536] (commande_locale) StdoutLine: {'line': b'-- Up-to-date: /home/user/celluleflexible_en_cours_ROS2/ros_ws/install/commande_locale/share/commande_locale/environment/pythonpath.dsv\n'}
[0.836556] (commande_locale) StdoutLine: {'line': b'-- Up-to-date: /home/user/celluleflexible_en_cours_ROS2/ros_ws/install/commande_locale/lib/python3.12/site-packages/commande_locale-3.1.2-py3.12.egg-info\n'}
[0.836576] (commande_locale) StdoutLine: {'line': b'-- Installing: /home/user/celluleflexible_en_cours_ROS2/ros_ws/install/commande_locale/lib/python3.12/site-packages/commande_locale-3.1.2-py3.12.egg-info/SOURCES.txt\n'}
[0.836595] (commande_locale) StdoutLine: {'line': b'-- Installing: /home/user/celluleflexible_en_cours_ROS2/ros_ws/install/commande_locale/lib/python3.12/site-packages/commande_locale-3.1.2-py3.12.egg-info/top_level.txt\n'}
[0.836615] (commande_locale) StdoutLine: {'line': b'-- Installing: /home/user/celluleflexible_en_cours_ROS2/ros_ws/install/commande_locale/lib/python3.12/site-packages/commande_locale-3.1.2-py3.12.egg-info/PKG-INFO\n'}
[0.836634] (commande_locale) StdoutLine: {'line': b'-- Installing: /home/user/celluleflexible_en_cours_ROS2/ros_ws/install/commande_locale/lib/python3.12/site-packages/commande_locale-3.1.2-py3.12.egg-info/dependency_links.txt\n'}
[0.836653] (commande_locale) StdoutLine: {'line': b'-- Up-to-date: /home/user/celluleflexible_en_cours_ROS2/ros_ws/install/commande_locale/lib/python3.12/site-packages/commande_locale\n'}
[0.836672] (commande_locale) StdoutLine: {'line': b'-- Up-to-date: /home/user/celluleflexible_en_cours_ROS2/ros_ws/install/commande_locale/lib/python3.12/site-packages/commande_locale/msg\n'}
[0.836690] (commande_locale) StdoutLine: {'line': b'-- Up-to-date: /home/user/celluleflexible_en_cours_ROS2/ros_ws/install/commande_locale/lib/python3.12/site-packages/commande_locale/msg/_deplacer_piece_msg.py\n'}
[0.836709] (commande_locale) StdoutLine: {'line': b'-- Up-to-date: /home/user/celluleflexible_en_cours_ROS2/ros_ws/install/commande_locale/lib/python3.12/site-packages/commande_locale/msg/_msg_color_s.c\n'}
[0.836728] (commande_locale) StdoutLine: {'line': b'-- Up-to-date: /home/user/celluleflexible_en_cours_ROS2/ros_ws/install/commande_locale/lib/python3.12/site-packages/commande_locale/msg/_tache_finie_msg_s.c\n'}
[0.836748] (commande_locale) StdoutLine: {'line': b'-- Up-to-date: /home/user/celluleflexible_en_cours_ROS2/ros_ws/install/commande_locale/lib/python3.12/site-packages/commande_locale/msg/_msg_color.py\n'}
[0.836767] (commande_locale) StdoutLine: {'line': b'-- Up-to-date: /home/user/celluleflexible_en_cours_ROS2/ros_ws/install/commande_locale/lib/python3.12/site-packages/commande_locale/msg/_msg_stop_control.py\n'}
[0.836785] (commande_locale) StdoutLine: {'line': b'-- Up-to-date: /home/user/celluleflexible_en_cours_ROS2/ros_ws/install/commande_locale/lib/python3.12/site-packages/commande_locale/msg/_msg_erreur.py\n'}
[0.836804] (commande_locale) StdoutLine: {'line': b'-- Up-to-date: /home/user/celluleflexible_en_cours_ROS2/ros_ws/install/commande_locale/lib/python3.12/site-packages/commande_locale/msg/_msg_choix_mode_s.c\n'}
[0.836825] (commande_locale) StdoutLine: {'line': b'-- Up-to-date: /home/user/celluleflexible_en_cours_ROS2/ros_ws/install/commande_locale/lib/python3.12/site-packages/commande_locale/msg/__init__.py\n'}
[0.836844] (commande_locale) StdoutLine: {'line': b'-- Up-to-date: /home/user/celluleflexible_en_cours_ROS2/ros_ws/install/commande_locale/lib/python3.12/site-packages/commande_locale/msg/_msg_add_product_s.c\n'}
[0.836863] (commande_locale) StdoutLine: {'line': b'-- Up-to-date: /home/user/celluleflexible_en_cours_ROS2/ros_ws/install/commande_locale/lib/python3.12/site-packages/commande_locale/msg/_msg_choix_mode.py\n'}
[0.836882] (commande_locale) StdoutLine: {'line': b'-- Up-to-date: /home/user/celluleflexible_en_cours_ROS2/ros_ws/install/commande_locale/lib/python3.12/site-packages/commande_locale/msg/_tache_finie_msg.py\n'}
[0.836901] (commande_locale) StdoutLine: {'line': b'-- Up-to-date: /home/user/celluleflexible_en_cours_ROS2/ros_ws/install/commande_locale/lib/python3.12/site-packages/commande_locale/msg/_msg_switch_control.py\n'}
[0.836921] (commande_locale) StdoutLine: {'line': b'-- Up-to-date: /home/user/celluleflexible_en_cours_ROS2/ros_ws/install/commande_locale/lib/python3.12/site-packages/commande_locale/msg/_msg_stop_control_s.c\n'}
[0.836941] (commande_locale) StdoutLine: {'line': b'-- Up-to-date: /home/user/celluleflexible_en_cours_ROS2/ros_ws/install/commande_locale/lib/python3.12/site-packages/commande_locale/msg/_robot_joints_s.c\n'}
[0.836962] (commande_locale) StdoutLine: {'line': b'-- Up-to-date: /home/user/celluleflexible_en_cours_ROS2/ros_ws/install/commande_locale/lib/python3.12/site-packages/commande_locale/msg/_deplacer_piece_msg_s.c\n'}
[0.836983] (commande_locale) StdoutLine: {'line': b'-- Up-to-date: /home/user/celluleflexible_en_cours_ROS2/ros_ws/install/commande_locale/lib/python3.12/site-packages/commande_locale/msg/_msg_switch_control_s.c\n'}
[0.837002] (commande_locale) StdoutLine: {'line': b'-- Up-to-date: /home/user/celluleflexible_en_cours_ROS2/ros_ws/install/commande_locale/lib/python3.12/site-packages/commande_locale/msg/_msg_pin_control_s.c\n'}
[0.837022] (commande_locale) StdoutLine: {'line': b'-- Up-to-date: /home/user/celluleflexible_en_cours_ROS2/ros_ws/install/commande_locale/lib/python3.12/site-packages/commande_locale/msg/_msg_erreur_s.c\n'}
[0.837041] (commande_locale) StdoutLine: {'line': b'-- Up-to-date: /home/user/celluleflexible_en_cours_ROS2/ros_ws/install/commande_locale/lib/python3.12/site-packages/commande_locale/msg/_msg_pin_control.py\n'}
[0.837059] (commande_locale) StdoutLine: {'line': b'-- Up-to-date: /home/user/celluleflexible_en_cours_ROS2/ros_ws/install/commande_locale/lib/python3.12/site-packages/commande_locale/msg/_robot_joints.py\n'}
[0.837079] (commande_locale) StdoutLine: {'line': b'-- Up-to-date: /home/user/celluleflexible_en_cours_ROS2/ros_ws/install/commande_locale/lib/python3.12/site-packages/commande_locale/msg/_msg_add_product.py\n'}
[0.837098] (commande_locale) StdoutLine: {'line': b'-- Up-to-date: /home/user/celluleflexible_en_cours_ROS2/ros_ws/install/commande_locale/lib/python3.12/site-packages/commande_locale/__init__.py\n'}
[0.837118] (commande_locale) StdoutLine: {'line': b'-- Up-to-date: /home/user/celluleflexible_en_cours_ROS2/ros_ws/install/commande_locale/lib/python3.12/site-packages/commande_locale/_commande_locale_s.ep.rosidl_typesupport_c.c\n'}
[0.837138] (commande_locale) StdoutLine: {'line': b'-- Up-to-date: /home/user/celluleflexible_en_cours_ROS2/ros_ws/install/commande_locale/lib/python3.12/site-packages/commande_locale/commande_locale_s__rosidl_typesupport_c.so\n'}
[0.837157] (commande_locale) StdoutLine: {'line': b'-- Up-to-date: /home/user/celluleflexible_en_cours_ROS2/ros_ws/install/commande_locale/lib/python3.12/site-packages/commande_locale/commande_locale_s__rosidl_typesupport_fastrtps_c.so\n'}
[0.837176] (commande_locale) StdoutLine: {'line': b'-- Up-to-date: /home/user/celluleflexible_en_cours_ROS2/ros_ws/install/commande_locale/lib/python3.12/site-packages/commande_locale/srv\n'}
[0.837195] (commande_locale) StdoutLine: {'line': b'-- Up-to-date: /home/user/celluleflexible_en_cours_ROS2/ros_ws/install/commande_locale/lib/python3.12/site-packages/commande_locale/srv/_srv_add_product.py\n'}
[0.837214] (commande_locale) StdoutLine: {'line': b'-- Up-to-date: /home/user/celluleflexible_en_cours_ROS2/ros_ws/install/commande_locale/lib/python3.12/site-packages/commande_locale/srv/_srv_add_product_push_back.py\n'}
[0.837234] (commande_locale) StdoutLine: {'line': b'-- Up-to-date: /home/user/celluleflexible_en_cours_ROS2/ros_ws/install/commande_locale/lib/python3.12/site-packages/commande_locale/srv/__init__.py\n'}
[0.837253] (commande_locale) StdoutLine: {'line': b'-- Up-to-date: /home/user/celluleflexible_en_cours_ROS2/ros_ws/install/commande_locale/lib/python3.12/site-packages/commande_locale/srv/_srv_add_product_push_back_s.c\n'}
[0.837272] (commande_locale) StdoutLine: {'line': b'-- Up-to-date: /home/user/celluleflexible_en_cours_ROS2/ros_ws/install/commande_locale/lib/python3.12/site-packages/commande_locale/srv/_srv_fin_init.py\n'}
[0.837290] (commande_locale) StdoutLine: {'line': b'-- Up-to-date: /home/user/celluleflexible_en_cours_ROS2/ros_ws/install/commande_locale/lib/python3.12/site-packages/commande_locale/srv/_srv_fin_init_s.c\n'}
[0.837309] (commande_locale) StdoutLine: {'line': b'-- Up-to-date: /home/user/celluleflexible_en_cours_ROS2/ros_ws/install/commande_locale/lib/python3.12/site-packages/commande_locale/srv/_srv_add_product_s.c\n'}
[0.837328] (commande_locale) StdoutLine: {'line': b'-- Up-to-date: /home/user/celluleflexible_en_cours_ROS2/ros_ws/install/commande_locale/lib/python3.12/site-packages/commande_locale/_commande_locale_s.ep.rosidl_typesupport_introspection_c.c\n'}
[0.837347] (commande_locale) StdoutLine: {'line': b'-- Up-to-date: /home/user/celluleflexible_en_cours_ROS2/ros_ws/install/commande_locale/lib/python3.12/site-packages/commande_locale/commande_locale_s__rosidl_typesupport_introspection_c.so\n'}
[0.837366] (commande_locale) StdoutLine: {'line': b'-- Up-to-date: /home/user/celluleflexible_en_cours_ROS2/ros_ws/install/commande_locale/lib/python3.12/site-packages/commande_locale/_commande_locale_s.ep.rosidl_typesupport_fastrtps_c.c\n'}
[0.846163] (shuttles) StdoutLine: {'line': b"Listing '/home/user/celluleflexible_en_cours_ROS2/ros_ws/install/shuttles/lib/python3.12/site-packages/shuttles'...\n"}
[0.846277] (shuttles) StdoutLine: {'line': b"Listing '/home/user/celluleflexible_en_cours_ROS2/ros_ws/install/shuttles/lib/python3.12/site-packages/shuttles/msg'...\n"}
[0.846306] (shuttles) StdoutLine: {'line': b"Listing '/home/user/celluleflexible_en_cours_ROS2/ros_ws/install/shuttles/lib/python3.12/site-packages/shuttles/srv'...\n"}
[0.849652] (shuttles) StdoutLine: {'line': b'-- Up-to-date: /home/user/celluleflexible_en_cours_ROS2/ros_ws/install/shuttles/lib/python3.12/site-packages/shuttles/shuttles_s__rosidl_typesupport_fastrtps_c.so\n'}
[0.850041] (shuttles) StdoutLine: {'line': b'-- Up-to-date: /home/user/celluleflexible_en_cours_ROS2/ros_ws/install/shuttles/lib/python3.12/site-packages/shuttles/shuttles_s__rosidl_typesupport_introspection_c.so\n'}
[0.850107] (shuttles) StdoutLine: {'line': b'-- Up-to-date: /home/user/celluleflexible_en_cours_ROS2/ros_ws/install/shuttles/lib/python3.12/site-packages/shuttles/shuttles_s__rosidl_typesupport_c.so\n'}
[0.850267] (shuttles) StdoutLine: {'line': b'-- Up-to-date: /home/user/celluleflexible_en_cours_ROS2/ros_ws/install/shuttles/lib/libshuttles__rosidl_generator_py.so\n'}
[0.850471] (shuttles) StdoutLine: {'line': b'-- Up-to-date: /home/user/celluleflexible_en_cours_ROS2/ros_ws/install/shuttles/share/shuttles/msg/MsgShuttleChange.idl\n'}
[0.850555] (shuttles) StdoutLine: {'line': b'-- Up-to-date: /home/user/celluleflexible_en_cours_ROS2/ros_ws/install/shuttles/share/shuttles/msg/MsgShuttleCreate.idl\n'}
[0.850650] (shuttles) StdoutLine: {'line': b'-- Up-to-date: /home/user/celluleflexible_en_cours_ROS2/ros_ws/install/shuttles/share/shuttles/msg/MsgErreur.idl\n'}
[0.850770] (shuttles) StdoutLine: {'line': b'-- Up-to-date: /home/user/celluleflexible_en_cours_ROS2/ros_ws/install/shuttles/share/shuttles/srv/ShuttleId.idl\n'}
[0.851126] (shuttles) StdoutLine: {'line': b'-- Up-to-date: /home/user/celluleflexible_en_cours_ROS2/ros_ws/install/shuttles/share/shuttles/msg/MsgShuttleChange.msg\n'}
[0.851301] (shuttles) StdoutLine: {'line': b'-- Up-to-date: /home/user/celluleflexible_en_cours_ROS2/ros_ws/install/shuttles/share/shuttles/msg/MsgShuttleCreate.msg\n'}
[0.851418] (shuttles) StdoutLine: {'line': b'-- Up-to-date: /home/user/celluleflexible_en_cours_ROS2/ros_ws/install/shuttles/share/shuttles/msg/MsgErreur.msg\n'}
[0.851501] (shuttles) StdoutLine: {'line': b'-- Up-to-date: /home/user/celluleflexible_en_cours_ROS2/ros_ws/install/shuttles/share/shuttles/srv/ShuttleId.srv\n'}
[0.851599] (shuttles) StdoutLine: {'line': b'-- Up-to-date: /home/user/celluleflexible_en_cours_ROS2/ros_ws/install/shuttles/lib/shuttles/shuttle_manager\n'}
[0.851674] (shuttles) StdoutLine: {'line': b'-- Up-to-date: /home/user/celluleflexible_en_cours_ROS2/ros_ws/install/shuttles/share/ament_index/resource_index/package_run_dependencies/shuttles\n'}
[0.851764] (shuttles) StdoutLine: {'line': b'-- Up-to-date: /home/user/celluleflexible_en_cours_ROS2/ros_ws/install/shuttles/share/ament_index/resource_index/parent_prefix_path/shuttles\n'}
[0.851833] (shuttles) StdoutLine: {'line': b'-- Up-to-date: /home/user/celluleflexible_en_cours_ROS2/ros_ws/install/shuttles/share/shuttles/environment/ament_prefix_path.sh\n'}
[0.851903] (shuttles) StdoutLine: {'line': b'-- Up-to-date: /home/user/celluleflexible_en_cours_ROS2/ros_ws/install/shuttles/share/shuttles/environment/ament_prefix_path.dsv\n'}
[0.852876] (shuttles) StdoutLine: {'line': b'-- Up-to-date: /home/user/celluleflexible_en_cours_ROS2/ros_ws/install/shuttles/share/shuttles/environment/path.sh\n'}
[0.852916] (shuttles) StdoutLine: {'line': b'-- Up-to-date: /home/user/celluleflexible_en_cours_ROS2/ros_ws/install/shuttles/share/shuttles/environment/path.dsv\n'}
[0.852944] (shuttles) StdoutLine: {'line': b'-- Up-to-date: /home/user/celluleflexible_en_cours_ROS2/ros_ws/install/shuttles/share/shuttles/local_setup.bash\n'}
[0.852970] (shuttles) StdoutLine: {'line': b'-- Up-to-date: /home/user/celluleflexible_en_cours_ROS2/ros_ws/install/shuttles/share/shuttles/local_setup.sh\n'}
[0.852995] (shuttles) StdoutLine: {'line': b'-- Up-to-date: /home/user/celluleflexible_en_cours_ROS2/ros_ws/install/shuttles/share/shuttles/local_setup.zsh\n'}
[0.853020] (shuttles) StdoutLine: {'line': b'-- Up-to-date: /home/user/celluleflexible_en_cours_ROS2/ros_ws/install/shuttles/share/shuttles/local_setup.dsv\n'}
[0.853043] (shuttles) StdoutLine: {'line': b'-- Installing: /home/user/celluleflexible_en_cours_ROS2/ros_ws/install/shuttles/share/shuttles/package.dsv\n'}
[0.853067] (shuttles) StdoutLine: {'line': b'-- Up-to-date: /home/user/celluleflexible_en_cours_ROS2/ros_ws/install/shuttles/share/ament_index/resource_index/packages/shuttles\n'}
[0.853090] (shuttles) StdoutLine: {'line': b'-- Up-to-date: /home/user/celluleflexible_en_cours_ROS2/ros_ws/install/shuttles/share/shuttles/cmake/export_shuttles__rosidl_generator_cExport.cmake\n'}
[0.853118] (shuttles) StdoutLine: {'line': b'-- Up-to-date: /home/user/celluleflexible_en_cours_ROS2/ros_ws/install/shuttles/share/shuttles/cmake/export_shuttles__rosidl_generator_cExport-noconfig.cmake\n'}
[0.853140] (shuttles) StdoutLine: {'line': b'-- Up-to-date: /home/user/celluleflexible_en_cours_ROS2/ros_ws/install/shuttles/share/shuttles/cmake/export_shuttles__rosidl_typesupport_fastrtps_cExport.cmake\n'}
[0.853162] (shuttles) StdoutLine: {'line': b'-- Up-to-date: /home/user/celluleflexible_en_cours_ROS2/ros_ws/install/shuttles/share/shuttles/cmake/export_shuttles__rosidl_typesupport_fastrtps_cExport-noconfig.cmake\n'}
[0.853184] (shuttles) StdoutLine: {'line': b'-- Up-to-date: /home/user/celluleflexible_en_cours_ROS2/ros_ws/install/shuttles/share/shuttles/cmake/export_shuttles__rosidl_generator_cppExport.cmake\n'}
[0.853205] (shuttles) StdoutLine: {'line': b'-- Up-to-date: /home/user/celluleflexible_en_cours_ROS2/ros_ws/install/shuttles/share/shuttles/cmake/export_shuttles__rosidl_typesupport_fastrtps_cppExport.cmake\n'}
[0.853226] (shuttles) StdoutLine: {'line': b'-- Up-to-date: /home/user/celluleflexible_en_cours_ROS2/ros_ws/install/shuttles/share/shuttles/cmake/export_shuttles__rosidl_typesupport_fastrtps_cppExport-noconfig.cmake\n'}
[0.853246] (shuttles) StdoutLine: {'line': b'-- Up-to-date: /home/user/celluleflexible_en_cours_ROS2/ros_ws/install/shuttles/share/shuttles/cmake/shuttles__rosidl_typesupport_introspection_cExport.cmake\n'}
[0.853267] (shuttles) StdoutLine: {'line': b'-- Up-to-date: /home/user/celluleflexible_en_cours_ROS2/ros_ws/install/shuttles/share/shuttles/cmake/shuttles__rosidl_typesupport_introspection_cExport-noconfig.cmake\n'}
[0.853287] (shuttles) StdoutLine: {'line': b'-- Up-to-date: /home/user/celluleflexible_en_cours_ROS2/ros_ws/install/shuttles/share/shuttles/cmake/shuttles__rosidl_typesupport_cExport.cmake\n'}
[0.853341] (shuttles) StdoutLine: {'line': b'-- Up-to-date: /home/user/celluleflexible_en_cours_ROS2/ros_ws/install/shuttles/share/shuttles/cmake/shuttles__rosidl_typesupport_cExport-noconfig.cmake\n'}
[0.853409] (shuttles) StdoutLine: {'line': b'-- Up-to-date: /home/user/celluleflexible_en_cours_ROS2/ros_ws/install/shuttles/share/shuttles/cmake/shuttles__rosidl_typesupport_introspection_cppExport.cmake\n'}
[0.853475] (shuttles) StdoutLine: {'line': b'-- Up-to-date: /home/user/celluleflexible_en_cours_ROS2/ros_ws/install/shuttles/share/shuttles/cmake/shuttles__rosidl_typesupport_introspection_cppExport-noconfig.cmake\n'}
[0.853537] (shuttles) StdoutLine: {'line': b'-- Up-to-date: /home/user/celluleflexible_en_cours_ROS2/ros_ws/install/shuttles/share/shuttles/cmake/shuttles__rosidl_typesupport_cppExport.cmake\n'}
[0.853602] (shuttles) StdoutLine: {'line': b'-- Up-to-date: /home/user/celluleflexible_en_cours_ROS2/ros_ws/install/shuttles/share/shuttles/cmake/shuttles__rosidl_typesupport_cppExport-noconfig.cmake\n'}
[0.853664] (shuttles) StdoutLine: {'line': b'-- Up-to-date: /home/user/celluleflexible_en_cours_ROS2/ros_ws/install/shuttles/share/shuttles/cmake/export_shuttles__rosidl_generator_pyExport.cmake\n'}
[0.853723] (shuttles) StdoutLine: {'line': b'-- Up-to-date: /home/user/celluleflexible_en_cours_ROS2/ros_ws/install/shuttles/share/shuttles/cmake/export_shuttles__rosidl_generator_pyExport-noconfig.cmake\n'}
[0.854387] (shuttles) StdoutLine: {'line': b'-- Up-to-date: /home/user/celluleflexible_en_cours_ROS2/ros_ws/install/shuttles/share/shuttles/cmake/rosidl_cmake-extras.cmake\n'}
[0.854639] (shuttles) StdoutLine: {'line': b'-- Up-to-date: /home/user/celluleflexible_en_cours_ROS2/ros_ws/install/shuttles/share/shuttles/cmake/ament_cmake_export_dependencies-extras.cmake\n'}
[0.854891] (shuttles) StdoutLine: {'line': b'-- Up-to-date: /home/user/celluleflexible_en_cours_ROS2/ros_ws/install/shuttles/share/shuttles/cmake/ament_cmake_export_include_directories-extras.cmake\n'}
[0.855041] (shuttles) StdoutLine: {'line': b'-- Up-to-date: /home/user/celluleflexible_en_cours_ROS2/ros_ws/install/shuttles/share/shuttles/cmake/ament_cmake_export_libraries-extras.cmake\n'}
[0.855360] (shuttles) StdoutLine: {'line': b'-- Up-to-date: /home/user/celluleflexible_en_cours_ROS2/ros_ws/install/shuttles/share/shuttles/cmake/ament_cmake_export_targets-extras.cmake\n'}
[0.855559] (shuttles) StdoutLine: {'line': b'-- Up-to-date: /home/user/celluleflexible_en_cours_ROS2/ros_ws/install/shuttles/share/shuttles/cmake/rosidl_cmake_export_typesupport_targets-extras.cmake\n'}
[0.855699] (shuttles) StdoutLine: {'line': b'-- Up-to-date: /home/user/celluleflexible_en_cours_ROS2/ros_ws/install/shuttles/share/shuttles/cmake/rosidl_cmake_export_typesupport_libraries-extras.cmake\n'}
[0.856167] (shuttles) StdoutLine: {'line': b'-- Up-to-date: /home/user/celluleflexible_en_cours_ROS2/ros_ws/install/shuttles/share/shuttles/cmake/shuttlesConfig.cmake\n'}
[0.856373] (shuttles) StdoutLine: {'line': b'-- Up-to-date: /home/user/celluleflexible_en_cours_ROS2/ros_ws/install/shuttles/share/shuttles/cmake/shuttlesConfig-version.cmake\n'}
[0.856897] (shuttles) StdoutLine: {'line': b'-- Up-to-date: /home/user/celluleflexible_en_cours_ROS2/ros_ws/install/shuttles/share/shuttles/package.xml\n'}
[0.860169] (commande_locale) StdoutLine: {'line': b"Listing '/home/user/celluleflexible_en_cours_ROS2/ros_ws/install/commande_locale/lib/python3.12/site-packages/commande_locale'...\n"}
[0.860419] (commande_locale) StdoutLine: {'line': b"Listing '/home/user/celluleflexible_en_cours_ROS2/ros_ws/install/commande_locale/lib/python3.12/site-packages/commande_locale/msg'...\n"}
[0.860587] (commande_locale) StdoutLine: {'line': b"Listing '/home/user/celluleflexible_en_cours_ROS2/ros_ws/install/commande_locale/lib/python3.12/site-packages/commande_locale/srv'...\n"}
[0.860981] (shuttles) CommandEnded: {'returncode': 0}
[0.865550] (commande_locale) StdoutLine: {'line': b'-- Up-to-date: /home/user/celluleflexible_en_cours_ROS2/ros_ws/install/commande_locale/lib/python3.12/site-packages/commande_locale/commande_locale_s__rosidl_typesupport_fastrtps_c.so\n'}
[0.866718] (commande_locale) StdoutLine: {'line': b'-- Up-to-date: /home/user/celluleflexible_en_cours_ROS2/ros_ws/install/commande_locale/lib/python3.12/site-packages/commande_locale/commande_locale_s__rosidl_typesupport_introspection_c.so\n'}
[0.866990] (commande_locale) StdoutLine: {'line': b'-- Up-to-date: /home/user/celluleflexible_en_cours_ROS2/ros_ws/install/commande_locale/lib/python3.12/site-packages/commande_locale/commande_locale_s__rosidl_typesupport_c.so\n'}
[0.867596] (commande_locale) StdoutLine: {'line': b'-- Up-to-date: /home/user/celluleflexible_en_cours_ROS2/ros_ws/install/commande_locale/lib/libcommande_locale__rosidl_generator_py.so\n'}
[0.867861] (commande_locale) StdoutLine: {'line': b'-- Up-to-date: /home/user/celluleflexible_en_cours_ROS2/ros_ws/install/commande_locale/share/commande_locale/srv/SrvAddProduct.idl\n'}
[0.868100] (commande_locale) StdoutLine: {'line': b'-- Up-to-date: /home/user/celluleflexible_en_cours_ROS2/ros_ws/install/commande_locale/share/commande_locale/srv/SrvFinInit.idl\n'}
[0.868287] (commande_locale) StdoutLine: {'line': b'-- Up-to-date: /home/user/celluleflexible_en_cours_ROS2/ros_ws/install/commande_locale/share/commande_locale/srv/SrvAddProductPushBack.idl\n'}
[0.868863] (commande_locale) StdoutLine: {'line': b'-- Up-to-date: /home/user/celluleflexible_en_cours_ROS2/ros_ws/install/commande_locale/share/commande_locale/msg/MsgAddProduct.idl\n'}
[0.869066] (commande_locale) StdoutLine: {'line': b'-- Up-to-date: /home/user/celluleflexible_en_cours_ROS2/ros_ws/install/commande_locale/share/commande_locale/msg/MsgStopControl.idl\n'}
[0.869335] (commande_locale) StdoutLine: {'line': b'-- Up-to-date: /home/user/celluleflexible_en_cours_ROS2/ros_ws/install/commande_locale/share/commande_locale/msg/MsgColor.idl\n'}
[0.869423] (commande_locale) StdoutLine: {'line': b'-- Up-to-date: /home/user/celluleflexible_en_cours_ROS2/ros_ws/install/commande_locale/share/commande_locale/msg/MsgSwitchControl.idl\n'}
[0.869490] (commande_locale) StdoutLine: {'line': b'-- Up-to-date: /home/user/celluleflexible_en_cours_ROS2/ros_ws/install/commande_locale/share/commande_locale/msg/MsgPinControl.idl\n'}
[0.869565] (commande_locale) StdoutLine: {'line': b'-- Up-to-date: /home/user/celluleflexible_en_cours_ROS2/ros_ws/install/commande_locale/share/commande_locale/msg/MsgErreur.idl\n'}
[0.869649] (commande_locale) StdoutLine: {'line': b'-- Up-to-date: /home/user/celluleflexible_en_cours_ROS2/ros_ws/install/commande_locale/share/commande_locale/msg/RobotJoints.idl\n'}
[0.869715] (commande_locale) StdoutLine: {'line': b'-- Up-to-date: /home/user/celluleflexible_en_cours_ROS2/ros_ws/install/commande_locale/share/commande_locale/msg/TacheFinieMsg.idl\n'}
[0.869783] (commande_locale) StdoutLine: {'line': b'-- Up-to-date: /home/user/celluleflexible_en_cours_ROS2/ros_ws/install/commande_locale/share/commande_locale/msg/DeplacerPieceMsg.idl\n'}
[0.869842] (commande_locale) StdoutLine: {'line': b'-- Up-to-date: /home/user/celluleflexible_en_cours_ROS2/ros_ws/install/commande_locale/share/commande_locale/msg/MsgChoixMode.idl\n'}
[0.869903] (commande_locale) StdoutLine: {'line': b'-- Up-to-date: /home/user/celluleflexible_en_cours_ROS2/ros_ws/install/commande_locale/share/commande_locale/srv/SrvAddProduct.srv\n'}
[0.870063] (commande_locale) StdoutLine: {'line': b'-- Up-to-date: /home/user/celluleflexible_en_cours_ROS2/ros_ws/install/commande_locale/share/commande_locale/srv/SrvFinInit.srv\n'}
[0.870172] (commande_locale) StdoutLine: {'line': b'-- Up-to-date: /home/user/celluleflexible_en_cours_ROS2/ros_ws/install/commande_locale/share/commande_locale/srv/SrvAddProductPushBack.srv\n'}
[0.870260] (commande_locale) StdoutLine: {'line': b'-- Up-to-date: /home/user/celluleflexible_en_cours_ROS2/ros_ws/install/commande_locale/share/commande_locale/msg/MsgAddProduct.msg\n'}
[0.870395] (commande_locale) StdoutLine: {'line': b'-- Up-to-date: /home/user/celluleflexible_en_cours_ROS2/ros_ws/install/commande_locale/share/commande_locale/msg/MsgStopControl.msg\n'}
[0.870463] (commande_locale) StdoutLine: {'line': b'-- Up-to-date: /home/user/celluleflexible_en_cours_ROS2/ros_ws/install/commande_locale/share/commande_locale/msg/MsgColor.msg\n'}
[0.870702] (commande_locale) StdoutLine: {'line': b'-- Up-to-date: /home/user/celluleflexible_en_cours_ROS2/ros_ws/install/commande_locale/share/commande_locale/msg/MsgSwitchControl.msg\n'}
[0.870780] (commande_locale) StdoutLine: {'line': b'-- Up-to-date: /home/user/celluleflexible_en_cours_ROS2/ros_ws/install/commande_locale/share/commande_locale/msg/MsgPinControl.msg\n'}
[0.870845] (commande_locale) StdoutLine: {'line': b'-- Up-to-date: /home/user/celluleflexible_en_cours_ROS2/ros_ws/install/commande_locale/share/commande_locale/msg/MsgErreur.msg\n'}
[0.870909] (commande_locale) StdoutLine: {'line': b'-- Up-to-date: /home/user/celluleflexible_en_cours_ROS2/ros_ws/install/commande_locale/share/commande_locale/msg/RobotJoints.msg\n'}
[0.871117] (commande_locale) StdoutLine: {'line': b'-- Up-to-date: /home/user/celluleflexible_en_cours_ROS2/ros_ws/install/commande_locale/share/commande_locale/msg/TacheFinieMsg.msg\n'}
[0.871185] (commande_locale) StdoutLine: {'line': b'-- Up-to-date: /home/user/celluleflexible_en_cours_ROS2/ros_ws/install/commande_locale/share/commande_locale/msg/DeplacerPieceMsg.msg\n'}
[0.871250] (commande_locale) StdoutLine: {'line': b'-- Up-to-date: /home/user/celluleflexible_en_cours_ROS2/ros_ws/install/commande_locale/share/commande_locale/msg/MsgChoixMode.msg\n'}
[0.871313] (commande_locale) StdoutLine: {'line': b'-- Up-to-date: /home/user/celluleflexible_en_cours_ROS2/ros_ws/install/commande_locale/lib/commande_locale/simulation\n'}
[0.871377] (commande_locale) StdoutLine: {'line': b'-- Up-to-date: /home/user/celluleflexible_en_cours_ROS2/ros_ws/install/commande_locale/share/ament_index/resource_index/package_run_dependencies/commande_locale\n'}
[0.871404] (commande_locale) StdoutLine: {'line': b'-- Up-to-date: /home/user/celluleflexible_en_cours_ROS2/ros_ws/install/commande_locale/share/ament_index/resource_index/parent_prefix_path/commande_locale\n'}
[0.871463] (commande_locale) StdoutLine: {'line': b'-- Up-to-date: /home/user/celluleflexible_en_cours_ROS2/ros_ws/install/commande_locale/share/commande_locale/environment/ament_prefix_path.sh\n'}
[0.871524] (commande_locale) StdoutLine: {'line': b'-- Up-to-date: /home/user/celluleflexible_en_cours_ROS2/ros_ws/install/commande_locale/share/commande_locale/environment/ament_prefix_path.dsv\n'}
[0.871584] (commande_locale) StdoutLine: {'line': b'-- Up-to-date: /home/user/celluleflexible_en_cours_ROS2/ros_ws/install/commande_locale/share/commande_locale/environment/path.sh\n'}
[0.871645] (commande_locale) StdoutLine: {'line': b'-- Up-to-date: /home/user/celluleflexible_en_cours_ROS2/ros_ws/install/commande_locale/share/commande_locale/environment/path.dsv\n'}
[0.871727] (commande_locale) StdoutLine: {'line': b'-- Up-to-date: /home/user/celluleflexible_en_cours_ROS2/ros_ws/install/commande_locale/share/commande_locale/local_setup.bash\n'}
[0.871860] (commande_locale) StdoutLine: {'line': b'-- Up-to-date: /home/user/celluleflexible_en_cours_ROS2/ros_ws/install/commande_locale/share/commande_locale/local_setup.sh\n'}
[0.871929] (commande_locale) StdoutLine: {'line': b'-- Up-to-date: /home/user/celluleflexible_en_cours_ROS2/ros_ws/install/commande_locale/share/commande_locale/local_setup.zsh\n'}
[0.871998] (commande_locale) StdoutLine: {'line': b'-- Up-to-date: /home/user/celluleflexible_en_cours_ROS2/ros_ws/install/commande_locale/share/commande_locale/local_setup.dsv\n'}
[0.872027] (commande_locale) StdoutLine: {'line': b'-- Installing: /home/user/celluleflexible_en_cours_ROS2/ros_ws/install/commande_locale/share/commande_locale/package.dsv\n'}
[0.872090] (commande_locale) StdoutLine: {'line': b'-- Up-to-date: /home/user/celluleflexible_en_cours_ROS2/ros_ws/install/commande_locale/share/ament_index/resource_index/packages/commande_locale\n'}
[0.872116] (commande_locale) StdoutLine: {'line': b'-- Up-to-date: /home/user/celluleflexible_en_cours_ROS2/ros_ws/install/commande_locale/share/commande_locale/cmake/export_commande_locale__rosidl_generator_cExport.cmake\n'}
[0.872141] (commande_locale) StdoutLine: {'line': b'-- Up-to-date: /home/user/celluleflexible_en_cours_ROS2/ros_ws/install/commande_locale/share/commande_locale/cmake/export_commande_locale__rosidl_generator_cExport-noconfig.cmake\n'}
[0.872165] (commande_locale) StdoutLine: {'line': b'-- Up-to-date: /home/user/celluleflexible_en_cours_ROS2/ros_ws/install/commande_locale/share/commande_locale/cmake/export_commande_locale__rosidl_typesupport_fastrtps_cExport.cmake\n'}
[0.872188] (commande_locale) StdoutLine: {'line': b'-- Up-to-date: /home/user/celluleflexible_en_cours_ROS2/ros_ws/install/commande_locale/share/commande_locale/cmake/export_commande_locale__rosidl_typesupport_fastrtps_cExport-noconfig.cmake\n'}
[0.872212] (commande_locale) StdoutLine: {'line': b'-- Up-to-date: /home/user/celluleflexible_en_cours_ROS2/ros_ws/install/commande_locale/share/commande_locale/cmake/export_commande_locale__rosidl_generator_cppExport.cmake\n'}
[0.872269] (commande_locale) StdoutLine: {'line': b'-- Up-to-date: /home/user/celluleflexible_en_cours_ROS2/ros_ws/install/commande_locale/share/commande_locale/cmake/export_commande_locale__rosidl_typesupport_fastrtps_cppExport.cmake\n'}
[0.872297] (commande_locale) StdoutLine: {'line': b'-- Up-to-date: /home/user/celluleflexible_en_cours_ROS2/ros_ws/install/commande_locale/share/commande_locale/cmake/export_commande_locale__rosidl_typesupport_fastrtps_cppExport-noconfig.cmake\n'}
[0.872357] (commande_locale) StdoutLine: {'line': b'-- Up-to-date: /home/user/celluleflexible_en_cours_ROS2/ros_ws/install/commande_locale/share/commande_locale/cmake/commande_locale__rosidl_typesupport_introspection_cExport.cmake\n'}
[0.872420] (commande_locale) StdoutLine: {'line': b'-- Up-to-date: /home/user/celluleflexible_en_cours_ROS2/ros_ws/install/commande_locale/share/commande_locale/cmake/commande_locale__rosidl_typesupport_introspection_cExport-noconfig.cmake\n'}
[0.872478] (commande_locale) StdoutLine: {'line': b'-- Up-to-date: /home/user/celluleflexible_en_cours_ROS2/ros_ws/install/commande_locale/share/commande_locale/cmake/commande_locale__rosidl_typesupport_cExport.cmake\n'}
[0.872541] (commande_locale) StdoutLine: {'line': b'-- Up-to-date: /home/user/celluleflexible_en_cours_ROS2/ros_ws/install/commande_locale/share/commande_locale/cmake/commande_locale__rosidl_typesupport_cExport-noconfig.cmake\n'}
[0.872601] (commande_locale) StdoutLine: {'line': b'-- Up-to-date: /home/user/celluleflexible_en_cours_ROS2/ros_ws/install/commande_locale/share/commande_locale/cmake/commande_locale__rosidl_typesupport_introspection_cppExport.cmake\n'}
[0.872660] (commande_locale) StdoutLine: {'line': b'-- Up-to-date: /home/user/celluleflexible_en_cours_ROS2/ros_ws/install/commande_locale/share/commande_locale/cmake/commande_locale__rosidl_typesupport_introspection_cppExport-noconfig.cmake\n'}
[0.872722] (commande_locale) StdoutLine: {'line': b'-- Up-to-date: /home/user/celluleflexible_en_cours_ROS2/ros_ws/install/commande_locale/share/commande_locale/cmake/commande_locale__rosidl_typesupport_cppExport.cmake\n'}
[0.872750] (commande_locale) StdoutLine: {'line': b'-- Up-to-date: /home/user/celluleflexible_en_cours_ROS2/ros_ws/install/commande_locale/share/commande_locale/cmake/commande_locale__rosidl_typesupport_cppExport-noconfig.cmake\n'}
[0.872773] (commande_locale) StdoutLine: {'line': b'-- Up-to-date: /home/user/celluleflexible_en_cours_ROS2/ros_ws/install/commande_locale/share/commande_locale/cmake/export_commande_locale__rosidl_generator_pyExport.cmake\n'}
[0.872817] (commande_locale) StdoutLine: {'line': b'-- Up-to-date: /home/user/celluleflexible_en_cours_ROS2/ros_ws/install/commande_locale/share/commande_locale/cmake/export_commande_locale__rosidl_generator_pyExport-noconfig.cmake\n'}
[0.872841] (commande_locale) StdoutLine: {'line': b'-- Up-to-date: /home/user/celluleflexible_en_cours_ROS2/ros_ws/install/commande_locale/share/commande_locale/cmake/rosidl_cmake-extras.cmake\n'}
[0.872965] (commande_locale) StdoutLine: {'line': b'-- Up-to-date: /home/user/celluleflexible_en_cours_ROS2/ros_ws/install/commande_locale/share/commande_locale/cmake/ament_cmake_export_dependencies-extras.cmake\n'}
[0.873005] (commande_locale) StdoutLine: {'line': b'-- Up-to-date: /home/user/celluleflexible_en_cours_ROS2/ros_ws/install/commande_locale/share/commande_locale/cmake/ament_cmake_export_include_directories-extras.cmake\n'}
[0.873032] (commande_locale) StdoutLine: {'line': b'-- Up-to-date: /home/user/celluleflexible_en_cours_ROS2/ros_ws/install/commande_locale/share/commande_locale/cmake/ament_cmake_export_libraries-extras.cmake\n'}
[0.873092] (commande_locale) StdoutLine: {'line': b'-- Up-to-date: /home/user/celluleflexible_en_cours_ROS2/ros_ws/install/commande_locale/share/commande_locale/cmake/ament_cmake_export_targets-extras.cmake\n'}
[0.873147] (commande_locale) StdoutLine: {'line': b'-- Up-to-date: /home/user/celluleflexible_en_cours_ROS2/ros_ws/install/commande_locale/share/commande_locale/cmake/rosidl_cmake_export_typesupport_targets-extras.cmake\n'}
[0.873182] (commande_locale) StdoutLine: {'line': b'-- Up-to-date: /home/user/celluleflexible_en_cours_ROS2/ros_ws/install/commande_locale/share/commande_locale/cmake/rosidl_cmake_export_typesupport_libraries-extras.cmake\n'}
[0.873240] (commande_locale) StdoutLine: {'line': b'-- Up-to-date: /home/user/celluleflexible_en_cours_ROS2/ros_ws/install/commande_locale/share/commande_locale/cmake/commande_localeConfig.cmake\n'}
[0.873303] (commande_locale) StdoutLine: {'line': b'-- Up-to-date: /home/user/celluleflexible_en_cours_ROS2/ros_ws/install/commande_locale/share/commande_locale/cmake/commande_localeConfig-version.cmake\n'}
[0.873608] (commande_locale) StdoutLine: {'line': b'-- Up-to-date: /home/user/celluleflexible_en_cours_ROS2/ros_ws/install/commande_locale/share/commande_locale/package.xml\n'}
[0.885412] (shuttles) JobEnded: {'identifier': 'shuttles', 'rc': 0}
[0.888029] (commande_locale) CommandEnded: {'returncode': 0}
[0.904381] (commande_locale) JobEnded: {'identifier': 'commande_locale', 'rc': 0}
[0.904909] (robots) JobStarted: {'identifier': 'robots'}
[0.921258] (robots) JobProgress: {'identifier': 'robots', 'progress': 'cmake'}
[0.922236] (robots) JobProgress: {'identifier': 'robots', 'progress': 'build'}
[0.922259] (robots) Command: {'cmd': ['/usr/bin/cmake', '--build', '/home/user/celluleflexible_en_cours_ROS2/ros_ws/build/robots', '--', '-j8', '-l8'], 'cwd': '/home/user/celluleflexible_en_cours_ROS2/ros_ws/build/robots', 'env': OrderedDict({'LESSOPEN': '| /usr/bin/lesspipe %s', 'USER': 'user', 'XDG_SESSION_TYPE': 'wayland', 'SHLVL': '1', 'LD_LIBRARY_PATH': '/home/user/celluleflexible_en_cours_ROS2/ros_ws/install/shuttles/lib:/home/user/celluleflexible_en_cours_ROS2/ros_ws/install/commande_locale/lib:/home/user/celluleflexible_en_cours_ROS2/ros_ws/install/aiguillages/lib:/home/user/celluleflexible_en_cours_ROS2/ros_ws/install/robots/lib:/opt/ros/jazzy/opt/rviz_ogre_vendor/lib:/opt/ros/jazzy/lib/x86_64-linux-gnu:/opt/ros/jazzy/opt/gz_math_vendor/lib:/opt/ros/jazzy/opt/gz_utils_vendor/lib:/opt/ros/jazzy/opt/gz_cmake_vendor/lib:/opt/ros/jazzy/lib', 'HOME': '/home/user', 'DESKTOP_SESSION': 'ubuntu', 'ROS_PYTHON_VERSION': '3', 'GNOME_SHELL_SESSION_MODE': 'ubuntu', 'GTK_MODULES': 'gail:atk-bridge', 'DBUS_STARTER_BUS_TYPE': 'session', 'SYSTEMD_EXEC_PID': '2240', 'GSM_SKIP_SSH_AGENT_WORKAROUND': 'true', 'DBUS_SESSION_BUS_ADDRESS': 'unix:path=/run/user/1000/bus,guid=6da02ccfb5f5be8b2dc210526992ca6b', 'COLORTERM': 'truecolor', 'DEBUGINFOD_URLS': 'https://debuginfod.ubuntu.com', 'IM_CONFIG_PHASE': '1', 'WAYLAND_DISPLAY': 'wayland-0', 'COLCON_PREFIX_PATH': '/home/user/celluleflexible_en_cours_ROS2/ros_ws/install', 'ROS_DISTRO': 'jazzy', 'LOGNAME': 'user', '_': '/usr/bin/colcon', 'ROS_VERSION': '2', 'MEMORY_PRESSURE_WATCH': '/sys/fs/cgroup/user.slice/user-1000.slice/user@1000.service/app.slice/app-gnome\\x2dsession\\x2dmanager.slice/gnome-session-manager@ubuntu.service/memory.pressure', 'XDG_SESSION_CLASS': 'user', 'USERNAME': 'user', 'TERM': 'xterm-256color', 'GNOME_DESKTOP_SESSION_ID': 'this-is-deprecated', 'PATH': '/opt/ros/jazzy/bin:/usr/local/sbin:/usr/local/bin:/usr/sbin:/usr/bin:/sbin:/bin:/usr/games:/usr/local/games:/snap/bin:/snap/bin', 'SESSION_MANAGER': 'local/Ubuntu:@/tmp/.ICE-unix/2240,unix/Ubuntu:/tmp/.ICE-unix/2240', 'XDG_MENU_PREFIX': 'gnome-', 'GNOME_TERMINAL_SCREEN': '/org/gnome/Terminal/screen/c7962f18_f474_48af_ace3_a3479f78beab', 'GNOME_SETUP_DISPLAY': ':1', 'XDG_RUNTIME_DIR': '/run/user/1000', 'DISPLAY': ':0', 'LANG': 'en_US.UTF-8', 'XDG_CURRENT_DESKTOP': 'ubuntu:GNOME', 'XMODIFIERS': '@im=ibus', 'XDG_SESSION_DESKTOP': 'ubuntu', 'XAUTHORITY': '/run/user/1000/.mutter-Xwaylandauth.HCD1K3', 'LS_COLORS': 'rs=0:di=01;34:ln=01;36:mh=00:pi=40;33:so=01;35:do=01;35:bd=40;33;01:cd=40;33;01:or=40;31;01:mi=00:su=37;41:sg=30;43:ca=00:tw=30;42:ow=34;42:st=37;44:ex=01;32:*.tar=01;31:*.tgz=01;31:*.arc=01;31:*.arj=01;31:*.taz=01;31:*.lha=01;31:*.lz4=01;31:*.lzh=01;31:*.lzma=01;31:*.tlz=01;31:*.txz=01;31:*.tzo=01;31:*.t7z=01;31:*.zip=01;31:*.z=01;31:*.dz=01;31:*.gz=01;31:*.lrz=01;31:*.lz=01;31:*.lzo=01;31:*.xz=01;31:*.zst=01;31:*.tzst=01;31:*.bz2=01;31:*.bz=01;31:*.tbz=01;31:*.tbz2=01;31:*.tz=01;31:*.deb=01;31:*.rpm=01;31:*.jar=01;31:*.war=01;31:*.ear=01;31:*.sar=01;31:*.rar=01;31:*.alz=01;31:*.ace=01;31:*.zoo=01;31:*.cpio=01;31:*.7z=01;31:*.rz=01;31:*.cab=01;31:*.wim=01;31:*.swm=01;31:*.dwm=01;31:*.esd=01;31:*.avif=01;35:*.jpg=01;35:*.jpeg=01;35:*.mjpg=01;35:*.mjpeg=01;35:*.gif=01;35:*.bmp=01;35:*.pbm=01;35:*.pgm=01;35:*.ppm=01;35:*.tga=01;35:*.xbm=01;35:*.xpm=01;35:*.tif=01;35:*.tiff=01;35:*.png=01;35:*.svg=01;35:*.svgz=01;35:*.mng=01;35:*.pcx=01;35:*.mov=01;35:*.mpg=01;35:*.mpeg=01;35:*.m2v=01;35:*.mkv=01;35:*.webm=01;35:*.webp=01;35:*.ogm=01;35:*.mp4=01;35:*.m4v=01;35:*.mp4v=01;35:*.vob=01;35:*.qt=01;35:*.nuv=01;35:*.wmv=01;35:*.asf=01;35:*.rm=01;35:*.rmvb=01;35:*.flc=01;35:*.avi=01;35:*.fli=01;35:*.flv=01;35:*.gl=01;35:*.dl=01;35:*.xcf=01;35:*.xwd=01;35:*.yuv=01;35:*.cgm=01;35:*.emf=01;35:*.ogv=01;35:*.ogx=01;35:*.aac=00;36:*.au=00;36:*.flac=00;36:*.m4a=00;36:*.mid=00;36:*.midi=00;36:*.mka=00;36:*.mp3=00;36:*.mpc=00;36:*.ogg=00;36:*.ra=00;36:*.wav=00;36:*.oga=00;36:*.opus=00;36:*.spx=00;36:*.xspf=00;36:*~=00;90:*#=00;90:*.bak=00;90:*.crdownload=00;90:*.dpkg-dist=00;90:*.dpkg-new=00;90:*.dpkg-old=00;90:*.dpkg-tmp=00;90:*.old=00;90:*.orig=00;90:*.part=00;90:*.rej=00;90:*.rpmnew=00;90:*.rpmorig=00;90:*.rpmsave=00;90:*.swp=00;90:*.tmp=00;90:*.ucf-dist=00;90:*.ucf-new=00;90:*.ucf-old=00;90:', 'GNOME_TERMINAL_SERVICE': ':1.781', 'SSH_AUTH_SOCK': '/run/user/1000/keyring/ssh', 'AMENT_PREFIX_PATH': '/home/user/celluleflexible_en_cours_ROS2/ros_ws/install/shuttles:/home/user/celluleflexible_en_cours_ROS2/ros_ws/install/robots:/home/user/celluleflexible_en_cours_ROS2/ros_ws/install/commande_locale:/home/user/celluleflexible_en_cours_ROS2/ros_ws/install/aiguillages:/opt/ros/jazzy', 'SHELL': '/bin/bash', 'QT_ACCESSIBILITY': '1', 'GDMSESSION': 'ubuntu', 'LESSCLOSE': '/usr/bin/lesspipe %s %s', 'ROS_AUTOMATIC_DISCOVERY_RANGE': 'SUBNET', 'QT_IM_MODULE': 'ibus', 'PWD': '/home/user/celluleflexible_en_cours_ROS2/ros_ws/build/robots', 'LC_ALL': 'en_US.UTF-8', 'XDG_CONFIG_DIRS': '/etc/xdg/xdg-ubuntu:/etc/xdg', 'DBUS_STARTER_ADDRESS': 'unix:path=/run/user/1000/bus,guid=6da02ccfb5f5be8b2dc210526992ca6b', 'XDG_DATA_DIRS': '/usr/share/ubuntu:/usr/share/gnome:/usr/local/share/:/usr/share/:/var/lib/snapd/desktop', 'PYTHONPATH': '/home/user/celluleflexible_en_cours_ROS2/ros_ws/install/shuttles/lib/python3.12/site-packages:/home/user/celluleflexible_en_cours_ROS2/ros_ws/install/commande_locale/lib/python3.12/site-packages:/home/user/celluleflexible_en_cours_ROS2/ros_ws/install/aiguillages/lib/python3.12/site-packages:/home/user/celluleflexible_en_cours_ROS2/ros_ws/install/robots/lib/python3.12/site-packages:/opt/ros/jazzy/lib/python3.12/site-packages', 'COLCON': '1', 'MEMORY_PRESSURE_WRITE': 'c29tZSAyMDAwMDAgMjAwMDAwMAA=', 'VTE_VERSION': '7600', 'CMAKE_PREFIX_PATH': '/home/user/celluleflexible_en_cours_ROS2/ros_ws/install/shuttles:/home/user/celluleflexible_en_cours_ROS2/ros_ws/install/commande_locale:/home/user/celluleflexible_en_cours_ROS2/ros_ws/install/aiguillages:/home/user/celluleflexible_en_cours_ROS2/ros_ws/install/robots:/opt/ros/jazzy/opt/gz_math_vendor:/opt/ros/jazzy/opt/gz_utils_vendor:/opt/ros/jazzy/opt/gz_cmake_vendor:/opt/ros/jazzy'}), 'shell': False}
[0.924470] (-) TimerEvent: {}
[0.977524] (robots) StdoutLine: {'line': b'[  1%] Built target robots__rosidl_generator_type_description\n'}
[0.984413] (robots) StdoutLine: {'line': b'[  1%] Built target ament_cmake_python_copy_robots\n'}
[0.998835] (robots) StdoutLine: {'line': b'[  3%] Built target robots__cpp\n'}
[0.999976] (robots) StdoutLine: {'line': b'[ 22%] Built target robots__rosidl_generator_c\n'}
[1.027526] (-) TimerEvent: {}
[1.039795] (robots) StdoutLine: {'line': b'[ 31%] Built target robots__rosidl_typesupport_cpp\n'}
[1.046313] (robots) StdoutLine: {'line': b'[ 55%] Built target robots__rosidl_typesupport_fastrtps_cpp\n'}
[1.046389] (robots) StdoutLine: {'line': b'[ 63%] Built target robots__rosidl_typesupport_c\n'}
[1.046426] (robots) StdoutLine: {'line': b'[ 55%] Built target robots__rosidl_typesupport_fastrtps_c\n'}
[1.046515] (robots) StdoutLine: {'line': b'[ 72%] Built target robots__rosidl_typesupport_introspection_c\n'}
[1.046558] (robots) StdoutLine: {'line': b'[ 74%] Built target robots__rosidl_typesupport_introspection_cpp\n'}
[1.074999] (robots) StdoutLine: {'line': b'[ 74%] Built target robots\n'}
[1.095545] (robots) StdoutLine: {'line': b'[ 75%] Built target robots__py\n'}
[1.105151] (robots) StdoutLine: {'line': b'[ 77%] \x1b[32mBuilding CXX object CMakeFiles/robot.dir/src/main_robot.cpp.o\x1b[0m\n'}
[1.105334] (robots) StdoutLine: {'line': b'[ 79%] \x1b[32mBuilding CXX object CMakeFiles/robot.dir/src/Robot.cpp.o\x1b[0m\n'}
[1.118622] (robots) StdoutLine: {'line': b'[ 86%] Built target robots__rosidl_generator_py\n'}
[1.132581] (-) TimerEvent: {}
[1.147090] (robots) StdoutLine: {'line': b'[ 89%] Built target robots_s__rosidl_typesupport_fastrtps_c\n'}
[1.156094] (robots) StdoutLine: {'line': b'[ 93%] Built target robots_s__rosidl_typesupport_introspection_c\n'}
[1.156217] (robots) StdoutLine: {'line': b'[ 96%] Built target robots_s__rosidl_typesupport_c\n'}
[1.160401] (robots) StdoutLine: {'line': b'running egg_info\n'}
[1.170508] (robots) StdoutLine: {'line': b'writing robots.egg-info/PKG-INFO\n'}
[1.170849] (robots) StdoutLine: {'line': b'writing dependency_links to robots.egg-info/dependency_links.txt\n'}
[1.171161] (robots) StdoutLine: {'line': b'writing top-level names to robots.egg-info/top_level.txt\n'}
[1.195364] (robots) StdoutLine: {'line': b"reading manifest file 'robots.egg-info/SOURCES.txt'\n"}
[1.195746] (robots) StdoutLine: {'line': b"writing manifest file 'robots.egg-info/SOURCES.txt'\n"}
[1.219243] (robots) StdoutLine: {'line': b'[ 96%] Built target ament_cmake_python_build_robots_egg\n'}
[1.232873] (-) TimerEvent: {}
[9.134540] (-) TimerEvent: {}
[15.568765] (-) TimerEvent: {}
[15.739133] (-) TimerEvent: {}
[15.855385] (-) TimerEvent: {}
[16.337115] (-) TimerEvent: {}
[16.648941] (-) TimerEvent: {}
[17.162970] (-) TimerEvent: {}
[17.272661] (-) TimerEvent: {}
[17.340244] (robots) StdoutLine: {'line': b'[ 98%] \x1b[32m\x1b[1mLinking CXX executable robot\x1b[0m\n'}
[17.373269] (-) TimerEvent: {}
[17.477850] (-) TimerEvent: {}
[17.582193] (-) TimerEvent: {}
[17.794969] (-) TimerEvent: {}
[18.111309] (robots) StdoutLine: {'line': b'[100%] Built target robot\n'}
[18.111614] (-) TimerEvent: {}
[18.125609] (robots) CommandEnded: {'returncode': 0}
[18.126211] (robots) JobProgress: {'identifier': 'robots', 'progress': 'install'}
[18.126670] (robots) Command: {'cmd': ['/usr/bin/cmake', '--install', '/home/user/celluleflexible_en_cours_ROS2/ros_ws/build/robots'], 'cwd': '/home/user/celluleflexible_en_cours_ROS2/ros_ws/build/robots', 'env': OrderedDict({'LESSOPEN': '| /usr/bin/lesspipe %s', 'USER': 'user', 'XDG_SESSION_TYPE': 'wayland', 'SHLVL': '1', 'LD_LIBRARY_PATH': '/home/user/celluleflexible_en_cours_ROS2/ros_ws/install/shuttles/lib:/home/user/celluleflexible_en_cours_ROS2/ros_ws/install/commande_locale/lib:/home/user/celluleflexible_en_cours_ROS2/ros_ws/install/aiguillages/lib:/home/user/celluleflexible_en_cours_ROS2/ros_ws/install/robots/lib:/opt/ros/jazzy/opt/rviz_ogre_vendor/lib:/opt/ros/jazzy/lib/x86_64-linux-gnu:/opt/ros/jazzy/opt/gz_math_vendor/lib:/opt/ros/jazzy/opt/gz_utils_vendor/lib:/opt/ros/jazzy/opt/gz_cmake_vendor/lib:/opt/ros/jazzy/lib', 'HOME': '/home/user', 'DESKTOP_SESSION': 'ubuntu', 'ROS_PYTHON_VERSION': '3', 'GNOME_SHELL_SESSION_MODE': 'ubuntu', 'GTK_MODULES': 'gail:atk-bridge', 'DBUS_STARTER_BUS_TYPE': 'session', 'SYSTEMD_EXEC_PID': '2240', 'GSM_SKIP_SSH_AGENT_WORKAROUND': 'true', 'DBUS_SESSION_BUS_ADDRESS': 'unix:path=/run/user/1000/bus,guid=6da02ccfb5f5be8b2dc210526992ca6b', 'COLORTERM': 'truecolor', 'DEBUGINFOD_URLS': 'https://debuginfod.ubuntu.com', 'IM_CONFIG_PHASE': '1', 'WAYLAND_DISPLAY': 'wayland-0', 'COLCON_PREFIX_PATH': '/home/user/celluleflexible_en_cours_ROS2/ros_ws/install', 'ROS_DISTRO': 'jazzy', 'LOGNAME': 'user', '_': '/usr/bin/colcon', 'ROS_VERSION': '2', 'MEMORY_PRESSURE_WATCH': '/sys/fs/cgroup/user.slice/user-1000.slice/user@1000.service/app.slice/app-gnome\\x2dsession\\x2dmanager.slice/gnome-session-manager@ubuntu.service/memory.pressure', 'XDG_SESSION_CLASS': 'user', 'USERNAME': 'user', 'TERM': 'xterm-256color', 'GNOME_DESKTOP_SESSION_ID': 'this-is-deprecated', 'PATH': '/opt/ros/jazzy/bin:/usr/local/sbin:/usr/local/bin:/usr/sbin:/usr/bin:/sbin:/bin:/usr/games:/usr/local/games:/snap/bin:/snap/bin', 'SESSION_MANAGER': 'local/Ubuntu:@/tmp/.ICE-unix/2240,unix/Ubuntu:/tmp/.ICE-unix/2240', 'XDG_MENU_PREFIX': 'gnome-', 'GNOME_TERMINAL_SCREEN': '/org/gnome/Terminal/screen/c7962f18_f474_48af_ace3_a3479f78beab', 'GNOME_SETUP_DISPLAY': ':1', 'XDG_RUNTIME_DIR': '/run/user/1000', 'DISPLAY': ':0', 'LANG': 'en_US.UTF-8', 'XDG_CURRENT_DESKTOP': 'ubuntu:GNOME', 'XMODIFIERS': '@im=ibus', 'XDG_SESSION_DESKTOP': 'ubuntu', 'XAUTHORITY': '/run/user/1000/.mutter-Xwaylandauth.HCD1K3', 'LS_COLORS': 'rs=0:di=01;34:ln=01;36:mh=00:pi=40;33:so=01;35:do=01;35:bd=40;33;01:cd=40;33;01:or=40;31;01:mi=00:su=37;41:sg=30;43:ca=00:tw=30;42:ow=34;42:st=37;44:ex=01;32:*.tar=01;31:*.tgz=01;31:*.arc=01;31:*.arj=01;31:*.taz=01;31:*.lha=01;31:*.lz4=01;31:*.lzh=01;31:*.lzma=01;31:*.tlz=01;31:*.txz=01;31:*.tzo=01;31:*.t7z=01;31:*.zip=01;31:*.z=01;31:*.dz=01;31:*.gz=01;31:*.lrz=01;31:*.lz=01;31:*.lzo=01;31:*.xz=01;31:*.zst=01;31:*.tzst=01;31:*.bz2=01;31:*.bz=01;31:*.tbz=01;31:*.tbz2=01;31:*.tz=01;31:*.deb=01;31:*.rpm=01;31:*.jar=01;31:*.war=01;31:*.ear=01;31:*.sar=01;31:*.rar=01;31:*.alz=01;31:*.ace=01;31:*.zoo=01;31:*.cpio=01;31:*.7z=01;31:*.rz=01;31:*.cab=01;31:*.wim=01;31:*.swm=01;31:*.dwm=01;31:*.esd=01;31:*.avif=01;35:*.jpg=01;35:*.jpeg=01;35:*.mjpg=01;35:*.mjpeg=01;35:*.gif=01;35:*.bmp=01;35:*.pbm=01;35:*.pgm=01;35:*.ppm=01;35:*.tga=01;35:*.xbm=01;35:*.xpm=01;35:*.tif=01;35:*.tiff=01;35:*.png=01;35:*.svg=01;35:*.svgz=01;35:*.mng=01;35:*.pcx=01;35:*.mov=01;35:*.mpg=01;35:*.mpeg=01;35:*.m2v=01;35:*.mkv=01;35:*.webm=01;35:*.webp=01;35:*.ogm=01;35:*.mp4=01;35:*.m4v=01;35:*.mp4v=01;35:*.vob=01;35:*.qt=01;35:*.nuv=01;35:*.wmv=01;35:*.asf=01;35:*.rm=01;35:*.rmvb=01;35:*.flc=01;35:*.avi=01;35:*.fli=01;35:*.flv=01;35:*.gl=01;35:*.dl=01;35:*.xcf=01;35:*.xwd=01;35:*.yuv=01;35:*.cgm=01;35:*.emf=01;35:*.ogv=01;35:*.ogx=01;35:*.aac=00;36:*.au=00;36:*.flac=00;36:*.m4a=00;36:*.mid=00;36:*.midi=00;36:*.mka=00;36:*.mp3=00;36:*.mpc=00;36:*.ogg=00;36:*.ra=00;36:*.wav=00;36:*.oga=00;36:*.opus=00;36:*.spx=00;36:*.xspf=00;36:*~=00;90:*#=00;90:*.bak=00;90:*.crdownload=00;90:*.dpkg-dist=00;90:*.dpkg-new=00;90:*.dpkg-old=00;90:*.dpkg-tmp=00;90:*.old=00;90:*.orig=00;90:*.part=00;90:*.rej=00;90:*.rpmnew=00;90:*.rpmorig=00;90:*.rpmsave=00;90:*.swp=00;90:*.tmp=00;90:*.ucf-dist=00;90:*.ucf-new=00;90:*.ucf-old=00;90:', 'GNOME_TERMINAL_SERVICE': ':1.781', 'SSH_AUTH_SOCK': '/run/user/1000/keyring/ssh', 'AMENT_PREFIX_PATH': '/home/user/celluleflexible_en_cours_ROS2/ros_ws/install/shuttles:/home/user/celluleflexible_en_cours_ROS2/ros_ws/install/robots:/home/user/celluleflexible_en_cours_ROS2/ros_ws/install/commande_locale:/home/user/celluleflexible_en_cours_ROS2/ros_ws/install/aiguillages:/opt/ros/jazzy', 'SHELL': '/bin/bash', 'QT_ACCESSIBILITY': '1', 'GDMSESSION': 'ubuntu', 'LESSCLOSE': '/usr/bin/lesspipe %s %s', 'ROS_AUTOMATIC_DISCOVERY_RANGE': 'SUBNET', 'QT_IM_MODULE': 'ibus', 'PWD': '/home/user/celluleflexible_en_cours_ROS2/ros_ws/build/robots', 'LC_ALL': 'en_US.UTF-8', 'XDG_CONFIG_DIRS': '/etc/xdg/xdg-ubuntu:/etc/xdg', 'DBUS_STARTER_ADDRESS': 'unix:path=/run/user/1000/bus,guid=6da02ccfb5f5be8b2dc210526992ca6b', 'XDG_DATA_DIRS': '/usr/share/ubuntu:/usr/share/gnome:/usr/local/share/:/usr/share/:/var/lib/snapd/desktop', 'PYTHONPATH': '/home/user/celluleflexible_en_cours_ROS2/ros_ws/install/shuttles/lib/python3.12/site-packages:/home/user/celluleflexible_en_cours_ROS2/ros_ws/install/commande_locale/lib/python3.12/site-packages:/home/user/celluleflexible_en_cours_ROS2/ros_ws/install/aiguillages/lib/python3.12/site-packages:/home/user/celluleflexible_en_cours_ROS2/ros_ws/install/robots/lib/python3.12/site-packages:/opt/ros/jazzy/lib/python3.12/site-packages', 'COLCON': '1', 'MEMORY_PRESSURE_WRITE': 'c29tZSAyMDAwMDAgMjAwMDAwMAA=', 'VTE_VERSION': '7600', 'CMAKE_PREFIX_PATH': '/home/user/celluleflexible_en_cours_ROS2/ros_ws/install/shuttles:/home/user/celluleflexible_en_cours_ROS2/ros_ws/install/commande_locale:/home/user/celluleflexible_en_cours_ROS2/ros_ws/install/aiguillages:/home/user/celluleflexible_en_cours_ROS2/ros_ws/install/robots:/opt/ros/jazzy/opt/gz_math_vendor:/opt/ros/jazzy/opt/gz_utils_vendor:/opt/ros/jazzy/opt/gz_cmake_vendor:/opt/ros/jazzy'}), 'shell': False}
[18.134724] (robots) StdoutLine: {'line': b'-- Install configuration: ""\n'}
[18.134907] (robots) StdoutLine: {'line': b'-- Up-to-date: /home/user/celluleflexible_en_cours_ROS2/ros_ws/install/robots/share/ament_index/resource_index/rosidl_interfaces/robots\n'}
[18.134986] (robots) StdoutLine: {'line': b'-- Up-to-date: /home/user/celluleflexible_en_cours_ROS2/ros_ws/install/robots/share/robots/msg/MoveRobot.json\n'}
[18.135019] (robots) StdoutLine: {'line': b'-- Up-to-date: /home/user/celluleflexible_en_cours_ROS2/ros_ws/install/robots/share/robots/msg/FaireTacheMsg.json\n'}
[18.135045] (robots) StdoutLine: {'line': b'-- Up-to-date: /home/user/celluleflexible_en_cours_ROS2/ros_ws/install/robots/share/robots/msg/MsgNumRobot.json\n'}
[18.135075] (robots) StdoutLine: {'line': b'-- Up-to-date: /home/user/celluleflexible_en_cours_ROS2/ros_ws/install/robots/include/robots/robots\n'}
[18.135098] (robots) StdoutLine: {'line': b'-- Up-to-date: /home/user/celluleflexible_en_cours_ROS2/ros_ws/install/robots/include/robots/robots/msg\n'}
[18.135120] (robots) StdoutLine: {'line': b'-- Up-to-date: /home/user/celluleflexible_en_cours_ROS2/ros_ws/install/robots/include/robots/robots/msg/move_robot.h\n'}
[18.135142] (robots) StdoutLine: {'line': b'-- Up-to-date: /home/user/celluleflexible_en_cours_ROS2/ros_ws/install/robots/include/robots/robots/msg/rosidl_generator_c__visibility_control.h\n'}
[18.135165] (robots) StdoutLine: {'line': b'-- Up-to-date: /home/user/celluleflexible_en_cours_ROS2/ros_ws/install/robots/include/robots/robots/msg/faire_tache_msg.h\n'}
[18.135187] (robots) StdoutLine: {'line': b'-- Up-to-date: /home/user/celluleflexible_en_cours_ROS2/ros_ws/install/robots/include/robots/robots/msg/msg_num_robot.h\n'}
[18.135209] (robots) StdoutLine: {'line': b'-- Up-to-date: /home/user/celluleflexible_en_cours_ROS2/ros_ws/install/robots/include/robots/robots/msg/detail\n'}
[18.135230] (robots) StdoutLine: {'line': b'-- Up-to-date: /home/user/celluleflexible_en_cours_ROS2/ros_ws/install/robots/include/robots/robots/msg/detail/move_robot__functions.c\n'}
[18.135253] (robots) StdoutLine: {'line': b'-- Up-to-date: /home/user/celluleflexible_en_cours_ROS2/ros_ws/install/robots/include/robots/robots/msg/detail/faire_tache_msg__type_support.h\n'}
[18.135274] (robots) StdoutLine: {'line': b'-- Up-to-date: /home/user/celluleflexible_en_cours_ROS2/ros_ws/install/robots/include/robots/robots/msg/detail/msg_num_robot__description.c\n'}
[18.135296] (robots) StdoutLine: {'line': b'-- Up-to-date: /home/user/celluleflexible_en_cours_ROS2/ros_ws/install/robots/include/robots/robots/msg/detail/move_robot__struct.h\n'}
[18.135317] (robots) StdoutLine: {'line': b'-- Up-to-date: /home/user/celluleflexible_en_cours_ROS2/ros_ws/install/robots/include/robots/robots/msg/detail/faire_tache_msg__functions.c\n'}
[18.135377] (robots) StdoutLine: {'line': b'-- Up-to-date: /home/user/celluleflexible_en_cours_ROS2/ros_ws/install/robots/include/robots/robots/msg/detail/move_robot__type_support.h\n'}
[18.135405] (robots) StdoutLine: {'line': b'-- Up-to-date: /home/user/celluleflexible_en_cours_ROS2/ros_ws/install/robots/include/robots/robots/msg/detail/msg_num_robot__type_support.c\n'}
[18.135429] (robots) StdoutLine: {'line': b'-- Up-to-date: /home/user/celluleflexible_en_cours_ROS2/ros_ws/install/robots/include/robots/robots/msg/detail/faire_tache_msg__description.c\n'}
[18.135451] (robots) StdoutLine: {'line': b'-- Up-to-date: /home/user/celluleflexible_en_cours_ROS2/ros_ws/install/robots/include/robots/robots/msg/detail/faire_tache_msg__struct.h\n'}
[18.135511] (robots) StdoutLine: {'line': b'-- Up-to-date: /home/user/celluleflexible_en_cours_ROS2/ros_ws/install/robots/include/robots/robots/msg/detail/msg_num_robot__functions.h\n'}
[18.135538] (robots) StdoutLine: {'line': b'-- Up-to-date: /home/user/celluleflexible_en_cours_ROS2/ros_ws/install/robots/include/robots/robots/msg/detail/move_robot__type_support.c\n'}
[18.135566] (robots) StdoutLine: {'line': b'-- Up-to-date: /home/user/celluleflexible_en_cours_ROS2/ros_ws/install/robots/include/robots/robots/msg/detail/msg_num_robot__struct.h\n'}
[18.135975] (robots) StdoutLine: {'line': b'-- Up-to-date: /home/user/celluleflexible_en_cours_ROS2/ros_ws/install/robots/include/robots/robots/msg/detail/msg_num_robot__type_support.h\n'}
[18.136013] (robots) StdoutLine: {'line': b'-- Up-to-date: /home/user/celluleflexible_en_cours_ROS2/ros_ws/install/robots/include/robots/robots/msg/detail/faire_tache_msg__type_support.c\n'}
[18.136039] (robots) StdoutLine: {'line': b'-- Up-to-date: /home/user/celluleflexible_en_cours_ROS2/ros_ws/install/robots/include/robots/robots/msg/detail/msg_num_robot__functions.c\n'}
[18.136061] (robots) StdoutLine: {'line': b'-- Up-to-date: /home/user/celluleflexible_en_cours_ROS2/ros_ws/install/robots/include/robots/robots/msg/detail/move_robot__description.c\n'}
[18.136086] (robots) StdoutLine: {'line': b'-- Up-to-date: /home/user/celluleflexible_en_cours_ROS2/ros_ws/install/robots/include/robots/robots/msg/detail/move_robot__functions.h\n'}
[18.136107] (robots) StdoutLine: {'line': b'-- Up-to-date: /home/user/celluleflexible_en_cours_ROS2/ros_ws/install/robots/include/robots/robots/msg/detail/faire_tache_msg__functions.h\n'}
[18.136129] (robots) StdoutLine: {'line': b'-- Up-to-date: /home/user/celluleflexible_en_cours_ROS2/ros_ws/install/robots/share/robots/environment/library_path.sh\n'}
[18.136150] (robots) StdoutLine: {'line': b'-- Up-to-date: /home/user/celluleflexible_en_cours_ROS2/ros_ws/install/robots/share/robots/environment/library_path.dsv\n'}
[18.136419] (robots) StdoutLine: {'line': b'-- Up-to-date: /home/user/celluleflexible_en_cours_ROS2/ros_ws/install/robots/lib/librobots__rosidl_generator_c.so\n'}
[18.136486] (robots) StdoutLine: {'line': b'-- Up-to-date: /home/user/celluleflexible_en_cours_ROS2/ros_ws/install/robots/include/robots/robots\n'}
[18.136512] (robots) StdoutLine: {'line': b'-- Up-to-date: /home/user/celluleflexible_en_cours_ROS2/ros_ws/install/robots/include/robots/robots/msg\n'}
[18.136534] (robots) StdoutLine: {'line': b'-- Up-to-date: /home/user/celluleflexible_en_cours_ROS2/ros_ws/install/robots/include/robots/robots/msg/rosidl_typesupport_fastrtps_c__visibility_control.h\n'}
[18.136558] (robots) StdoutLine: {'line': b'-- Up-to-date: /home/user/celluleflexible_en_cours_ROS2/ros_ws/install/robots/include/robots/robots/msg/detail\n'}
[18.136618] (robots) StdoutLine: {'line': b'-- Up-to-date: /home/user/celluleflexible_en_cours_ROS2/ros_ws/install/robots/include/robots/robots/msg/detail/move_robot__rosidl_typesupport_fastrtps_c.h\n'}
[18.136644] (robots) StdoutLine: {'line': b'-- Up-to-date: /home/user/celluleflexible_en_cours_ROS2/ros_ws/install/robots/include/robots/robots/msg/detail/msg_num_robot__rosidl_typesupport_fastrtps_c.h\n'}
[18.136668] (robots) StdoutLine: {'line': b'-- Up-to-date: /home/user/celluleflexible_en_cours_ROS2/ros_ws/install/robots/include/robots/robots/msg/detail/faire_tache_msg__rosidl_typesupport_fastrtps_c.h\n'}
[18.136691] (robots) StdoutLine: {'line': b'-- Up-to-date: /home/user/celluleflexible_en_cours_ROS2/ros_ws/install/robots/lib/librobots__rosidl_typesupport_fastrtps_c.so\n'}
[18.136750] (robots) StdoutLine: {'line': b'-- Up-to-date: /home/user/celluleflexible_en_cours_ROS2/ros_ws/install/robots/include/robots/robots\n'}
[18.136775] (robots) StdoutLine: {'line': b'-- Up-to-date: /home/user/celluleflexible_en_cours_ROS2/ros_ws/install/robots/include/robots/robots/msg\n'}
[18.136797] (robots) StdoutLine: {'line': b'-- Up-to-date: /home/user/celluleflexible_en_cours_ROS2/ros_ws/install/robots/include/robots/robots/msg/faire_tache_msg.hpp\n'}
[18.136850] (robots) StdoutLine: {'line': b'-- Up-to-date: /home/user/celluleflexible_en_cours_ROS2/ros_ws/install/robots/include/robots/robots/msg/rosidl_generator_cpp__visibility_control.hpp\n'}
[18.136885] (robots) StdoutLine: {'line': b'-- Up-to-date: /home/user/celluleflexible_en_cours_ROS2/ros_ws/install/robots/include/robots/robots/msg/move_robot.hpp\n'}
[18.136908] (robots) StdoutLine: {'line': b'-- Up-to-date: /home/user/celluleflexible_en_cours_ROS2/ros_ws/install/robots/include/robots/robots/msg/msg_num_robot.hpp\n'}
[18.136931] (robots) StdoutLine: {'line': b'-- Up-to-date: /home/user/celluleflexible_en_cours_ROS2/ros_ws/install/robots/include/robots/robots/msg/detail\n'}
[18.136990] (robots) StdoutLine: {'line': b'-- Up-to-date: /home/user/celluleflexible_en_cours_ROS2/ros_ws/install/robots/include/robots/robots/msg/detail/msg_num_robot__traits.hpp\n'}
[18.137020] (robots) StdoutLine: {'line': b'-- Up-to-date: /home/user/celluleflexible_en_cours_ROS2/ros_ws/install/robots/include/robots/robots/msg/detail/faire_tache_msg__traits.hpp\n'}
[18.137043] (robots) StdoutLine: {'line': b'-- Up-to-date: /home/user/celluleflexible_en_cours_ROS2/ros_ws/install/robots/include/robots/robots/msg/detail/faire_tache_msg__type_support.hpp\n'}
[18.137067] (robots) StdoutLine: {'line': b'-- Up-to-date: /home/user/celluleflexible_en_cours_ROS2/ros_ws/install/robots/include/robots/robots/msg/detail/move_robot__type_support.hpp\n'}
[18.137126] (robots) StdoutLine: {'line': b'-- Up-to-date: /home/user/celluleflexible_en_cours_ROS2/ros_ws/install/robots/include/robots/robots/msg/detail/faire_tache_msg__builder.hpp\n'}
[18.137150] (robots) StdoutLine: {'line': b'-- Up-to-date: /home/user/celluleflexible_en_cours_ROS2/ros_ws/install/robots/include/robots/robots/msg/detail/move_robot__builder.hpp\n'}
[18.137175] (robots) StdoutLine: {'line': b'-- Up-to-date: /home/user/celluleflexible_en_cours_ROS2/ros_ws/install/robots/include/robots/robots/msg/detail/move_robot__traits.hpp\n'}
[18.137225] (robots) StdoutLine: {'line': b'-- Up-to-date: /home/user/celluleflexible_en_cours_ROS2/ros_ws/install/robots/include/robots/robots/msg/detail/msg_num_robot__struct.hpp\n'}
[18.137259] (robots) StdoutLine: {'line': b'-- Up-to-date: /home/user/celluleflexible_en_cours_ROS2/ros_ws/install/robots/include/robots/robots/msg/detail/faire_tache_msg__struct.hpp\n'}
[18.137282] (robots) StdoutLine: {'line': b'-- Up-to-date: /home/user/celluleflexible_en_cours_ROS2/ros_ws/install/robots/include/robots/robots/msg/detail/msg_num_robot__builder.hpp\n'}
[18.137305] (robots) StdoutLine: {'line': b'-- Up-to-date: /home/user/celluleflexible_en_cours_ROS2/ros_ws/install/robots/include/robots/robots/msg/detail/move_robot__struct.hpp\n'}
[18.137697] (robots) StdoutLine: {'line': b'-- Up-to-date: /home/user/celluleflexible_en_cours_ROS2/ros_ws/install/robots/include/robots/robots/msg/detail/msg_num_robot__type_support.hpp\n'}
[18.137725] (robots) StdoutLine: {'line': b'-- Up-to-date: /home/user/celluleflexible_en_cours_ROS2/ros_ws/install/robots/include/robots/robots\n'}
[18.137749] (robots) StdoutLine: {'line': b'-- Up-to-date: /home/user/celluleflexible_en_cours_ROS2/ros_ws/install/robots/include/robots/robots/msg\n'}
[18.137772] (robots) StdoutLine: {'line': b'-- Up-to-date: /home/user/celluleflexible_en_cours_ROS2/ros_ws/install/robots/include/robots/robots/msg/detail\n'}
[18.137794] (robots) StdoutLine: {'line': b'-- Up-to-date: /home/user/celluleflexible_en_cours_ROS2/ros_ws/install/robots/include/robots/robots/msg/detail/msg_num_robot__rosidl_typesupport_fastrtps_cpp.hpp\n'}
[18.137816] (robots) StdoutLine: {'line': b'-- Up-to-date: /home/user/celluleflexible_en_cours_ROS2/ros_ws/install/robots/include/robots/robots/msg/detail/faire_tache_msg__rosidl_typesupport_fastrtps_cpp.hpp\n'}
[18.137837] (robots) StdoutLine: {'line': b'-- Up-to-date: /home/user/celluleflexible_en_cours_ROS2/ros_ws/install/robots/include/robots/robots/msg/detail/move_robot__rosidl_typesupport_fastrtps_cpp.hpp\n'}
[18.137858] (robots) StdoutLine: {'line': b'-- Up-to-date: /home/user/celluleflexible_en_cours_ROS2/ros_ws/install/robots/include/robots/robots/msg/detail/dds_fastrtps\n'}
[18.137879] (robots) StdoutLine: {'line': b'-- Up-to-date: /home/user/celluleflexible_en_cours_ROS2/ros_ws/install/robots/include/robots/robots/msg/rosidl_typesupport_fastrtps_cpp__visibility_control.h\n'}
[18.137900] (robots) StdoutLine: {'line': b'-- Up-to-date: /home/user/celluleflexible_en_cours_ROS2/ros_ws/install/robots/lib/librobots__rosidl_typesupport_fastrtps_cpp.so\n'}
[18.137922] (robots) StdoutLine: {'line': b'-- Up-to-date: /home/user/celluleflexible_en_cours_ROS2/ros_ws/install/robots/include/robots/robots\n'}
[18.137944] (robots) StdoutLine: {'line': b'-- Up-to-date: /home/user/celluleflexible_en_cours_ROS2/ros_ws/install/robots/include/robots/robots/msg\n'}
[18.137965] (robots) StdoutLine: {'line': b'-- Up-to-date: /home/user/celluleflexible_en_cours_ROS2/ros_ws/install/robots/include/robots/robots/msg/rosidl_typesupport_introspection_c__visibility_control.h\n'}
[18.137988] (robots) StdoutLine: {'line': b'-- Up-to-date: /home/user/celluleflexible_en_cours_ROS2/ros_ws/install/robots/include/robots/robots/msg/detail\n'}
[18.138008] (robots) StdoutLine: {'line': b'-- Up-to-date: /home/user/celluleflexible_en_cours_ROS2/ros_ws/install/robots/include/robots/robots/msg/detail/faire_tache_msg__rosidl_typesupport_introspection_c.h\n'}
[18.138029] (robots) StdoutLine: {'line': b'-- Up-to-date: /home/user/celluleflexible_en_cours_ROS2/ros_ws/install/robots/include/robots/robots/msg/detail/msg_num_robot__rosidl_typesupport_introspection_c.h\n'}
[18.138050] (robots) StdoutLine: {'line': b'-- Up-to-date: /home/user/celluleflexible_en_cours_ROS2/ros_ws/install/robots/include/robots/robots/msg/detail/msg_num_robot__type_support.c\n'}
[18.138070] (robots) StdoutLine: {'line': b'-- Up-to-date: /home/user/celluleflexible_en_cours_ROS2/ros_ws/install/robots/include/robots/robots/msg/detail/move_robot__type_support.c\n'}
[18.138090] (robots) StdoutLine: {'line': b'-- Up-to-date: /home/user/celluleflexible_en_cours_ROS2/ros_ws/install/robots/include/robots/robots/msg/detail/move_robot__rosidl_typesupport_introspection_c.h\n'}
[18.138110] (robots) StdoutLine: {'line': b'-- Up-to-date: /home/user/celluleflexible_en_cours_ROS2/ros_ws/install/robots/include/robots/robots/msg/detail/faire_tache_msg__type_support.c\n'}
[18.138130] (robots) StdoutLine: {'line': b'-- Up-to-date: /home/user/celluleflexible_en_cours_ROS2/ros_ws/install/robots/lib/librobots__rosidl_typesupport_introspection_c.so\n'}
[18.138148] (robots) StdoutLine: {'line': b'-- Up-to-date: /home/user/celluleflexible_en_cours_ROS2/ros_ws/install/robots/lib/librobots__rosidl_typesupport_c.so\n'}
[18.138168] (robots) StdoutLine: {'line': b'-- Up-to-date: /home/user/celluleflexible_en_cours_ROS2/ros_ws/install/robots/include/robots/robots\n'}
[18.138188] (robots) StdoutLine: {'line': b'-- Up-to-date: /home/user/celluleflexible_en_cours_ROS2/ros_ws/install/robots/include/robots/robots/msg\n'}
[18.138208] (robots) StdoutLine: {'line': b'-- Up-to-date: /home/user/celluleflexible_en_cours_ROS2/ros_ws/install/robots/include/robots/robots/msg/detail\n'}
[18.138228] (robots) StdoutLine: {'line': b'-- Up-to-date: /home/user/celluleflexible_en_cours_ROS2/ros_ws/install/robots/include/robots/robots/msg/detail/faire_tache_msg__type_support.cpp\n'}
[18.138251] (robots) StdoutLine: {'line': b'-- Up-to-date: /home/user/celluleflexible_en_cours_ROS2/ros_ws/install/robots/include/robots/robots/msg/detail/msg_num_robot__type_support.cpp\n'}
[18.138270] (robots) StdoutLine: {'line': b'-- Up-to-date: /home/user/celluleflexible_en_cours_ROS2/ros_ws/install/robots/include/robots/robots/msg/detail/move_robot__rosidl_typesupport_introspection_cpp.hpp\n'}
[18.138290] (robots) StdoutLine: {'line': b'-- Up-to-date: /home/user/celluleflexible_en_cours_ROS2/ros_ws/install/robots/include/robots/robots/msg/detail/msg_num_robot__rosidl_typesupport_introspection_cpp.hpp\n'}
[18.138309] (robots) StdoutLine: {'line': b'-- Up-to-date: /home/user/celluleflexible_en_cours_ROS2/ros_ws/install/robots/include/robots/robots/msg/detail/faire_tache_msg__rosidl_typesupport_introspection_cpp.hpp\n'}
[18.138329] (robots) StdoutLine: {'line': b'-- Up-to-date: /home/user/celluleflexible_en_cours_ROS2/ros_ws/install/robots/include/robots/robots/msg/detail/move_robot__type_support.cpp\n'}
[18.138349] (robots) StdoutLine: {'line': b'-- Up-to-date: /home/user/celluleflexible_en_cours_ROS2/ros_ws/install/robots/lib/librobots__rosidl_typesupport_introspection_cpp.so\n'}
[18.138369] (robots) StdoutLine: {'line': b'-- Up-to-date: /home/user/celluleflexible_en_cours_ROS2/ros_ws/install/robots/lib/librobots__rosidl_typesupport_cpp.so\n'}
[18.138388] (robots) StdoutLine: {'line': b'-- Up-to-date: /home/user/celluleflexible_en_cours_ROS2/ros_ws/install/robots/share/robots/environment/pythonpath.sh\n'}
[18.138408] (robots) StdoutLine: {'line': b'-- Up-to-date: /home/user/celluleflexible_en_cours_ROS2/ros_ws/install/robots/share/robots/environment/pythonpath.dsv\n'}
[18.138428] (robots) StdoutLine: {'line': b'-- Up-to-date: /home/user/celluleflexible_en_cours_ROS2/ros_ws/install/robots/lib/python3.12/site-packages/robots-3.1.2-py3.12.egg-info\n'}
[18.138447] (robots) StdoutLine: {'line': b'-- Installing: /home/user/celluleflexible_en_cours_ROS2/ros_ws/install/robots/lib/python3.12/site-packages/robots-3.1.2-py3.12.egg-info/SOURCES.txt\n'}
[18.138469] (robots) StdoutLine: {'line': b'-- Installing: /home/user/celluleflexible_en_cours_ROS2/ros_ws/install/robots/lib/python3.12/site-packages/robots-3.1.2-py3.12.egg-info/top_level.txt\n'}
[18.138489] (robots) StdoutLine: {'line': b'-- Installing: /home/user/celluleflexible_en_cours_ROS2/ros_ws/install/robots/lib/python3.12/site-packages/robots-3.1.2-py3.12.egg-info/PKG-INFO\n'}
[18.138508] (robots) StdoutLine: {'line': b'-- Installing: /home/user/celluleflexible_en_cours_ROS2/ros_ws/install/robots/lib/python3.12/site-packages/robots-3.1.2-py3.12.egg-info/dependency_links.txt\n'}
[18.138527] (robots) StdoutLine: {'line': b'-- Up-to-date: /home/user/celluleflexible_en_cours_ROS2/ros_ws/install/robots/lib/python3.12/site-packages/robots\n'}
[18.138548] (robots) StdoutLine: {'line': b'-- Up-to-date: /home/user/celluleflexible_en_cours_ROS2/ros_ws/install/robots/lib/python3.12/site-packages/robots/robots_s__rosidl_typesupport_c.so\n'}
[18.138568] (robots) StdoutLine: {'line': b'-- Up-to-date: /home/user/celluleflexible_en_cours_ROS2/ros_ws/install/robots/lib/python3.12/site-packages/robots/_robots_s.ep.rosidl_typesupport_c.c\n'}
[18.138587] (robots) StdoutLine: {'line': b'-- Up-to-date: /home/user/celluleflexible_en_cours_ROS2/ros_ws/install/robots/lib/python3.12/site-packages/robots/msg\n'}
[18.138605] (robots) StdoutLine: {'line': b'-- Up-to-date: /home/user/celluleflexible_en_cours_ROS2/ros_ws/install/robots/lib/python3.12/site-packages/robots/msg/_move_robot_s.c\n'}
[18.138624] (robots) StdoutLine: {'line': b'-- Up-to-date: /home/user/celluleflexible_en_cours_ROS2/ros_ws/install/robots/lib/python3.12/site-packages/robots/msg/_move_robot.py\n'}
[18.138643] (robots) StdoutLine: {'line': b'-- Up-to-date: /home/user/celluleflexible_en_cours_ROS2/ros_ws/install/robots/lib/python3.12/site-packages/robots/msg/_msg_num_robot.py\n'}
[18.138662] (robots) StdoutLine: {'line': b'-- Up-to-date: /home/user/celluleflexible_en_cours_ROS2/ros_ws/install/robots/lib/python3.12/site-packages/robots/msg/__init__.py\n'}
[18.138680] (robots) StdoutLine: {'line': b'-- Up-to-date: /home/user/celluleflexible_en_cours_ROS2/ros_ws/install/robots/lib/python3.12/site-packages/robots/msg/_msg_num_robot_s.c\n'}
[18.138699] (robots) StdoutLine: {'line': b'-- Up-to-date: /home/user/celluleflexible_en_cours_ROS2/ros_ws/install/robots/lib/python3.12/site-packages/robots/msg/_faire_tache_msg_s.c\n'}
[18.138718] (robots) StdoutLine: {'line': b'-- Up-to-date: /home/user/celluleflexible_en_cours_ROS2/ros_ws/install/robots/lib/python3.12/site-packages/robots/msg/_faire_tache_msg.py\n'}
[18.138737] (robots) StdoutLine: {'line': b'-- Up-to-date: /home/user/celluleflexible_en_cours_ROS2/ros_ws/install/robots/lib/python3.12/site-packages/robots/__init__.py\n'}
[18.138756] (robots) StdoutLine: {'line': b'-- Up-to-date: /home/user/celluleflexible_en_cours_ROS2/ros_ws/install/robots/lib/python3.12/site-packages/robots/robots_s__rosidl_typesupport_introspection_c.so\n'}
[18.138776] (robots) StdoutLine: {'line': b'-- Up-to-date: /home/user/celluleflexible_en_cours_ROS2/ros_ws/install/robots/lib/python3.12/site-packages/robots/_robots_s.ep.rosidl_typesupport_introspection_c.c\n'}
[18.138796] (robots) StdoutLine: {'line': b'-- Up-to-date: /home/user/celluleflexible_en_cours_ROS2/ros_ws/install/robots/lib/python3.12/site-packages/robots/_robots_s.ep.rosidl_typesupport_fastrtps_c.c\n'}
[18.138818] (robots) StdoutLine: {'line': b'-- Up-to-date: /home/user/celluleflexible_en_cours_ROS2/ros_ws/install/robots/lib/python3.12/site-packages/robots/robots_s__rosidl_typesupport_fastrtps_c.so\n'}
[18.157156] (robots) StdoutLine: {'line': b"Listing '/home/user/celluleflexible_en_cours_ROS2/ros_ws/install/robots/lib/python3.12/site-packages/robots'...\n"}
[18.157255] (robots) StdoutLine: {'line': b"Listing '/home/user/celluleflexible_en_cours_ROS2/ros_ws/install/robots/lib/python3.12/site-packages/robots/msg'...\n"}
[18.166061] (robots) StdoutLine: {'line': b'-- Up-to-date: /home/user/celluleflexible_en_cours_ROS2/ros_ws/install/robots/lib/python3.12/site-packages/robots/robots_s__rosidl_typesupport_fastrtps_c.so\n'}
[18.166435] (robots) StdoutLine: {'line': b'-- Up-to-date: /home/user/celluleflexible_en_cours_ROS2/ros_ws/install/robots/lib/python3.12/site-packages/robots/robots_s__rosidl_typesupport_introspection_c.so\n'}
[18.166608] (robots) StdoutLine: {'line': b'-- Up-to-date: /home/user/celluleflexible_en_cours_ROS2/ros_ws/install/robots/lib/python3.12/site-packages/robots/robots_s__rosidl_typesupport_c.so\n'}
[18.166659] (robots) StdoutLine: {'line': b'-- Up-to-date: /home/user/celluleflexible_en_cours_ROS2/ros_ws/install/robots/lib/librobots__rosidl_generator_py.so\n'}
[18.166726] (robots) StdoutLine: {'line': b'-- Up-to-date: /home/user/celluleflexible_en_cours_ROS2/ros_ws/install/robots/share/robots/msg/MoveRobot.idl\n'}
[18.166790] (robots) StdoutLine: {'line': b'-- Up-to-date: /home/user/celluleflexible_en_cours_ROS2/ros_ws/install/robots/share/robots/msg/FaireTacheMsg.idl\n'}
[18.167153] (robots) StdoutLine: {'line': b'-- Up-to-date: /home/user/celluleflexible_en_cours_ROS2/ros_ws/install/robots/share/robots/msg/MsgNumRobot.idl\n'}
[18.167202] (robots) StdoutLine: {'line': b'-- Up-to-date: /home/user/celluleflexible_en_cours_ROS2/ros_ws/install/robots/share/robots/msg/MoveRobot.msg\n'}
[18.167227] (robots) StdoutLine: {'line': b'-- Up-to-date: /home/user/celluleflexible_en_cours_ROS2/ros_ws/install/robots/share/robots/msg/FaireTacheMsg.msg\n'}
[18.167252] (robots) StdoutLine: {'line': b'-- Up-to-date: /home/user/celluleflexible_en_cours_ROS2/ros_ws/install/robots/share/robots/msg/MsgNumRobot.msg\n'}
[18.167276] (robots) StdoutLine: {'line': b'-- Installing: /home/user/celluleflexible_en_cours_ROS2/ros_ws/install/robots/lib/robots/robot\n'}
[18.182429] (robots) StdoutLine: {'line': b'-- Set non-toolchain portion of runtime path of "/home/user/celluleflexible_en_cours_ROS2/ros_ws/install/robots/lib/robots/robot" to ""\n'}
[18.182551] (robots) StdoutLine: {'line': b'-- Up-to-date: /home/user/celluleflexible_en_cours_ROS2/ros_ws/install/robots/share/robots\n'}
[18.182593] (robots) StdoutLine: {'line': b'-- Up-to-date: /home/user/celluleflexible_en_cours_ROS2/ros_ws/install/robots/share/robots/robotsGauche.launch.py\n'}
[18.182619] (robots) StdoutLine: {'line': b'-- Up-to-date: /home/user/celluleflexible_en_cours_ROS2/ros_ws/install/robots/share/ament_index/resource_index/package_run_dependencies/robots\n'}
[18.182681] (robots) StdoutLine: {'line': b'-- Up-to-date: /home/user/celluleflexible_en_cours_ROS2/ros_ws/install/robots/share/ament_index/resource_index/parent_prefix_path/robots\n'}
[18.182708] (robots) StdoutLine: {'line': b'-- Up-to-date: /home/user/celluleflexible_en_cours_ROS2/ros_ws/install/robots/share/robots/environment/ament_prefix_path.sh\n'}
[18.182732] (robots) StdoutLine: {'line': b'-- Up-to-date: /home/user/celluleflexible_en_cours_ROS2/ros_ws/install/robots/share/robots/environment/ament_prefix_path.dsv\n'}
[18.182756] (robots) StdoutLine: {'line': b'-- Up-to-date: /home/user/celluleflexible_en_cours_ROS2/ros_ws/install/robots/share/robots/environment/path.sh\n'}
[18.183311] (robots) StdoutLine: {'line': b'-- Up-to-date: /home/user/celluleflexible_en_cours_ROS2/ros_ws/install/robots/share/robots/environment/path.dsv\n'}
[18.183339] (robots) StdoutLine: {'line': b'-- Up-to-date: /home/user/celluleflexible_en_cours_ROS2/ros_ws/install/robots/share/robots/local_setup.bash\n'}
[18.183402] (robots) StdoutLine: {'line': b'-- Up-to-date: /home/user/celluleflexible_en_cours_ROS2/ros_ws/install/robots/share/robots/local_setup.sh\n'}
[18.183433] (robots) StdoutLine: {'line': b'-- Up-to-date: /home/user/celluleflexible_en_cours_ROS2/ros_ws/install/robots/share/robots/local_setup.zsh\n'}
[18.183458] (robots) StdoutLine: {'line': b'-- Up-to-date: /home/user/celluleflexible_en_cours_ROS2/ros_ws/install/robots/share/robots/local_setup.dsv\n'}
[18.183481] (robots) StdoutLine: {'line': b'-- Installing: /home/user/celluleflexible_en_cours_ROS2/ros_ws/install/robots/share/robots/package.dsv\n'}
[18.183545] (robots) StdoutLine: {'line': b'-- Up-to-date: /home/user/celluleflexible_en_cours_ROS2/ros_ws/install/robots/share/ament_index/resource_index/packages/robots\n'}
[18.183573] (robots) StdoutLine: {'line': b'-- Up-to-date: /home/user/celluleflexible_en_cours_ROS2/ros_ws/install/robots/share/robots/cmake/export_robots__rosidl_generator_cExport.cmake\n'}
[18.183598] (robots) StdoutLine: {'line': b'-- Up-to-date: /home/user/celluleflexible_en_cours_ROS2/ros_ws/install/robots/share/robots/cmake/export_robots__rosidl_generator_cExport-noconfig.cmake\n'}
[18.183622] (robots) StdoutLine: {'line': b'-- Up-to-date: /home/user/celluleflexible_en_cours_ROS2/ros_ws/install/robots/share/robots/cmake/export_robots__rosidl_typesupport_fastrtps_cExport.cmake\n'}
[18.183683] (robots) StdoutLine: {'line': b'-- Up-to-date: /home/user/celluleflexible_en_cours_ROS2/ros_ws/install/robots/share/robots/cmake/export_robots__rosidl_typesupport_fastrtps_cExport-noconfig.cmake\n'}
[18.183737] (robots) StdoutLine: {'line': b'-- Up-to-date: /home/user/celluleflexible_en_cours_ROS2/ros_ws/install/robots/share/robots/cmake/export_robots__rosidl_generator_cppExport.cmake\n'}
[18.187448] (robots) StdoutLine: {'line': b'-- Up-to-date: /home/user/celluleflexible_en_cours_ROS2/ros_ws/install/robots/share/robots/cmake/export_robots__rosidl_typesupport_fastrtps_cppExport.cmake\n'}
[18.187491] (robots) StdoutLine: {'line': b'-- Up-to-date: /home/user/celluleflexible_en_cours_ROS2/ros_ws/install/robots/share/robots/cmake/export_robots__rosidl_typesupport_fastrtps_cppExport-noconfig.cmake\n'}
[18.189419] (robots) StdoutLine: {'line': b'-- Up-to-date: /home/user/celluleflexible_en_cours_ROS2/ros_ws/install/robots/share/robots/cmake/robots__rosidl_typesupport_introspection_cExport.cmake\n'}
[18.189578] (robots) StdoutLine: {'line': b'-- Up-to-date: /home/user/celluleflexible_en_cours_ROS2/ros_ws/install/robots/share/robots/cmake/robots__rosidl_typesupport_introspection_cExport-noconfig.cmake\n'}
[18.189652] (robots) StdoutLine: {'line': b'-- Up-to-date: /home/user/celluleflexible_en_cours_ROS2/ros_ws/install/robots/share/robots/cmake/robots__rosidl_typesupport_cExport.cmake\n'}
[18.189724] (robots) StdoutLine: {'line': b'-- Up-to-date: /home/user/celluleflexible_en_cours_ROS2/ros_ws/install/robots/share/robots/cmake/robots__rosidl_typesupport_cExport-noconfig.cmake\n'}
[18.189782] (robots) StdoutLine: {'line': b'-- Up-to-date: /home/user/celluleflexible_en_cours_ROS2/ros_ws/install/robots/share/robots/cmake/robots__rosidl_typesupport_introspection_cppExport.cmake\n'}
[18.189834] (robots) StdoutLine: {'line': b'-- Up-to-date: /home/user/celluleflexible_en_cours_ROS2/ros_ws/install/robots/share/robots/cmake/robots__rosidl_typesupport_introspection_cppExport-noconfig.cmake\n'}
[18.189887] (robots) StdoutLine: {'line': b'-- Up-to-date: /home/user/celluleflexible_en_cours_ROS2/ros_ws/install/robots/share/robots/cmake/robots__rosidl_typesupport_cppExport.cmake\n'}
[18.189949] (robots) StdoutLine: {'line': b'-- Up-to-date: /home/user/celluleflexible_en_cours_ROS2/ros_ws/install/robots/share/robots/cmake/robots__rosidl_typesupport_cppExport-noconfig.cmake\n'}
[18.190002] (robots) StdoutLine: {'line': b'-- Up-to-date: /home/user/celluleflexible_en_cours_ROS2/ros_ws/install/robots/share/robots/cmake/export_robots__rosidl_generator_pyExport.cmake\n'}
[18.190052] (robots) StdoutLine: {'line': b'-- Up-to-date: /home/user/celluleflexible_en_cours_ROS2/ros_ws/install/robots/share/robots/cmake/export_robots__rosidl_generator_pyExport-noconfig.cmake\n'}
[18.190102] (robots) StdoutLine: {'line': b'-- Up-to-date: /home/user/celluleflexible_en_cours_ROS2/ros_ws/install/robots/share/robots/cmake/rosidl_cmake-extras.cmake\n'}
[18.190152] (robots) StdoutLine: {'line': b'-- Up-to-date: /home/user/celluleflexible_en_cours_ROS2/ros_ws/install/robots/share/robots/cmake/ament_cmake_export_dependencies-extras.cmake\n'}
[18.190204] (robots) StdoutLine: {'line': b'-- Up-to-date: /home/user/celluleflexible_en_cours_ROS2/ros_ws/install/robots/share/robots/cmake/ament_cmake_export_include_directories-extras.cmake\n'}
[18.190258] (robots) StdoutLine: {'line': b'-- Up-to-date: /home/user/celluleflexible_en_cours_ROS2/ros_ws/install/robots/share/robots/cmake/ament_cmake_export_libraries-extras.cmake\n'}
[18.190682] (robots) StdoutLine: {'line': b'-- Up-to-date: /home/user/celluleflexible_en_cours_ROS2/ros_ws/install/robots/share/robots/cmake/ament_cmake_export_targets-extras.cmake\n'}
[18.190719] (robots) StdoutLine: {'line': b'-- Up-to-date: /home/user/celluleflexible_en_cours_ROS2/ros_ws/install/robots/share/robots/cmake/rosidl_cmake_export_typesupport_targets-extras.cmake\n'}
[18.190744] (robots) StdoutLine: {'line': b'-- Up-to-date: /home/user/celluleflexible_en_cours_ROS2/ros_ws/install/robots/share/robots/cmake/rosidl_cmake_export_typesupport_libraries-extras.cmake\n'}
[18.191120] (robots) StdoutLine: {'line': b'-- Up-to-date: /home/user/celluleflexible_en_cours_ROS2/ros_ws/install/robots/share/robots/cmake/robotsConfig.cmake\n'}
[18.191213] (robots) StdoutLine: {'line': b'-- Up-to-date: /home/user/celluleflexible_en_cours_ROS2/ros_ws/install/robots/share/robots/cmake/robotsConfig-version.cmake\n'}
[18.191277] (robots) StdoutLine: {'line': b'-- Up-to-date: /home/user/celluleflexible_en_cours_ROS2/ros_ws/install/robots/share/robots/package.xml\n'}
[18.194219] (robots) CommandEnded: {'returncode': 0}
[18.207873] (robots) JobEnded: {'identifier': 'robots', 'rc': 0}
[18.209520] (-) EventReactorShutdown: {}
