[0.000000] (-) TimerEvent: {}
[0.001691] (aiguillages) JobQueued: {'identifier': 'aiguillages', 'dependencies': OrderedDict()}
[0.001800] (commande_locale) JobQueued: {'identifier': 'commande_locale', 'dependencies': OrderedDict({'aiguillages': '/home/user/celluleflexible_en_cours_ROS2/ros_ws/install/aiguillages'})}
[0.001829] (shuttles) JobQueued: {'identifier': 'shuttles', 'dependencies': OrderedDict({'aiguillages': '/home/user/celluleflexible_en_cours_ROS2/ros_ws/install/aiguillages'})}
[0.001846] (robots) JobQueued: {'identifier': 'robots', 'dependencies': OrderedDict({'aiguillages': '/home/user/celluleflexible_en_cours_ROS2/ros_ws/install/aiguillages', 'commande_locale': '/home/user/celluleflexible_en_cours_ROS2/ros_ws/install/commande_locale', 'shuttles': '/home/user/celluleflexible_en_cours_ROS2/ros_ws/install/shuttles'})}
[0.002083] (aiguillages) JobStarted: {'identifier': 'aiguillages'}
[0.038781] (aiguillages) JobProgress: {'identifier': 'aiguillages', 'progress': 'cmake'}
[0.047275] (aiguillages) JobProgress: {'identifier': 'aiguillages', 'progress': 'build'}
[0.047301] (aiguillages) Command: {'cmd': ['/usr/bin/cmake', '--build', '/home/user/celluleflexible_en_cours_ROS2/ros_ws/build/aiguillages', '--', '-j8', '-l8'], 'cwd': '/home/user/celluleflexible_en_cours_ROS2/ros_ws/build/aiguillages', 'env': OrderedDict({'LESSOPEN': '| /usr/bin/lesspipe %s', 'USER': 'user', 'XDG_SESSION_TYPE': 'wayland', 'SHLVL': '1', 'LD_LIBRARY_PATH': '/home/user/celluleflexible_en_cours_ROS2/ros_ws/install/shuttles/lib:/home/user/celluleflexible_en_cours_ROS2/ros_ws/install/robots/lib:/home/user/celluleflexible_en_cours_ROS2/ros_ws/install/commande_locale/lib:/home/user/celluleflexible_en_cours_ROS2/ros_ws/install/aiguillages/lib:/opt/ros/jazzy/opt/rviz_ogre_vendor/lib:/opt/ros/jazzy/lib/x86_64-linux-gnu:/opt/ros/jazzy/opt/gz_math_vendor/lib:/opt/ros/jazzy/opt/gz_utils_vendor/lib:/opt/ros/jazzy/opt/gz_cmake_vendor/lib:/opt/ros/jazzy/lib', 'HOME': '/home/user', 'DESKTOP_SESSION': 'ubuntu', 'ROS_PYTHON_VERSION': '3', 'GNOME_SHELL_SESSION_MODE': 'ubuntu', 'GTK_MODULES': 'gail:atk-bridge', 'DBUS_STARTER_BUS_TYPE': 'session', 'SYSTEMD_EXEC_PID': '2240', 'GSM_SKIP_SSH_AGENT_WORKAROUND': 'true', 'DBUS_SESSION_BUS_ADDRESS': 'unix:path=/run/user/1000/bus,guid=6da02ccfb5f5be8b2dc210526992ca6b', 'COLORTERM': 'truecolor', 'DEBUGINFOD_URLS': 'https://debuginfod.ubuntu.com', 'IM_CONFIG_PHASE': '1', 'WAYLAND_DISPLAY': 'wayland-0', 'COLCON_PREFIX_PATH': '/home/user/celluleflexible_en_cours_ROS2/ros_ws/install', 'ROS_DISTRO': 'jazzy', 'LOGNAME': 'user', '_': '/usr/bin/colcon', 'ROS_VERSION': '2', 'MEMORY_PRESSURE_WATCH': '/sys/fs/cgroup/user.slice/user-1000.slice/user@1000.service/app.slice/app-gnome\\x2dsession\\x2dmanager.slice/gnome-session-manager@ubuntu.service/memory.pressure', 'XDG_SESSION_CLASS': 'user', 'USERNAME': 'user', 'TERM': 'xterm-256color', 'GNOME_DESKTOP_SESSION_ID': 'this-is-deprecated', 'PATH': '/opt/ros/jazzy/bin:/usr/local/sbin:/usr/local/bin:/usr/sbin:/usr/bin:/sbin:/bin:/usr/games:/usr/local/games:/snap/bin:/snap/bin', 'SESSION_MANAGER': 'local/Ubuntu:@/tmp/.ICE-unix/2240,unix/Ubuntu:/tmp/.ICE-unix/2240', 'XDG_MENU_PREFIX': 'gnome-', 'GNOME_TERMINAL_SCREEN': '/org/gnome/Terminal/screen/c7962f18_f474_48af_ace3_a3479f78beab', 'GNOME_SETUP_DISPLAY': ':1', 'XDG_RUNTIME_DIR': '/run/user/1000', 'DISPLAY': ':0', 'LANG': 'en_US.UTF-8', 'XDG_CURRENT_DESKTOP': 'ubuntu:GNOME', 'XMODIFIERS': '@im=ibus', 'XDG_SESSION_DESKTOP': 'ubuntu', 'XAUTHORITY': '/run/user/1000/.mutter-Xwaylandauth.HCD1K3', 'LS_COLORS': 'rs=0:di=01;34:ln=01;36:mh=00:pi=40;33:so=01;35:do=01;35:bd=40;33;01:cd=40;33;01:or=40;31;01:mi=00:su=37;41:sg=30;43:ca=00:tw=30;42:ow=34;42:st=37;44:ex=01;32:*.tar=01;31:*.tgz=01;31:*.arc=01;31:*.arj=01;31:*.taz=01;31:*.lha=01;31:*.lz4=01;31:*.lzh=01;31:*.lzma=01;31:*.tlz=01;31:*.txz=01;31:*.tzo=01;31:*.t7z=01;31:*.zip=01;31:*.z=01;31:*.dz=01;31:*.gz=01;31:*.lrz=01;31:*.lz=01;31:*.lzo=01;31:*.xz=01;31:*.zst=01;31:*.tzst=01;31:*.bz2=01;31:*.bz=01;31:*.tbz=01;31:*.tbz2=01;31:*.tz=01;31:*.deb=01;31:*.rpm=01;31:*.jar=01;31:*.war=01;31:*.ear=01;31:*.sar=01;31:*.rar=01;31:*.alz=01;31:*.ace=01;31:*.zoo=01;31:*.cpio=01;31:*.7z=01;31:*.rz=01;31:*.cab=01;31:*.wim=01;31:*.swm=01;31:*.dwm=01;31:*.esd=01;31:*.avif=01;35:*.jpg=01;35:*.jpeg=01;35:*.mjpg=01;35:*.mjpeg=01;35:*.gif=01;35:*.bmp=01;35:*.pbm=01;35:*.pgm=01;35:*.ppm=01;35:*.tga=01;35:*.xbm=01;35:*.xpm=01;35:*.tif=01;35:*.tiff=01;35:*.png=01;35:*.svg=01;35:*.svgz=01;35:*.mng=01;35:*.pcx=01;35:*.mov=01;35:*.mpg=01;35:*.mpeg=01;35:*.m2v=01;35:*.mkv=01;35:*.webm=01;35:*.webp=01;35:*.ogm=01;35:*.mp4=01;35:*.m4v=01;35:*.mp4v=01;35:*.vob=01;35:*.qt=01;35:*.nuv=01;35:*.wmv=01;35:*.asf=01;35:*.rm=01;35:*.rmvb=01;35:*.flc=01;35:*.avi=01;35:*.fli=01;35:*.flv=01;35:*.gl=01;35:*.dl=01;35:*.xcf=01;35:*.xwd=01;35:*.yuv=01;35:*.cgm=01;35:*.emf=01;35:*.ogv=01;35:*.ogx=01;35:*.aac=00;36:*.au=00;36:*.flac=00;36:*.m4a=00;36:*.mid=00;36:*.midi=00;36:*.mka=00;36:*.mp3=00;36:*.mpc=00;36:*.ogg=00;36:*.ra=00;36:*.wav=00;36:*.oga=00;36:*.opus=00;36:*.spx=00;36:*.xspf=00;36:*~=00;90:*#=00;90:*.bak=00;90:*.crdownload=00;90:*.dpkg-dist=00;90:*.dpkg-new=00;90:*.dpkg-old=00;90:*.dpkg-tmp=00;90:*.old=00;90:*.orig=00;90:*.part=00;90:*.rej=00;90:*.rpmnew=00;90:*.rpmorig=00;90:*.rpmsave=00;90:*.swp=00;90:*.tmp=00;90:*.ucf-dist=00;90:*.ucf-new=00;90:*.ucf-old=00;90:', 'GNOME_TERMINAL_SERVICE': ':1.781', 'SSH_AUTH_SOCK': '/run/user/1000/keyring/ssh', 'AMENT_PREFIX_PATH': '/home/user/celluleflexible_en_cours_ROS2/ros_ws/install/shuttles:/home/user/celluleflexible_en_cours_ROS2/ros_ws/install/robots:/home/user/celluleflexible_en_cours_ROS2/ros_ws/install/commande_locale:/home/user/celluleflexible_en_cours_ROS2/ros_ws/install/aiguillages:/opt/ros/jazzy', 'SHELL': '/bin/bash', 'QT_ACCESSIBILITY': '1', 'GDMSESSION': 'ubuntu', 'LESSCLOSE': '/usr/bin/lesspipe %s %s', 'ROS_AUTOMATIC_DISCOVERY_RANGE': 'SUBNET', 'QT_IM_MODULE': 'ibus', 'PWD': '/home/user/celluleflexible_en_cours_ROS2/ros_ws/build/aiguillages', 'LC_ALL': 'en_US.UTF-8', 'XDG_CONFIG_DIRS': '/etc/xdg/xdg-ubuntu:/etc/xdg', 'DBUS_STARTER_ADDRESS': 'unix:path=/run/user/1000/bus,guid=6da02ccfb5f5be8b2dc210526992ca6b', 'XDG_DATA_DIRS': '/usr/share/ubuntu:/usr/share/gnome:/usr/local/share/:/usr/share/:/var/lib/snapd/desktop', 'PYTHONPATH': '/home/user/celluleflexible_en_cours_ROS2/ros_ws/install/shuttles/lib/python3.12/site-packages:/home/user/celluleflexible_en_cours_ROS2/ros_ws/install/robots/lib/python3.12/site-packages:/home/user/celluleflexible_en_cours_ROS2/ros_ws/install/commande_locale/lib/python3.12/site-packages:/home/user/celluleflexible_en_cours_ROS2/ros_ws/install/aiguillages/lib/python3.12/site-packages:/opt/ros/jazzy/lib/python3.12/site-packages', 'COLCON': '1', 'MEMORY_PRESSURE_WRITE': 'c29tZSAyMDAwMDAgMjAwMDAwMAA=', 'VTE_VERSION': '7600', 'CMAKE_PREFIX_PATH': '/home/user/celluleflexible_en_cours_ROS2/ros_ws/install/shuttles:/home/user/celluleflexible_en_cours_ROS2/ros_ws/install/robots:/home/user/celluleflexible_en_cours_ROS2/ros_ws/install/commande_locale:/home/user/celluleflexible_en_cours_ROS2/ros_ws/install/aiguillages:/opt/ros/jazzy/opt/gz_math_vendor:/opt/ros/jazzy/opt/gz_utils_vendor:/opt/ros/jazzy/opt/gz_cmake_vendor:/opt/ros/jazzy'}), 'shell': False}
[0.099909] (-) TimerEvent: {}
[0.111192] (aiguillages) StdoutLine: {'line': b'[  1%] Built target aiguillages__rosidl_generator_type_description\n'}
[0.121874] (aiguillages) StdoutLine: {'line': b'[  1%] Built target ament_cmake_python_copy_aiguillages\n'}
[0.136462] (aiguillages) StdoutLine: {'line': b'[  2%] Built target aiguillages__cpp\n'}
[0.138656] (aiguillages) StdoutLine: {'line': b'[ 23%] Built target aiguillages__rosidl_generator_c\n'}
[0.161057] (aiguillages) StdoutLine: {'line': b'[ 32%] Built target aiguillages__rosidl_typesupport_cpp\n'}
[0.161197] (aiguillages) StdoutLine: {'line': b'[ 41%] Built target aiguillages__rosidl_typesupport_introspection_c\n'}
[0.161232] (aiguillages) StdoutLine: {'line': b'[ 59%] Built target aiguillages__rosidl_typesupport_fastrtps_cpp\n'}
[0.161261] (aiguillages) StdoutLine: {'line': b'[ 58%] Built target aiguillages__rosidl_typesupport_fastrtps_c\n'}
[0.162424] (aiguillages) StdoutLine: {'line': b'[ 68%] Built target aiguillages__rosidl_typesupport_introspection_cpp\n'}
[0.163005] (aiguillages) StdoutLine: {'line': b'[ 77%] Built target aiguillages__rosidl_typesupport_c\n'}
[0.181679] (aiguillages) StdoutLine: {'line': b'[ 77%] Built target aiguillages\n'}
[0.184139] (aiguillages) StdoutLine: {'line': b'[ 82%] Built target run_Aiguillage\n'}
[0.199533] (aiguillages) StdoutLine: {'line': b'[ 83%] Built target aiguillages__py\n'}
[0.218408] (aiguillages) StdoutLine: {'line': b'[ 91%] Built target aiguillages__rosidl_generator_py\n'}
[0.218518] (-) TimerEvent: {}
[0.238701] (aiguillages) StdoutLine: {'line': b'[ 94%] Built target aiguillages_s__rosidl_typesupport_introspection_c\n'}
[0.240213] (aiguillages) StdoutLine: {'line': b'[ 97%] Built target aiguillages_s__rosidl_typesupport_fastrtps_c\n'}
[0.246269] (aiguillages) StdoutLine: {'line': b'running egg_info\n'}
[0.246353] (aiguillages) StdoutLine: {'line': b'[100%] Built target aiguillages_s__rosidl_typesupport_c\n'}
[0.255057] (aiguillages) StdoutLine: {'line': b'writing aiguillages.egg-info/PKG-INFO\n'}
[0.255313] (aiguillages) StdoutLine: {'line': b'writing dependency_links to aiguillages.egg-info/dependency_links.txt\n'}
[0.255900] (aiguillages) StdoutLine: {'line': b'writing top-level names to aiguillages.egg-info/top_level.txt\n'}
[0.280830] (aiguillages) StdoutLine: {'line': b"reading manifest file 'aiguillages.egg-info/SOURCES.txt'\n"}
[0.281164] (aiguillages) StdoutLine: {'line': b"writing manifest file 'aiguillages.egg-info/SOURCES.txt'\n"}
[0.302774] (aiguillages) StdoutLine: {'line': b'[100%] Built target ament_cmake_python_build_aiguillages_egg\n'}
[0.311962] (aiguillages) CommandEnded: {'returncode': 0}
[0.312583] (aiguillages) JobProgress: {'identifier': 'aiguillages', 'progress': 'install'}
[0.319081] (-) TimerEvent: {}
[0.320870] (aiguillages) Command: {'cmd': ['/usr/bin/cmake', '--install', '/home/user/celluleflexible_en_cours_ROS2/ros_ws/build/aiguillages'], 'cwd': '/home/user/celluleflexible_en_cours_ROS2/ros_ws/build/aiguillages', 'env': OrderedDict({'LESSOPEN': '| /usr/bin/lesspipe %s', 'USER': 'user', 'XDG_SESSION_TYPE': 'wayland', 'SHLVL': '1', 'LD_LIBRARY_PATH': '/home/user/celluleflexible_en_cours_ROS2/ros_ws/install/shuttles/lib:/home/user/celluleflexible_en_cours_ROS2/ros_ws/install/robots/lib:/home/user/celluleflexible_en_cours_ROS2/ros_ws/install/commande_locale/lib:/home/user/celluleflexible_en_cours_ROS2/ros_ws/install/aiguillages/lib:/opt/ros/jazzy/opt/rviz_ogre_vendor/lib:/opt/ros/jazzy/lib/x86_64-linux-gnu:/opt/ros/jazzy/opt/gz_math_vendor/lib:/opt/ros/jazzy/opt/gz_utils_vendor/lib:/opt/ros/jazzy/opt/gz_cmake_vendor/lib:/opt/ros/jazzy/lib', 'HOME': '/home/user', 'DESKTOP_SESSION': 'ubuntu', 'ROS_PYTHON_VERSION': '3', 'GNOME_SHELL_SESSION_MODE': 'ubuntu', 'GTK_MODULES': 'gail:atk-bridge', 'DBUS_STARTER_BUS_TYPE': 'session', 'SYSTEMD_EXEC_PID': '2240', 'GSM_SKIP_SSH_AGENT_WORKAROUND': 'true', 'DBUS_SESSION_BUS_ADDRESS': 'unix:path=/run/user/1000/bus,guid=6da02ccfb5f5be8b2dc210526992ca6b', 'COLORTERM': 'truecolor', 'DEBUGINFOD_URLS': 'https://debuginfod.ubuntu.com', 'IM_CONFIG_PHASE': '1', 'WAYLAND_DISPLAY': 'wayland-0', 'COLCON_PREFIX_PATH': '/home/user/celluleflexible_en_cours_ROS2/ros_ws/install', 'ROS_DISTRO': 'jazzy', 'LOGNAME': 'user', '_': '/usr/bin/colcon', 'ROS_VERSION': '2', 'MEMORY_PRESSURE_WATCH': '/sys/fs/cgroup/user.slice/user-1000.slice/user@1000.service/app.slice/app-gnome\\x2dsession\\x2dmanager.slice/gnome-session-manager@ubuntu.service/memory.pressure', 'XDG_SESSION_CLASS': 'user', 'USERNAME': 'user', 'TERM': 'xterm-256color', 'GNOME_DESKTOP_SESSION_ID': 'this-is-deprecated', 'PATH': '/opt/ros/jazzy/bin:/usr/local/sbin:/usr/local/bin:/usr/sbin:/usr/bin:/sbin:/bin:/usr/games:/usr/local/games:/snap/bin:/snap/bin', 'SESSION_MANAGER': 'local/Ubuntu:@/tmp/.ICE-unix/2240,unix/Ubuntu:/tmp/.ICE-unix/2240', 'XDG_MENU_PREFIX': 'gnome-', 'GNOME_TERMINAL_SCREEN': '/org/gnome/Terminal/screen/c7962f18_f474_48af_ace3_a3479f78beab', 'GNOME_SETUP_DISPLAY': ':1', 'XDG_RUNTIME_DIR': '/run/user/1000', 'DISPLAY': ':0', 'LANG': 'en_US.UTF-8', 'XDG_CURRENT_DESKTOP': 'ubuntu:GNOME', 'XMODIFIERS': '@im=ibus', 'XDG_SESSION_DESKTOP': 'ubuntu', 'XAUTHORITY': '/run/user/1000/.mutter-Xwaylandauth.HCD1K3', 'LS_COLORS': 'rs=0:di=01;34:ln=01;36:mh=00:pi=40;33:so=01;35:do=01;35:bd=40;33;01:cd=40;33;01:or=40;31;01:mi=00:su=37;41:sg=30;43:ca=00:tw=30;42:ow=34;42:st=37;44:ex=01;32:*.tar=01;31:*.tgz=01;31:*.arc=01;31:*.arj=01;31:*.taz=01;31:*.lha=01;31:*.lz4=01;31:*.lzh=01;31:*.lzma=01;31:*.tlz=01;31:*.txz=01;31:*.tzo=01;31:*.t7z=01;31:*.zip=01;31:*.z=01;31:*.dz=01;31:*.gz=01;31:*.lrz=01;31:*.lz=01;31:*.lzo=01;31:*.xz=01;31:*.zst=01;31:*.tzst=01;31:*.bz2=01;31:*.bz=01;31:*.tbz=01;31:*.tbz2=01;31:*.tz=01;31:*.deb=01;31:*.rpm=01;31:*.jar=01;31:*.war=01;31:*.ear=01;31:*.sar=01;31:*.rar=01;31:*.alz=01;31:*.ace=01;31:*.zoo=01;31:*.cpio=01;31:*.7z=01;31:*.rz=01;31:*.cab=01;31:*.wim=01;31:*.swm=01;31:*.dwm=01;31:*.esd=01;31:*.avif=01;35:*.jpg=01;35:*.jpeg=01;35:*.mjpg=01;35:*.mjpeg=01;35:*.gif=01;35:*.bmp=01;35:*.pbm=01;35:*.pgm=01;35:*.ppm=01;35:*.tga=01;35:*.xbm=01;35:*.xpm=01;35:*.tif=01;35:*.tiff=01;35:*.png=01;35:*.svg=01;35:*.svgz=01;35:*.mng=01;35:*.pcx=01;35:*.mov=01;35:*.mpg=01;35:*.mpeg=01;35:*.m2v=01;35:*.mkv=01;35:*.webm=01;35:*.webp=01;35:*.ogm=01;35:*.mp4=01;35:*.m4v=01;35:*.mp4v=01;35:*.vob=01;35:*.qt=01;35:*.nuv=01;35:*.wmv=01;35:*.asf=01;35:*.rm=01;35:*.rmvb=01;35:*.flc=01;35:*.avi=01;35:*.fli=01;35:*.flv=01;35:*.gl=01;35:*.dl=01;35:*.xcf=01;35:*.xwd=01;35:*.yuv=01;35:*.cgm=01;35:*.emf=01;35:*.ogv=01;35:*.ogx=01;35:*.aac=00;36:*.au=00;36:*.flac=00;36:*.m4a=00;36:*.mid=00;36:*.midi=00;36:*.mka=00;36:*.mp3=00;36:*.mpc=00;36:*.ogg=00;36:*.ra=00;36:*.wav=00;36:*.oga=00;36:*.opus=00;36:*.spx=00;36:*.xspf=00;36:*~=00;90:*#=00;90:*.bak=00;90:*.crdownload=00;90:*.dpkg-dist=00;90:*.dpkg-new=00;90:*.dpkg-old=00;90:*.dpkg-tmp=00;90:*.old=00;90:*.orig=00;90:*.part=00;90:*.rej=00;90:*.rpmnew=00;90:*.rpmorig=00;90:*.rpmsave=00;90:*.swp=00;90:*.tmp=00;90:*.ucf-dist=00;90:*.ucf-new=00;90:*.ucf-old=00;90:', 'GNOME_TERMINAL_SERVICE': ':1.781', 'SSH_AUTH_SOCK': '/run/user/1000/keyring/ssh', 'AMENT_PREFIX_PATH': '/home/user/celluleflexible_en_cours_ROS2/ros_ws/install/shuttles:/home/user/celluleflexible_en_cours_ROS2/ros_ws/install/robots:/home/user/celluleflexible_en_cours_ROS2/ros_ws/install/commande_locale:/home/user/celluleflexible_en_cours_ROS2/ros_ws/install/aiguillages:/opt/ros/jazzy', 'SHELL': '/bin/bash', 'QT_ACCESSIBILITY': '1', 'GDMSESSION': 'ubuntu', 'LESSCLOSE': '/usr/bin/lesspipe %s %s', 'ROS_AUTOMATIC_DISCOVERY_RANGE': 'SUBNET', 'QT_IM_MODULE': 'ibus', 'PWD': '/home/user/celluleflexible_en_cours_ROS2/ros_ws/build/aiguillages', 'LC_ALL': 'en_US.UTF-8', 'XDG_CONFIG_DIRS': '/etc/xdg/xdg-ubuntu:/etc/xdg', 'DBUS_STARTER_ADDRESS': 'unix:path=/run/user/1000/bus,guid=6da02ccfb5f5be8b2dc210526992ca6b', 'XDG_DATA_DIRS': '/usr/share/ubuntu:/usr/share/gnome:/usr/local/share/:/usr/share/:/var/lib/snapd/desktop', 'PYTHONPATH': '/home/user/celluleflexible_en_cours_ROS2/ros_ws/install/shuttles/lib/python3.12/site-packages:/home/user/celluleflexible_en_cours_ROS2/ros_ws/install/robots/lib/python3.12/site-packages:/home/user/celluleflexible_en_cours_ROS2/ros_ws/install/commande_locale/lib/python3.12/site-packages:/home/user/celluleflexible_en_cours_ROS2/ros_ws/install/aiguillages/lib/python3.12/site-packages:/opt/ros/jazzy/lib/python3.12/site-packages', 'COLCON': '1', 'MEMORY_PRESSURE_WRITE': 'c29tZSAyMDAwMDAgMjAwMDAwMAA=', 'VTE_VERSION': '7600', 'CMAKE_PREFIX_PATH': '/home/user/celluleflexible_en_cours_ROS2/ros_ws/install/shuttles:/home/user/celluleflexible_en_cours_ROS2/ros_ws/install/robots:/home/user/celluleflexible_en_cours_ROS2/ros_ws/install/commande_locale:/home/user/celluleflexible_en_cours_ROS2/ros_ws/install/aiguillages:/opt/ros/jazzy/opt/gz_math_vendor:/opt/ros/jazzy/opt/gz_utils_vendor:/opt/ros/jazzy/opt/gz_cmake_vendor:/opt/ros/jazzy'}), 'shell': False}
[0.362738] (aiguillages) StdoutLine: {'line': b'-- Install configuration: ""\n'}
[0.363090] (aiguillages) StdoutLine: {'line': b'-- Up-to-date: /home/user/celluleflexible_en_cours_ROS2/ros_ws/install/aiguillages/share/ament_index/resource_index/rosidl_interfaces/aiguillages\n'}
[0.363220] (aiguillages) StdoutLine: {'line': b'-- Up-to-date: /home/user/celluleflexible_en_cours_ROS2/ros_ws/install/aiguillages/share/aiguillages/msg/Capteurs.json\n'}
[0.363317] (aiguillages) StdoutLine: {'line': b'-- Up-to-date: /home/user/celluleflexible_en_cours_ROS2/ros_ws/install/aiguillages/share/aiguillages/msg/Actionneurs.json\n'}
[0.363391] (aiguillages) StdoutLine: {'line': b'-- Up-to-date: /home/user/celluleflexible_en_cours_ROS2/ros_ws/install/aiguillages/share/aiguillages/msg/ExchangeSh.json\n'}
[0.363459] (aiguillages) StdoutLine: {'line': b'-- Up-to-date: /home/user/celluleflexible_en_cours_ROS2/ros_ws/install/aiguillages/share/aiguillages/msg/MsgSensorState.json\n'}
[0.363668] (aiguillages) StdoutLine: {'line': b'-- Up-to-date: /home/user/celluleflexible_en_cours_ROS2/ros_ws/install/aiguillages/include/aiguillages/aiguillages\n'}
[0.363743] (aiguillages) StdoutLine: {'line': b'-- Up-to-date: /home/user/celluleflexible_en_cours_ROS2/ros_ws/install/aiguillages/include/aiguillages/aiguillages/msg\n'}
[0.363773] (aiguillages) StdoutLine: {'line': b'-- Up-to-date: /home/user/celluleflexible_en_cours_ROS2/ros_ws/install/aiguillages/include/aiguillages/aiguillages/msg/exchange_sh.h\n'}
[0.363798] (aiguillages) StdoutLine: {'line': b'-- Up-to-date: /home/user/celluleflexible_en_cours_ROS2/ros_ws/install/aiguillages/include/aiguillages/aiguillages/msg/rosidl_generator_c__visibility_control.h\n'}
[0.363822] (aiguillages) StdoutLine: {'line': b'-- Up-to-date: /home/user/celluleflexible_en_cours_ROS2/ros_ws/install/aiguillages/include/aiguillages/aiguillages/msg/capteurs.h\n'}
[0.363885] (aiguillages) StdoutLine: {'line': b'-- Up-to-date: /home/user/celluleflexible_en_cours_ROS2/ros_ws/install/aiguillages/include/aiguillages/aiguillages/msg/msg_sensor_state.h\n'}
[0.363950] (aiguillages) StdoutLine: {'line': b'-- Up-to-date: /home/user/celluleflexible_en_cours_ROS2/ros_ws/install/aiguillages/include/aiguillages/aiguillages/msg/actionneurs.h\n'}
[0.364071] (aiguillages) StdoutLine: {'line': b'-- Up-to-date: /home/user/celluleflexible_en_cours_ROS2/ros_ws/install/aiguillages/include/aiguillages/aiguillages/msg/detail\n'}
[0.364100] (aiguillages) StdoutLine: {'line': b'-- Up-to-date: /home/user/celluleflexible_en_cours_ROS2/ros_ws/install/aiguillages/include/aiguillages/aiguillages/msg/detail/msg_sensor_state__type_support.h\n'}
[0.364207] (aiguillages) StdoutLine: {'line': b'-- Up-to-date: /home/user/celluleflexible_en_cours_ROS2/ros_ws/install/aiguillages/include/aiguillages/aiguillages/msg/detail/exchange_sh__description.c\n'}
[0.364246] (aiguillages) StdoutLine: {'line': b'-- Up-to-date: /home/user/celluleflexible_en_cours_ROS2/ros_ws/install/aiguillages/include/aiguillages/aiguillages/msg/detail/exchange_sh__functions.c\n'}
[0.364310] (aiguillages) StdoutLine: {'line': b'-- Up-to-date: /home/user/celluleflexible_en_cours_ROS2/ros_ws/install/aiguillages/include/aiguillages/aiguillages/msg/detail/msg_sensor_state__functions.h\n'}
[0.364379] (aiguillages) StdoutLine: {'line': b'-- Up-to-date: /home/user/celluleflexible_en_cours_ROS2/ros_ws/install/aiguillages/include/aiguillages/aiguillages/msg/detail/actionneurs__functions.h\n'}
[0.364446] (aiguillages) StdoutLine: {'line': b'-- Up-to-date: /home/user/celluleflexible_en_cours_ROS2/ros_ws/install/aiguillages/include/aiguillages/aiguillages/msg/detail/capteurs__type_support.c\n'}
[0.364508] (aiguillages) StdoutLine: {'line': b'-- Up-to-date: /home/user/celluleflexible_en_cours_ROS2/ros_ws/install/aiguillages/include/aiguillages/aiguillages/msg/detail/actionneurs__type_support.c\n'}
[0.364644] (aiguillages) StdoutLine: {'line': b'-- Up-to-date: /home/user/celluleflexible_en_cours_ROS2/ros_ws/install/aiguillages/include/aiguillages/aiguillages/msg/detail/capteurs__struct.h\n'}
[0.364692] (aiguillages) StdoutLine: {'line': b'-- Up-to-date: /home/user/celluleflexible_en_cours_ROS2/ros_ws/install/aiguillages/include/aiguillages/aiguillages/msg/detail/actionneurs__type_support.h\n'}
[0.364717] (aiguillages) StdoutLine: {'line': b'-- Up-to-date: /home/user/celluleflexible_en_cours_ROS2/ros_ws/install/aiguillages/include/aiguillages/aiguillages/msg/detail/capteurs__description.c\n'}
[0.364745] (aiguillages) StdoutLine: {'line': b'-- Up-to-date: /home/user/celluleflexible_en_cours_ROS2/ros_ws/install/aiguillages/include/aiguillages/aiguillages/msg/detail/msg_sensor_state__description.c\n'}
[0.364811] (aiguillages) StdoutLine: {'line': b'-- Up-to-date: /home/user/celluleflexible_en_cours_ROS2/ros_ws/install/aiguillages/include/aiguillages/aiguillages/msg/detail/capteurs__functions.h\n'}
[0.364840] (aiguillages) StdoutLine: {'line': b'-- Up-to-date: /home/user/celluleflexible_en_cours_ROS2/ros_ws/install/aiguillages/include/aiguillages/aiguillages/msg/detail/msg_sensor_state__type_support.c\n'}
[0.364864] (aiguillages) StdoutLine: {'line': b'-- Up-to-date: /home/user/celluleflexible_en_cours_ROS2/ros_ws/install/aiguillages/include/aiguillages/aiguillages/msg/detail/exchange_sh__functions.h\n'}
[0.364887] (aiguillages) StdoutLine: {'line': b'-- Up-to-date: /home/user/celluleflexible_en_cours_ROS2/ros_ws/install/aiguillages/include/aiguillages/aiguillages/msg/detail/msg_sensor_state__struct.h\n'}
[0.364941] (aiguillages) StdoutLine: {'line': b'-- Up-to-date: /home/user/celluleflexible_en_cours_ROS2/ros_ws/install/aiguillages/include/aiguillages/aiguillages/msg/detail/msg_sensor_state__functions.c\n'}
[0.365144] (aiguillages) StdoutLine: {'line': b'-- Up-to-date: /home/user/celluleflexible_en_cours_ROS2/ros_ws/install/aiguillages/include/aiguillages/aiguillages/msg/detail/actionneurs__struct.h\n'}
[0.365212] (aiguillages) StdoutLine: {'line': b'-- Up-to-date: /home/user/celluleflexible_en_cours_ROS2/ros_ws/install/aiguillages/include/aiguillages/aiguillages/msg/detail/exchange_sh__struct.h\n'}
[0.365285] (aiguillages) StdoutLine: {'line': b'-- Up-to-date: /home/user/celluleflexible_en_cours_ROS2/ros_ws/install/aiguillages/include/aiguillages/aiguillages/msg/detail/actionneurs__description.c\n'}
[0.365388] (aiguillages) StdoutLine: {'line': b'-- Up-to-date: /home/user/celluleflexible_en_cours_ROS2/ros_ws/install/aiguillages/include/aiguillages/aiguillages/msg/detail/exchange_sh__type_support.c\n'}
[0.365465] (aiguillages) StdoutLine: {'line': b'-- Up-to-date: /home/user/celluleflexible_en_cours_ROS2/ros_ws/install/aiguillages/include/aiguillages/aiguillages/msg/detail/exchange_sh__type_support.h\n'}
[0.365562] (aiguillages) StdoutLine: {'line': b'-- Up-to-date: /home/user/celluleflexible_en_cours_ROS2/ros_ws/install/aiguillages/include/aiguillages/aiguillages/msg/detail/capteurs__functions.c\n'}
[0.365629] (aiguillages) StdoutLine: {'line': b'-- Up-to-date: /home/user/celluleflexible_en_cours_ROS2/ros_ws/install/aiguillages/include/aiguillages/aiguillages/msg/detail/capteurs__type_support.h\n'}
[0.365755] (aiguillages) StdoutLine: {'line': b'-- Up-to-date: /home/user/celluleflexible_en_cours_ROS2/ros_ws/install/aiguillages/include/aiguillages/aiguillages/msg/detail/actionneurs__functions.c\n'}
[0.365822] (aiguillages) StdoutLine: {'line': b'-- Up-to-date: /home/user/celluleflexible_en_cours_ROS2/ros_ws/install/aiguillages/share/aiguillages/environment/library_path.sh\n'}
[0.365855] (aiguillages) StdoutLine: {'line': b'-- Up-to-date: /home/user/celluleflexible_en_cours_ROS2/ros_ws/install/aiguillages/share/aiguillages/environment/library_path.dsv\n'}
[0.365879] (aiguillages) StdoutLine: {'line': b'-- Up-to-date: /home/user/celluleflexible_en_cours_ROS2/ros_ws/install/aiguillages/lib/libaiguillages__rosidl_generator_c.so\n'}
[0.365902] (aiguillages) StdoutLine: {'line': b'-- Up-to-date: /home/user/celluleflexible_en_cours_ROS2/ros_ws/install/aiguillages/include/aiguillages/aiguillages\n'}
[0.366275] (aiguillages) StdoutLine: {'line': b'-- Up-to-date: /home/user/celluleflexible_en_cours_ROS2/ros_ws/install/aiguillages/include/aiguillages/aiguillages/msg\n'}
[0.366319] (aiguillages) StdoutLine: {'line': b'-- Up-to-date: /home/user/celluleflexible_en_cours_ROS2/ros_ws/install/aiguillages/include/aiguillages/aiguillages/msg/rosidl_typesupport_fastrtps_c__visibility_control.h\n'}
[0.366354] (aiguillages) StdoutLine: {'line': b'-- Up-to-date: /home/user/celluleflexible_en_cours_ROS2/ros_ws/install/aiguillages/include/aiguillages/aiguillages/msg/detail\n'}
[0.366424] (aiguillages) StdoutLine: {'line': b'-- Up-to-date: /home/user/celluleflexible_en_cours_ROS2/ros_ws/install/aiguillages/include/aiguillages/aiguillages/msg/detail/capteurs__rosidl_typesupport_fastrtps_c.h\n'}
[0.366492] (aiguillages) StdoutLine: {'line': b'-- Up-to-date: /home/user/celluleflexible_en_cours_ROS2/ros_ws/install/aiguillages/include/aiguillages/aiguillages/msg/detail/exchange_sh__rosidl_typesupport_fastrtps_c.h\n'}
[0.366562] (aiguillages) StdoutLine: {'line': b'-- Up-to-date: /home/user/celluleflexible_en_cours_ROS2/ros_ws/install/aiguillages/include/aiguillages/aiguillages/msg/detail/actionneurs__rosidl_typesupport_fastrtps_c.h\n'}
[0.366630] (aiguillages) StdoutLine: {'line': b'-- Up-to-date: /home/user/celluleflexible_en_cours_ROS2/ros_ws/install/aiguillages/include/aiguillages/aiguillages/msg/detail/msg_sensor_state__rosidl_typesupport_fastrtps_c.h\n'}
[0.366801] (aiguillages) StdoutLine: {'line': b'-- Up-to-date: /home/user/celluleflexible_en_cours_ROS2/ros_ws/install/aiguillages/lib/libaiguillages__rosidl_typesupport_fastrtps_c.so\n'}
[0.366880] (aiguillages) StdoutLine: {'line': b'-- Up-to-date: /home/user/celluleflexible_en_cours_ROS2/ros_ws/install/aiguillages/include/aiguillages/aiguillages\n'}
[0.367119] (aiguillages) StdoutLine: {'line': b'-- Up-to-date: /home/user/celluleflexible_en_cours_ROS2/ros_ws/install/aiguillages/include/aiguillages/aiguillages/msg\n'}
[0.367279] (aiguillages) StdoutLine: {'line': b'-- Up-to-date: /home/user/celluleflexible_en_cours_ROS2/ros_ws/install/aiguillages/include/aiguillages/aiguillages/msg/capteurs.hpp\n'}
[0.367349] (aiguillages) StdoutLine: {'line': b'-- Up-to-date: /home/user/celluleflexible_en_cours_ROS2/ros_ws/install/aiguillages/include/aiguillages/aiguillages/msg/exchange_sh.hpp\n'}
[0.367440] (aiguillages) StdoutLine: {'line': b'-- Up-to-date: /home/user/celluleflexible_en_cours_ROS2/ros_ws/install/aiguillages/include/aiguillages/aiguillages/msg/rosidl_generator_cpp__visibility_control.hpp\n'}
[0.367512] (aiguillages) StdoutLine: {'line': b'-- Up-to-date: /home/user/celluleflexible_en_cours_ROS2/ros_ws/install/aiguillages/include/aiguillages/aiguillages/msg/actionneurs.hpp\n'}
[0.367602] (aiguillages) StdoutLine: {'line': b'-- Up-to-date: /home/user/celluleflexible_en_cours_ROS2/ros_ws/install/aiguillages/include/aiguillages/aiguillages/msg/detail\n'}
[0.367672] (aiguillages) StdoutLine: {'line': b'-- Up-to-date: /home/user/celluleflexible_en_cours_ROS2/ros_ws/install/aiguillages/include/aiguillages/aiguillages/msg/detail/capteurs__builder.hpp\n'}
[0.367742] (aiguillages) StdoutLine: {'line': b'-- Up-to-date: /home/user/celluleflexible_en_cours_ROS2/ros_ws/install/aiguillages/include/aiguillages/aiguillages/msg/detail/exchange_sh__traits.hpp\n'}
[0.367852] (aiguillages) StdoutLine: {'line': b'-- Up-to-date: /home/user/celluleflexible_en_cours_ROS2/ros_ws/install/aiguillages/include/aiguillages/aiguillages/msg/detail/exchange_sh__type_support.hpp\n'}
[0.367926] (aiguillages) StdoutLine: {'line': b'-- Up-to-date: /home/user/celluleflexible_en_cours_ROS2/ros_ws/install/aiguillages/include/aiguillages/aiguillages/msg/detail/exchange_sh__struct.hpp\n'}
[0.368210] (aiguillages) StdoutLine: {'line': b'-- Up-to-date: /home/user/celluleflexible_en_cours_ROS2/ros_ws/install/aiguillages/include/aiguillages/aiguillages/msg/detail/actionneurs__type_support.hpp\n'}
[0.368238] (aiguillages) StdoutLine: {'line': b'-- Up-to-date: /home/user/celluleflexible_en_cours_ROS2/ros_ws/install/aiguillages/include/aiguillages/aiguillages/msg/detail/capteurs__type_support.hpp\n'}
[0.368261] (aiguillages) StdoutLine: {'line': b'-- Up-to-date: /home/user/celluleflexible_en_cours_ROS2/ros_ws/install/aiguillages/include/aiguillages/aiguillages/msg/detail/msg_sensor_state__type_support.hpp\n'}
[0.368284] (aiguillages) StdoutLine: {'line': b'-- Up-to-date: /home/user/celluleflexible_en_cours_ROS2/ros_ws/install/aiguillages/include/aiguillages/aiguillages/msg/detail/msg_sensor_state__builder.hpp\n'}
[0.368352] (aiguillages) StdoutLine: {'line': b'-- Up-to-date: /home/user/celluleflexible_en_cours_ROS2/ros_ws/install/aiguillages/include/aiguillages/aiguillages/msg/detail/msg_sensor_state__traits.hpp\n'}
[0.368421] (aiguillages) StdoutLine: {'line': b'-- Up-to-date: /home/user/celluleflexible_en_cours_ROS2/ros_ws/install/aiguillages/include/aiguillages/aiguillages/msg/detail/exchange_sh__builder.hpp\n'}
[0.368513] (aiguillages) StdoutLine: {'line': b'-- Up-to-date: /home/user/celluleflexible_en_cours_ROS2/ros_ws/install/aiguillages/include/aiguillages/aiguillages/msg/detail/actionneurs__builder.hpp\n'}
[0.368641] (aiguillages) StdoutLine: {'line': b'-- Up-to-date: /home/user/celluleflexible_en_cours_ROS2/ros_ws/install/aiguillages/include/aiguillages/aiguillages/msg/detail/msg_sensor_state__struct.hpp\n'}
[0.368710] (aiguillages) StdoutLine: {'line': b'-- Up-to-date: /home/user/celluleflexible_en_cours_ROS2/ros_ws/install/aiguillages/include/aiguillages/aiguillages/msg/detail/capteurs__traits.hpp\n'}
[0.368738] (aiguillages) StdoutLine: {'line': b'-- Up-to-date: /home/user/celluleflexible_en_cours_ROS2/ros_ws/install/aiguillages/include/aiguillages/aiguillages/msg/detail/actionneurs__struct.hpp\n'}
[0.368762] (aiguillages) StdoutLine: {'line': b'-- Up-to-date: /home/user/celluleflexible_en_cours_ROS2/ros_ws/install/aiguillages/include/aiguillages/aiguillages/msg/detail/actionneurs__traits.hpp\n'}
[0.368790] (aiguillages) StdoutLine: {'line': b'-- Up-to-date: /home/user/celluleflexible_en_cours_ROS2/ros_ws/install/aiguillages/include/aiguillages/aiguillages/msg/detail/capteurs__struct.hpp\n'}
[0.368815] (aiguillages) StdoutLine: {'line': b'-- Up-to-date: /home/user/celluleflexible_en_cours_ROS2/ros_ws/install/aiguillages/include/aiguillages/aiguillages/msg/msg_sensor_state.hpp\n'}
[0.368909] (aiguillages) StdoutLine: {'line': b'-- Up-to-date: /home/user/celluleflexible_en_cours_ROS2/ros_ws/install/aiguillages/include/aiguillages/aiguillages\n'}
[0.369086] (aiguillages) StdoutLine: {'line': b'-- Up-to-date: /home/user/celluleflexible_en_cours_ROS2/ros_ws/install/aiguillages/include/aiguillages/aiguillages/msg\n'}
[0.369177] (aiguillages) StdoutLine: {'line': b'-- Up-to-date: /home/user/celluleflexible_en_cours_ROS2/ros_ws/install/aiguillages/include/aiguillages/aiguillages/msg/detail\n'}
[0.369247] (aiguillages) StdoutLine: {'line': b'-- Up-to-date: /home/user/celluleflexible_en_cours_ROS2/ros_ws/install/aiguillages/include/aiguillages/aiguillages/msg/detail/capteurs__rosidl_typesupport_fastrtps_cpp.hpp\n'}
[0.369415] (aiguillages) StdoutLine: {'line': b'-- Up-to-date: /home/user/celluleflexible_en_cours_ROS2/ros_ws/install/aiguillages/include/aiguillages/aiguillages/msg/detail/exchange_sh__rosidl_typesupport_fastrtps_cpp.hpp\n'}
[0.369483] (aiguillages) StdoutLine: {'line': b'-- Up-to-date: /home/user/celluleflexible_en_cours_ROS2/ros_ws/install/aiguillages/include/aiguillages/aiguillages/msg/detail/msg_sensor_state__rosidl_typesupport_fastrtps_cpp.hpp\n'}
[0.369550] (aiguillages) StdoutLine: {'line': b'-- Up-to-date: /home/user/celluleflexible_en_cours_ROS2/ros_ws/install/aiguillages/include/aiguillages/aiguillages/msg/detail/dds_fastrtps\n'}
[0.369615] (aiguillages) StdoutLine: {'line': b'-- Up-to-date: /home/user/celluleflexible_en_cours_ROS2/ros_ws/install/aiguillages/include/aiguillages/aiguillages/msg/detail/actionneurs__rosidl_typesupport_fastrtps_cpp.hpp\n'}
[0.369640] (aiguillages) StdoutLine: {'line': b'-- Up-to-date: /home/user/celluleflexible_en_cours_ROS2/ros_ws/install/aiguillages/include/aiguillages/aiguillages/msg/rosidl_typesupport_fastrtps_cpp__visibility_control.h\n'}
[0.369665] (aiguillages) StdoutLine: {'line': b'-- Up-to-date: /home/user/celluleflexible_en_cours_ROS2/ros_ws/install/aiguillages/lib/libaiguillages__rosidl_typesupport_fastrtps_cpp.so\n'}
[0.369726] (aiguillages) StdoutLine: {'line': b'-- Up-to-date: /home/user/celluleflexible_en_cours_ROS2/ros_ws/install/aiguillages/include/aiguillages/aiguillages\n'}
[0.369821] (aiguillages) StdoutLine: {'line': b'-- Up-to-date: /home/user/celluleflexible_en_cours_ROS2/ros_ws/install/aiguillages/include/aiguillages/aiguillages/msg\n'}
[0.369888] (aiguillages) StdoutLine: {'line': b'-- Up-to-date: /home/user/celluleflexible_en_cours_ROS2/ros_ws/install/aiguillages/include/aiguillages/aiguillages/msg/rosidl_typesupport_introspection_c__visibility_control.h\n'}
[0.369967] (aiguillages) StdoutLine: {'line': b'-- Up-to-date: /home/user/celluleflexible_en_cours_ROS2/ros_ws/install/aiguillages/include/aiguillages/aiguillages/msg/detail\n'}
[0.370061] (aiguillages) StdoutLine: {'line': b'-- Up-to-date: /home/user/celluleflexible_en_cours_ROS2/ros_ws/install/aiguillages/include/aiguillages/aiguillages/msg/detail/actionneurs__rosidl_typesupport_introspection_c.h\n'}
[0.370210] (aiguillages) StdoutLine: {'line': b'-- Up-to-date: /home/user/celluleflexible_en_cours_ROS2/ros_ws/install/aiguillages/include/aiguillages/aiguillages/msg/detail/msg_sensor_state__rosidl_typesupport_introspection_c.h\n'}
[0.370245] (aiguillages) StdoutLine: {'line': b'-- Up-to-date: /home/user/celluleflexible_en_cours_ROS2/ros_ws/install/aiguillages/include/aiguillages/aiguillages/msg/detail/capteurs__type_support.c\n'}
[0.370272] (aiguillages) StdoutLine: {'line': b'-- Up-to-date: /home/user/celluleflexible_en_cours_ROS2/ros_ws/install/aiguillages/include/aiguillages/aiguillages/msg/detail/capteurs__rosidl_typesupport_introspection_c.h\n'}
[0.370296] (aiguillages) StdoutLine: {'line': b'-- Up-to-date: /home/user/celluleflexible_en_cours_ROS2/ros_ws/install/aiguillages/include/aiguillages/aiguillages/msg/detail/actionneurs__type_support.c\n'}
[0.370470] (aiguillages) StdoutLine: {'line': b'-- Up-to-date: /home/user/celluleflexible_en_cours_ROS2/ros_ws/install/aiguillages/include/aiguillages/aiguillages/msg/detail/msg_sensor_state__type_support.c\n'}
[0.370535] (aiguillages) StdoutLine: {'line': b'-- Up-to-date: /home/user/celluleflexible_en_cours_ROS2/ros_ws/install/aiguillages/include/aiguillages/aiguillages/msg/detail/exchange_sh__rosidl_typesupport_introspection_c.h\n'}
[0.370604] (aiguillages) StdoutLine: {'line': b'-- Up-to-date: /home/user/celluleflexible_en_cours_ROS2/ros_ws/install/aiguillages/include/aiguillages/aiguillages/msg/detail/exchange_sh__type_support.c\n'}
[0.370672] (aiguillages) StdoutLine: {'line': b'-- Up-to-date: /home/user/celluleflexible_en_cours_ROS2/ros_ws/install/aiguillages/lib/libaiguillages__rosidl_typesupport_introspection_c.so\n'}
[0.370789] (aiguillages) StdoutLine: {'line': b'-- Up-to-date: /home/user/celluleflexible_en_cours_ROS2/ros_ws/install/aiguillages/lib/libaiguillages__rosidl_typesupport_c.so\n'}
[0.370858] (aiguillages) StdoutLine: {'line': b'-- Up-to-date: /home/user/celluleflexible_en_cours_ROS2/ros_ws/install/aiguillages/include/aiguillages/aiguillages\n'}
[0.370888] (aiguillages) StdoutLine: {'line': b'-- Up-to-date: /home/user/celluleflexible_en_cours_ROS2/ros_ws/install/aiguillages/include/aiguillages/aiguillages/msg\n'}
[0.370914] (aiguillages) StdoutLine: {'line': b'-- Up-to-date: /home/user/celluleflexible_en_cours_ROS2/ros_ws/install/aiguillages/include/aiguillages/aiguillages/msg/detail\n'}
[0.370941] (aiguillages) StdoutLine: {'line': b'-- Up-to-date: /home/user/celluleflexible_en_cours_ROS2/ros_ws/install/aiguillages/include/aiguillages/aiguillages/msg/detail/actionneurs__rosidl_typesupport_introspection_cpp.hpp\n'}
[0.371048] (aiguillages) StdoutLine: {'line': b'-- Up-to-date: /home/user/celluleflexible_en_cours_ROS2/ros_ws/install/aiguillages/include/aiguillages/aiguillages/msg/detail/capteurs__rosidl_typesupport_introspection_cpp.hpp\n'}
[0.371087] (aiguillages) StdoutLine: {'line': b'-- Up-to-date: /home/user/celluleflexible_en_cours_ROS2/ros_ws/install/aiguillages/include/aiguillages/aiguillages/msg/detail/exchange_sh__rosidl_typesupport_introspection_cpp.hpp\n'}
[0.371155] (aiguillages) StdoutLine: {'line': b'-- Up-to-date: /home/user/celluleflexible_en_cours_ROS2/ros_ws/install/aiguillages/include/aiguillages/aiguillages/msg/detail/capteurs__type_support.cpp\n'}
[0.371290] (aiguillages) StdoutLine: {'line': b'-- Up-to-date: /home/user/celluleflexible_en_cours_ROS2/ros_ws/install/aiguillages/include/aiguillages/aiguillages/msg/detail/msg_sensor_state__type_support.cpp\n'}
[0.371503] (aiguillages) StdoutLine: {'line': b'-- Up-to-date: /home/user/celluleflexible_en_cours_ROS2/ros_ws/install/aiguillages/include/aiguillages/aiguillages/msg/detail/exchange_sh__type_support.cpp\n'}
[0.371615] (aiguillages) StdoutLine: {'line': b'-- Up-to-date: /home/user/celluleflexible_en_cours_ROS2/ros_ws/install/aiguillages/include/aiguillages/aiguillages/msg/detail/actionneurs__type_support.cpp\n'}
[0.371750] (aiguillages) StdoutLine: {'line': b'-- Up-to-date: /home/user/celluleflexible_en_cours_ROS2/ros_ws/install/aiguillages/include/aiguillages/aiguillages/msg/detail/msg_sensor_state__rosidl_typesupport_introspection_cpp.hpp\n'}
[0.371814] (aiguillages) StdoutLine: {'line': b'-- Up-to-date: /home/user/celluleflexible_en_cours_ROS2/ros_ws/install/aiguillages/lib/libaiguillages__rosidl_typesupport_introspection_cpp.so\n'}
[0.371877] (aiguillages) StdoutLine: {'line': b'-- Up-to-date: /home/user/celluleflexible_en_cours_ROS2/ros_ws/install/aiguillages/lib/libaiguillages__rosidl_typesupport_cpp.so\n'}
[0.371943] (aiguillages) StdoutLine: {'line': b'-- Up-to-date: /home/user/celluleflexible_en_cours_ROS2/ros_ws/install/aiguillages/share/aiguillages/environment/pythonpath.sh\n'}
[0.372010] (aiguillages) StdoutLine: {'line': b'-- Up-to-date: /home/user/celluleflexible_en_cours_ROS2/ros_ws/install/aiguillages/share/aiguillages/environment/pythonpath.dsv\n'}
[0.372107] (aiguillages) StdoutLine: {'line': b'-- Up-to-date: /home/user/celluleflexible_en_cours_ROS2/ros_ws/install/aiguillages/lib/python3.12/site-packages/aiguillages-3.1.2-py3.12.egg-info\n'}
[0.372183] (aiguillages) StdoutLine: {'line': b'-- Installing: /home/user/celluleflexible_en_cours_ROS2/ros_ws/install/aiguillages/lib/python3.12/site-packages/aiguillages-3.1.2-py3.12.egg-info/SOURCES.txt\n'}
[0.372283] (aiguillages) StdoutLine: {'line': b'-- Installing: /home/user/celluleflexible_en_cours_ROS2/ros_ws/install/aiguillages/lib/python3.12/site-packages/aiguillages-3.1.2-py3.12.egg-info/top_level.txt\n'}
[0.372503] (aiguillages) StdoutLine: {'line': b'-- Installing: /home/user/celluleflexible_en_cours_ROS2/ros_ws/install/aiguillages/lib/python3.12/site-packages/aiguillages-3.1.2-py3.12.egg-info/PKG-INFO\n'}
[0.372599] (aiguillages) StdoutLine: {'line': b'-- Installing: /home/user/celluleflexible_en_cours_ROS2/ros_ws/install/aiguillages/lib/python3.12/site-packages/aiguillages-3.1.2-py3.12.egg-info/dependency_links.txt\n'}
[0.372634] (aiguillages) StdoutLine: {'line': b'-- Up-to-date: /home/user/celluleflexible_en_cours_ROS2/ros_ws/install/aiguillages/lib/python3.12/site-packages/aiguillages\n'}
[0.372657] (aiguillages) StdoutLine: {'line': b'-- Up-to-date: /home/user/celluleflexible_en_cours_ROS2/ros_ws/install/aiguillages/lib/python3.12/site-packages/aiguillages/_aiguillages_s.ep.rosidl_typesupport_introspection_c.c\n'}
[0.372680] (aiguillages) StdoutLine: {'line': b'-- Up-to-date: /home/user/celluleflexible_en_cours_ROS2/ros_ws/install/aiguillages/lib/python3.12/site-packages/aiguillages/msg\n'}
[0.372703] (aiguillages) StdoutLine: {'line': b'-- Up-to-date: /home/user/celluleflexible_en_cours_ROS2/ros_ws/install/aiguillages/lib/python3.12/site-packages/aiguillages/msg/__init__.py\n'}
[0.372724] (aiguillages) StdoutLine: {'line': b'-- Up-to-date: /home/user/celluleflexible_en_cours_ROS2/ros_ws/install/aiguillages/lib/python3.12/site-packages/aiguillages/msg/_exchange_sh_s.c\n'}
[0.372745] (aiguillages) StdoutLine: {'line': b'-- Up-to-date: /home/user/celluleflexible_en_cours_ROS2/ros_ws/install/aiguillages/lib/python3.12/site-packages/aiguillages/msg/_actionneurs.py\n'}
[0.372766] (aiguillages) StdoutLine: {'line': b'-- Up-to-date: /home/user/celluleflexible_en_cours_ROS2/ros_ws/install/aiguillages/lib/python3.12/site-packages/aiguillages/msg/_msg_sensor_state.py\n'}
[0.372789] (aiguillages) StdoutLine: {'line': b'-- Up-to-date: /home/user/celluleflexible_en_cours_ROS2/ros_ws/install/aiguillages/lib/python3.12/site-packages/aiguillages/msg/_exchange_sh.py\n'}
[0.372810] (aiguillages) StdoutLine: {'line': b'-- Up-to-date: /home/user/celluleflexible_en_cours_ROS2/ros_ws/install/aiguillages/lib/python3.12/site-packages/aiguillages/msg/_capteurs.py\n'}
[0.372831] (aiguillages) StdoutLine: {'line': b'-- Up-to-date: /home/user/celluleflexible_en_cours_ROS2/ros_ws/install/aiguillages/lib/python3.12/site-packages/aiguillages/msg/_capteurs_s.c\n'}
[0.372851] (aiguillages) StdoutLine: {'line': b'-- Up-to-date: /home/user/celluleflexible_en_cours_ROS2/ros_ws/install/aiguillages/lib/python3.12/site-packages/aiguillages/msg/_actionneurs_s.c\n'}
[0.372871] (aiguillages) StdoutLine: {'line': b'-- Up-to-date: /home/user/celluleflexible_en_cours_ROS2/ros_ws/install/aiguillages/lib/python3.12/site-packages/aiguillages/msg/_msg_sensor_state_s.c\n'}
[0.373249] (aiguillages) StdoutLine: {'line': b'-- Up-to-date: /home/user/celluleflexible_en_cours_ROS2/ros_ws/install/aiguillages/lib/python3.12/site-packages/aiguillages/__init__.py\n'}
[0.373327] (aiguillages) StdoutLine: {'line': b'-- Up-to-date: /home/user/celluleflexible_en_cours_ROS2/ros_ws/install/aiguillages/lib/python3.12/site-packages/aiguillages/_aiguillages_s.ep.rosidl_typesupport_fastrtps_c.c\n'}
[0.373369] (aiguillages) StdoutLine: {'line': b'-- Up-to-date: /home/user/celluleflexible_en_cours_ROS2/ros_ws/install/aiguillages/lib/python3.12/site-packages/aiguillages/aiguillages_s__rosidl_typesupport_c.so\n'}
[0.373396] (aiguillages) StdoutLine: {'line': b'-- Up-to-date: /home/user/celluleflexible_en_cours_ROS2/ros_ws/install/aiguillages/lib/python3.12/site-packages/aiguillages/aiguillages_s__rosidl_typesupport_introspection_c.so\n'}
[0.373421] (aiguillages) StdoutLine: {'line': b'-- Up-to-date: /home/user/celluleflexible_en_cours_ROS2/ros_ws/install/aiguillages/lib/python3.12/site-packages/aiguillages/_aiguillages_s.ep.rosidl_typesupport_c.c\n'}
[0.373444] (aiguillages) StdoutLine: {'line': b'-- Up-to-date: /home/user/celluleflexible_en_cours_ROS2/ros_ws/install/aiguillages/lib/python3.12/site-packages/aiguillages/aiguillages_s__rosidl_typesupport_fastrtps_c.so\n'}
[0.395526] (aiguillages) StdoutLine: {'line': b"Listing '/home/user/celluleflexible_en_cours_ROS2/ros_ws/install/aiguillages/lib/python3.12/site-packages/aiguillages'...\n"}
[0.395610] (aiguillages) StdoutLine: {'line': b"Listing '/home/user/celluleflexible_en_cours_ROS2/ros_ws/install/aiguillages/lib/python3.12/site-packages/aiguillages/msg'...\n"}
[0.398225] (aiguillages) StdoutLine: {'line': b'-- Up-to-date: /home/user/celluleflexible_en_cours_ROS2/ros_ws/install/aiguillages/lib/python3.12/site-packages/aiguillages/aiguillages_s__rosidl_typesupport_fastrtps_c.so\n'}
[0.398520] (aiguillages) StdoutLine: {'line': b'-- Up-to-date: /home/user/celluleflexible_en_cours_ROS2/ros_ws/install/aiguillages/lib/python3.12/site-packages/aiguillages/aiguillages_s__rosidl_typesupport_introspection_c.so\n'}
[0.398684] (aiguillages) StdoutLine: {'line': b'-- Up-to-date: /home/user/celluleflexible_en_cours_ROS2/ros_ws/install/aiguillages/lib/python3.12/site-packages/aiguillages/aiguillages_s__rosidl_typesupport_c.so\n'}
[0.398777] (aiguillages) StdoutLine: {'line': b'-- Up-to-date: /home/user/celluleflexible_en_cours_ROS2/ros_ws/install/aiguillages/lib/libaiguillages__rosidl_generator_py.so\n'}
[0.398970] (aiguillages) StdoutLine: {'line': b'-- Up-to-date: /home/user/celluleflexible_en_cours_ROS2/ros_ws/install/aiguillages/share/aiguillages/msg/Capteurs.idl\n'}
[0.399287] (aiguillages) StdoutLine: {'line': b'-- Up-to-date: /home/user/celluleflexible_en_cours_ROS2/ros_ws/install/aiguillages/share/aiguillages/msg/Actionneurs.idl\n'}
[0.399365] (aiguillages) StdoutLine: {'line': b'-- Up-to-date: /home/user/celluleflexible_en_cours_ROS2/ros_ws/install/aiguillages/share/aiguillages/msg/ExchangeSh.idl\n'}
[0.399435] (aiguillages) StdoutLine: {'line': b'-- Up-to-date: /home/user/celluleflexible_en_cours_ROS2/ros_ws/install/aiguillages/share/aiguillages/msg/MsgSensorState.idl\n'}
[0.399669] (aiguillages) StdoutLine: {'line': b'-- Up-to-date: /home/user/celluleflexible_en_cours_ROS2/ros_ws/install/aiguillages/share/aiguillages/msg/Capteurs.msg\n'}
[0.399709] (aiguillages) StdoutLine: {'line': b'-- Up-to-date: /home/user/celluleflexible_en_cours_ROS2/ros_ws/install/aiguillages/share/aiguillages/msg/Actionneurs.msg\n'}
[0.399774] (aiguillages) StdoutLine: {'line': b'-- Up-to-date: /home/user/celluleflexible_en_cours_ROS2/ros_ws/install/aiguillages/share/aiguillages/msg/ExchangeSh.msg\n'}
[0.400028] (aiguillages) StdoutLine: {'line': b'-- Up-to-date: /home/user/celluleflexible_en_cours_ROS2/ros_ws/install/aiguillages/share/aiguillages/msg/MsgSensorState.msg\n'}
[0.400323] (aiguillages) StdoutLine: {'line': b'-- Up-to-date: /home/user/celluleflexible_en_cours_ROS2/ros_ws/install/aiguillages/lib/aiguillages/run_Aiguillage\n'}
[0.400444] (aiguillages) StdoutLine: {'line': b'-- Up-to-date: /home/user/celluleflexible_en_cours_ROS2/ros_ws/install/aiguillages/share/ament_index/resource_index/package_run_dependencies/aiguillages\n'}
[0.400481] (aiguillages) StdoutLine: {'line': b'-- Up-to-date: /home/user/celluleflexible_en_cours_ROS2/ros_ws/install/aiguillages/share/ament_index/resource_index/parent_prefix_path/aiguillages\n'}
[0.400506] (aiguillages) StdoutLine: {'line': b'-- Up-to-date: /home/user/celluleflexible_en_cours_ROS2/ros_ws/install/aiguillages/share/aiguillages/environment/ament_prefix_path.sh\n'}
[0.400530] (aiguillages) StdoutLine: {'line': b'-- Up-to-date: /home/user/celluleflexible_en_cours_ROS2/ros_ws/install/aiguillages/share/aiguillages/environment/ament_prefix_path.dsv\n'}
[0.400552] (aiguillages) StdoutLine: {'line': b'-- Up-to-date: /home/user/celluleflexible_en_cours_ROS2/ros_ws/install/aiguillages/share/aiguillages/environment/path.sh\n'}
[0.400721] (aiguillages) StdoutLine: {'line': b'-- Up-to-date: /home/user/celluleflexible_en_cours_ROS2/ros_ws/install/aiguillages/share/aiguillages/environment/path.dsv\n'}
[0.400763] (aiguillages) StdoutLine: {'line': b'-- Up-to-date: /home/user/celluleflexible_en_cours_ROS2/ros_ws/install/aiguillages/share/aiguillages/local_setup.bash\n'}
[0.400790] (aiguillages) StdoutLine: {'line': b'-- Up-to-date: /home/user/celluleflexible_en_cours_ROS2/ros_ws/install/aiguillages/share/aiguillages/local_setup.sh\n'}
[0.400854] (aiguillages) StdoutLine: {'line': b'-- Up-to-date: /home/user/celluleflexible_en_cours_ROS2/ros_ws/install/aiguillages/share/aiguillages/local_setup.zsh\n'}
[0.400921] (aiguillages) StdoutLine: {'line': b'-- Up-to-date: /home/user/celluleflexible_en_cours_ROS2/ros_ws/install/aiguillages/share/aiguillages/local_setup.dsv\n'}
[0.401056] (aiguillages) StdoutLine: {'line': b'-- Installing: /home/user/celluleflexible_en_cours_ROS2/ros_ws/install/aiguillages/share/aiguillages/package.dsv\n'}
[0.401099] (aiguillages) StdoutLine: {'line': b'-- Up-to-date: /home/user/celluleflexible_en_cours_ROS2/ros_ws/install/aiguillages/share/ament_index/resource_index/packages/aiguillages\n'}
[0.401124] (aiguillages) StdoutLine: {'line': b'-- Up-to-date: /home/user/celluleflexible_en_cours_ROS2/ros_ws/install/aiguillages/share/aiguillages/cmake/export_aiguillages__rosidl_generator_cExport.cmake\n'}
[0.401188] (aiguillages) StdoutLine: {'line': b'-- Up-to-date: /home/user/celluleflexible_en_cours_ROS2/ros_ws/install/aiguillages/share/aiguillages/cmake/export_aiguillages__rosidl_generator_cExport-noconfig.cmake\n'}
[0.401220] (aiguillages) StdoutLine: {'line': b'-- Up-to-date: /home/user/celluleflexible_en_cours_ROS2/ros_ws/install/aiguillages/share/aiguillages/cmake/export_aiguillages__rosidl_typesupport_fastrtps_cExport.cmake\n'}
[0.401405] (aiguillages) StdoutLine: {'line': b'-- Up-to-date: /home/user/celluleflexible_en_cours_ROS2/ros_ws/install/aiguillages/share/aiguillages/cmake/export_aiguillages__rosidl_typesupport_fastrtps_cExport-noconfig.cmake\n'}
[0.401482] (aiguillages) StdoutLine: {'line': b'-- Up-to-date: /home/user/celluleflexible_en_cours_ROS2/ros_ws/install/aiguillages/share/aiguillages/cmake/export_aiguillages__rosidl_generator_cppExport.cmake\n'}
[0.401596] (aiguillages) StdoutLine: {'line': b'-- Up-to-date: /home/user/celluleflexible_en_cours_ROS2/ros_ws/install/aiguillages/share/aiguillages/cmake/export_aiguillages__rosidl_typesupport_fastrtps_cppExport.cmake\n'}
[0.401665] (aiguillages) StdoutLine: {'line': b'-- Up-to-date: /home/user/celluleflexible_en_cours_ROS2/ros_ws/install/aiguillages/share/aiguillages/cmake/export_aiguillages__rosidl_typesupport_fastrtps_cppExport-noconfig.cmake\n'}
[0.401733] (aiguillages) StdoutLine: {'line': b'-- Up-to-date: /home/user/celluleflexible_en_cours_ROS2/ros_ws/install/aiguillages/share/aiguillages/cmake/aiguillages__rosidl_typesupport_introspection_cExport.cmake\n'}
[0.401827] (aiguillages) StdoutLine: {'line': b'-- Up-to-date: /home/user/celluleflexible_en_cours_ROS2/ros_ws/install/aiguillages/share/aiguillages/cmake/aiguillages__rosidl_typesupport_introspection_cExport-noconfig.cmake\n'}
[0.402012] (aiguillages) StdoutLine: {'line': b'-- Up-to-date: /home/user/celluleflexible_en_cours_ROS2/ros_ws/install/aiguillages/share/aiguillages/cmake/aiguillages__rosidl_typesupport_cExport.cmake\n'}
[0.402050] (aiguillages) StdoutLine: {'line': b'-- Up-to-date: /home/user/celluleflexible_en_cours_ROS2/ros_ws/install/aiguillages/share/aiguillages/cmake/aiguillages__rosidl_typesupport_cExport-noconfig.cmake\n'}
[0.402333] (aiguillages) StdoutLine: {'line': b'-- Up-to-date: /home/user/celluleflexible_en_cours_ROS2/ros_ws/install/aiguillages/share/aiguillages/cmake/aiguillages__rosidl_typesupport_introspection_cppExport.cmake\n'}
[0.402425] (aiguillages) StdoutLine: {'line': b'-- Up-to-date: /home/user/celluleflexible_en_cours_ROS2/ros_ws/install/aiguillages/share/aiguillages/cmake/aiguillages__rosidl_typesupport_introspection_cppExport-noconfig.cmake\n'}
[0.402462] (aiguillages) StdoutLine: {'line': b'-- Up-to-date: /home/user/celluleflexible_en_cours_ROS2/ros_ws/install/aiguillages/share/aiguillages/cmake/aiguillages__rosidl_typesupport_cppExport.cmake\n'}
[0.402489] (aiguillages) StdoutLine: {'line': b'-- Up-to-date: /home/user/celluleflexible_en_cours_ROS2/ros_ws/install/aiguillages/share/aiguillages/cmake/aiguillages__rosidl_typesupport_cppExport-noconfig.cmake\n'}
[0.402512] (aiguillages) StdoutLine: {'line': b'-- Up-to-date: /home/user/celluleflexible_en_cours_ROS2/ros_ws/install/aiguillages/share/aiguillages/cmake/export_aiguillages__rosidl_generator_pyExport.cmake\n'}
[0.403153] (aiguillages) StdoutLine: {'line': b'-- Up-to-date: /home/user/celluleflexible_en_cours_ROS2/ros_ws/install/aiguillages/share/aiguillages/cmake/export_aiguillages__rosidl_generator_pyExport-noconfig.cmake\n'}
[0.403197] (aiguillages) StdoutLine: {'line': b'-- Up-to-date: /home/user/celluleflexible_en_cours_ROS2/ros_ws/install/aiguillages/share/aiguillages/cmake/rosidl_cmake-extras.cmake\n'}
[0.403222] (aiguillages) StdoutLine: {'line': b'-- Up-to-date: /home/user/celluleflexible_en_cours_ROS2/ros_ws/install/aiguillages/share/aiguillages/cmake/ament_cmake_export_dependencies-extras.cmake\n'}
[0.403245] (aiguillages) StdoutLine: {'line': b'-- Up-to-date: /home/user/celluleflexible_en_cours_ROS2/ros_ws/install/aiguillages/share/aiguillages/cmake/ament_cmake_export_include_directories-extras.cmake\n'}
[0.403267] (aiguillages) StdoutLine: {'line': b'-- Up-to-date: /home/user/celluleflexible_en_cours_ROS2/ros_ws/install/aiguillages/share/aiguillages/cmake/ament_cmake_export_libraries-extras.cmake\n'}
[0.403289] (aiguillages) StdoutLine: {'line': b'-- Up-to-date: /home/user/celluleflexible_en_cours_ROS2/ros_ws/install/aiguillages/share/aiguillages/cmake/ament_cmake_export_targets-extras.cmake\n'}
[0.403310] (aiguillages) StdoutLine: {'line': b'-- Up-to-date: /home/user/celluleflexible_en_cours_ROS2/ros_ws/install/aiguillages/share/aiguillages/cmake/rosidl_cmake_export_typesupport_targets-extras.cmake\n'}
[0.403332] (aiguillages) StdoutLine: {'line': b'-- Up-to-date: /home/user/celluleflexible_en_cours_ROS2/ros_ws/install/aiguillages/share/aiguillages/cmake/rosidl_cmake_export_typesupport_libraries-extras.cmake\n'}
[0.403385] (aiguillages) StdoutLine: {'line': b'-- Up-to-date: /home/user/celluleflexible_en_cours_ROS2/ros_ws/install/aiguillages/share/aiguillages/cmake/aiguillagesConfig.cmake\n'}
[0.403408] (aiguillages) StdoutLine: {'line': b'-- Up-to-date: /home/user/celluleflexible_en_cours_ROS2/ros_ws/install/aiguillages/share/aiguillages/cmake/aiguillagesConfig-version.cmake\n'}
[0.403431] (aiguillages) StdoutLine: {'line': b'-- Up-to-date: /home/user/celluleflexible_en_cours_ROS2/ros_ws/install/aiguillages/share/aiguillages/package.xml\n'}
[0.411953] (aiguillages) CommandEnded: {'returncode': 0}
[0.419347] (aiguillages) JobEnded: {'identifier': 'aiguillages', 'rc': 0}
[0.419875] (-) TimerEvent: {}
[0.420042] (commande_locale) JobStarted: {'identifier': 'commande_locale'}
[0.423769] (shuttles) JobStarted: {'identifier': 'shuttles'}
[0.452178] (commande_locale) JobProgress: {'identifier': 'commande_locale', 'progress': 'cmake'}
[0.452355] (commande_locale) JobProgress: {'identifier': 'commande_locale', 'progress': 'build'}
[0.452400] (commande_locale) Command: {'cmd': ['/usr/bin/cmake', '--build', '/home/user/celluleflexible_en_cours_ROS2/ros_ws/build/commande_locale', '--', '-j8', '-l8'], 'cwd': '/home/user/celluleflexible_en_cours_ROS2/ros_ws/build/commande_locale', 'env': OrderedDict({'LESSOPEN': '| /usr/bin/lesspipe %s', 'USER': 'user', 'XDG_SESSION_TYPE': 'wayland', 'SHLVL': '1', 'LD_LIBRARY_PATH': '/home/user/celluleflexible_en_cours_ROS2/ros_ws/install/aiguillages/lib:/home/user/celluleflexible_en_cours_ROS2/ros_ws/install/shuttles/lib:/home/user/celluleflexible_en_cours_ROS2/ros_ws/install/robots/lib:/home/user/celluleflexible_en_cours_ROS2/ros_ws/install/commande_locale/lib:/opt/ros/jazzy/opt/rviz_ogre_vendor/lib:/opt/ros/jazzy/lib/x86_64-linux-gnu:/opt/ros/jazzy/opt/gz_math_vendor/lib:/opt/ros/jazzy/opt/gz_utils_vendor/lib:/opt/ros/jazzy/opt/gz_cmake_vendor/lib:/opt/ros/jazzy/lib', 'HOME': '/home/user', 'DESKTOP_SESSION': 'ubuntu', 'ROS_PYTHON_VERSION': '3', 'GNOME_SHELL_SESSION_MODE': 'ubuntu', 'GTK_MODULES': 'gail:atk-bridge', 'DBUS_STARTER_BUS_TYPE': 'session', 'SYSTEMD_EXEC_PID': '2240', 'GSM_SKIP_SSH_AGENT_WORKAROUND': 'true', 'DBUS_SESSION_BUS_ADDRESS': 'unix:path=/run/user/1000/bus,guid=6da02ccfb5f5be8b2dc210526992ca6b', 'COLORTERM': 'truecolor', 'DEBUGINFOD_URLS': 'https://debuginfod.ubuntu.com', 'IM_CONFIG_PHASE': '1', 'WAYLAND_DISPLAY': 'wayland-0', 'COLCON_PREFIX_PATH': '/home/user/celluleflexible_en_cours_ROS2/ros_ws/install', 'ROS_DISTRO': 'jazzy', 'LOGNAME': 'user', '_': '/usr/bin/colcon', 'ROS_VERSION': '2', 'MEMORY_PRESSURE_WATCH': '/sys/fs/cgroup/user.slice/user-1000.slice/user@1000.service/app.slice/app-gnome\\x2dsession\\x2dmanager.slice/gnome-session-manager@ubuntu.service/memory.pressure', 'XDG_SESSION_CLASS': 'user', 'USERNAME': 'user', 'TERM': 'xterm-256color', 'GNOME_DESKTOP_SESSION_ID': 'this-is-deprecated', 'PATH': '/opt/ros/jazzy/bin:/usr/local/sbin:/usr/local/bin:/usr/sbin:/usr/bin:/sbin:/bin:/usr/games:/usr/local/games:/snap/bin:/snap/bin', 'SESSION_MANAGER': 'local/Ubuntu:@/tmp/.ICE-unix/2240,unix/Ubuntu:/tmp/.ICE-unix/2240', 'XDG_MENU_PREFIX': 'gnome-', 'GNOME_TERMINAL_SCREEN': '/org/gnome/Terminal/screen/c7962f18_f474_48af_ace3_a3479f78beab', 'GNOME_SETUP_DISPLAY': ':1', 'XDG_RUNTIME_DIR': '/run/user/1000', 'DISPLAY': ':0', 'LANG': 'en_US.UTF-8', 'XDG_CURRENT_DESKTOP': 'ubuntu:GNOME', 'XMODIFIERS': '@im=ibus', 'XDG_SESSION_DESKTOP': 'ubuntu', 'XAUTHORITY': '/run/user/1000/.mutter-Xwaylandauth.HCD1K3', 'LS_COLORS': 'rs=0:di=01;34:ln=01;36:mh=00:pi=40;33:so=01;35:do=01;35:bd=40;33;01:cd=40;33;01:or=40;31;01:mi=00:su=37;41:sg=30;43:ca=00:tw=30;42:ow=34;42:st=37;44:ex=01;32:*.tar=01;31:*.tgz=01;31:*.arc=01;31:*.arj=01;31:*.taz=01;31:*.lha=01;31:*.lz4=01;31:*.lzh=01;31:*.lzma=01;31:*.tlz=01;31:*.txz=01;31:*.tzo=01;31:*.t7z=01;31:*.zip=01;31:*.z=01;31:*.dz=01;31:*.gz=01;31:*.lrz=01;31:*.lz=01;31:*.lzo=01;31:*.xz=01;31:*.zst=01;31:*.tzst=01;31:*.bz2=01;31:*.bz=01;31:*.tbz=01;31:*.tbz2=01;31:*.tz=01;31:*.deb=01;31:*.rpm=01;31:*.jar=01;31:*.war=01;31:*.ear=01;31:*.sar=01;31:*.rar=01;31:*.alz=01;31:*.ace=01;31:*.zoo=01;31:*.cpio=01;31:*.7z=01;31:*.rz=01;31:*.cab=01;31:*.wim=01;31:*.swm=01;31:*.dwm=01;31:*.esd=01;31:*.avif=01;35:*.jpg=01;35:*.jpeg=01;35:*.mjpg=01;35:*.mjpeg=01;35:*.gif=01;35:*.bmp=01;35:*.pbm=01;35:*.pgm=01;35:*.ppm=01;35:*.tga=01;35:*.xbm=01;35:*.xpm=01;35:*.tif=01;35:*.tiff=01;35:*.png=01;35:*.svg=01;35:*.svgz=01;35:*.mng=01;35:*.pcx=01;35:*.mov=01;35:*.mpg=01;35:*.mpeg=01;35:*.m2v=01;35:*.mkv=01;35:*.webm=01;35:*.webp=01;35:*.ogm=01;35:*.mp4=01;35:*.m4v=01;35:*.mp4v=01;35:*.vob=01;35:*.qt=01;35:*.nuv=01;35:*.wmv=01;35:*.asf=01;35:*.rm=01;35:*.rmvb=01;35:*.flc=01;35:*.avi=01;35:*.fli=01;35:*.flv=01;35:*.gl=01;35:*.dl=01;35:*.xcf=01;35:*.xwd=01;35:*.yuv=01;35:*.cgm=01;35:*.emf=01;35:*.ogv=01;35:*.ogx=01;35:*.aac=00;36:*.au=00;36:*.flac=00;36:*.m4a=00;36:*.mid=00;36:*.midi=00;36:*.mka=00;36:*.mp3=00;36:*.mpc=00;36:*.ogg=00;36:*.ra=00;36:*.wav=00;36:*.oga=00;36:*.opus=00;36:*.spx=00;36:*.xspf=00;36:*~=00;90:*#=00;90:*.bak=00;90:*.crdownload=00;90:*.dpkg-dist=00;90:*.dpkg-new=00;90:*.dpkg-old=00;90:*.dpkg-tmp=00;90:*.old=00;90:*.orig=00;90:*.part=00;90:*.rej=00;90:*.rpmnew=00;90:*.rpmorig=00;90:*.rpmsave=00;90:*.swp=00;90:*.tmp=00;90:*.ucf-dist=00;90:*.ucf-new=00;90:*.ucf-old=00;90:', 'GNOME_TERMINAL_SERVICE': ':1.781', 'SSH_AUTH_SOCK': '/run/user/1000/keyring/ssh', 'AMENT_PREFIX_PATH': '/home/user/celluleflexible_en_cours_ROS2/ros_ws/install/shuttles:/home/user/celluleflexible_en_cours_ROS2/ros_ws/install/robots:/home/user/celluleflexible_en_cours_ROS2/ros_ws/install/commande_locale:/home/user/celluleflexible_en_cours_ROS2/ros_ws/install/aiguillages:/opt/ros/jazzy', 'SHELL': '/bin/bash', 'QT_ACCESSIBILITY': '1', 'GDMSESSION': 'ubuntu', 'LESSCLOSE': '/usr/bin/lesspipe %s %s', 'ROS_AUTOMATIC_DISCOVERY_RANGE': 'SUBNET', 'QT_IM_MODULE': 'ibus', 'PWD': '/home/user/celluleflexible_en_cours_ROS2/ros_ws/build/commande_locale', 'LC_ALL': 'en_US.UTF-8', 'XDG_CONFIG_DIRS': '/etc/xdg/xdg-ubuntu:/etc/xdg', 'DBUS_STARTER_ADDRESS': 'unix:path=/run/user/1000/bus,guid=6da02ccfb5f5be8b2dc210526992ca6b', 'XDG_DATA_DIRS': '/usr/share/ubuntu:/usr/share/gnome:/usr/local/share/:/usr/share/:/var/lib/snapd/desktop', 'PYTHONPATH': '/home/user/celluleflexible_en_cours_ROS2/ros_ws/install/aiguillages/lib/python3.12/site-packages:/home/user/celluleflexible_en_cours_ROS2/ros_ws/install/shuttles/lib/python3.12/site-packages:/home/user/celluleflexible_en_cours_ROS2/ros_ws/install/robots/lib/python3.12/site-packages:/home/user/celluleflexible_en_cours_ROS2/ros_ws/install/commande_locale/lib/python3.12/site-packages:/opt/ros/jazzy/lib/python3.12/site-packages', 'COLCON': '1', 'MEMORY_PRESSURE_WRITE': 'c29tZSAyMDAwMDAgMjAwMDAwMAA=', 'VTE_VERSION': '7600', 'CMAKE_PREFIX_PATH': '/home/user/celluleflexible_en_cours_ROS2/ros_ws/install/aiguillages:/home/user/celluleflexible_en_cours_ROS2/ros_ws/install/shuttles:/home/user/celluleflexible_en_cours_ROS2/ros_ws/install/robots:/home/user/celluleflexible_en_cours_ROS2/ros_ws/install/commande_locale:/opt/ros/jazzy/opt/gz_math_vendor:/opt/ros/jazzy/opt/gz_utils_vendor:/opt/ros/jazzy/opt/gz_cmake_vendor:/opt/ros/jazzy'}), 'shell': False}
[0.454837] (shuttles) JobProgress: {'identifier': 'shuttles', 'progress': 'cmake'}
[0.455682] (shuttles) JobProgress: {'identifier': 'shuttles', 'progress': 'build'}
[0.455704] (shuttles) Command: {'cmd': ['/usr/bin/cmake', '--build', '/home/user/celluleflexible_en_cours_ROS2/ros_ws/build/shuttles', '--', '-j8', '-l8'], 'cwd': '/home/user/celluleflexible_en_cours_ROS2/ros_ws/build/shuttles', 'env': OrderedDict({'LESSOPEN': '| /usr/bin/lesspipe %s', 'USER': 'user', 'XDG_SESSION_TYPE': 'wayland', 'SHLVL': '1', 'LD_LIBRARY_PATH': '/home/user/celluleflexible_en_cours_ROS2/ros_ws/install/aiguillages/lib:/home/user/celluleflexible_en_cours_ROS2/ros_ws/install/shuttles/lib:/home/user/celluleflexible_en_cours_ROS2/ros_ws/install/robots/lib:/home/user/celluleflexible_en_cours_ROS2/ros_ws/install/commande_locale/lib:/opt/ros/jazzy/opt/rviz_ogre_vendor/lib:/opt/ros/jazzy/lib/x86_64-linux-gnu:/opt/ros/jazzy/opt/gz_math_vendor/lib:/opt/ros/jazzy/opt/gz_utils_vendor/lib:/opt/ros/jazzy/opt/gz_cmake_vendor/lib:/opt/ros/jazzy/lib', 'HOME': '/home/user', 'DESKTOP_SESSION': 'ubuntu', 'ROS_PYTHON_VERSION': '3', 'GNOME_SHELL_SESSION_MODE': 'ubuntu', 'GTK_MODULES': 'gail:atk-bridge', 'DBUS_STARTER_BUS_TYPE': 'session', 'SYSTEMD_EXEC_PID': '2240', 'GSM_SKIP_SSH_AGENT_WORKAROUND': 'true', 'DBUS_SESSION_BUS_ADDRESS': 'unix:path=/run/user/1000/bus,guid=6da02ccfb5f5be8b2dc210526992ca6b', 'COLORTERM': 'truecolor', 'DEBUGINFOD_URLS': 'https://debuginfod.ubuntu.com', 'IM_CONFIG_PHASE': '1', 'WAYLAND_DISPLAY': 'wayland-0', 'COLCON_PREFIX_PATH': '/home/user/celluleflexible_en_cours_ROS2/ros_ws/install', 'ROS_DISTRO': 'jazzy', 'LOGNAME': 'user', '_': '/usr/bin/colcon', 'ROS_VERSION': '2', 'MEMORY_PRESSURE_WATCH': '/sys/fs/cgroup/user.slice/user-1000.slice/user@1000.service/app.slice/app-gnome\\x2dsession\\x2dmanager.slice/gnome-session-manager@ubuntu.service/memory.pressure', 'XDG_SESSION_CLASS': 'user', 'USERNAME': 'user', 'TERM': 'xterm-256color', 'GNOME_DESKTOP_SESSION_ID': 'this-is-deprecated', 'PATH': '/opt/ros/jazzy/bin:/usr/local/sbin:/usr/local/bin:/usr/sbin:/usr/bin:/sbin:/bin:/usr/games:/usr/local/games:/snap/bin:/snap/bin', 'SESSION_MANAGER': 'local/Ubuntu:@/tmp/.ICE-unix/2240,unix/Ubuntu:/tmp/.ICE-unix/2240', 'XDG_MENU_PREFIX': 'gnome-', 'GNOME_TERMINAL_SCREEN': '/org/gnome/Terminal/screen/c7962f18_f474_48af_ace3_a3479f78beab', 'GNOME_SETUP_DISPLAY': ':1', 'XDG_RUNTIME_DIR': '/run/user/1000', 'DISPLAY': ':0', 'LANG': 'en_US.UTF-8', 'XDG_CURRENT_DESKTOP': 'ubuntu:GNOME', 'XMODIFIERS': '@im=ibus', 'XDG_SESSION_DESKTOP': 'ubuntu', 'XAUTHORITY': '/run/user/1000/.mutter-Xwaylandauth.HCD1K3', 'LS_COLORS': 'rs=0:di=01;34:ln=01;36:mh=00:pi=40;33:so=01;35:do=01;35:bd=40;33;01:cd=40;33;01:or=40;31;01:mi=00:su=37;41:sg=30;43:ca=00:tw=30;42:ow=34;42:st=37;44:ex=01;32:*.tar=01;31:*.tgz=01;31:*.arc=01;31:*.arj=01;31:*.taz=01;31:*.lha=01;31:*.lz4=01;31:*.lzh=01;31:*.lzma=01;31:*.tlz=01;31:*.txz=01;31:*.tzo=01;31:*.t7z=01;31:*.zip=01;31:*.z=01;31:*.dz=01;31:*.gz=01;31:*.lrz=01;31:*.lz=01;31:*.lzo=01;31:*.xz=01;31:*.zst=01;31:*.tzst=01;31:*.bz2=01;31:*.bz=01;31:*.tbz=01;31:*.tbz2=01;31:*.tz=01;31:*.deb=01;31:*.rpm=01;31:*.jar=01;31:*.war=01;31:*.ear=01;31:*.sar=01;31:*.rar=01;31:*.alz=01;31:*.ace=01;31:*.zoo=01;31:*.cpio=01;31:*.7z=01;31:*.rz=01;31:*.cab=01;31:*.wim=01;31:*.swm=01;31:*.dwm=01;31:*.esd=01;31:*.avif=01;35:*.jpg=01;35:*.jpeg=01;35:*.mjpg=01;35:*.mjpeg=01;35:*.gif=01;35:*.bmp=01;35:*.pbm=01;35:*.pgm=01;35:*.ppm=01;35:*.tga=01;35:*.xbm=01;35:*.xpm=01;35:*.tif=01;35:*.tiff=01;35:*.png=01;35:*.svg=01;35:*.svgz=01;35:*.mng=01;35:*.pcx=01;35:*.mov=01;35:*.mpg=01;35:*.mpeg=01;35:*.m2v=01;35:*.mkv=01;35:*.webm=01;35:*.webp=01;35:*.ogm=01;35:*.mp4=01;35:*.m4v=01;35:*.mp4v=01;35:*.vob=01;35:*.qt=01;35:*.nuv=01;35:*.wmv=01;35:*.asf=01;35:*.rm=01;35:*.rmvb=01;35:*.flc=01;35:*.avi=01;35:*.fli=01;35:*.flv=01;35:*.gl=01;35:*.dl=01;35:*.xcf=01;35:*.xwd=01;35:*.yuv=01;35:*.cgm=01;35:*.emf=01;35:*.ogv=01;35:*.ogx=01;35:*.aac=00;36:*.au=00;36:*.flac=00;36:*.m4a=00;36:*.mid=00;36:*.midi=00;36:*.mka=00;36:*.mp3=00;36:*.mpc=00;36:*.ogg=00;36:*.ra=00;36:*.wav=00;36:*.oga=00;36:*.opus=00;36:*.spx=00;36:*.xspf=00;36:*~=00;90:*#=00;90:*.bak=00;90:*.crdownload=00;90:*.dpkg-dist=00;90:*.dpkg-new=00;90:*.dpkg-old=00;90:*.dpkg-tmp=00;90:*.old=00;90:*.orig=00;90:*.part=00;90:*.rej=00;90:*.rpmnew=00;90:*.rpmorig=00;90:*.rpmsave=00;90:*.swp=00;90:*.tmp=00;90:*.ucf-dist=00;90:*.ucf-new=00;90:*.ucf-old=00;90:', 'GNOME_TERMINAL_SERVICE': ':1.781', 'SSH_AUTH_SOCK': '/run/user/1000/keyring/ssh', 'AMENT_PREFIX_PATH': '/home/user/celluleflexible_en_cours_ROS2/ros_ws/install/shuttles:/home/user/celluleflexible_en_cours_ROS2/ros_ws/install/robots:/home/user/celluleflexible_en_cours_ROS2/ros_ws/install/commande_locale:/home/user/celluleflexible_en_cours_ROS2/ros_ws/install/aiguillages:/opt/ros/jazzy', 'SHELL': '/bin/bash', 'QT_ACCESSIBILITY': '1', 'GDMSESSION': 'ubuntu', 'LESSCLOSE': '/usr/bin/lesspipe %s %s', 'ROS_AUTOMATIC_DISCOVERY_RANGE': 'SUBNET', 'QT_IM_MODULE': 'ibus', 'PWD': '/home/user/celluleflexible_en_cours_ROS2/ros_ws/build/shuttles', 'LC_ALL': 'en_US.UTF-8', 'XDG_CONFIG_DIRS': '/etc/xdg/xdg-ubuntu:/etc/xdg', 'DBUS_STARTER_ADDRESS': 'unix:path=/run/user/1000/bus,guid=6da02ccfb5f5be8b2dc210526992ca6b', 'XDG_DATA_DIRS': '/usr/share/ubuntu:/usr/share/gnome:/usr/local/share/:/usr/share/:/var/lib/snapd/desktop', 'PYTHONPATH': '/home/user/celluleflexible_en_cours_ROS2/ros_ws/install/aiguillages/lib/python3.12/site-packages:/home/user/celluleflexible_en_cours_ROS2/ros_ws/install/shuttles/lib/python3.12/site-packages:/home/user/celluleflexible_en_cours_ROS2/ros_ws/install/robots/lib/python3.12/site-packages:/home/user/celluleflexible_en_cours_ROS2/ros_ws/install/commande_locale/lib/python3.12/site-packages:/opt/ros/jazzy/lib/python3.12/site-packages', 'COLCON': '1', 'MEMORY_PRESSURE_WRITE': 'c29tZSAyMDAwMDAgMjAwMDAwMAA=', 'VTE_VERSION': '7600', 'CMAKE_PREFIX_PATH': '/home/user/celluleflexible_en_cours_ROS2/ros_ws/install/aiguillages:/home/user/celluleflexible_en_cours_ROS2/ros_ws/install/shuttles:/home/user/celluleflexible_en_cours_ROS2/ros_ws/install/robots:/home/user/celluleflexible_en_cours_ROS2/ros_ws/install/commande_locale:/opt/ros/jazzy/opt/gz_math_vendor:/opt/ros/jazzy/opt/gz_utils_vendor:/opt/ros/jazzy/opt/gz_cmake_vendor:/opt/ros/jazzy'}), 'shell': False}
[0.508676] (commande_locale) StdoutLine: {'line': b'[  0%] Built target commande_locale__rosidl_generator_type_description\n'}
[0.510423] (shuttles) StdoutLine: {'line': b'[  1%] Built target shuttles__rosidl_generator_type_description\n'}
[0.517159] (commande_locale) StdoutLine: {'line': b'[  0%] Built target ament_cmake_python_copy_commande_locale\n'}
[0.518205] (shuttles) StdoutLine: {'line': b'[  1%] Built target ament_cmake_python_copy_shuttles\n'}
[0.520136] (-) TimerEvent: {}
[0.536553] (commande_locale) StdoutLine: {'line': b'[  0%] Built target commande_locale__cpp\n'}
[0.537145] (shuttles) StdoutLine: {'line': b'[  2%] Built target shuttles__cpp\n'}
[0.538656] (shuttles) StdoutLine: {'line': b'[ 23%] Built target shuttles__rosidl_generator_c\n'}
[0.542339] (commande_locale) StdoutLine: {'line': b'[ 26%] Built target commande_locale__rosidl_generator_c\n'}
[0.617244] (shuttles) StdoutLine: {'line': b'[ 32%] Built target shuttles__rosidl_typesupport_c\n'}
[0.617389] (shuttles) StdoutLine: {'line': b'[ 41%] Built target shuttles__rosidl_typesupport_cpp\n'}
[0.618904] (shuttles) StdoutLine: {'line': b'[ 50%] Built target shuttles__rosidl_typesupport_introspection_c\n'}
[0.621139] (-) TimerEvent: {}
[0.632583] (shuttles) StdoutLine: {'line': b'[ 58%] Built target shuttles__rosidl_typesupport_introspection_cpp\n'}
[0.632754] (shuttles) StdoutLine: {'line': b'[ 67%] Built target shuttles__rosidl_typesupport_fastrtps_cpp\n'}
[0.633391] (shuttles) StdoutLine: {'line': b'[ 76%] Built target shuttles__rosidl_typesupport_fastrtps_c\n'}
[0.636311] (commande_locale) StdoutLine: {'line': b'[ 36%] Built target commande_locale__rosidl_typesupport_fastrtps_c\n'}
[0.637410] (commande_locale) StdoutLine: {'line': b'[ 46%] Built target commande_locale__rosidl_typesupport_c\n'}
[0.638926] (commande_locale) StdoutLine: {'line': b'[ 55%] Built target commande_locale__rosidl_typesupport_fastrtps_cpp\n'}
[0.647353] (commande_locale) StdoutLine: {'line': b'[ 64%] Built target commande_locale__rosidl_typesupport_cpp\n'}
[0.649169] (commande_locale) StdoutLine: {'line': b'[ 73%] Built target commande_locale__rosidl_typesupport_introspection_cpp\n'}
[0.649255] (commande_locale) StdoutLine: {'line': b'[ 83%] Built target commande_locale__rosidl_typesupport_introspection_c\n'}
[0.659588] (shuttles) StdoutLine: {'line': b'[ 76%] Built target shuttles\n'}
[0.661129] (shuttles) StdoutLine: {'line': b'[ 82%] Built target shuttle_manager\n'}
[0.687141] (commande_locale) StdoutLine: {'line': b'[ 83%] Built target commande_locale\n'}
[0.697427] (commande_locale) StdoutLine: {'line': b'[ 86%] Built target simulation\n'}
[0.701825] (shuttles) StdoutLine: {'line': b'[ 83%] Built target shuttles__py\n'}
[0.721371] (-) TimerEvent: {}
[0.727013] (commande_locale) StdoutLine: {'line': b'[ 87%] Built target commande_locale__py\n'}
[0.742286] (shuttles) StdoutLine: {'line': b'[ 91%] Built target shuttles__rosidl_generator_py\n'}
[0.757055] (commande_locale) StdoutLine: {'line': b'[ 96%] Built target commande_locale__rosidl_generator_py\n'}
[0.772184] (shuttles) StdoutLine: {'line': b'[ 95%] Built target shuttles_s__rosidl_typesupport_fastrtps_c\n'}
[0.774436] (shuttles) StdoutLine: {'line': b'[ 97%] Built target shuttles_s__rosidl_typesupport_introspection_c\n'}
[0.775773] (shuttles) StdoutLine: {'line': b'[100%] Built target shuttles_s__rosidl_typesupport_c\n'}
[0.780583] (shuttles) StdoutLine: {'line': b'running egg_info\n'}
[0.782171] (commande_locale) StdoutLine: {'line': b'running egg_info\n'}
[0.786790] (commande_locale) StdoutLine: {'line': b'[ 98%] Built target commande_locale_s__rosidl_typesupport_fastrtps_c\n'}
[0.790900] (commande_locale) StdoutLine: {'line': b'[100%] Built target commande_locale_s__rosidl_typesupport_c\n'}
[0.791216] (commande_locale) StdoutLine: {'line': b'[100%] Built target commande_locale_s__rosidl_typesupport_introspection_c\n'}
[0.791842] (shuttles) StdoutLine: {'line': b'writing shuttles.egg-info/PKG-INFO\n'}
[0.794461] (commande_locale) StdoutLine: {'line': b'writing commande_locale.egg-info/PKG-INFO\n'}
[0.794535] (shuttles) StdoutLine: {'line': b'writing dependency_links to shuttles.egg-info/dependency_links.txt\n'}
[0.794572] (shuttles) StdoutLine: {'line': b'writing top-level names to shuttles.egg-info/top_level.txt\n'}
[0.794603] (commande_locale) StdoutLine: {'line': b'writing dependency_links to commande_locale.egg-info/dependency_links.txt\n'}
[0.794631] (commande_locale) StdoutLine: {'line': b'writing top-level names to commande_locale.egg-info/top_level.txt\n'}
[0.821469] (-) TimerEvent: {}
[0.827796] (shuttles) StdoutLine: {'line': b"reading manifest file 'shuttles.egg-info/SOURCES.txt'\n"}
[0.828495] (shuttles) StdoutLine: {'line': b"writing manifest file 'shuttles.egg-info/SOURCES.txt'\n"}
[0.829324] (commande_locale) StdoutLine: {'line': b"reading manifest file 'commande_locale.egg-info/SOURCES.txt'\n"}
[0.829741] (commande_locale) StdoutLine: {'line': b"writing manifest file 'commande_locale.egg-info/SOURCES.txt'\n"}
[0.851202] (shuttles) StdoutLine: {'line': b'[100%] Built target ament_cmake_python_build_shuttles_egg\n'}
[0.851731] (commande_locale) StdoutLine: {'line': b'[100%] Built target ament_cmake_python_build_commande_locale_egg\n'}
[0.868814] (commande_locale) CommandEnded: {'returncode': 0}
[0.876038] (commande_locale) JobProgress: {'identifier': 'commande_locale', 'progress': 'install'}
[0.876062] (commande_locale) Command: {'cmd': ['/usr/bin/cmake', '--install', '/home/user/celluleflexible_en_cours_ROS2/ros_ws/build/commande_locale'], 'cwd': '/home/user/celluleflexible_en_cours_ROS2/ros_ws/build/commande_locale', 'env': OrderedDict({'LESSOPEN': '| /usr/bin/lesspipe %s', 'USER': 'user', 'XDG_SESSION_TYPE': 'wayland', 'SHLVL': '1', 'LD_LIBRARY_PATH': '/home/user/celluleflexible_en_cours_ROS2/ros_ws/install/aiguillages/lib:/home/user/celluleflexible_en_cours_ROS2/ros_ws/install/shuttles/lib:/home/user/celluleflexible_en_cours_ROS2/ros_ws/install/robots/lib:/home/user/celluleflexible_en_cours_ROS2/ros_ws/install/commande_locale/lib:/opt/ros/jazzy/opt/rviz_ogre_vendor/lib:/opt/ros/jazzy/lib/x86_64-linux-gnu:/opt/ros/jazzy/opt/gz_math_vendor/lib:/opt/ros/jazzy/opt/gz_utils_vendor/lib:/opt/ros/jazzy/opt/gz_cmake_vendor/lib:/opt/ros/jazzy/lib', 'HOME': '/home/user', 'DESKTOP_SESSION': 'ubuntu', 'ROS_PYTHON_VERSION': '3', 'GNOME_SHELL_SESSION_MODE': 'ubuntu', 'GTK_MODULES': 'gail:atk-bridge', 'DBUS_STARTER_BUS_TYPE': 'session', 'SYSTEMD_EXEC_PID': '2240', 'GSM_SKIP_SSH_AGENT_WORKAROUND': 'true', 'DBUS_SESSION_BUS_ADDRESS': 'unix:path=/run/user/1000/bus,guid=6da02ccfb5f5be8b2dc210526992ca6b', 'COLORTERM': 'truecolor', 'DEBUGINFOD_URLS': 'https://debuginfod.ubuntu.com', 'IM_CONFIG_PHASE': '1', 'WAYLAND_DISPLAY': 'wayland-0', 'COLCON_PREFIX_PATH': '/home/user/celluleflexible_en_cours_ROS2/ros_ws/install', 'ROS_DISTRO': 'jazzy', 'LOGNAME': 'user', '_': '/usr/bin/colcon', 'ROS_VERSION': '2', 'MEMORY_PRESSURE_WATCH': '/sys/fs/cgroup/user.slice/user-1000.slice/user@1000.service/app.slice/app-gnome\\x2dsession\\x2dmanager.slice/gnome-session-manager@ubuntu.service/memory.pressure', 'XDG_SESSION_CLASS': 'user', 'USERNAME': 'user', 'TERM': 'xterm-256color', 'GNOME_DESKTOP_SESSION_ID': 'this-is-deprecated', 'PATH': '/opt/ros/jazzy/bin:/usr/local/sbin:/usr/local/bin:/usr/sbin:/usr/bin:/sbin:/bin:/usr/games:/usr/local/games:/snap/bin:/snap/bin', 'SESSION_MANAGER': 'local/Ubuntu:@/tmp/.ICE-unix/2240,unix/Ubuntu:/tmp/.ICE-unix/2240', 'XDG_MENU_PREFIX': 'gnome-', 'GNOME_TERMINAL_SCREEN': '/org/gnome/Terminal/screen/c7962f18_f474_48af_ace3_a3479f78beab', 'GNOME_SETUP_DISPLAY': ':1', 'XDG_RUNTIME_DIR': '/run/user/1000', 'DISPLAY': ':0', 'LANG': 'en_US.UTF-8', 'XDG_CURRENT_DESKTOP': 'ubuntu:GNOME', 'XMODIFIERS': '@im=ibus', 'XDG_SESSION_DESKTOP': 'ubuntu', 'XAUTHORITY': '/run/user/1000/.mutter-Xwaylandauth.HCD1K3', 'LS_COLORS': 'rs=0:di=01;34:ln=01;36:mh=00:pi=40;33:so=01;35:do=01;35:bd=40;33;01:cd=40;33;01:or=40;31;01:mi=00:su=37;41:sg=30;43:ca=00:tw=30;42:ow=34;42:st=37;44:ex=01;32:*.tar=01;31:*.tgz=01;31:*.arc=01;31:*.arj=01;31:*.taz=01;31:*.lha=01;31:*.lz4=01;31:*.lzh=01;31:*.lzma=01;31:*.tlz=01;31:*.txz=01;31:*.tzo=01;31:*.t7z=01;31:*.zip=01;31:*.z=01;31:*.dz=01;31:*.gz=01;31:*.lrz=01;31:*.lz=01;31:*.lzo=01;31:*.xz=01;31:*.zst=01;31:*.tzst=01;31:*.bz2=01;31:*.bz=01;31:*.tbz=01;31:*.tbz2=01;31:*.tz=01;31:*.deb=01;31:*.rpm=01;31:*.jar=01;31:*.war=01;31:*.ear=01;31:*.sar=01;31:*.rar=01;31:*.alz=01;31:*.ace=01;31:*.zoo=01;31:*.cpio=01;31:*.7z=01;31:*.rz=01;31:*.cab=01;31:*.wim=01;31:*.swm=01;31:*.dwm=01;31:*.esd=01;31:*.avif=01;35:*.jpg=01;35:*.jpeg=01;35:*.mjpg=01;35:*.mjpeg=01;35:*.gif=01;35:*.bmp=01;35:*.pbm=01;35:*.pgm=01;35:*.ppm=01;35:*.tga=01;35:*.xbm=01;35:*.xpm=01;35:*.tif=01;35:*.tiff=01;35:*.png=01;35:*.svg=01;35:*.svgz=01;35:*.mng=01;35:*.pcx=01;35:*.mov=01;35:*.mpg=01;35:*.mpeg=01;35:*.m2v=01;35:*.mkv=01;35:*.webm=01;35:*.webp=01;35:*.ogm=01;35:*.mp4=01;35:*.m4v=01;35:*.mp4v=01;35:*.vob=01;35:*.qt=01;35:*.nuv=01;35:*.wmv=01;35:*.asf=01;35:*.rm=01;35:*.rmvb=01;35:*.flc=01;35:*.avi=01;35:*.fli=01;35:*.flv=01;35:*.gl=01;35:*.dl=01;35:*.xcf=01;35:*.xwd=01;35:*.yuv=01;35:*.cgm=01;35:*.emf=01;35:*.ogv=01;35:*.ogx=01;35:*.aac=00;36:*.au=00;36:*.flac=00;36:*.m4a=00;36:*.mid=00;36:*.midi=00;36:*.mka=00;36:*.mp3=00;36:*.mpc=00;36:*.ogg=00;36:*.ra=00;36:*.wav=00;36:*.oga=00;36:*.opus=00;36:*.spx=00;36:*.xspf=00;36:*~=00;90:*#=00;90:*.bak=00;90:*.crdownload=00;90:*.dpkg-dist=00;90:*.dpkg-new=00;90:*.dpkg-old=00;90:*.dpkg-tmp=00;90:*.old=00;90:*.orig=00;90:*.part=00;90:*.rej=00;90:*.rpmnew=00;90:*.rpmorig=00;90:*.rpmsave=00;90:*.swp=00;90:*.tmp=00;90:*.ucf-dist=00;90:*.ucf-new=00;90:*.ucf-old=00;90:', 'GNOME_TERMINAL_SERVICE': ':1.781', 'SSH_AUTH_SOCK': '/run/user/1000/keyring/ssh', 'AMENT_PREFIX_PATH': '/home/user/celluleflexible_en_cours_ROS2/ros_ws/install/shuttles:/home/user/celluleflexible_en_cours_ROS2/ros_ws/install/robots:/home/user/celluleflexible_en_cours_ROS2/ros_ws/install/commande_locale:/home/user/celluleflexible_en_cours_ROS2/ros_ws/install/aiguillages:/opt/ros/jazzy', 'SHELL': '/bin/bash', 'QT_ACCESSIBILITY': '1', 'GDMSESSION': 'ubuntu', 'LESSCLOSE': '/usr/bin/lesspipe %s %s', 'ROS_AUTOMATIC_DISCOVERY_RANGE': 'SUBNET', 'QT_IM_MODULE': 'ibus', 'PWD': '/home/user/celluleflexible_en_cours_ROS2/ros_ws/build/commande_locale', 'LC_ALL': 'en_US.UTF-8', 'XDG_CONFIG_DIRS': '/etc/xdg/xdg-ubuntu:/etc/xdg', 'DBUS_STARTER_ADDRESS': 'unix:path=/run/user/1000/bus,guid=6da02ccfb5f5be8b2dc210526992ca6b', 'XDG_DATA_DIRS': '/usr/share/ubuntu:/usr/share/gnome:/usr/local/share/:/usr/share/:/var/lib/snapd/desktop', 'PYTHONPATH': '/home/user/celluleflexible_en_cours_ROS2/ros_ws/install/aiguillages/lib/python3.12/site-packages:/home/user/celluleflexible_en_cours_ROS2/ros_ws/install/shuttles/lib/python3.12/site-packages:/home/user/celluleflexible_en_cours_ROS2/ros_ws/install/robots/lib/python3.12/site-packages:/home/user/celluleflexible_en_cours_ROS2/ros_ws/install/commande_locale/lib/python3.12/site-packages:/opt/ros/jazzy/lib/python3.12/site-packages', 'COLCON': '1', 'MEMORY_PRESSURE_WRITE': 'c29tZSAyMDAwMDAgMjAwMDAwMAA=', 'VTE_VERSION': '7600', 'CMAKE_PREFIX_PATH': '/home/user/celluleflexible_en_cours_ROS2/ros_ws/install/aiguillages:/home/user/celluleflexible_en_cours_ROS2/ros_ws/install/shuttles:/home/user/celluleflexible_en_cours_ROS2/ros_ws/install/robots:/home/user/celluleflexible_en_cours_ROS2/ros_ws/install/commande_locale:/opt/ros/jazzy/opt/gz_math_vendor:/opt/ros/jazzy/opt/gz_utils_vendor:/opt/ros/jazzy/opt/gz_cmake_vendor:/opt/ros/jazzy'}), 'shell': False}
[0.876865] (shuttles) CommandEnded: {'returncode': 0}
[0.878394] (shuttles) JobProgress: {'identifier': 'shuttles', 'progress': 'install'}
[0.878414] (shuttles) Command: {'cmd': ['/usr/bin/cmake', '--install', '/home/user/celluleflexible_en_cours_ROS2/ros_ws/build/shuttles'], 'cwd': '/home/user/celluleflexible_en_cours_ROS2/ros_ws/build/shuttles', 'env': OrderedDict({'LESSOPEN': '| /usr/bin/lesspipe %s', 'USER': 'user', 'XDG_SESSION_TYPE': 'wayland', 'SHLVL': '1', 'LD_LIBRARY_PATH': '/home/user/celluleflexible_en_cours_ROS2/ros_ws/install/aiguillages/lib:/home/user/celluleflexible_en_cours_ROS2/ros_ws/install/shuttles/lib:/home/user/celluleflexible_en_cours_ROS2/ros_ws/install/robots/lib:/home/user/celluleflexible_en_cours_ROS2/ros_ws/install/commande_locale/lib:/opt/ros/jazzy/opt/rviz_ogre_vendor/lib:/opt/ros/jazzy/lib/x86_64-linux-gnu:/opt/ros/jazzy/opt/gz_math_vendor/lib:/opt/ros/jazzy/opt/gz_utils_vendor/lib:/opt/ros/jazzy/opt/gz_cmake_vendor/lib:/opt/ros/jazzy/lib', 'HOME': '/home/user', 'DESKTOP_SESSION': 'ubuntu', 'ROS_PYTHON_VERSION': '3', 'GNOME_SHELL_SESSION_MODE': 'ubuntu', 'GTK_MODULES': 'gail:atk-bridge', 'DBUS_STARTER_BUS_TYPE': 'session', 'SYSTEMD_EXEC_PID': '2240', 'GSM_SKIP_SSH_AGENT_WORKAROUND': 'true', 'DBUS_SESSION_BUS_ADDRESS': 'unix:path=/run/user/1000/bus,guid=6da02ccfb5f5be8b2dc210526992ca6b', 'COLORTERM': 'truecolor', 'DEBUGINFOD_URLS': 'https://debuginfod.ubuntu.com', 'IM_CONFIG_PHASE': '1', 'WAYLAND_DISPLAY': 'wayland-0', 'COLCON_PREFIX_PATH': '/home/user/celluleflexible_en_cours_ROS2/ros_ws/install', 'ROS_DISTRO': 'jazzy', 'LOGNAME': 'user', '_': '/usr/bin/colcon', 'ROS_VERSION': '2', 'MEMORY_PRESSURE_WATCH': '/sys/fs/cgroup/user.slice/user-1000.slice/user@1000.service/app.slice/app-gnome\\x2dsession\\x2dmanager.slice/gnome-session-manager@ubuntu.service/memory.pressure', 'XDG_SESSION_CLASS': 'user', 'USERNAME': 'user', 'TERM': 'xterm-256color', 'GNOME_DESKTOP_SESSION_ID': 'this-is-deprecated', 'PATH': '/opt/ros/jazzy/bin:/usr/local/sbin:/usr/local/bin:/usr/sbin:/usr/bin:/sbin:/bin:/usr/games:/usr/local/games:/snap/bin:/snap/bin', 'SESSION_MANAGER': 'local/Ubuntu:@/tmp/.ICE-unix/2240,unix/Ubuntu:/tmp/.ICE-unix/2240', 'XDG_MENU_PREFIX': 'gnome-', 'GNOME_TERMINAL_SCREEN': '/org/gnome/Terminal/screen/c7962f18_f474_48af_ace3_a3479f78beab', 'GNOME_SETUP_DISPLAY': ':1', 'XDG_RUNTIME_DIR': '/run/user/1000', 'DISPLAY': ':0', 'LANG': 'en_US.UTF-8', 'XDG_CURRENT_DESKTOP': 'ubuntu:GNOME', 'XMODIFIERS': '@im=ibus', 'XDG_SESSION_DESKTOP': 'ubuntu', 'XAUTHORITY': '/run/user/1000/.mutter-Xwaylandauth.HCD1K3', 'LS_COLORS': 'rs=0:di=01;34:ln=01;36:mh=00:pi=40;33:so=01;35:do=01;35:bd=40;33;01:cd=40;33;01:or=40;31;01:mi=00:su=37;41:sg=30;43:ca=00:tw=30;42:ow=34;42:st=37;44:ex=01;32:*.tar=01;31:*.tgz=01;31:*.arc=01;31:*.arj=01;31:*.taz=01;31:*.lha=01;31:*.lz4=01;31:*.lzh=01;31:*.lzma=01;31:*.tlz=01;31:*.txz=01;31:*.tzo=01;31:*.t7z=01;31:*.zip=01;31:*.z=01;31:*.dz=01;31:*.gz=01;31:*.lrz=01;31:*.lz=01;31:*.lzo=01;31:*.xz=01;31:*.zst=01;31:*.tzst=01;31:*.bz2=01;31:*.bz=01;31:*.tbz=01;31:*.tbz2=01;31:*.tz=01;31:*.deb=01;31:*.rpm=01;31:*.jar=01;31:*.war=01;31:*.ear=01;31:*.sar=01;31:*.rar=01;31:*.alz=01;31:*.ace=01;31:*.zoo=01;31:*.cpio=01;31:*.7z=01;31:*.rz=01;31:*.cab=01;31:*.wim=01;31:*.swm=01;31:*.dwm=01;31:*.esd=01;31:*.avif=01;35:*.jpg=01;35:*.jpeg=01;35:*.mjpg=01;35:*.mjpeg=01;35:*.gif=01;35:*.bmp=01;35:*.pbm=01;35:*.pgm=01;35:*.ppm=01;35:*.tga=01;35:*.xbm=01;35:*.xpm=01;35:*.tif=01;35:*.tiff=01;35:*.png=01;35:*.svg=01;35:*.svgz=01;35:*.mng=01;35:*.pcx=01;35:*.mov=01;35:*.mpg=01;35:*.mpeg=01;35:*.m2v=01;35:*.mkv=01;35:*.webm=01;35:*.webp=01;35:*.ogm=01;35:*.mp4=01;35:*.m4v=01;35:*.mp4v=01;35:*.vob=01;35:*.qt=01;35:*.nuv=01;35:*.wmv=01;35:*.asf=01;35:*.rm=01;35:*.rmvb=01;35:*.flc=01;35:*.avi=01;35:*.fli=01;35:*.flv=01;35:*.gl=01;35:*.dl=01;35:*.xcf=01;35:*.xwd=01;35:*.yuv=01;35:*.cgm=01;35:*.emf=01;35:*.ogv=01;35:*.ogx=01;35:*.aac=00;36:*.au=00;36:*.flac=00;36:*.m4a=00;36:*.mid=00;36:*.midi=00;36:*.mka=00;36:*.mp3=00;36:*.mpc=00;36:*.ogg=00;36:*.ra=00;36:*.wav=00;36:*.oga=00;36:*.opus=00;36:*.spx=00;36:*.xspf=00;36:*~=00;90:*#=00;90:*.bak=00;90:*.crdownload=00;90:*.dpkg-dist=00;90:*.dpkg-new=00;90:*.dpkg-old=00;90:*.dpkg-tmp=00;90:*.old=00;90:*.orig=00;90:*.part=00;90:*.rej=00;90:*.rpmnew=00;90:*.rpmorig=00;90:*.rpmsave=00;90:*.swp=00;90:*.tmp=00;90:*.ucf-dist=00;90:*.ucf-new=00;90:*.ucf-old=00;90:', 'GNOME_TERMINAL_SERVICE': ':1.781', 'SSH_AUTH_SOCK': '/run/user/1000/keyring/ssh', 'AMENT_PREFIX_PATH': '/home/user/celluleflexible_en_cours_ROS2/ros_ws/install/shuttles:/home/user/celluleflexible_en_cours_ROS2/ros_ws/install/robots:/home/user/celluleflexible_en_cours_ROS2/ros_ws/install/commande_locale:/home/user/celluleflexible_en_cours_ROS2/ros_ws/install/aiguillages:/opt/ros/jazzy', 'SHELL': '/bin/bash', 'QT_ACCESSIBILITY': '1', 'GDMSESSION': 'ubuntu', 'LESSCLOSE': '/usr/bin/lesspipe %s %s', 'ROS_AUTOMATIC_DISCOVERY_RANGE': 'SUBNET', 'QT_IM_MODULE': 'ibus', 'PWD': '/home/user/celluleflexible_en_cours_ROS2/ros_ws/build/shuttles', 'LC_ALL': 'en_US.UTF-8', 'XDG_CONFIG_DIRS': '/etc/xdg/xdg-ubuntu:/etc/xdg', 'DBUS_STARTER_ADDRESS': 'unix:path=/run/user/1000/bus,guid=6da02ccfb5f5be8b2dc210526992ca6b', 'XDG_DATA_DIRS': '/usr/share/ubuntu:/usr/share/gnome:/usr/local/share/:/usr/share/:/var/lib/snapd/desktop', 'PYTHONPATH': '/home/user/celluleflexible_en_cours_ROS2/ros_ws/install/aiguillages/lib/python3.12/site-packages:/home/user/celluleflexible_en_cours_ROS2/ros_ws/install/shuttles/lib/python3.12/site-packages:/home/user/celluleflexible_en_cours_ROS2/ros_ws/install/robots/lib/python3.12/site-packages:/home/user/celluleflexible_en_cours_ROS2/ros_ws/install/commande_locale/lib/python3.12/site-packages:/opt/ros/jazzy/lib/python3.12/site-packages', 'COLCON': '1', 'MEMORY_PRESSURE_WRITE': 'c29tZSAyMDAwMDAgMjAwMDAwMAA=', 'VTE_VERSION': '7600', 'CMAKE_PREFIX_PATH': '/home/user/celluleflexible_en_cours_ROS2/ros_ws/install/aiguillages:/home/user/celluleflexible_en_cours_ROS2/ros_ws/install/shuttles:/home/user/celluleflexible_en_cours_ROS2/ros_ws/install/robots:/home/user/celluleflexible_en_cours_ROS2/ros_ws/install/commande_locale:/opt/ros/jazzy/opt/gz_math_vendor:/opt/ros/jazzy/opt/gz_utils_vendor:/opt/ros/jazzy/opt/gz_cmake_vendor:/opt/ros/jazzy'}), 'shell': False}
[0.884762] (commande_locale) StdoutLine: {'line': b'-- Install configuration: ""\n'}
[0.885584] (commande_locale) StdoutLine: {'line': b'-- Up-to-date: /home/user/celluleflexible_en_cours_ROS2/ros_ws/install/commande_locale/share/ament_index/resource_index/rosidl_interfaces/commande_locale\n'}
[0.885981] (commande_locale) StdoutLine: {'line': b'-- Up-to-date: /home/user/celluleflexible_en_cours_ROS2/ros_ws/install/commande_locale/share/commande_locale/srv/SrvAddProduct.json\n'}
[0.886265] (commande_locale) StdoutLine: {'line': b'-- Up-to-date: /home/user/celluleflexible_en_cours_ROS2/ros_ws/install/commande_locale/share/commande_locale/srv/SrvFinInit.json\n'}
[0.886466] (commande_locale) StdoutLine: {'line': b'-- Up-to-date: /home/user/celluleflexible_en_cours_ROS2/ros_ws/install/commande_locale/share/commande_locale/srv/SrvAddProductPushBack.json\n'}
[0.886554] (commande_locale) StdoutLine: {'line': b'-- Up-to-date: /home/user/celluleflexible_en_cours_ROS2/ros_ws/install/commande_locale/share/commande_locale/msg/MsgAddProduct.json\n'}
[0.889992] (commande_locale) StdoutLine: {'line': b'-- Up-to-date: /home/user/celluleflexible_en_cours_ROS2/ros_ws/install/commande_locale/share/commande_locale/msg/MsgStopControl.json\n'}
[0.890208] (commande_locale) StdoutLine: {'line': b'-- Up-to-date: /home/user/celluleflexible_en_cours_ROS2/ros_ws/install/commande_locale/share/commande_locale/msg/MsgColor.json\n'}
[0.892020] (commande_locale) StdoutLine: {'line': b'-- Up-to-date: /home/user/celluleflexible_en_cours_ROS2/ros_ws/install/commande_locale/share/commande_locale/msg/MsgSwitchControl.json\n'}
[0.895021] (commande_locale) StdoutLine: {'line': b'-- Up-to-date: /home/user/celluleflexible_en_cours_ROS2/ros_ws/install/commande_locale/share/commande_locale/msg/MsgPinControl.json\n'}
[0.895295] (commande_locale) StdoutLine: {'line': b'-- Up-to-date: /home/user/celluleflexible_en_cours_ROS2/ros_ws/install/commande_locale/share/commande_locale/msg/MsgErreur.json\n'}
[0.895589] (commande_locale) StdoutLine: {'line': b'-- Up-to-date: /home/user/celluleflexible_en_cours_ROS2/ros_ws/install/commande_locale/share/commande_locale/msg/RobotJoints.json\n'}
[0.896241] (commande_locale) StdoutLine: {'line': b'-- Up-to-date: /home/user/celluleflexible_en_cours_ROS2/ros_ws/install/commande_locale/share/commande_locale/msg/TacheFinieMsg.json\n'}
[0.896505] (commande_locale) StdoutLine: {'line': b'-- Up-to-date: /home/user/celluleflexible_en_cours_ROS2/ros_ws/install/commande_locale/share/commande_locale/msg/DeplacerPieceMsg.json\n'}
[0.896630] (commande_locale) StdoutLine: {'line': b'-- Up-to-date: /home/user/celluleflexible_en_cours_ROS2/ros_ws/install/commande_locale/share/commande_locale/msg/MsgChoixMode.json\n'}
[0.896736] (commande_locale) StdoutLine: {'line': b'-- Up-to-date: /home/user/celluleflexible_en_cours_ROS2/ros_ws/install/commande_locale/include/commande_locale/commande_locale\n'}
[0.896813] (commande_locale) StdoutLine: {'line': b'-- Up-to-date: /home/user/celluleflexible_en_cours_ROS2/ros_ws/install/commande_locale/include/commande_locale/commande_locale/msg\n'}
[0.896915] (commande_locale) StdoutLine: {'line': b'-- Up-to-date: /home/user/celluleflexible_en_cours_ROS2/ros_ws/install/commande_locale/include/commande_locale/commande_locale/msg/msg_choix_mode.h\n'}
[0.897331] (commande_locale) StdoutLine: {'line': b'-- Up-to-date: /home/user/celluleflexible_en_cours_ROS2/ros_ws/install/commande_locale/include/commande_locale/commande_locale/msg/msg_stop_control.h\n'}
[0.897419] (commande_locale) StdoutLine: {'line': b'-- Up-to-date: /home/user/celluleflexible_en_cours_ROS2/ros_ws/install/commande_locale/include/commande_locale/commande_locale/msg/rosidl_generator_c__visibility_control.h\n'}
[0.897488] (commande_locale) StdoutLine: {'line': b'-- Up-to-date: /home/user/celluleflexible_en_cours_ROS2/ros_ws/install/commande_locale/include/commande_locale/commande_locale/msg/msg_add_product.h\n'}
[0.897570] (commande_locale) StdoutLine: {'line': b'-- Up-to-date: /home/user/celluleflexible_en_cours_ROS2/ros_ws/install/commande_locale/include/commande_locale/commande_locale/msg/deplacer_piece_msg.h\n'}
[0.897633] (commande_locale) StdoutLine: {'line': b'-- Up-to-date: /home/user/celluleflexible_en_cours_ROS2/ros_ws/install/commande_locale/include/commande_locale/commande_locale/msg/msg_erreur.h\n'}
[0.897691] (commande_locale) StdoutLine: {'line': b'-- Up-to-date: /home/user/celluleflexible_en_cours_ROS2/ros_ws/install/commande_locale/include/commande_locale/commande_locale/msg/robot_joints.h\n'}
[0.897758] (commande_locale) StdoutLine: {'line': b'-- Up-to-date: /home/user/celluleflexible_en_cours_ROS2/ros_ws/install/commande_locale/include/commande_locale/commande_locale/msg/msg_pin_control.h\n'}
[0.897824] (commande_locale) StdoutLine: {'line': b'-- Up-to-date: /home/user/celluleflexible_en_cours_ROS2/ros_ws/install/commande_locale/include/commande_locale/commande_locale/msg/msg_switch_control.h\n'}
[0.897891] (commande_locale) StdoutLine: {'line': b'-- Up-to-date: /home/user/celluleflexible_en_cours_ROS2/ros_ws/install/commande_locale/include/commande_locale/commande_locale/msg/detail\n'}
[0.898200] (commande_locale) StdoutLine: {'line': b'-- Up-to-date: /home/user/celluleflexible_en_cours_ROS2/ros_ws/install/commande_locale/include/commande_locale/commande_locale/msg/detail/msg_pin_control__functions.h\n'}
[0.898291] (commande_locale) StdoutLine: {'line': b'-- Up-to-date: /home/user/celluleflexible_en_cours_ROS2/ros_ws/install/commande_locale/include/commande_locale/commande_locale/msg/detail/msg_choix_mode__functions.h\n'}
[0.898397] (commande_locale) StdoutLine: {'line': b'-- Up-to-date: /home/user/celluleflexible_en_cours_ROS2/ros_ws/install/commande_locale/include/commande_locale/commande_locale/msg/detail/msg_color__type_support.h\n'}
[0.898464] (commande_locale) StdoutLine: {'line': b'-- Up-to-date: /home/user/celluleflexible_en_cours_ROS2/ros_ws/install/commande_locale/include/commande_locale/commande_locale/msg/detail/msg_color__description.c\n'}
[0.898549] (commande_locale) StdoutLine: {'line': b'-- Up-to-date: /home/user/celluleflexible_en_cours_ROS2/ros_ws/install/commande_locale/include/commande_locale/commande_locale/msg/detail/msg_pin_control__functions.c\n'}
[0.898646] (commande_locale) StdoutLine: {'line': b'-- Up-to-date: /home/user/celluleflexible_en_cours_ROS2/ros_ws/install/commande_locale/include/commande_locale/commande_locale/msg/detail/msg_erreur__functions.h\n'}
[0.898675] (commande_locale) StdoutLine: {'line': b'-- Up-to-date: /home/user/celluleflexible_en_cours_ROS2/ros_ws/install/commande_locale/include/commande_locale/commande_locale/msg/detail/msg_stop_control__description.c\n'}
[0.898700] (commande_locale) StdoutLine: {'line': b'-- Installing: /home/user/celluleflexible_en_cours_ROS2/ros_ws/install/commande_locale/include/commande_locale/commande_locale/msg/detail/msg_switch_control__type_support.c\n'}
[0.898724] (commande_locale) StdoutLine: {'line': b'-- Up-to-date: /home/user/celluleflexible_en_cours_ROS2/ros_ws/install/commande_locale/include/commande_locale/commande_locale/msg/detail/robot_joints__type_support.h\n'}
[0.898747] (commande_locale) StdoutLine: {'line': b'-- Up-to-date: /home/user/celluleflexible_en_cours_ROS2/ros_ws/install/commande_locale/include/commande_locale/commande_locale/msg/detail/msg_switch_control__functions.h\n'}
[0.898770] (commande_locale) StdoutLine: {'line': b'-- Installing: /home/user/celluleflexible_en_cours_ROS2/ros_ws/install/commande_locale/include/commande_locale/commande_locale/msg/detail/msg_stop_control__type_support.c\n'}
[0.898792] (commande_locale) StdoutLine: {'line': b'-- Up-to-date: /home/user/celluleflexible_en_cours_ROS2/ros_ws/install/commande_locale/include/commande_locale/commande_locale/msg/detail/robot_joints__struct.h\n'}
[0.898816] (commande_locale) StdoutLine: {'line': b'-- Up-to-date: /home/user/celluleflexible_en_cours_ROS2/ros_ws/install/commande_locale/include/commande_locale/commande_locale/msg/detail/msg_erreur__type_support.h\n'}
[0.898837] (commande_locale) StdoutLine: {'line': b'-- Up-to-date: /home/user/celluleflexible_en_cours_ROS2/ros_ws/install/commande_locale/include/commande_locale/commande_locale/msg/detail/deplacer_piece_msg__type_support.c\n'}
[0.898859] (commande_locale) StdoutLine: {'line': b'-- Up-to-date: /home/user/celluleflexible_en_cours_ROS2/ros_ws/install/commande_locale/include/commande_locale/commande_locale/msg/detail/deplacer_piece_msg__struct.h\n'}
[0.898881] (commande_locale) StdoutLine: {'line': b'-- Up-to-date: /home/user/celluleflexible_en_cours_ROS2/ros_ws/install/commande_locale/include/commande_locale/commande_locale/msg/detail/msg_choix_mode__description.c\n'}
[0.898901] (commande_locale) StdoutLine: {'line': b'-- Up-to-date: /home/user/celluleflexible_en_cours_ROS2/ros_ws/install/commande_locale/include/commande_locale/commande_locale/msg/detail/msg_color__struct.h\n'}
[0.899107] (commande_locale) StdoutLine: {'line': b'-- Up-to-date: /home/user/celluleflexible_en_cours_ROS2/ros_ws/install/commande_locale/include/commande_locale/commande_locale/msg/detail/msg_erreur__struct.h\n'}
[0.899147] (commande_locale) StdoutLine: {'line': b'-- Up-to-date: /home/user/celluleflexible_en_cours_ROS2/ros_ws/install/commande_locale/include/commande_locale/commande_locale/msg/detail/msg_add_product__description.c\n'}
[0.899176] (commande_locale) StdoutLine: {'line': b'-- Up-to-date: /home/user/celluleflexible_en_cours_ROS2/ros_ws/install/commande_locale/include/commande_locale/commande_locale/msg/detail/deplacer_piece_msg__functions.h\n'}
[0.899201] (commande_locale) StdoutLine: {'line': b'-- Up-to-date: /home/user/celluleflexible_en_cours_ROS2/ros_ws/install/commande_locale/include/commande_locale/commande_locale/msg/detail/msg_switch_control__description.c\n'}
[0.899224] (commande_locale) StdoutLine: {'line': b'-- Up-to-date: /home/user/celluleflexible_en_cours_ROS2/ros_ws/install/commande_locale/include/commande_locale/commande_locale/msg/detail/msg_stop_control__type_support.h\n'}
[0.899246] (commande_locale) StdoutLine: {'line': b'-- Up-to-date: /home/user/celluleflexible_en_cours_ROS2/ros_ws/install/commande_locale/include/commande_locale/commande_locale/msg/detail/msg_switch_control__functions.c\n'}
[0.899268] (commande_locale) StdoutLine: {'line': b'-- Up-to-date: /home/user/celluleflexible_en_cours_ROS2/ros_ws/install/commande_locale/include/commande_locale/commande_locale/msg/detail/msg_erreur__functions.c\n'}
[0.899291] (commande_locale) StdoutLine: {'line': b'-- Up-to-date: /home/user/celluleflexible_en_cours_ROS2/ros_ws/install/commande_locale/include/commande_locale/commande_locale/msg/detail/msg_choix_mode__type_support.h\n'}
[0.899312] (commande_locale) StdoutLine: {'line': b'-- Up-to-date: /home/user/celluleflexible_en_cours_ROS2/ros_ws/install/commande_locale/include/commande_locale/commande_locale/msg/detail/msg_add_product__functions.c\n'}
[0.899333] (commande_locale) StdoutLine: {'line': b'-- Up-to-date: /home/user/celluleflexible_en_cours_ROS2/ros_ws/install/commande_locale/include/commande_locale/commande_locale/msg/detail/msg_choix_mode__functions.c\n'}
[0.899354] (commande_locale) StdoutLine: {'line': b'-- Up-to-date: /home/user/celluleflexible_en_cours_ROS2/ros_ws/install/commande_locale/include/commande_locale/commande_locale/msg/detail/msg_stop_control__functions.h\n'}
[0.899375] (commande_locale) StdoutLine: {'line': b'-- Installing: /home/user/celluleflexible_en_cours_ROS2/ros_ws/install/commande_locale/include/commande_locale/commande_locale/msg/detail/msg_color__type_support.c\n'}
[0.899397] (commande_locale) StdoutLine: {'line': b'-- Up-to-date: /home/user/celluleflexible_en_cours_ROS2/ros_ws/install/commande_locale/include/commande_locale/commande_locale/msg/detail/deplacer_piece_msg__type_support.h\n'}
[0.899418] (commande_locale) StdoutLine: {'line': b'-- Installing: /home/user/celluleflexible_en_cours_ROS2/ros_ws/install/commande_locale/include/commande_locale/commande_locale/msg/detail/msg_add_product__type_support.c\n'}
[0.899439] (commande_locale) StdoutLine: {'line': b'-- Installing: /home/user/celluleflexible_en_cours_ROS2/ros_ws/install/commande_locale/include/commande_locale/commande_locale/msg/detail/msg_choix_mode__type_support.c\n'}
[0.899460] (commande_locale) StdoutLine: {'line': b'-- Up-to-date: /home/user/celluleflexible_en_cours_ROS2/ros_ws/install/commande_locale/include/commande_locale/commande_locale/msg/detail/robot_joints__description.c\n'}
[0.899481] (commande_locale) StdoutLine: {'line': b'-- Up-to-date: /home/user/celluleflexible_en_cours_ROS2/ros_ws/install/commande_locale/include/commande_locale/commande_locale/msg/detail/robot_joints__functions.c\n'}
[0.899501] (commande_locale) StdoutLine: {'line': b'-- Installing: /home/user/celluleflexible_en_cours_ROS2/ros_ws/install/commande_locale/include/commande_locale/commande_locale/msg/detail/robot_joints__type_support.c\n'}
[0.899523] (commande_locale) StdoutLine: {'line': b'-- Up-to-date: /home/user/celluleflexible_en_cours_ROS2/ros_ws/install/commande_locale/include/commande_locale/commande_locale/msg/detail/msg_pin_control__description.c\n'}
[0.899543] (commande_locale) StdoutLine: {'line': b'-- Up-to-date: /home/user/celluleflexible_en_cours_ROS2/ros_ws/install/commande_locale/include/commande_locale/commande_locale/msg/detail/tache_finie_msg__struct.h\n'}
[0.899562] (commande_locale) StdoutLine: {'line': b'-- Up-to-date: /home/user/celluleflexible_en_cours_ROS2/ros_ws/install/commande_locale/include/commande_locale/commande_locale/msg/detail/msg_switch_control__struct.h\n'}
[0.899584] (commande_locale) StdoutLine: {'line': b'-- Up-to-date: /home/user/celluleflexible_en_cours_ROS2/ros_ws/install/commande_locale/include/commande_locale/commande_locale/msg/detail/msg_erreur__description.c\n'}
[0.899603] (commande_locale) StdoutLine: {'line': b'-- Up-to-date: /home/user/celluleflexible_en_cours_ROS2/ros_ws/install/commande_locale/include/commande_locale/commande_locale/msg/detail/tache_finie_msg__description.c\n'}
[0.899623] (commande_locale) StdoutLine: {'line': b'-- Up-to-date: /home/user/celluleflexible_en_cours_ROS2/ros_ws/install/commande_locale/include/commande_locale/commande_locale/msg/detail/deplacer_piece_msg__description.c\n'}
[0.899644] (commande_locale) StdoutLine: {'line': b'-- Up-to-date: /home/user/celluleflexible_en_cours_ROS2/ros_ws/install/commande_locale/include/commande_locale/commande_locale/msg/detail/msg_add_product__functions.h\n'}
[0.899664] (commande_locale) StdoutLine: {'line': b'-- Installing: /home/user/celluleflexible_en_cours_ROS2/ros_ws/install/commande_locale/include/commande_locale/commande_locale/msg/detail/msg_pin_control__type_support.c\n'}
[0.899685] (commande_locale) StdoutLine: {'line': b'-- Installing: /home/user/celluleflexible_en_cours_ROS2/ros_ws/install/commande_locale/include/commande_locale/commande_locale/msg/detail/msg_erreur__type_support.c\n'}
[0.899707] (commande_locale) StdoutLine: {'line': b'-- Up-to-date: /home/user/celluleflexible_en_cours_ROS2/ros_ws/install/commande_locale/include/commande_locale/commande_locale/msg/detail/msg_add_product__type_support.h\n'}
[0.899727] (commande_locale) StdoutLine: {'line': b'-- Up-to-date: /home/user/celluleflexible_en_cours_ROS2/ros_ws/install/commande_locale/include/commande_locale/commande_locale/msg/detail/msg_stop_control__struct.h\n'}
[0.899747] (commande_locale) StdoutLine: {'line': b'-- Up-to-date: /home/user/celluleflexible_en_cours_ROS2/ros_ws/install/commande_locale/include/commande_locale/commande_locale/msg/detail/msg_stop_control__functions.c\n'}
[0.899768] (commande_locale) StdoutLine: {'line': b'-- Up-to-date: /home/user/celluleflexible_en_cours_ROS2/ros_ws/install/commande_locale/include/commande_locale/commande_locale/msg/detail/msg_switch_control__type_support.h\n'}
[0.899788] (commande_locale) StdoutLine: {'line': b'-- Up-to-date: /home/user/celluleflexible_en_cours_ROS2/ros_ws/install/commande_locale/include/commande_locale/commande_locale/msg/detail/msg_pin_control__type_support.h\n'}
[0.899808] (commande_locale) StdoutLine: {'line': b'-- Up-to-date: /home/user/celluleflexible_en_cours_ROS2/ros_ws/install/commande_locale/include/commande_locale/commande_locale/msg/detail/robot_joints__functions.h\n'}
[0.899843] (commande_locale) StdoutLine: {'line': b'-- Up-to-date: /home/user/celluleflexible_en_cours_ROS2/ros_ws/install/commande_locale/include/commande_locale/commande_locale/msg/detail/deplacer_piece_msg__functions.c\n'}
[0.899874] (commande_locale) StdoutLine: {'line': b'-- Installing: /home/user/celluleflexible_en_cours_ROS2/ros_ws/install/commande_locale/include/commande_locale/commande_locale/msg/detail/tache_finie_msg__type_support.c\n'}
[0.899898] (commande_locale) StdoutLine: {'line': b'-- Up-to-date: /home/user/celluleflexible_en_cours_ROS2/ros_ws/install/commande_locale/include/commande_locale/commande_locale/msg/detail/msg_add_product__struct.h\n'}
[0.899920] (commande_locale) StdoutLine: {'line': b'-- Up-to-date: /home/user/celluleflexible_en_cours_ROS2/ros_ws/install/commande_locale/include/commande_locale/commande_locale/msg/detail/tache_finie_msg__functions.h\n'}
[0.900028] (commande_locale) StdoutLine: {'line': b'-- Up-to-date: /home/user/celluleflexible_en_cours_ROS2/ros_ws/install/commande_locale/include/commande_locale/commande_locale/msg/detail/msg_color__functions.h\n'}
[0.900140] (commande_locale) StdoutLine: {'line': b'-- Up-to-date: /home/user/celluleflexible_en_cours_ROS2/ros_ws/install/commande_locale/include/commande_locale/commande_locale/msg/detail/msg_choix_mode__struct.h\n'}
[0.900166] (commande_locale) StdoutLine: {'line': b'-- Up-to-date: /home/user/celluleflexible_en_cours_ROS2/ros_ws/install/commande_locale/include/commande_locale/commande_locale/msg/detail/msg_pin_control__struct.h\n'}
[0.900192] (commande_locale) StdoutLine: {'line': b'-- Up-to-date: /home/user/celluleflexible_en_cours_ROS2/ros_ws/install/commande_locale/include/commande_locale/commande_locale/msg/detail/tache_finie_msg__type_support.h\n'}
[0.900215] (commande_locale) StdoutLine: {'line': b'-- Up-to-date: /home/user/celluleflexible_en_cours_ROS2/ros_ws/install/commande_locale/include/commande_locale/commande_locale/msg/detail/msg_color__functions.c\n'}
[0.900238] (commande_locale) StdoutLine: {'line': b'-- Up-to-date: /home/user/celluleflexible_en_cours_ROS2/ros_ws/install/commande_locale/include/commande_locale/commande_locale/msg/detail/tache_finie_msg__functions.c\n'}
[0.900260] (commande_locale) StdoutLine: {'line': b'-- Up-to-date: /home/user/celluleflexible_en_cours_ROS2/ros_ws/install/commande_locale/include/commande_locale/commande_locale/msg/tache_finie_msg.h\n'}
[0.900282] (commande_locale) StdoutLine: {'line': b'-- Up-to-date: /home/user/celluleflexible_en_cours_ROS2/ros_ws/install/commande_locale/include/commande_locale/commande_locale/msg/msg_color.h\n'}
[0.900304] (commande_locale) StdoutLine: {'line': b'-- Up-to-date: /home/user/celluleflexible_en_cours_ROS2/ros_ws/install/commande_locale/include/commande_locale/commande_locale/srv\n'}
[0.900324] (commande_locale) StdoutLine: {'line': b'-- Up-to-date: /home/user/celluleflexible_en_cours_ROS2/ros_ws/install/commande_locale/include/commande_locale/commande_locale/srv/srv_fin_init.h\n'}
[0.900344] (commande_locale) StdoutLine: {'line': b'-- Up-to-date: /home/user/celluleflexible_en_cours_ROS2/ros_ws/install/commande_locale/include/commande_locale/commande_locale/srv/srv_add_product_push_back.h\n'}
[0.900365] (commande_locale) StdoutLine: {'line': b'-- Up-to-date: /home/user/celluleflexible_en_cours_ROS2/ros_ws/install/commande_locale/include/commande_locale/commande_locale/srv/srv_add_product.h\n'}
[0.900388] (commande_locale) StdoutLine: {'line': b'-- Up-to-date: /home/user/celluleflexible_en_cours_ROS2/ros_ws/install/commande_locale/include/commande_locale/commande_locale/srv/detail\n'}
[0.900410] (shuttles) StdoutLine: {'line': b'-- Install configuration: ""\n'}
[0.900437] (shuttles) StdoutLine: {'line': b'-- Up-to-date: /home/user/celluleflexible_en_cours_ROS2/ros_ws/install/shuttles/share/ament_index/resource_index/rosidl_interfaces/shuttles\n'}
[0.900460] (shuttles) StdoutLine: {'line': b'-- Up-to-date: /home/user/celluleflexible_en_cours_ROS2/ros_ws/install/shuttles/share/shuttles/msg/MsgShuttleChange.json\n'}
[0.900482] (shuttles) StdoutLine: {'line': b'-- Up-to-date: /home/user/celluleflexible_en_cours_ROS2/ros_ws/install/shuttles/share/shuttles/msg/MsgShuttleCreate.json\n'}
[0.900503] (shuttles) StdoutLine: {'line': b'-- Up-to-date: /home/user/celluleflexible_en_cours_ROS2/ros_ws/install/shuttles/share/shuttles/msg/MsgErreur.json\n'}
[0.900524] (shuttles) StdoutLine: {'line': b'-- Up-to-date: /home/user/celluleflexible_en_cours_ROS2/ros_ws/install/shuttles/share/shuttles/srv/ShuttleId.json\n'}
[0.900544] (shuttles) StdoutLine: {'line': b'-- Up-to-date: /home/user/celluleflexible_en_cours_ROS2/ros_ws/install/shuttles/include/shuttles/shuttles\n'}
[0.900565] (shuttles) StdoutLine: {'line': b'-- Up-to-date: /home/user/celluleflexible_en_cours_ROS2/ros_ws/install/shuttles/include/shuttles/shuttles/msg\n'}
[0.900585] (shuttles) StdoutLine: {'line': b'-- Up-to-date: /home/user/celluleflexible_en_cours_ROS2/ros_ws/install/shuttles/include/shuttles/shuttles/msg/msg_shuttle_create.h\n'}
[0.900605] (shuttles) StdoutLine: {'line': b'-- Up-to-date: /home/user/celluleflexible_en_cours_ROS2/ros_ws/install/shuttles/include/shuttles/shuttles/msg/msg_shuttle_change.h\n'}
[0.900624] (shuttles) StdoutLine: {'line': b'-- Up-to-date: /home/user/celluleflexible_en_cours_ROS2/ros_ws/install/shuttles/include/shuttles/shuttles/msg/rosidl_generator_c__visibility_control.h\n'}
[0.900644] (shuttles) StdoutLine: {'line': b'-- Up-to-date: /home/user/celluleflexible_en_cours_ROS2/ros_ws/install/shuttles/include/shuttles/shuttles/msg/msg_erreur.h\n'}
[0.900665] (shuttles) StdoutLine: {'line': b'-- Up-to-date: /home/user/celluleflexible_en_cours_ROS2/ros_ws/install/shuttles/include/shuttles/shuttles/msg/detail\n'}
[0.900685] (shuttles) StdoutLine: {'line': b'-- Up-to-date: /home/user/celluleflexible_en_cours_ROS2/ros_ws/install/shuttles/include/shuttles/shuttles/msg/detail/msg_shuttle_change__functions.h\n'}
[0.900705] (shuttles) StdoutLine: {'line': b'-- Up-to-date: /home/user/celluleflexible_en_cours_ROS2/ros_ws/install/shuttles/include/shuttles/shuttles/msg/detail/msg_erreur__functions.h\n'}
[0.900725] (shuttles) StdoutLine: {'line': b'-- Up-to-date: /home/user/celluleflexible_en_cours_ROS2/ros_ws/install/shuttles/include/shuttles/shuttles/msg/detail/msg_shuttle_create__functions.c\n'}
[0.900746] (shuttles) StdoutLine: {'line': b'-- Up-to-date: /home/user/celluleflexible_en_cours_ROS2/ros_ws/install/shuttles/include/shuttles/shuttles/msg/detail/msg_shuttle_create__type_support.c\n'}
[0.900766] (shuttles) StdoutLine: {'line': b'-- Up-to-date: /home/user/celluleflexible_en_cours_ROS2/ros_ws/install/shuttles/include/shuttles/shuttles/msg/detail/msg_shuttle_create__struct.h\n'}
[0.900786] (shuttles) StdoutLine: {'line': b'-- Up-to-date: /home/user/celluleflexible_en_cours_ROS2/ros_ws/install/shuttles/include/shuttles/shuttles/msg/detail/msg_erreur__type_support.h\n'}
[0.900806] (shuttles) StdoutLine: {'line': b'-- Up-to-date: /home/user/celluleflexible_en_cours_ROS2/ros_ws/install/shuttles/include/shuttles/shuttles/msg/detail/msg_shuttle_change__struct.h\n'}
[0.900824] (shuttles) StdoutLine: {'line': b'-- Up-to-date: /home/user/celluleflexible_en_cours_ROS2/ros_ws/install/shuttles/include/shuttles/shuttles/msg/detail/msg_erreur__struct.h\n'}
[0.900844] (shuttles) StdoutLine: {'line': b'-- Up-to-date: /home/user/celluleflexible_en_cours_ROS2/ros_ws/install/shuttles/include/shuttles/shuttles/msg/detail/msg_shuttle_change__description.c\n'}
[0.900863] (shuttles) StdoutLine: {'line': b'-- Up-to-date: /home/user/celluleflexible_en_cours_ROS2/ros_ws/install/shuttles/include/shuttles/shuttles/msg/detail/msg_erreur__functions.c\n'}
[0.900890] (shuttles) StdoutLine: {'line': b'-- Up-to-date: /home/user/celluleflexible_en_cours_ROS2/ros_ws/install/shuttles/include/shuttles/shuttles/msg/detail/msg_shuttle_create__description.c\n'}
[0.900910] (shuttles) StdoutLine: {'line': b'-- Up-to-date: /home/user/celluleflexible_en_cours_ROS2/ros_ws/install/shuttles/include/shuttles/shuttles/msg/detail/msg_shuttle_change__type_support.c\n'}
[0.901013] (shuttles) StdoutLine: {'line': b'-- Up-to-date: /home/user/celluleflexible_en_cours_ROS2/ros_ws/install/shuttles/include/shuttles/shuttles/msg/detail/msg_erreur__description.c\n'}
[0.901198] (shuttles) StdoutLine: {'line': b'-- Up-to-date: /home/user/celluleflexible_en_cours_ROS2/ros_ws/install/shuttles/include/shuttles/shuttles/msg/detail/msg_erreur__type_support.c\n'}
[0.901231] (shuttles) StdoutLine: {'line': b'-- Up-to-date: /home/user/celluleflexible_en_cours_ROS2/ros_ws/install/shuttles/include/shuttles/shuttles/msg/detail/msg_shuttle_change__type_support.h\n'}
[0.901258] (shuttles) StdoutLine: {'line': b'-- Up-to-date: /home/user/celluleflexible_en_cours_ROS2/ros_ws/install/shuttles/include/shuttles/shuttles/msg/detail/msg_shuttle_create__functions.h\n'}
[0.901282] (shuttles) StdoutLine: {'line': b'-- Up-to-date: /home/user/celluleflexible_en_cours_ROS2/ros_ws/install/shuttles/include/shuttles/shuttles/msg/detail/msg_shuttle_create__type_support.h\n'}
[0.901305] (shuttles) StdoutLine: {'line': b'-- Up-to-date: /home/user/celluleflexible_en_cours_ROS2/ros_ws/install/shuttles/include/shuttles/shuttles/msg/detail/msg_shuttle_change__functions.c\n'}
[0.901328] (shuttles) StdoutLine: {'line': b'-- Up-to-date: /home/user/celluleflexible_en_cours_ROS2/ros_ws/install/shuttles/include/shuttles/shuttles/srv\n'}
[0.901350] (shuttles) StdoutLine: {'line': b'-- Up-to-date: /home/user/celluleflexible_en_cours_ROS2/ros_ws/install/shuttles/include/shuttles/shuttles/srv/shuttle_id.h\n'}
[0.901377] (shuttles) StdoutLine: {'line': b'-- Up-to-date: /home/user/celluleflexible_en_cours_ROS2/ros_ws/install/shuttles/include/shuttles/shuttles/srv/detail\n'}
[0.901398] (shuttles) StdoutLine: {'line': b'-- Up-to-date: /home/user/celluleflexible_en_cours_ROS2/ros_ws/install/shuttles/include/shuttles/shuttles/srv/detail/shuttle_id__type_support.c\n'}
[0.901420] (shuttles) StdoutLine: {'line': b'-- Up-to-date: /home/user/celluleflexible_en_cours_ROS2/ros_ws/install/shuttles/include/shuttles/shuttles/srv/detail/shuttle_id__struct.h\n'}
[0.901441] (shuttles) StdoutLine: {'line': b'-- Up-to-date: /home/user/celluleflexible_en_cours_ROS2/ros_ws/install/shuttles/include/shuttles/shuttles/srv/detail/shuttle_id__functions.c\n'}
[0.901462] (shuttles) StdoutLine: {'line': b'-- Up-to-date: /home/user/celluleflexible_en_cours_ROS2/ros_ws/install/shuttles/include/shuttles/shuttles/srv/detail/shuttle_id__functions.h\n'}
[0.901483] (shuttles) StdoutLine: {'line': b'-- Up-to-date: /home/user/celluleflexible_en_cours_ROS2/ros_ws/install/shuttles/include/shuttles/shuttles/srv/detail/shuttle_id__type_support.h\n'}
[0.901503] (shuttles) StdoutLine: {'line': b'-- Up-to-date: /home/user/celluleflexible_en_cours_ROS2/ros_ws/install/shuttles/include/shuttles/shuttles/srv/detail/shuttle_id__description.c\n'}
[0.901525] (shuttles) StdoutLine: {'line': b'-- Up-to-date: /home/user/celluleflexible_en_cours_ROS2/ros_ws/install/shuttles/share/shuttles/environment/library_path.sh\n'}
[0.901546] (shuttles) StdoutLine: {'line': b'-- Up-to-date: /home/user/celluleflexible_en_cours_ROS2/ros_ws/install/shuttles/share/shuttles/environment/library_path.dsv\n'}
[0.901565] (shuttles) StdoutLine: {'line': b'-- Up-to-date: /home/user/celluleflexible_en_cours_ROS2/ros_ws/install/shuttles/lib/libshuttles__rosidl_generator_c.so\n'}
[0.901587] (shuttles) StdoutLine: {'line': b'-- Up-to-date: /home/user/celluleflexible_en_cours_ROS2/ros_ws/install/shuttles/include/shuttles/shuttles\n'}
[0.901608] (shuttles) StdoutLine: {'line': b'-- Up-to-date: /home/user/celluleflexible_en_cours_ROS2/ros_ws/install/shuttles/include/shuttles/shuttles/msg\n'}
[0.901627] (shuttles) StdoutLine: {'line': b'-- Up-to-date: /home/user/celluleflexible_en_cours_ROS2/ros_ws/install/shuttles/include/shuttles/shuttles/msg/rosidl_typesupport_fastrtps_c__visibility_control.h\n'}
[0.901647] (shuttles) StdoutLine: {'line': b'-- Up-to-date: /home/user/celluleflexible_en_cours_ROS2/ros_ws/install/shuttles/include/shuttles/shuttles/msg/detail\n'}
[0.901667] (shuttles) StdoutLine: {'line': b'-- Up-to-date: /home/user/celluleflexible_en_cours_ROS2/ros_ws/install/shuttles/include/shuttles/shuttles/msg/detail/msg_erreur__rosidl_typesupport_fastrtps_c.h\n'}
[0.901686] (shuttles) StdoutLine: {'line': b'-- Up-to-date: /home/user/celluleflexible_en_cours_ROS2/ros_ws/install/shuttles/include/shuttles/shuttles/msg/detail/msg_shuttle_change__rosidl_typesupport_fastrtps_c.h\n'}
[0.901706] (shuttles) StdoutLine: {'line': b'-- Up-to-date: /home/user/celluleflexible_en_cours_ROS2/ros_ws/install/shuttles/include/shuttles/shuttles/msg/detail/msg_shuttle_create__rosidl_typesupport_fastrtps_c.h\n'}
[0.901726] (shuttles) StdoutLine: {'line': b'-- Up-to-date: /home/user/celluleflexible_en_cours_ROS2/ros_ws/install/shuttles/include/shuttles/shuttles/srv\n'}
[0.901746] (shuttles) StdoutLine: {'line': b'-- Up-to-date: /home/user/celluleflexible_en_cours_ROS2/ros_ws/install/shuttles/include/shuttles/shuttles/srv/detail\n'}
[0.901765] (shuttles) StdoutLine: {'line': b'-- Up-to-date: /home/user/celluleflexible_en_cours_ROS2/ros_ws/install/shuttles/include/shuttles/shuttles/srv/detail/shuttle_id__rosidl_typesupport_fastrtps_c.h\n'}
[0.901787] (shuttles) StdoutLine: {'line': b'-- Up-to-date: /home/user/celluleflexible_en_cours_ROS2/ros_ws/install/shuttles/lib/libshuttles__rosidl_typesupport_fastrtps_c.so\n'}
[0.901807] (shuttles) StdoutLine: {'line': b'-- Up-to-date: /home/user/celluleflexible_en_cours_ROS2/ros_ws/install/shuttles/include/shuttles/shuttles\n'}
[0.901830] (shuttles) StdoutLine: {'line': b'-- Up-to-date: /home/user/celluleflexible_en_cours_ROS2/ros_ws/install/shuttles/include/shuttles/shuttles/msg\n'}
[0.901850] (shuttles) StdoutLine: {'line': b'-- Up-to-date: /home/user/celluleflexible_en_cours_ROS2/ros_ws/install/shuttles/include/shuttles/shuttles/msg/rosidl_generator_cpp__visibility_control.hpp\n'}
[0.902085] (shuttles) StdoutLine: {'line': b'-- Up-to-date: /home/user/celluleflexible_en_cours_ROS2/ros_ws/install/shuttles/include/shuttles/shuttles/msg/msg_shuttle_change.hpp\n'}
[0.902125] (shuttles) StdoutLine: {'line': b'-- Up-to-date: /home/user/celluleflexible_en_cours_ROS2/ros_ws/install/shuttles/include/shuttles/shuttles/msg/msg_shuttle_create.hpp\n'}
[0.902151] (shuttles) StdoutLine: {'line': b'-- Up-to-date: /home/user/celluleflexible_en_cours_ROS2/ros_ws/install/shuttles/include/shuttles/shuttles/msg/detail\n'}
[0.902176] (shuttles) StdoutLine: {'line': b'-- Up-to-date: /home/user/celluleflexible_en_cours_ROS2/ros_ws/install/shuttles/include/shuttles/shuttles/msg/detail/msg_shuttle_change__type_support.hpp\n'}
[0.902199] (shuttles) StdoutLine: {'line': b'-- Up-to-date: /home/user/celluleflexible_en_cours_ROS2/ros_ws/install/shuttles/include/shuttles/shuttles/msg/detail/msg_shuttle_change__traits.hpp\n'}
[0.902221] (shuttles) StdoutLine: {'line': b'-- Up-to-date: /home/user/celluleflexible_en_cours_ROS2/ros_ws/install/shuttles/include/shuttles/shuttles/msg/detail/msg_shuttle_create__traits.hpp\n'}
[0.902243] (shuttles) StdoutLine: {'line': b'-- Up-to-date: /home/user/celluleflexible_en_cours_ROS2/ros_ws/install/shuttles/include/shuttles/shuttles/msg/detail/msg_erreur__traits.hpp\n'}
[0.902265] (shuttles) StdoutLine: {'line': b'-- Up-to-date: /home/user/celluleflexible_en_cours_ROS2/ros_ws/install/shuttles/include/shuttles/shuttles/msg/detail/msg_erreur__struct.hpp\n'}
[0.902286] (shuttles) StdoutLine: {'line': b'-- Up-to-date: /home/user/celluleflexible_en_cours_ROS2/ros_ws/install/shuttles/include/shuttles/shuttles/msg/detail/msg_erreur__type_support.hpp\n'}
[0.902307] (shuttles) StdoutLine: {'line': b'-- Up-to-date: /home/user/celluleflexible_en_cours_ROS2/ros_ws/install/shuttles/include/shuttles/shuttles/msg/detail/msg_shuttle_create__builder.hpp\n'}
[0.902328] (shuttles) StdoutLine: {'line': b'-- Up-to-date: /home/user/celluleflexible_en_cours_ROS2/ros_ws/install/shuttles/include/shuttles/shuttles/msg/detail/msg_shuttle_create__type_support.hpp\n'}
[0.902349] (shuttles) StdoutLine: {'line': b'-- Up-to-date: /home/user/celluleflexible_en_cours_ROS2/ros_ws/install/shuttles/include/shuttles/shuttles/msg/detail/msg_erreur__builder.hpp\n'}
[0.902370] (shuttles) StdoutLine: {'line': b'-- Up-to-date: /home/user/celluleflexible_en_cours_ROS2/ros_ws/install/shuttles/include/shuttles/shuttles/msg/detail/msg_shuttle_change__builder.hpp\n'}
[0.902392] (shuttles) StdoutLine: {'line': b'-- Up-to-date: /home/user/celluleflexible_en_cours_ROS2/ros_ws/install/shuttles/include/shuttles/shuttles/msg/detail/msg_shuttle_create__struct.hpp\n'}
[0.902415] (shuttles) StdoutLine: {'line': b'-- Up-to-date: /home/user/celluleflexible_en_cours_ROS2/ros_ws/install/shuttles/include/shuttles/shuttles/msg/detail/msg_shuttle_change__struct.hpp\n'}
[0.902436] (shuttles) StdoutLine: {'line': b'-- Up-to-date: /home/user/celluleflexible_en_cours_ROS2/ros_ws/install/shuttles/include/shuttles/shuttles/msg/msg_erreur.hpp\n'}
[0.902456] (shuttles) StdoutLine: {'line': b'-- Up-to-date: /home/user/celluleflexible_en_cours_ROS2/ros_ws/install/shuttles/include/shuttles/shuttles/srv\n'}
[0.902477] (shuttles) StdoutLine: {'line': b'-- Up-to-date: /home/user/celluleflexible_en_cours_ROS2/ros_ws/install/shuttles/include/shuttles/shuttles/srv/shuttle_id.hpp\n'}
[0.902497] (shuttles) StdoutLine: {'line': b'-- Up-to-date: /home/user/celluleflexible_en_cours_ROS2/ros_ws/install/shuttles/include/shuttles/shuttles/srv/detail\n'}
[0.902517] (shuttles) StdoutLine: {'line': b'-- Up-to-date: /home/user/celluleflexible_en_cours_ROS2/ros_ws/install/shuttles/include/shuttles/shuttles/srv/detail/shuttle_id__type_support.hpp\n'}
[0.902539] (shuttles) StdoutLine: {'line': b'-- Up-to-date: /home/user/celluleflexible_en_cours_ROS2/ros_ws/install/shuttles/include/shuttles/shuttles/srv/detail/shuttle_id__struct.hpp\n'}
[0.902559] (shuttles) StdoutLine: {'line': b'-- Up-to-date: /home/user/celluleflexible_en_cours_ROS2/ros_ws/install/shuttles/include/shuttles/shuttles/srv/detail/shuttle_id__builder.hpp\n'}
[0.902579] (shuttles) StdoutLine: {'line': b'-- Up-to-date: /home/user/celluleflexible_en_cours_ROS2/ros_ws/install/shuttles/include/shuttles/shuttles/srv/detail/shuttle_id__traits.hpp\n'}
[0.902601] (shuttles) StdoutLine: {'line': b'-- Up-to-date: /home/user/celluleflexible_en_cours_ROS2/ros_ws/install/shuttles/include/shuttles/shuttles\n'}
[0.902621] (shuttles) StdoutLine: {'line': b'-- Up-to-date: /home/user/celluleflexible_en_cours_ROS2/ros_ws/install/shuttles/include/shuttles/shuttles/msg\n'}
[0.902641] (shuttles) StdoutLine: {'line': b'-- Up-to-date: /home/user/celluleflexible_en_cours_ROS2/ros_ws/install/shuttles/include/shuttles/shuttles/msg/detail\n'}
[0.902664] (shuttles) StdoutLine: {'line': b'-- Up-to-date: /home/user/celluleflexible_en_cours_ROS2/ros_ws/install/shuttles/include/shuttles/shuttles/msg/detail/dds_fastrtps\n'}
[0.902684] (shuttles) StdoutLine: {'line': b'-- Up-to-date: /home/user/celluleflexible_en_cours_ROS2/ros_ws/install/shuttles/include/shuttles/shuttles/msg/detail/msg_shuttle_create__rosidl_typesupport_fastrtps_cpp.hpp\n'}
[0.902704] (shuttles) StdoutLine: {'line': b'-- Up-to-date: /home/user/celluleflexible_en_cours_ROS2/ros_ws/install/shuttles/include/shuttles/shuttles/msg/detail/msg_shuttle_change__rosidl_typesupport_fastrtps_cpp.hpp\n'}
[0.902724] (shuttles) StdoutLine: {'line': b'-- Up-to-date: /home/user/celluleflexible_en_cours_ROS2/ros_ws/install/shuttles/include/shuttles/shuttles/msg/detail/msg_erreur__rosidl_typesupport_fastrtps_cpp.hpp\n'}
[0.902744] (shuttles) StdoutLine: {'line': b'-- Up-to-date: /home/user/celluleflexible_en_cours_ROS2/ros_ws/install/shuttles/include/shuttles/shuttles/msg/rosidl_typesupport_fastrtps_cpp__visibility_control.h\n'}
[0.902764] (shuttles) StdoutLine: {'line': b'-- Up-to-date: /home/user/celluleflexible_en_cours_ROS2/ros_ws/install/shuttles/include/shuttles/shuttles/srv\n'}
[0.902807] (shuttles) StdoutLine: {'line': b'-- Up-to-date: /home/user/celluleflexible_en_cours_ROS2/ros_ws/install/shuttles/include/shuttles/shuttles/srv/detail\n'}
[0.902832] (shuttles) StdoutLine: {'line': b'-- Up-to-date: /home/user/celluleflexible_en_cours_ROS2/ros_ws/install/shuttles/include/shuttles/shuttles/srv/detail/shuttle_id__rosidl_typesupport_fastrtps_cpp.hpp\n'}
[0.902854] (shuttles) StdoutLine: {'line': b'-- Up-to-date: /home/user/celluleflexible_en_cours_ROS2/ros_ws/install/shuttles/include/shuttles/shuttles/srv/detail/dds_fastrtps\n'}
[0.902877] (shuttles) StdoutLine: {'line': b'-- Up-to-date: /home/user/celluleflexible_en_cours_ROS2/ros_ws/install/shuttles/lib/libshuttles__rosidl_typesupport_fastrtps_cpp.so\n'}
[0.902899] (shuttles) StdoutLine: {'line': b'-- Up-to-date: /home/user/celluleflexible_en_cours_ROS2/ros_ws/install/shuttles/include/shuttles/shuttles\n'}
[0.902999] (shuttles) StdoutLine: {'line': b'-- Up-to-date: /home/user/celluleflexible_en_cours_ROS2/ros_ws/install/shuttles/include/shuttles/shuttles/msg\n'}
[0.903182] (shuttles) StdoutLine: {'line': b'-- Up-to-date: /home/user/celluleflexible_en_cours_ROS2/ros_ws/install/shuttles/include/shuttles/shuttles/msg/rosidl_typesupport_introspection_c__visibility_control.h\n'}
[0.903210] (shuttles) StdoutLine: {'line': b'-- Up-to-date: /home/user/celluleflexible_en_cours_ROS2/ros_ws/install/shuttles/include/shuttles/shuttles/msg/detail\n'}
[0.903234] (shuttles) StdoutLine: {'line': b'-- Up-to-date: /home/user/celluleflexible_en_cours_ROS2/ros_ws/install/shuttles/include/shuttles/shuttles/msg/detail/msg_shuttle_create__type_support.c\n'}
[0.903256] (shuttles) StdoutLine: {'line': b'-- Up-to-date: /home/user/celluleflexible_en_cours_ROS2/ros_ws/install/shuttles/include/shuttles/shuttles/msg/detail/msg_shuttle_change__rosidl_typesupport_introspection_c.h\n'}
[0.903283] (shuttles) StdoutLine: {'line': b'-- Up-to-date: /home/user/celluleflexible_en_cours_ROS2/ros_ws/install/shuttles/include/shuttles/shuttles/msg/detail/msg_shuttle_change__type_support.c\n'}
[0.903304] (shuttles) StdoutLine: {'line': b'-- Up-to-date: /home/user/celluleflexible_en_cours_ROS2/ros_ws/install/shuttles/include/shuttles/shuttles/msg/detail/msg_erreur__type_support.c\n'}
[0.903326] (shuttles) StdoutLine: {'line': b'-- Up-to-date: /home/user/celluleflexible_en_cours_ROS2/ros_ws/install/shuttles/include/shuttles/shuttles/msg/detail/msg_shuttle_create__rosidl_typesupport_introspection_c.h\n'}
[0.903346] (shuttles) StdoutLine: {'line': b'-- Up-to-date: /home/user/celluleflexible_en_cours_ROS2/ros_ws/install/shuttles/include/shuttles/shuttles/msg/detail/msg_erreur__rosidl_typesupport_introspection_c.h\n'}
[0.903367] (shuttles) StdoutLine: {'line': b'-- Up-to-date: /home/user/celluleflexible_en_cours_ROS2/ros_ws/install/shuttles/include/shuttles/shuttles/srv\n'}
[0.903388] (shuttles) StdoutLine: {'line': b'-- Up-to-date: /home/user/celluleflexible_en_cours_ROS2/ros_ws/install/shuttles/include/shuttles/shuttles/srv/detail\n'}
[0.903409] (shuttles) StdoutLine: {'line': b'-- Up-to-date: /home/user/celluleflexible_en_cours_ROS2/ros_ws/install/shuttles/include/shuttles/shuttles/srv/detail/shuttle_id__type_support.c\n'}
[0.903429] (shuttles) StdoutLine: {'line': b'-- Up-to-date: /home/user/celluleflexible_en_cours_ROS2/ros_ws/install/shuttles/include/shuttles/shuttles/srv/detail/shuttle_id__rosidl_typesupport_introspection_c.h\n'}
[0.903450] (shuttles) StdoutLine: {'line': b'-- Up-to-date: /home/user/celluleflexible_en_cours_ROS2/ros_ws/install/shuttles/lib/libshuttles__rosidl_typesupport_introspection_c.so\n'}
[0.903471] (shuttles) StdoutLine: {'line': b'-- Up-to-date: /home/user/celluleflexible_en_cours_ROS2/ros_ws/install/shuttles/lib/libshuttles__rosidl_typesupport_c.so\n'}
[0.903492] (shuttles) StdoutLine: {'line': b'-- Up-to-date: /home/user/celluleflexible_en_cours_ROS2/ros_ws/install/shuttles/include/shuttles/shuttles\n'}
[0.903512] (shuttles) StdoutLine: {'line': b'-- Up-to-date: /home/user/celluleflexible_en_cours_ROS2/ros_ws/install/shuttles/include/shuttles/shuttles/msg\n'}
[0.903533] (shuttles) StdoutLine: {'line': b'-- Up-to-date: /home/user/celluleflexible_en_cours_ROS2/ros_ws/install/shuttles/include/shuttles/shuttles/msg/detail\n'}
[0.903558] (shuttles) StdoutLine: {'line': b'-- Up-to-date: /home/user/celluleflexible_en_cours_ROS2/ros_ws/install/shuttles/include/shuttles/shuttles/msg/detail/msg_shuttle_create__type_support.cpp\n'}
[0.903580] (shuttles) StdoutLine: {'line': b'-- Up-to-date: /home/user/celluleflexible_en_cours_ROS2/ros_ws/install/shuttles/include/shuttles/shuttles/msg/detail/msg_erreur__type_support.cpp\n'}
[0.903600] (shuttles) StdoutLine: {'line': b'-- Up-to-date: /home/user/celluleflexible_en_cours_ROS2/ros_ws/install/shuttles/include/shuttles/shuttles/msg/detail/msg_erreur__rosidl_typesupport_introspection_cpp.hpp\n'}
[0.903621] (shuttles) StdoutLine: {'line': b'-- Up-to-date: /home/user/celluleflexible_en_cours_ROS2/ros_ws/install/shuttles/include/shuttles/shuttles/msg/detail/msg_shuttle_change__rosidl_typesupport_introspection_cpp.hpp\n'}
[0.903643] (shuttles) StdoutLine: {'line': b'-- Up-to-date: /home/user/celluleflexible_en_cours_ROS2/ros_ws/install/shuttles/include/shuttles/shuttles/msg/detail/msg_shuttle_create__rosidl_typesupport_introspection_cpp.hpp\n'}
[0.903665] (shuttles) StdoutLine: {'line': b'-- Up-to-date: /home/user/celluleflexible_en_cours_ROS2/ros_ws/install/shuttles/include/shuttles/shuttles/msg/detail/msg_shuttle_change__type_support.cpp\n'}
[0.903684] (shuttles) StdoutLine: {'line': b'-- Up-to-date: /home/user/celluleflexible_en_cours_ROS2/ros_ws/install/shuttles/include/shuttles/shuttles/srv\n'}
[0.903705] (shuttles) StdoutLine: {'line': b'-- Up-to-date: /home/user/celluleflexible_en_cours_ROS2/ros_ws/install/shuttles/include/shuttles/shuttles/srv/detail\n'}
[0.903725] (shuttles) StdoutLine: {'line': b'-- Up-to-date: /home/user/celluleflexible_en_cours_ROS2/ros_ws/install/shuttles/include/shuttles/shuttles/srv/detail/shuttle_id__type_support.cpp\n'}
[0.903747] (shuttles) StdoutLine: {'line': b'-- Up-to-date: /home/user/celluleflexible_en_cours_ROS2/ros_ws/install/shuttles/include/shuttles/shuttles/srv/detail/shuttle_id__rosidl_typesupport_introspection_cpp.hpp\n'}
[0.903767] (shuttles) StdoutLine: {'line': b'-- Up-to-date: /home/user/celluleflexible_en_cours_ROS2/ros_ws/install/shuttles/lib/libshuttles__rosidl_typesupport_introspection_cpp.so\n'}
[0.903787] (commande_locale) StdoutLine: {'line': b'-- Up-to-date: /home/user/celluleflexible_en_cours_ROS2/ros_ws/install/commande_locale/include/commande_locale/commande_locale/srv/detail/srv_fin_init__type_support.h\n'}
[0.903813] (commande_locale) StdoutLine: {'line': b'-- Installing: /home/user/celluleflexible_en_cours_ROS2/ros_ws/install/commande_locale/include/commande_locale/commande_locale/srv/detail/srv_add_product_push_back__type_support.c\n'}
[0.903837] (commande_locale) StdoutLine: {'line': b'-- Up-to-date: /home/user/celluleflexible_en_cours_ROS2/ros_ws/install/commande_locale/include/commande_locale/commande_locale/srv/detail/srv_add_product_push_back__description.c\n'}
[0.903857] (commande_locale) StdoutLine: {'line': b'-- Up-to-date: /home/user/celluleflexible_en_cours_ROS2/ros_ws/install/commande_locale/include/commande_locale/commande_locale/srv/detail/srv_add_product__struct.h\n'}
[0.903954] (commande_locale) StdoutLine: {'line': b'-- Up-to-date: /home/user/celluleflexible_en_cours_ROS2/ros_ws/install/commande_locale/include/commande_locale/commande_locale/srv/detail/srv_fin_init__type_support.c\n'}
[0.903987] (commande_locale) StdoutLine: {'line': b'-- Up-to-date: /home/user/celluleflexible_en_cours_ROS2/ros_ws/install/commande_locale/include/commande_locale/commande_locale/srv/detail/srv_add_product__type_support.h\n'}
[0.904010] (commande_locale) StdoutLine: {'line': b'-- Up-to-date: /home/user/celluleflexible_en_cours_ROS2/ros_ws/install/commande_locale/include/commande_locale/commande_locale/srv/detail/srv_fin_init__functions.c\n'}
[0.904162] (commande_locale) StdoutLine: {'line': b'-- Up-to-date: /home/user/celluleflexible_en_cours_ROS2/ros_ws/install/commande_locale/include/commande_locale/commande_locale/srv/detail/srv_add_product__description.c\n'}
[0.904187] (commande_locale) StdoutLine: {'line': b'-- Up-to-date: /home/user/celluleflexible_en_cours_ROS2/ros_ws/install/commande_locale/include/commande_locale/commande_locale/srv/detail/srv_add_product_push_back__functions.h\n'}
[0.904210] (commande_locale) StdoutLine: {'line': b'-- Up-to-date: /home/user/celluleflexible_en_cours_ROS2/ros_ws/install/commande_locale/include/commande_locale/commande_locale/srv/detail/srv_add_product__functions.c\n'}
[0.904231] (commande_locale) StdoutLine: {'line': b'-- Up-to-date: /home/user/celluleflexible_en_cours_ROS2/ros_ws/install/commande_locale/include/commande_locale/commande_locale/srv/detail/srv_fin_init__functions.h\n'}
[0.904252] (commande_locale) StdoutLine: {'line': b'-- Installing: /home/user/celluleflexible_en_cours_ROS2/ros_ws/install/commande_locale/include/commande_locale/commande_locale/srv/detail/srv_add_product__type_support.c\n'}
[0.904273] (commande_locale) StdoutLine: {'line': b'-- Up-to-date: /home/user/celluleflexible_en_cours_ROS2/ros_ws/install/commande_locale/include/commande_locale/commande_locale/srv/detail/srv_add_product_push_back__struct.h\n'}
[0.904294] (commande_locale) StdoutLine: {'line': b'-- Up-to-date: /home/user/celluleflexible_en_cours_ROS2/ros_ws/install/commande_locale/include/commande_locale/commande_locale/srv/detail/srv_fin_init__description.c\n'}
[0.904315] (commande_locale) StdoutLine: {'line': b'-- Up-to-date: /home/user/celluleflexible_en_cours_ROS2/ros_ws/install/commande_locale/include/commande_locale/commande_locale/srv/detail/srv_add_product_push_back__type_support.h\n'}
[0.904338] (commande_locale) StdoutLine: {'line': b'-- Up-to-date: /home/user/celluleflexible_en_cours_ROS2/ros_ws/install/commande_locale/include/commande_locale/commande_locale/srv/detail/srv_fin_init__struct.h\n'}
[0.904360] (commande_locale) StdoutLine: {'line': b'-- Up-to-date: /home/user/celluleflexible_en_cours_ROS2/ros_ws/install/commande_locale/include/commande_locale/commande_locale/srv/detail/srv_add_product_push_back__functions.c\n'}
[0.904381] (commande_locale) StdoutLine: {'line': b'-- Up-to-date: /home/user/celluleflexible_en_cours_ROS2/ros_ws/install/commande_locale/include/commande_locale/commande_locale/srv/detail/srv_add_product__functions.h\n'}
[0.904403] (commande_locale) StdoutLine: {'line': b'-- Up-to-date: /home/user/celluleflexible_en_cours_ROS2/ros_ws/install/commande_locale/share/commande_locale/environment/library_path.sh\n'}
[0.904424] (commande_locale) StdoutLine: {'line': b'-- Up-to-date: /home/user/celluleflexible_en_cours_ROS2/ros_ws/install/commande_locale/share/commande_locale/environment/library_path.dsv\n'}
[0.904445] (commande_locale) StdoutLine: {'line': b'-- Up-to-date: /home/user/celluleflexible_en_cours_ROS2/ros_ws/install/commande_locale/lib/libcommande_locale__rosidl_generator_c.so\n'}
[0.904466] (commande_locale) StdoutLine: {'line': b'-- Up-to-date: /home/user/celluleflexible_en_cours_ROS2/ros_ws/install/commande_locale/include/commande_locale/commande_locale\n'}
[0.904487] (commande_locale) StdoutLine: {'line': b'-- Up-to-date: /home/user/celluleflexible_en_cours_ROS2/ros_ws/install/commande_locale/include/commande_locale/commande_locale/msg\n'}
[0.904507] (commande_locale) StdoutLine: {'line': b'-- Up-to-date: /home/user/celluleflexible_en_cours_ROS2/ros_ws/install/commande_locale/include/commande_locale/commande_locale/msg/rosidl_typesupport_fastrtps_c__visibility_control.h\n'}
[0.904528] (commande_locale) StdoutLine: {'line': b'-- Up-to-date: /home/user/celluleflexible_en_cours_ROS2/ros_ws/install/commande_locale/include/commande_locale/commande_locale/msg/detail\n'}
[0.904548] (commande_locale) StdoutLine: {'line': b'-- Up-to-date: /home/user/celluleflexible_en_cours_ROS2/ros_ws/install/commande_locale/include/commande_locale/commande_locale/msg/detail/msg_erreur__rosidl_typesupport_fastrtps_c.h\n'}
[0.904568] (commande_locale) StdoutLine: {'line': b'-- Up-to-date: /home/user/celluleflexible_en_cours_ROS2/ros_ws/install/commande_locale/include/commande_locale/commande_locale/msg/detail/msg_color__rosidl_typesupport_fastrtps_c.h\n'}
[0.904590] (commande_locale) StdoutLine: {'line': b'-- Up-to-date: /home/user/celluleflexible_en_cours_ROS2/ros_ws/install/commande_locale/include/commande_locale/commande_locale/msg/detail/msg_choix_mode__rosidl_typesupport_fastrtps_c.h\n'}
[0.904610] (commande_locale) StdoutLine: {'line': b'-- Up-to-date: /home/user/celluleflexible_en_cours_ROS2/ros_ws/install/commande_locale/include/commande_locale/commande_locale/msg/detail/tache_finie_msg__rosidl_typesupport_fastrtps_c.h\n'}
[0.904630] (commande_locale) StdoutLine: {'line': b'-- Up-to-date: /home/user/celluleflexible_en_cours_ROS2/ros_ws/install/commande_locale/include/commande_locale/commande_locale/msg/detail/robot_joints__rosidl_typesupport_fastrtps_c.h\n'}
[0.904650] (commande_locale) StdoutLine: {'line': b'-- Up-to-date: /home/user/celluleflexible_en_cours_ROS2/ros_ws/install/commande_locale/include/commande_locale/commande_locale/msg/detail/msg_add_product__rosidl_typesupport_fastrtps_c.h\n'}
[0.904669] (commande_locale) StdoutLine: {'line': b'-- Up-to-date: /home/user/celluleflexible_en_cours_ROS2/ros_ws/install/commande_locale/include/commande_locale/commande_locale/msg/detail/deplacer_piece_msg__rosidl_typesupport_fastrtps_c.h\n'}
[0.904689] (commande_locale) StdoutLine: {'line': b'-- Up-to-date: /home/user/celluleflexible_en_cours_ROS2/ros_ws/install/commande_locale/include/commande_locale/commande_locale/msg/detail/msg_pin_control__rosidl_typesupport_fastrtps_c.h\n'}
[0.904711] (commande_locale) StdoutLine: {'line': b'-- Up-to-date: /home/user/celluleflexible_en_cours_ROS2/ros_ws/install/commande_locale/include/commande_locale/commande_locale/msg/detail/msg_stop_control__rosidl_typesupport_fastrtps_c.h\n'}
[0.904731] (commande_locale) StdoutLine: {'line': b'-- Up-to-date: /home/user/celluleflexible_en_cours_ROS2/ros_ws/install/commande_locale/include/commande_locale/commande_locale/msg/detail/msg_switch_control__rosidl_typesupport_fastrtps_c.h\n'}
[0.904753] (commande_locale) StdoutLine: {'line': b'-- Up-to-date: /home/user/celluleflexible_en_cours_ROS2/ros_ws/install/commande_locale/include/commande_locale/commande_locale/srv\n'}
[0.904772] (commande_locale) StdoutLine: {'line': b'-- Up-to-date: /home/user/celluleflexible_en_cours_ROS2/ros_ws/install/commande_locale/include/commande_locale/commande_locale/srv/detail\n'}
[0.904791] (commande_locale) StdoutLine: {'line': b'-- Up-to-date: /home/user/celluleflexible_en_cours_ROS2/ros_ws/install/commande_locale/include/commande_locale/commande_locale/srv/detail/srv_add_product_push_back__rosidl_typesupport_fastrtps_c.h\n'}
[0.904976] (commande_locale) StdoutLine: {'line': b'-- Up-to-date: /home/user/celluleflexible_en_cours_ROS2/ros_ws/install/commande_locale/include/commande_locale/commande_locale/srv/detail/srv_add_product__rosidl_typesupport_fastrtps_c.h\n'}
[0.905088] (commande_locale) StdoutLine: {'line': b'-- Up-to-date: /home/user/celluleflexible_en_cours_ROS2/ros_ws/install/commande_locale/include/commande_locale/commande_locale/srv/detail/srv_fin_init__rosidl_typesupport_fastrtps_c.h\n'}
[0.905115] (commande_locale) StdoutLine: {'line': b'-- Up-to-date: /home/user/celluleflexible_en_cours_ROS2/ros_ws/install/commande_locale/lib/libcommande_locale__rosidl_typesupport_fastrtps_c.so\n'}
[0.905138] (commande_locale) StdoutLine: {'line': b'-- Up-to-date: /home/user/celluleflexible_en_cours_ROS2/ros_ws/install/commande_locale/include/commande_locale/commande_locale\n'}
[0.905160] (commande_locale) StdoutLine: {'line': b'-- Up-to-date: /home/user/celluleflexible_en_cours_ROS2/ros_ws/install/commande_locale/include/commande_locale/commande_locale/msg\n'}
[0.905182] (commande_locale) StdoutLine: {'line': b'-- Up-to-date: /home/user/celluleflexible_en_cours_ROS2/ros_ws/install/commande_locale/include/commande_locale/commande_locale/msg/deplacer_piece_msg.hpp\n'}
[0.905203] (commande_locale) StdoutLine: {'line': b'-- Up-to-date: /home/user/celluleflexible_en_cours_ROS2/ros_ws/install/commande_locale/include/commande_locale/commande_locale/msg/msg_color.hpp\n'}
[0.905225] (commande_locale) StdoutLine: {'line': b'-- Up-to-date: /home/user/celluleflexible_en_cours_ROS2/ros_ws/install/commande_locale/include/commande_locale/commande_locale/msg/msg_pin_control.hpp\n'}
[0.905245] (commande_locale) StdoutLine: {'line': b'-- Up-to-date: /home/user/celluleflexible_en_cours_ROS2/ros_ws/install/commande_locale/include/commande_locale/commande_locale/msg/msg_switch_control.hpp\n'}
[0.905266] (commande_locale) StdoutLine: {'line': b'-- Up-to-date: /home/user/celluleflexible_en_cours_ROS2/ros_ws/install/commande_locale/include/commande_locale/commande_locale/msg/rosidl_generator_cpp__visibility_control.hpp\n'}
[0.905286] (commande_locale) StdoutLine: {'line': b'-- Up-to-date: /home/user/celluleflexible_en_cours_ROS2/ros_ws/install/commande_locale/include/commande_locale/commande_locale/msg/msg_stop_control.hpp\n'}
[0.905306] (commande_locale) StdoutLine: {'line': b'-- Up-to-date: /home/user/celluleflexible_en_cours_ROS2/ros_ws/install/commande_locale/include/commande_locale/commande_locale/msg/msg_choix_mode.hpp\n'}
[0.905327] (commande_locale) StdoutLine: {'line': b'-- Up-to-date: /home/user/celluleflexible_en_cours_ROS2/ros_ws/install/commande_locale/include/commande_locale/commande_locale/msg/robot_joints.hpp\n'}
[0.905347] (commande_locale) StdoutLine: {'line': b'-- Up-to-date: /home/user/celluleflexible_en_cours_ROS2/ros_ws/install/commande_locale/include/commande_locale/commande_locale/msg/tache_finie_msg.hpp\n'}
[0.905370] (commande_locale) StdoutLine: {'line': b'-- Up-to-date: /home/user/celluleflexible_en_cours_ROS2/ros_ws/install/commande_locale/include/commande_locale/commande_locale/msg/msg_add_product.hpp\n'}
[0.905390] (commande_locale) StdoutLine: {'line': b'-- Up-to-date: /home/user/celluleflexible_en_cours_ROS2/ros_ws/install/commande_locale/include/commande_locale/commande_locale/msg/detail\n'}
[0.905412] (commande_locale) StdoutLine: {'line': b'-- Up-to-date: /home/user/celluleflexible_en_cours_ROS2/ros_ws/install/commande_locale/include/commande_locale/commande_locale/msg/detail/msg_choix_mode__struct.hpp\n'}
[0.905432] (commande_locale) StdoutLine: {'line': b'-- Up-to-date: /home/user/celluleflexible_en_cours_ROS2/ros_ws/install/commande_locale/include/commande_locale/commande_locale/msg/detail/robot_joints__type_support.hpp\n'}
[0.905453] (commande_locale) StdoutLine: {'line': b'-- Up-to-date: /home/user/celluleflexible_en_cours_ROS2/ros_ws/install/commande_locale/include/commande_locale/commande_locale/msg/detail/msg_add_product__struct.hpp\n'}
[0.905472] (commande_locale) StdoutLine: {'line': b'-- Up-to-date: /home/user/celluleflexible_en_cours_ROS2/ros_ws/install/commande_locale/include/commande_locale/commande_locale/msg/detail/tache_finie_msg__struct.hpp\n'}
[0.905492] (commande_locale) StdoutLine: {'line': b'-- Up-to-date: /home/user/celluleflexible_en_cours_ROS2/ros_ws/install/commande_locale/include/commande_locale/commande_locale/msg/detail/robot_joints__builder.hpp\n'}
[0.905512] (commande_locale) StdoutLine: {'line': b'-- Up-to-date: /home/user/celluleflexible_en_cours_ROS2/ros_ws/install/commande_locale/include/commande_locale/commande_locale/msg/detail/msg_switch_control__struct.hpp\n'}
[0.905531] (commande_locale) StdoutLine: {'line': b'-- Up-to-date: /home/user/celluleflexible_en_cours_ROS2/ros_ws/install/commande_locale/include/commande_locale/commande_locale/msg/detail/msg_stop_control__traits.hpp\n'}
[0.905551] (commande_locale) StdoutLine: {'line': b'-- Up-to-date: /home/user/celluleflexible_en_cours_ROS2/ros_ws/install/commande_locale/include/commande_locale/commande_locale/msg/detail/msg_color__traits.hpp\n'}
[0.905570] (commande_locale) StdoutLine: {'line': b'-- Up-to-date: /home/user/celluleflexible_en_cours_ROS2/ros_ws/install/commande_locale/include/commande_locale/commande_locale/msg/detail/tache_finie_msg__type_support.hpp\n'}
[0.905591] (commande_locale) StdoutLine: {'line': b'-- Up-to-date: /home/user/celluleflexible_en_cours_ROS2/ros_ws/install/commande_locale/include/commande_locale/commande_locale/msg/detail/msg_pin_control__builder.hpp\n'}
[0.905610] (commande_locale) StdoutLine: {'line': b'-- Up-to-date: /home/user/celluleflexible_en_cours_ROS2/ros_ws/install/commande_locale/include/commande_locale/commande_locale/msg/detail/msg_switch_control__traits.hpp\n'}
[0.905629] (commande_locale) StdoutLine: {'line': b'-- Up-to-date: /home/user/celluleflexible_en_cours_ROS2/ros_ws/install/commande_locale/include/commande_locale/commande_locale/msg/detail/deplacer_piece_msg__builder.hpp\n'}
[0.905649] (commande_locale) StdoutLine: {'line': b'-- Up-to-date: /home/user/celluleflexible_en_cours_ROS2/ros_ws/install/commande_locale/include/commande_locale/commande_locale/msg/detail/msg_erreur__traits.hpp\n'}
[0.905668] (commande_locale) StdoutLine: {'line': b'-- Up-to-date: /home/user/celluleflexible_en_cours_ROS2/ros_ws/install/commande_locale/include/commande_locale/commande_locale/msg/detail/msg_add_product__builder.hpp\n'}
[0.905687] (commande_locale) StdoutLine: {'line': b'-- Up-to-date: /home/user/celluleflexible_en_cours_ROS2/ros_ws/install/commande_locale/include/commande_locale/commande_locale/msg/detail/msg_stop_control__struct.hpp\n'}
[0.905706] (commande_locale) StdoutLine: {'line': b'-- Up-to-date: /home/user/celluleflexible_en_cours_ROS2/ros_ws/install/commande_locale/include/commande_locale/commande_locale/msg/detail/tache_finie_msg__traits.hpp\n'}
[0.905724] (commande_locale) StdoutLine: {'line': b'-- Up-to-date: /home/user/celluleflexible_en_cours_ROS2/ros_ws/install/commande_locale/include/commande_locale/commande_locale/msg/detail/msg_choix_mode__traits.hpp\n'}
[0.905743] (commande_locale) StdoutLine: {'line': b'-- Up-to-date: /home/user/celluleflexible_en_cours_ROS2/ros_ws/install/commande_locale/include/commande_locale/commande_locale/msg/detail/msg_choix_mode__builder.hpp\n'}
[0.905766] (commande_locale) StdoutLine: {'line': b'-- Up-to-date: /home/user/celluleflexible_en_cours_ROS2/ros_ws/install/commande_locale/include/commande_locale/commande_locale/msg/detail/msg_erreur__struct.hpp\n'}
[0.905786] (commande_locale) StdoutLine: {'line': b'-- Up-to-date: /home/user/celluleflexible_en_cours_ROS2/ros_ws/install/commande_locale/include/commande_locale/commande_locale/msg/detail/msg_color__builder.hpp\n'}
[0.905806] (commande_locale) StdoutLine: {'line': b'-- Up-to-date: /home/user/celluleflexible_en_cours_ROS2/ros_ws/install/commande_locale/include/commande_locale/commande_locale/msg/detail/msg_erreur__type_support.hpp\n'}
[0.905825] (commande_locale) StdoutLine: {'line': b'-- Up-to-date: /home/user/celluleflexible_en_cours_ROS2/ros_ws/install/commande_locale/include/commande_locale/commande_locale/msg/detail/msg_add_product__type_support.hpp\n'}
[0.905844] (commande_locale) StdoutLine: {'line': b'-- Up-to-date: /home/user/celluleflexible_en_cours_ROS2/ros_ws/install/commande_locale/include/commande_locale/commande_locale/msg/detail/deplacer_piece_msg__traits.hpp\n'}
[0.905865] (commande_locale) StdoutLine: {'line': b'-- Up-to-date: /home/user/celluleflexible_en_cours_ROS2/ros_ws/install/commande_locale/include/commande_locale/commande_locale/msg/detail/deplacer_piece_msg__type_support.hpp\n'}
[0.905885] (commande_locale) StdoutLine: {'line': b'-- Up-to-date: /home/user/celluleflexible_en_cours_ROS2/ros_ws/install/commande_locale/include/commande_locale/commande_locale/msg/detail/msg_pin_control__struct.hpp\n'}
[0.905905] (commande_locale) StdoutLine: {'line': b'-- Up-to-date: /home/user/celluleflexible_en_cours_ROS2/ros_ws/install/commande_locale/include/commande_locale/commande_locale/msg/detail/robot_joints__struct.hpp\n'}
[0.905925] (commande_locale) StdoutLine: {'line': b'-- Up-to-date: /home/user/celluleflexible_en_cours_ROS2/ros_ws/install/commande_locale/include/commande_locale/commande_locale/msg/detail/deplacer_piece_msg__struct.hpp\n'}
[0.906341] (commande_locale) StdoutLine: {'line': b'-- Up-to-date: /home/user/celluleflexible_en_cours_ROS2/ros_ws/install/commande_locale/include/commande_locale/commande_locale/msg/detail/tache_finie_msg__builder.hpp\n'}
[0.906383] (commande_locale) StdoutLine: {'line': b'-- Up-to-date: /home/user/celluleflexible_en_cours_ROS2/ros_ws/install/commande_locale/include/commande_locale/commande_locale/msg/detail/msg_erreur__builder.hpp\n'}
[0.906414] (commande_locale) StdoutLine: {'line': b'-- Up-to-date: /home/user/celluleflexible_en_cours_ROS2/ros_ws/install/commande_locale/include/commande_locale/commande_locale/msg/detail/msg_switch_control__type_support.hpp\n'}
[0.906441] (commande_locale) StdoutLine: {'line': b'-- Up-to-date: /home/user/celluleflexible_en_cours_ROS2/ros_ws/install/commande_locale/include/commande_locale/commande_locale/msg/detail/robot_joints__traits.hpp\n'}
[0.906466] (commande_locale) StdoutLine: {'line': b'-- Up-to-date: /home/user/celluleflexible_en_cours_ROS2/ros_ws/install/commande_locale/include/commande_locale/commande_locale/msg/detail/msg_pin_control__traits.hpp\n'}
[0.906497] (commande_locale) StdoutLine: {'line': b'-- Up-to-date: /home/user/celluleflexible_en_cours_ROS2/ros_ws/install/commande_locale/include/commande_locale/commande_locale/msg/detail/msg_add_product__traits.hpp\n'}
[0.906521] (commande_locale) StdoutLine: {'line': b'-- Up-to-date: /home/user/celluleflexible_en_cours_ROS2/ros_ws/install/commande_locale/include/commande_locale/commande_locale/msg/detail/msg_choix_mode__type_support.hpp\n'}
[0.906543] (commande_locale) StdoutLine: {'line': b'-- Up-to-date: /home/user/celluleflexible_en_cours_ROS2/ros_ws/install/commande_locale/include/commande_locale/commande_locale/msg/detail/msg_stop_control__type_support.hpp\n'}
[0.906564] (commande_locale) StdoutLine: {'line': b'-- Up-to-date: /home/user/celluleflexible_en_cours_ROS2/ros_ws/install/commande_locale/include/commande_locale/commande_locale/msg/detail/msg_switch_control__builder.hpp\n'}
[0.906585] (commande_locale) StdoutLine: {'line': b'-- Up-to-date: /home/user/celluleflexible_en_cours_ROS2/ros_ws/install/commande_locale/include/commande_locale/commande_locale/msg/detail/msg_stop_control__builder.hpp\n'}
[0.906612] (commande_locale) StdoutLine: {'line': b'-- Up-to-date: /home/user/celluleflexible_en_cours_ROS2/ros_ws/install/commande_locale/include/commande_locale/commande_locale/msg/detail/msg_color__type_support.hpp\n'}
[0.906633] (commande_locale) StdoutLine: {'line': b'-- Up-to-date: /home/user/celluleflexible_en_cours_ROS2/ros_ws/install/commande_locale/include/commande_locale/commande_locale/msg/detail/msg_pin_control__type_support.hpp\n'}
[0.906654] (commande_locale) StdoutLine: {'line': b'-- Up-to-date: /home/user/celluleflexible_en_cours_ROS2/ros_ws/install/commande_locale/include/commande_locale/commande_locale/msg/detail/msg_color__struct.hpp\n'}
[0.906676] (commande_locale) StdoutLine: {'line': b'-- Up-to-date: /home/user/celluleflexible_en_cours_ROS2/ros_ws/install/commande_locale/include/commande_locale/commande_locale/msg/msg_erreur.hpp\n'}
[0.906697] (commande_locale) StdoutLine: {'line': b'-- Up-to-date: /home/user/celluleflexible_en_cours_ROS2/ros_ws/install/commande_locale/include/commande_locale/commande_locale/srv\n'}
[0.906718] (commande_locale) StdoutLine: {'line': b'-- Up-to-date: /home/user/celluleflexible_en_cours_ROS2/ros_ws/install/commande_locale/include/commande_locale/commande_locale/srv/srv_add_product.hpp\n'}
[0.906738] (commande_locale) StdoutLine: {'line': b'-- Up-to-date: /home/user/celluleflexible_en_cours_ROS2/ros_ws/install/commande_locale/include/commande_locale/commande_locale/srv/srv_add_product_push_back.hpp\n'}
[0.906759] (commande_locale) StdoutLine: {'line': b'-- Up-to-date: /home/user/celluleflexible_en_cours_ROS2/ros_ws/install/commande_locale/include/commande_locale/commande_locale/srv/srv_fin_init.hpp\n'}
[0.906779] (commande_locale) StdoutLine: {'line': b'-- Up-to-date: /home/user/celluleflexible_en_cours_ROS2/ros_ws/install/commande_locale/include/commande_locale/commande_locale/srv/detail\n'}
[0.906799] (commande_locale) StdoutLine: {'line': b'-- Up-to-date: /home/user/celluleflexible_en_cours_ROS2/ros_ws/install/commande_locale/include/commande_locale/commande_locale/srv/detail/srv_add_product_push_back__builder.hpp\n'}
[0.906820] (commande_locale) StdoutLine: {'line': b'-- Up-to-date: /home/user/celluleflexible_en_cours_ROS2/ros_ws/install/commande_locale/include/commande_locale/commande_locale/srv/detail/srv_fin_init__builder.hpp\n'}
[0.906843] (commande_locale) StdoutLine: {'line': b'-- Up-to-date: /home/user/celluleflexible_en_cours_ROS2/ros_ws/install/commande_locale/include/commande_locale/commande_locale/srv/detail/srv_add_product__struct.hpp\n'}
[0.906862] (commande_locale) StdoutLine: {'line': b'-- Up-to-date: /home/user/celluleflexible_en_cours_ROS2/ros_ws/install/commande_locale/include/commande_locale/commande_locale/srv/detail/srv_fin_init__traits.hpp\n'}
[0.906882] (commande_locale) StdoutLine: {'line': b'-- Up-to-date: /home/user/celluleflexible_en_cours_ROS2/ros_ws/install/commande_locale/include/commande_locale/commande_locale/srv/detail/srv_add_product__type_support.hpp\n'}
[0.906901] (commande_locale) StdoutLine: {'line': b'-- Up-to-date: /home/user/celluleflexible_en_cours_ROS2/ros_ws/install/commande_locale/include/commande_locale/commande_locale/srv/detail/srv_add_product_push_back__struct.hpp\n'}
[0.906920] (commande_locale) StdoutLine: {'line': b'-- Up-to-date: /home/user/celluleflexible_en_cours_ROS2/ros_ws/install/commande_locale/include/commande_locale/commande_locale/srv/detail/srv_add_product_push_back__traits.hpp\n'}
[0.906940] (commande_locale) StdoutLine: {'line': b'-- Up-to-date: /home/user/celluleflexible_en_cours_ROS2/ros_ws/install/commande_locale/include/commande_locale/commande_locale/srv/detail/srv_fin_init__type_support.hpp\n'}
[0.906959] (commande_locale) StdoutLine: {'line': b'-- Up-to-date: /home/user/celluleflexible_en_cours_ROS2/ros_ws/install/commande_locale/include/commande_locale/commande_locale/srv/detail/srv_add_product__builder.hpp\n'}
[0.906980] (commande_locale) StdoutLine: {'line': b'-- Up-to-date: /home/user/celluleflexible_en_cours_ROS2/ros_ws/install/commande_locale/include/commande_locale/commande_locale/srv/detail/srv_fin_init__struct.hpp\n'}
[0.907003] (commande_locale) StdoutLine: {'line': b'-- Up-to-date: /home/user/celluleflexible_en_cours_ROS2/ros_ws/install/commande_locale/include/commande_locale/commande_locale/srv/detail/srv_add_product__traits.hpp\n'}
[0.907023] (commande_locale) StdoutLine: {'line': b'-- Up-to-date: /home/user/celluleflexible_en_cours_ROS2/ros_ws/install/commande_locale/include/commande_locale/commande_locale/srv/detail/srv_add_product_push_back__type_support.hpp\n'}
[0.907044] (commande_locale) StdoutLine: {'line': b'-- Up-to-date: /home/user/celluleflexible_en_cours_ROS2/ros_ws/install/commande_locale/include/commande_locale/commande_locale\n'}
[0.907064] (commande_locale) StdoutLine: {'line': b'-- Up-to-date: /home/user/celluleflexible_en_cours_ROS2/ros_ws/install/commande_locale/include/commande_locale/commande_locale/msg\n'}
[0.907084] (commande_locale) StdoutLine: {'line': b'-- Up-to-date: /home/user/celluleflexible_en_cours_ROS2/ros_ws/install/commande_locale/include/commande_locale/commande_locale/msg/detail\n'}
[0.907104] (commande_locale) StdoutLine: {'line': b'-- Up-to-date: /home/user/celluleflexible_en_cours_ROS2/ros_ws/install/commande_locale/include/commande_locale/commande_locale/msg/detail/msg_pin_control__rosidl_typesupport_fastrtps_cpp.hpp\n'}
[0.907123] (commande_locale) StdoutLine: {'line': b'-- Up-to-date: /home/user/celluleflexible_en_cours_ROS2/ros_ws/install/commande_locale/include/commande_locale/commande_locale/msg/detail/tache_finie_msg__rosidl_typesupport_fastrtps_cpp.hpp\n'}
[0.907143] (commande_locale) StdoutLine: {'line': b'-- Up-to-date: /home/user/celluleflexible_en_cours_ROS2/ros_ws/install/commande_locale/include/commande_locale/commande_locale/msg/detail/msg_switch_control__rosidl_typesupport_fastrtps_cpp.hpp\n'}
[0.907163] (commande_locale) StdoutLine: {'line': b'-- Up-to-date: /home/user/celluleflexible_en_cours_ROS2/ros_ws/install/commande_locale/include/commande_locale/commande_locale/msg/detail/dds_fastrtps\n'}
[0.907182] (commande_locale) StdoutLine: {'line': b'-- Up-to-date: /home/user/celluleflexible_en_cours_ROS2/ros_ws/install/commande_locale/include/commande_locale/commande_locale/msg/detail/msg_erreur__rosidl_typesupport_fastrtps_cpp.hpp\n'}
[0.907201] (commande_locale) StdoutLine: {'line': b'-- Up-to-date: /home/user/celluleflexible_en_cours_ROS2/ros_ws/install/commande_locale/include/commande_locale/commande_locale/msg/detail/robot_joints__rosidl_typesupport_fastrtps_cpp.hpp\n'}
[0.907221] (commande_locale) StdoutLine: {'line': b'-- Up-to-date: /home/user/celluleflexible_en_cours_ROS2/ros_ws/install/commande_locale/include/commande_locale/commande_locale/msg/detail/msg_add_product__rosidl_typesupport_fastrtps_cpp.hpp\n'}
[0.907241] (commande_locale) StdoutLine: {'line': b'-- Up-to-date: /home/user/celluleflexible_en_cours_ROS2/ros_ws/install/commande_locale/include/commande_locale/commande_locale/msg/detail/msg_stop_control__rosidl_typesupport_fastrtps_cpp.hpp\n'}
[0.907260] (commande_locale) StdoutLine: {'line': b'-- Up-to-date: /home/user/celluleflexible_en_cours_ROS2/ros_ws/install/commande_locale/include/commande_locale/commande_locale/msg/detail/msg_color__rosidl_typesupport_fastrtps_cpp.hpp\n'}
[0.907280] (commande_locale) StdoutLine: {'line': b'-- Up-to-date: /home/user/celluleflexible_en_cours_ROS2/ros_ws/install/commande_locale/include/commande_locale/commande_locale/msg/detail/msg_choix_mode__rosidl_typesupport_fastrtps_cpp.hpp\n'}
[0.907401] (commande_locale) StdoutLine: {'line': b'-- Up-to-date: /home/user/celluleflexible_en_cours_ROS2/ros_ws/install/commande_locale/include/commande_locale/commande_locale/msg/detail/deplacer_piece_msg__rosidl_typesupport_fastrtps_cpp.hpp\n'}
[0.907433] (commande_locale) StdoutLine: {'line': b'-- Up-to-date: /home/user/celluleflexible_en_cours_ROS2/ros_ws/install/commande_locale/include/commande_locale/commande_locale/msg/rosidl_typesupport_fastrtps_cpp__visibility_control.h\n'}
[0.907459] (commande_locale) StdoutLine: {'line': b'-- Up-to-date: /home/user/celluleflexible_en_cours_ROS2/ros_ws/install/commande_locale/include/commande_locale/commande_locale/srv\n'}
[0.907481] (commande_locale) StdoutLine: {'line': b'-- Up-to-date: /home/user/celluleflexible_en_cours_ROS2/ros_ws/install/commande_locale/include/commande_locale/commande_locale/srv/detail\n'}
[0.907503] (commande_locale) StdoutLine: {'line': b'-- Up-to-date: /home/user/celluleflexible_en_cours_ROS2/ros_ws/install/commande_locale/include/commande_locale/commande_locale/srv/detail/srv_fin_init__rosidl_typesupport_fastrtps_cpp.hpp\n'}
[0.907524] (commande_locale) StdoutLine: {'line': b'-- Up-to-date: /home/user/celluleflexible_en_cours_ROS2/ros_ws/install/commande_locale/include/commande_locale/commande_locale/srv/detail/srv_add_product__rosidl_typesupport_fastrtps_cpp.hpp\n'}
[0.907544] (commande_locale) StdoutLine: {'line': b'-- Up-to-date: /home/user/celluleflexible_en_cours_ROS2/ros_ws/install/commande_locale/include/commande_locale/commande_locale/srv/detail/srv_add_product_push_back__rosidl_typesupport_fastrtps_cpp.hpp\n'}
[0.907566] (commande_locale) StdoutLine: {'line': b'-- Up-to-date: /home/user/celluleflexible_en_cours_ROS2/ros_ws/install/commande_locale/include/commande_locale/commande_locale/srv/detail/dds_fastrtps\n'}
[0.907588] (commande_locale) StdoutLine: {'line': b'-- Up-to-date: /home/user/celluleflexible_en_cours_ROS2/ros_ws/install/commande_locale/lib/libcommande_locale__rosidl_typesupport_fastrtps_cpp.so\n'}
[0.907608] (commande_locale) StdoutLine: {'line': b'-- Up-to-date: /home/user/celluleflexible_en_cours_ROS2/ros_ws/install/commande_locale/include/commande_locale/commande_locale\n'}
[0.907629] (commande_locale) StdoutLine: {'line': b'-- Up-to-date: /home/user/celluleflexible_en_cours_ROS2/ros_ws/install/commande_locale/include/commande_locale/commande_locale/msg\n'}
[0.907650] (commande_locale) StdoutLine: {'line': b'-- Up-to-date: /home/user/celluleflexible_en_cours_ROS2/ros_ws/install/commande_locale/include/commande_locale/commande_locale/msg/rosidl_typesupport_introspection_c__visibility_control.h\n'}
[0.907670] (commande_locale) StdoutLine: {'line': b'-- Up-to-date: /home/user/celluleflexible_en_cours_ROS2/ros_ws/install/commande_locale/include/commande_locale/commande_locale/msg/detail\n'}
[0.907691] (commande_locale) StdoutLine: {'line': b'-- Up-to-date: /home/user/celluleflexible_en_cours_ROS2/ros_ws/install/commande_locale/include/commande_locale/commande_locale/msg/detail/msg_stop_control__rosidl_typesupport_introspection_c.h\n'}
[0.907711] (commande_locale) StdoutLine: {'line': b'-- Up-to-date: /home/user/celluleflexible_en_cours_ROS2/ros_ws/install/commande_locale/include/commande_locale/commande_locale/msg/detail/msg_color__rosidl_typesupport_introspection_c.h\n'}
[0.907731] (commande_locale) StdoutLine: {'line': b'-- Up-to-date: /home/user/celluleflexible_en_cours_ROS2/ros_ws/install/commande_locale/include/commande_locale/commande_locale/msg/detail/msg_add_product__rosidl_typesupport_introspection_c.h\n'}
[0.907751] (commande_locale) StdoutLine: {'line': b'-- Up-to-date: /home/user/celluleflexible_en_cours_ROS2/ros_ws/install/commande_locale/include/commande_locale/commande_locale/msg/detail/tache_finie_msg__rosidl_typesupport_introspection_c.h\n'}
[0.907771] (commande_locale) StdoutLine: {'line': b'-- Installing: /home/user/celluleflexible_en_cours_ROS2/ros_ws/install/commande_locale/include/commande_locale/commande_locale/msg/detail/msg_switch_control__type_support.c\n'}
[0.907791] (commande_locale) StdoutLine: {'line': b'-- Installing: /home/user/celluleflexible_en_cours_ROS2/ros_ws/install/commande_locale/include/commande_locale/commande_locale/msg/detail/msg_stop_control__type_support.c\n'}
[0.907811] (commande_locale) StdoutLine: {'line': b'-- Up-to-date: /home/user/celluleflexible_en_cours_ROS2/ros_ws/install/commande_locale/include/commande_locale/commande_locale/msg/detail/deplacer_piece_msg__type_support.c\n'}
[0.907831] (shuttles) StdoutLine: {'line': b'-- Up-to-date: /home/user/celluleflexible_en_cours_ROS2/ros_ws/install/shuttles/lib/libshuttles__rosidl_typesupport_cpp.so\n'}
[0.907856] (shuttles) StdoutLine: {'line': b'-- Up-to-date: /home/user/celluleflexible_en_cours_ROS2/ros_ws/install/shuttles/share/shuttles/environment/pythonpath.sh\n'}
[0.907876] (shuttles) StdoutLine: {'line': b'-- Up-to-date: /home/user/celluleflexible_en_cours_ROS2/ros_ws/install/shuttles/share/shuttles/environment/pythonpath.dsv\n'}
[0.907897] (shuttles) StdoutLine: {'line': b'-- Up-to-date: /home/user/celluleflexible_en_cours_ROS2/ros_ws/install/shuttles/lib/python3.12/site-packages/shuttles-0.0.0-py3.12.egg-info\n'}
[0.907919] (shuttles) StdoutLine: {'line': b'-- Installing: /home/user/celluleflexible_en_cours_ROS2/ros_ws/install/shuttles/lib/python3.12/site-packages/shuttles-0.0.0-py3.12.egg-info/SOURCES.txt\n'}
[0.907939] (shuttles) StdoutLine: {'line': b'-- Installing: /home/user/celluleflexible_en_cours_ROS2/ros_ws/install/shuttles/lib/python3.12/site-packages/shuttles-0.0.0-py3.12.egg-info/top_level.txt\n'}
[0.907960] (shuttles) StdoutLine: {'line': b'-- Installing: /home/user/celluleflexible_en_cours_ROS2/ros_ws/install/shuttles/lib/python3.12/site-packages/shuttles-0.0.0-py3.12.egg-info/PKG-INFO\n'}
[0.907979] (shuttles) StdoutLine: {'line': b'-- Installing: /home/user/celluleflexible_en_cours_ROS2/ros_ws/install/shuttles/lib/python3.12/site-packages/shuttles-0.0.0-py3.12.egg-info/dependency_links.txt\n'}
[0.908016] (shuttles) StdoutLine: {'line': b'-- Up-to-date: /home/user/celluleflexible_en_cours_ROS2/ros_ws/install/shuttles/lib/python3.12/site-packages/shuttles\n'}
[0.908046] (shuttles) StdoutLine: {'line': b'-- Up-to-date: /home/user/celluleflexible_en_cours_ROS2/ros_ws/install/shuttles/lib/python3.12/site-packages/shuttles/shuttles_s__rosidl_typesupport_introspection_c.so\n'}
[0.908069] (shuttles) StdoutLine: {'line': b'-- Up-to-date: /home/user/celluleflexible_en_cours_ROS2/ros_ws/install/shuttles/lib/python3.12/site-packages/shuttles/_shuttles_s.ep.rosidl_typesupport_c.c\n'}
[0.908091] (shuttles) StdoutLine: {'line': b'-- Up-to-date: /home/user/celluleflexible_en_cours_ROS2/ros_ws/install/shuttles/lib/python3.12/site-packages/shuttles/msg\n'}
[0.908112] (shuttles) StdoutLine: {'line': b'-- Up-to-date: /home/user/celluleflexible_en_cours_ROS2/ros_ws/install/shuttles/lib/python3.12/site-packages/shuttles/msg/_msg_shuttle_change.py\n'}
[0.908133] (shuttles) StdoutLine: {'line': b'-- Up-to-date: /home/user/celluleflexible_en_cours_ROS2/ros_ws/install/shuttles/lib/python3.12/site-packages/shuttles/msg/_msg_erreur.py\n'}
[0.908153] (shuttles) StdoutLine: {'line': b'-- Up-to-date: /home/user/celluleflexible_en_cours_ROS2/ros_ws/install/shuttles/lib/python3.12/site-packages/shuttles/msg/__init__.py\n'}
[0.908173] (shuttles) StdoutLine: {'line': b'-- Up-to-date: /home/user/celluleflexible_en_cours_ROS2/ros_ws/install/shuttles/lib/python3.12/site-packages/shuttles/msg/_msg_shuttle_create_s.c\n'}
[0.908194] (shuttles) StdoutLine: {'line': b'-- Up-to-date: /home/user/celluleflexible_en_cours_ROS2/ros_ws/install/shuttles/lib/python3.12/site-packages/shuttles/msg/_msg_erreur_s.c\n'}
[0.908214] (shuttles) StdoutLine: {'line': b'-- Up-to-date: /home/user/celluleflexible_en_cours_ROS2/ros_ws/install/shuttles/lib/python3.12/site-packages/shuttles/msg/_msg_shuttle_create.py\n'}
[0.908237] (shuttles) StdoutLine: {'line': b'-- Up-to-date: /home/user/celluleflexible_en_cours_ROS2/ros_ws/install/shuttles/lib/python3.12/site-packages/shuttles/msg/_msg_shuttle_change_s.c\n'}
[0.908344] (shuttles) StdoutLine: {'line': b'-- Up-to-date: /home/user/celluleflexible_en_cours_ROS2/ros_ws/install/shuttles/lib/python3.12/site-packages/shuttles/shuttles_s__rosidl_typesupport_c.so\n'}
[0.908372] (shuttles) StdoutLine: {'line': b'-- Up-to-date: /home/user/celluleflexible_en_cours_ROS2/ros_ws/install/shuttles/lib/python3.12/site-packages/shuttles/__init__.py\n'}
[0.908395] (shuttles) StdoutLine: {'line': b'-- Up-to-date: /home/user/celluleflexible_en_cours_ROS2/ros_ws/install/shuttles/lib/python3.12/site-packages/shuttles/_shuttles_s.ep.rosidl_typesupport_fastrtps_c.c\n'}
[0.908420] (shuttles) StdoutLine: {'line': b'-- Up-to-date: /home/user/celluleflexible_en_cours_ROS2/ros_ws/install/shuttles/lib/python3.12/site-packages/shuttles/srv\n'}
[0.908442] (shuttles) StdoutLine: {'line': b'-- Up-to-date: /home/user/celluleflexible_en_cours_ROS2/ros_ws/install/shuttles/lib/python3.12/site-packages/shuttles/srv/__init__.py\n'}
[0.908463] (shuttles) StdoutLine: {'line': b'-- Up-to-date: /home/user/celluleflexible_en_cours_ROS2/ros_ws/install/shuttles/lib/python3.12/site-packages/shuttles/srv/_shuttle_id.py\n'}
[0.908484] (shuttles) StdoutLine: {'line': b'-- Up-to-date: /home/user/celluleflexible_en_cours_ROS2/ros_ws/install/shuttles/lib/python3.12/site-packages/shuttles/srv/_shuttle_id_s.c\n'}
[0.908507] (shuttles) StdoutLine: {'line': b'-- Up-to-date: /home/user/celluleflexible_en_cours_ROS2/ros_ws/install/shuttles/lib/python3.12/site-packages/shuttles/_shuttles_s.ep.rosidl_typesupport_introspection_c.c\n'}
[0.908528] (shuttles) StdoutLine: {'line': b'-- Up-to-date: /home/user/celluleflexible_en_cours_ROS2/ros_ws/install/shuttles/lib/python3.12/site-packages/shuttles/shuttles_s__rosidl_typesupport_fastrtps_c.so\n'}
[0.908549] (commande_locale) StdoutLine: {'line': b'-- Up-to-date: /home/user/celluleflexible_en_cours_ROS2/ros_ws/install/commande_locale/include/commande_locale/commande_locale/msg/detail/msg_pin_control__rosidl_typesupport_introspection_c.h\n'}
[0.908571] (commande_locale) StdoutLine: {'line': b'-- Up-to-date: /home/user/celluleflexible_en_cours_ROS2/ros_ws/install/commande_locale/include/commande_locale/commande_locale/msg/detail/deplacer_piece_msg__rosidl_typesupport_introspection_c.h\n'}
[0.908592] (commande_locale) StdoutLine: {'line': b'-- Up-to-date: /home/user/celluleflexible_en_cours_ROS2/ros_ws/install/commande_locale/include/commande_locale/commande_locale/msg/detail/msg_switch_control__rosidl_typesupport_introspection_c.h\n'}
[0.908613] (commande_locale) StdoutLine: {'line': b'-- Up-to-date: /home/user/celluleflexible_en_cours_ROS2/ros_ws/install/commande_locale/include/commande_locale/commande_locale/msg/detail/robot_joints__rosidl_typesupport_introspection_c.h\n'}
[0.908633] (commande_locale) StdoutLine: {'line': b'-- Installing: /home/user/celluleflexible_en_cours_ROS2/ros_ws/install/commande_locale/include/commande_locale/commande_locale/msg/detail/msg_color__type_support.c\n'}
[0.908655] (commande_locale) StdoutLine: {'line': b'-- Installing: /home/user/celluleflexible_en_cours_ROS2/ros_ws/install/commande_locale/include/commande_locale/commande_locale/msg/detail/msg_add_product__type_support.c\n'}
[0.908675] (commande_locale) StdoutLine: {'line': b'-- Installing: /home/user/celluleflexible_en_cours_ROS2/ros_ws/install/commande_locale/include/commande_locale/commande_locale/msg/detail/msg_choix_mode__type_support.c\n'}
[0.908695] (commande_locale) StdoutLine: {'line': b'-- Up-to-date: /home/user/celluleflexible_en_cours_ROS2/ros_ws/install/commande_locale/include/commande_locale/commande_locale/msg/detail/msg_choix_mode__rosidl_typesupport_introspection_c.h\n'}
[0.908715] (commande_locale) StdoutLine: {'line': b'-- Installing: /home/user/celluleflexible_en_cours_ROS2/ros_ws/install/commande_locale/include/commande_locale/commande_locale/msg/detail/robot_joints__type_support.c\n'}
[0.908735] (commande_locale) StdoutLine: {'line': b'-- Installing: /home/user/celluleflexible_en_cours_ROS2/ros_ws/install/commande_locale/include/commande_locale/commande_locale/msg/detail/msg_pin_control__type_support.c\n'}
[0.908757] (commande_locale) StdoutLine: {'line': b'-- Installing: /home/user/celluleflexible_en_cours_ROS2/ros_ws/install/commande_locale/include/commande_locale/commande_locale/msg/detail/msg_erreur__type_support.c\n'}
[0.908777] (commande_locale) StdoutLine: {'line': b'-- Installing: /home/user/celluleflexible_en_cours_ROS2/ros_ws/install/commande_locale/include/commande_locale/commande_locale/msg/detail/tache_finie_msg__type_support.c\n'}
[0.908797] (commande_locale) StdoutLine: {'line': b'-- Up-to-date: /home/user/celluleflexible_en_cours_ROS2/ros_ws/install/commande_locale/include/commande_locale/commande_locale/msg/detail/msg_erreur__rosidl_typesupport_introspection_c.h\n'}
[0.908818] (commande_locale) StdoutLine: {'line': b'-- Up-to-date: /home/user/celluleflexible_en_cours_ROS2/ros_ws/install/commande_locale/include/commande_locale/commande_locale/srv\n'}
[0.908838] (commande_locale) StdoutLine: {'line': b'-- Up-to-date: /home/user/celluleflexible_en_cours_ROS2/ros_ws/install/commande_locale/include/commande_locale/commande_locale/srv/detail\n'}
[0.908857] (commande_locale) StdoutLine: {'line': b'-- Installing: /home/user/celluleflexible_en_cours_ROS2/ros_ws/install/commande_locale/include/commande_locale/commande_locale/srv/detail/srv_add_product_push_back__type_support.c\n'}
[0.908878] (commande_locale) StdoutLine: {'line': b'-- Up-to-date: /home/user/celluleflexible_en_cours_ROS2/ros_ws/install/commande_locale/include/commande_locale/commande_locale/srv/detail/srv_fin_init__type_support.c\n'}
[0.908898] (commande_locale) StdoutLine: {'line': b'-- Up-to-date: /home/user/celluleflexible_en_cours_ROS2/ros_ws/install/commande_locale/include/commande_locale/commande_locale/srv/detail/srv_add_product_push_back__rosidl_typesupport_introspection_c.h\n'}
[0.908919] (commande_locale) StdoutLine: {'line': b'-- Up-to-date: /home/user/celluleflexible_en_cours_ROS2/ros_ws/install/commande_locale/include/commande_locale/commande_locale/srv/detail/srv_fin_init__rosidl_typesupport_introspection_c.h\n'}
[0.908940] (commande_locale) StdoutLine: {'line': b'-- Up-to-date: /home/user/celluleflexible_en_cours_ROS2/ros_ws/install/commande_locale/include/commande_locale/commande_locale/srv/detail/srv_add_product__rosidl_typesupport_introspection_c.h\n'}
[0.908960] (commande_locale) StdoutLine: {'line': b'-- Installing: /home/user/celluleflexible_en_cours_ROS2/ros_ws/install/commande_locale/include/commande_locale/commande_locale/srv/detail/srv_add_product__type_support.c\n'}
[0.908981] (commande_locale) StdoutLine: {'line': b'-- Up-to-date: /home/user/celluleflexible_en_cours_ROS2/ros_ws/install/commande_locale/lib/libcommande_locale__rosidl_typesupport_introspection_c.so\n'}
[0.909001] (commande_locale) StdoutLine: {'line': b'-- Up-to-date: /home/user/celluleflexible_en_cours_ROS2/ros_ws/install/commande_locale/lib/libcommande_locale__rosidl_typesupport_c.so\n'}
[0.909020] (commande_locale) StdoutLine: {'line': b'-- Up-to-date: /home/user/celluleflexible_en_cours_ROS2/ros_ws/install/commande_locale/include/commande_locale/commande_locale\n'}
[0.909040] (commande_locale) StdoutLine: {'line': b'-- Up-to-date: /home/user/celluleflexible_en_cours_ROS2/ros_ws/install/commande_locale/include/commande_locale/commande_locale/msg\n'}
[0.909060] (commande_locale) StdoutLine: {'line': b'-- Up-to-date: /home/user/celluleflexible_en_cours_ROS2/ros_ws/install/commande_locale/include/commande_locale/commande_locale/msg/detail\n'}
[0.909080] (commande_locale) StdoutLine: {'line': b'-- Up-to-date: /home/user/celluleflexible_en_cours_ROS2/ros_ws/install/commande_locale/include/commande_locale/commande_locale/msg/detail/msg_add_product__type_support.cpp\n'}
[0.909100] (commande_locale) StdoutLine: {'line': b'-- Up-to-date: /home/user/celluleflexible_en_cours_ROS2/ros_ws/install/commande_locale/include/commande_locale/commande_locale/msg/detail/msg_switch_control__rosidl_typesupport_introspection_cpp.hpp\n'}
[0.909120] (commande_locale) StdoutLine: {'line': b'-- Up-to-date: /home/user/celluleflexible_en_cours_ROS2/ros_ws/install/commande_locale/include/commande_locale/commande_locale/msg/detail/msg_pin_control__type_support.cpp\n'}
[0.909140] (commande_locale) StdoutLine: {'line': b'-- Up-to-date: /home/user/celluleflexible_en_cours_ROS2/ros_ws/install/commande_locale/include/commande_locale/commande_locale/msg/detail/msg_stop_control__rosidl_typesupport_introspection_cpp.hpp\n'}
[0.909163] (commande_locale) StdoutLine: {'line': b'-- Up-to-date: /home/user/celluleflexible_en_cours_ROS2/ros_ws/install/commande_locale/include/commande_locale/commande_locale/msg/detail/tache_finie_msg__type_support.cpp\n'}
[0.909184] (commande_locale) StdoutLine: {'line': b'-- Up-to-date: /home/user/celluleflexible_en_cours_ROS2/ros_ws/install/commande_locale/include/commande_locale/commande_locale/msg/detail/deplacer_piece_msg__rosidl_typesupport_introspection_cpp.hpp\n'}
[0.909204] (commande_locale) StdoutLine: {'line': b'-- Up-to-date: /home/user/celluleflexible_en_cours_ROS2/ros_ws/install/commande_locale/include/commande_locale/commande_locale/msg/detail/msg_stop_control__type_support.cpp\n'}
[0.909228] (commande_locale) StdoutLine: {'line': b'-- Up-to-date: /home/user/celluleflexible_en_cours_ROS2/ros_ws/install/commande_locale/include/commande_locale/commande_locale/msg/detail/msg_pin_control__rosidl_typesupport_introspection_cpp.hpp\n'}
[0.909342] (commande_locale) StdoutLine: {'line': b'-- Up-to-date: /home/user/celluleflexible_en_cours_ROS2/ros_ws/install/commande_locale/include/commande_locale/commande_locale/msg/detail/msg_erreur__type_support.cpp\n'}
[0.909369] (commande_locale) StdoutLine: {'line': b'-- Up-to-date: /home/user/celluleflexible_en_cours_ROS2/ros_ws/install/commande_locale/include/commande_locale/commande_locale/msg/detail/robot_joints__rosidl_typesupport_introspection_cpp.hpp\n'}
[0.909392] (commande_locale) StdoutLine: {'line': b'-- Up-to-date: /home/user/celluleflexible_en_cours_ROS2/ros_ws/install/commande_locale/include/commande_locale/commande_locale/msg/detail/msg_erreur__rosidl_typesupport_introspection_cpp.hpp\n'}
[0.909412] (commande_locale) StdoutLine: {'line': b'-- Up-to-date: /home/user/celluleflexible_en_cours_ROS2/ros_ws/install/commande_locale/include/commande_locale/commande_locale/msg/detail/msg_choix_mode__type_support.cpp\n'}
[0.909433] (commande_locale) StdoutLine: {'line': b'-- Up-to-date: /home/user/celluleflexible_en_cours_ROS2/ros_ws/install/commande_locale/include/commande_locale/commande_locale/msg/detail/msg_color__rosidl_typesupport_introspection_cpp.hpp\n'}
[0.909454] (commande_locale) StdoutLine: {'line': b'-- Up-to-date: /home/user/celluleflexible_en_cours_ROS2/ros_ws/install/commande_locale/include/commande_locale/commande_locale/msg/detail/msg_choix_mode__rosidl_typesupport_introspection_cpp.hpp\n'}
[0.909474] (commande_locale) StdoutLine: {'line': b'-- Up-to-date: /home/user/celluleflexible_en_cours_ROS2/ros_ws/install/commande_locale/include/commande_locale/commande_locale/msg/detail/deplacer_piece_msg__type_support.cpp\n'}
[0.909494] (commande_locale) StdoutLine: {'line': b'-- Up-to-date: /home/user/celluleflexible_en_cours_ROS2/ros_ws/install/commande_locale/include/commande_locale/commande_locale/msg/detail/msg_switch_control__type_support.cpp\n'}
[0.909514] (commande_locale) StdoutLine: {'line': b'-- Up-to-date: /home/user/celluleflexible_en_cours_ROS2/ros_ws/install/commande_locale/include/commande_locale/commande_locale/msg/detail/robot_joints__type_support.cpp\n'}
[0.909534] (commande_locale) StdoutLine: {'line': b'-- Up-to-date: /home/user/celluleflexible_en_cours_ROS2/ros_ws/install/commande_locale/include/commande_locale/commande_locale/msg/detail/tache_finie_msg__rosidl_typesupport_introspection_cpp.hpp\n'}
[0.909556] (commande_locale) StdoutLine: {'line': b'-- Up-to-date: /home/user/celluleflexible_en_cours_ROS2/ros_ws/install/commande_locale/include/commande_locale/commande_locale/msg/detail/msg_color__type_support.cpp\n'}
[0.909577] (commande_locale) StdoutLine: {'line': b'-- Up-to-date: /home/user/celluleflexible_en_cours_ROS2/ros_ws/install/commande_locale/include/commande_locale/commande_locale/msg/detail/msg_add_product__rosidl_typesupport_introspection_cpp.hpp\n'}
[0.909598] (commande_locale) StdoutLine: {'line': b'-- Up-to-date: /home/user/celluleflexible_en_cours_ROS2/ros_ws/install/commande_locale/include/commande_locale/commande_locale/srv\n'}
[0.909618] (commande_locale) StdoutLine: {'line': b'-- Up-to-date: /home/user/celluleflexible_en_cours_ROS2/ros_ws/install/commande_locale/include/commande_locale/commande_locale/srv/detail\n'}
[0.909639] (commande_locale) StdoutLine: {'line': b'-- Up-to-date: /home/user/celluleflexible_en_cours_ROS2/ros_ws/install/commande_locale/include/commande_locale/commande_locale/srv/detail/srv_add_product_push_back__rosidl_typesupport_introspection_cpp.hpp\n'}
[0.909662] (commande_locale) StdoutLine: {'line': b'-- Up-to-date: /home/user/celluleflexible_en_cours_ROS2/ros_ws/install/commande_locale/include/commande_locale/commande_locale/srv/detail/srv_add_product__type_support.cpp\n'}
[0.909683] (commande_locale) StdoutLine: {'line': b'-- Up-to-date: /home/user/celluleflexible_en_cours_ROS2/ros_ws/install/commande_locale/include/commande_locale/commande_locale/srv/detail/srv_add_product__rosidl_typesupport_introspection_cpp.hpp\n'}
[0.909703] (commande_locale) StdoutLine: {'line': b'-- Up-to-date: /home/user/celluleflexible_en_cours_ROS2/ros_ws/install/commande_locale/include/commande_locale/commande_locale/srv/detail/srv_fin_init__rosidl_typesupport_introspection_cpp.hpp\n'}
[0.909725] (commande_locale) StdoutLine: {'line': b'-- Up-to-date: /home/user/celluleflexible_en_cours_ROS2/ros_ws/install/commande_locale/include/commande_locale/commande_locale/srv/detail/srv_add_product_push_back__type_support.cpp\n'}
[0.909745] (commande_locale) StdoutLine: {'line': b'-- Up-to-date: /home/user/celluleflexible_en_cours_ROS2/ros_ws/install/commande_locale/include/commande_locale/commande_locale/srv/detail/srv_fin_init__type_support.cpp\n'}
[0.909765] (commande_locale) StdoutLine: {'line': b'-- Up-to-date: /home/user/celluleflexible_en_cours_ROS2/ros_ws/install/commande_locale/lib/libcommande_locale__rosidl_typesupport_introspection_cpp.so\n'}
[0.909786] (commande_locale) StdoutLine: {'line': b'-- Up-to-date: /home/user/celluleflexible_en_cours_ROS2/ros_ws/install/commande_locale/lib/libcommande_locale__rosidl_typesupport_cpp.so\n'}
[0.909806] (commande_locale) StdoutLine: {'line': b'-- Up-to-date: /home/user/celluleflexible_en_cours_ROS2/ros_ws/install/commande_locale/share/commande_locale/environment/pythonpath.sh\n'}
[0.909826] (commande_locale) StdoutLine: {'line': b'-- Up-to-date: /home/user/celluleflexible_en_cours_ROS2/ros_ws/install/commande_locale/share/commande_locale/environment/pythonpath.dsv\n'}
[0.909846] (commande_locale) StdoutLine: {'line': b'-- Up-to-date: /home/user/celluleflexible_en_cours_ROS2/ros_ws/install/commande_locale/lib/python3.12/site-packages/commande_locale-3.1.2-py3.12.egg-info\n'}
[0.909865] (commande_locale) StdoutLine: {'line': b'-- Installing: /home/user/celluleflexible_en_cours_ROS2/ros_ws/install/commande_locale/lib/python3.12/site-packages/commande_locale-3.1.2-py3.12.egg-info/SOURCES.txt\n'}
[0.909885] (commande_locale) StdoutLine: {'line': b'-- Installing: /home/user/celluleflexible_en_cours_ROS2/ros_ws/install/commande_locale/lib/python3.12/site-packages/commande_locale-3.1.2-py3.12.egg-info/top_level.txt\n'}
[0.909904] (commande_locale) StdoutLine: {'line': b'-- Installing: /home/user/celluleflexible_en_cours_ROS2/ros_ws/install/commande_locale/lib/python3.12/site-packages/commande_locale-3.1.2-py3.12.egg-info/PKG-INFO\n'}
[0.909923] (commande_locale) StdoutLine: {'line': b'-- Installing: /home/user/celluleflexible_en_cours_ROS2/ros_ws/install/commande_locale/lib/python3.12/site-packages/commande_locale-3.1.2-py3.12.egg-info/dependency_links.txt\n'}
[0.909942] (commande_locale) StdoutLine: {'line': b'-- Up-to-date: /home/user/celluleflexible_en_cours_ROS2/ros_ws/install/commande_locale/lib/python3.12/site-packages/commande_locale\n'}
[0.909962] (commande_locale) StdoutLine: {'line': b'-- Up-to-date: /home/user/celluleflexible_en_cours_ROS2/ros_ws/install/commande_locale/lib/python3.12/site-packages/commande_locale/msg\n'}
[0.909981] (commande_locale) StdoutLine: {'line': b'-- Up-to-date: /home/user/celluleflexible_en_cours_ROS2/ros_ws/install/commande_locale/lib/python3.12/site-packages/commande_locale/msg/_deplacer_piece_msg.py\n'}
[0.910014] (commande_locale) StdoutLine: {'line': b'-- Up-to-date: /home/user/celluleflexible_en_cours_ROS2/ros_ws/install/commande_locale/lib/python3.12/site-packages/commande_locale/msg/_msg_color_s.c\n'}
[0.910044] (commande_locale) StdoutLine: {'line': b'-- Up-to-date: /home/user/celluleflexible_en_cours_ROS2/ros_ws/install/commande_locale/lib/python3.12/site-packages/commande_locale/msg/_tache_finie_msg_s.c\n'}
[0.910068] (commande_locale) StdoutLine: {'line': b'-- Up-to-date: /home/user/celluleflexible_en_cours_ROS2/ros_ws/install/commande_locale/lib/python3.12/site-packages/commande_locale/msg/_msg_color.py\n'}
[0.910090] (commande_locale) StdoutLine: {'line': b'-- Up-to-date: /home/user/celluleflexible_en_cours_ROS2/ros_ws/install/commande_locale/lib/python3.12/site-packages/commande_locale/msg/_msg_stop_control.py\n'}
[0.910112] (commande_locale) StdoutLine: {'line': b'-- Up-to-date: /home/user/celluleflexible_en_cours_ROS2/ros_ws/install/commande_locale/lib/python3.12/site-packages/commande_locale/msg/_msg_erreur.py\n'}
[0.910134] (commande_locale) StdoutLine: {'line': b'-- Up-to-date: /home/user/celluleflexible_en_cours_ROS2/ros_ws/install/commande_locale/lib/python3.12/site-packages/commande_locale/msg/_msg_choix_mode_s.c\n'}
[0.910154] (commande_locale) StdoutLine: {'line': b'-- Up-to-date: /home/user/celluleflexible_en_cours_ROS2/ros_ws/install/commande_locale/lib/python3.12/site-packages/commande_locale/msg/__init__.py\n'}
[0.910174] (commande_locale) StdoutLine: {'line': b'-- Up-to-date: /home/user/celluleflexible_en_cours_ROS2/ros_ws/install/commande_locale/lib/python3.12/site-packages/commande_locale/msg/_msg_add_product_s.c\n'}
[0.910194] (commande_locale) StdoutLine: {'line': b'-- Up-to-date: /home/user/celluleflexible_en_cours_ROS2/ros_ws/install/commande_locale/lib/python3.12/site-packages/commande_locale/msg/_msg_choix_mode.py\n'}
[0.910331] (commande_locale) StdoutLine: {'line': b'-- Up-to-date: /home/user/celluleflexible_en_cours_ROS2/ros_ws/install/commande_locale/lib/python3.12/site-packages/commande_locale/msg/_tache_finie_msg.py\n'}
[0.910358] (commande_locale) StdoutLine: {'line': b'-- Up-to-date: /home/user/celluleflexible_en_cours_ROS2/ros_ws/install/commande_locale/lib/python3.12/site-packages/commande_locale/msg/_msg_switch_control.py\n'}
[0.910380] (commande_locale) StdoutLine: {'line': b'-- Up-to-date: /home/user/celluleflexible_en_cours_ROS2/ros_ws/install/commande_locale/lib/python3.12/site-packages/commande_locale/msg/_msg_stop_control_s.c\n'}
[0.910402] (commande_locale) StdoutLine: {'line': b'-- Up-to-date: /home/user/celluleflexible_en_cours_ROS2/ros_ws/install/commande_locale/lib/python3.12/site-packages/commande_locale/msg/_robot_joints_s.c\n'}
[0.910426] (commande_locale) StdoutLine: {'line': b'-- Up-to-date: /home/user/celluleflexible_en_cours_ROS2/ros_ws/install/commande_locale/lib/python3.12/site-packages/commande_locale/msg/_deplacer_piece_msg_s.c\n'}
[0.910448] (commande_locale) StdoutLine: {'line': b'-- Up-to-date: /home/user/celluleflexible_en_cours_ROS2/ros_ws/install/commande_locale/lib/python3.12/site-packages/commande_locale/msg/_msg_switch_control_s.c\n'}
[0.910469] (commande_locale) StdoutLine: {'line': b'-- Up-to-date: /home/user/celluleflexible_en_cours_ROS2/ros_ws/install/commande_locale/lib/python3.12/site-packages/commande_locale/msg/_msg_pin_control_s.c\n'}
[0.910489] (commande_locale) StdoutLine: {'line': b'-- Up-to-date: /home/user/celluleflexible_en_cours_ROS2/ros_ws/install/commande_locale/lib/python3.12/site-packages/commande_locale/msg/_msg_erreur_s.c\n'}
[0.910509] (commande_locale) StdoutLine: {'line': b'-- Up-to-date: /home/user/celluleflexible_en_cours_ROS2/ros_ws/install/commande_locale/lib/python3.12/site-packages/commande_locale/msg/_msg_pin_control.py\n'}
[0.910529] (commande_locale) StdoutLine: {'line': b'-- Up-to-date: /home/user/celluleflexible_en_cours_ROS2/ros_ws/install/commande_locale/lib/python3.12/site-packages/commande_locale/msg/_robot_joints.py\n'}
[0.910549] (commande_locale) StdoutLine: {'line': b'-- Up-to-date: /home/user/celluleflexible_en_cours_ROS2/ros_ws/install/commande_locale/lib/python3.12/site-packages/commande_locale/msg/_msg_add_product.py\n'}
[0.910569] (commande_locale) StdoutLine: {'line': b'-- Up-to-date: /home/user/celluleflexible_en_cours_ROS2/ros_ws/install/commande_locale/lib/python3.12/site-packages/commande_locale/__init__.py\n'}
[0.910591] (commande_locale) StdoutLine: {'line': b'-- Up-to-date: /home/user/celluleflexible_en_cours_ROS2/ros_ws/install/commande_locale/lib/python3.12/site-packages/commande_locale/_commande_locale_s.ep.rosidl_typesupport_c.c\n'}
[0.910612] (commande_locale) StdoutLine: {'line': b'-- Up-to-date: /home/user/celluleflexible_en_cours_ROS2/ros_ws/install/commande_locale/lib/python3.12/site-packages/commande_locale/commande_locale_s__rosidl_typesupport_c.so\n'}
[0.910634] (commande_locale) StdoutLine: {'line': b'-- Up-to-date: /home/user/celluleflexible_en_cours_ROS2/ros_ws/install/commande_locale/lib/python3.12/site-packages/commande_locale/commande_locale_s__rosidl_typesupport_fastrtps_c.so\n'}
[0.910655] (commande_locale) StdoutLine: {'line': b'-- Up-to-date: /home/user/celluleflexible_en_cours_ROS2/ros_ws/install/commande_locale/lib/python3.12/site-packages/commande_locale/srv\n'}
[0.910675] (commande_locale) StdoutLine: {'line': b'-- Up-to-date: /home/user/celluleflexible_en_cours_ROS2/ros_ws/install/commande_locale/lib/python3.12/site-packages/commande_locale/srv/_srv_add_product.py\n'}
[0.910696] (commande_locale) StdoutLine: {'line': b'-- Up-to-date: /home/user/celluleflexible_en_cours_ROS2/ros_ws/install/commande_locale/lib/python3.12/site-packages/commande_locale/srv/_srv_add_product_push_back.py\n'}
[0.910716] (commande_locale) StdoutLine: {'line': b'-- Up-to-date: /home/user/celluleflexible_en_cours_ROS2/ros_ws/install/commande_locale/lib/python3.12/site-packages/commande_locale/srv/__init__.py\n'}
[0.910736] (commande_locale) StdoutLine: {'line': b'-- Up-to-date: /home/user/celluleflexible_en_cours_ROS2/ros_ws/install/commande_locale/lib/python3.12/site-packages/commande_locale/srv/_srv_add_product_push_back_s.c\n'}
[0.910756] (commande_locale) StdoutLine: {'line': b'-- Up-to-date: /home/user/celluleflexible_en_cours_ROS2/ros_ws/install/commande_locale/lib/python3.12/site-packages/commande_locale/srv/_srv_fin_init.py\n'}
[0.910776] (commande_locale) StdoutLine: {'line': b'-- Up-to-date: /home/user/celluleflexible_en_cours_ROS2/ros_ws/install/commande_locale/lib/python3.12/site-packages/commande_locale/srv/_srv_fin_init_s.c\n'}
[0.910797] (commande_locale) StdoutLine: {'line': b'-- Up-to-date: /home/user/celluleflexible_en_cours_ROS2/ros_ws/install/commande_locale/lib/python3.12/site-packages/commande_locale/srv/_srv_add_product_s.c\n'}
[0.910817] (commande_locale) StdoutLine: {'line': b'-- Up-to-date: /home/user/celluleflexible_en_cours_ROS2/ros_ws/install/commande_locale/lib/python3.12/site-packages/commande_locale/_commande_locale_s.ep.rosidl_typesupport_introspection_c.c\n'}
[0.910837] (commande_locale) StdoutLine: {'line': b'-- Up-to-date: /home/user/celluleflexible_en_cours_ROS2/ros_ws/install/commande_locale/lib/python3.12/site-packages/commande_locale/commande_locale_s__rosidl_typesupport_introspection_c.so\n'}
[0.910856] (commande_locale) StdoutLine: {'line': b'-- Up-to-date: /home/user/celluleflexible_en_cours_ROS2/ros_ws/install/commande_locale/lib/python3.12/site-packages/commande_locale/_commande_locale_s.ep.rosidl_typesupport_fastrtps_c.c\n'}
[0.919630] (shuttles) StdoutLine: {'line': b"Listing '/home/user/celluleflexible_en_cours_ROS2/ros_ws/install/shuttles/lib/python3.12/site-packages/shuttles'...\n"}
[0.919722] (shuttles) StdoutLine: {'line': b"Listing '/home/user/celluleflexible_en_cours_ROS2/ros_ws/install/shuttles/lib/python3.12/site-packages/shuttles/msg'...\n"}
[0.919757] (shuttles) StdoutLine: {'line': b"Listing '/home/user/celluleflexible_en_cours_ROS2/ros_ws/install/shuttles/lib/python3.12/site-packages/shuttles/srv'...\n"}
[0.920882] (commande_locale) StdoutLine: {'line': b"Listing '/home/user/celluleflexible_en_cours_ROS2/ros_ws/install/commande_locale/lib/python3.12/site-packages/commande_locale'...\n"}
[0.920944] (commande_locale) StdoutLine: {'line': b"Listing '/home/user/celluleflexible_en_cours_ROS2/ros_ws/install/commande_locale/lib/python3.12/site-packages/commande_locale/msg'...\n"}
[0.920979] (commande_locale) StdoutLine: {'line': b"Listing '/home/user/celluleflexible_en_cours_ROS2/ros_ws/install/commande_locale/lib/python3.12/site-packages/commande_locale/srv'...\n"}
[0.921649] (-) TimerEvent: {}
[0.923347] (shuttles) StdoutLine: {'line': b'-- Up-to-date: /home/user/celluleflexible_en_cours_ROS2/ros_ws/install/shuttles/lib/python3.12/site-packages/shuttles/shuttles_s__rosidl_typesupport_fastrtps_c.so\n'}
[0.923513] (shuttles) StdoutLine: {'line': b'-- Up-to-date: /home/user/celluleflexible_en_cours_ROS2/ros_ws/install/shuttles/lib/python3.12/site-packages/shuttles/shuttles_s__rosidl_typesupport_introspection_c.so\n'}
[0.924044] (shuttles) StdoutLine: {'line': b'-- Up-to-date: /home/user/celluleflexible_en_cours_ROS2/ros_ws/install/shuttles/lib/python3.12/site-packages/shuttles/shuttles_s__rosidl_typesupport_c.so\n'}
[0.924322] (shuttles) StdoutLine: {'line': b'-- Up-to-date: /home/user/celluleflexible_en_cours_ROS2/ros_ws/install/shuttles/lib/libshuttles__rosidl_generator_py.so\n'}
[0.924370] (shuttles) StdoutLine: {'line': b'-- Up-to-date: /home/user/celluleflexible_en_cours_ROS2/ros_ws/install/shuttles/share/shuttles/msg/MsgShuttleChange.idl\n'}
[0.924532] (shuttles) StdoutLine: {'line': b'-- Up-to-date: /home/user/celluleflexible_en_cours_ROS2/ros_ws/install/shuttles/share/shuttles/msg/MsgShuttleCreate.idl\n'}
[0.924572] (shuttles) StdoutLine: {'line': b'-- Up-to-date: /home/user/celluleflexible_en_cours_ROS2/ros_ws/install/shuttles/share/shuttles/msg/MsgErreur.idl\n'}
[0.924600] (shuttles) StdoutLine: {'line': b'-- Up-to-date: /home/user/celluleflexible_en_cours_ROS2/ros_ws/install/shuttles/share/shuttles/srv/ShuttleId.idl\n'}
[0.926251] (shuttles) StdoutLine: {'line': b'-- Up-to-date: /home/user/celluleflexible_en_cours_ROS2/ros_ws/install/shuttles/share/shuttles/msg/MsgShuttleChange.msg\n'}
[0.926297] (shuttles) StdoutLine: {'line': b'-- Up-to-date: /home/user/celluleflexible_en_cours_ROS2/ros_ws/install/shuttles/share/shuttles/msg/MsgShuttleCreate.msg\n'}
[0.926329] (commande_locale) StdoutLine: {'line': b'-- Up-to-date: /home/user/celluleflexible_en_cours_ROS2/ros_ws/install/commande_locale/lib/python3.12/site-packages/commande_locale/commande_locale_s__rosidl_typesupport_fastrtps_c.so\n'}
[0.926370] (commande_locale) StdoutLine: {'line': b'-- Up-to-date: /home/user/celluleflexible_en_cours_ROS2/ros_ws/install/commande_locale/lib/python3.12/site-packages/commande_locale/commande_locale_s__rosidl_typesupport_introspection_c.so\n'}
[0.926582] (commande_locale) StdoutLine: {'line': b'-- Up-to-date: /home/user/celluleflexible_en_cours_ROS2/ros_ws/install/commande_locale/lib/python3.12/site-packages/commande_locale/commande_locale_s__rosidl_typesupport_c.so\n'}
[0.926761] (commande_locale) StdoutLine: {'line': b'-- Up-to-date: /home/user/celluleflexible_en_cours_ROS2/ros_ws/install/commande_locale/lib/libcommande_locale__rosidl_generator_py.so\n'}
[0.927327] (commande_locale) StdoutLine: {'line': b'-- Up-to-date: /home/user/celluleflexible_en_cours_ROS2/ros_ws/install/commande_locale/share/commande_locale/srv/SrvAddProduct.idl\n'}
[0.927423] (commande_locale) StdoutLine: {'line': b'-- Up-to-date: /home/user/celluleflexible_en_cours_ROS2/ros_ws/install/commande_locale/share/commande_locale/srv/SrvFinInit.idl\n'}
[0.927498] (commande_locale) StdoutLine: {'line': b'-- Up-to-date: /home/user/celluleflexible_en_cours_ROS2/ros_ws/install/commande_locale/share/commande_locale/srv/SrvAddProductPushBack.idl\n'}
[0.927633] (commande_locale) StdoutLine: {'line': b'-- Up-to-date: /home/user/celluleflexible_en_cours_ROS2/ros_ws/install/commande_locale/share/commande_locale/msg/MsgAddProduct.idl\n'}
[0.927750] (commande_locale) StdoutLine: {'line': b'-- Up-to-date: /home/user/celluleflexible_en_cours_ROS2/ros_ws/install/commande_locale/share/commande_locale/msg/MsgStopControl.idl\n'}
[0.927780] (commande_locale) StdoutLine: {'line': b'-- Up-to-date: /home/user/celluleflexible_en_cours_ROS2/ros_ws/install/commande_locale/share/commande_locale/msg/MsgColor.idl\n'}
[0.927805] (commande_locale) StdoutLine: {'line': b'-- Up-to-date: /home/user/celluleflexible_en_cours_ROS2/ros_ws/install/commande_locale/share/commande_locale/msg/MsgSwitchControl.idl\n'}
[0.927907] (commande_locale) StdoutLine: {'line': b'-- Up-to-date: /home/user/celluleflexible_en_cours_ROS2/ros_ws/install/commande_locale/share/commande_locale/msg/MsgPinControl.idl\n'}
[0.928018] (commande_locale) StdoutLine: {'line': b'-- Up-to-date: /home/user/celluleflexible_en_cours_ROS2/ros_ws/install/commande_locale/share/commande_locale/msg/MsgErreur.idl\n'}
[0.928117] (commande_locale) StdoutLine: {'line': b'-- Up-to-date: /home/user/celluleflexible_en_cours_ROS2/ros_ws/install/commande_locale/share/commande_locale/msg/RobotJoints.idl\n'}
[0.928516] (commande_locale) StdoutLine: {'line': b'-- Up-to-date: /home/user/celluleflexible_en_cours_ROS2/ros_ws/install/commande_locale/share/commande_locale/msg/TacheFinieMsg.idl\n'}
[0.928621] (commande_locale) StdoutLine: {'line': b'-- Up-to-date: /home/user/celluleflexible_en_cours_ROS2/ros_ws/install/commande_locale/share/commande_locale/msg/DeplacerPieceMsg.idl\n'}
[0.928655] (commande_locale) StdoutLine: {'line': b'-- Up-to-date: /home/user/celluleflexible_en_cours_ROS2/ros_ws/install/commande_locale/share/commande_locale/msg/MsgChoixMode.idl\n'}
[0.928948] (commande_locale) StdoutLine: {'line': b'-- Up-to-date: /home/user/celluleflexible_en_cours_ROS2/ros_ws/install/commande_locale/share/commande_locale/srv/SrvAddProduct.srv\n'}
[0.929120] (commande_locale) StdoutLine: {'line': b'-- Up-to-date: /home/user/celluleflexible_en_cours_ROS2/ros_ws/install/commande_locale/share/commande_locale/srv/SrvFinInit.srv\n'}
[0.934276] (commande_locale) StdoutLine: {'line': b'-- Up-to-date: /home/user/celluleflexible_en_cours_ROS2/ros_ws/install/commande_locale/share/commande_locale/srv/SrvAddProductPushBack.srv\n'}
[0.934422] (commande_locale) StdoutLine: {'line': b'-- Up-to-date: /home/user/celluleflexible_en_cours_ROS2/ros_ws/install/commande_locale/share/commande_locale/msg/MsgAddProduct.msg\n'}
[0.934664] (commande_locale) StdoutLine: {'line': b'-- Up-to-date: /home/user/celluleflexible_en_cours_ROS2/ros_ws/install/commande_locale/share/commande_locale/msg/MsgStopControl.msg\n'}
[0.934846] (commande_locale) StdoutLine: {'line': b'-- Up-to-date: /home/user/celluleflexible_en_cours_ROS2/ros_ws/install/commande_locale/share/commande_locale/msg/MsgColor.msg\n'}
[0.935025] (commande_locale) StdoutLine: {'line': b'-- Up-to-date: /home/user/celluleflexible_en_cours_ROS2/ros_ws/install/commande_locale/share/commande_locale/msg/MsgSwitchControl.msg\n'}
[0.935220] (commande_locale) StdoutLine: {'line': b'-- Up-to-date: /home/user/celluleflexible_en_cours_ROS2/ros_ws/install/commande_locale/share/commande_locale/msg/MsgPinControl.msg\n'}
[0.935497] (commande_locale) StdoutLine: {'line': b'-- Up-to-date: /home/user/celluleflexible_en_cours_ROS2/ros_ws/install/commande_locale/share/commande_locale/msg/MsgErreur.msg\n'}
[0.937304] (commande_locale) StdoutLine: {'line': b'-- Up-to-date: /home/user/celluleflexible_en_cours_ROS2/ros_ws/install/commande_locale/share/commande_locale/msg/RobotJoints.msg\n'}
[0.937408] (commande_locale) StdoutLine: {'line': b'-- Up-to-date: /home/user/celluleflexible_en_cours_ROS2/ros_ws/install/commande_locale/share/commande_locale/msg/TacheFinieMsg.msg\n'}
[0.937484] (commande_locale) StdoutLine: {'line': b'-- Up-to-date: /home/user/celluleflexible_en_cours_ROS2/ros_ws/install/commande_locale/share/commande_locale/msg/DeplacerPieceMsg.msg\n'}
[0.937558] (commande_locale) StdoutLine: {'line': b'-- Up-to-date: /home/user/celluleflexible_en_cours_ROS2/ros_ws/install/commande_locale/share/commande_locale/msg/MsgChoixMode.msg\n'}
[0.937651] (commande_locale) StdoutLine: {'line': b'-- Up-to-date: /home/user/celluleflexible_en_cours_ROS2/ros_ws/install/commande_locale/lib/commande_locale/simulation\n'}
[0.938357] (commande_locale) StdoutLine: {'line': b'-- Up-to-date: /home/user/celluleflexible_en_cours_ROS2/ros_ws/install/commande_locale/share/ament_index/resource_index/package_run_dependencies/commande_locale\n'}
[0.938465] (commande_locale) StdoutLine: {'line': b'-- Up-to-date: /home/user/celluleflexible_en_cours_ROS2/ros_ws/install/commande_locale/share/ament_index/resource_index/parent_prefix_path/commande_locale\n'}
[0.938553] (commande_locale) StdoutLine: {'line': b'-- Up-to-date: /home/user/celluleflexible_en_cours_ROS2/ros_ws/install/commande_locale/share/commande_locale/environment/ament_prefix_path.sh\n'}
[0.938654] (commande_locale) StdoutLine: {'line': b'-- Up-to-date: /home/user/celluleflexible_en_cours_ROS2/ros_ws/install/commande_locale/share/commande_locale/environment/ament_prefix_path.dsv\n'}
[0.938725] (commande_locale) StdoutLine: {'line': b'-- Up-to-date: /home/user/celluleflexible_en_cours_ROS2/ros_ws/install/commande_locale/share/commande_locale/environment/path.sh\n'}
[0.938834] (commande_locale) StdoutLine: {'line': b'-- Up-to-date: /home/user/celluleflexible_en_cours_ROS2/ros_ws/install/commande_locale/share/commande_locale/environment/path.dsv\n'}
[0.938895] (commande_locale) StdoutLine: {'line': b'-- Up-to-date: /home/user/celluleflexible_en_cours_ROS2/ros_ws/install/commande_locale/share/commande_locale/local_setup.bash\n'}
[0.938957] (commande_locale) StdoutLine: {'line': b'-- Up-to-date: /home/user/celluleflexible_en_cours_ROS2/ros_ws/install/commande_locale/share/commande_locale/local_setup.sh\n'}
[0.938983] (commande_locale) StdoutLine: {'line': b'-- Up-to-date: /home/user/celluleflexible_en_cours_ROS2/ros_ws/install/commande_locale/share/commande_locale/local_setup.zsh\n'}
[0.939008] (commande_locale) StdoutLine: {'line': b'-- Up-to-date: /home/user/celluleflexible_en_cours_ROS2/ros_ws/install/commande_locale/share/commande_locale/local_setup.dsv\n'}
[0.939066] (commande_locale) StdoutLine: {'line': b'-- Installing: /home/user/celluleflexible_en_cours_ROS2/ros_ws/install/commande_locale/share/commande_locale/package.dsv\n'}
[0.939128] (commande_locale) StdoutLine: {'line': b'-- Up-to-date: /home/user/celluleflexible_en_cours_ROS2/ros_ws/install/commande_locale/share/ament_index/resource_index/packages/commande_locale\n'}
[0.939286] (commande_locale) StdoutLine: {'line': b'-- Up-to-date: /home/user/celluleflexible_en_cours_ROS2/ros_ws/install/commande_locale/share/commande_locale/cmake/export_commande_locale__rosidl_generator_cExport.cmake\n'}
[0.939324] (commande_locale) StdoutLine: {'line': b'-- Up-to-date: /home/user/celluleflexible_en_cours_ROS2/ros_ws/install/commande_locale/share/commande_locale/cmake/export_commande_locale__rosidl_generator_cExport-noconfig.cmake\n'}
[0.939350] (commande_locale) StdoutLine: {'line': b'-- Up-to-date: /home/user/celluleflexible_en_cours_ROS2/ros_ws/install/commande_locale/share/commande_locale/cmake/export_commande_locale__rosidl_typesupport_fastrtps_cExport.cmake\n'}
[0.939373] (commande_locale) StdoutLine: {'line': b'-- Up-to-date: /home/user/celluleflexible_en_cours_ROS2/ros_ws/install/commande_locale/share/commande_locale/cmake/export_commande_locale__rosidl_typesupport_fastrtps_cExport-noconfig.cmake\n'}
[0.939397] (commande_locale) StdoutLine: {'line': b'-- Up-to-date: /home/user/celluleflexible_en_cours_ROS2/ros_ws/install/commande_locale/share/commande_locale/cmake/export_commande_locale__rosidl_generator_cppExport.cmake\n'}
[0.939419] (commande_locale) StdoutLine: {'line': b'-- Up-to-date: /home/user/celluleflexible_en_cours_ROS2/ros_ws/install/commande_locale/share/commande_locale/cmake/export_commande_locale__rosidl_typesupport_fastrtps_cppExport.cmake\n'}
[0.939441] (commande_locale) StdoutLine: {'line': b'-- Up-to-date: /home/user/celluleflexible_en_cours_ROS2/ros_ws/install/commande_locale/share/commande_locale/cmake/export_commande_locale__rosidl_typesupport_fastrtps_cppExport-noconfig.cmake\n'}
[0.939498] (shuttles) StdoutLine: {'line': b'-- Up-to-date: /home/user/celluleflexible_en_cours_ROS2/ros_ws/install/shuttles/share/shuttles/msg/MsgErreur.msg\n'}
[0.939876] (shuttles) StdoutLine: {'line': b'-- Up-to-date: /home/user/celluleflexible_en_cours_ROS2/ros_ws/install/shuttles/share/shuttles/srv/ShuttleId.srv\n'}
[0.939905] (shuttles) StdoutLine: {'line': b'-- Up-to-date: /home/user/celluleflexible_en_cours_ROS2/ros_ws/install/shuttles/lib/shuttles/shuttle_manager\n'}
[0.939933] (shuttles) StdoutLine: {'line': b'-- Up-to-date: /home/user/celluleflexible_en_cours_ROS2/ros_ws/install/shuttles/share/ament_index/resource_index/package_run_dependencies/shuttles\n'}
[0.939956] (shuttles) StdoutLine: {'line': b'-- Up-to-date: /home/user/celluleflexible_en_cours_ROS2/ros_ws/install/shuttles/share/ament_index/resource_index/parent_prefix_path/shuttles\n'}
[0.940018] (shuttles) StdoutLine: {'line': b'-- Up-to-date: /home/user/celluleflexible_en_cours_ROS2/ros_ws/install/shuttles/share/shuttles/environment/ament_prefix_path.sh\n'}
[0.940085] (shuttles) StdoutLine: {'line': b'-- Up-to-date: /home/user/celluleflexible_en_cours_ROS2/ros_ws/install/shuttles/share/shuttles/environment/ament_prefix_path.dsv\n'}
[0.940153] (shuttles) StdoutLine: {'line': b'-- Up-to-date: /home/user/celluleflexible_en_cours_ROS2/ros_ws/install/shuttles/share/shuttles/environment/path.sh\n'}
[0.940607] (shuttles) StdoutLine: {'line': b'-- Up-to-date: /home/user/celluleflexible_en_cours_ROS2/ros_ws/install/shuttles/share/shuttles/environment/path.dsv\n'}
[0.940642] (shuttles) StdoutLine: {'line': b'-- Up-to-date: /home/user/celluleflexible_en_cours_ROS2/ros_ws/install/shuttles/share/shuttles/local_setup.bash\n'}
[0.940711] (shuttles) StdoutLine: {'line': b'-- Up-to-date: /home/user/celluleflexible_en_cours_ROS2/ros_ws/install/shuttles/share/shuttles/local_setup.sh\n'}
[0.940781] (shuttles) StdoutLine: {'line': b'-- Up-to-date: /home/user/celluleflexible_en_cours_ROS2/ros_ws/install/shuttles/share/shuttles/local_setup.zsh\n'}
[0.940852] (shuttles) StdoutLine: {'line': b'-- Up-to-date: /home/user/celluleflexible_en_cours_ROS2/ros_ws/install/shuttles/share/shuttles/local_setup.dsv\n'}
[0.940917] (shuttles) StdoutLine: {'line': b'-- Installing: /home/user/celluleflexible_en_cours_ROS2/ros_ws/install/shuttles/share/shuttles/package.dsv\n'}
[0.940979] (shuttles) StdoutLine: {'line': b'-- Up-to-date: /home/user/celluleflexible_en_cours_ROS2/ros_ws/install/shuttles/share/ament_index/resource_index/packages/shuttles\n'}
[0.941043] (shuttles) StdoutLine: {'line': b'-- Up-to-date: /home/user/celluleflexible_en_cours_ROS2/ros_ws/install/shuttles/share/shuttles/cmake/export_shuttles__rosidl_generator_cExport.cmake\n'}
[0.941068] (shuttles) StdoutLine: {'line': b'-- Up-to-date: /home/user/celluleflexible_en_cours_ROS2/ros_ws/install/shuttles/share/shuttles/cmake/export_shuttles__rosidl_generator_cExport-noconfig.cmake\n'}
[0.941140] (shuttles) StdoutLine: {'line': b'-- Up-to-date: /home/user/celluleflexible_en_cours_ROS2/ros_ws/install/shuttles/share/shuttles/cmake/export_shuttles__rosidl_typesupport_fastrtps_cExport.cmake\n'}
[0.941336] (shuttles) StdoutLine: {'line': b'-- Up-to-date: /home/user/celluleflexible_en_cours_ROS2/ros_ws/install/shuttles/share/shuttles/cmake/export_shuttles__rosidl_typesupport_fastrtps_cExport-noconfig.cmake\n'}
[0.941412] (shuttles) StdoutLine: {'line': b'-- Up-to-date: /home/user/celluleflexible_en_cours_ROS2/ros_ws/install/shuttles/share/shuttles/cmake/export_shuttles__rosidl_generator_cppExport.cmake\n'}
[0.941439] (shuttles) StdoutLine: {'line': b'-- Up-to-date: /home/user/celluleflexible_en_cours_ROS2/ros_ws/install/shuttles/share/shuttles/cmake/export_shuttles__rosidl_typesupport_fastrtps_cppExport.cmake\n'}
[0.941504] (shuttles) StdoutLine: {'line': b'-- Up-to-date: /home/user/celluleflexible_en_cours_ROS2/ros_ws/install/shuttles/share/shuttles/cmake/export_shuttles__rosidl_typesupport_fastrtps_cppExport-noconfig.cmake\n'}
[0.941577] (shuttles) StdoutLine: {'line': b'-- Up-to-date: /home/user/celluleflexible_en_cours_ROS2/ros_ws/install/shuttles/share/shuttles/cmake/shuttles__rosidl_typesupport_introspection_cExport.cmake\n'}
[0.941668] (shuttles) StdoutLine: {'line': b'-- Up-to-date: /home/user/celluleflexible_en_cours_ROS2/ros_ws/install/shuttles/share/shuttles/cmake/shuttles__rosidl_typesupport_introspection_cExport-noconfig.cmake\n'}
[0.941735] (shuttles) StdoutLine: {'line': b'-- Up-to-date: /home/user/celluleflexible_en_cours_ROS2/ros_ws/install/shuttles/share/shuttles/cmake/shuttles__rosidl_typesupport_cExport.cmake\n'}
[0.941845] (shuttles) StdoutLine: {'line': b'-- Up-to-date: /home/user/celluleflexible_en_cours_ROS2/ros_ws/install/shuttles/share/shuttles/cmake/shuttles__rosidl_typesupport_cExport-noconfig.cmake\n'}
[0.941871] (shuttles) StdoutLine: {'line': b'-- Up-to-date: /home/user/celluleflexible_en_cours_ROS2/ros_ws/install/shuttles/share/shuttles/cmake/shuttles__rosidl_typesupport_introspection_cppExport.cmake\n'}
[0.941895] (shuttles) StdoutLine: {'line': b'-- Up-to-date: /home/user/celluleflexible_en_cours_ROS2/ros_ws/install/shuttles/share/shuttles/cmake/shuttles__rosidl_typesupport_introspection_cppExport-noconfig.cmake\n'}
[0.941918] (shuttles) StdoutLine: {'line': b'-- Up-to-date: /home/user/celluleflexible_en_cours_ROS2/ros_ws/install/shuttles/share/shuttles/cmake/shuttles__rosidl_typesupport_cppExport.cmake\n'}
[0.941940] (shuttles) StdoutLine: {'line': b'-- Up-to-date: /home/user/celluleflexible_en_cours_ROS2/ros_ws/install/shuttles/share/shuttles/cmake/shuttles__rosidl_typesupport_cppExport-noconfig.cmake\n'}
[0.941962] (shuttles) StdoutLine: {'line': b'-- Up-to-date: /home/user/celluleflexible_en_cours_ROS2/ros_ws/install/shuttles/share/shuttles/cmake/export_shuttles__rosidl_generator_pyExport.cmake\n'}
[0.941983] (shuttles) StdoutLine: {'line': b'-- Up-to-date: /home/user/celluleflexible_en_cours_ROS2/ros_ws/install/shuttles/share/shuttles/cmake/export_shuttles__rosidl_generator_pyExport-noconfig.cmake\n'}
[0.942004] (shuttles) StdoutLine: {'line': b'-- Up-to-date: /home/user/celluleflexible_en_cours_ROS2/ros_ws/install/shuttles/share/shuttles/cmake/rosidl_cmake-extras.cmake\n'}
[0.942025] (shuttles) StdoutLine: {'line': b'-- Up-to-date: /home/user/celluleflexible_en_cours_ROS2/ros_ws/install/shuttles/share/shuttles/cmake/ament_cmake_export_dependencies-extras.cmake\n'}
[0.942082] (shuttles) StdoutLine: {'line': b'-- Up-to-date: /home/user/celluleflexible_en_cours_ROS2/ros_ws/install/shuttles/share/shuttles/cmake/ament_cmake_export_include_directories-extras.cmake\n'}
[0.942209] (shuttles) StdoutLine: {'line': b'-- Up-to-date: /home/user/celluleflexible_en_cours_ROS2/ros_ws/install/shuttles/share/shuttles/cmake/ament_cmake_export_libraries-extras.cmake\n'}
[0.942427] (shuttles) StdoutLine: {'line': b'-- Up-to-date: /home/user/celluleflexible_en_cours_ROS2/ros_ws/install/shuttles/share/shuttles/cmake/ament_cmake_export_targets-extras.cmake\n'}
[0.942515] (shuttles) StdoutLine: {'line': b'-- Up-to-date: /home/user/celluleflexible_en_cours_ROS2/ros_ws/install/shuttles/share/shuttles/cmake/rosidl_cmake_export_typesupport_targets-extras.cmake\n'}
[0.942589] (shuttles) StdoutLine: {'line': b'-- Up-to-date: /home/user/celluleflexible_en_cours_ROS2/ros_ws/install/shuttles/share/shuttles/cmake/rosidl_cmake_export_typesupport_libraries-extras.cmake\n'}
[0.942680] (shuttles) StdoutLine: {'line': b'-- Up-to-date: /home/user/celluleflexible_en_cours_ROS2/ros_ws/install/shuttles/share/shuttles/cmake/shuttlesConfig.cmake\n'}
[0.942755] (shuttles) StdoutLine: {'line': b'-- Up-to-date: /home/user/celluleflexible_en_cours_ROS2/ros_ws/install/shuttles/share/shuttles/cmake/shuttlesConfig-version.cmake\n'}
[0.942847] (shuttles) StdoutLine: {'line': b'-- Up-to-date: /home/user/celluleflexible_en_cours_ROS2/ros_ws/install/shuttles/share/shuttles/package.xml\n'}
[0.942922] (commande_locale) StdoutLine: {'line': b'-- Up-to-date: /home/user/celluleflexible_en_cours_ROS2/ros_ws/install/commande_locale/share/commande_locale/cmake/commande_locale__rosidl_typesupport_introspection_cExport.cmake\n'}
[0.943011] (commande_locale) StdoutLine: {'line': b'-- Up-to-date: /home/user/celluleflexible_en_cours_ROS2/ros_ws/install/commande_locale/share/commande_locale/cmake/commande_locale__rosidl_typesupport_introspection_cExport-noconfig.cmake\n'}
[0.943413] (commande_locale) StdoutLine: {'line': b'-- Up-to-date: /home/user/celluleflexible_en_cours_ROS2/ros_ws/install/commande_locale/share/commande_locale/cmake/commande_locale__rosidl_typesupport_cExport.cmake\n'}
[0.945203] (commande_locale) StdoutLine: {'line': b'-- Up-to-date: /home/user/celluleflexible_en_cours_ROS2/ros_ws/install/commande_locale/share/commande_locale/cmake/commande_locale__rosidl_typesupport_cExport-noconfig.cmake\n'}
[0.945239] (commande_locale) StdoutLine: {'line': b'-- Up-to-date: /home/user/celluleflexible_en_cours_ROS2/ros_ws/install/commande_locale/share/commande_locale/cmake/commande_locale__rosidl_typesupport_introspection_cppExport.cmake\n'}
[0.945268] (commande_locale) StdoutLine: {'line': b'-- Up-to-date: /home/user/celluleflexible_en_cours_ROS2/ros_ws/install/commande_locale/share/commande_locale/cmake/commande_locale__rosidl_typesupport_introspection_cppExport-noconfig.cmake\n'}
[0.945338] (commande_locale) StdoutLine: {'line': b'-- Up-to-date: /home/user/celluleflexible_en_cours_ROS2/ros_ws/install/commande_locale/share/commande_locale/cmake/commande_locale__rosidl_typesupport_cppExport.cmake\n'}
[0.945411] (commande_locale) StdoutLine: {'line': b'-- Up-to-date: /home/user/celluleflexible_en_cours_ROS2/ros_ws/install/commande_locale/share/commande_locale/cmake/commande_locale__rosidl_typesupport_cppExport-noconfig.cmake\n'}
[0.945509] (commande_locale) StdoutLine: {'line': b'-- Up-to-date: /home/user/celluleflexible_en_cours_ROS2/ros_ws/install/commande_locale/share/commande_locale/cmake/export_commande_locale__rosidl_generator_pyExport.cmake\n'}
[0.945585] (commande_locale) StdoutLine: {'line': b'-- Up-to-date: /home/user/celluleflexible_en_cours_ROS2/ros_ws/install/commande_locale/share/commande_locale/cmake/export_commande_locale__rosidl_generator_pyExport-noconfig.cmake\n'}
[0.945665] (commande_locale) StdoutLine: {'line': b'-- Up-to-date: /home/user/celluleflexible_en_cours_ROS2/ros_ws/install/commande_locale/share/commande_locale/cmake/rosidl_cmake-extras.cmake\n'}
[0.945748] (commande_locale) StdoutLine: {'line': b'-- Up-to-date: /home/user/celluleflexible_en_cours_ROS2/ros_ws/install/commande_locale/share/commande_locale/cmake/ament_cmake_export_dependencies-extras.cmake\n'}
[0.945814] (commande_locale) StdoutLine: {'line': b'-- Up-to-date: /home/user/celluleflexible_en_cours_ROS2/ros_ws/install/commande_locale/share/commande_locale/cmake/ament_cmake_export_include_directories-extras.cmake\n'}
[0.945877] (commande_locale) StdoutLine: {'line': b'-- Up-to-date: /home/user/celluleflexible_en_cours_ROS2/ros_ws/install/commande_locale/share/commande_locale/cmake/ament_cmake_export_libraries-extras.cmake\n'}
[0.945937] (commande_locale) StdoutLine: {'line': b'-- Up-to-date: /home/user/celluleflexible_en_cours_ROS2/ros_ws/install/commande_locale/share/commande_locale/cmake/ament_cmake_export_targets-extras.cmake\n'}
[0.945997] (commande_locale) StdoutLine: {'line': b'-- Up-to-date: /home/user/celluleflexible_en_cours_ROS2/ros_ws/install/commande_locale/share/commande_locale/cmake/rosidl_cmake_export_typesupport_targets-extras.cmake\n'}
[0.946184] (commande_locale) StdoutLine: {'line': b'-- Up-to-date: /home/user/celluleflexible_en_cours_ROS2/ros_ws/install/commande_locale/share/commande_locale/cmake/rosidl_cmake_export_typesupport_libraries-extras.cmake\n'}
[0.946245] (commande_locale) StdoutLine: {'line': b'-- Up-to-date: /home/user/celluleflexible_en_cours_ROS2/ros_ws/install/commande_locale/share/commande_locale/cmake/commande_localeConfig.cmake\n'}
[0.946310] (commande_locale) StdoutLine: {'line': b'-- Up-to-date: /home/user/celluleflexible_en_cours_ROS2/ros_ws/install/commande_locale/share/commande_locale/cmake/commande_localeConfig-version.cmake\n'}
[0.946395] (commande_locale) StdoutLine: {'line': b'-- Up-to-date: /home/user/celluleflexible_en_cours_ROS2/ros_ws/install/commande_locale/share/commande_locale/package.xml\n'}
[0.946463] (shuttles) CommandEnded: {'returncode': 0}
[0.957983] (shuttles) JobEnded: {'identifier': 'shuttles', 'rc': 0}
[0.959647] (commande_locale) CommandEnded: {'returncode': 0}
[0.975986] (commande_locale) JobEnded: {'identifier': 'commande_locale', 'rc': 0}
[0.976804] (robots) JobStarted: {'identifier': 'robots'}
[0.995718] (robots) JobProgress: {'identifier': 'robots', 'progress': 'cmake'}
[0.996805] (robots) JobProgress: {'identifier': 'robots', 'progress': 'build'}
[0.996832] (robots) Command: {'cmd': ['/usr/bin/cmake', '--build', '/home/user/celluleflexible_en_cours_ROS2/ros_ws/build/robots', '--', '-j8', '-l8'], 'cwd': '/home/user/celluleflexible_en_cours_ROS2/ros_ws/build/robots', 'env': OrderedDict({'LESSOPEN': '| /usr/bin/lesspipe %s', 'USER': 'user', 'XDG_SESSION_TYPE': 'wayland', 'SHLVL': '1', 'LD_LIBRARY_PATH': '/home/user/celluleflexible_en_cours_ROS2/ros_ws/install/shuttles/lib:/home/user/celluleflexible_en_cours_ROS2/ros_ws/install/commande_locale/lib:/home/user/celluleflexible_en_cours_ROS2/ros_ws/install/aiguillages/lib:/home/user/celluleflexible_en_cours_ROS2/ros_ws/install/robots/lib:/opt/ros/jazzy/opt/rviz_ogre_vendor/lib:/opt/ros/jazzy/lib/x86_64-linux-gnu:/opt/ros/jazzy/opt/gz_math_vendor/lib:/opt/ros/jazzy/opt/gz_utils_vendor/lib:/opt/ros/jazzy/opt/gz_cmake_vendor/lib:/opt/ros/jazzy/lib', 'HOME': '/home/user', 'DESKTOP_SESSION': 'ubuntu', 'ROS_PYTHON_VERSION': '3', 'GNOME_SHELL_SESSION_MODE': 'ubuntu', 'GTK_MODULES': 'gail:atk-bridge', 'DBUS_STARTER_BUS_TYPE': 'session', 'SYSTEMD_EXEC_PID': '2240', 'GSM_SKIP_SSH_AGENT_WORKAROUND': 'true', 'DBUS_SESSION_BUS_ADDRESS': 'unix:path=/run/user/1000/bus,guid=6da02ccfb5f5be8b2dc210526992ca6b', 'COLORTERM': 'truecolor', 'DEBUGINFOD_URLS': 'https://debuginfod.ubuntu.com', 'IM_CONFIG_PHASE': '1', 'WAYLAND_DISPLAY': 'wayland-0', 'COLCON_PREFIX_PATH': '/home/user/celluleflexible_en_cours_ROS2/ros_ws/install', 'ROS_DISTRO': 'jazzy', 'LOGNAME': 'user', '_': '/usr/bin/colcon', 'ROS_VERSION': '2', 'MEMORY_PRESSURE_WATCH': '/sys/fs/cgroup/user.slice/user-1000.slice/user@1000.service/app.slice/app-gnome\\x2dsession\\x2dmanager.slice/gnome-session-manager@ubuntu.service/memory.pressure', 'XDG_SESSION_CLASS': 'user', 'USERNAME': 'user', 'TERM': 'xterm-256color', 'GNOME_DESKTOP_SESSION_ID': 'this-is-deprecated', 'PATH': '/opt/ros/jazzy/bin:/usr/local/sbin:/usr/local/bin:/usr/sbin:/usr/bin:/sbin:/bin:/usr/games:/usr/local/games:/snap/bin:/snap/bin', 'SESSION_MANAGER': 'local/Ubuntu:@/tmp/.ICE-unix/2240,unix/Ubuntu:/tmp/.ICE-unix/2240', 'XDG_MENU_PREFIX': 'gnome-', 'GNOME_TERMINAL_SCREEN': '/org/gnome/Terminal/screen/c7962f18_f474_48af_ace3_a3479f78beab', 'GNOME_SETUP_DISPLAY': ':1', 'XDG_RUNTIME_DIR': '/run/user/1000', 'DISPLAY': ':0', 'LANG': 'en_US.UTF-8', 'XDG_CURRENT_DESKTOP': 'ubuntu:GNOME', 'XMODIFIERS': '@im=ibus', 'XDG_SESSION_DESKTOP': 'ubuntu', 'XAUTHORITY': '/run/user/1000/.mutter-Xwaylandauth.HCD1K3', 'LS_COLORS': 'rs=0:di=01;34:ln=01;36:mh=00:pi=40;33:so=01;35:do=01;35:bd=40;33;01:cd=40;33;01:or=40;31;01:mi=00:su=37;41:sg=30;43:ca=00:tw=30;42:ow=34;42:st=37;44:ex=01;32:*.tar=01;31:*.tgz=01;31:*.arc=01;31:*.arj=01;31:*.taz=01;31:*.lha=01;31:*.lz4=01;31:*.lzh=01;31:*.lzma=01;31:*.tlz=01;31:*.txz=01;31:*.tzo=01;31:*.t7z=01;31:*.zip=01;31:*.z=01;31:*.dz=01;31:*.gz=01;31:*.lrz=01;31:*.lz=01;31:*.lzo=01;31:*.xz=01;31:*.zst=01;31:*.tzst=01;31:*.bz2=01;31:*.bz=01;31:*.tbz=01;31:*.tbz2=01;31:*.tz=01;31:*.deb=01;31:*.rpm=01;31:*.jar=01;31:*.war=01;31:*.ear=01;31:*.sar=01;31:*.rar=01;31:*.alz=01;31:*.ace=01;31:*.zoo=01;31:*.cpio=01;31:*.7z=01;31:*.rz=01;31:*.cab=01;31:*.wim=01;31:*.swm=01;31:*.dwm=01;31:*.esd=01;31:*.avif=01;35:*.jpg=01;35:*.jpeg=01;35:*.mjpg=01;35:*.mjpeg=01;35:*.gif=01;35:*.bmp=01;35:*.pbm=01;35:*.pgm=01;35:*.ppm=01;35:*.tga=01;35:*.xbm=01;35:*.xpm=01;35:*.tif=01;35:*.tiff=01;35:*.png=01;35:*.svg=01;35:*.svgz=01;35:*.mng=01;35:*.pcx=01;35:*.mov=01;35:*.mpg=01;35:*.mpeg=01;35:*.m2v=01;35:*.mkv=01;35:*.webm=01;35:*.webp=01;35:*.ogm=01;35:*.mp4=01;35:*.m4v=01;35:*.mp4v=01;35:*.vob=01;35:*.qt=01;35:*.nuv=01;35:*.wmv=01;35:*.asf=01;35:*.rm=01;35:*.rmvb=01;35:*.flc=01;35:*.avi=01;35:*.fli=01;35:*.flv=01;35:*.gl=01;35:*.dl=01;35:*.xcf=01;35:*.xwd=01;35:*.yuv=01;35:*.cgm=01;35:*.emf=01;35:*.ogv=01;35:*.ogx=01;35:*.aac=00;36:*.au=00;36:*.flac=00;36:*.m4a=00;36:*.mid=00;36:*.midi=00;36:*.mka=00;36:*.mp3=00;36:*.mpc=00;36:*.ogg=00;36:*.ra=00;36:*.wav=00;36:*.oga=00;36:*.opus=00;36:*.spx=00;36:*.xspf=00;36:*~=00;90:*#=00;90:*.bak=00;90:*.crdownload=00;90:*.dpkg-dist=00;90:*.dpkg-new=00;90:*.dpkg-old=00;90:*.dpkg-tmp=00;90:*.old=00;90:*.orig=00;90:*.part=00;90:*.rej=00;90:*.rpmnew=00;90:*.rpmorig=00;90:*.rpmsave=00;90:*.swp=00;90:*.tmp=00;90:*.ucf-dist=00;90:*.ucf-new=00;90:*.ucf-old=00;90:', 'GNOME_TERMINAL_SERVICE': ':1.781', 'SSH_AUTH_SOCK': '/run/user/1000/keyring/ssh', 'AMENT_PREFIX_PATH': '/home/user/celluleflexible_en_cours_ROS2/ros_ws/install/shuttles:/home/user/celluleflexible_en_cours_ROS2/ros_ws/install/robots:/home/user/celluleflexible_en_cours_ROS2/ros_ws/install/commande_locale:/home/user/celluleflexible_en_cours_ROS2/ros_ws/install/aiguillages:/opt/ros/jazzy', 'SHELL': '/bin/bash', 'QT_ACCESSIBILITY': '1', 'GDMSESSION': 'ubuntu', 'LESSCLOSE': '/usr/bin/lesspipe %s %s', 'ROS_AUTOMATIC_DISCOVERY_RANGE': 'SUBNET', 'QT_IM_MODULE': 'ibus', 'PWD': '/home/user/celluleflexible_en_cours_ROS2/ros_ws/build/robots', 'LC_ALL': 'en_US.UTF-8', 'XDG_CONFIG_DIRS': '/etc/xdg/xdg-ubuntu:/etc/xdg', 'DBUS_STARTER_ADDRESS': 'unix:path=/run/user/1000/bus,guid=6da02ccfb5f5be8b2dc210526992ca6b', 'XDG_DATA_DIRS': '/usr/share/ubuntu:/usr/share/gnome:/usr/local/share/:/usr/share/:/var/lib/snapd/desktop', 'PYTHONPATH': '/home/user/celluleflexible_en_cours_ROS2/ros_ws/install/shuttles/lib/python3.12/site-packages:/home/user/celluleflexible_en_cours_ROS2/ros_ws/install/commande_locale/lib/python3.12/site-packages:/home/user/celluleflexible_en_cours_ROS2/ros_ws/install/aiguillages/lib/python3.12/site-packages:/home/user/celluleflexible_en_cours_ROS2/ros_ws/install/robots/lib/python3.12/site-packages:/opt/ros/jazzy/lib/python3.12/site-packages', 'COLCON': '1', 'MEMORY_PRESSURE_WRITE': 'c29tZSAyMDAwMDAgMjAwMDAwMAA=', 'VTE_VERSION': '7600', 'CMAKE_PREFIX_PATH': '/home/user/celluleflexible_en_cours_ROS2/ros_ws/install/shuttles:/home/user/celluleflexible_en_cours_ROS2/ros_ws/install/commande_locale:/home/user/celluleflexible_en_cours_ROS2/ros_ws/install/aiguillages:/home/user/celluleflexible_en_cours_ROS2/ros_ws/install/robots:/opt/ros/jazzy/opt/gz_math_vendor:/opt/ros/jazzy/opt/gz_utils_vendor:/opt/ros/jazzy/opt/gz_cmake_vendor:/opt/ros/jazzy'}), 'shell': False}
[1.022085] (-) TimerEvent: {}
[1.052880] (robots) StdoutLine: {'line': b'[  1%] Built target robots__rosidl_generator_type_description\n'}
[1.061654] (robots) StdoutLine: {'line': b'[  1%] Built target ament_cmake_python_copy_robots\n'}
[1.075177] (robots) StdoutLine: {'line': b'[  3%] Built target robots__cpp\n'}
[1.078166] (robots) StdoutLine: {'line': b'[ 22%] Built target robots__rosidl_generator_c\n'}
[1.105952] (robots) StdoutLine: {'line': b'[ 39%] Built target robots__rosidl_typesupport_fastrtps_c\n'}
[1.106717] (robots) StdoutLine: {'line': b'[ 39%] Built target robots__rosidl_typesupport_cpp\n'}
[1.106788] (robots) StdoutLine: {'line': b'[ 63%] Built target robots__rosidl_typesupport_c\n'}
[1.106819] (robots) StdoutLine: {'line': b'[ 65%] Built target robots__rosidl_typesupport_introspection_c\n'}
[1.106846] (robots) StdoutLine: {'line': b'[ 65%] Built target robots__rosidl_typesupport_fastrtps_cpp\n'}
[1.110444] (robots) StdoutLine: {'line': b'[ 74%] Built target robots__rosidl_typesupport_introspection_cpp\n'}
[1.122902] (-) TimerEvent: {}
[1.137824] (robots) StdoutLine: {'line': b'[ 74%] Built target robots\n'}
[1.162544] (robots) StdoutLine: {'line': b'[ 75%] Built target robots__py\n'}
[1.174464] (robots) StdoutLine: {'line': b'[ 82%] Built target robot\n'}
[1.188709] (robots) StdoutLine: {'line': b'[ 89%] Built target robots__rosidl_generator_py\n'}
[1.216308] (robots) StdoutLine: {'line': b'[ 93%] Built target robots_s__rosidl_typesupport_introspection_c\n'}
[1.216768] (robots) StdoutLine: {'line': b'[ 96%] Built target robots_s__rosidl_typesupport_fastrtps_c\n'}
[1.217358] (robots) StdoutLine: {'line': b'[100%] Built target robots_s__rosidl_typesupport_c\n'}
[1.222943] (-) TimerEvent: {}
[1.226851] (robots) StdoutLine: {'line': b'running egg_info\n'}
[1.239739] (robots) StdoutLine: {'line': b'writing robots.egg-info/PKG-INFO\n'}
[1.239854] (robots) StdoutLine: {'line': b'writing dependency_links to robots.egg-info/dependency_links.txt\n'}
[1.239897] (robots) StdoutLine: {'line': b'writing top-level names to robots.egg-info/top_level.txt\n'}
[1.268459] (robots) StdoutLine: {'line': b"reading manifest file 'robots.egg-info/SOURCES.txt'\n"}
[1.268867] (robots) StdoutLine: {'line': b"writing manifest file 'robots.egg-info/SOURCES.txt'\n"}
[1.289566] (robots) StdoutLine: {'line': b'[100%] Built target ament_cmake_python_build_robots_egg\n'}
[1.300232] (robots) CommandEnded: {'returncode': 0}
[1.300523] (robots) JobProgress: {'identifier': 'robots', 'progress': 'install'}
[1.300587] (robots) Command: {'cmd': ['/usr/bin/cmake', '--install', '/home/user/celluleflexible_en_cours_ROS2/ros_ws/build/robots'], 'cwd': '/home/user/celluleflexible_en_cours_ROS2/ros_ws/build/robots', 'env': OrderedDict({'LESSOPEN': '| /usr/bin/lesspipe %s', 'USER': 'user', 'XDG_SESSION_TYPE': 'wayland', 'SHLVL': '1', 'LD_LIBRARY_PATH': '/home/user/celluleflexible_en_cours_ROS2/ros_ws/install/shuttles/lib:/home/user/celluleflexible_en_cours_ROS2/ros_ws/install/commande_locale/lib:/home/user/celluleflexible_en_cours_ROS2/ros_ws/install/aiguillages/lib:/home/user/celluleflexible_en_cours_ROS2/ros_ws/install/robots/lib:/opt/ros/jazzy/opt/rviz_ogre_vendor/lib:/opt/ros/jazzy/lib/x86_64-linux-gnu:/opt/ros/jazzy/opt/gz_math_vendor/lib:/opt/ros/jazzy/opt/gz_utils_vendor/lib:/opt/ros/jazzy/opt/gz_cmake_vendor/lib:/opt/ros/jazzy/lib', 'HOME': '/home/user', 'DESKTOP_SESSION': 'ubuntu', 'ROS_PYTHON_VERSION': '3', 'GNOME_SHELL_SESSION_MODE': 'ubuntu', 'GTK_MODULES': 'gail:atk-bridge', 'DBUS_STARTER_BUS_TYPE': 'session', 'SYSTEMD_EXEC_PID': '2240', 'GSM_SKIP_SSH_AGENT_WORKAROUND': 'true', 'DBUS_SESSION_BUS_ADDRESS': 'unix:path=/run/user/1000/bus,guid=6da02ccfb5f5be8b2dc210526992ca6b', 'COLORTERM': 'truecolor', 'DEBUGINFOD_URLS': 'https://debuginfod.ubuntu.com', 'IM_CONFIG_PHASE': '1', 'WAYLAND_DISPLAY': 'wayland-0', 'COLCON_PREFIX_PATH': '/home/user/celluleflexible_en_cours_ROS2/ros_ws/install', 'ROS_DISTRO': 'jazzy', 'LOGNAME': 'user', '_': '/usr/bin/colcon', 'ROS_VERSION': '2', 'MEMORY_PRESSURE_WATCH': '/sys/fs/cgroup/user.slice/user-1000.slice/user@1000.service/app.slice/app-gnome\\x2dsession\\x2dmanager.slice/gnome-session-manager@ubuntu.service/memory.pressure', 'XDG_SESSION_CLASS': 'user', 'USERNAME': 'user', 'TERM': 'xterm-256color', 'GNOME_DESKTOP_SESSION_ID': 'this-is-deprecated', 'PATH': '/opt/ros/jazzy/bin:/usr/local/sbin:/usr/local/bin:/usr/sbin:/usr/bin:/sbin:/bin:/usr/games:/usr/local/games:/snap/bin:/snap/bin', 'SESSION_MANAGER': 'local/Ubuntu:@/tmp/.ICE-unix/2240,unix/Ubuntu:/tmp/.ICE-unix/2240', 'XDG_MENU_PREFIX': 'gnome-', 'GNOME_TERMINAL_SCREEN': '/org/gnome/Terminal/screen/c7962f18_f474_48af_ace3_a3479f78beab', 'GNOME_SETUP_DISPLAY': ':1', 'XDG_RUNTIME_DIR': '/run/user/1000', 'DISPLAY': ':0', 'LANG': 'en_US.UTF-8', 'XDG_CURRENT_DESKTOP': 'ubuntu:GNOME', 'XMODIFIERS': '@im=ibus', 'XDG_SESSION_DESKTOP': 'ubuntu', 'XAUTHORITY': '/run/user/1000/.mutter-Xwaylandauth.HCD1K3', 'LS_COLORS': 'rs=0:di=01;34:ln=01;36:mh=00:pi=40;33:so=01;35:do=01;35:bd=40;33;01:cd=40;33;01:or=40;31;01:mi=00:su=37;41:sg=30;43:ca=00:tw=30;42:ow=34;42:st=37;44:ex=01;32:*.tar=01;31:*.tgz=01;31:*.arc=01;31:*.arj=01;31:*.taz=01;31:*.lha=01;31:*.lz4=01;31:*.lzh=01;31:*.lzma=01;31:*.tlz=01;31:*.txz=01;31:*.tzo=01;31:*.t7z=01;31:*.zip=01;31:*.z=01;31:*.dz=01;31:*.gz=01;31:*.lrz=01;31:*.lz=01;31:*.lzo=01;31:*.xz=01;31:*.zst=01;31:*.tzst=01;31:*.bz2=01;31:*.bz=01;31:*.tbz=01;31:*.tbz2=01;31:*.tz=01;31:*.deb=01;31:*.rpm=01;31:*.jar=01;31:*.war=01;31:*.ear=01;31:*.sar=01;31:*.rar=01;31:*.alz=01;31:*.ace=01;31:*.zoo=01;31:*.cpio=01;31:*.7z=01;31:*.rz=01;31:*.cab=01;31:*.wim=01;31:*.swm=01;31:*.dwm=01;31:*.esd=01;31:*.avif=01;35:*.jpg=01;35:*.jpeg=01;35:*.mjpg=01;35:*.mjpeg=01;35:*.gif=01;35:*.bmp=01;35:*.pbm=01;35:*.pgm=01;35:*.ppm=01;35:*.tga=01;35:*.xbm=01;35:*.xpm=01;35:*.tif=01;35:*.tiff=01;35:*.png=01;35:*.svg=01;35:*.svgz=01;35:*.mng=01;35:*.pcx=01;35:*.mov=01;35:*.mpg=01;35:*.mpeg=01;35:*.m2v=01;35:*.mkv=01;35:*.webm=01;35:*.webp=01;35:*.ogm=01;35:*.mp4=01;35:*.m4v=01;35:*.mp4v=01;35:*.vob=01;35:*.qt=01;35:*.nuv=01;35:*.wmv=01;35:*.asf=01;35:*.rm=01;35:*.rmvb=01;35:*.flc=01;35:*.avi=01;35:*.fli=01;35:*.flv=01;35:*.gl=01;35:*.dl=01;35:*.xcf=01;35:*.xwd=01;35:*.yuv=01;35:*.cgm=01;35:*.emf=01;35:*.ogv=01;35:*.ogx=01;35:*.aac=00;36:*.au=00;36:*.flac=00;36:*.m4a=00;36:*.mid=00;36:*.midi=00;36:*.mka=00;36:*.mp3=00;36:*.mpc=00;36:*.ogg=00;36:*.ra=00;36:*.wav=00;36:*.oga=00;36:*.opus=00;36:*.spx=00;36:*.xspf=00;36:*~=00;90:*#=00;90:*.bak=00;90:*.crdownload=00;90:*.dpkg-dist=00;90:*.dpkg-new=00;90:*.dpkg-old=00;90:*.dpkg-tmp=00;90:*.old=00;90:*.orig=00;90:*.part=00;90:*.rej=00;90:*.rpmnew=00;90:*.rpmorig=00;90:*.rpmsave=00;90:*.swp=00;90:*.tmp=00;90:*.ucf-dist=00;90:*.ucf-new=00;90:*.ucf-old=00;90:', 'GNOME_TERMINAL_SERVICE': ':1.781', 'SSH_AUTH_SOCK': '/run/user/1000/keyring/ssh', 'AMENT_PREFIX_PATH': '/home/user/celluleflexible_en_cours_ROS2/ros_ws/install/shuttles:/home/user/celluleflexible_en_cours_ROS2/ros_ws/install/robots:/home/user/celluleflexible_en_cours_ROS2/ros_ws/install/commande_locale:/home/user/celluleflexible_en_cours_ROS2/ros_ws/install/aiguillages:/opt/ros/jazzy', 'SHELL': '/bin/bash', 'QT_ACCESSIBILITY': '1', 'GDMSESSION': 'ubuntu', 'LESSCLOSE': '/usr/bin/lesspipe %s %s', 'ROS_AUTOMATIC_DISCOVERY_RANGE': 'SUBNET', 'QT_IM_MODULE': 'ibus', 'PWD': '/home/user/celluleflexible_en_cours_ROS2/ros_ws/build/robots', 'LC_ALL': 'en_US.UTF-8', 'XDG_CONFIG_DIRS': '/etc/xdg/xdg-ubuntu:/etc/xdg', 'DBUS_STARTER_ADDRESS': 'unix:path=/run/user/1000/bus,guid=6da02ccfb5f5be8b2dc210526992ca6b', 'XDG_DATA_DIRS': '/usr/share/ubuntu:/usr/share/gnome:/usr/local/share/:/usr/share/:/var/lib/snapd/desktop', 'PYTHONPATH': '/home/user/celluleflexible_en_cours_ROS2/ros_ws/install/shuttles/lib/python3.12/site-packages:/home/user/celluleflexible_en_cours_ROS2/ros_ws/install/commande_locale/lib/python3.12/site-packages:/home/user/celluleflexible_en_cours_ROS2/ros_ws/install/aiguillages/lib/python3.12/site-packages:/home/user/celluleflexible_en_cours_ROS2/ros_ws/install/robots/lib/python3.12/site-packages:/opt/ros/jazzy/lib/python3.12/site-packages', 'COLCON': '1', 'MEMORY_PRESSURE_WRITE': 'c29tZSAyMDAwMDAgMjAwMDAwMAA=', 'VTE_VERSION': '7600', 'CMAKE_PREFIX_PATH': '/home/user/celluleflexible_en_cours_ROS2/ros_ws/install/shuttles:/home/user/celluleflexible_en_cours_ROS2/ros_ws/install/commande_locale:/home/user/celluleflexible_en_cours_ROS2/ros_ws/install/aiguillages:/home/user/celluleflexible_en_cours_ROS2/ros_ws/install/robots:/opt/ros/jazzy/opt/gz_math_vendor:/opt/ros/jazzy/opt/gz_utils_vendor:/opt/ros/jazzy/opt/gz_cmake_vendor:/opt/ros/jazzy'}), 'shell': False}
[1.306814] (robots) StdoutLine: {'line': b'-- Install configuration: ""\n'}
[1.306982] (robots) StdoutLine: {'line': b'-- Up-to-date: /home/user/celluleflexible_en_cours_ROS2/ros_ws/install/robots/share/ament_index/resource_index/rosidl_interfaces/robots\n'}
[1.307221] (robots) StdoutLine: {'line': b'-- Up-to-date: /home/user/celluleflexible_en_cours_ROS2/ros_ws/install/robots/share/robots/msg/MoveRobot.json\n'}
[1.307315] (robots) StdoutLine: {'line': b'-- Up-to-date: /home/user/celluleflexible_en_cours_ROS2/ros_ws/install/robots/share/robots/msg/FaireTacheMsg.json\n'}
[1.307378] (robots) StdoutLine: {'line': b'-- Up-to-date: /home/user/celluleflexible_en_cours_ROS2/ros_ws/install/robots/share/robots/msg/MsgNumRobot.json\n'}
[1.307564] (robots) StdoutLine: {'line': b'-- Up-to-date: /home/user/celluleflexible_en_cours_ROS2/ros_ws/install/robots/include/robots/robots\n'}
[1.307596] (robots) StdoutLine: {'line': b'-- Up-to-date: /home/user/celluleflexible_en_cours_ROS2/ros_ws/install/robots/include/robots/robots/msg\n'}
[1.307624] (robots) StdoutLine: {'line': b'-- Up-to-date: /home/user/celluleflexible_en_cours_ROS2/ros_ws/install/robots/include/robots/robots/msg/move_robot.h\n'}
[1.307650] (robots) StdoutLine: {'line': b'-- Up-to-date: /home/user/celluleflexible_en_cours_ROS2/ros_ws/install/robots/include/robots/robots/msg/rosidl_generator_c__visibility_control.h\n'}
[1.307713] (robots) StdoutLine: {'line': b'-- Up-to-date: /home/user/celluleflexible_en_cours_ROS2/ros_ws/install/robots/include/robots/robots/msg/faire_tache_msg.h\n'}
[1.307924] (robots) StdoutLine: {'line': b'-- Up-to-date: /home/user/celluleflexible_en_cours_ROS2/ros_ws/install/robots/include/robots/robots/msg/msg_num_robot.h\n'}
[1.307964] (robots) StdoutLine: {'line': b'-- Up-to-date: /home/user/celluleflexible_en_cours_ROS2/ros_ws/install/robots/include/robots/robots/msg/detail\n'}
[1.308025] (robots) StdoutLine: {'line': b'-- Up-to-date: /home/user/celluleflexible_en_cours_ROS2/ros_ws/install/robots/include/robots/robots/msg/detail/move_robot__functions.c\n'}
[1.308278] (robots) StdoutLine: {'line': b'-- Up-to-date: /home/user/celluleflexible_en_cours_ROS2/ros_ws/install/robots/include/robots/robots/msg/detail/faire_tache_msg__type_support.h\n'}
[1.308310] (robots) StdoutLine: {'line': b'-- Up-to-date: /home/user/celluleflexible_en_cours_ROS2/ros_ws/install/robots/include/robots/robots/msg/detail/msg_num_robot__description.c\n'}
[1.308370] (robots) StdoutLine: {'line': b'-- Up-to-date: /home/user/celluleflexible_en_cours_ROS2/ros_ws/install/robots/include/robots/robots/msg/detail/move_robot__struct.h\n'}
[1.308431] (robots) StdoutLine: {'line': b'-- Up-to-date: /home/user/celluleflexible_en_cours_ROS2/ros_ws/install/robots/include/robots/robots/msg/detail/faire_tache_msg__functions.c\n'}
[1.308496] (robots) StdoutLine: {'line': b'-- Up-to-date: /home/user/celluleflexible_en_cours_ROS2/ros_ws/install/robots/include/robots/robots/msg/detail/move_robot__type_support.h\n'}
[1.308634] (robots) StdoutLine: {'line': b'-- Up-to-date: /home/user/celluleflexible_en_cours_ROS2/ros_ws/install/robots/include/robots/robots/msg/detail/msg_num_robot__type_support.c\n'}
[1.308671] (robots) StdoutLine: {'line': b'-- Up-to-date: /home/user/celluleflexible_en_cours_ROS2/ros_ws/install/robots/include/robots/robots/msg/detail/faire_tache_msg__description.c\n'}
[1.308696] (robots) StdoutLine: {'line': b'-- Up-to-date: /home/user/celluleflexible_en_cours_ROS2/ros_ws/install/robots/include/robots/robots/msg/detail/faire_tache_msg__struct.h\n'}
[1.308718] (robots) StdoutLine: {'line': b'-- Up-to-date: /home/user/celluleflexible_en_cours_ROS2/ros_ws/install/robots/include/robots/robots/msg/detail/msg_num_robot__functions.h\n'}
[1.308741] (robots) StdoutLine: {'line': b'-- Up-to-date: /home/user/celluleflexible_en_cours_ROS2/ros_ws/install/robots/include/robots/robots/msg/detail/move_robot__type_support.c\n'}
[1.308812] (robots) StdoutLine: {'line': b'-- Up-to-date: /home/user/celluleflexible_en_cours_ROS2/ros_ws/install/robots/include/robots/robots/msg/detail/msg_num_robot__struct.h\n'}
[1.308880] (robots) StdoutLine: {'line': b'-- Up-to-date: /home/user/celluleflexible_en_cours_ROS2/ros_ws/install/robots/include/robots/robots/msg/detail/msg_num_robot__type_support.h\n'}
[1.309010] (robots) StdoutLine: {'line': b'-- Up-to-date: /home/user/celluleflexible_en_cours_ROS2/ros_ws/install/robots/include/robots/robots/msg/detail/faire_tache_msg__type_support.c\n'}
[1.309047] (robots) StdoutLine: {'line': b'-- Up-to-date: /home/user/celluleflexible_en_cours_ROS2/ros_ws/install/robots/include/robots/robots/msg/detail/msg_num_robot__functions.c\n'}
[1.309072] (robots) StdoutLine: {'line': b'-- Up-to-date: /home/user/celluleflexible_en_cours_ROS2/ros_ws/install/robots/include/robots/robots/msg/detail/move_robot__description.c\n'}
[1.309276] (robots) StdoutLine: {'line': b'-- Up-to-date: /home/user/celluleflexible_en_cours_ROS2/ros_ws/install/robots/include/robots/robots/msg/detail/move_robot__functions.h\n'}
[1.309338] (robots) StdoutLine: {'line': b'-- Up-to-date: /home/user/celluleflexible_en_cours_ROS2/ros_ws/install/robots/include/robots/robots/msg/detail/faire_tache_msg__functions.h\n'}
[1.309401] (robots) StdoutLine: {'line': b'-- Up-to-date: /home/user/celluleflexible_en_cours_ROS2/ros_ws/install/robots/share/robots/environment/library_path.sh\n'}
[1.309468] (robots) StdoutLine: {'line': b'-- Up-to-date: /home/user/celluleflexible_en_cours_ROS2/ros_ws/install/robots/share/robots/environment/library_path.dsv\n'}
[1.309497] (robots) StdoutLine: {'line': b'-- Up-to-date: /home/user/celluleflexible_en_cours_ROS2/ros_ws/install/robots/lib/librobots__rosidl_generator_c.so\n'}
[1.309556] (robots) StdoutLine: {'line': b'-- Up-to-date: /home/user/celluleflexible_en_cours_ROS2/ros_ws/install/robots/include/robots/robots\n'}
[1.309669] (robots) StdoutLine: {'line': b'-- Up-to-date: /home/user/celluleflexible_en_cours_ROS2/ros_ws/install/robots/include/robots/robots/msg\n'}
[1.309695] (robots) StdoutLine: {'line': b'-- Up-to-date: /home/user/celluleflexible_en_cours_ROS2/ros_ws/install/robots/include/robots/robots/msg/rosidl_typesupport_fastrtps_c__visibility_control.h\n'}
[1.309720] (robots) StdoutLine: {'line': b'-- Up-to-date: /home/user/celluleflexible_en_cours_ROS2/ros_ws/install/robots/include/robots/robots/msg/detail\n'}
[1.309744] (robots) StdoutLine: {'line': b'-- Up-to-date: /home/user/celluleflexible_en_cours_ROS2/ros_ws/install/robots/include/robots/robots/msg/detail/move_robot__rosidl_typesupport_fastrtps_c.h\n'}
[1.309767] (robots) StdoutLine: {'line': b'-- Up-to-date: /home/user/celluleflexible_en_cours_ROS2/ros_ws/install/robots/include/robots/robots/msg/detail/msg_num_robot__rosidl_typesupport_fastrtps_c.h\n'}
[1.309790] (robots) StdoutLine: {'line': b'-- Up-to-date: /home/user/celluleflexible_en_cours_ROS2/ros_ws/install/robots/include/robots/robots/msg/detail/faire_tache_msg__rosidl_typesupport_fastrtps_c.h\n'}
[1.309812] (robots) StdoutLine: {'line': b'-- Up-to-date: /home/user/celluleflexible_en_cours_ROS2/ros_ws/install/robots/lib/librobots__rosidl_typesupport_fastrtps_c.so\n'}
[1.309833] (robots) StdoutLine: {'line': b'-- Up-to-date: /home/user/celluleflexible_en_cours_ROS2/ros_ws/install/robots/include/robots/robots\n'}
[1.309854] (robots) StdoutLine: {'line': b'-- Up-to-date: /home/user/celluleflexible_en_cours_ROS2/ros_ws/install/robots/include/robots/robots/msg\n'}
[1.309876] (robots) StdoutLine: {'line': b'-- Up-to-date: /home/user/celluleflexible_en_cours_ROS2/ros_ws/install/robots/include/robots/robots/msg/faire_tache_msg.hpp\n'}
[1.309897] (robots) StdoutLine: {'line': b'-- Up-to-date: /home/user/celluleflexible_en_cours_ROS2/ros_ws/install/robots/include/robots/robots/msg/rosidl_generator_cpp__visibility_control.hpp\n'}
[1.309918] (robots) StdoutLine: {'line': b'-- Up-to-date: /home/user/celluleflexible_en_cours_ROS2/ros_ws/install/robots/include/robots/robots/msg/move_robot.hpp\n'}
[1.309942] (robots) StdoutLine: {'line': b'-- Up-to-date: /home/user/celluleflexible_en_cours_ROS2/ros_ws/install/robots/include/robots/robots/msg/msg_num_robot.hpp\n'}
[1.309963] (robots) StdoutLine: {'line': b'-- Up-to-date: /home/user/celluleflexible_en_cours_ROS2/ros_ws/install/robots/include/robots/robots/msg/detail\n'}
[1.309983] (robots) StdoutLine: {'line': b'-- Up-to-date: /home/user/celluleflexible_en_cours_ROS2/ros_ws/install/robots/include/robots/robots/msg/detail/msg_num_robot__traits.hpp\n'}
[1.310002] (robots) StdoutLine: {'line': b'-- Up-to-date: /home/user/celluleflexible_en_cours_ROS2/ros_ws/install/robots/include/robots/robots/msg/detail/faire_tache_msg__traits.hpp\n'}
[1.310022] (robots) StdoutLine: {'line': b'-- Up-to-date: /home/user/celluleflexible_en_cours_ROS2/ros_ws/install/robots/include/robots/robots/msg/detail/faire_tache_msg__type_support.hpp\n'}
[1.310042] (robots) StdoutLine: {'line': b'-- Up-to-date: /home/user/celluleflexible_en_cours_ROS2/ros_ws/install/robots/include/robots/robots/msg/detail/move_robot__type_support.hpp\n'}
[1.310062] (robots) StdoutLine: {'line': b'-- Up-to-date: /home/user/celluleflexible_en_cours_ROS2/ros_ws/install/robots/include/robots/robots/msg/detail/faire_tache_msg__builder.hpp\n'}
[1.310083] (robots) StdoutLine: {'line': b'-- Up-to-date: /home/user/celluleflexible_en_cours_ROS2/ros_ws/install/robots/include/robots/robots/msg/detail/move_robot__builder.hpp\n'}
[1.310103] (robots) StdoutLine: {'line': b'-- Up-to-date: /home/user/celluleflexible_en_cours_ROS2/ros_ws/install/robots/include/robots/robots/msg/detail/move_robot__traits.hpp\n'}
[1.310128] (robots) StdoutLine: {'line': b'-- Up-to-date: /home/user/celluleflexible_en_cours_ROS2/ros_ws/install/robots/include/robots/robots/msg/detail/msg_num_robot__struct.hpp\n'}
[1.310148] (robots) StdoutLine: {'line': b'-- Up-to-date: /home/user/celluleflexible_en_cours_ROS2/ros_ws/install/robots/include/robots/robots/msg/detail/faire_tache_msg__struct.hpp\n'}
[1.310168] (robots) StdoutLine: {'line': b'-- Up-to-date: /home/user/celluleflexible_en_cours_ROS2/ros_ws/install/robots/include/robots/robots/msg/detail/msg_num_robot__builder.hpp\n'}
[1.310188] (robots) StdoutLine: {'line': b'-- Up-to-date: /home/user/celluleflexible_en_cours_ROS2/ros_ws/install/robots/include/robots/robots/msg/detail/move_robot__struct.hpp\n'}
[1.310208] (robots) StdoutLine: {'line': b'-- Up-to-date: /home/user/celluleflexible_en_cours_ROS2/ros_ws/install/robots/include/robots/robots/msg/detail/msg_num_robot__type_support.hpp\n'}
[1.310228] (robots) StdoutLine: {'line': b'-- Up-to-date: /home/user/celluleflexible_en_cours_ROS2/ros_ws/install/robots/include/robots/robots\n'}
[1.310248] (robots) StdoutLine: {'line': b'-- Up-to-date: /home/user/celluleflexible_en_cours_ROS2/ros_ws/install/robots/include/robots/robots/msg\n'}
[1.310268] (robots) StdoutLine: {'line': b'-- Up-to-date: /home/user/celluleflexible_en_cours_ROS2/ros_ws/install/robots/include/robots/robots/msg/detail\n'}
[1.310288] (robots) StdoutLine: {'line': b'-- Up-to-date: /home/user/celluleflexible_en_cours_ROS2/ros_ws/install/robots/include/robots/robots/msg/detail/msg_num_robot__rosidl_typesupport_fastrtps_cpp.hpp\n'}
[1.310308] (robots) StdoutLine: {'line': b'-- Up-to-date: /home/user/celluleflexible_en_cours_ROS2/ros_ws/install/robots/include/robots/robots/msg/detail/faire_tache_msg__rosidl_typesupport_fastrtps_cpp.hpp\n'}
[1.310328] (robots) StdoutLine: {'line': b'-- Up-to-date: /home/user/celluleflexible_en_cours_ROS2/ros_ws/install/robots/include/robots/robots/msg/detail/move_robot__rosidl_typesupport_fastrtps_cpp.hpp\n'}
[1.310348] (robots) StdoutLine: {'line': b'-- Up-to-date: /home/user/celluleflexible_en_cours_ROS2/ros_ws/install/robots/include/robots/robots/msg/detail/dds_fastrtps\n'}
[1.310367] (robots) StdoutLine: {'line': b'-- Up-to-date: /home/user/celluleflexible_en_cours_ROS2/ros_ws/install/robots/include/robots/robots/msg/rosidl_typesupport_fastrtps_cpp__visibility_control.h\n'}
[1.310387] (robots) StdoutLine: {'line': b'-- Up-to-date: /home/user/celluleflexible_en_cours_ROS2/ros_ws/install/robots/lib/librobots__rosidl_typesupport_fastrtps_cpp.so\n'}
[1.310406] (robots) StdoutLine: {'line': b'-- Up-to-date: /home/user/celluleflexible_en_cours_ROS2/ros_ws/install/robots/include/robots/robots\n'}
[1.310425] (robots) StdoutLine: {'line': b'-- Up-to-date: /home/user/celluleflexible_en_cours_ROS2/ros_ws/install/robots/include/robots/robots/msg\n'}
[1.310445] (robots) StdoutLine: {'line': b'-- Up-to-date: /home/user/celluleflexible_en_cours_ROS2/ros_ws/install/robots/include/robots/robots/msg/rosidl_typesupport_introspection_c__visibility_control.h\n'}
[1.310464] (robots) StdoutLine: {'line': b'-- Up-to-date: /home/user/celluleflexible_en_cours_ROS2/ros_ws/install/robots/include/robots/robots/msg/detail\n'}
[1.310484] (robots) StdoutLine: {'line': b'-- Up-to-date: /home/user/celluleflexible_en_cours_ROS2/ros_ws/install/robots/include/robots/robots/msg/detail/faire_tache_msg__rosidl_typesupport_introspection_c.h\n'}
[1.310504] (robots) StdoutLine: {'line': b'-- Up-to-date: /home/user/celluleflexible_en_cours_ROS2/ros_ws/install/robots/include/robots/robots/msg/detail/msg_num_robot__rosidl_typesupport_introspection_c.h\n'}
[1.310524] (robots) StdoutLine: {'line': b'-- Up-to-date: /home/user/celluleflexible_en_cours_ROS2/ros_ws/install/robots/include/robots/robots/msg/detail/msg_num_robot__type_support.c\n'}
[1.310544] (robots) StdoutLine: {'line': b'-- Up-to-date: /home/user/celluleflexible_en_cours_ROS2/ros_ws/install/robots/include/robots/robots/msg/detail/move_robot__type_support.c\n'}
[1.310563] (robots) StdoutLine: {'line': b'-- Up-to-date: /home/user/celluleflexible_en_cours_ROS2/ros_ws/install/robots/include/robots/robots/msg/detail/move_robot__rosidl_typesupport_introspection_c.h\n'}
[1.310585] (robots) StdoutLine: {'line': b'-- Up-to-date: /home/user/celluleflexible_en_cours_ROS2/ros_ws/install/robots/include/robots/robots/msg/detail/faire_tache_msg__type_support.c\n'}
[1.310604] (robots) StdoutLine: {'line': b'-- Up-to-date: /home/user/celluleflexible_en_cours_ROS2/ros_ws/install/robots/lib/librobots__rosidl_typesupport_introspection_c.so\n'}
[1.310624] (robots) StdoutLine: {'line': b'-- Up-to-date: /home/user/celluleflexible_en_cours_ROS2/ros_ws/install/robots/lib/librobots__rosidl_typesupport_c.so\n'}
[1.310643] (robots) StdoutLine: {'line': b'-- Up-to-date: /home/user/celluleflexible_en_cours_ROS2/ros_ws/install/robots/include/robots/robots\n'}
[1.310662] (robots) StdoutLine: {'line': b'-- Up-to-date: /home/user/celluleflexible_en_cours_ROS2/ros_ws/install/robots/include/robots/robots/msg\n'}
[1.310681] (robots) StdoutLine: {'line': b'-- Up-to-date: /home/user/celluleflexible_en_cours_ROS2/ros_ws/install/robots/include/robots/robots/msg/detail\n'}
[1.310701] (robots) StdoutLine: {'line': b'-- Up-to-date: /home/user/celluleflexible_en_cours_ROS2/ros_ws/install/robots/include/robots/robots/msg/detail/faire_tache_msg__type_support.cpp\n'}
[1.310720] (robots) StdoutLine: {'line': b'-- Up-to-date: /home/user/celluleflexible_en_cours_ROS2/ros_ws/install/robots/include/robots/robots/msg/detail/msg_num_robot__type_support.cpp\n'}
[1.310743] (robots) StdoutLine: {'line': b'-- Up-to-date: /home/user/celluleflexible_en_cours_ROS2/ros_ws/install/robots/include/robots/robots/msg/detail/move_robot__rosidl_typesupport_introspection_cpp.hpp\n'}
[1.310786] (robots) StdoutLine: {'line': b'-- Up-to-date: /home/user/celluleflexible_en_cours_ROS2/ros_ws/install/robots/include/robots/robots/msg/detail/msg_num_robot__rosidl_typesupport_introspection_cpp.hpp\n'}
[1.310812] (robots) StdoutLine: {'line': b'-- Up-to-date: /home/user/celluleflexible_en_cours_ROS2/ros_ws/install/robots/include/robots/robots/msg/detail/faire_tache_msg__rosidl_typesupport_introspection_cpp.hpp\n'}
[1.310835] (robots) StdoutLine: {'line': b'-- Up-to-date: /home/user/celluleflexible_en_cours_ROS2/ros_ws/install/robots/include/robots/robots/msg/detail/move_robot__type_support.cpp\n'}
[1.310857] (robots) StdoutLine: {'line': b'-- Up-to-date: /home/user/celluleflexible_en_cours_ROS2/ros_ws/install/robots/lib/librobots__rosidl_typesupport_introspection_cpp.so\n'}
[1.310878] (robots) StdoutLine: {'line': b'-- Up-to-date: /home/user/celluleflexible_en_cours_ROS2/ros_ws/install/robots/lib/librobots__rosidl_typesupport_cpp.so\n'}
[1.310899] (robots) StdoutLine: {'line': b'-- Up-to-date: /home/user/celluleflexible_en_cours_ROS2/ros_ws/install/robots/share/robots/environment/pythonpath.sh\n'}
[1.310920] (robots) StdoutLine: {'line': b'-- Up-to-date: /home/user/celluleflexible_en_cours_ROS2/ros_ws/install/robots/share/robots/environment/pythonpath.dsv\n'}
[1.310941] (robots) StdoutLine: {'line': b'-- Up-to-date: /home/user/celluleflexible_en_cours_ROS2/ros_ws/install/robots/lib/python3.12/site-packages/robots-3.1.2-py3.12.egg-info\n'}
[1.310962] (robots) StdoutLine: {'line': b'-- Installing: /home/user/celluleflexible_en_cours_ROS2/ros_ws/install/robots/lib/python3.12/site-packages/robots-3.1.2-py3.12.egg-info/SOURCES.txt\n'}
[1.310983] (robots) StdoutLine: {'line': b'-- Installing: /home/user/celluleflexible_en_cours_ROS2/ros_ws/install/robots/lib/python3.12/site-packages/robots-3.1.2-py3.12.egg-info/top_level.txt\n'}
[1.311004] (robots) StdoutLine: {'line': b'-- Installing: /home/user/celluleflexible_en_cours_ROS2/ros_ws/install/robots/lib/python3.12/site-packages/robots-3.1.2-py3.12.egg-info/PKG-INFO\n'}
[1.311024] (robots) StdoutLine: {'line': b'-- Installing: /home/user/celluleflexible_en_cours_ROS2/ros_ws/install/robots/lib/python3.12/site-packages/robots-3.1.2-py3.12.egg-info/dependency_links.txt\n'}
[1.311045] (robots) StdoutLine: {'line': b'-- Up-to-date: /home/user/celluleflexible_en_cours_ROS2/ros_ws/install/robots/lib/python3.12/site-packages/robots\n'}
[1.311067] (robots) StdoutLine: {'line': b'-- Up-to-date: /home/user/celluleflexible_en_cours_ROS2/ros_ws/install/robots/lib/python3.12/site-packages/robots/robots_s__rosidl_typesupport_c.so\n'}
[1.311087] (robots) StdoutLine: {'line': b'-- Up-to-date: /home/user/celluleflexible_en_cours_ROS2/ros_ws/install/robots/lib/python3.12/site-packages/robots/_robots_s.ep.rosidl_typesupport_c.c\n'}
[1.311109] (robots) StdoutLine: {'line': b'-- Up-to-date: /home/user/celluleflexible_en_cours_ROS2/ros_ws/install/robots/lib/python3.12/site-packages/robots/msg\n'}
[1.311129] (robots) StdoutLine: {'line': b'-- Up-to-date: /home/user/celluleflexible_en_cours_ROS2/ros_ws/install/robots/lib/python3.12/site-packages/robots/msg/_move_robot_s.c\n'}
[1.311150] (robots) StdoutLine: {'line': b'-- Up-to-date: /home/user/celluleflexible_en_cours_ROS2/ros_ws/install/robots/lib/python3.12/site-packages/robots/msg/_move_robot.py\n'}
[1.311169] (robots) StdoutLine: {'line': b'-- Up-to-date: /home/user/celluleflexible_en_cours_ROS2/ros_ws/install/robots/lib/python3.12/site-packages/robots/msg/_msg_num_robot.py\n'}
[1.311188] (robots) StdoutLine: {'line': b'-- Up-to-date: /home/user/celluleflexible_en_cours_ROS2/ros_ws/install/robots/lib/python3.12/site-packages/robots/msg/__init__.py\n'}
[1.311207] (robots) StdoutLine: {'line': b'-- Up-to-date: /home/user/celluleflexible_en_cours_ROS2/ros_ws/install/robots/lib/python3.12/site-packages/robots/msg/_msg_num_robot_s.c\n'}
[1.311227] (robots) StdoutLine: {'line': b'-- Up-to-date: /home/user/celluleflexible_en_cours_ROS2/ros_ws/install/robots/lib/python3.12/site-packages/robots/msg/_faire_tache_msg_s.c\n'}
[1.311246] (robots) StdoutLine: {'line': b'-- Up-to-date: /home/user/celluleflexible_en_cours_ROS2/ros_ws/install/robots/lib/python3.12/site-packages/robots/msg/_faire_tache_msg.py\n'}
[1.311265] (robots) StdoutLine: {'line': b'-- Up-to-date: /home/user/celluleflexible_en_cours_ROS2/ros_ws/install/robots/lib/python3.12/site-packages/robots/__init__.py\n'}
[1.311285] (robots) StdoutLine: {'line': b'-- Up-to-date: /home/user/celluleflexible_en_cours_ROS2/ros_ws/install/robots/lib/python3.12/site-packages/robots/robots_s__rosidl_typesupport_introspection_c.so\n'}
[1.311304] (robots) StdoutLine: {'line': b'-- Up-to-date: /home/user/celluleflexible_en_cours_ROS2/ros_ws/install/robots/lib/python3.12/site-packages/robots/_robots_s.ep.rosidl_typesupport_introspection_c.c\n'}
[1.311324] (robots) StdoutLine: {'line': b'-- Up-to-date: /home/user/celluleflexible_en_cours_ROS2/ros_ws/install/robots/lib/python3.12/site-packages/robots/_robots_s.ep.rosidl_typesupport_fastrtps_c.c\n'}
[1.311345] (robots) StdoutLine: {'line': b'-- Up-to-date: /home/user/celluleflexible_en_cours_ROS2/ros_ws/install/robots/lib/python3.12/site-packages/robots/robots_s__rosidl_typesupport_fastrtps_c.so\n'}
[1.323018] (-) TimerEvent: {}
[1.336700] (robots) StdoutLine: {'line': b"Listing '/home/user/celluleflexible_en_cours_ROS2/ros_ws/install/robots/lib/python3.12/site-packages/robots'...\n"}
[1.336821] (robots) StdoutLine: {'line': b"Listing '/home/user/celluleflexible_en_cours_ROS2/ros_ws/install/robots/lib/python3.12/site-packages/robots/msg'...\n"}
[1.340110] (robots) StdoutLine: {'line': b'-- Up-to-date: /home/user/celluleflexible_en_cours_ROS2/ros_ws/install/robots/lib/python3.12/site-packages/robots/robots_s__rosidl_typesupport_fastrtps_c.so\n'}
[1.340351] (robots) StdoutLine: {'line': b'-- Up-to-date: /home/user/celluleflexible_en_cours_ROS2/ros_ws/install/robots/lib/python3.12/site-packages/robots/robots_s__rosidl_typesupport_introspection_c.so\n'}
[1.340476] (robots) StdoutLine: {'line': b'-- Up-to-date: /home/user/celluleflexible_en_cours_ROS2/ros_ws/install/robots/lib/python3.12/site-packages/robots/robots_s__rosidl_typesupport_c.so\n'}
[1.340756] (robots) StdoutLine: {'line': b'-- Up-to-date: /home/user/celluleflexible_en_cours_ROS2/ros_ws/install/robots/lib/librobots__rosidl_generator_py.so\n'}
[1.340884] (robots) StdoutLine: {'line': b'-- Up-to-date: /home/user/celluleflexible_en_cours_ROS2/ros_ws/install/robots/share/robots/msg/MoveRobot.idl\n'}
[1.340928] (robots) StdoutLine: {'line': b'-- Up-to-date: /home/user/celluleflexible_en_cours_ROS2/ros_ws/install/robots/share/robots/msg/FaireTacheMsg.idl\n'}
[1.340958] (robots) StdoutLine: {'line': b'-- Up-to-date: /home/user/celluleflexible_en_cours_ROS2/ros_ws/install/robots/share/robots/msg/MsgNumRobot.idl\n'}
[1.340984] (robots) StdoutLine: {'line': b'-- Up-to-date: /home/user/celluleflexible_en_cours_ROS2/ros_ws/install/robots/share/robots/msg/MoveRobot.msg\n'}
[1.341478] (robots) StdoutLine: {'line': b'-- Up-to-date: /home/user/celluleflexible_en_cours_ROS2/ros_ws/install/robots/share/robots/msg/FaireTacheMsg.msg\n'}
[1.341566] (robots) StdoutLine: {'line': b'-- Up-to-date: /home/user/celluleflexible_en_cours_ROS2/ros_ws/install/robots/share/robots/msg/MsgNumRobot.msg\n'}
[1.341602] (robots) StdoutLine: {'line': b'-- Up-to-date: /home/user/celluleflexible_en_cours_ROS2/ros_ws/install/robots/lib/robots/robot\n'}
[1.341631] (robots) StdoutLine: {'line': b'-- Up-to-date: /home/user/celluleflexible_en_cours_ROS2/ros_ws/install/robots/share/robots\n'}
[1.341655] (robots) StdoutLine: {'line': b'-- Up-to-date: /home/user/celluleflexible_en_cours_ROS2/ros_ws/install/robots/share/robots/robotsGauche.launch.py\n'}
[1.341680] (robots) StdoutLine: {'line': b'-- Up-to-date: /home/user/celluleflexible_en_cours_ROS2/ros_ws/install/robots/share/ament_index/resource_index/package_run_dependencies/robots\n'}
[1.341784] (robots) StdoutLine: {'line': b'-- Up-to-date: /home/user/celluleflexible_en_cours_ROS2/ros_ws/install/robots/share/ament_index/resource_index/parent_prefix_path/robots\n'}
[1.341832] (robots) StdoutLine: {'line': b'-- Up-to-date: /home/user/celluleflexible_en_cours_ROS2/ros_ws/install/robots/share/robots/environment/ament_prefix_path.sh\n'}
[1.341937] (robots) StdoutLine: {'line': b'-- Up-to-date: /home/user/celluleflexible_en_cours_ROS2/ros_ws/install/robots/share/robots/environment/ament_prefix_path.dsv\n'}
[1.341968] (robots) StdoutLine: {'line': b'-- Up-to-date: /home/user/celluleflexible_en_cours_ROS2/ros_ws/install/robots/share/robots/environment/path.sh\n'}
[1.341994] (robots) StdoutLine: {'line': b'-- Up-to-date: /home/user/celluleflexible_en_cours_ROS2/ros_ws/install/robots/share/robots/environment/path.dsv\n'}
[1.342022] (robots) StdoutLine: {'line': b'-- Up-to-date: /home/user/celluleflexible_en_cours_ROS2/ros_ws/install/robots/share/robots/local_setup.bash\n'}
[1.342182] (robots) StdoutLine: {'line': b'-- Up-to-date: /home/user/celluleflexible_en_cours_ROS2/ros_ws/install/robots/share/robots/local_setup.sh\n'}
[1.342354] (robots) StdoutLine: {'line': b'-- Up-to-date: /home/user/celluleflexible_en_cours_ROS2/ros_ws/install/robots/share/robots/local_setup.zsh\n'}
[1.342399] (robots) StdoutLine: {'line': b'-- Up-to-date: /home/user/celluleflexible_en_cours_ROS2/ros_ws/install/robots/share/robots/local_setup.dsv\n'}
[1.342429] (robots) StdoutLine: {'line': b'-- Installing: /home/user/celluleflexible_en_cours_ROS2/ros_ws/install/robots/share/robots/package.dsv\n'}
[1.342455] (robots) StdoutLine: {'line': b'-- Up-to-date: /home/user/celluleflexible_en_cours_ROS2/ros_ws/install/robots/share/ament_index/resource_index/packages/robots\n'}
[1.342479] (robots) StdoutLine: {'line': b'-- Up-to-date: /home/user/celluleflexible_en_cours_ROS2/ros_ws/install/robots/share/robots/cmake/export_robots__rosidl_generator_cExport.cmake\n'}
[1.342503] (robots) StdoutLine: {'line': b'-- Up-to-date: /home/user/celluleflexible_en_cours_ROS2/ros_ws/install/robots/share/robots/cmake/export_robots__rosidl_generator_cExport-noconfig.cmake\n'}
[1.342526] (robots) StdoutLine: {'line': b'-- Up-to-date: /home/user/celluleflexible_en_cours_ROS2/ros_ws/install/robots/share/robots/cmake/export_robots__rosidl_typesupport_fastrtps_cExport.cmake\n'}
[1.342549] (robots) StdoutLine: {'line': b'-- Up-to-date: /home/user/celluleflexible_en_cours_ROS2/ros_ws/install/robots/share/robots/cmake/export_robots__rosidl_typesupport_fastrtps_cExport-noconfig.cmake\n'}
[1.342571] (robots) StdoutLine: {'line': b'-- Up-to-date: /home/user/celluleflexible_en_cours_ROS2/ros_ws/install/robots/share/robots/cmake/export_robots__rosidl_generator_cppExport.cmake\n'}
[1.342598] (robots) StdoutLine: {'line': b'-- Up-to-date: /home/user/celluleflexible_en_cours_ROS2/ros_ws/install/robots/share/robots/cmake/export_robots__rosidl_typesupport_fastrtps_cppExport.cmake\n'}
[1.342629] (robots) StdoutLine: {'line': b'-- Up-to-date: /home/user/celluleflexible_en_cours_ROS2/ros_ws/install/robots/share/robots/cmake/export_robots__rosidl_typesupport_fastrtps_cppExport-noconfig.cmake\n'}
[1.342651] (robots) StdoutLine: {'line': b'-- Up-to-date: /home/user/celluleflexible_en_cours_ROS2/ros_ws/install/robots/share/robots/cmake/robots__rosidl_typesupport_introspection_cExport.cmake\n'}
[1.342672] (robots) StdoutLine: {'line': b'-- Up-to-date: /home/user/celluleflexible_en_cours_ROS2/ros_ws/install/robots/share/robots/cmake/robots__rosidl_typesupport_introspection_cExport-noconfig.cmake\n'}
[1.342692] (robots) StdoutLine: {'line': b'-- Up-to-date: /home/user/celluleflexible_en_cours_ROS2/ros_ws/install/robots/share/robots/cmake/robots__rosidl_typesupport_cExport.cmake\n'}
[1.342713] (robots) StdoutLine: {'line': b'-- Up-to-date: /home/user/celluleflexible_en_cours_ROS2/ros_ws/install/robots/share/robots/cmake/robots__rosidl_typesupport_cExport-noconfig.cmake\n'}
[1.342733] (robots) StdoutLine: {'line': b'-- Up-to-date: /home/user/celluleflexible_en_cours_ROS2/ros_ws/install/robots/share/robots/cmake/robots__rosidl_typesupport_introspection_cppExport.cmake\n'}
[1.342754] (robots) StdoutLine: {'line': b'-- Up-to-date: /home/user/celluleflexible_en_cours_ROS2/ros_ws/install/robots/share/robots/cmake/robots__rosidl_typesupport_introspection_cppExport-noconfig.cmake\n'}
[1.342774] (robots) StdoutLine: {'line': b'-- Up-to-date: /home/user/celluleflexible_en_cours_ROS2/ros_ws/install/robots/share/robots/cmake/robots__rosidl_typesupport_cppExport.cmake\n'}
[1.342795] (robots) StdoutLine: {'line': b'-- Up-to-date: /home/user/celluleflexible_en_cours_ROS2/ros_ws/install/robots/share/robots/cmake/robots__rosidl_typesupport_cppExport-noconfig.cmake\n'}
[1.342815] (robots) StdoutLine: {'line': b'-- Up-to-date: /home/user/celluleflexible_en_cours_ROS2/ros_ws/install/robots/share/robots/cmake/export_robots__rosidl_generator_pyExport.cmake\n'}
[1.342836] (robots) StdoutLine: {'line': b'-- Up-to-date: /home/user/celluleflexible_en_cours_ROS2/ros_ws/install/robots/share/robots/cmake/export_robots__rosidl_generator_pyExport-noconfig.cmake\n'}
[1.342856] (robots) StdoutLine: {'line': b'-- Up-to-date: /home/user/celluleflexible_en_cours_ROS2/ros_ws/install/robots/share/robots/cmake/rosidl_cmake-extras.cmake\n'}
[1.342879] (robots) StdoutLine: {'line': b'-- Up-to-date: /home/user/celluleflexible_en_cours_ROS2/ros_ws/install/robots/share/robots/cmake/ament_cmake_export_dependencies-extras.cmake\n'}
[1.342900] (robots) StdoutLine: {'line': b'-- Up-to-date: /home/user/celluleflexible_en_cours_ROS2/ros_ws/install/robots/share/robots/cmake/ament_cmake_export_include_directories-extras.cmake\n'}
[1.342920] (robots) StdoutLine: {'line': b'-- Up-to-date: /home/user/celluleflexible_en_cours_ROS2/ros_ws/install/robots/share/robots/cmake/ament_cmake_export_libraries-extras.cmake\n'}
[1.342940] (robots) StdoutLine: {'line': b'-- Up-to-date: /home/user/celluleflexible_en_cours_ROS2/ros_ws/install/robots/share/robots/cmake/ament_cmake_export_targets-extras.cmake\n'}
[1.342961] (robots) StdoutLine: {'line': b'-- Up-to-date: /home/user/celluleflexible_en_cours_ROS2/ros_ws/install/robots/share/robots/cmake/rosidl_cmake_export_typesupport_targets-extras.cmake\n'}
[1.342980] (robots) StdoutLine: {'line': b'-- Up-to-date: /home/user/celluleflexible_en_cours_ROS2/ros_ws/install/robots/share/robots/cmake/rosidl_cmake_export_typesupport_libraries-extras.cmake\n'}
[1.343000] (robots) StdoutLine: {'line': b'-- Up-to-date: /home/user/celluleflexible_en_cours_ROS2/ros_ws/install/robots/share/robots/cmake/robotsConfig.cmake\n'}
[1.343398] (robots) StdoutLine: {'line': b'-- Up-to-date: /home/user/celluleflexible_en_cours_ROS2/ros_ws/install/robots/share/robots/cmake/robotsConfig-version.cmake\n'}
[1.343452] (robots) StdoutLine: {'line': b'-- Up-to-date: /home/user/celluleflexible_en_cours_ROS2/ros_ws/install/robots/share/robots/package.xml\n'}
[1.344959] (robots) CommandEnded: {'returncode': 0}
[1.360322] (robots) JobEnded: {'identifier': 'robots', 'rc': 0}
[1.365902] (-) EventReactorShutdown: {}
