[0.000000] (-) TimerEvent: {}
[0.000943] (aiguillages) JobQueued: {'identifier': 'aiguillages', 'dependencies': OrderedDict()}
[0.000966] (commande_locale) JobQueued: {'identifier': 'commande_locale', 'dependencies': OrderedDict({'aiguillages': '/home/user/celluleflexible/ros_ws/install/aiguillages'})}
[0.000978] (aiguillages) JobStarted: {'identifier': 'aiguillages'}
[0.008647] (aiguillages) JobProgress: {'identifier': 'aiguillages', 'progress': 'cmake'}
[0.010040] (aiguillages) Command: {'cmd': ['/usr/bin/cmake', '/home/user/celluleflexible/ros_ws/src/aiguillages', '-DCMAKE_INSTALL_PREFIX=/home/user/celluleflexible/ros_ws/install/aiguillages'], 'cwd': '/home/user/celluleflexible/ros_ws/build/aiguillages', 'env': OrderedDict({'LESSOPEN': '| /usr/bin/lesspipe %s', 'USER': 'user', 'XDG_SESSION_TYPE': 'wayland', 'SHLVL': '1', 'LD_LIBRARY_PATH': '/opt/ros/jazzy/opt/rviz_ogre_vendor/lib:/opt/ros/jazzy/lib/x86_64-linux-gnu:/opt/ros/jazzy/opt/gz_math_vendor/lib:/opt/ros/jazzy/opt/gz_utils_vendor/lib:/opt/ros/jazzy/opt/gz_cmake_vendor/lib:/opt/ros/jazzy/lib', 'HOME': '/home/user', 'DESKTOP_SESSION': 'ubuntu', 'ROS_PYTHON_VERSION': '3', 'GNOME_SHELL_SESSION_MODE': 'ubuntu', 'GTK_MODULES': 'gail:atk-bridge', 'DBUS_STARTER_BUS_TYPE': 'session', 'SYSTEMD_EXEC_PID': '2235', 'GSM_SKIP_SSH_AGENT_WORKAROUND': 'true', 'DBUS_SESSION_BUS_ADDRESS': 'unix:path=/run/user/1000/bus,guid=64ae93b45aaa44cc537f8918698b2ccd', 'COLORTERM': 'truecolor', 'DEBUGINFOD_URLS': 'https://debuginfod.ubuntu.com', 'IM_CONFIG_PHASE': '1', 'WAYLAND_DISPLAY': 'wayland-0', 'ROS_DISTRO': 'jazzy', 'LOGNAME': 'user', '_': '/usr/bin/colcon', 'ROS_VERSION': '2', 'MEMORY_PRESSURE_WATCH': '/sys/fs/cgroup/user.slice/user-1000.slice/user@1000.service/app.slice/app-gnome\\x2dsession\\x2dmanager.slice/gnome-session-manager@ubuntu.service/memory.pressure', 'XDG_SESSION_CLASS': 'user', 'USERNAME': 'user', 'TERM': 'xterm-256color', 'GNOME_DESKTOP_SESSION_ID': 'this-is-deprecated', 'PATH': '/opt/ros/jazzy/bin:/usr/local/sbin:/usr/local/bin:/usr/sbin:/usr/bin:/sbin:/bin:/usr/games:/usr/local/games:/snap/bin:/snap/bin', 'SESSION_MANAGER': 'local/Ubuntu:@/tmp/.ICE-unix/2235,unix/Ubuntu:/tmp/.ICE-unix/2235', 'XDG_MENU_PREFIX': 'gnome-', 'GNOME_TERMINAL_SCREEN': '/org/gnome/Terminal/screen/0033d02d_7488_4db9_b7a1_9c2679603dae', 'GNOME_SETUP_DISPLAY': ':1', 'XDG_RUNTIME_DIR': '/run/user/1000', 'DISPLAY': ':0', 'LANG': 'en_US.UTF-8', 'XDG_CURRENT_DESKTOP': 'ubuntu:GNOME', 'XMODIFIERS': '@im=ibus', 'XDG_SESSION_DESKTOP': 'ubuntu', 'XAUTHORITY': '/run/user/1000/.mutter-Xwaylandauth.GUV6J3', 'LS_COLORS': 'rs=0:di=01;34:ln=01;36:mh=00:pi=40;33:so=01;35:do=01;35:bd=40;33;01:cd=40;33;01:or=40;31;01:mi=00:su=37;41:sg=30;43:ca=00:tw=30;42:ow=34;42:st=37;44:ex=01;32:*.tar=01;31:*.tgz=01;31:*.arc=01;31:*.arj=01;31:*.taz=01;31:*.lha=01;31:*.lz4=01;31:*.lzh=01;31:*.lzma=01;31:*.tlz=01;31:*.txz=01;31:*.tzo=01;31:*.t7z=01;31:*.zip=01;31:*.z=01;31:*.dz=01;31:*.gz=01;31:*.lrz=01;31:*.lz=01;31:*.lzo=01;31:*.xz=01;31:*.zst=01;31:*.tzst=01;31:*.bz2=01;31:*.bz=01;31:*.tbz=01;31:*.tbz2=01;31:*.tz=01;31:*.deb=01;31:*.rpm=01;31:*.jar=01;31:*.war=01;31:*.ear=01;31:*.sar=01;31:*.rar=01;31:*.alz=01;31:*.ace=01;31:*.zoo=01;31:*.cpio=01;31:*.7z=01;31:*.rz=01;31:*.cab=01;31:*.wim=01;31:*.swm=01;31:*.dwm=01;31:*.esd=01;31:*.avif=01;35:*.jpg=01;35:*.jpeg=01;35:*.mjpg=01;35:*.mjpeg=01;35:*.gif=01;35:*.bmp=01;35:*.pbm=01;35:*.pgm=01;35:*.ppm=01;35:*.tga=01;35:*.xbm=01;35:*.xpm=01;35:*.tif=01;35:*.tiff=01;35:*.png=01;35:*.svg=01;35:*.svgz=01;35:*.mng=01;35:*.pcx=01;35:*.mov=01;35:*.mpg=01;35:*.mpeg=01;35:*.m2v=01;35:*.mkv=01;35:*.webm=01;35:*.webp=01;35:*.ogm=01;35:*.mp4=01;35:*.m4v=01;35:*.mp4v=01;35:*.vob=01;35:*.qt=01;35:*.nuv=01;35:*.wmv=01;35:*.asf=01;35:*.rm=01;35:*.rmvb=01;35:*.flc=01;35:*.avi=01;35:*.fli=01;35:*.flv=01;35:*.gl=01;35:*.dl=01;35:*.xcf=01;35:*.xwd=01;35:*.yuv=01;35:*.cgm=01;35:*.emf=01;35:*.ogv=01;35:*.ogx=01;35:*.aac=00;36:*.au=00;36:*.flac=00;36:*.m4a=00;36:*.mid=00;36:*.midi=00;36:*.mka=00;36:*.mp3=00;36:*.mpc=00;36:*.ogg=00;36:*.ra=00;36:*.wav=00;36:*.oga=00;36:*.opus=00;36:*.spx=00;36:*.xspf=00;36:*~=00;90:*#=00;90:*.bak=00;90:*.crdownload=00;90:*.dpkg-dist=00;90:*.dpkg-new=00;90:*.dpkg-old=00;90:*.dpkg-tmp=00;90:*.old=00;90:*.orig=00;90:*.part=00;90:*.rej=00;90:*.rpmnew=00;90:*.rpmorig=00;90:*.rpmsave=00;90:*.swp=00;90:*.tmp=00;90:*.ucf-dist=00;90:*.ucf-new=00;90:*.ucf-old=00;90:', 'GNOME_TERMINAL_SERVICE': ':1.513', 'SSH_AUTH_SOCK': '/run/user/1000/keyring/ssh', 'AMENT_PREFIX_PATH': '/opt/ros/jazzy', 'SHELL': '/bin/bash', 'QT_ACCESSIBILITY': '1', 'GDMSESSION': 'ubuntu', 'LESSCLOSE': '/usr/bin/lesspipe %s %s', 'ROS_AUTOMATIC_DISCOVERY_RANGE': 'SUBNET', 'QT_IM_MODULE': 'ibus', 'PWD': '/home/user/celluleflexible/ros_ws/build/aiguillages', 'LC_ALL': 'en_US.UTF-8', 'XDG_CONFIG_DIRS': '/etc/xdg/xdg-ubuntu:/etc/xdg', 'DBUS_STARTER_ADDRESS': 'unix:path=/run/user/1000/bus,guid=64ae93b45aaa44cc537f8918698b2ccd', 'XDG_DATA_DIRS': '/usr/share/ubuntu:/usr/share/gnome:/usr/local/share/:/usr/share/:/var/lib/snapd/desktop', 'PYTHONPATH': '/opt/ros/jazzy/lib/python3.12/site-packages', 'COLCON': '1', 'MEMORY_PRESSURE_WRITE': 'c29tZSAyMDAwMDAgMjAwMDAwMAA=', 'VTE_VERSION': '7600', 'CMAKE_PREFIX_PATH': '/opt/ros/jazzy/opt/gz_math_vendor:/opt/ros/jazzy/opt/gz_utils_vendor:/opt/ros/jazzy/opt/gz_cmake_vendor:/opt/ros/jazzy'}), 'shell': False}
[0.069727] (aiguillages) StdoutLine: {'line': b'-- The C compiler identification is GNU 13.3.0\n'}
[0.100492] (-) TimerEvent: {}
[0.118690] (aiguillages) StdoutLine: {'line': b'-- The CXX compiler identification is GNU 13.3.0\n'}
[0.136605] (aiguillages) StdoutLine: {'line': b'-- Detecting C compiler ABI info\n'}
[0.203027] (-) TimerEvent: {}
[0.223466] (aiguillages) StdoutLine: {'line': b'-- Detecting C compiler ABI info - done\n'}
[0.228527] (aiguillages) StdoutLine: {'line': b'-- Check for working C compiler: /usr/bin/cc - skipped\n'}
[0.228841] (aiguillages) StdoutLine: {'line': b'-- Detecting C compile features\n'}
[0.229084] (aiguillages) StdoutLine: {'line': b'-- Detecting C compile features - done\n'}
[0.239330] (aiguillages) StdoutLine: {'line': b'-- Detecting CXX compiler ABI info\n'}
[0.303936] (-) TimerEvent: {}
[0.325528] (aiguillages) StdoutLine: {'line': b'-- Detecting CXX compiler ABI info - done\n'}
[0.331495] (aiguillages) StdoutLine: {'line': b'-- Check for working CXX compiler: /usr/bin/c++ - skipped\n'}
[0.331747] (aiguillages) StdoutLine: {'line': b'-- Detecting CXX compile features\n'}
[0.332122] (aiguillages) StdoutLine: {'line': b'-- Detecting CXX compile features - done\n'}
[0.333393] (aiguillages) StdoutLine: {'line': b'-- Found ament_cmake: 2.5.5 (/opt/ros/jazzy/share/ament_cmake/cmake)\n'}
[0.404905] (-) TimerEvent: {}
[0.433856] (aiguillages) StdoutLine: {'line': b'-- Found Python3: /usr/bin/python3 (found version "3.12.3") found components: Interpreter \n'}
[0.496320] (aiguillages) StdoutLine: {'line': b'-- Found rclcpp: 28.1.16 (/opt/ros/jazzy/share/rclcpp/cmake)\n'}
[0.504966] (-) TimerEvent: {}
[0.518460] (aiguillages) StdoutLine: {'line': b'-- Found rosidl_generator_c: 4.6.7 (/opt/ros/jazzy/share/rosidl_generator_c/cmake)\n'}
[0.526131] (aiguillages) StdoutLine: {'line': b'-- Found rosidl_generator_cpp: 4.6.7 (/opt/ros/jazzy/share/rosidl_generator_cpp/cmake)\n'}
[0.534216] (aiguillages) StdoutLine: {'line': b'-- Using all available rosidl_typesupport_c: rosidl_typesupport_fastrtps_c;rosidl_typesupport_introspection_c\n'}
[0.543180] (aiguillages) StdoutLine: {'line': b'-- Using all available rosidl_typesupport_cpp: rosidl_typesupport_fastrtps_cpp;rosidl_typesupport_introspection_cpp\n'}
[0.586035] (aiguillages) StdoutLine: {'line': b'-- Found rmw_implementation_cmake: 7.3.3 (/opt/ros/jazzy/share/rmw_implementation_cmake/cmake)\n'}
[0.587402] (aiguillages) StdoutLine: {'line': b'-- Found rmw_fastrtps_cpp: 8.4.3 (/opt/ros/jazzy/share/rmw_fastrtps_cpp/cmake)\n'}
[0.605975] (-) TimerEvent: {}
[0.656478] (aiguillages) StdoutLine: {'line': b'-- Found OpenSSL: /usr/lib/x86_64-linux-gnu/libcrypto.so (found version "3.0.13")  \n'}
[0.672271] (aiguillages) StdoutLine: {'line': b'-- Found FastRTPS: /opt/ros/jazzy/include (Required is at least version "2.13") \n'}
[0.689007] (aiguillages) StdoutLine: {'line': b"-- Using RMW implementation 'rmw_fastrtps_cpp' as default\n"}
[0.715149] (-) TimerEvent: {}
[0.734848] (aiguillages) StdoutLine: {'line': b'-- Found std_msgs: 5.3.6 (/opt/ros/jazzy/share/std_msgs/cmake)\n'}
[0.740959] (aiguillages) StdoutLine: {'line': b'-- Found rosidl_default_generators: 1.6.0 (/opt/ros/jazzy/share/rosidl_default_generators/cmake)\n'}
[0.746917] (aiguillages) StdoutLine: {'line': b'-- Found rosidl_adapter: 4.6.7 (/opt/ros/jazzy/share/rosidl_adapter/cmake)\n'}
[0.753592] (aiguillages) StdoutLine: {'line': b'-- Found OpenCV: /usr (found version "4.6.0") \n'}
[0.822322] (-) TimerEvent: {}
[0.923207] (-) TimerEvent: {}
[1.025032] (-) TimerEvent: {}
[1.128891] (-) TimerEvent: {}
[1.168681] (aiguillages) StdoutLine: {'line': b'-- Found ament_cmake_ros: 0.12.0 (/opt/ros/jazzy/share/ament_cmake_ros/cmake)\n'}
[1.231051] (-) TimerEvent: {}
[1.332519] (-) TimerEvent: {}
[1.437432] (-) TimerEvent: {}
[1.544063] (-) TimerEvent: {}
[1.672089] (-) TimerEvent: {}
[1.705061] (aiguillages) StdoutLine: {'line': b'-- Using all available rosidl_typesupport_c: rosidl_typesupport_fastrtps_c;rosidl_typesupport_introspection_c\n'}
[1.778994] (-) TimerEvent: {}
[1.881975] (-) TimerEvent: {}
[1.899212] (aiguillages) StdoutLine: {'line': b'-- Using all available rosidl_typesupport_cpp: rosidl_typesupport_fastrtps_cpp;rosidl_typesupport_introspection_cpp\n'}
[1.900281] (aiguillages) StdoutLine: {'line': b'-- Found python_cmake_module: 0.11.1 (/opt/ros/jazzy/share/python_cmake_module/cmake)\n'}
[1.982562] (-) TimerEvent: {}
[1.995493] (aiguillages) StdoutLine: {'line': b'-- Found PythonExtra: /usr/bin/python3  \n'}
[2.087020] (-) TimerEvent: {}
[2.191010] (-) TimerEvent: {}
[2.281580] (aiguillages) StdoutLine: {'line': b'-- Found Python3: /usr/bin/python3 (found version "3.12.3") found components: Interpreter Development NumPy Development.Module Development.Embed \n'}
[2.291406] (-) TimerEvent: {}
[2.316186] (aiguillages) StdoutLine: {'line': b'-- Configuring done (2.3s)\n'}
[2.343630] (aiguillages) StdoutLine: {'line': b'-- Generating done (0.0s)\n'}
[2.350108] (aiguillages) StdoutLine: {'line': b'-- Build files have been written to: /home/user/celluleflexible/ros_ws/build/aiguillages\n'}
[2.361539] (aiguillages) CommandEnded: {'returncode': 0}
[2.362825] (aiguillages) JobProgress: {'identifier': 'aiguillages', 'progress': 'build'}
[2.362847] (aiguillages) Command: {'cmd': ['/usr/bin/cmake', '--build', '/home/user/celluleflexible/ros_ws/build/aiguillages', '--', '-j8', '-l8'], 'cwd': '/home/user/celluleflexible/ros_ws/build/aiguillages', 'env': OrderedDict({'LESSOPEN': '| /usr/bin/lesspipe %s', 'USER': 'user', 'XDG_SESSION_TYPE': 'wayland', 'SHLVL': '1', 'LD_LIBRARY_PATH': '/opt/ros/jazzy/opt/rviz_ogre_vendor/lib:/opt/ros/jazzy/lib/x86_64-linux-gnu:/opt/ros/jazzy/opt/gz_math_vendor/lib:/opt/ros/jazzy/opt/gz_utils_vendor/lib:/opt/ros/jazzy/opt/gz_cmake_vendor/lib:/opt/ros/jazzy/lib', 'HOME': '/home/user', 'DESKTOP_SESSION': 'ubuntu', 'ROS_PYTHON_VERSION': '3', 'GNOME_SHELL_SESSION_MODE': 'ubuntu', 'GTK_MODULES': 'gail:atk-bridge', 'DBUS_STARTER_BUS_TYPE': 'session', 'SYSTEMD_EXEC_PID': '2235', 'GSM_SKIP_SSH_AGENT_WORKAROUND': 'true', 'DBUS_SESSION_BUS_ADDRESS': 'unix:path=/run/user/1000/bus,guid=64ae93b45aaa44cc537f8918698b2ccd', 'COLORTERM': 'truecolor', 'DEBUGINFOD_URLS': 'https://debuginfod.ubuntu.com', 'IM_CONFIG_PHASE': '1', 'WAYLAND_DISPLAY': 'wayland-0', 'ROS_DISTRO': 'jazzy', 'LOGNAME': 'user', '_': '/usr/bin/colcon', 'ROS_VERSION': '2', 'MEMORY_PRESSURE_WATCH': '/sys/fs/cgroup/user.slice/user-1000.slice/user@1000.service/app.slice/app-gnome\\x2dsession\\x2dmanager.slice/gnome-session-manager@ubuntu.service/memory.pressure', 'XDG_SESSION_CLASS': 'user', 'USERNAME': 'user', 'TERM': 'xterm-256color', 'GNOME_DESKTOP_SESSION_ID': 'this-is-deprecated', 'PATH': '/opt/ros/jazzy/bin:/usr/local/sbin:/usr/local/bin:/usr/sbin:/usr/bin:/sbin:/bin:/usr/games:/usr/local/games:/snap/bin:/snap/bin', 'SESSION_MANAGER': 'local/Ubuntu:@/tmp/.ICE-unix/2235,unix/Ubuntu:/tmp/.ICE-unix/2235', 'XDG_MENU_PREFIX': 'gnome-', 'GNOME_TERMINAL_SCREEN': '/org/gnome/Terminal/screen/0033d02d_7488_4db9_b7a1_9c2679603dae', 'GNOME_SETUP_DISPLAY': ':1', 'XDG_RUNTIME_DIR': '/run/user/1000', 'DISPLAY': ':0', 'LANG': 'en_US.UTF-8', 'XDG_CURRENT_DESKTOP': 'ubuntu:GNOME', 'XMODIFIERS': '@im=ibus', 'XDG_SESSION_DESKTOP': 'ubuntu', 'XAUTHORITY': '/run/user/1000/.mutter-Xwaylandauth.GUV6J3', 'LS_COLORS': 'rs=0:di=01;34:ln=01;36:mh=00:pi=40;33:so=01;35:do=01;35:bd=40;33;01:cd=40;33;01:or=40;31;01:mi=00:su=37;41:sg=30;43:ca=00:tw=30;42:ow=34;42:st=37;44:ex=01;32:*.tar=01;31:*.tgz=01;31:*.arc=01;31:*.arj=01;31:*.taz=01;31:*.lha=01;31:*.lz4=01;31:*.lzh=01;31:*.lzma=01;31:*.tlz=01;31:*.txz=01;31:*.tzo=01;31:*.t7z=01;31:*.zip=01;31:*.z=01;31:*.dz=01;31:*.gz=01;31:*.lrz=01;31:*.lz=01;31:*.lzo=01;31:*.xz=01;31:*.zst=01;31:*.tzst=01;31:*.bz2=01;31:*.bz=01;31:*.tbz=01;31:*.tbz2=01;31:*.tz=01;31:*.deb=01;31:*.rpm=01;31:*.jar=01;31:*.war=01;31:*.ear=01;31:*.sar=01;31:*.rar=01;31:*.alz=01;31:*.ace=01;31:*.zoo=01;31:*.cpio=01;31:*.7z=01;31:*.rz=01;31:*.cab=01;31:*.wim=01;31:*.swm=01;31:*.dwm=01;31:*.esd=01;31:*.avif=01;35:*.jpg=01;35:*.jpeg=01;35:*.mjpg=01;35:*.mjpeg=01;35:*.gif=01;35:*.bmp=01;35:*.pbm=01;35:*.pgm=01;35:*.ppm=01;35:*.tga=01;35:*.xbm=01;35:*.xpm=01;35:*.tif=01;35:*.tiff=01;35:*.png=01;35:*.svg=01;35:*.svgz=01;35:*.mng=01;35:*.pcx=01;35:*.mov=01;35:*.mpg=01;35:*.mpeg=01;35:*.m2v=01;35:*.mkv=01;35:*.webm=01;35:*.webp=01;35:*.ogm=01;35:*.mp4=01;35:*.m4v=01;35:*.mp4v=01;35:*.vob=01;35:*.qt=01;35:*.nuv=01;35:*.wmv=01;35:*.asf=01;35:*.rm=01;35:*.rmvb=01;35:*.flc=01;35:*.avi=01;35:*.fli=01;35:*.flv=01;35:*.gl=01;35:*.dl=01;35:*.xcf=01;35:*.xwd=01;35:*.yuv=01;35:*.cgm=01;35:*.emf=01;35:*.ogv=01;35:*.ogx=01;35:*.aac=00;36:*.au=00;36:*.flac=00;36:*.m4a=00;36:*.mid=00;36:*.midi=00;36:*.mka=00;36:*.mp3=00;36:*.mpc=00;36:*.ogg=00;36:*.ra=00;36:*.wav=00;36:*.oga=00;36:*.opus=00;36:*.spx=00;36:*.xspf=00;36:*~=00;90:*#=00;90:*.bak=00;90:*.crdownload=00;90:*.dpkg-dist=00;90:*.dpkg-new=00;90:*.dpkg-old=00;90:*.dpkg-tmp=00;90:*.old=00;90:*.orig=00;90:*.part=00;90:*.rej=00;90:*.rpmnew=00;90:*.rpmorig=00;90:*.rpmsave=00;90:*.swp=00;90:*.tmp=00;90:*.ucf-dist=00;90:*.ucf-new=00;90:*.ucf-old=00;90:', 'GNOME_TERMINAL_SERVICE': ':1.513', 'SSH_AUTH_SOCK': '/run/user/1000/keyring/ssh', 'AMENT_PREFIX_PATH': '/opt/ros/jazzy', 'SHELL': '/bin/bash', 'QT_ACCESSIBILITY': '1', 'GDMSESSION': 'ubuntu', 'LESSCLOSE': '/usr/bin/lesspipe %s %s', 'ROS_AUTOMATIC_DISCOVERY_RANGE': 'SUBNET', 'QT_IM_MODULE': 'ibus', 'PWD': '/home/user/celluleflexible/ros_ws/build/aiguillages', 'LC_ALL': 'en_US.UTF-8', 'XDG_CONFIG_DIRS': '/etc/xdg/xdg-ubuntu:/etc/xdg', 'DBUS_STARTER_ADDRESS': 'unix:path=/run/user/1000/bus,guid=64ae93b45aaa44cc537f8918698b2ccd', 'XDG_DATA_DIRS': '/usr/share/ubuntu:/usr/share/gnome:/usr/local/share/:/usr/share/:/var/lib/snapd/desktop', 'PYTHONPATH': '/opt/ros/jazzy/lib/python3.12/site-packages', 'COLCON': '1', 'MEMORY_PRESSURE_WRITE': 'c29tZSAyMDAwMDAgMjAwMDAwMAA=', 'VTE_VERSION': '7600', 'CMAKE_PREFIX_PATH': '/opt/ros/jazzy/opt/gz_math_vendor:/opt/ros/jazzy/opt/gz_utils_vendor:/opt/ros/jazzy/opt/gz_cmake_vendor:/opt/ros/jazzy'}), 'shell': False}
[2.393126] (-) TimerEvent: {}
[2.412924] (aiguillages) StdoutLine: {'line': b'[  1%] \x1b[34m\x1b[1mGenerating type hashes for ROS interfaces\x1b[0m\n'}
[2.421006] (aiguillages) StdoutLine: {'line': b'[  1%] Built target ament_cmake_python_copy_aiguillages\n'}
[2.494015] (-) TimerEvent: {}
[2.554211] (aiguillages) StdoutLine: {'line': b'running egg_info\n'}
[2.555099] (aiguillages) StdoutLine: {'line': b'creating aiguillages.egg-info\n'}
[2.564106] (aiguillages) StdoutLine: {'line': b'writing aiguillages.egg-info/PKG-INFO\n'}
[2.565001] (aiguillages) StdoutLine: {'line': b'writing dependency_links to aiguillages.egg-info/dependency_links.txt\n'}
[2.565053] (aiguillages) StdoutLine: {'line': b'writing top-level names to aiguillages.egg-info/top_level.txt\n'}
[2.565082] (aiguillages) StdoutLine: {'line': b"writing manifest file 'aiguillages.egg-info/SOURCES.txt'\n"}
[2.586005] (aiguillages) StdoutLine: {'line': b'[  1%] Built target aiguillages__rosidl_generator_type_description\n'}
[2.595484] (-) TimerEvent: {}
[2.597600] (aiguillages) StdoutLine: {'line': b"reading manifest file 'aiguillages.egg-info/SOURCES.txt'\n"}
[2.598358] (aiguillages) StdoutLine: {'line': b'[  2%] \x1b[34m\x1b[1mGenerating C code for ROS interfaces\x1b[0m\n'}
[2.598597] (aiguillages) StdoutLine: {'line': b"writing manifest file 'aiguillages.egg-info/SOURCES.txt'\n"}
[2.611979] (aiguillages) StdoutLine: {'line': b'[  4%] \x1b[34m\x1b[1mGenerating C++ code for ROS interfaces\x1b[0m\n'}
[2.645877] (aiguillages) StdoutLine: {'line': b'[  4%] Built target ament_cmake_python_build_aiguillages_egg\n'}
[2.697028] (-) TimerEvent: {}
[2.810013] (-) TimerEvent: {}
[2.860720] (aiguillages) StdoutLine: {'line': b'[  4%] Built target aiguillages__cpp\n'}
[2.899056] (aiguillages) StdoutLine: {'line': b'[  5%] \x1b[32mBuilding C object CMakeFiles/aiguillages__rosidl_generator_c.dir/rosidl_generator_c/aiguillages/msg/detail/capteurs__description.c.o\x1b[0m\n'}
[2.905714] (aiguillages) StdoutLine: {'line': b'[  7%] \x1b[32mBuilding C object CMakeFiles/aiguillages__rosidl_generator_c.dir/rosidl_generator_c/aiguillages/msg/detail/capteurs__functions.c.o\x1b[0m\n'}
[2.905852] (aiguillages) StdoutLine: {'line': b'[  8%] \x1b[32mBuilding C object CMakeFiles/aiguillages__rosidl_generator_c.dir/rosidl_generator_c/aiguillages/msg/detail/capteurs__type_support.c.o\x1b[0m\n'}
[2.905887] (aiguillages) StdoutLine: {'line': b'[ 10%] \x1b[32mBuilding C object CMakeFiles/aiguillages__rosidl_generator_c.dir/rosidl_generator_c/aiguillages/msg/detail/actionneurs__functions.c.o\x1b[0m\n'}
[2.905917] (aiguillages) StdoutLine: {'line': b'[ 13%] \x1b[32mBuilding C object CMakeFiles/aiguillages__rosidl_generator_c.dir/rosidl_generator_c/aiguillages/msg/detail/actionneurs__type_support.c.o\x1b[0m\n'}
[2.905944] (aiguillages) StdoutLine: {'line': b'[ 13%] \x1b[32mBuilding C object CMakeFiles/aiguillages__rosidl_generator_c.dir/rosidl_generator_c/aiguillages/msg/detail/actionneurs__description.c.o\x1b[0m\n'}
[2.907440] (aiguillages) StdoutLine: {'line': b'[ 14%] \x1b[32mBuilding C object CMakeFiles/aiguillages__rosidl_generator_c.dir/rosidl_generator_c/aiguillages/msg/detail/exchange_sh__description.c.o\x1b[0m\n'}
[2.912810] (-) TimerEvent: {}
[2.931128] (aiguillages) StdoutLine: {'line': b'[ 16%] \x1b[32mBuilding C object CMakeFiles/aiguillages__rosidl_generator_c.dir/rosidl_generator_c/aiguillages/msg/detail/exchange_sh__functions.c.o\x1b[0m\n'}
[2.963481] (aiguillages) StdoutLine: {'line': b'[ 17%] \x1b[32mBuilding C object CMakeFiles/aiguillages__rosidl_generator_c.dir/rosidl_generator_c/aiguillages/msg/detail/exchange_sh__type_support.c.o\x1b[0m\n'}
[2.963986] (aiguillages) StdoutLine: {'line': b'[ 19%] \x1b[32mBuilding C object CMakeFiles/aiguillages__rosidl_generator_c.dir/rosidl_generator_c/aiguillages/msg/detail/msg_sensor_state__description.c.o\x1b[0m\n'}
[2.966591] (aiguillages) StdoutLine: {'line': b'[ 20%] \x1b[32mBuilding C object CMakeFiles/aiguillages__rosidl_generator_c.dir/rosidl_generator_c/aiguillages/msg/detail/msg_sensor_state__functions.c.o\x1b[0m\n'}
[2.966692] (aiguillages) StdoutLine: {'line': b'[ 22%] \x1b[32mBuilding C object CMakeFiles/aiguillages__rosidl_generator_c.dir/rosidl_generator_c/aiguillages/msg/detail/msg_sensor_state__type_support.c.o\x1b[0m\n'}
[3.009678] (aiguillages) StdoutLine: {'line': b'[ 23%] \x1b[32m\x1b[1mLinking C shared library libaiguillages__rosidl_generator_c.so\x1b[0m\n'}
[3.013098] (-) TimerEvent: {}
[3.048204] (aiguillages) StdoutLine: {'line': b'[ 23%] Built target aiguillages__rosidl_generator_c\n'}
[3.068388] (aiguillages) StdoutLine: {'line': b'[ 26%] \x1b[34m\x1b[1mGenerating C type support for eProsima Fast-RTPS\x1b[0m\n'}
[3.068592] (aiguillages) StdoutLine: {'line': b'[ 28%] \x1b[34m\x1b[1mGenerating C++ type support dispatch for ROS interfaces\x1b[0m\n'}
[3.068632] (aiguillages) StdoutLine: {'line': b'[ 26%] \x1b[34m\x1b[1mGenerating C++ type support for eProsima Fast-RTPS\x1b[0m\n'}
[3.069113] (aiguillages) StdoutLine: {'line': b'[ 29%] \x1b[34m\x1b[1mGenerating C introspection for ROS interfaces\x1b[0m\n'}
[3.069213] (aiguillages) StdoutLine: {'line': b'[ 31%] \x1b[34m\x1b[1mGenerating C++ introspection for ROS interfaces\x1b[0m\n'}
[3.073421] (aiguillages) StdoutLine: {'line': b'[ 32%] \x1b[34m\x1b[1mGenerating C type support dispatch for ROS interfaces\x1b[0m\n'}
[3.121302] (-) TimerEvent: {}
[3.262477] (-) TimerEvent: {}
[3.309162] (aiguillages) StdoutLine: {'line': b'[ 34%] \x1b[32mBuilding CXX object CMakeFiles/aiguillages__rosidl_typesupport_cpp.dir/rosidl_typesupport_cpp/aiguillages/msg/capteurs__type_support.cpp.o\x1b[0m\n'}
[3.310266] (aiguillages) StdoutLine: {'line': b'[ 37%] \x1b[32mBuilding CXX object CMakeFiles/aiguillages__rosidl_typesupport_cpp.dir/rosidl_typesupport_cpp/aiguillages/msg/exchange_sh__type_support.cpp.o\x1b[0m\n'}
[3.311214] (aiguillages) StdoutLine: {'line': b'[ 37%] \x1b[32mBuilding CXX object CMakeFiles/aiguillages__rosidl_typesupport_cpp.dir/rosidl_typesupport_cpp/aiguillages/msg/actionneurs__type_support.cpp.o\x1b[0m\n'}
[3.347199] (aiguillages) StdoutLine: {'line': b'[ 38%] \x1b[32mBuilding CXX object CMakeFiles/aiguillages__rosidl_typesupport_c.dir/rosidl_typesupport_c/aiguillages/msg/capteurs__type_support.cpp.o\x1b[0m\n'}
[3.367918] (-) TimerEvent: {}
[3.380544] (aiguillages) StdoutLine: {'line': b'[ 40%] \x1b[32mBuilding CXX object CMakeFiles/aiguillages__rosidl_typesupport_c.dir/rosidl_typesupport_c/aiguillages/msg/actionneurs__type_support.cpp.o\x1b[0m\n'}
[3.468198] (-) TimerEvent: {}
[3.469305] (aiguillages) StdoutLine: {'line': b'[ 41%] \x1b[32mBuilding C object CMakeFiles/aiguillages__rosidl_typesupport_introspection_c.dir/rosidl_typesupport_introspection_c/aiguillages/msg/detail/capteurs__type_support.c.o\x1b[0m\n'}
[3.486578] (aiguillages) StdoutLine: {'line': b'[ 43%] \x1b[32mBuilding CXX object CMakeFiles/aiguillages__rosidl_typesupport_introspection_cpp.dir/rosidl_typesupport_introspection_cpp/aiguillages/msg/detail/capteurs__type_support.cpp.o\x1b[0m\n'}
[3.490824] (aiguillages) StdoutLine: {'line': b'[ 44%] \x1b[32mBuilding CXX object CMakeFiles/aiguillages__rosidl_typesupport_c.dir/rosidl_typesupport_c/aiguillages/msg/exchange_sh__type_support.cpp.o\x1b[0m\n'}
[3.503147] (aiguillages) StdoutLine: {'line': b'[ 46%] \x1b[32mBuilding CXX object CMakeFiles/aiguillages__rosidl_typesupport_fastrtps_cpp.dir/rosidl_typesupport_fastrtps_cpp/aiguillages/msg/detail/dds_fastrtps/capteurs__type_support.cpp.o\x1b[0m\n'}
[3.514948] (aiguillages) StdoutLine: {'line': b'[ 47%] \x1b[32mBuilding CXX object CMakeFiles/aiguillages__rosidl_typesupport_fastrtps_c.dir/rosidl_typesupport_fastrtps_c/aiguillages/msg/detail/capteurs__type_support_c.cpp.o\x1b[0m\n'}
[3.516092] (aiguillages) StdoutLine: {'line': b'[ 49%] \x1b[32mBuilding C object CMakeFiles/aiguillages__rosidl_typesupport_introspection_c.dir/rosidl_typesupport_introspection_c/aiguillages/msg/detail/actionneurs__type_support.c.o\x1b[0m\n'}
[3.516277] (aiguillages) StdoutLine: {'line': b'[ 50%] \x1b[32mBuilding CXX object CMakeFiles/aiguillages__rosidl_typesupport_c.dir/rosidl_typesupport_c/aiguillages/msg/msg_sensor_state__type_support.cpp.o\x1b[0m\n'}
[3.542488] (aiguillages) StdoutLine: {'line': b'[ 52%] \x1b[32mBuilding C object CMakeFiles/aiguillages__rosidl_typesupport_introspection_c.dir/rosidl_typesupport_introspection_c/aiguillages/msg/detail/exchange_sh__type_support.c.o\x1b[0m\n'}
[3.553047] (aiguillages) StdoutLine: {'line': b'[ 53%] \x1b[32m\x1b[1mLinking CXX shared library libaiguillages__rosidl_typesupport_c.so\x1b[0m\n'}
[3.569715] (-) TimerEvent: {}
[3.634451] (aiguillages) StdoutLine: {'line': b'[ 56%] \x1b[32mBuilding CXX object CMakeFiles/aiguillages__rosidl_typesupport_fastrtps_c.dir/rosidl_typesupport_fastrtps_c/aiguillages/msg/detail/actionneurs__type_support_c.cpp.o\x1b[0m\n'}
[3.634989] (aiguillages) StdoutLine: {'line': b'[ 56%] \x1b[32mBuilding C object CMakeFiles/aiguillages__rosidl_typesupport_introspection_c.dir/rosidl_typesupport_introspection_c/aiguillages/msg/detail/msg_sensor_state__type_support.c.o\x1b[0m\n'}
[3.638206] (aiguillages) StdoutLine: {'line': b'[ 58%] \x1b[32mBuilding CXX object CMakeFiles/aiguillages__rosidl_typesupport_introspection_cpp.dir/rosidl_typesupport_introspection_cpp/aiguillages/msg/detail/actionneurs__type_support.cpp.o\x1b[0m\n'}
[3.642955] (aiguillages) StdoutLine: {'line': b'[ 59%] \x1b[32mBuilding CXX object CMakeFiles/aiguillages__rosidl_typesupport_cpp.dir/rosidl_typesupport_cpp/aiguillages/msg/msg_sensor_state__type_support.cpp.o\x1b[0m\n'}
[3.644446] (aiguillages) StdoutLine: {'line': b'[ 59%] Built target aiguillages__rosidl_typesupport_c\n'}
[3.651801] (aiguillages) StdoutLine: {'line': b'[ 61%] \x1b[32mBuilding CXX object CMakeFiles/aiguillages__rosidl_typesupport_introspection_cpp.dir/rosidl_typesupport_introspection_cpp/aiguillages/msg/detail/exchange_sh__type_support.cpp.o\x1b[0m\n'}
[3.666095] (aiguillages) StdoutLine: {'line': b'[ 62%] \x1b[32m\x1b[1mLinking C shared library libaiguillages__rosidl_typesupport_introspection_c.so\x1b[0m\n'}
[3.707517] (aiguillages) StdoutLine: {'line': b'[ 64%] \x1b[32mBuilding CXX object CMakeFiles/aiguillages__rosidl_typesupport_introspection_cpp.dir/rosidl_typesupport_introspection_cpp/aiguillages/msg/detail/msg_sensor_state__type_support.cpp.o\x1b[0m\n'}
[3.707673] (-) TimerEvent: {}
[3.808862] (aiguillages) StdoutLine: {'line': b'[ 64%] Built target aiguillages__rosidl_typesupport_introspection_c\n'}
[3.809017] (-) TimerEvent: {}
[3.836602] (aiguillages) StdoutLine: {'line': b'[ 65%] \x1b[32mBuilding CXX object CMakeFiles/aiguillages__rosidl_typesupport_fastrtps_c.dir/rosidl_typesupport_fastrtps_c/aiguillages/msg/detail/exchange_sh__type_support_c.cpp.o\x1b[0m\n'}
[3.910008] (-) TimerEvent: {}
[3.922508] (aiguillages) StdoutLine: {'line': b'[ 67%] \x1b[32mBuilding CXX object CMakeFiles/aiguillages__rosidl_typesupport_fastrtps_cpp.dir/rosidl_typesupport_fastrtps_cpp/aiguillages/msg/detail/dds_fastrtps/actionneurs__type_support.cpp.o\x1b[0m\n'}
[3.928401] (aiguillages) StdoutLine: {'line': b'[ 68%] \x1b[32m\x1b[1mLinking CXX shared library libaiguillages__rosidl_typesupport_cpp.so\x1b[0m\n'}
[3.938573] (aiguillages) StdoutLine: {'line': b'[ 70%] \x1b[32mBuilding CXX object CMakeFiles/aiguillages__rosidl_typesupport_fastrtps_cpp.dir/rosidl_typesupport_fastrtps_cpp/aiguillages/msg/detail/dds_fastrtps/exchange_sh__type_support.cpp.o\x1b[0m\n'}
[3.949931] (aiguillages) StdoutLine: {'line': b'[ 71%] \x1b[32mBuilding CXX object CMakeFiles/aiguillages__rosidl_typesupport_fastrtps_c.dir/rosidl_typesupport_fastrtps_c/aiguillages/msg/detail/msg_sensor_state__type_support_c.cpp.o\x1b[0m\n'}
[4.010122] (aiguillages) StdoutLine: {'line': b'[ 73%] \x1b[32mBuilding CXX object CMakeFiles/aiguillages__rosidl_typesupport_fastrtps_cpp.dir/rosidl_typesupport_fastrtps_cpp/aiguillages/msg/detail/dds_fastrtps/msg_sensor_state__type_support.cpp.o\x1b[0m\n'}
[4.010274] (-) TimerEvent: {}
[4.032941] (aiguillages) StdoutLine: {'line': b'[ 73%] Built target aiguillages__rosidl_typesupport_cpp\n'}
[4.086241] (aiguillages) StdoutLine: {'line': b'[ 74%] \x1b[32mBuilding CXX object CMakeFiles/run_Aiguillage.dir/src/main_aiguillage.cpp.o\x1b[0m\n'}
[4.089918] (aiguillages) StdoutLine: {'line': b'[ 76%] \x1b[32mBuilding CXX object CMakeFiles/run_Aiguillage.dir/src/Aiguillage.cpp.o\x1b[0m\n'}
[4.112449] (aiguillages) StdoutLine: {'line': b'[ 77%] \x1b[32m\x1b[1mLinking CXX shared library libaiguillages__rosidl_typesupport_introspection_cpp.so\x1b[0m\n'}
[4.112602] (-) TimerEvent: {}
[4.275738] (-) TimerEvent: {}
[4.360348] (aiguillages) StdoutLine: {'line': b'[ 79%] \x1b[32m\x1b[1mLinking CXX shared library libaiguillages__rosidl_typesupport_fastrtps_c.so\x1b[0m\n'}
[4.376221] (-) TimerEvent: {}
[4.391664] (aiguillages) StdoutLine: {'line': b'[ 80%] \x1b[32m\x1b[1mLinking CXX shared library libaiguillages__rosidl_typesupport_fastrtps_cpp.so\x1b[0m\n'}
[4.413074] (aiguillages) StdoutLine: {'line': b'[ 80%] Built target aiguillages__rosidl_typesupport_introspection_cpp\n'}
[4.420530] (aiguillages) StdoutLine: {'line': b'[ 80%] Built target aiguillages__rosidl_typesupport_fastrtps_c\n'}
[4.461219] (aiguillages) StdoutLine: {'line': b'[ 80%] Built target aiguillages__rosidl_typesupport_fastrtps_cpp\n'}
[4.476943] (-) TimerEvent: {}
[4.483295] (aiguillages) StdoutLine: {'line': b'[ 80%] Built target aiguillages\n'}
[4.506205] (aiguillages) StdoutLine: {'line': b'[ 82%] \x1b[34m\x1b[1mGenerating Python code for ROS interfaces\x1b[0m\n'}
[4.582859] (-) TimerEvent: {}
[4.687452] (-) TimerEvent: {}
[4.792070] (-) TimerEvent: {}
[4.846016] (aiguillages) StdoutLine: {'line': b'[ 82%] Built target aiguillages__py\n'}
[4.871206] (aiguillages) StdoutLine: {'line': b'[ 88%] \x1b[32mBuilding C object CMakeFiles/aiguillages__rosidl_generator_py.dir/rosidl_generator_py/aiguillages/msg/_msg_sensor_state_s.c.o\x1b[0m\n'}
[4.871362] (aiguillages) StdoutLine: {'line': b'[ 88%] \x1b[32mBuilding C object CMakeFiles/aiguillages__rosidl_generator_py.dir/rosidl_generator_py/aiguillages/msg/_exchange_sh_s.c.o\x1b[0m\n'}
[4.871400] (aiguillages) StdoutLine: {'line': b'[ 88%] \x1b[32mBuilding C object CMakeFiles/aiguillages__rosidl_generator_py.dir/rosidl_generator_py/aiguillages/msg/_actionneurs_s.c.o\x1b[0m\n'}
[4.871561] (aiguillages) StdoutLine: {'line': b'[ 88%] \x1b[32mBuilding C object CMakeFiles/aiguillages__rosidl_generator_py.dir/rosidl_generator_py/aiguillages/msg/_capteurs_s.c.o\x1b[0m\n'}
[4.921168] (-) TimerEvent: {}
[4.993024] (aiguillages) StdoutLine: {'line': b'[ 89%] \x1b[32m\x1b[1mLinking C shared library libaiguillages__rosidl_generator_py.so\x1b[0m\n'}
[5.021573] (-) TimerEvent: {}
[5.034906] (aiguillages) StdoutLine: {'line': b'[ 89%] Built target aiguillages__rosidl_generator_py\n'}
[5.061044] (aiguillages) StdoutLine: {'line': b'[ 91%] \x1b[32mBuilding C object CMakeFiles/aiguillages_s__rosidl_typesupport_c.dir/rosidl_generator_py/aiguillages/_aiguillages_s.ep.rosidl_typesupport_c.c.o\x1b[0m\n'}
[5.061611] (aiguillages) StdoutLine: {'line': b'[ 92%] \x1b[32mBuilding C object CMakeFiles/aiguillages_s__rosidl_typesupport_introspection_c.dir/rosidl_generator_py/aiguillages/_aiguillages_s.ep.rosidl_typesupport_introspection_c.c.o\x1b[0m\n'}
[5.061894] (aiguillages) StdoutLine: {'line': b'[ 94%] \x1b[32mBuilding C object CMakeFiles/aiguillages_s__rosidl_typesupport_fastrtps_c.dir/rosidl_generator_py/aiguillages/_aiguillages_s.ep.rosidl_typesupport_fastrtps_c.c.o\x1b[0m\n'}
[5.122990] (-) TimerEvent: {}
[5.155957] (aiguillages) StdoutLine: {'line': b'[ 95%] \x1b[32m\x1b[1mLinking C shared module rosidl_generator_py/aiguillages/aiguillages_s__rosidl_typesupport_fastrtps_c.so\x1b[0m\n'}
[5.163538] (aiguillages) StdoutLine: {'line': b'[ 97%] \x1b[32m\x1b[1mLinking C shared module rosidl_generator_py/aiguillages/aiguillages_s__rosidl_typesupport_introspection_c.so\x1b[0m\n'}
[5.163682] (aiguillages) StdoutLine: {'line': b'[ 98%] \x1b[32m\x1b[1mLinking C shared module rosidl_generator_py/aiguillages/aiguillages_s__rosidl_typesupport_c.so\x1b[0m\n'}
[5.194272] (aiguillages) StdoutLine: {'line': b'[ 98%] Built target aiguillages_s__rosidl_typesupport_fastrtps_c\n'}
[5.194423] (aiguillages) StdoutLine: {'line': b'[ 98%] Built target aiguillages_s__rosidl_typesupport_c\n'}
[5.194533] (aiguillages) StdoutLine: {'line': b'[ 98%] Built target aiguillages_s__rosidl_typesupport_introspection_c\n'}
[5.223084] (-) TimerEvent: {}
[5.339411] (-) TimerEvent: {}
[5.455032] (-) TimerEvent: {}
[5.556660] (-) TimerEvent: {}
[5.667984] (-) TimerEvent: {}
[5.769259] (-) TimerEvent: {}
[5.873068] (-) TimerEvent: {}
[5.976212] (-) TimerEvent: {}
[6.081082] (-) TimerEvent: {}
[6.181956] (-) TimerEvent: {}
[6.472523] (-) TimerEvent: {}
[6.577977] (-) TimerEvent: {}
[6.697064] (-) TimerEvent: {}
[6.798925] (-) TimerEvent: {}
[6.952294] (-) TimerEvent: {}
[7.058543] (-) TimerEvent: {}
[7.161740] (-) TimerEvent: {}
[7.264091] (-) TimerEvent: {}
[7.368176] (-) TimerEvent: {}
[7.657954] (-) TimerEvent: {}
[7.840980] (-) TimerEvent: {}
[7.950414] (-) TimerEvent: {}
[8.098066] (-) TimerEvent: {}
[8.266537] (-) TimerEvent: {}
[8.379728] (-) TimerEvent: {}
[8.688567] (-) TimerEvent: {}
[8.792568] (-) TimerEvent: {}
[8.942404] (-) TimerEvent: {}
[9.133964] (-) TimerEvent: {}
[9.241354] (-) TimerEvent: {}
[9.343143] (-) TimerEvent: {}
[9.445759] (-) TimerEvent: {}
[9.547152] (-) TimerEvent: {}
[9.654189] (-) TimerEvent: {}
[9.985820] (-) TimerEvent: {}
[10.021459] (aiguillages) StdoutLine: {'line': b'[100%] \x1b[32m\x1b[1mLinking CXX executable run_Aiguillage\x1b[0m\n'}
[10.086126] (-) TimerEvent: {}
[10.245984] (-) TimerEvent: {}
[10.263482] (aiguillages) StdoutLine: {'line': b'[100%] Built target run_Aiguillage\n'}
[10.277545] (aiguillages) CommandEnded: {'returncode': 0}
[10.277758] (aiguillages) JobProgress: {'identifier': 'aiguillages', 'progress': 'install'}
[10.297318] (aiguillages) Command: {'cmd': ['/usr/bin/cmake', '--install', '/home/user/celluleflexible/ros_ws/build/aiguillages'], 'cwd': '/home/user/celluleflexible/ros_ws/build/aiguillages', 'env': OrderedDict({'LESSOPEN': '| /usr/bin/lesspipe %s', 'USER': 'user', 'XDG_SESSION_TYPE': 'wayland', 'SHLVL': '1', 'LD_LIBRARY_PATH': '/opt/ros/jazzy/opt/rviz_ogre_vendor/lib:/opt/ros/jazzy/lib/x86_64-linux-gnu:/opt/ros/jazzy/opt/gz_math_vendor/lib:/opt/ros/jazzy/opt/gz_utils_vendor/lib:/opt/ros/jazzy/opt/gz_cmake_vendor/lib:/opt/ros/jazzy/lib', 'HOME': '/home/user', 'DESKTOP_SESSION': 'ubuntu', 'ROS_PYTHON_VERSION': '3', 'GNOME_SHELL_SESSION_MODE': 'ubuntu', 'GTK_MODULES': 'gail:atk-bridge', 'DBUS_STARTER_BUS_TYPE': 'session', 'SYSTEMD_EXEC_PID': '2235', 'GSM_SKIP_SSH_AGENT_WORKAROUND': 'true', 'DBUS_SESSION_BUS_ADDRESS': 'unix:path=/run/user/1000/bus,guid=64ae93b45aaa44cc537f8918698b2ccd', 'COLORTERM': 'truecolor', 'DEBUGINFOD_URLS': 'https://debuginfod.ubuntu.com', 'IM_CONFIG_PHASE': '1', 'WAYLAND_DISPLAY': 'wayland-0', 'ROS_DISTRO': 'jazzy', 'LOGNAME': 'user', '_': '/usr/bin/colcon', 'ROS_VERSION': '2', 'MEMORY_PRESSURE_WATCH': '/sys/fs/cgroup/user.slice/user-1000.slice/user@1000.service/app.slice/app-gnome\\x2dsession\\x2dmanager.slice/gnome-session-manager@ubuntu.service/memory.pressure', 'XDG_SESSION_CLASS': 'user', 'USERNAME': 'user', 'TERM': 'xterm-256color', 'GNOME_DESKTOP_SESSION_ID': 'this-is-deprecated', 'PATH': '/opt/ros/jazzy/bin:/usr/local/sbin:/usr/local/bin:/usr/sbin:/usr/bin:/sbin:/bin:/usr/games:/usr/local/games:/snap/bin:/snap/bin', 'SESSION_MANAGER': 'local/Ubuntu:@/tmp/.ICE-unix/2235,unix/Ubuntu:/tmp/.ICE-unix/2235', 'XDG_MENU_PREFIX': 'gnome-', 'GNOME_TERMINAL_SCREEN': '/org/gnome/Terminal/screen/0033d02d_7488_4db9_b7a1_9c2679603dae', 'GNOME_SETUP_DISPLAY': ':1', 'XDG_RUNTIME_DIR': '/run/user/1000', 'DISPLAY': ':0', 'LANG': 'en_US.UTF-8', 'XDG_CURRENT_DESKTOP': 'ubuntu:GNOME', 'XMODIFIERS': '@im=ibus', 'XDG_SESSION_DESKTOP': 'ubuntu', 'XAUTHORITY': '/run/user/1000/.mutter-Xwaylandauth.GUV6J3', 'LS_COLORS': 'rs=0:di=01;34:ln=01;36:mh=00:pi=40;33:so=01;35:do=01;35:bd=40;33;01:cd=40;33;01:or=40;31;01:mi=00:su=37;41:sg=30;43:ca=00:tw=30;42:ow=34;42:st=37;44:ex=01;32:*.tar=01;31:*.tgz=01;31:*.arc=01;31:*.arj=01;31:*.taz=01;31:*.lha=01;31:*.lz4=01;31:*.lzh=01;31:*.lzma=01;31:*.tlz=01;31:*.txz=01;31:*.tzo=01;31:*.t7z=01;31:*.zip=01;31:*.z=01;31:*.dz=01;31:*.gz=01;31:*.lrz=01;31:*.lz=01;31:*.lzo=01;31:*.xz=01;31:*.zst=01;31:*.tzst=01;31:*.bz2=01;31:*.bz=01;31:*.tbz=01;31:*.tbz2=01;31:*.tz=01;31:*.deb=01;31:*.rpm=01;31:*.jar=01;31:*.war=01;31:*.ear=01;31:*.sar=01;31:*.rar=01;31:*.alz=01;31:*.ace=01;31:*.zoo=01;31:*.cpio=01;31:*.7z=01;31:*.rz=01;31:*.cab=01;31:*.wim=01;31:*.swm=01;31:*.dwm=01;31:*.esd=01;31:*.avif=01;35:*.jpg=01;35:*.jpeg=01;35:*.mjpg=01;35:*.mjpeg=01;35:*.gif=01;35:*.bmp=01;35:*.pbm=01;35:*.pgm=01;35:*.ppm=01;35:*.tga=01;35:*.xbm=01;35:*.xpm=01;35:*.tif=01;35:*.tiff=01;35:*.png=01;35:*.svg=01;35:*.svgz=01;35:*.mng=01;35:*.pcx=01;35:*.mov=01;35:*.mpg=01;35:*.mpeg=01;35:*.m2v=01;35:*.mkv=01;35:*.webm=01;35:*.webp=01;35:*.ogm=01;35:*.mp4=01;35:*.m4v=01;35:*.mp4v=01;35:*.vob=01;35:*.qt=01;35:*.nuv=01;35:*.wmv=01;35:*.asf=01;35:*.rm=01;35:*.rmvb=01;35:*.flc=01;35:*.avi=01;35:*.fli=01;35:*.flv=01;35:*.gl=01;35:*.dl=01;35:*.xcf=01;35:*.xwd=01;35:*.yuv=01;35:*.cgm=01;35:*.emf=01;35:*.ogv=01;35:*.ogx=01;35:*.aac=00;36:*.au=00;36:*.flac=00;36:*.m4a=00;36:*.mid=00;36:*.midi=00;36:*.mka=00;36:*.mp3=00;36:*.mpc=00;36:*.ogg=00;36:*.ra=00;36:*.wav=00;36:*.oga=00;36:*.opus=00;36:*.spx=00;36:*.xspf=00;36:*~=00;90:*#=00;90:*.bak=00;90:*.crdownload=00;90:*.dpkg-dist=00;90:*.dpkg-new=00;90:*.dpkg-old=00;90:*.dpkg-tmp=00;90:*.old=00;90:*.orig=00;90:*.part=00;90:*.rej=00;90:*.rpmnew=00;90:*.rpmorig=00;90:*.rpmsave=00;90:*.swp=00;90:*.tmp=00;90:*.ucf-dist=00;90:*.ucf-new=00;90:*.ucf-old=00;90:', 'GNOME_TERMINAL_SERVICE': ':1.513', 'SSH_AUTH_SOCK': '/run/user/1000/keyring/ssh', 'AMENT_PREFIX_PATH': '/opt/ros/jazzy', 'SHELL': '/bin/bash', 'QT_ACCESSIBILITY': '1', 'GDMSESSION': 'ubuntu', 'LESSCLOSE': '/usr/bin/lesspipe %s %s', 'ROS_AUTOMATIC_DISCOVERY_RANGE': 'SUBNET', 'QT_IM_MODULE': 'ibus', 'PWD': '/home/user/celluleflexible/ros_ws/build/aiguillages', 'LC_ALL': 'en_US.UTF-8', 'XDG_CONFIG_DIRS': '/etc/xdg/xdg-ubuntu:/etc/xdg', 'DBUS_STARTER_ADDRESS': 'unix:path=/run/user/1000/bus,guid=64ae93b45aaa44cc537f8918698b2ccd', 'XDG_DATA_DIRS': '/usr/share/ubuntu:/usr/share/gnome:/usr/local/share/:/usr/share/:/var/lib/snapd/desktop', 'PYTHONPATH': '/opt/ros/jazzy/lib/python3.12/site-packages', 'COLCON': '1', 'MEMORY_PRESSURE_WRITE': 'c29tZSAyMDAwMDAgMjAwMDAwMAA=', 'VTE_VERSION': '7600', 'CMAKE_PREFIX_PATH': '/opt/ros/jazzy/opt/gz_math_vendor:/opt/ros/jazzy/opt/gz_utils_vendor:/opt/ros/jazzy/opt/gz_cmake_vendor:/opt/ros/jazzy'}), 'shell': False}
[10.302954] (aiguillages) StdoutLine: {'line': b'-- Install configuration: ""\n'}
[10.303232] (aiguillages) StdoutLine: {'line': b'-- Installing: /home/user/celluleflexible/ros_ws/install/aiguillages/share/ament_index/resource_index/rosidl_interfaces/aiguillages\n'}
[10.303361] (aiguillages) StdoutLine: {'line': b'-- Installing: /home/user/celluleflexible/ros_ws/install/aiguillages/share/aiguillages/msg/Capteurs.json\n'}
[10.303471] (aiguillages) StdoutLine: {'line': b'-- Installing: /home/user/celluleflexible/ros_ws/install/aiguillages/share/aiguillages/msg/Actionneurs.json\n'}
[10.303606] (aiguillages) StdoutLine: {'line': b'-- Installing: /home/user/celluleflexible/ros_ws/install/aiguillages/share/aiguillages/msg/ExchangeSh.json\n'}
[10.303645] (aiguillages) StdoutLine: {'line': b'-- Installing: /home/user/celluleflexible/ros_ws/install/aiguillages/share/aiguillages/msg/MsgSensorState.json\n'}
[10.303675] (aiguillages) StdoutLine: {'line': b'-- Installing: /home/user/celluleflexible/ros_ws/install/aiguillages/include/aiguillages/aiguillages\n'}
[10.303738] (aiguillages) StdoutLine: {'line': b'-- Installing: /home/user/celluleflexible/ros_ws/install/aiguillages/include/aiguillages/aiguillages/msg\n'}
[10.303805] (aiguillages) StdoutLine: {'line': b'-- Installing: /home/user/celluleflexible/ros_ws/install/aiguillages/include/aiguillages/aiguillages/msg/exchange_sh.h\n'}
[10.303873] (aiguillages) StdoutLine: {'line': b'-- Installing: /home/user/celluleflexible/ros_ws/install/aiguillages/include/aiguillages/aiguillages/msg/rosidl_generator_c__visibility_control.h\n'}
[10.303935] (aiguillages) StdoutLine: {'line': b'-- Installing: /home/user/celluleflexible/ros_ws/install/aiguillages/include/aiguillages/aiguillages/msg/capteurs.h\n'}
[10.304028] (aiguillages) StdoutLine: {'line': b'-- Installing: /home/user/celluleflexible/ros_ws/install/aiguillages/include/aiguillages/aiguillages/msg/msg_sensor_state.h\n'}
[10.304089] (aiguillages) StdoutLine: {'line': b'-- Installing: /home/user/celluleflexible/ros_ws/install/aiguillages/include/aiguillages/aiguillages/msg/actionneurs.h\n'}
[10.304158] (aiguillages) StdoutLine: {'line': b'-- Installing: /home/user/celluleflexible/ros_ws/install/aiguillages/include/aiguillages/aiguillages/msg/detail\n'}
[10.304230] (aiguillages) StdoutLine: {'line': b'-- Installing: /home/user/celluleflexible/ros_ws/install/aiguillages/include/aiguillages/aiguillages/msg/detail/msg_sensor_state__type_support.h\n'}
[10.304384] (aiguillages) StdoutLine: {'line': b'-- Installing: /home/user/celluleflexible/ros_ws/install/aiguillages/include/aiguillages/aiguillages/msg/detail/exchange_sh__description.c\n'}
[10.304469] (aiguillages) StdoutLine: {'line': b'-- Installing: /home/user/celluleflexible/ros_ws/install/aiguillages/include/aiguillages/aiguillages/msg/detail/exchange_sh__functions.c\n'}
[10.304543] (aiguillages) StdoutLine: {'line': b'-- Installing: /home/user/celluleflexible/ros_ws/install/aiguillages/include/aiguillages/aiguillages/msg/detail/msg_sensor_state__functions.h\n'}
[10.304631] (aiguillages) StdoutLine: {'line': b'-- Installing: /home/user/celluleflexible/ros_ws/install/aiguillages/include/aiguillages/aiguillages/msg/detail/actionneurs__functions.h\n'}
[10.304701] (aiguillages) StdoutLine: {'line': b'-- Installing: /home/user/celluleflexible/ros_ws/install/aiguillages/include/aiguillages/aiguillages/msg/detail/capteurs__type_support.c\n'}
[10.304762] (aiguillages) StdoutLine: {'line': b'-- Installing: /home/user/celluleflexible/ros_ws/install/aiguillages/include/aiguillages/aiguillages/msg/detail/actionneurs__type_support.c\n'}
[10.304831] (aiguillages) StdoutLine: {'line': b'-- Installing: /home/user/celluleflexible/ros_ws/install/aiguillages/include/aiguillages/aiguillages/msg/detail/capteurs__struct.h\n'}
[10.304894] (aiguillages) StdoutLine: {'line': b'-- Installing: /home/user/celluleflexible/ros_ws/install/aiguillages/include/aiguillages/aiguillages/msg/detail/actionneurs__type_support.h\n'}
[10.304978] (aiguillages) StdoutLine: {'line': b'-- Installing: /home/user/celluleflexible/ros_ws/install/aiguillages/include/aiguillages/aiguillages/msg/detail/capteurs__description.c\n'}
[10.305045] (aiguillages) StdoutLine: {'line': b'-- Installing: /home/user/celluleflexible/ros_ws/install/aiguillages/include/aiguillages/aiguillages/msg/detail/msg_sensor_state__description.c\n'}
[10.305113] (aiguillages) StdoutLine: {'line': b'-- Installing: /home/user/celluleflexible/ros_ws/install/aiguillages/include/aiguillages/aiguillages/msg/detail/capteurs__functions.h\n'}
[10.305167] (aiguillages) StdoutLine: {'line': b'-- Installing: /home/user/celluleflexible/ros_ws/install/aiguillages/include/aiguillages/aiguillages/msg/detail/msg_sensor_state__type_support.c\n'}
[10.305240] (aiguillages) StdoutLine: {'line': b'-- Installing: /home/user/celluleflexible/ros_ws/install/aiguillages/include/aiguillages/aiguillages/msg/detail/exchange_sh__functions.h\n'}
[10.305325] (aiguillages) StdoutLine: {'line': b'-- Installing: /home/user/celluleflexible/ros_ws/install/aiguillages/include/aiguillages/aiguillages/msg/detail/msg_sensor_state__struct.h\n'}
[10.305393] (aiguillages) StdoutLine: {'line': b'-- Installing: /home/user/celluleflexible/ros_ws/install/aiguillages/include/aiguillages/aiguillages/msg/detail/msg_sensor_state__functions.c\n'}
[10.305502] (aiguillages) StdoutLine: {'line': b'-- Installing: /home/user/celluleflexible/ros_ws/install/aiguillages/include/aiguillages/aiguillages/msg/detail/actionneurs__struct.h\n'}
[10.305527] (aiguillages) StdoutLine: {'line': b'-- Installing: /home/user/celluleflexible/ros_ws/install/aiguillages/include/aiguillages/aiguillages/msg/detail/exchange_sh__struct.h\n'}
[10.305589] (aiguillages) StdoutLine: {'line': b'-- Installing: /home/user/celluleflexible/ros_ws/install/aiguillages/include/aiguillages/aiguillages/msg/detail/actionneurs__description.c\n'}
[10.305658] (aiguillages) StdoutLine: {'line': b'-- Installing: /home/user/celluleflexible/ros_ws/install/aiguillages/include/aiguillages/aiguillages/msg/detail/exchange_sh__type_support.c\n'}
[10.305726] (aiguillages) StdoutLine: {'line': b'-- Installing: /home/user/celluleflexible/ros_ws/install/aiguillages/include/aiguillages/aiguillages/msg/detail/exchange_sh__type_support.h\n'}
[10.305794] (aiguillages) StdoutLine: {'line': b'-- Installing: /home/user/celluleflexible/ros_ws/install/aiguillages/include/aiguillages/aiguillages/msg/detail/capteurs__functions.c\n'}
[10.305862] (aiguillages) StdoutLine: {'line': b'-- Installing: /home/user/celluleflexible/ros_ws/install/aiguillages/include/aiguillages/aiguillages/msg/detail/capteurs__type_support.h\n'}
[10.305948] (aiguillages) StdoutLine: {'line': b'-- Installing: /home/user/celluleflexible/ros_ws/install/aiguillages/include/aiguillages/aiguillages/msg/detail/actionneurs__functions.c\n'}
[10.306018] (aiguillages) StdoutLine: {'line': b'-- Installing: /home/user/celluleflexible/ros_ws/install/aiguillages/share/aiguillages/environment/library_path.sh\n'}
[10.306123] (aiguillages) StdoutLine: {'line': b'-- Installing: /home/user/celluleflexible/ros_ws/install/aiguillages/share/aiguillages/environment/library_path.dsv\n'}
[10.306148] (aiguillages) StdoutLine: {'line': b'-- Installing: /home/user/celluleflexible/ros_ws/install/aiguillages/lib/libaiguillages__rosidl_generator_c.so\n'}
[10.306195] (aiguillages) StdoutLine: {'line': b'-- Set non-toolchain portion of runtime path of "/home/user/celluleflexible/ros_ws/install/aiguillages/lib/libaiguillages__rosidl_generator_c.so" to ""\n'}
[10.306220] (aiguillages) StdoutLine: {'line': b'-- Up-to-date: /home/user/celluleflexible/ros_ws/install/aiguillages/include/aiguillages/aiguillages\n'}
[10.306367] (aiguillages) StdoutLine: {'line': b'-- Up-to-date: /home/user/celluleflexible/ros_ws/install/aiguillages/include/aiguillages/aiguillages/msg\n'}
[10.306431] (aiguillages) StdoutLine: {'line': b'-- Installing: /home/user/celluleflexible/ros_ws/install/aiguillages/include/aiguillages/aiguillages/msg/rosidl_typesupport_fastrtps_c__visibility_control.h\n'}
[10.306503] (aiguillages) StdoutLine: {'line': b'-- Up-to-date: /home/user/celluleflexible/ros_ws/install/aiguillages/include/aiguillages/aiguillages/msg/detail\n'}
[10.306587] (aiguillages) StdoutLine: {'line': b'-- Installing: /home/user/celluleflexible/ros_ws/install/aiguillages/include/aiguillages/aiguillages/msg/detail/capteurs__rosidl_typesupport_fastrtps_c.h\n'}
[10.306656] (aiguillages) StdoutLine: {'line': b'-- Installing: /home/user/celluleflexible/ros_ws/install/aiguillages/include/aiguillages/aiguillages/msg/detail/exchange_sh__rosidl_typesupport_fastrtps_c.h\n'}
[10.306724] (aiguillages) StdoutLine: {'line': b'-- Installing: /home/user/celluleflexible/ros_ws/install/aiguillages/include/aiguillages/aiguillages/msg/detail/actionneurs__rosidl_typesupport_fastrtps_c.h\n'}
[10.306790] (aiguillages) StdoutLine: {'line': b'-- Installing: /home/user/celluleflexible/ros_ws/install/aiguillages/include/aiguillages/aiguillages/msg/detail/msg_sensor_state__rosidl_typesupport_fastrtps_c.h\n'}
[10.306895] (aiguillages) StdoutLine: {'line': b'-- Installing: /home/user/celluleflexible/ros_ws/install/aiguillages/lib/libaiguillages__rosidl_typesupport_fastrtps_c.so\n'}
[10.306922] (aiguillages) StdoutLine: {'line': b'-- Set non-toolchain portion of runtime path of "/home/user/celluleflexible/ros_ws/install/aiguillages/lib/libaiguillages__rosidl_typesupport_fastrtps_c.so" to ""\n'}
[10.307046] (aiguillages) StdoutLine: {'line': b'-- Up-to-date: /home/user/celluleflexible/ros_ws/install/aiguillages/include/aiguillages/aiguillages\n'}
[10.307083] (aiguillages) StdoutLine: {'line': b'-- Up-to-date: /home/user/celluleflexible/ros_ws/install/aiguillages/include/aiguillages/aiguillages/msg\n'}
[10.307107] (aiguillages) StdoutLine: {'line': b'-- Installing: /home/user/celluleflexible/ros_ws/install/aiguillages/include/aiguillages/aiguillages/msg/capteurs.hpp\n'}
[10.307166] (aiguillages) StdoutLine: {'line': b'-- Installing: /home/user/celluleflexible/ros_ws/install/aiguillages/include/aiguillages/aiguillages/msg/exchange_sh.hpp\n'}
[10.307226] (aiguillages) StdoutLine: {'line': b'-- Installing: /home/user/celluleflexible/ros_ws/install/aiguillages/include/aiguillages/aiguillages/msg/rosidl_generator_cpp__visibility_control.hpp\n'}
[10.307311] (aiguillages) StdoutLine: {'line': b'-- Installing: /home/user/celluleflexible/ros_ws/install/aiguillages/include/aiguillages/aiguillages/msg/actionneurs.hpp\n'}
[10.307427] (aiguillages) StdoutLine: {'line': b'-- Up-to-date: /home/user/celluleflexible/ros_ws/install/aiguillages/include/aiguillages/aiguillages/msg/detail\n'}
[10.307455] (aiguillages) StdoutLine: {'line': b'-- Installing: /home/user/celluleflexible/ros_ws/install/aiguillages/include/aiguillages/aiguillages/msg/detail/capteurs__builder.hpp\n'}
[10.307505] (aiguillages) StdoutLine: {'line': b'-- Installing: /home/user/celluleflexible/ros_ws/install/aiguillages/include/aiguillages/aiguillages/msg/detail/exchange_sh__traits.hpp\n'}
[10.307574] (aiguillages) StdoutLine: {'line': b'-- Installing: /home/user/celluleflexible/ros_ws/install/aiguillages/include/aiguillages/aiguillages/msg/detail/exchange_sh__type_support.hpp\n'}
[10.307643] (aiguillages) StdoutLine: {'line': b'-- Installing: /home/user/celluleflexible/ros_ws/install/aiguillages/include/aiguillages/aiguillages/msg/detail/exchange_sh__struct.hpp\n'}
[10.307766] (aiguillages) StdoutLine: {'line': b'-- Installing: /home/user/celluleflexible/ros_ws/install/aiguillages/include/aiguillages/aiguillages/msg/detail/actionneurs__type_support.hpp\n'}
[10.307806] (aiguillages) StdoutLine: {'line': b'-- Installing: /home/user/celluleflexible/ros_ws/install/aiguillages/include/aiguillages/aiguillages/msg/detail/capteurs__type_support.hpp\n'}
[10.307865] (aiguillages) StdoutLine: {'line': b'-- Installing: /home/user/celluleflexible/ros_ws/install/aiguillages/include/aiguillages/aiguillages/msg/detail/msg_sensor_state__type_support.hpp\n'}
[10.307934] (aiguillages) StdoutLine: {'line': b'-- Installing: /home/user/celluleflexible/ros_ws/install/aiguillages/include/aiguillages/aiguillages/msg/detail/msg_sensor_state__builder.hpp\n'}
[10.308059] (aiguillages) StdoutLine: {'line': b'-- Installing: /home/user/celluleflexible/ros_ws/install/aiguillages/include/aiguillages/aiguillages/msg/detail/msg_sensor_state__traits.hpp\n'}
[10.308094] (aiguillages) StdoutLine: {'line': b'-- Installing: /home/user/celluleflexible/ros_ws/install/aiguillages/include/aiguillages/aiguillages/msg/detail/exchange_sh__builder.hpp\n'}
[10.308119] (aiguillages) StdoutLine: {'line': b'-- Installing: /home/user/celluleflexible/ros_ws/install/aiguillages/include/aiguillages/aiguillages/msg/detail/actionneurs__builder.hpp\n'}
[10.308142] (aiguillages) StdoutLine: {'line': b'-- Installing: /home/user/celluleflexible/ros_ws/install/aiguillages/include/aiguillages/aiguillages/msg/detail/msg_sensor_state__struct.hpp\n'}
[10.308184] (aiguillages) StdoutLine: {'line': b'-- Installing: /home/user/celluleflexible/ros_ws/install/aiguillages/include/aiguillages/aiguillages/msg/detail/capteurs__traits.hpp\n'}
[10.308288] (aiguillages) StdoutLine: {'line': b'-- Installing: /home/user/celluleflexible/ros_ws/install/aiguillages/include/aiguillages/aiguillages/msg/detail/actionneurs__struct.hpp\n'}
[10.308316] (aiguillages) StdoutLine: {'line': b'-- Installing: /home/user/celluleflexible/ros_ws/install/aiguillages/include/aiguillages/aiguillages/msg/detail/actionneurs__traits.hpp\n'}
[10.308340] (aiguillages) StdoutLine: {'line': b'-- Installing: /home/user/celluleflexible/ros_ws/install/aiguillages/include/aiguillages/aiguillages/msg/detail/capteurs__struct.hpp\n'}
[10.308363] (aiguillages) StdoutLine: {'line': b'-- Installing: /home/user/celluleflexible/ros_ws/install/aiguillages/include/aiguillages/aiguillages/msg/msg_sensor_state.hpp\n'}
[10.308384] (aiguillages) StdoutLine: {'line': b'-- Up-to-date: /home/user/celluleflexible/ros_ws/install/aiguillages/include/aiguillages/aiguillages\n'}
[10.308408] (aiguillages) StdoutLine: {'line': b'-- Up-to-date: /home/user/celluleflexible/ros_ws/install/aiguillages/include/aiguillages/aiguillages/msg\n'}
[10.308430] (aiguillages) StdoutLine: {'line': b'-- Up-to-date: /home/user/celluleflexible/ros_ws/install/aiguillages/include/aiguillages/aiguillages/msg/detail\n'}
[10.308451] (aiguillages) StdoutLine: {'line': b'-- Installing: /home/user/celluleflexible/ros_ws/install/aiguillages/include/aiguillages/aiguillages/msg/detail/capteurs__rosidl_typesupport_fastrtps_cpp.hpp\n'}
[10.308474] (aiguillages) StdoutLine: {'line': b'-- Installing: /home/user/celluleflexible/ros_ws/install/aiguillages/include/aiguillages/aiguillages/msg/detail/exchange_sh__rosidl_typesupport_fastrtps_cpp.hpp\n'}
[10.308498] (aiguillages) StdoutLine: {'line': b'-- Installing: /home/user/celluleflexible/ros_ws/install/aiguillages/include/aiguillages/aiguillages/msg/detail/msg_sensor_state__rosidl_typesupport_fastrtps_cpp.hpp\n'}
[10.308522] (aiguillages) StdoutLine: {'line': b'-- Installing: /home/user/celluleflexible/ros_ws/install/aiguillages/include/aiguillages/aiguillages/msg/detail/dds_fastrtps\n'}
[10.308547] (aiguillages) StdoutLine: {'line': b'-- Installing: /home/user/celluleflexible/ros_ws/install/aiguillages/include/aiguillages/aiguillages/msg/detail/actionneurs__rosidl_typesupport_fastrtps_cpp.hpp\n'}
[10.308569] (aiguillages) StdoutLine: {'line': b'-- Installing: /home/user/celluleflexible/ros_ws/install/aiguillages/include/aiguillages/aiguillages/msg/rosidl_typesupport_fastrtps_cpp__visibility_control.h\n'}
[10.308590] (aiguillages) StdoutLine: {'line': b'-- Installing: /home/user/celluleflexible/ros_ws/install/aiguillages/lib/libaiguillages__rosidl_typesupport_fastrtps_cpp.so\n'}
[10.308611] (aiguillages) StdoutLine: {'line': b'-- Set non-toolchain portion of runtime path of "/home/user/celluleflexible/ros_ws/install/aiguillages/lib/libaiguillages__rosidl_typesupport_fastrtps_cpp.so" to ""\n'}
[10.308633] (aiguillages) StdoutLine: {'line': b'-- Up-to-date: /home/user/celluleflexible/ros_ws/install/aiguillages/include/aiguillages/aiguillages\n'}
[10.308658] (aiguillages) StdoutLine: {'line': b'-- Up-to-date: /home/user/celluleflexible/ros_ws/install/aiguillages/include/aiguillages/aiguillages/msg\n'}
[10.308679] (aiguillages) StdoutLine: {'line': b'-- Installing: /home/user/celluleflexible/ros_ws/install/aiguillages/include/aiguillages/aiguillages/msg/rosidl_typesupport_introspection_c__visibility_control.h\n'}
[10.308700] (aiguillages) StdoutLine: {'line': b'-- Up-to-date: /home/user/celluleflexible/ros_ws/install/aiguillages/include/aiguillages/aiguillages/msg/detail\n'}
[10.308722] (aiguillages) StdoutLine: {'line': b'-- Installing: /home/user/celluleflexible/ros_ws/install/aiguillages/include/aiguillages/aiguillages/msg/detail/actionneurs__rosidl_typesupport_introspection_c.h\n'}
[10.308745] (aiguillages) StdoutLine: {'line': b'-- Installing: /home/user/celluleflexible/ros_ws/install/aiguillages/include/aiguillages/aiguillages/msg/detail/msg_sensor_state__rosidl_typesupport_introspection_c.h\n'}
[10.308767] (aiguillages) StdoutLine: {'line': b'-- Installing: /home/user/celluleflexible/ros_ws/install/aiguillages/include/aiguillages/aiguillages/msg/detail/capteurs__type_support.c\n'}
[10.308788] (aiguillages) StdoutLine: {'line': b'-- Installing: /home/user/celluleflexible/ros_ws/install/aiguillages/include/aiguillages/aiguillages/msg/detail/capteurs__rosidl_typesupport_introspection_c.h\n'}
[10.308809] (aiguillages) StdoutLine: {'line': b'-- Installing: /home/user/celluleflexible/ros_ws/install/aiguillages/include/aiguillages/aiguillages/msg/detail/actionneurs__type_support.c\n'}
[10.308830] (aiguillages) StdoutLine: {'line': b'-- Installing: /home/user/celluleflexible/ros_ws/install/aiguillages/include/aiguillages/aiguillages/msg/detail/msg_sensor_state__type_support.c\n'}
[10.308851] (aiguillages) StdoutLine: {'line': b'-- Installing: /home/user/celluleflexible/ros_ws/install/aiguillages/include/aiguillages/aiguillages/msg/detail/exchange_sh__rosidl_typesupport_introspection_c.h\n'}
[10.308872] (aiguillages) StdoutLine: {'line': b'-- Installing: /home/user/celluleflexible/ros_ws/install/aiguillages/include/aiguillages/aiguillages/msg/detail/exchange_sh__type_support.c\n'}
[10.308893] (aiguillages) StdoutLine: {'line': b'-- Installing: /home/user/celluleflexible/ros_ws/install/aiguillages/lib/libaiguillages__rosidl_typesupport_introspection_c.so\n'}
[10.308915] (aiguillages) StdoutLine: {'line': b'-- Set non-toolchain portion of runtime path of "/home/user/celluleflexible/ros_ws/install/aiguillages/lib/libaiguillages__rosidl_typesupport_introspection_c.so" to ""\n'}
[10.308936] (aiguillages) StdoutLine: {'line': b'-- Installing: /home/user/celluleflexible/ros_ws/install/aiguillages/lib/libaiguillages__rosidl_typesupport_c.so\n'}
[10.308957] (aiguillages) StdoutLine: {'line': b'-- Set non-toolchain portion of runtime path of "/home/user/celluleflexible/ros_ws/install/aiguillages/lib/libaiguillages__rosidl_typesupport_c.so" to ""\n'}
[10.308979] (aiguillages) StdoutLine: {'line': b'-- Up-to-date: /home/user/celluleflexible/ros_ws/install/aiguillages/include/aiguillages/aiguillages\n'}
[10.309001] (aiguillages) StdoutLine: {'line': b'-- Up-to-date: /home/user/celluleflexible/ros_ws/install/aiguillages/include/aiguillages/aiguillages/msg\n'}
[10.309022] (aiguillages) StdoutLine: {'line': b'-- Up-to-date: /home/user/celluleflexible/ros_ws/install/aiguillages/include/aiguillages/aiguillages/msg/detail\n'}
[10.309043] (aiguillages) StdoutLine: {'line': b'-- Installing: /home/user/celluleflexible/ros_ws/install/aiguillages/include/aiguillages/aiguillages/msg/detail/actionneurs__rosidl_typesupport_introspection_cpp.hpp\n'}
[10.309063] (aiguillages) StdoutLine: {'line': b'-- Installing: /home/user/celluleflexible/ros_ws/install/aiguillages/include/aiguillages/aiguillages/msg/detail/capteurs__rosidl_typesupport_introspection_cpp.hpp\n'}
[10.309085] (aiguillages) StdoutLine: {'line': b'-- Installing: /home/user/celluleflexible/ros_ws/install/aiguillages/include/aiguillages/aiguillages/msg/detail/exchange_sh__rosidl_typesupport_introspection_cpp.hpp\n'}
[10.309105] (aiguillages) StdoutLine: {'line': b'-- Installing: /home/user/celluleflexible/ros_ws/install/aiguillages/include/aiguillages/aiguillages/msg/detail/capteurs__type_support.cpp\n'}
[10.309127] (aiguillages) StdoutLine: {'line': b'-- Installing: /home/user/celluleflexible/ros_ws/install/aiguillages/include/aiguillages/aiguillages/msg/detail/msg_sensor_state__type_support.cpp\n'}
[10.309149] (aiguillages) StdoutLine: {'line': b'-- Installing: /home/user/celluleflexible/ros_ws/install/aiguillages/include/aiguillages/aiguillages/msg/detail/exchange_sh__type_support.cpp\n'}
[10.309169] (aiguillages) StdoutLine: {'line': b'-- Installing: /home/user/celluleflexible/ros_ws/install/aiguillages/include/aiguillages/aiguillages/msg/detail/actionneurs__type_support.cpp\n'}
[10.309190] (aiguillages) StdoutLine: {'line': b'-- Installing: /home/user/celluleflexible/ros_ws/install/aiguillages/include/aiguillages/aiguillages/msg/detail/msg_sensor_state__rosidl_typesupport_introspection_cpp.hpp\n'}
[10.309212] (aiguillages) StdoutLine: {'line': b'-- Installing: /home/user/celluleflexible/ros_ws/install/aiguillages/lib/libaiguillages__rosidl_typesupport_introspection_cpp.so\n'}
[10.309639] (aiguillages) StdoutLine: {'line': b'-- Set non-toolchain portion of runtime path of "/home/user/celluleflexible/ros_ws/install/aiguillages/lib/libaiguillages__rosidl_typesupport_introspection_cpp.so" to ""\n'}
[10.309734] (aiguillages) StdoutLine: {'line': b'-- Installing: /home/user/celluleflexible/ros_ws/install/aiguillages/lib/libaiguillages__rosidl_typesupport_cpp.so\n'}
[10.309772] (aiguillages) StdoutLine: {'line': b'-- Set non-toolchain portion of runtime path of "/home/user/celluleflexible/ros_ws/install/aiguillages/lib/libaiguillages__rosidl_typesupport_cpp.so" to ""\n'}
[10.309801] (aiguillages) StdoutLine: {'line': b'-- Installing: /home/user/celluleflexible/ros_ws/install/aiguillages/share/aiguillages/environment/pythonpath.sh\n'}
[10.309830] (aiguillages) StdoutLine: {'line': b'-- Installing: /home/user/celluleflexible/ros_ws/install/aiguillages/share/aiguillages/environment/pythonpath.dsv\n'}
[10.309853] (aiguillages) StdoutLine: {'line': b'-- Installing: /home/user/celluleflexible/ros_ws/install/aiguillages/lib/python3.12/site-packages/aiguillages-3.1.2-py3.12.egg-info\n'}
[10.309878] (aiguillages) StdoutLine: {'line': b'-- Installing: /home/user/celluleflexible/ros_ws/install/aiguillages/lib/python3.12/site-packages/aiguillages-3.1.2-py3.12.egg-info/SOURCES.txt\n'}
[10.309900] (aiguillages) StdoutLine: {'line': b'-- Installing: /home/user/celluleflexible/ros_ws/install/aiguillages/lib/python3.12/site-packages/aiguillages-3.1.2-py3.12.egg-info/top_level.txt\n'}
[10.309922] (aiguillages) StdoutLine: {'line': b'-- Installing: /home/user/celluleflexible/ros_ws/install/aiguillages/lib/python3.12/site-packages/aiguillages-3.1.2-py3.12.egg-info/PKG-INFO\n'}
[10.309944] (aiguillages) StdoutLine: {'line': b'-- Installing: /home/user/celluleflexible/ros_ws/install/aiguillages/lib/python3.12/site-packages/aiguillages-3.1.2-py3.12.egg-info/dependency_links.txt\n'}
[10.309967] (aiguillages) StdoutLine: {'line': b'-- Installing: /home/user/celluleflexible/ros_ws/install/aiguillages/lib/python3.12/site-packages/aiguillages\n'}
[10.309989] (aiguillages) StdoutLine: {'line': b'-- Installing: /home/user/celluleflexible/ros_ws/install/aiguillages/lib/python3.12/site-packages/aiguillages/_aiguillages_s.ep.rosidl_typesupport_introspection_c.c\n'}
[10.310011] (aiguillages) StdoutLine: {'line': b'-- Installing: /home/user/celluleflexible/ros_ws/install/aiguillages/lib/python3.12/site-packages/aiguillages/msg\n'}
[10.310032] (aiguillages) StdoutLine: {'line': b'-- Installing: /home/user/celluleflexible/ros_ws/install/aiguillages/lib/python3.12/site-packages/aiguillages/msg/__init__.py\n'}
[10.310053] (aiguillages) StdoutLine: {'line': b'-- Installing: /home/user/celluleflexible/ros_ws/install/aiguillages/lib/python3.12/site-packages/aiguillages/msg/_exchange_sh_s.c\n'}
[10.310075] (aiguillages) StdoutLine: {'line': b'-- Installing: /home/user/celluleflexible/ros_ws/install/aiguillages/lib/python3.12/site-packages/aiguillages/msg/_actionneurs.py\n'}
[10.310096] (aiguillages) StdoutLine: {'line': b'-- Installing: /home/user/celluleflexible/ros_ws/install/aiguillages/lib/python3.12/site-packages/aiguillages/msg/_msg_sensor_state.py\n'}
[10.310118] (aiguillages) StdoutLine: {'line': b'-- Installing: /home/user/celluleflexible/ros_ws/install/aiguillages/lib/python3.12/site-packages/aiguillages/msg/_exchange_sh.py\n'}
[10.310140] (aiguillages) StdoutLine: {'line': b'-- Installing: /home/user/celluleflexible/ros_ws/install/aiguillages/lib/python3.12/site-packages/aiguillages/msg/_capteurs.py\n'}
[10.310161] (aiguillages) StdoutLine: {'line': b'-- Installing: /home/user/celluleflexible/ros_ws/install/aiguillages/lib/python3.12/site-packages/aiguillages/msg/_capteurs_s.c\n'}
[10.310213] (aiguillages) StdoutLine: {'line': b'-- Installing: /home/user/celluleflexible/ros_ws/install/aiguillages/lib/python3.12/site-packages/aiguillages/msg/_actionneurs_s.c\n'}
[10.310242] (aiguillages) StdoutLine: {'line': b'-- Installing: /home/user/celluleflexible/ros_ws/install/aiguillages/lib/python3.12/site-packages/aiguillages/msg/_msg_sensor_state_s.c\n'}
[10.310266] (aiguillages) StdoutLine: {'line': b'-- Installing: /home/user/celluleflexible/ros_ws/install/aiguillages/lib/python3.12/site-packages/aiguillages/__init__.py\n'}
[10.310289] (aiguillages) StdoutLine: {'line': b'-- Installing: /home/user/celluleflexible/ros_ws/install/aiguillages/lib/python3.12/site-packages/aiguillages/_aiguillages_s.ep.rosidl_typesupport_fastrtps_c.c\n'}
[10.310311] (aiguillages) StdoutLine: {'line': b'-- Installing: /home/user/celluleflexible/ros_ws/install/aiguillages/lib/python3.12/site-packages/aiguillages/aiguillages_s__rosidl_typesupport_c.so\n'}
[10.310333] (aiguillages) StdoutLine: {'line': b'-- Installing: /home/user/celluleflexible/ros_ws/install/aiguillages/lib/python3.12/site-packages/aiguillages/aiguillages_s__rosidl_typesupport_introspection_c.so\n'}
[10.310354] (aiguillages) StdoutLine: {'line': b'-- Installing: /home/user/celluleflexible/ros_ws/install/aiguillages/lib/python3.12/site-packages/aiguillages/_aiguillages_s.ep.rosidl_typesupport_c.c\n'}
[10.310376] (aiguillages) StdoutLine: {'line': b'-- Installing: /home/user/celluleflexible/ros_ws/install/aiguillages/lib/python3.12/site-packages/aiguillages/aiguillages_s__rosidl_typesupport_fastrtps_c.so\n'}
[10.331661] (aiguillages) StdoutLine: {'line': b"Listing '/home/user/celluleflexible/ros_ws/install/aiguillages/lib/python3.12/site-packages/aiguillages'...\n"}
[10.331760] (aiguillages) StdoutLine: {'line': b"Compiling '/home/user/celluleflexible/ros_ws/install/aiguillages/lib/python3.12/site-packages/aiguillages/__init__.py'...\n"}
[10.331791] (aiguillages) StdoutLine: {'line': b"Listing '/home/user/celluleflexible/ros_ws/install/aiguillages/lib/python3.12/site-packages/aiguillages/msg'...\n"}
[10.331818] (aiguillages) StdoutLine: {'line': b"Compiling '/home/user/celluleflexible/ros_ws/install/aiguillages/lib/python3.12/site-packages/aiguillages/msg/__init__.py'...\n"}
[10.331851] (aiguillages) StdoutLine: {'line': b"Compiling '/home/user/celluleflexible/ros_ws/install/aiguillages/lib/python3.12/site-packages/aiguillages/msg/_actionneurs.py'...\n"}
[10.331875] (aiguillages) StdoutLine: {'line': b"Compiling '/home/user/celluleflexible/ros_ws/install/aiguillages/lib/python3.12/site-packages/aiguillages/msg/_capteurs.py'...\n"}
[10.331898] (aiguillages) StdoutLine: {'line': b"Compiling '/home/user/celluleflexible/ros_ws/install/aiguillages/lib/python3.12/site-packages/aiguillages/msg/_exchange_sh.py'...\n"}
[10.331920] (aiguillages) StdoutLine: {'line': b"Compiling '/home/user/celluleflexible/ros_ws/install/aiguillages/lib/python3.12/site-packages/aiguillages/msg/_msg_sensor_state.py'...\n"}
[10.334215] (aiguillages) StdoutLine: {'line': b'-- Installing: /home/user/celluleflexible/ros_ws/install/aiguillages/lib/python3.12/site-packages/aiguillages/aiguillages_s__rosidl_typesupport_fastrtps_c.so\n'}
[10.334538] (aiguillages) StdoutLine: {'line': b'-- Set non-toolchain portion of runtime path of "/home/user/celluleflexible/ros_ws/install/aiguillages/lib/python3.12/site-packages/aiguillages/aiguillages_s__rosidl_typesupport_fastrtps_c.so" to ""\n'}
[10.334597] (aiguillages) StdoutLine: {'line': b'-- Installing: /home/user/celluleflexible/ros_ws/install/aiguillages/lib/python3.12/site-packages/aiguillages/aiguillages_s__rosidl_typesupport_introspection_c.so\n'}
[10.334629] (aiguillages) StdoutLine: {'line': b'-- Set non-toolchain portion of runtime path of "/home/user/celluleflexible/ros_ws/install/aiguillages/lib/python3.12/site-packages/aiguillages/aiguillages_s__rosidl_typesupport_introspection_c.so" to ""\n'}
[10.334885] (aiguillages) StdoutLine: {'line': b'-- Installing: /home/user/celluleflexible/ros_ws/install/aiguillages/lib/python3.12/site-packages/aiguillages/aiguillages_s__rosidl_typesupport_c.so\n'}
[10.334930] (aiguillages) StdoutLine: {'line': b'-- Set non-toolchain portion of runtime path of "/home/user/celluleflexible/ros_ws/install/aiguillages/lib/python3.12/site-packages/aiguillages/aiguillages_s__rosidl_typesupport_c.so" to ""\n'}
[10.334995] (aiguillages) StdoutLine: {'line': b'-- Installing: /home/user/celluleflexible/ros_ws/install/aiguillages/lib/libaiguillages__rosidl_generator_py.so\n'}
[10.335261] (aiguillages) StdoutLine: {'line': b'-- Set non-toolchain portion of runtime path of "/home/user/celluleflexible/ros_ws/install/aiguillages/lib/libaiguillages__rosidl_generator_py.so" to ""\n'}
[10.335380] (aiguillages) StdoutLine: {'line': b'-- Installing: /home/user/celluleflexible/ros_ws/install/aiguillages/share/aiguillages/msg/Capteurs.idl\n'}
[10.335450] (aiguillages) StdoutLine: {'line': b'-- Installing: /home/user/celluleflexible/ros_ws/install/aiguillages/share/aiguillages/msg/Actionneurs.idl\n'}
[10.335479] (aiguillages) StdoutLine: {'line': b'-- Installing: /home/user/celluleflexible/ros_ws/install/aiguillages/share/aiguillages/msg/ExchangeSh.idl\n'}
[10.335610] (aiguillages) StdoutLine: {'line': b'-- Installing: /home/user/celluleflexible/ros_ws/install/aiguillages/share/aiguillages/msg/MsgSensorState.idl\n'}
[10.335641] (aiguillages) StdoutLine: {'line': b'-- Installing: /home/user/celluleflexible/ros_ws/install/aiguillages/share/aiguillages/msg/Capteurs.msg\n'}
[10.335692] (aiguillages) StdoutLine: {'line': b'-- Installing: /home/user/celluleflexible/ros_ws/install/aiguillages/share/aiguillages/msg/Actionneurs.msg\n'}
[10.335900] (aiguillages) StdoutLine: {'line': b'-- Installing: /home/user/celluleflexible/ros_ws/install/aiguillages/share/aiguillages/msg/ExchangeSh.msg\n'}
[10.335940] (aiguillages) StdoutLine: {'line': b'-- Installing: /home/user/celluleflexible/ros_ws/install/aiguillages/share/aiguillages/msg/MsgSensorState.msg\n'}
[10.335965] (aiguillages) StdoutLine: {'line': b'-- Installing: /home/user/celluleflexible/ros_ws/install/aiguillages/lib/aiguillages/run_Aiguillage\n'}
[10.338392] (aiguillages) StdoutLine: {'line': b'-- Set non-toolchain portion of runtime path of "/home/user/celluleflexible/ros_ws/install/aiguillages/lib/aiguillages/run_Aiguillage" to ""\n'}
[10.338634] (aiguillages) StdoutLine: {'line': b'-- Installing: /home/user/celluleflexible/ros_ws/install/aiguillages/share/ament_index/resource_index/package_run_dependencies/aiguillages\n'}
[10.338710] (aiguillages) StdoutLine: {'line': b'-- Installing: /home/user/celluleflexible/ros_ws/install/aiguillages/share/ament_index/resource_index/parent_prefix_path/aiguillages\n'}
[10.338750] (aiguillages) StdoutLine: {'line': b'-- Installing: /home/user/celluleflexible/ros_ws/install/aiguillages/share/aiguillages/environment/ament_prefix_path.sh\n'}
[10.338814] (aiguillages) StdoutLine: {'line': b'-- Installing: /home/user/celluleflexible/ros_ws/install/aiguillages/share/aiguillages/environment/ament_prefix_path.dsv\n'}
[10.339045] (aiguillages) StdoutLine: {'line': b'-- Installing: /home/user/celluleflexible/ros_ws/install/aiguillages/share/aiguillages/environment/path.sh\n'}
[10.339087] (aiguillages) StdoutLine: {'line': b'-- Installing: /home/user/celluleflexible/ros_ws/install/aiguillages/share/aiguillages/environment/path.dsv\n'}
[10.339114] (aiguillages) StdoutLine: {'line': b'-- Installing: /home/user/celluleflexible/ros_ws/install/aiguillages/share/aiguillages/local_setup.bash\n'}
[10.339180] (aiguillages) StdoutLine: {'line': b'-- Installing: /home/user/celluleflexible/ros_ws/install/aiguillages/share/aiguillages/local_setup.sh\n'}
[10.339244] (aiguillages) StdoutLine: {'line': b'-- Installing: /home/user/celluleflexible/ros_ws/install/aiguillages/share/aiguillages/local_setup.zsh\n'}
[10.339310] (aiguillages) StdoutLine: {'line': b'-- Installing: /home/user/celluleflexible/ros_ws/install/aiguillages/share/aiguillages/local_setup.dsv\n'}
[10.339376] (aiguillages) StdoutLine: {'line': b'-- Installing: /home/user/celluleflexible/ros_ws/install/aiguillages/share/aiguillages/package.dsv\n'}
[10.339432] (aiguillages) StdoutLine: {'line': b'-- Installing: /home/user/celluleflexible/ros_ws/install/aiguillages/share/ament_index/resource_index/packages/aiguillages\n'}
[10.339629] (aiguillages) StdoutLine: {'line': b'-- Installing: /home/user/celluleflexible/ros_ws/install/aiguillages/share/aiguillages/cmake/export_aiguillages__rosidl_generator_cExport.cmake\n'}
[10.339704] (aiguillages) StdoutLine: {'line': b'-- Installing: /home/user/celluleflexible/ros_ws/install/aiguillages/share/aiguillages/cmake/export_aiguillages__rosidl_generator_cExport-noconfig.cmake\n'}
[10.339773] (aiguillages) StdoutLine: {'line': b'-- Installing: /home/user/celluleflexible/ros_ws/install/aiguillages/share/aiguillages/cmake/export_aiguillages__rosidl_typesupport_fastrtps_cExport.cmake\n'}
[10.339838] (aiguillages) StdoutLine: {'line': b'-- Installing: /home/user/celluleflexible/ros_ws/install/aiguillages/share/aiguillages/cmake/export_aiguillages__rosidl_typesupport_fastrtps_cExport-noconfig.cmake\n'}
[10.339902] (aiguillages) StdoutLine: {'line': b'-- Installing: /home/user/celluleflexible/ros_ws/install/aiguillages/share/aiguillages/cmake/export_aiguillages__rosidl_generator_cppExport.cmake\n'}
[10.339961] (aiguillages) StdoutLine: {'line': b'-- Installing: /home/user/celluleflexible/ros_ws/install/aiguillages/share/aiguillages/cmake/export_aiguillages__rosidl_typesupport_fastrtps_cppExport.cmake\n'}
[10.339998] (aiguillages) StdoutLine: {'line': b'-- Installing: /home/user/celluleflexible/ros_ws/install/aiguillages/share/aiguillages/cmake/export_aiguillages__rosidl_typesupport_fastrtps_cppExport-noconfig.cmake\n'}
[10.340057] (aiguillages) StdoutLine: {'line': b'-- Installing: /home/user/celluleflexible/ros_ws/install/aiguillages/share/aiguillages/cmake/aiguillages__rosidl_typesupport_introspection_cExport.cmake\n'}
[10.340119] (aiguillages) StdoutLine: {'line': b'-- Installing: /home/user/celluleflexible/ros_ws/install/aiguillages/share/aiguillages/cmake/aiguillages__rosidl_typesupport_introspection_cExport-noconfig.cmake\n'}
[10.340179] (aiguillages) StdoutLine: {'line': b'-- Installing: /home/user/celluleflexible/ros_ws/install/aiguillages/share/aiguillages/cmake/aiguillages__rosidl_typesupport_cExport.cmake\n'}
[10.340412] (aiguillages) StdoutLine: {'line': b'-- Installing: /home/user/celluleflexible/ros_ws/install/aiguillages/share/aiguillages/cmake/aiguillages__rosidl_typesupport_cExport-noconfig.cmake\n'}
[10.340490] (aiguillages) StdoutLine: {'line': b'-- Installing: /home/user/celluleflexible/ros_ws/install/aiguillages/share/aiguillages/cmake/aiguillages__rosidl_typesupport_introspection_cppExport.cmake\n'}
[10.340576] (aiguillages) StdoutLine: {'line': b'-- Installing: /home/user/celluleflexible/ros_ws/install/aiguillages/share/aiguillages/cmake/aiguillages__rosidl_typesupport_introspection_cppExport-noconfig.cmake\n'}
[10.340645] (aiguillages) StdoutLine: {'line': b'-- Installing: /home/user/celluleflexible/ros_ws/install/aiguillages/share/aiguillages/cmake/aiguillages__rosidl_typesupport_cppExport.cmake\n'}
[10.340718] (aiguillages) StdoutLine: {'line': b'-- Installing: /home/user/celluleflexible/ros_ws/install/aiguillages/share/aiguillages/cmake/aiguillages__rosidl_typesupport_cppExport-noconfig.cmake\n'}
[10.340808] (aiguillages) StdoutLine: {'line': b'-- Installing: /home/user/celluleflexible/ros_ws/install/aiguillages/share/aiguillages/cmake/export_aiguillages__rosidl_generator_pyExport.cmake\n'}
[10.340881] (aiguillages) StdoutLine: {'line': b'-- Installing: /home/user/celluleflexible/ros_ws/install/aiguillages/share/aiguillages/cmake/export_aiguillages__rosidl_generator_pyExport-noconfig.cmake\n'}
[10.340944] (aiguillages) StdoutLine: {'line': b'-- Installing: /home/user/celluleflexible/ros_ws/install/aiguillages/share/aiguillages/cmake/rosidl_cmake-extras.cmake\n'}
[10.341007] (aiguillages) StdoutLine: {'line': b'-- Installing: /home/user/celluleflexible/ros_ws/install/aiguillages/share/aiguillages/cmake/ament_cmake_export_dependencies-extras.cmake\n'}
[10.341068] (aiguillages) StdoutLine: {'line': b'-- Installing: /home/user/celluleflexible/ros_ws/install/aiguillages/share/aiguillages/cmake/ament_cmake_export_include_directories-extras.cmake\n'}
[10.341153] (aiguillages) StdoutLine: {'line': b'-- Installing: /home/user/celluleflexible/ros_ws/install/aiguillages/share/aiguillages/cmake/ament_cmake_export_libraries-extras.cmake\n'}
[10.341267] (aiguillages) StdoutLine: {'line': b'-- Installing: /home/user/celluleflexible/ros_ws/install/aiguillages/share/aiguillages/cmake/ament_cmake_export_targets-extras.cmake\n'}
[10.341295] (aiguillages) StdoutLine: {'line': b'-- Installing: /home/user/celluleflexible/ros_ws/install/aiguillages/share/aiguillages/cmake/rosidl_cmake_export_typesupport_targets-extras.cmake\n'}
[10.341322] (aiguillages) StdoutLine: {'line': b'-- Installing: /home/user/celluleflexible/ros_ws/install/aiguillages/share/aiguillages/cmake/rosidl_cmake_export_typesupport_libraries-extras.cmake\n'}
[10.341345] (aiguillages) StdoutLine: {'line': b'-- Installing: /home/user/celluleflexible/ros_ws/install/aiguillages/share/aiguillages/cmake/aiguillagesConfig.cmake\n'}
[10.341367] (aiguillages) StdoutLine: {'line': b'-- Installing: /home/user/celluleflexible/ros_ws/install/aiguillages/share/aiguillages/cmake/aiguillagesConfig-version.cmake\n'}
[10.341389] (aiguillages) StdoutLine: {'line': b'-- Installing: /home/user/celluleflexible/ros_ws/install/aiguillages/share/aiguillages/package.xml\n'}
[10.342508] (aiguillages) CommandEnded: {'returncode': 0}
[10.363320] (aiguillages) JobEnded: {'identifier': 'aiguillages', 'rc': 0}
[10.363983] (-) TimerEvent: {}
[10.365326] (commande_locale) JobStarted: {'identifier': 'commande_locale'}
[10.379605] (commande_locale) JobProgress: {'identifier': 'commande_locale', 'progress': 'cmake'}
[10.380357] (commande_locale) Command: {'cmd': ['/usr/bin/cmake', '/home/user/celluleflexible/ros_ws/src/commande_locale', '-DCMAKE_INSTALL_PREFIX=/home/user/celluleflexible/ros_ws/install/commande_locale'], 'cwd': '/home/user/celluleflexible/ros_ws/build/commande_locale', 'env': OrderedDict({'LESSOPEN': '| /usr/bin/lesspipe %s', 'USER': 'user', 'XDG_SESSION_TYPE': 'wayland', 'SHLVL': '1', 'LD_LIBRARY_PATH': '/home/user/celluleflexible/ros_ws/install/aiguillages/lib:/opt/ros/jazzy/opt/rviz_ogre_vendor/lib:/opt/ros/jazzy/lib/x86_64-linux-gnu:/opt/ros/jazzy/opt/gz_math_vendor/lib:/opt/ros/jazzy/opt/gz_utils_vendor/lib:/opt/ros/jazzy/opt/gz_cmake_vendor/lib:/opt/ros/jazzy/lib', 'HOME': '/home/user', 'DESKTOP_SESSION': 'ubuntu', 'ROS_PYTHON_VERSION': '3', 'GNOME_SHELL_SESSION_MODE': 'ubuntu', 'GTK_MODULES': 'gail:atk-bridge', 'DBUS_STARTER_BUS_TYPE': 'session', 'SYSTEMD_EXEC_PID': '2235', 'GSM_SKIP_SSH_AGENT_WORKAROUND': 'true', 'DBUS_SESSION_BUS_ADDRESS': 'unix:path=/run/user/1000/bus,guid=64ae93b45aaa44cc537f8918698b2ccd', 'COLORTERM': 'truecolor', 'DEBUGINFOD_URLS': 'https://debuginfod.ubuntu.com', 'IM_CONFIG_PHASE': '1', 'WAYLAND_DISPLAY': 'wayland-0', 'ROS_DISTRO': 'jazzy', 'LOGNAME': 'user', '_': '/usr/bin/colcon', 'ROS_VERSION': '2', 'MEMORY_PRESSURE_WATCH': '/sys/fs/cgroup/user.slice/user-1000.slice/user@1000.service/app.slice/app-gnome\\x2dsession\\x2dmanager.slice/gnome-session-manager@ubuntu.service/memory.pressure', 'XDG_SESSION_CLASS': 'user', 'USERNAME': 'user', 'TERM': 'xterm-256color', 'GNOME_DESKTOP_SESSION_ID': 'this-is-deprecated', 'PATH': '/opt/ros/jazzy/bin:/usr/local/sbin:/usr/local/bin:/usr/sbin:/usr/bin:/sbin:/bin:/usr/games:/usr/local/games:/snap/bin:/snap/bin', 'SESSION_MANAGER': 'local/Ubuntu:@/tmp/.ICE-unix/2235,unix/Ubuntu:/tmp/.ICE-unix/2235', 'XDG_MENU_PREFIX': 'gnome-', 'GNOME_TERMINAL_SCREEN': '/org/gnome/Terminal/screen/0033d02d_7488_4db9_b7a1_9c2679603dae', 'GNOME_SETUP_DISPLAY': ':1', 'XDG_RUNTIME_DIR': '/run/user/1000', 'DISPLAY': ':0', 'LANG': 'en_US.UTF-8', 'XDG_CURRENT_DESKTOP': 'ubuntu:GNOME', 'XMODIFIERS': '@im=ibus', 'XDG_SESSION_DESKTOP': 'ubuntu', 'XAUTHORITY': '/run/user/1000/.mutter-Xwaylandauth.GUV6J3', 'LS_COLORS': 'rs=0:di=01;34:ln=01;36:mh=00:pi=40;33:so=01;35:do=01;35:bd=40;33;01:cd=40;33;01:or=40;31;01:mi=00:su=37;41:sg=30;43:ca=00:tw=30;42:ow=34;42:st=37;44:ex=01;32:*.tar=01;31:*.tgz=01;31:*.arc=01;31:*.arj=01;31:*.taz=01;31:*.lha=01;31:*.lz4=01;31:*.lzh=01;31:*.lzma=01;31:*.tlz=01;31:*.txz=01;31:*.tzo=01;31:*.t7z=01;31:*.zip=01;31:*.z=01;31:*.dz=01;31:*.gz=01;31:*.lrz=01;31:*.lz=01;31:*.lzo=01;31:*.xz=01;31:*.zst=01;31:*.tzst=01;31:*.bz2=01;31:*.bz=01;31:*.tbz=01;31:*.tbz2=01;31:*.tz=01;31:*.deb=01;31:*.rpm=01;31:*.jar=01;31:*.war=01;31:*.ear=01;31:*.sar=01;31:*.rar=01;31:*.alz=01;31:*.ace=01;31:*.zoo=01;31:*.cpio=01;31:*.7z=01;31:*.rz=01;31:*.cab=01;31:*.wim=01;31:*.swm=01;31:*.dwm=01;31:*.esd=01;31:*.avif=01;35:*.jpg=01;35:*.jpeg=01;35:*.mjpg=01;35:*.mjpeg=01;35:*.gif=01;35:*.bmp=01;35:*.pbm=01;35:*.pgm=01;35:*.ppm=01;35:*.tga=01;35:*.xbm=01;35:*.xpm=01;35:*.tif=01;35:*.tiff=01;35:*.png=01;35:*.svg=01;35:*.svgz=01;35:*.mng=01;35:*.pcx=01;35:*.mov=01;35:*.mpg=01;35:*.mpeg=01;35:*.m2v=01;35:*.mkv=01;35:*.webm=01;35:*.webp=01;35:*.ogm=01;35:*.mp4=01;35:*.m4v=01;35:*.mp4v=01;35:*.vob=01;35:*.qt=01;35:*.nuv=01;35:*.wmv=01;35:*.asf=01;35:*.rm=01;35:*.rmvb=01;35:*.flc=01;35:*.avi=01;35:*.fli=01;35:*.flv=01;35:*.gl=01;35:*.dl=01;35:*.xcf=01;35:*.xwd=01;35:*.yuv=01;35:*.cgm=01;35:*.emf=01;35:*.ogv=01;35:*.ogx=01;35:*.aac=00;36:*.au=00;36:*.flac=00;36:*.m4a=00;36:*.mid=00;36:*.midi=00;36:*.mka=00;36:*.mp3=00;36:*.mpc=00;36:*.ogg=00;36:*.ra=00;36:*.wav=00;36:*.oga=00;36:*.opus=00;36:*.spx=00;36:*.xspf=00;36:*~=00;90:*#=00;90:*.bak=00;90:*.crdownload=00;90:*.dpkg-dist=00;90:*.dpkg-new=00;90:*.dpkg-old=00;90:*.dpkg-tmp=00;90:*.old=00;90:*.orig=00;90:*.part=00;90:*.rej=00;90:*.rpmnew=00;90:*.rpmorig=00;90:*.rpmsave=00;90:*.swp=00;90:*.tmp=00;90:*.ucf-dist=00;90:*.ucf-new=00;90:*.ucf-old=00;90:', 'GNOME_TERMINAL_SERVICE': ':1.513', 'SSH_AUTH_SOCK': '/run/user/1000/keyring/ssh', 'AMENT_PREFIX_PATH': '/home/user/celluleflexible/ros_ws/install/aiguillages:/opt/ros/jazzy', 'SHELL': '/bin/bash', 'QT_ACCESSIBILITY': '1', 'GDMSESSION': 'ubuntu', 'LESSCLOSE': '/usr/bin/lesspipe %s %s', 'ROS_AUTOMATIC_DISCOVERY_RANGE': 'SUBNET', 'QT_IM_MODULE': 'ibus', 'PWD': '/home/user/celluleflexible/ros_ws/build/commande_locale', 'LC_ALL': 'en_US.UTF-8', 'XDG_CONFIG_DIRS': '/etc/xdg/xdg-ubuntu:/etc/xdg', 'DBUS_STARTER_ADDRESS': 'unix:path=/run/user/1000/bus,guid=64ae93b45aaa44cc537f8918698b2ccd', 'XDG_DATA_DIRS': '/usr/share/ubuntu:/usr/share/gnome:/usr/local/share/:/usr/share/:/var/lib/snapd/desktop', 'PYTHONPATH': '/home/user/celluleflexible/ros_ws/install/aiguillages/lib/python3.12/site-packages:/opt/ros/jazzy/lib/python3.12/site-packages', 'COLCON': '1', 'MEMORY_PRESSURE_WRITE': 'c29tZSAyMDAwMDAgMjAwMDAwMAA=', 'VTE_VERSION': '7600', 'CMAKE_PREFIX_PATH': '/home/user/celluleflexible/ros_ws/install/aiguillages:/opt/ros/jazzy/opt/gz_math_vendor:/opt/ros/jazzy/opt/gz_utils_vendor:/opt/ros/jazzy/opt/gz_cmake_vendor:/opt/ros/jazzy'}), 'shell': False}
[10.429606] (commande_locale) StdoutLine: {'line': b'-- The C compiler identification is GNU 13.3.0\n'}
[10.465377] (-) TimerEvent: {}
[10.484263] (commande_locale) StdoutLine: {'line': b'-- The CXX compiler identification is GNU 13.3.0\n'}
[10.501145] (commande_locale) StdoutLine: {'line': b'-- Detecting C compiler ABI info\n'}
[10.565904] (-) TimerEvent: {}
[10.583719] (commande_locale) StdoutLine: {'line': b'-- Detecting C compiler ABI info - done\n'}
[10.589397] (commande_locale) StdoutLine: {'line': b'-- Check for working C compiler: /usr/bin/cc - skipped\n'}
[10.589553] (commande_locale) StdoutLine: {'line': b'-- Detecting C compile features\n'}
[10.589799] (commande_locale) StdoutLine: {'line': b'-- Detecting C compile features - done\n'}
[10.601320] (commande_locale) StdoutLine: {'line': b'-- Detecting CXX compiler ABI info\n'}
[10.680040] (-) TimerEvent: {}
[10.696702] (commande_locale) StdoutLine: {'line': b'-- Detecting CXX compiler ABI info - done\n'}
[10.703237] (commande_locale) StdoutLine: {'line': b'-- Check for working CXX compiler: /usr/bin/c++ - skipped\n'}
[10.703992] (commande_locale) StdoutLine: {'line': b'-- Detecting CXX compile features\n'}
[10.704225] (commande_locale) StdoutLine: {'line': b'-- Detecting CXX compile features - done\n'}
[10.706058] (commande_locale) StdoutLine: {'line': b'-- Found ament_cmake: 2.5.5 (/opt/ros/jazzy/share/ament_cmake/cmake)\n'}
[10.780580] (-) TimerEvent: {}
[10.804909] (commande_locale) StdoutLine: {'line': b'-- Found Python3: /usr/bin/python3 (found version "3.12.3") found components: Interpreter \n'}
[10.861890] (commande_locale) StdoutLine: {'line': b'-- Found rclcpp: 28.1.16 (/opt/ros/jazzy/share/rclcpp/cmake)\n'}
[10.880573] (-) TimerEvent: {}
[10.882133] (commande_locale) StdoutLine: {'line': b'-- Found rosidl_generator_c: 4.6.7 (/opt/ros/jazzy/share/rosidl_generator_c/cmake)\n'}
[10.889012] (commande_locale) StdoutLine: {'line': b'-- Found rosidl_generator_cpp: 4.6.7 (/opt/ros/jazzy/share/rosidl_generator_cpp/cmake)\n'}
[10.896859] (commande_locale) StdoutLine: {'line': b'-- Using all available rosidl_typesupport_c: rosidl_typesupport_fastrtps_c;rosidl_typesupport_introspection_c\n'}
[10.906159] (commande_locale) StdoutLine: {'line': b'-- Using all available rosidl_typesupport_cpp: rosidl_typesupport_fastrtps_cpp;rosidl_typesupport_introspection_cpp\n'}
[10.945672] (commande_locale) StdoutLine: {'line': b'-- Found rmw_implementation_cmake: 7.3.3 (/opt/ros/jazzy/share/rmw_implementation_cmake/cmake)\n'}
[10.947695] (commande_locale) StdoutLine: {'line': b'-- Found rmw_fastrtps_cpp: 8.4.3 (/opt/ros/jazzy/share/rmw_fastrtps_cpp/cmake)\n'}
[10.983084] (-) TimerEvent: {}
[11.013648] (commande_locale) StdoutLine: {'line': b'-- Found OpenSSL: /usr/lib/x86_64-linux-gnu/libcrypto.so (found version "3.0.13")  \n'}
[11.026726] (commande_locale) StdoutLine: {'line': b'-- Found FastRTPS: /opt/ros/jazzy/include (Required is at least version "2.13") \n'}
[11.042613] (commande_locale) StdoutLine: {'line': b"-- Using RMW implementation 'rmw_fastrtps_cpp' as default\n"}
[11.084198] (commande_locale) StdoutLine: {'line': b'-- Found std_msgs: 5.3.6 (/opt/ros/jazzy/share/std_msgs/cmake)\n'}
[11.084285] (-) TimerEvent: {}
[11.093516] (commande_locale) StdoutLine: {'line': b'-- Found sensor_msgs: 5.3.6 (/opt/ros/jazzy/share/sensor_msgs/cmake)\n'}
[11.125166] (commande_locale) StdoutLine: {'line': b'-- Found image_transport: 5.1.7 (/opt/ros/jazzy/share/image_transport/cmake)\n'}
[11.140450] (commande_locale) StdoutLine: {'line': b'-- Found cv_bridge: 4.1.0 (/opt/ros/jazzy/share/cv_bridge/cmake)\n'}
[11.145889] (commande_locale) StdoutLine: {'line': b'-- Found aiguillages: 3.1.2 (/home/user/celluleflexible/ros_ws/install/aiguillages/share/aiguillages/cmake)\n'}
[11.155972] (commande_locale) StdoutLine: {'line': b'-- Found OpenCV: /usr (found version "4.6.0") \n'}
[11.156937] (commande_locale) StdoutLine: {'line': b'-- Found rosidl_default_generators: 1.6.0 (/opt/ros/jazzy/share/rosidl_default_generators/cmake)\n'}
[11.164388] (commande_locale) StdoutLine: {'line': b'-- Found rosidl_adapter: 4.6.7 (/opt/ros/jazzy/share/rosidl_adapter/cmake)\n'}
[11.184843] (-) TimerEvent: {}
[11.307998] (-) TimerEvent: {}
[11.410211] (-) TimerEvent: {}
[11.511499] (-) TimerEvent: {}
[11.599918] (commande_locale) StdoutLine: {'line': b'-- Found ament_cmake_ros: 0.12.0 (/opt/ros/jazzy/share/ament_cmake_ros/cmake)\n'}
[11.616926] (-) TimerEvent: {}
[11.717966] (-) TimerEvent: {}
[11.820499] (-) TimerEvent: {}
[11.921763] (-) TimerEvent: {}
[12.024139] (-) TimerEvent: {}
[12.126957] (-) TimerEvent: {}
[12.134339] (commande_locale) StdoutLine: {'line': b'-- Using all available rosidl_typesupport_c: rosidl_typesupport_fastrtps_c;rosidl_typesupport_introspection_c\n'}
[12.229428] (-) TimerEvent: {}
[12.335035] (-) TimerEvent: {}
[12.342034] (commande_locale) StdoutLine: {'line': b'-- Using all available rosidl_typesupport_cpp: rosidl_typesupport_fastrtps_cpp;rosidl_typesupport_introspection_cpp\n'}
[12.343860] (commande_locale) StdoutLine: {'line': b'-- Found python_cmake_module: 0.11.1 (/opt/ros/jazzy/share/python_cmake_module/cmake)\n'}
[12.435350] (-) TimerEvent: {}
[12.437972] (commande_locale) StdoutLine: {'line': b'-- Found PythonExtra: /usr/bin/python3  \n'}
[12.535547] (-) TimerEvent: {}
[12.644013] (-) TimerEvent: {}
[12.732649] (commande_locale) StdoutLine: {'line': b'-- Found Python3: /usr/bin/python3 (found version "3.12.3") found components: Interpreter Development NumPy Development.Module Development.Embed \n'}
[12.744498] (-) TimerEvent: {}
[12.767187] (commande_locale) StdoutLine: {'line': b'-- Configuring done (2.4s)\n'}
[12.803080] (commande_locale) StdoutLine: {'line': b'-- Generating done (0.0s)\n'}
[12.811211] (commande_locale) StdoutLine: {'line': b'-- Build files have been written to: /home/user/celluleflexible/ros_ws/build/commande_locale\n'}
[12.820997] (commande_locale) CommandEnded: {'returncode': 0}
[12.822249] (commande_locale) JobProgress: {'identifier': 'commande_locale', 'progress': 'build'}
[12.822265] (commande_locale) Command: {'cmd': ['/usr/bin/cmake', '--build', '/home/user/celluleflexible/ros_ws/build/commande_locale', '--', '-j8', '-l8'], 'cwd': '/home/user/celluleflexible/ros_ws/build/commande_locale', 'env': OrderedDict({'LESSOPEN': '| /usr/bin/lesspipe %s', 'USER': 'user', 'XDG_SESSION_TYPE': 'wayland', 'SHLVL': '1', 'LD_LIBRARY_PATH': '/home/user/celluleflexible/ros_ws/install/aiguillages/lib:/opt/ros/jazzy/opt/rviz_ogre_vendor/lib:/opt/ros/jazzy/lib/x86_64-linux-gnu:/opt/ros/jazzy/opt/gz_math_vendor/lib:/opt/ros/jazzy/opt/gz_utils_vendor/lib:/opt/ros/jazzy/opt/gz_cmake_vendor/lib:/opt/ros/jazzy/lib', 'HOME': '/home/user', 'DESKTOP_SESSION': 'ubuntu', 'ROS_PYTHON_VERSION': '3', 'GNOME_SHELL_SESSION_MODE': 'ubuntu', 'GTK_MODULES': 'gail:atk-bridge', 'DBUS_STARTER_BUS_TYPE': 'session', 'SYSTEMD_EXEC_PID': '2235', 'GSM_SKIP_SSH_AGENT_WORKAROUND': 'true', 'DBUS_SESSION_BUS_ADDRESS': 'unix:path=/run/user/1000/bus,guid=64ae93b45aaa44cc537f8918698b2ccd', 'COLORTERM': 'truecolor', 'DEBUGINFOD_URLS': 'https://debuginfod.ubuntu.com', 'IM_CONFIG_PHASE': '1', 'WAYLAND_DISPLAY': 'wayland-0', 'ROS_DISTRO': 'jazzy', 'LOGNAME': 'user', '_': '/usr/bin/colcon', 'ROS_VERSION': '2', 'MEMORY_PRESSURE_WATCH': '/sys/fs/cgroup/user.slice/user-1000.slice/user@1000.service/app.slice/app-gnome\\x2dsession\\x2dmanager.slice/gnome-session-manager@ubuntu.service/memory.pressure', 'XDG_SESSION_CLASS': 'user', 'USERNAME': 'user', 'TERM': 'xterm-256color', 'GNOME_DESKTOP_SESSION_ID': 'this-is-deprecated', 'PATH': '/opt/ros/jazzy/bin:/usr/local/sbin:/usr/local/bin:/usr/sbin:/usr/bin:/sbin:/bin:/usr/games:/usr/local/games:/snap/bin:/snap/bin', 'SESSION_MANAGER': 'local/Ubuntu:@/tmp/.ICE-unix/2235,unix/Ubuntu:/tmp/.ICE-unix/2235', 'XDG_MENU_PREFIX': 'gnome-', 'GNOME_TERMINAL_SCREEN': '/org/gnome/Terminal/screen/0033d02d_7488_4db9_b7a1_9c2679603dae', 'GNOME_SETUP_DISPLAY': ':1', 'XDG_RUNTIME_DIR': '/run/user/1000', 'DISPLAY': ':0', 'LANG': 'en_US.UTF-8', 'XDG_CURRENT_DESKTOP': 'ubuntu:GNOME', 'XMODIFIERS': '@im=ibus', 'XDG_SESSION_DESKTOP': 'ubuntu', 'XAUTHORITY': '/run/user/1000/.mutter-Xwaylandauth.GUV6J3', 'LS_COLORS': 'rs=0:di=01;34:ln=01;36:mh=00:pi=40;33:so=01;35:do=01;35:bd=40;33;01:cd=40;33;01:or=40;31;01:mi=00:su=37;41:sg=30;43:ca=00:tw=30;42:ow=34;42:st=37;44:ex=01;32:*.tar=01;31:*.tgz=01;31:*.arc=01;31:*.arj=01;31:*.taz=01;31:*.lha=01;31:*.lz4=01;31:*.lzh=01;31:*.lzma=01;31:*.tlz=01;31:*.txz=01;31:*.tzo=01;31:*.t7z=01;31:*.zip=01;31:*.z=01;31:*.dz=01;31:*.gz=01;31:*.lrz=01;31:*.lz=01;31:*.lzo=01;31:*.xz=01;31:*.zst=01;31:*.tzst=01;31:*.bz2=01;31:*.bz=01;31:*.tbz=01;31:*.tbz2=01;31:*.tz=01;31:*.deb=01;31:*.rpm=01;31:*.jar=01;31:*.war=01;31:*.ear=01;31:*.sar=01;31:*.rar=01;31:*.alz=01;31:*.ace=01;31:*.zoo=01;31:*.cpio=01;31:*.7z=01;31:*.rz=01;31:*.cab=01;31:*.wim=01;31:*.swm=01;31:*.dwm=01;31:*.esd=01;31:*.avif=01;35:*.jpg=01;35:*.jpeg=01;35:*.mjpg=01;35:*.mjpeg=01;35:*.gif=01;35:*.bmp=01;35:*.pbm=01;35:*.pgm=01;35:*.ppm=01;35:*.tga=01;35:*.xbm=01;35:*.xpm=01;35:*.tif=01;35:*.tiff=01;35:*.png=01;35:*.svg=01;35:*.svgz=01;35:*.mng=01;35:*.pcx=01;35:*.mov=01;35:*.mpg=01;35:*.mpeg=01;35:*.m2v=01;35:*.mkv=01;35:*.webm=01;35:*.webp=01;35:*.ogm=01;35:*.mp4=01;35:*.m4v=01;35:*.mp4v=01;35:*.vob=01;35:*.qt=01;35:*.nuv=01;35:*.wmv=01;35:*.asf=01;35:*.rm=01;35:*.rmvb=01;35:*.flc=01;35:*.avi=01;35:*.fli=01;35:*.flv=01;35:*.gl=01;35:*.dl=01;35:*.xcf=01;35:*.xwd=01;35:*.yuv=01;35:*.cgm=01;35:*.emf=01;35:*.ogv=01;35:*.ogx=01;35:*.aac=00;36:*.au=00;36:*.flac=00;36:*.m4a=00;36:*.mid=00;36:*.midi=00;36:*.mka=00;36:*.mp3=00;36:*.mpc=00;36:*.ogg=00;36:*.ra=00;36:*.wav=00;36:*.oga=00;36:*.opus=00;36:*.spx=00;36:*.xspf=00;36:*~=00;90:*#=00;90:*.bak=00;90:*.crdownload=00;90:*.dpkg-dist=00;90:*.dpkg-new=00;90:*.dpkg-old=00;90:*.dpkg-tmp=00;90:*.old=00;90:*.orig=00;90:*.part=00;90:*.rej=00;90:*.rpmnew=00;90:*.rpmorig=00;90:*.rpmsave=00;90:*.swp=00;90:*.tmp=00;90:*.ucf-dist=00;90:*.ucf-new=00;90:*.ucf-old=00;90:', 'GNOME_TERMINAL_SERVICE': ':1.513', 'SSH_AUTH_SOCK': '/run/user/1000/keyring/ssh', 'AMENT_PREFIX_PATH': '/home/user/celluleflexible/ros_ws/install/aiguillages:/opt/ros/jazzy', 'SHELL': '/bin/bash', 'QT_ACCESSIBILITY': '1', 'GDMSESSION': 'ubuntu', 'LESSCLOSE': '/usr/bin/lesspipe %s %s', 'ROS_AUTOMATIC_DISCOVERY_RANGE': 'SUBNET', 'QT_IM_MODULE': 'ibus', 'PWD': '/home/user/celluleflexible/ros_ws/build/commande_locale', 'LC_ALL': 'en_US.UTF-8', 'XDG_CONFIG_DIRS': '/etc/xdg/xdg-ubuntu:/etc/xdg', 'DBUS_STARTER_ADDRESS': 'unix:path=/run/user/1000/bus,guid=64ae93b45aaa44cc537f8918698b2ccd', 'XDG_DATA_DIRS': '/usr/share/ubuntu:/usr/share/gnome:/usr/local/share/:/usr/share/:/var/lib/snapd/desktop', 'PYTHONPATH': '/home/user/celluleflexible/ros_ws/install/aiguillages/lib/python3.12/site-packages:/opt/ros/jazzy/lib/python3.12/site-packages', 'COLCON': '1', 'MEMORY_PRESSURE_WRITE': 'c29tZSAyMDAwMDAgMjAwMDAwMAA=', 'VTE_VERSION': '7600', 'CMAKE_PREFIX_PATH': '/home/user/celluleflexible/ros_ws/install/aiguillages:/opt/ros/jazzy/opt/gz_math_vendor:/opt/ros/jazzy/opt/gz_utils_vendor:/opt/ros/jazzy/opt/gz_cmake_vendor:/opt/ros/jazzy'}), 'shell': False}
[12.845925] (-) TimerEvent: {}
[12.878762] (commande_locale) StdoutLine: {'line': b'[  0%] \x1b[34m\x1b[1mGenerating type hashes for ROS interfaces\x1b[0m\n'}
[12.885390] (commande_locale) StdoutLine: {'line': b'[  0%] Built target ament_cmake_python_copy_commande_locale\n'}
[12.947318] (-) TimerEvent: {}
[13.013046] (commande_locale) StdoutLine: {'line': b'running egg_info\n'}
[13.015383] (commande_locale) StdoutLine: {'line': b'creating commande_locale.egg-info\n'}
[13.025974] (commande_locale) StdoutLine: {'line': b'writing commande_locale.egg-info/PKG-INFO\n'}
[13.026106] (commande_locale) StdoutLine: {'line': b'writing dependency_links to commande_locale.egg-info/dependency_links.txt\n'}
[13.026164] (commande_locale) StdoutLine: {'line': b'writing top-level names to commande_locale.egg-info/top_level.txt\n'}
[13.026211] (commande_locale) StdoutLine: {'line': b"writing manifest file 'commande_locale.egg-info/SOURCES.txt'\n"}
[13.047574] (-) TimerEvent: {}
[13.066263] (commande_locale) StdoutLine: {'line': b'[  0%] Built target commande_locale__rosidl_generator_type_description\n'}
[13.069769] (commande_locale) StdoutLine: {'line': b"reading manifest file 'commande_locale.egg-info/SOURCES.txt'\n"}
[13.069979] (commande_locale) StdoutLine: {'line': b"writing manifest file 'commande_locale.egg-info/SOURCES.txt'\n"}
[13.079690] (commande_locale) StdoutLine: {'line': b'[  1%] \x1b[34m\x1b[1mGenerating C code for ROS interfaces\x1b[0m\n'}
[13.088617] (commande_locale) StdoutLine: {'line': b'[  1%] \x1b[34m\x1b[1mGenerating C++ code for ROS interfaces\x1b[0m\n'}
[13.093292] (commande_locale) StdoutLine: {'line': b'[  1%] Built target ament_cmake_python_build_commande_locale_egg\n'}
[13.150996] (-) TimerEvent: {}
[13.257124] (-) TimerEvent: {}
[13.363136] (-) TimerEvent: {}
[13.465938] (-) TimerEvent: {}
[13.500644] (commande_locale) StdoutLine: {'line': b'[  1%] Built target commande_locale__cpp\n'}
[13.569642] (-) TimerEvent: {}
[13.635483] (commande_locale) StdoutLine: {'line': b'[  2%] \x1b[32mBuilding C object CMakeFiles/commande_locale__rosidl_generator_c.dir/rosidl_generator_c/commande_locale/srv/detail/srv_fin_init__description.c.o\x1b[0m\n'}
[13.637184] (commande_locale) StdoutLine: {'line': b'[  3%] \x1b[32mBuilding C object CMakeFiles/commande_locale__rosidl_generator_c.dir/rosidl_generator_c/commande_locale/srv/detail/srv_add_product__description.c.o\x1b[0m\n'}
[13.637505] (commande_locale) StdoutLine: {'line': b'[  4%] \x1b[32mBuilding C object CMakeFiles/commande_locale__rosidl_generator_c.dir/rosidl_generator_c/commande_locale/srv/detail/srv_fin_init__functions.c.o\x1b[0m\n'}
[13.637548] (commande_locale) StdoutLine: {'line': b'[  5%] \x1b[32mBuilding C object CMakeFiles/commande_locale__rosidl_generator_c.dir/rosidl_generator_c/commande_locale/srv/detail/srv_fin_init__type_support.c.o\x1b[0m\n'}
[13.638341] (commande_locale) StdoutLine: {'line': b'[  5%] \x1b[32mBuilding C object CMakeFiles/commande_locale__rosidl_generator_c.dir/rosidl_generator_c/commande_locale/srv/detail/srv_add_product__functions.c.o\x1b[0m\n'}
[13.638770] (commande_locale) StdoutLine: {'line': b'[  6%] \x1b[32mBuilding C object CMakeFiles/commande_locale__rosidl_generator_c.dir/rosidl_generator_c/commande_locale/srv/detail/srv_add_product__type_support.c.o\x1b[0m\n'}
[13.639912] (commande_locale) StdoutLine: {'line': b'[  6%] \x1b[32mBuilding C object CMakeFiles/commande_locale__rosidl_generator_c.dir/rosidl_generator_c/commande_locale/srv/detail/srv_add_product_push_back__description.c.o\x1b[0m\n'}
[13.640666] (commande_locale) StdoutLine: {'line': b'[  7%] \x1b[32mBuilding C object CMakeFiles/commande_locale__rosidl_generator_c.dir/rosidl_generator_c/commande_locale/srv/detail/srv_add_product_push_back__functions.c.o\x1b[0m\n'}
[13.674606] (-) TimerEvent: {}
[13.717773] (commande_locale) StdoutLine: {'line': b'[  8%] \x1b[32mBuilding C object CMakeFiles/commande_locale__rosidl_generator_c.dir/rosidl_generator_c/commande_locale/srv/detail/srv_add_product_push_back__type_support.c.o\x1b[0m\n'}
[13.718307] (commande_locale) StdoutLine: {'line': b'[  8%] \x1b[32mBuilding C object CMakeFiles/commande_locale__rosidl_generator_c.dir/rosidl_generator_c/commande_locale/msg/detail/msg_add_product__functions.c.o\x1b[0m\n'}
[13.718762] (commande_locale) StdoutLine: {'line': b'[  9%] \x1b[32mBuilding C object CMakeFiles/commande_locale__rosidl_generator_c.dir/rosidl_generator_c/commande_locale/msg/detail/msg_add_product__description.c.o\x1b[0m\n'}
[13.728390] (commande_locale) StdoutLine: {'line': b'[ 10%] \x1b[32mBuilding C object CMakeFiles/commande_locale__rosidl_generator_c.dir/rosidl_generator_c/commande_locale/msg/detail/msg_add_product__type_support.c.o\x1b[0m\n'}
[13.728526] (commande_locale) StdoutLine: {'line': b'[ 11%] \x1b[32mBuilding C object CMakeFiles/commande_locale__rosidl_generator_c.dir/rosidl_generator_c/commande_locale/msg/detail/msg_stop_control__description.c.o\x1b[0m\n'}
[13.741901] (commande_locale) StdoutLine: {'line': b'[ 12%] \x1b[32mBuilding C object CMakeFiles/commande_locale__rosidl_generator_c.dir/rosidl_generator_c/commande_locale/msg/detail/msg_stop_control__functions.c.o\x1b[0m\n'}
[13.752514] (commande_locale) StdoutLine: {'line': b'[ 13%] \x1b[32mBuilding C object CMakeFiles/commande_locale__rosidl_generator_c.dir/rosidl_generator_c/commande_locale/msg/detail/msg_stop_control__type_support.c.o\x1b[0m\n'}
[13.758643] (commande_locale) StdoutLine: {'line': b'[ 13%] \x1b[32mBuilding C object CMakeFiles/commande_locale__rosidl_generator_c.dir/rosidl_generator_c/commande_locale/msg/detail/msg_color__description.c.o\x1b[0m\n'}
[13.774921] (-) TimerEvent: {}
[13.782119] (commande_locale) StdoutLine: {'line': b'[ 14%] \x1b[32mBuilding C object CMakeFiles/commande_locale__rosidl_generator_c.dir/rosidl_generator_c/commande_locale/msg/detail/msg_color__functions.c.o\x1b[0m\n'}
[13.809724] (commande_locale) StdoutLine: {'line': b'[ 15%] \x1b[32mBuilding C object CMakeFiles/commande_locale__rosidl_generator_c.dir/rosidl_generator_c/commande_locale/msg/detail/msg_color__type_support.c.o\x1b[0m\n'}
[13.810142] (commande_locale) StdoutLine: {'line': b'[ 15%] \x1b[32mBuilding C object CMakeFiles/commande_locale__rosidl_generator_c.dir/rosidl_generator_c/commande_locale/msg/detail/msg_switch_control__functions.c.o\x1b[0m\n'}
[13.810218] (commande_locale) StdoutLine: {'line': b'[ 16%] \x1b[32mBuilding C object CMakeFiles/commande_locale__rosidl_generator_c.dir/rosidl_generator_c/commande_locale/msg/detail/msg_switch_control__description.c.o\x1b[0m\n'}
[13.810252] (commande_locale) StdoutLine: {'line': b'[ 17%] \x1b[32mBuilding C object CMakeFiles/commande_locale__rosidl_generator_c.dir/rosidl_generator_c/commande_locale/msg/detail/msg_switch_control__type_support.c.o\x1b[0m\n'}
[13.812625] (commande_locale) StdoutLine: {'line': b'[ 18%] \x1b[32mBuilding C object CMakeFiles/commande_locale__rosidl_generator_c.dir/rosidl_generator_c/commande_locale/msg/detail/msg_pin_control__description.c.o\x1b[0m\n'}
[13.824067] (commande_locale) StdoutLine: {'line': b'[ 19%] \x1b[32mBuilding C object CMakeFiles/commande_locale__rosidl_generator_c.dir/rosidl_generator_c/commande_locale/msg/detail/msg_pin_control__functions.c.o\x1b[0m\n'}
[13.831045] (commande_locale) StdoutLine: {'line': b'[ 20%] \x1b[32mBuilding C object CMakeFiles/commande_locale__rosidl_generator_c.dir/rosidl_generator_c/commande_locale/msg/detail/msg_pin_control__type_support.c.o\x1b[0m\n'}
[13.841356] (commande_locale) StdoutLine: {'line': b'[ 20%] \x1b[32mBuilding C object CMakeFiles/commande_locale__rosidl_generator_c.dir/rosidl_generator_c/commande_locale/msg/detail/msg_erreur__description.c.o\x1b[0m\n'}
[13.843393] (commande_locale) StdoutLine: {'line': b'[ 21%] \x1b[32mBuilding C object CMakeFiles/commande_locale__rosidl_generator_c.dir/rosidl_generator_c/commande_locale/msg/detail/msg_erreur__functions.c.o\x1b[0m\n'}
[13.850788] (commande_locale) StdoutLine: {'line': b'[ 22%] \x1b[32mBuilding C object CMakeFiles/commande_locale__rosidl_generator_c.dir/rosidl_generator_c/commande_locale/msg/detail/msg_erreur__type_support.c.o\x1b[0m\n'}
[13.854578] (commande_locale) StdoutLine: {'line': b'[ 23%] \x1b[32mBuilding C object CMakeFiles/commande_locale__rosidl_generator_c.dir/rosidl_generator_c/commande_locale/msg/detail/msg_choix_mode__description.c.o\x1b[0m\n'}
[13.858282] (commande_locale) StdoutLine: {'line': b'[ 24%] \x1b[32mBuilding C object CMakeFiles/commande_locale__rosidl_generator_c.dir/rosidl_generator_c/commande_locale/msg/detail/msg_choix_mode__functions.c.o\x1b[0m\n'}
[13.858400] (commande_locale) StdoutLine: {'line': b'[ 24%] \x1b[32mBuilding C object CMakeFiles/commande_locale__rosidl_generator_c.dir/rosidl_generator_c/commande_locale/msg/detail/msg_choix_mode__type_support.c.o\x1b[0m\n'}
[13.875877] (-) TimerEvent: {}
[13.897901] (commande_locale) StdoutLine: {'line': b'[ 25%] \x1b[32m\x1b[1mLinking C shared library libcommande_locale__rosidl_generator_c.so\x1b[0m\n'}
[13.939023] (commande_locale) StdoutLine: {'line': b'[ 25%] Built target commande_locale__rosidl_generator_c\n'}
[13.951607] (commande_locale) StdoutLine: {'line': b'[ 28%] \x1b[34m\x1b[1mGenerating C type support for eProsima Fast-RTPS\x1b[0m\n'}
[13.954367] (commande_locale) StdoutLine: {'line': b'[ 28%] \x1b[34m\x1b[1mGenerating C type support dispatch for ROS interfaces\x1b[0m\n'}
[13.954440] (commande_locale) StdoutLine: {'line': b'[ 28%] \x1b[34m\x1b[1mGenerating C++ type support for eProsima Fast-RTPS\x1b[0m\n'}
[13.954743] (commande_locale) StdoutLine: {'line': b'[ 30%] \x1b[34m\x1b[1mGenerating C++ introspection for ROS interfaces\x1b[0m\n'}
[13.954948] (commande_locale) StdoutLine: {'line': b'[ 29%] \x1b[34m\x1b[1mGenerating C++ type support dispatch for ROS interfaces\x1b[0m\n'}
[13.954994] (commande_locale) StdoutLine: {'line': b'[ 30%] \x1b[34m\x1b[1mGenerating C introspection for ROS interfaces\x1b[0m\n'}
[13.996073] (-) TimerEvent: {}
[14.196950] (-) TimerEvent: {}
[14.286305] (commande_locale) StdoutLine: {'line': b'[ 31%] \x1b[32mBuilding CXX object CMakeFiles/commande_locale__rosidl_typesupport_c.dir/rosidl_typesupport_c/commande_locale/srv/srv_fin_init__type_support.cpp.o\x1b[0m\n'}
[14.286453] (commande_locale) StdoutLine: {'line': b'[ 32%] \x1b[32mBuilding CXX object CMakeFiles/commande_locale__rosidl_typesupport_c.dir/rosidl_typesupport_c/commande_locale/srv/srv_add_product__type_support.cpp.o\x1b[0m\n'}
[14.289151] (commande_locale) StdoutLine: {'line': b'[ 32%] \x1b[32mBuilding CXX object CMakeFiles/commande_locale__rosidl_typesupport_cpp.dir/rosidl_typesupport_cpp/commande_locale/srv/srv_add_product__type_support.cpp.o\x1b[0m\n'}
[14.291064] (commande_locale) StdoutLine: {'line': b'[ 33%] \x1b[32mBuilding CXX object CMakeFiles/commande_locale__rosidl_typesupport_c.dir/rosidl_typesupport_c/commande_locale/srv/srv_add_product_push_back__type_support.cpp.o\x1b[0m\n'}
[14.321101] (commande_locale) StdoutLine: {'line': b'[ 33%] \x1b[32mBuilding CXX object CMakeFiles/commande_locale__rosidl_typesupport_c.dir/rosidl_typesupport_c/commande_locale/msg/msg_add_product__type_support.cpp.o\x1b[0m\n'}
[14.321241] (-) TimerEvent: {}
[14.321768] (commande_locale) StdoutLine: {'line': b'[ 34%] \x1b[32mBuilding CXX object CMakeFiles/commande_locale__rosidl_typesupport_c.dir/rosidl_typesupport_c/commande_locale/msg/msg_stop_control__type_support.cpp.o\x1b[0m\n'}
[14.364526] (commande_locale) StdoutLine: {'line': b'[ 35%] \x1b[32mBuilding CXX object CMakeFiles/commande_locale__rosidl_typesupport_c.dir/rosidl_typesupport_c/commande_locale/msg/msg_color__type_support.cpp.o\x1b[0m\n'}
[14.398235] (commande_locale) StdoutLine: {'line': b'[ 36%] \x1b[32mBuilding CXX object CMakeFiles/commande_locale__rosidl_typesupport_c.dir/rosidl_typesupport_c/commande_locale/msg/msg_switch_control__type_support.cpp.o\x1b[0m\n'}
[14.398690] (commande_locale) StdoutLine: {'line': b'[ 36%] \x1b[32mBuilding CXX object CMakeFiles/commande_locale__rosidl_typesupport_c.dir/rosidl_typesupport_c/commande_locale/msg/msg_pin_control__type_support.cpp.o\x1b[0m\n'}
[14.403238] (commande_locale) StdoutLine: {'line': b'[ 37%] \x1b[32mBuilding CXX object CMakeFiles/commande_locale__rosidl_typesupport_c.dir/rosidl_typesupport_c/commande_locale/msg/msg_erreur__type_support.cpp.o\x1b[0m\n'}
[14.423328] (-) TimerEvent: {}
[14.441266] (commande_locale) StdoutLine: {'line': b'[ 38%] \x1b[32mBuilding CXX object CMakeFiles/commande_locale__rosidl_typesupport_cpp.dir/rosidl_typesupport_cpp/commande_locale/srv/srv_fin_init__type_support.cpp.o\x1b[0m\n'}
[14.458605] (commande_locale) StdoutLine: {'line': b'[ 39%] \x1b[32mBuilding CXX object CMakeFiles/commande_locale__rosidl_typesupport_c.dir/rosidl_typesupport_c/commande_locale/msg/msg_choix_mode__type_support.cpp.o\x1b[0m\n'}
[14.514551] (commande_locale) StdoutLine: {'line': b'[ 40%] \x1b[32m\x1b[1mLinking CXX shared library libcommande_locale__rosidl_typesupport_c.so\x1b[0m\n'}
[14.518721] (commande_locale) StdoutLine: {'line': b'[ 41%] \x1b[32mBuilding CXX object CMakeFiles/commande_locale__rosidl_typesupport_cpp.dir/rosidl_typesupport_cpp/commande_locale/srv/srv_add_product_push_back__type_support.cpp.o\x1b[0m\n'}
[14.524883] (-) TimerEvent: {}
[14.526387] (commande_locale) StdoutLine: {'line': b'[ 42%] \x1b[32mBuilding CXX object CMakeFiles/commande_locale__rosidl_typesupport_introspection_cpp.dir/rosidl_typesupport_introspection_cpp/commande_locale/srv/detail/srv_add_product__type_support.cpp.o\x1b[0m\n'}
[14.560934] (commande_locale) StdoutLine: {'line': b'[ 43%] \x1b[32mBuilding C object CMakeFiles/commande_locale__rosidl_typesupport_introspection_c.dir/rosidl_typesupport_introspection_c/commande_locale/srv/detail/srv_add_product__type_support.c.o\x1b[0m\n'}
[14.594331] (commande_locale) StdoutLine: {'line': b'[ 43%] Built target commande_locale__rosidl_typesupport_c\n'}
[14.617046] (commande_locale) StdoutLine: {'line': b'[ 43%] \x1b[32mBuilding C object CMakeFiles/commande_locale__rosidl_typesupport_introspection_c.dir/rosidl_typesupport_introspection_c/commande_locale/srv/detail/srv_fin_init__type_support.c.o\x1b[0m\n'}
[14.625298] (-) TimerEvent: {}
[14.681915] (commande_locale) StdoutLine: {'line': b'[ 44%] \x1b[32mBuilding CXX object CMakeFiles/commande_locale__rosidl_typesupport_cpp.dir/rosidl_typesupport_cpp/commande_locale/msg/msg_add_product__type_support.cpp.o\x1b[0m\n'}
[14.691345] (commande_locale) StdoutLine: {'line': b'[ 45%] \x1b[32mBuilding C object CMakeFiles/commande_locale__rosidl_typesupport_introspection_c.dir/rosidl_typesupport_introspection_c/commande_locale/srv/detail/srv_add_product_push_back__type_support.c.o\x1b[0m\n'}
[14.697865] (commande_locale) StdoutLine: {'line': b'[ 46%] \x1b[32mBuilding CXX object CMakeFiles/commande_locale__rosidl_typesupport_cpp.dir/rosidl_typesupport_cpp/commande_locale/msg/msg_stop_control__type_support.cpp.o\x1b[0m\n'}
[14.719301] (commande_locale) StdoutLine: {'line': b'[ 47%] \x1b[32mBuilding CXX object CMakeFiles/commande_locale__rosidl_typesupport_fastrtps_cpp.dir/rosidl_typesupport_fastrtps_cpp/commande_locale/srv/detail/dds_fastrtps/srv_add_product__type_support.cpp.o\x1b[0m\n'}
[14.727045] (-) TimerEvent: {}
[14.755747] (commande_locale) StdoutLine: {'line': b'[ 48%] \x1b[32mBuilding C object CMakeFiles/commande_locale__rosidl_typesupport_introspection_c.dir/rosidl_typesupport_introspection_c/commande_locale/msg/detail/msg_add_product__type_support.c.o\x1b[0m\n'}
[14.789222] (commande_locale) StdoutLine: {'line': b'[ 49%] \x1b[32mBuilding CXX object CMakeFiles/commande_locale__rosidl_typesupport_fastrtps_c.dir/rosidl_typesupport_fastrtps_c/commande_locale/srv/detail/srv_add_product__type_support_c.cpp.o\x1b[0m\n'}
[14.792802] (commande_locale) StdoutLine: {'line': b'[ 50%] \x1b[32mBuilding C object CMakeFiles/commande_locale__rosidl_typesupport_introspection_c.dir/rosidl_typesupport_introspection_c/commande_locale/msg/detail/msg_stop_control__type_support.c.o\x1b[0m\n'}
[14.827439] (-) TimerEvent: {}
[14.833990] (commande_locale) StdoutLine: {'line': b'[ 50%] \x1b[32mBuilding C object CMakeFiles/commande_locale__rosidl_typesupport_introspection_c.dir/rosidl_typesupport_introspection_c/commande_locale/msg/detail/msg_color__type_support.c.o\x1b[0m\n'}
[14.839173] (commande_locale) StdoutLine: {'line': b'[ 50%] \x1b[32mBuilding CXX object CMakeFiles/commande_locale__rosidl_typesupport_cpp.dir/rosidl_typesupport_cpp/commande_locale/msg/msg_color__type_support.cpp.o\x1b[0m\n'}
[14.870959] (commande_locale) StdoutLine: {'line': b'[ 51%] \x1b[32mBuilding C object CMakeFiles/commande_locale__rosidl_typesupport_introspection_c.dir/rosidl_typesupport_introspection_c/commande_locale/msg/detail/msg_switch_control__type_support.c.o\x1b[0m\n'}
[14.881248] (commande_locale) StdoutLine: {'line': b'[ 52%] \x1b[32mBuilding CXX object CMakeFiles/commande_locale__rosidl_typesupport_introspection_cpp.dir/rosidl_typesupport_introspection_cpp/commande_locale/srv/detail/srv_fin_init__type_support.cpp.o\x1b[0m\n'}
[14.893799] (commande_locale) StdoutLine: {'line': b'[ 53%] \x1b[32mBuilding CXX object CMakeFiles/commande_locale__rosidl_typesupport_fastrtps_cpp.dir/rosidl_typesupport_fastrtps_cpp/commande_locale/srv/detail/dds_fastrtps/srv_fin_init__type_support.cpp.o\x1b[0m\n'}
[14.912360] (commande_locale) StdoutLine: {'line': b'[ 54%] \x1b[32mBuilding C object CMakeFiles/commande_locale__rosidl_typesupport_introspection_c.dir/rosidl_typesupport_introspection_c/commande_locale/msg/detail/msg_pin_control__type_support.c.o\x1b[0m\n'}
[14.915034] (commande_locale) StdoutLine: {'line': b'[ 55%] \x1b[32mBuilding C object CMakeFiles/commande_locale__rosidl_typesupport_introspection_c.dir/rosidl_typesupport_introspection_c/commande_locale/msg/detail/msg_erreur__type_support.c.o\x1b[0m\n'}
[14.920433] (commande_locale) StdoutLine: {'line': b'[ 56%] \x1b[32mBuilding C object CMakeFiles/commande_locale__rosidl_typesupport_introspection_c.dir/rosidl_typesupport_introspection_c/commande_locale/msg/detail/msg_choix_mode__type_support.c.o\x1b[0m\n'}
[14.929255] (-) TimerEvent: {}
[14.948188] (commande_locale) StdoutLine: {'line': b'[ 57%] \x1b[32mBuilding CXX object CMakeFiles/commande_locale__rosidl_typesupport_fastrtps_cpp.dir/rosidl_typesupport_fastrtps_cpp/commande_locale/srv/detail/dds_fastrtps/srv_add_product_push_back__type_support.cpp.o\x1b[0m\n'}
[14.948503] (commande_locale) StdoutLine: {'line': b'[ 57%] \x1b[32mBuilding CXX object CMakeFiles/commande_locale__rosidl_typesupport_introspection_cpp.dir/rosidl_typesupport_introspection_cpp/commande_locale/srv/detail/srv_add_product_push_back__type_support.cpp.o\x1b[0m\n'}
[15.031294] (commande_locale) StdoutLine: {'line': b'[ 57%] \x1b[32m\x1b[1mLinking C shared library libcommande_locale__rosidl_typesupport_introspection_c.so\x1b[0m\n'}
[15.031444] (-) TimerEvent: {}
[15.061790] (commande_locale) StdoutLine: {'line': b'[ 58%] \x1b[32mBuilding CXX object CMakeFiles/commande_locale__rosidl_typesupport_cpp.dir/rosidl_typesupport_cpp/commande_locale/msg/msg_switch_control__type_support.cpp.o\x1b[0m\n'}
[15.073348] (commande_locale) StdoutLine: {'line': b'[ 58%] Built target commande_locale__rosidl_typesupport_introspection_c\n'}
[15.082033] (commande_locale) StdoutLine: {'line': b'[ 59%] \x1b[32mBuilding CXX object CMakeFiles/commande_locale__rosidl_typesupport_cpp.dir/rosidl_typesupport_cpp/commande_locale/msg/msg_pin_control__type_support.cpp.o\x1b[0m\n'}
[15.117812] (commande_locale) StdoutLine: {'line': b'[ 60%] \x1b[32mBuilding CXX object CMakeFiles/commande_locale__rosidl_typesupport_fastrtps_c.dir/rosidl_typesupport_fastrtps_c/commande_locale/srv/detail/srv_fin_init__type_support_c.cpp.o\x1b[0m\n'}
[15.137577] (commande_locale) StdoutLine: {'line': b'[ 61%] \x1b[32mBuilding CXX object CMakeFiles/commande_locale__rosidl_typesupport_introspection_cpp.dir/rosidl_typesupport_introspection_cpp/commande_locale/msg/detail/msg_add_product__type_support.cpp.o\x1b[0m\n'}
[15.137736] (-) TimerEvent: {}
[15.166156] (commande_locale) StdoutLine: {'line': b'[ 61%] \x1b[32mBuilding CXX object CMakeFiles/commande_locale__rosidl_typesupport_fastrtps_cpp.dir/rosidl_typesupport_fastrtps_cpp/commande_locale/msg/detail/dds_fastrtps/msg_add_product__type_support.cpp.o\x1b[0m\n'}
[15.196647] (commande_locale) StdoutLine: {'line': b'[ 62%] \x1b[32mBuilding CXX object CMakeFiles/commande_locale__rosidl_typesupport_introspection_cpp.dir/rosidl_typesupport_introspection_cpp/commande_locale/msg/detail/msg_stop_control__type_support.cpp.o\x1b[0m\n'}
[15.240813] (-) TimerEvent: {}
[15.290939] (commande_locale) StdoutLine: {'line': b'[ 63%] \x1b[32mBuilding CXX object CMakeFiles/commande_locale__rosidl_typesupport_cpp.dir/rosidl_typesupport_cpp/commande_locale/msg/msg_erreur__type_support.cpp.o\x1b[0m\n'}
[15.298682] (commande_locale) StdoutLine: {'line': b'[ 63%] \x1b[32mBuilding CXX object CMakeFiles/commande_locale__rosidl_typesupport_cpp.dir/rosidl_typesupport_cpp/commande_locale/msg/msg_choix_mode__type_support.cpp.o\x1b[0m\n'}
[15.309976] (commande_locale) StdoutLine: {'line': b'[ 64%] \x1b[32mBuilding CXX object CMakeFiles/commande_locale__rosidl_typesupport_fastrtps_cpp.dir/rosidl_typesupport_fastrtps_cpp/commande_locale/msg/detail/dds_fastrtps/msg_stop_control__type_support.cpp.o\x1b[0m\n'}
[15.348908] (-) TimerEvent: {}
[15.385027] (commande_locale) StdoutLine: {'line': b'[ 65%] \x1b[32mBuilding CXX object CMakeFiles/commande_locale__rosidl_typesupport_fastrtps_cpp.dir/rosidl_typesupport_fastrtps_cpp/commande_locale/msg/detail/dds_fastrtps/msg_color__type_support.cpp.o\x1b[0m\n'}
[15.389906] (commande_locale) StdoutLine: {'line': b'[ 66%] \x1b[32mBuilding CXX object CMakeFiles/commande_locale__rosidl_typesupport_introspection_cpp.dir/rosidl_typesupport_introspection_cpp/commande_locale/msg/detail/msg_color__type_support.cpp.o\x1b[0m\n'}
[15.445915] (commande_locale) StdoutLine: {'line': b'[ 67%] \x1b[32mBuilding CXX object CMakeFiles/commande_locale__rosidl_typesupport_introspection_cpp.dir/rosidl_typesupport_introspection_cpp/commande_locale/msg/detail/msg_switch_control__type_support.cpp.o\x1b[0m\n'}
[15.450098] (-) TimerEvent: {}
[15.473272] (commande_locale) StdoutLine: {'line': b'[ 67%] \x1b[32mBuilding CXX object CMakeFiles/commande_locale__rosidl_typesupport_fastrtps_c.dir/rosidl_typesupport_fastrtps_c/commande_locale/srv/detail/srv_add_product_push_back__type_support_c.cpp.o\x1b[0m\n'}
[15.508012] (commande_locale) StdoutLine: {'line': b'[ 68%] \x1b[32mBuilding CXX object CMakeFiles/commande_locale__rosidl_typesupport_fastrtps_c.dir/rosidl_typesupport_fastrtps_c/commande_locale/msg/detail/msg_add_product__type_support_c.cpp.o\x1b[0m\n'}
[15.510477] (commande_locale) StdoutLine: {'line': b'[ 69%] \x1b[32m\x1b[1mLinking CXX shared library libcommande_locale__rosidl_typesupport_cpp.so\x1b[0m\n'}
[15.516785] (commande_locale) StdoutLine: {'line': b'[ 70%] \x1b[32mBuilding CXX object CMakeFiles/commande_locale__rosidl_typesupport_fastrtps_cpp.dir/rosidl_typesupport_fastrtps_cpp/commande_locale/msg/detail/dds_fastrtps/msg_switch_control__type_support.cpp.o\x1b[0m\n'}
[15.559355] (-) TimerEvent: {}
[15.590734] (commande_locale) StdoutLine: {'line': b'[ 70%] Built target commande_locale__rosidl_typesupport_cpp\n'}
[15.606610] (commande_locale) StdoutLine: {'line': b'[ 70%] \x1b[32mBuilding CXX object CMakeFiles/commande_locale__rosidl_typesupport_introspection_cpp.dir/rosidl_typesupport_introspection_cpp/commande_locale/msg/detail/msg_pin_control__type_support.cpp.o\x1b[0m\n'}
[15.618401] (commande_locale) StdoutLine: {'line': b'[ 71%] \x1b[32mBuilding CXX object CMakeFiles/simulation.dir/src/commande_locale.cpp.o\x1b[0m\n'}
[15.650661] (commande_locale) StdoutLine: {'line': b'[ 72%] \x1b[32mBuilding CXX object CMakeFiles/commande_locale__rosidl_typesupport_fastrtps_cpp.dir/rosidl_typesupport_fastrtps_cpp/commande_locale/msg/detail/dds_fastrtps/msg_pin_control__type_support.cpp.o\x1b[0m\n'}
[15.673452] (-) TimerEvent: {}
[15.685124] (commande_locale) StdoutLine: {'line': b'[ 73%] \x1b[32mBuilding CXX object CMakeFiles/commande_locale__rosidl_typesupport_fastrtps_c.dir/rosidl_typesupport_fastrtps_c/commande_locale/msg/detail/msg_stop_control__type_support_c.cpp.o\x1b[0m\n'}
[15.697012] (commande_locale) StdoutLine: {'line': b'[ 73%] \x1b[32mBuilding CXX object CMakeFiles/commande_locale__rosidl_typesupport_fastrtps_cpp.dir/rosidl_typesupport_fastrtps_cpp/commande_locale/msg/detail/dds_fastrtps/msg_erreur__type_support.cpp.o\x1b[0m\n'}
[15.778779] (-) TimerEvent: {}
[15.815101] (commande_locale) StdoutLine: {'line': b'[ 74%] \x1b[32mBuilding CXX object CMakeFiles/commande_locale__rosidl_typesupport_fastrtps_c.dir/rosidl_typesupport_fastrtps_c/commande_locale/msg/detail/msg_color__type_support_c.cpp.o\x1b[0m\n'}
[15.822378] (commande_locale) StdoutLine: {'line': b'[ 75%] \x1b[32mBuilding CXX object CMakeFiles/commande_locale__rosidl_typesupport_introspection_cpp.dir/rosidl_typesupport_introspection_cpp/commande_locale/msg/detail/msg_erreur__type_support.cpp.o\x1b[0m\n'}
[15.826328] (commande_locale) StdoutLine: {'line': b'[ 76%] \x1b[32mBuilding CXX object CMakeFiles/commande_locale__rosidl_typesupport_fastrtps_cpp.dir/rosidl_typesupport_fastrtps_cpp/commande_locale/msg/detail/dds_fastrtps/msg_choix_mode__type_support.cpp.o\x1b[0m\n'}
[15.830681] (commande_locale) StdoutLine: {'line': b'[ 77%] \x1b[32mBuilding CXX object CMakeFiles/simulation.dir/src/vrepController.cpp.o\x1b[0m\n'}
[15.932342] (-) TimerEvent: {}
[15.960707] (commande_locale) StdoutLine: {'line': b'[ 78%] \x1b[32mBuilding CXX object CMakeFiles/simulation.dir/src/inOutController.cpp.o\x1b[0m\n'}
[15.984825] (commande_locale) StdoutLine: {'line': b'[ 78%] \x1b[32mBuilding CXX object CMakeFiles/commande_locale__rosidl_typesupport_fastrtps_c.dir/rosidl_typesupport_fastrtps_c/commande_locale/msg/detail/msg_switch_control__type_support_c.cpp.o\x1b[0m\n'}
[16.003079] (commande_locale) StdoutLine: {'line': b'[ 79%] \x1b[32mBuilding CXX object CMakeFiles/commande_locale__rosidl_typesupport_fastrtps_c.dir/rosidl_typesupport_fastrtps_c/commande_locale/msg/detail/msg_pin_control__type_support_c.cpp.o\x1b[0m\n'}
[16.063207] (-) TimerEvent: {}
[16.096197] (commande_locale) StdoutLine: {'line': b'[ 80%] \x1b[32mBuilding CXX object CMakeFiles/commande_locale__rosidl_typesupport_introspection_cpp.dir/rosidl_typesupport_introspection_cpp/commande_locale/msg/detail/msg_choix_mode__type_support.cpp.o\x1b[0m\n'}
[16.099987] (commande_locale) StdoutLine: {'line': b'[ 81%] \x1b[32mBuilding CXX object CMakeFiles/commande_locale__rosidl_typesupport_fastrtps_c.dir/rosidl_typesupport_fastrtps_c/commande_locale/msg/detail/msg_erreur__type_support_c.cpp.o\x1b[0m\n'}
[16.117424] (commande_locale) StdoutLine: {'line': b'[ 82%] \x1b[32m\x1b[1mLinking CXX shared library libcommande_locale__rosidl_typesupport_fastrtps_cpp.so\x1b[0m\n'}
[16.172728] (commande_locale) StdoutLine: {'line': b'[ 82%] Built target commande_locale__rosidl_typesupport_fastrtps_cpp\n'}
[16.172880] (-) TimerEvent: {}
[16.183792] (commande_locale) StdoutLine: {'line': b'[ 83%] \x1b[32mBuilding CXX object CMakeFiles/commande_locale__rosidl_typesupport_fastrtps_c.dir/rosidl_typesupport_fastrtps_c/commande_locale/msg/detail/msg_choix_mode__type_support_c.cpp.o\x1b[0m\n'}
[16.242324] (commande_locale) StdoutLine: {'line': b'[ 84%] \x1b[32m\x1b[1mLinking CXX shared library libcommande_locale__rosidl_typesupport_introspection_cpp.so\x1b[0m\n'}
[16.298476] (commande_locale) StdoutLine: {'line': b'[ 84%] Built target commande_locale__rosidl_typesupport_introspection_cpp\n'}
[16.298625] (-) TimerEvent: {}
[16.405082] (commande_locale) StdoutLine: {'line': b'[ 85%] \x1b[32m\x1b[1mLinking CXX shared library libcommande_locale__rosidl_typesupport_fastrtps_c.so\x1b[0m\n'}
[16.405271] (-) TimerEvent: {}
[16.500886] (commande_locale) StdoutLine: {'line': b'[ 85%] Built target commande_locale__rosidl_typesupport_fastrtps_c\n'}
[16.520272] (commande_locale) StdoutLine: {'line': b'[ 85%] Built target commande_locale\n'}
[16.520422] (-) TimerEvent: {}
[16.542302] (commande_locale) StdoutLine: {'line': b'[ 86%] \x1b[34m\x1b[1mGenerating Python code for ROS interfaces\x1b[0m\n'}
[17.042649] (commande_locale) StdoutLine: {'line': b'[ 86%] Built target commande_locale__py\n'}
[17.042804] (-) TimerEvent: {}
[17.064411] (commande_locale) StdoutLine: {'line': b'[ 87%] \x1b[32mBuilding C object CMakeFiles/commande_locale__rosidl_generator_py.dir/rosidl_generator_py/commande_locale/srv/_srv_add_product_s.c.o\x1b[0m\n'}
[17.064833] (commande_locale) StdoutLine: {'line': b'[ 88%] \x1b[32mBuilding C object CMakeFiles/commande_locale__rosidl_generator_py.dir/rosidl_generator_py/commande_locale/srv/_srv_add_product_push_back_s.c.o\x1b[0m\n'}
[17.065481] (commande_locale) StdoutLine: {'line': b'[ 89%] \x1b[32mBuilding C object CMakeFiles/commande_locale__rosidl_generator_py.dir/rosidl_generator_py/commande_locale/msg/_msg_stop_control_s.c.o\x1b[0m\n'}
[17.065544] (commande_locale) StdoutLine: {'line': b'[ 90%] \x1b[32mBuilding C object CMakeFiles/commande_locale__rosidl_generator_py.dir/rosidl_generator_py/commande_locale/msg/_msg_add_product_s.c.o\x1b[0m\n'}
[17.065580] (commande_locale) StdoutLine: {'line': b'[ 90%] \x1b[32mBuilding C object CMakeFiles/commande_locale__rosidl_generator_py.dir/rosidl_generator_py/commande_locale/srv/_srv_fin_init_s.c.o\x1b[0m\n'}
[17.131133] (commande_locale) StdoutLine: {'line': b'[ 91%] \x1b[32mBuilding C object CMakeFiles/commande_locale__rosidl_generator_py.dir/rosidl_generator_py/commande_locale/msg/_msg_color_s.c.o\x1b[0m\n'}
[17.131866] (commande_locale) StdoutLine: {'line': b'[ 92%] \x1b[32mBuilding C object CMakeFiles/commande_locale__rosidl_generator_py.dir/rosidl_generator_py/commande_locale/msg/_msg_switch_control_s.c.o\x1b[0m\n'}
[17.138823] (commande_locale) StdoutLine: {'line': b'[ 92%] \x1b[32mBuilding C object CMakeFiles/commande_locale__rosidl_generator_py.dir/rosidl_generator_py/commande_locale/msg/_msg_pin_control_s.c.o\x1b[0m\n'}
[17.139834] (commande_locale) StdoutLine: {'line': b'[ 93%] \x1b[32mBuilding C object CMakeFiles/commande_locale__rosidl_generator_py.dir/rosidl_generator_py/commande_locale/msg/_msg_erreur_s.c.o\x1b[0m\n'}
[17.140147] (commande_locale) StdoutLine: {'line': b'[ 94%] \x1b[32mBuilding C object CMakeFiles/commande_locale__rosidl_generator_py.dir/rosidl_generator_py/commande_locale/msg/_msg_choix_mode_s.c.o\x1b[0m\n'}
[17.206652] (commande_locale) StdoutLine: {'line': b'[ 95%] \x1b[32m\x1b[1mLinking C shared library libcommande_locale__rosidl_generator_py.so\x1b[0m\n'}
[17.206831] (-) TimerEvent: {}
[17.243029] (commande_locale) StdoutLine: {'line': b'[ 95%] Built target commande_locale__rosidl_generator_py\n'}
[17.262781] (commande_locale) StdoutLine: {'line': b'[ 97%] \x1b[32mBuilding C object CMakeFiles/commande_locale_s__rosidl_typesupport_fastrtps_c.dir/rosidl_generator_py/commande_locale/_commande_locale_s.ep.rosidl_typesupport_fastrtps_c.c.o\x1b[0m\n'}
[17.262989] (commande_locale) StdoutLine: {'line': b'[ 97%] \x1b[32mBuilding C object CMakeFiles/commande_locale_s__rosidl_typesupport_c.dir/rosidl_generator_py/commande_locale/_commande_locale_s.ep.rosidl_typesupport_c.c.o\x1b[0m\n'}
[17.263028] (commande_locale) StdoutLine: {'line': b'[ 97%] \x1b[32mBuilding C object CMakeFiles/commande_locale_s__rosidl_typesupport_introspection_c.dir/rosidl_generator_py/commande_locale/_commande_locale_s.ep.rosidl_typesupport_introspection_c.c.o\x1b[0m\n'}
[17.321860] (commande_locale) StderrLine: {'line': b'\x1b[01m\x1b[K/home/user/celluleflexible/ros_ws/src/commande_locale/src/inOutController.cpp:\x1b[m\x1b[K In member function \xe2\x80\x98\x1b[01m\x1b[Kvoid inOutController::\x1b[01;32m\x1b[KStatePinCallBack\x1b[m\x1b[K(commande_locale::msg::MsgPinControl_<std::allocator<void> >::SharedPtr)\x1b[m\x1b[K\xe2\x80\x99:\n'}
[17.322016] (-) TimerEvent: {}
[17.322136] (commande_locale) StderrLine: {'line': b'\x1b[01m\x1b[K/home/user/celluleflexible/ros_ws/src/commande_locale/src/inOutController.cpp:125:21:\x1b[m\x1b[K \x1b[01;31m\x1b[Kerror: \x1b[m\x1b[K\xe2\x80\x98\x1b[01m\x1b[Kusing aiguillages::msg::MsgSensorState = struct aiguillages::msg::MsgSensorState_<std::allocator<void> >\x1b[m\x1b[K\xe2\x80\x99 {aka \xe2\x80\x98\x1b[01m\x1b[Kstruct aiguillages::msg::MsgSensorState_<std::allocator<void> >\x1b[m\x1b[K\xe2\x80\x99} has no member named \xe2\x80\x98\x1b[01m\x1b[KCPI\x1b[m\x1b[K\xe2\x80\x99\n'}
[17.322193] (commande_locale) StderrLine: {'line': b'  125 |         SensorState.\x1b[01;31m\x1b[KCPI\x1b[m\x1b[K[i] = (PinOn.data & (int32_t)pow(2,i-1)) > 0;\n'}
[17.322225] (commande_locale) StderrLine: {'line': b'      |                     \x1b[01;31m\x1b[K^~~\x1b[m\x1b[K\n'}
[17.339222] (commande_locale) StdoutLine: {'line': b'[ 98%] \x1b[32m\x1b[1mLinking C shared module rosidl_generator_py/commande_locale/commande_locale_s__rosidl_typesupport_c.so\x1b[0m\n'}
[17.343717] (commande_locale) StdoutLine: {'line': b'[ 99%] \x1b[32m\x1b[1mLinking C shared module rosidl_generator_py/commande_locale/commande_locale_s__rosidl_typesupport_fastrtps_c.so\x1b[0m\n'}
[17.344231] (commande_locale) StdoutLine: {'line': b'[ 99%] \x1b[32m\x1b[1mLinking C shared module rosidl_generator_py/commande_locale/commande_locale_s__rosidl_typesupport_introspection_c.so\x1b[0m\n'}
[17.374970] (commande_locale) StdoutLine: {'line': b'[ 99%] Built target commande_locale_s__rosidl_typesupport_introspection_c\n'}
[17.375128] (commande_locale) StdoutLine: {'line': b'[ 99%] Built target commande_locale_s__rosidl_typesupport_c\n'}
[17.375161] (commande_locale) StderrLine: {'line': b'\x1b[01m\x1b[K/home/user/celluleflexible/ros_ws/src/commande_locale/src/inOutController.cpp:\x1b[m\x1b[K In member function \xe2\x80\x98\x1b[01m\x1b[Kvoid inOutController::\x1b[01;32m\x1b[Kinit\x1b[m\x1b[K(rclcpp::Node::SharedPtr)\x1b[m\x1b[K\xe2\x80\x99:\n'}
[17.375196] (commande_locale) StderrLine: {'line': b'\x1b[01m\x1b[K/home/user/celluleflexible/ros_ws/src/commande_locale/src/inOutController.cpp:172:21:\x1b[m\x1b[K \x1b[01;31m\x1b[Kerror: \x1b[m\x1b[K\xe2\x80\x98\x1b[01m\x1b[Kusing aiguillages::msg::MsgSensorState = struct aiguillages::msg::MsgSensorState_<std::allocator<void> >\x1b[m\x1b[K\xe2\x80\x99 {aka \xe2\x80\x98\x1b[01m\x1b[Kstruct aiguillages::msg::MsgSensorState_<std::allocator<void> >\x1b[m\x1b[K\xe2\x80\x99} has no member named \xe2\x80\x98\x1b[01m\x1b[KCPI\x1b[m\x1b[K\xe2\x80\x99\n'}
[17.375225] (commande_locale) StderrLine: {'line': b'  172 |         SensorState.\x1b[01;31m\x1b[KCPI\x1b[m\x1b[K[i] = 0;\n'}
[17.375249] (commande_locale) StderrLine: {'line': b'      |                     \x1b[01;31m\x1b[K^~~\x1b[m\x1b[K\n'}
[17.379953] (commande_locale) StdoutLine: {'line': b'[ 99%] Built target commande_locale_s__rosidl_typesupport_fastrtps_c\n'}
[19.602333] (-) TimerEvent: {}
[19.711621] (-) TimerEvent: {}
[19.825994] (-) TimerEvent: {}
[19.929170] (-) TimerEvent: {}
[20.029789] (-) TimerEvent: {}
[20.130902] (-) TimerEvent: {}
[20.232518] (-) TimerEvent: {}
[20.333980] (-) TimerEvent: {}
[20.436237] (-) TimerEvent: {}
[20.536648] (-) TimerEvent: {}
[20.638262] (-) TimerEvent: {}
[20.738990] (-) TimerEvent: {}
[20.839471] (-) TimerEvent: {}
[20.940093] (-) TimerEvent: {}
[21.041015] (-) TimerEvent: {}
[21.141529] (-) TimerEvent: {}
[21.242227] (-) TimerEvent: {}
[21.342965] (-) TimerEvent: {}
[21.396418] (commande_locale) StderrLine: {'line': b'gmake[2]: *** [CMakeFiles/simulation.dir/build.make:104: CMakeFiles/simulation.dir/src/inOutController.cpp.o] Error 1\n'}
[21.396650] (commande_locale) StderrLine: {'line': b'gmake[2]: *** Waiting for unfinished jobs....\n'}
[21.754246] (-) TimerEvent: {}
[22.179609] (-) TimerEvent: {}
[22.286907] (-) TimerEvent: {}
[22.389902] (-) TimerEvent: {}
[22.490870] (-) TimerEvent: {}
[22.591479] (-) TimerEvent: {}
[22.692870] (-) TimerEvent: {}
[22.793598] (-) TimerEvent: {}
[22.894569] (-) TimerEvent: {}
[22.995483] (-) TimerEvent: {}
[23.096162] (-) TimerEvent: {}
[23.197802] (-) TimerEvent: {}
[23.340836] (-) TimerEvent: {}
[23.448853] (-) TimerEvent: {}
[23.560128] (-) TimerEvent: {}
[23.661399] (-) TimerEvent: {}
[23.769842] (-) TimerEvent: {}
[23.873253] (-) TimerEvent: {}
[23.978469] (-) TimerEvent: {}
[23.983378] (commande_locale) StderrLine: {'line': b'gmake[1]: *** [CMakeFiles/Makefile2:625: CMakeFiles/simulation.dir/all] Error 2\n'}
[23.984611] (commande_locale) StderrLine: {'line': b'gmake: *** [Makefile:146: all] Error 2\n'}
[23.987081] (commande_locale) CommandEnded: {'returncode': 2}
[23.991392] (commande_locale) JobEnded: {'identifier': 'commande_locale', 'rc': 2}
[24.003931] (-) EventReactorShutdown: {}
