[0.064s] DEBUG:colcon:Command line arguments: ['/usr/bin/colcon', 'build']
[0.064s] DEBUG:colcon:Parsed command line arguments: Namespace(log_base=None, log_level=None, verb_name='build', build_base='build', install_base='install', merge_install=False, symlink_install=False, test_result_base=None, continue_on_error=False, executor='parallel', parallel_workers=8, event_handlers=None, ignore_user_meta=False, metas=['./colcon.meta'], base_paths=['.'], packages_ignore=None, packages_ignore_regex=None, paths=None, packages_up_to=None, packages_up_to_regex=None, packages_above=None, packages_above_and_dependencies=None, packages_above_depth=None, packages_select_by_dep=None, packages_skip_by_dep=None, packages_skip_up_to=None, packages_select_build_failed=False, packages_skip_build_finished=False, packages_select_test_failures=False, packages_skip_test_passed=False, packages_select=None, packages_skip=None, packages_select_regex=None, packages_skip_regex=None, packages_start=None, packages_end=None, allow_overriding=[], cmake_args=None, cmake_target=None, cmake_target_skip_unavailable=False, cmake_clean_cache=False, cmake_clean_first=False, cmake_force_configure=False, ament_cmake_args=None, catkin_cmake_args=None, catkin_skip_building_tests=False, mixin_files=None, mixin=None, verb_parser=<colcon_mixin.mixin.mixin_argument.MixinArgumentDecorator object at 0x74d2ef398bc0>, verb_extension=<colcon_core.verb.build.BuildVerb object at 0x74d2ef4c5040>, main=<bound method BuildVerb.main of <colcon_core.verb.build.BuildVerb object at 0x74d2ef4c5040>>, mixin_verb=('build',))
[0.090s] Level 1:colcon.colcon_core.package_discovery:discover_packages(colcon_meta) check parameters
[0.090s] Level 1:colcon.colcon_core.package_discovery:discover_packages(recursive) check parameters
[0.090s] Level 1:colcon.colcon_core.package_discovery:discover_packages(ignore) check parameters
[0.090s] Level 1:colcon.colcon_core.package_discovery:discover_packages(path) check parameters
[0.090s] Level 1:colcon.colcon_core.package_discovery:discover_packages(colcon_meta) discover
[0.090s] Level 1:colcon.colcon_core.package_discovery:discover_packages(recursive) discover
[0.090s] INFO:colcon.colcon_core.package_discovery:Crawling recursively for packages in '/home/user/celluleflexible_en_cours_ROS2/ros_ws'
[0.090s] Level 1:colcon.colcon_core.package_identification:_identify(.) by extensions ['ignore', 'ignore_ament_install']
[0.090s] Level 1:colcon.colcon_core.package_identification:_identify(.) by extension 'ignore'
[0.090s] Level 1:colcon.colcon_core.package_identification:_identify(.) by extension 'ignore_ament_install'
[0.090s] Level 1:colcon.colcon_core.package_identification:_identify(.) by extensions ['colcon_pkg']
[0.090s] Level 1:colcon.colcon_core.package_identification:_identify(.) by extension 'colcon_pkg'
[0.090s] Level 1:colcon.colcon_core.package_identification:_identify(.) by extensions ['colcon_meta']
[0.090s] Level 1:colcon.colcon_core.package_identification:_identify(.) by extension 'colcon_meta'
[0.090s] Level 1:colcon.colcon_core.package_identification:_identify(.) by extensions ['ros']
[0.090s] Level 1:colcon.colcon_core.package_identification:_identify(.) by extension 'ros'
[0.106s] Level 1:colcon.colcon_core.package_identification:_identify(.) by extensions ['cmake', 'python']
[0.106s] Level 1:colcon.colcon_core.package_identification:_identify(.) by extension 'cmake'
[0.106s] Level 1:colcon.colcon_core.package_identification:_identify(.) by extension 'python'
[0.106s] Level 1:colcon.colcon_core.package_identification:_identify(.) by extensions ['python_setup_py']
[0.106s] Level 1:colcon.colcon_core.package_identification:_identify(.) by extension 'python_setup_py'
[0.106s] Level 1:colcon.colcon_core.package_identification:_identify(build) by extensions ['ignore', 'ignore_ament_install']
[0.106s] Level 1:colcon.colcon_core.package_identification:_identify(build) by extension 'ignore'
[0.106s] Level 1:colcon.colcon_core.package_identification:_identify(build) ignored
[0.106s] Level 1:colcon.colcon_core.package_identification:_identify(install) by extensions ['ignore', 'ignore_ament_install']
[0.107s] Level 1:colcon.colcon_core.package_identification:_identify(install) by extension 'ignore'
[0.107s] Level 1:colcon.colcon_core.package_identification:_identify(install) ignored
[0.107s] Level 1:colcon.colcon_core.package_identification:_identify(log) by extensions ['ignore', 'ignore_ament_install']
[0.107s] Level 1:colcon.colcon_core.package_identification:_identify(log) by extension 'ignore'
[0.107s] Level 1:colcon.colcon_core.package_identification:_identify(log) ignored
[0.107s] Level 1:colcon.colcon_core.package_identification:_identify(src) by extensions ['ignore', 'ignore_ament_install']
[0.107s] Level 1:colcon.colcon_core.package_identification:_identify(src) by extension 'ignore'
[0.107s] Level 1:colcon.colcon_core.package_identification:_identify(src) by extension 'ignore_ament_install'
[0.107s] Level 1:colcon.colcon_core.package_identification:_identify(src) by extensions ['colcon_pkg']
[0.107s] Level 1:colcon.colcon_core.package_identification:_identify(src) by extension 'colcon_pkg'
[0.107s] Level 1:colcon.colcon_core.package_identification:_identify(src) by extensions ['colcon_meta']
[0.107s] Level 1:colcon.colcon_core.package_identification:_identify(src) by extension 'colcon_meta'
[0.107s] Level 1:colcon.colcon_core.package_identification:_identify(src) by extensions ['ros']
[0.107s] Level 1:colcon.colcon_core.package_identification:_identify(src) by extension 'ros'
[0.107s] Level 1:colcon.colcon_core.package_identification:_identify(src) by extensions ['cmake', 'python']
[0.107s] Level 1:colcon.colcon_core.package_identification:_identify(src) by extension 'cmake'
[0.107s] Level 1:colcon.colcon_core.package_identification:_identify(src) by extension 'python'
[0.107s] Level 1:colcon.colcon_core.package_identification:_identify(src) by extensions ['python_setup_py']
[0.107s] Level 1:colcon.colcon_core.package_identification:_identify(src) by extension 'python_setup_py'
[0.107s] Level 1:colcon.colcon_core.package_identification:_identify(src/aiguillages) by extensions ['ignore', 'ignore_ament_install']
[0.107s] Level 1:colcon.colcon_core.package_identification:_identify(src/aiguillages) by extension 'ignore'
[0.107s] Level 1:colcon.colcon_core.package_identification:_identify(src/aiguillages) by extension 'ignore_ament_install'
[0.107s] Level 1:colcon.colcon_core.package_identification:_identify(src/aiguillages) by extensions ['colcon_pkg']
[0.107s] Level 1:colcon.colcon_core.package_identification:_identify(src/aiguillages) by extension 'colcon_pkg'
[0.107s] Level 1:colcon.colcon_core.package_identification:_identify(src/aiguillages) by extensions ['colcon_meta']
[0.107s] Level 1:colcon.colcon_core.package_identification:_identify(src/aiguillages) by extension 'colcon_meta'
[0.107s] Level 1:colcon.colcon_core.package_identification:_identify(src/aiguillages) by extensions ['ros']
[0.107s] Level 1:colcon.colcon_core.package_identification:_identify(src/aiguillages) by extension 'ros'
[0.109s] DEBUG:colcon.colcon_core.package_identification:Package 'src/aiguillages' with type 'ros.ament_cmake' and name 'aiguillages'
[0.109s] Level 1:colcon.colcon_core.package_identification:_identify(src/commande) by extensions ['ignore', 'ignore_ament_install']
[0.109s] Level 1:colcon.colcon_core.package_identification:_identify(src/commande) by extension 'ignore'
[0.109s] Level 1:colcon.colcon_core.package_identification:_identify(src/commande) by extension 'ignore_ament_install'
[0.109s] Level 1:colcon.colcon_core.package_identification:_identify(src/commande) by extensions ['colcon_pkg']
[0.109s] Level 1:colcon.colcon_core.package_identification:_identify(src/commande) by extension 'colcon_pkg'
[0.109s] Level 1:colcon.colcon_core.package_identification:_identify(src/commande) by extensions ['colcon_meta']
[0.109s] Level 1:colcon.colcon_core.package_identification:_identify(src/commande) by extension 'colcon_meta'
[0.109s] Level 1:colcon.colcon_core.package_identification:_identify(src/commande) by extensions ['ros']
[0.109s] Level 1:colcon.colcon_core.package_identification:_identify(src/commande) by extension 'ros'
[0.109s] DEBUG:colcon.colcon_core.package_identification:Package 'src/commande' with type 'ros.ament_cmake' and name 'commande'
[0.109s] Level 1:colcon.colcon_core.package_identification:_identify(src/commande_locale) by extensions ['ignore', 'ignore_ament_install']
[0.109s] Level 1:colcon.colcon_core.package_identification:_identify(src/commande_locale) by extension 'ignore'
[0.109s] Level 1:colcon.colcon_core.package_identification:_identify(src/commande_locale) by extension 'ignore_ament_install'
[0.109s] Level 1:colcon.colcon_core.package_identification:_identify(src/commande_locale) by extensions ['colcon_pkg']
[0.109s] Level 1:colcon.colcon_core.package_identification:_identify(src/commande_locale) by extension 'colcon_pkg'
[0.109s] Level 1:colcon.colcon_core.package_identification:_identify(src/commande_locale) by extensions ['colcon_meta']
[0.109s] Level 1:colcon.colcon_core.package_identification:_identify(src/commande_locale) by extension 'colcon_meta'
[0.109s] Level 1:colcon.colcon_core.package_identification:_identify(src/commande_locale) by extensions ['ros']
[0.109s] Level 1:colcon.colcon_core.package_identification:_identify(src/commande_locale) by extension 'ros'
[0.110s] DEBUG:colcon.colcon_core.package_identification:Package 'src/commande_locale' with type 'ros.ament_cmake' and name 'commande_locale'
[0.110s] Level 1:colcon.colcon_core.package_identification:_identify(src/launcher) by extensions ['ignore', 'ignore_ament_install']
[0.110s] Level 1:colcon.colcon_core.package_identification:_identify(src/launcher) by extension 'ignore'
[0.110s] Level 1:colcon.colcon_core.package_identification:_identify(src/launcher) by extension 'ignore_ament_install'
[0.110s] Level 1:colcon.colcon_core.package_identification:_identify(src/launcher) by extensions ['colcon_pkg']
[0.110s] Level 1:colcon.colcon_core.package_identification:_identify(src/launcher) by extension 'colcon_pkg'
[0.110s] Level 1:colcon.colcon_core.package_identification:_identify(src/launcher) by extensions ['colcon_meta']
[0.110s] Level 1:colcon.colcon_core.package_identification:_identify(src/launcher) by extension 'colcon_meta'
[0.110s] Level 1:colcon.colcon_core.package_identification:_identify(src/launcher) by extensions ['ros']
[0.110s] Level 1:colcon.colcon_core.package_identification:_identify(src/launcher) by extension 'ros'
[0.110s] DEBUG:colcon.colcon_core.package_identification:Package 'src/launcher' with type 'ros.ament_cmake' and name 'launcher'
[0.110s] Level 1:colcon.colcon_core.package_identification:_identify(src/robots) by extensions ['ignore', 'ignore_ament_install']
[0.110s] Level 1:colcon.colcon_core.package_identification:_identify(src/robots) by extension 'ignore'
[0.110s] Level 1:colcon.colcon_core.package_identification:_identify(src/robots) by extension 'ignore_ament_install'
[0.110s] Level 1:colcon.colcon_core.package_identification:_identify(src/robots) by extensions ['colcon_pkg']
[0.110s] Level 1:colcon.colcon_core.package_identification:_identify(src/robots) by extension 'colcon_pkg'
[0.110s] Level 1:colcon.colcon_core.package_identification:_identify(src/robots) by extensions ['colcon_meta']
[0.110s] Level 1:colcon.colcon_core.package_identification:_identify(src/robots) by extension 'colcon_meta'
[0.110s] Level 1:colcon.colcon_core.package_identification:_identify(src/robots) by extensions ['ros']
[0.111s] Level 1:colcon.colcon_core.package_identification:_identify(src/robots) by extension 'ros'
[0.111s] DEBUG:colcon.colcon_core.package_identification:Package 'src/robots' with type 'ros.ament_cmake' and name 'robots'
[0.111s] Level 1:colcon.colcon_core.package_identification:_identify(src/shuttles) by extensions ['ignore', 'ignore_ament_install']
[0.111s] Level 1:colcon.colcon_core.package_identification:_identify(src/shuttles) by extension 'ignore'
[0.111s] Level 1:colcon.colcon_core.package_identification:_identify(src/shuttles) by extension 'ignore_ament_install'
[0.111s] Level 1:colcon.colcon_core.package_identification:_identify(src/shuttles) by extensions ['colcon_pkg']
[0.111s] Level 1:colcon.colcon_core.package_identification:_identify(src/shuttles) by extension 'colcon_pkg'
[0.111s] Level 1:colcon.colcon_core.package_identification:_identify(src/shuttles) by extensions ['colcon_meta']
[0.111s] Level 1:colcon.colcon_core.package_identification:_identify(src/shuttles) by extension 'colcon_meta'
[0.111s] Level 1:colcon.colcon_core.package_identification:_identify(src/shuttles) by extensions ['ros']
[0.111s] Level 1:colcon.colcon_core.package_identification:_identify(src/shuttles) by extension 'ros'
[0.111s] DEBUG:colcon.colcon_core.package_identification:Package 'src/shuttles' with type 'ros.ament_cmake' and name 'shuttles'
[0.111s] Level 1:colcon.colcon_core.package_discovery:discover_packages(recursive) using defaults
[0.111s] Level 1:colcon.colcon_core.package_discovery:discover_packages(ignore) discover
[0.111s] Level 1:colcon.colcon_core.package_discovery:discover_packages(ignore) using defaults
[0.111s] Level 1:colcon.colcon_core.package_discovery:discover_packages(path) discover
[0.111s] Level 1:colcon.colcon_core.package_discovery:discover_packages(path) using defaults
[0.124s] Level 1:colcon.colcon_core.package_discovery:discover_packages(prefix_path) check parameters
[0.124s] Level 1:colcon.colcon_core.package_discovery:discover_packages(prefix_path) discover
[0.125s] DEBUG:colcon.colcon_installed_package_information.package_discovery:Found 6 installed packages in /home/user/celluleflexible_en_cours_ROS2/ros_ws/install
[0.126s] DEBUG:colcon.colcon_installed_package_information.package_discovery:Found 286 installed packages in /opt/ros/jazzy
[0.127s] Level 1:colcon.colcon_core.package_discovery:discover_packages(prefix_path) using defaults
[0.151s] Level 5:colcon.colcon_core.verb:set package 'aiguillages' build argument 'cmake_args' from command line to 'None'
[0.151s] Level 5:colcon.colcon_core.verb:set package 'aiguillages' build argument 'cmake_target' from command line to 'None'
[0.151s] Level 5:colcon.colcon_core.verb:set package 'aiguillages' build argument 'cmake_target_skip_unavailable' from command line to 'False'
[0.151s] Level 5:colcon.colcon_core.verb:set package 'aiguillages' build argument 'cmake_clean_cache' from command line to 'False'
[0.151s] Level 5:colcon.colcon_core.verb:set package 'aiguillages' build argument 'cmake_clean_first' from command line to 'False'
[0.151s] Level 5:colcon.colcon_core.verb:set package 'aiguillages' build argument 'cmake_force_configure' from command line to 'False'
[0.151s] Level 5:colcon.colcon_core.verb:set package 'aiguillages' build argument 'ament_cmake_args' from command line to 'None'
[0.151s] Level 5:colcon.colcon_core.verb:set package 'aiguillages' build argument 'catkin_cmake_args' from command line to 'None'
[0.151s] Level 5:colcon.colcon_core.verb:set package 'aiguillages' build argument 'catkin_skip_building_tests' from command line to 'False'
[0.151s] DEBUG:colcon.colcon_core.verb:Building package 'aiguillages' with the following arguments: {'ament_cmake_args': None, 'build_base': '/home/user/celluleflexible_en_cours_ROS2/ros_ws/build/aiguillages', 'catkin_cmake_args': None, 'catkin_skip_building_tests': False, 'cmake_args': None, 'cmake_clean_cache': False, 'cmake_clean_first': False, 'cmake_force_configure': False, 'cmake_target': None, 'cmake_target_skip_unavailable': False, 'install_base': '/home/user/celluleflexible_en_cours_ROS2/ros_ws/install/aiguillages', 'merge_install': False, 'path': '/home/user/celluleflexible_en_cours_ROS2/ros_ws/src/aiguillages', 'symlink_install': False, 'test_result_base': None}
[0.151s] Level 5:colcon.colcon_core.verb:set package 'launcher' build argument 'cmake_args' from command line to 'None'
[0.151s] Level 5:colcon.colcon_core.verb:set package 'launcher' build argument 'cmake_target' from command line to 'None'
[0.151s] Level 5:colcon.colcon_core.verb:set package 'launcher' build argument 'cmake_target_skip_unavailable' from command line to 'False'
[0.151s] Level 5:colcon.colcon_core.verb:set package 'launcher' build argument 'cmake_clean_cache' from command line to 'False'
[0.151s] Level 5:colcon.colcon_core.verb:set package 'launcher' build argument 'cmake_clean_first' from command line to 'False'
[0.151s] Level 5:colcon.colcon_core.verb:set package 'launcher' build argument 'cmake_force_configure' from command line to 'False'
[0.151s] Level 5:colcon.colcon_core.verb:set package 'launcher' build argument 'ament_cmake_args' from command line to 'None'
[0.151s] Level 5:colcon.colcon_core.verb:set package 'launcher' build argument 'catkin_cmake_args' from command line to 'None'
[0.151s] Level 5:colcon.colcon_core.verb:set package 'launcher' build argument 'catkin_skip_building_tests' from command line to 'False'
[0.151s] DEBUG:colcon.colcon_core.verb:Building package 'launcher' with the following arguments: {'ament_cmake_args': None, 'build_base': '/home/user/celluleflexible_en_cours_ROS2/ros_ws/build/launcher', 'catkin_cmake_args': None, 'catkin_skip_building_tests': False, 'cmake_args': None, 'cmake_clean_cache': False, 'cmake_clean_first': False, 'cmake_force_configure': False, 'cmake_target': None, 'cmake_target_skip_unavailable': False, 'install_base': '/home/user/celluleflexible_en_cours_ROS2/ros_ws/install/launcher', 'merge_install': False, 'path': '/home/user/celluleflexible_en_cours_ROS2/ros_ws/src/launcher', 'symlink_install': False, 'test_result_base': None}
[0.152s] Level 5:colcon.colcon_core.verb:set package 'commande_locale' build argument 'cmake_args' from command line to 'None'
[0.152s] Level 5:colcon.colcon_core.verb:set package 'commande_locale' build argument 'cmake_target' from command line to 'None'
[0.152s] Level 5:colcon.colcon_core.verb:set package 'commande_locale' build argument 'cmake_target_skip_unavailable' from command line to 'False'
[0.152s] Level 5:colcon.colcon_core.verb:set package 'commande_locale' build argument 'cmake_clean_cache' from command line to 'False'
[0.152s] Level 5:colcon.colcon_core.verb:set package 'commande_locale' build argument 'cmake_clean_first' from command line to 'False'
[0.152s] Level 5:colcon.colcon_core.verb:set package 'commande_locale' build argument 'cmake_force_configure' from command line to 'False'
[0.152s] Level 5:colcon.colcon_core.verb:set package 'commande_locale' build argument 'ament_cmake_args' from command line to 'None'
[0.152s] Level 5:colcon.colcon_core.verb:set package 'commande_locale' build argument 'catkin_cmake_args' from command line to 'None'
[0.152s] Level 5:colcon.colcon_core.verb:set package 'commande_locale' build argument 'catkin_skip_building_tests' from command line to 'False'
[0.152s] DEBUG:colcon.colcon_core.verb:Building package 'commande_locale' with the following arguments: {'ament_cmake_args': None, 'build_base': '/home/user/celluleflexible_en_cours_ROS2/ros_ws/build/commande_locale', 'catkin_cmake_args': None, 'catkin_skip_building_tests': False, 'cmake_args': None, 'cmake_clean_cache': False, 'cmake_clean_first': False, 'cmake_force_configure': False, 'cmake_target': None, 'cmake_target_skip_unavailable': False, 'install_base': '/home/user/celluleflexible_en_cours_ROS2/ros_ws/install/commande_locale', 'merge_install': False, 'path': '/home/user/celluleflexible_en_cours_ROS2/ros_ws/src/commande_locale', 'symlink_install': False, 'test_result_base': None}
[0.152s] Level 5:colcon.colcon_core.verb:set package 'shuttles' build argument 'cmake_args' from command line to 'None'
[0.152s] Level 5:colcon.colcon_core.verb:set package 'shuttles' build argument 'cmake_target' from command line to 'None'
[0.152s] Level 5:colcon.colcon_core.verb:set package 'shuttles' build argument 'cmake_target_skip_unavailable' from command line to 'False'
[0.152s] Level 5:colcon.colcon_core.verb:set package 'shuttles' build argument 'cmake_clean_cache' from command line to 'False'
[0.152s] Level 5:colcon.colcon_core.verb:set package 'shuttles' build argument 'cmake_clean_first' from command line to 'False'
[0.152s] Level 5:colcon.colcon_core.verb:set package 'shuttles' build argument 'cmake_force_configure' from command line to 'False'
[0.152s] Level 5:colcon.colcon_core.verb:set package 'shuttles' build argument 'ament_cmake_args' from command line to 'None'
[0.152s] Level 5:colcon.colcon_core.verb:set package 'shuttles' build argument 'catkin_cmake_args' from command line to 'None'
[0.152s] Level 5:colcon.colcon_core.verb:set package 'shuttles' build argument 'catkin_skip_building_tests' from command line to 'False'
[0.152s] DEBUG:colcon.colcon_core.verb:Building package 'shuttles' with the following arguments: {'ament_cmake_args': None, 'build_base': '/home/user/celluleflexible_en_cours_ROS2/ros_ws/build/shuttles', 'catkin_cmake_args': None, 'catkin_skip_building_tests': False, 'cmake_args': None, 'cmake_clean_cache': False, 'cmake_clean_first': False, 'cmake_force_configure': False, 'cmake_target': None, 'cmake_target_skip_unavailable': False, 'install_base': '/home/user/celluleflexible_en_cours_ROS2/ros_ws/install/shuttles', 'merge_install': False, 'path': '/home/user/celluleflexible_en_cours_ROS2/ros_ws/src/shuttles', 'symlink_install': False, 'test_result_base': None}
[0.152s] Level 5:colcon.colcon_core.verb:set package 'robots' build argument 'cmake_args' from command line to 'None'
[0.152s] Level 5:colcon.colcon_core.verb:set package 'robots' build argument 'cmake_target' from command line to 'None'
[0.152s] Level 5:colcon.colcon_core.verb:set package 'robots' build argument 'cmake_target_skip_unavailable' from command line to 'False'
[0.152s] Level 5:colcon.colcon_core.verb:set package 'robots' build argument 'cmake_clean_cache' from command line to 'False'
[0.152s] Level 5:colcon.colcon_core.verb:set package 'robots' build argument 'cmake_clean_first' from command line to 'False'
[0.152s] Level 5:colcon.colcon_core.verb:set package 'robots' build argument 'cmake_force_configure' from command line to 'False'
[0.152s] Level 5:colcon.colcon_core.verb:set package 'robots' build argument 'ament_cmake_args' from command line to 'None'
[0.152s] Level 5:colcon.colcon_core.verb:set package 'robots' build argument 'catkin_cmake_args' from command line to 'None'
[0.152s] Level 5:colcon.colcon_core.verb:set package 'robots' build argument 'catkin_skip_building_tests' from command line to 'False'
[0.152s] DEBUG:colcon.colcon_core.verb:Building package 'robots' with the following arguments: {'ament_cmake_args': None, 'build_base': '/home/user/celluleflexible_en_cours_ROS2/ros_ws/build/robots', 'catkin_cmake_args': None, 'catkin_skip_building_tests': False, 'cmake_args': None, 'cmake_clean_cache': False, 'cmake_clean_first': False, 'cmake_force_configure': False, 'cmake_target': None, 'cmake_target_skip_unavailable': False, 'install_base': '/home/user/celluleflexible_en_cours_ROS2/ros_ws/install/robots', 'merge_install': False, 'path': '/home/user/celluleflexible_en_cours_ROS2/ros_ws/src/robots', 'symlink_install': False, 'test_result_base': None}
[0.152s] Level 5:colcon.colcon_core.verb:set package 'commande' build argument 'cmake_args' from command line to 'None'
[0.152s] Level 5:colcon.colcon_core.verb:set package 'commande' build argument 'cmake_target' from command line to 'None'
[0.152s] Level 5:colcon.colcon_core.verb:set package 'commande' build argument 'cmake_target_skip_unavailable' from command line to 'False'
[0.152s] Level 5:colcon.colcon_core.verb:set package 'commande' build argument 'cmake_clean_cache' from command line to 'False'
[0.152s] Level 5:colcon.colcon_core.verb:set package 'commande' build argument 'cmake_clean_first' from command line to 'False'
[0.152s] Level 5:colcon.colcon_core.verb:set package 'commande' build argument 'cmake_force_configure' from command line to 'False'
[0.152s] Level 5:colcon.colcon_core.verb:set package 'commande' build argument 'ament_cmake_args' from command line to 'None'
[0.152s] Level 5:colcon.colcon_core.verb:set package 'commande' build argument 'catkin_cmake_args' from command line to 'None'
[0.152s] Level 5:colcon.colcon_core.verb:set package 'commande' build argument 'catkin_skip_building_tests' from command line to 'False'
[0.152s] DEBUG:colcon.colcon_core.verb:Building package 'commande' with the following arguments: {'ament_cmake_args': None, 'build_base': '/home/user/celluleflexible_en_cours_ROS2/ros_ws/build/commande', 'catkin_cmake_args': None, 'catkin_skip_building_tests': False, 'cmake_args': None, 'cmake_clean_cache': False, 'cmake_clean_first': False, 'cmake_force_configure': False, 'cmake_target': None, 'cmake_target_skip_unavailable': False, 'install_base': '/home/user/celluleflexible_en_cours_ROS2/ros_ws/install/commande', 'merge_install': False, 'path': '/home/user/celluleflexible_en_cours_ROS2/ros_ws/src/commande', 'symlink_install': False, 'test_result_base': None}
[0.152s] INFO:colcon.colcon_core.executor:Executing jobs using 'parallel' executor
[0.153s] DEBUG:colcon.colcon_parallel_executor.executor.parallel:run_until_complete
[0.153s] INFO:colcon.colcon_ros.task.ament_cmake.build:Building ROS package in '/home/user/celluleflexible_en_cours_ROS2/ros_ws/src/aiguillages' with build type 'ament_cmake'
[0.153s] INFO:colcon.colcon_cmake.task.cmake.build:Building CMake package in '/home/user/celluleflexible_en_cours_ROS2/ros_ws/src/aiguillages'
[0.156s] INFO:colcon.colcon_core.plugin_system:Skipping extension 'colcon_core.shell.bat': Not used on non-Windows systems
[0.156s] INFO:colcon.colcon_core.shell:Skip shell extension 'powershell' for command environment: Not usable outside of PowerShell
[0.156s] DEBUG:colcon.colcon_core.shell:Skip shell extension 'dsv' for command environment
[0.159s] INFO:colcon.colcon_ros.task.ament_cmake.build:Building ROS package in '/home/user/celluleflexible_en_cours_ROS2/ros_ws/src/launcher' with build type 'ament_cmake'
[0.159s] INFO:colcon.colcon_cmake.task.cmake.build:Building CMake package in '/home/user/celluleflexible_en_cours_ROS2/ros_ws/src/launcher'
[0.159s] INFO:colcon.colcon_core.shell:Skip shell extension 'powershell' for command environment: Not usable outside of PowerShell
[0.159s] DEBUG:colcon.colcon_core.shell:Skip shell extension 'dsv' for command environment
[0.167s] DEBUG:colcon.colcon_core.event_handler.log_command:Invoking command in '/home/user/celluleflexible_en_cours_ROS2/ros_ws/build/aiguillages': CMAKE_PREFIX_PATH=${CMAKE_PREFIX_PATH}:/opt/ros/jazzy DEBUGINFOD_URLS=https://debuginfod.ubuntu.com /usr/bin/cmake --build /home/user/celluleflexible_en_cours_ROS2/ros_ws/build/aiguillages -- -j8 -l8
[0.172s] DEBUG:colcon.colcon_core.event_handler.log_command:Invoking command in '/home/user/celluleflexible_en_cours_ROS2/ros_ws/build/launcher': CMAKE_PREFIX_PATH=${CMAKE_PREFIX_PATH}:/opt/ros/jazzy DEBUGINFOD_URLS=https://debuginfod.ubuntu.com /usr/bin/cmake --build /home/user/celluleflexible_en_cours_ROS2/ros_ws/build/launcher -- -j8 -l8
[0.229s] DEBUG:colcon.colcon_core.event_handler.log_command:Invoked command in '/home/user/celluleflexible_en_cours_ROS2/ros_ws/build/launcher' returned '0': CMAKE_PREFIX_PATH=${CMAKE_PREFIX_PATH}:/opt/ros/jazzy DEBUGINFOD_URLS=https://debuginfod.ubuntu.com /usr/bin/cmake --build /home/user/celluleflexible_en_cours_ROS2/ros_ws/build/launcher -- -j8 -l8
[0.247s] DEBUG:colcon.colcon_core.event_handler.log_command:Invoking command in '/home/user/celluleflexible_en_cours_ROS2/ros_ws/build/launcher': CMAKE_PREFIX_PATH=${CMAKE_PREFIX_PATH}:/opt/ros/jazzy DEBUGINFOD_URLS=https://debuginfod.ubuntu.com /usr/bin/cmake --install /home/user/celluleflexible_en_cours_ROS2/ros_ws/build/launcher
[0.265s] Level 1:colcon.colcon_core.environment:create_environment_scripts_only(launcher)
[0.266s] DEBUG:colcon.colcon_core.event_handler.log_command:Invoked command in '/home/user/celluleflexible_en_cours_ROS2/ros_ws/build/launcher' returned '0': CMAKE_PREFIX_PATH=${CMAKE_PREFIX_PATH}:/opt/ros/jazzy DEBUGINFOD_URLS=https://debuginfod.ubuntu.com /usr/bin/cmake --install /home/user/celluleflexible_en_cours_ROS2/ros_ws/build/launcher
[0.268s] Level 1:colcon.colcon_core.environment:checking '/home/user/celluleflexible_en_cours_ROS2/ros_ws/install/launcher' for CMake module files
[0.268s] Level 1:colcon.colcon_core.environment:checking '/home/user/celluleflexible_en_cours_ROS2/ros_ws/install/launcher' for CMake config files
[0.269s] Level 1:colcon.colcon_core.shell:create_environment_hook('launcher', 'cmake_prefix_path')
[0.269s] INFO:colcon.colcon_core.shell:Creating environment hook '/home/user/celluleflexible_en_cours_ROS2/ros_ws/install/launcher/share/launcher/hook/cmake_prefix_path.ps1'
[0.270s] INFO:colcon.colcon_core.shell:Creating environment descriptor '/home/user/celluleflexible_en_cours_ROS2/ros_ws/install/launcher/share/launcher/hook/cmake_prefix_path.dsv'
[0.270s] INFO:colcon.colcon_core.shell:Creating environment hook '/home/user/celluleflexible_en_cours_ROS2/ros_ws/install/launcher/share/launcher/hook/cmake_prefix_path.sh'
[0.271s] Level 1:colcon.colcon_core.environment:checking '/home/user/celluleflexible_en_cours_ROS2/ros_ws/install/launcher/bin'
[0.271s] Level 1:colcon.colcon_core.environment:checking '/home/user/celluleflexible_en_cours_ROS2/ros_ws/install/launcher/lib/pkgconfig/launcher.pc'
[0.272s] Level 1:colcon.colcon_core.environment:checking '/home/user/celluleflexible_en_cours_ROS2/ros_ws/install/launcher/lib/python3.12/site-packages'
[0.272s] Level 1:colcon.colcon_core.environment:checking '/home/user/celluleflexible_en_cours_ROS2/ros_ws/install/launcher/bin'
[0.272s] INFO:colcon.colcon_core.shell:Creating package script '/home/user/celluleflexible_en_cours_ROS2/ros_ws/install/launcher/share/launcher/package.ps1'
[0.273s] INFO:colcon.colcon_core.shell:Creating package descriptor '/home/user/celluleflexible_en_cours_ROS2/ros_ws/install/launcher/share/launcher/package.dsv'
[0.274s] INFO:colcon.colcon_core.shell:Creating package script '/home/user/celluleflexible_en_cours_ROS2/ros_ws/install/launcher/share/launcher/package.sh'
[0.275s] INFO:colcon.colcon_core.shell:Creating package script '/home/user/celluleflexible_en_cours_ROS2/ros_ws/install/launcher/share/launcher/package.bash'
[0.276s] INFO:colcon.colcon_core.shell:Creating package script '/home/user/celluleflexible_en_cours_ROS2/ros_ws/install/launcher/share/launcher/package.zsh'
[0.277s] Level 1:colcon.colcon_core.environment:create_file_with_runtime_dependencies(/home/user/celluleflexible_en_cours_ROS2/ros_ws/install/launcher/share/colcon-core/packages/launcher)
[0.278s] Level 1:colcon.colcon_core.environment:create_environment_scripts_only(launcher)
[0.278s] Level 1:colcon.colcon_core.environment:checking '/home/user/celluleflexible_en_cours_ROS2/ros_ws/install/launcher' for CMake module files
[0.279s] Level 1:colcon.colcon_core.environment:checking '/home/user/celluleflexible_en_cours_ROS2/ros_ws/install/launcher' for CMake config files
[0.279s] Level 1:colcon.colcon_core.shell:create_environment_hook('launcher', 'cmake_prefix_path')
[0.279s] INFO:colcon.colcon_core.shell:Creating environment hook '/home/user/celluleflexible_en_cours_ROS2/ros_ws/install/launcher/share/launcher/hook/cmake_prefix_path.ps1'
[0.279s] INFO:colcon.colcon_core.shell:Creating environment descriptor '/home/user/celluleflexible_en_cours_ROS2/ros_ws/install/launcher/share/launcher/hook/cmake_prefix_path.dsv'
[0.280s] INFO:colcon.colcon_core.shell:Creating environment hook '/home/user/celluleflexible_en_cours_ROS2/ros_ws/install/launcher/share/launcher/hook/cmake_prefix_path.sh'
[0.281s] Level 1:colcon.colcon_core.environment:checking '/home/user/celluleflexible_en_cours_ROS2/ros_ws/install/launcher/bin'
[0.281s] Level 1:colcon.colcon_core.environment:checking '/home/user/celluleflexible_en_cours_ROS2/ros_ws/install/launcher/lib/pkgconfig/launcher.pc'
[0.282s] Level 1:colcon.colcon_core.environment:checking '/home/user/celluleflexible_en_cours_ROS2/ros_ws/install/launcher/lib/python3.12/site-packages'
[0.282s] Level 1:colcon.colcon_core.environment:checking '/home/user/celluleflexible_en_cours_ROS2/ros_ws/install/launcher/bin'
[0.282s] INFO:colcon.colcon_core.shell:Creating package script '/home/user/celluleflexible_en_cours_ROS2/ros_ws/install/launcher/share/launcher/package.ps1'
[0.283s] INFO:colcon.colcon_core.shell:Creating package descriptor '/home/user/celluleflexible_en_cours_ROS2/ros_ws/install/launcher/share/launcher/package.dsv'
[0.285s] INFO:colcon.colcon_core.shell:Creating package script '/home/user/celluleflexible_en_cours_ROS2/ros_ws/install/launcher/share/launcher/package.sh'
[0.286s] INFO:colcon.colcon_core.shell:Creating package script '/home/user/celluleflexible_en_cours_ROS2/ros_ws/install/launcher/share/launcher/package.bash'
[0.286s] INFO:colcon.colcon_core.shell:Creating package script '/home/user/celluleflexible_en_cours_ROS2/ros_ws/install/launcher/share/launcher/package.zsh'
[0.287s] Level 1:colcon.colcon_core.environment:create_file_with_runtime_dependencies(/home/user/celluleflexible_en_cours_ROS2/ros_ws/install/launcher/share/colcon-core/packages/launcher)
[4.724s] DEBUG:colcon.colcon_core.event_handler.log_command:Invoked command in '/home/user/celluleflexible_en_cours_ROS2/ros_ws/build/aiguillages' returned '0': CMAKE_PREFIX_PATH=${CMAKE_PREFIX_PATH}:/opt/ros/jazzy DEBUGINFOD_URLS=https://debuginfod.ubuntu.com /usr/bin/cmake --build /home/user/celluleflexible_en_cours_ROS2/ros_ws/build/aiguillages -- -j8 -l8
[4.725s] DEBUG:colcon.colcon_core.event_handler.log_command:Invoking command in '/home/user/celluleflexible_en_cours_ROS2/ros_ws/build/aiguillages': CMAKE_PREFIX_PATH=${CMAKE_PREFIX_PATH}:/opt/ros/jazzy DEBUGINFOD_URLS=https://debuginfod.ubuntu.com /usr/bin/cmake --install /home/user/celluleflexible_en_cours_ROS2/ros_ws/build/aiguillages
[4.778s] Level 1:colcon.colcon_core.environment:create_environment_scripts_only(aiguillages)
[4.778s] Level 1:colcon.colcon_core.environment:checking '/home/user/celluleflexible_en_cours_ROS2/ros_ws/install/aiguillages' for CMake module files
[4.778s] DEBUG:colcon.colcon_core.event_handler.log_command:Invoked command in '/home/user/celluleflexible_en_cours_ROS2/ros_ws/build/aiguillages' returned '0': CMAKE_PREFIX_PATH=${CMAKE_PREFIX_PATH}:/opt/ros/jazzy DEBUGINFOD_URLS=https://debuginfod.ubuntu.com /usr/bin/cmake --install /home/user/celluleflexible_en_cours_ROS2/ros_ws/build/aiguillages
[4.779s] Level 1:colcon.colcon_core.environment:checking '/home/user/celluleflexible_en_cours_ROS2/ros_ws/install/aiguillages' for CMake config files
[4.779s] Level 1:colcon.colcon_core.shell:create_environment_hook('aiguillages', 'cmake_prefix_path')
[4.779s] INFO:colcon.colcon_core.shell:Creating environment hook '/home/user/celluleflexible_en_cours_ROS2/ros_ws/install/aiguillages/share/aiguillages/hook/cmake_prefix_path.ps1'
[4.780s] INFO:colcon.colcon_core.shell:Creating environment descriptor '/home/user/celluleflexible_en_cours_ROS2/ros_ws/install/aiguillages/share/aiguillages/hook/cmake_prefix_path.dsv'
[4.780s] INFO:colcon.colcon_core.shell:Creating environment hook '/home/user/celluleflexible_en_cours_ROS2/ros_ws/install/aiguillages/share/aiguillages/hook/cmake_prefix_path.sh'
[4.781s] Level 1:colcon.colcon_core.environment:checking '/home/user/celluleflexible_en_cours_ROS2/ros_ws/install/aiguillages/lib'
[4.781s] Level 1:colcon.colcon_core.shell:create_environment_hook('aiguillages', 'ld_library_path_lib')
[4.781s] INFO:colcon.colcon_core.shell:Creating environment hook '/home/user/celluleflexible_en_cours_ROS2/ros_ws/install/aiguillages/share/aiguillages/hook/ld_library_path_lib.ps1'
[4.781s] INFO:colcon.colcon_core.shell:Creating environment descriptor '/home/user/celluleflexible_en_cours_ROS2/ros_ws/install/aiguillages/share/aiguillages/hook/ld_library_path_lib.dsv'
[4.782s] INFO:colcon.colcon_core.shell:Creating environment hook '/home/user/celluleflexible_en_cours_ROS2/ros_ws/install/aiguillages/share/aiguillages/hook/ld_library_path_lib.sh'
[4.782s] Level 1:colcon.colcon_core.environment:checking '/home/user/celluleflexible_en_cours_ROS2/ros_ws/install/aiguillages/bin'
[4.782s] Level 1:colcon.colcon_core.environment:checking '/home/user/celluleflexible_en_cours_ROS2/ros_ws/install/aiguillages/lib/pkgconfig/aiguillages.pc'
[4.782s] Level 1:colcon.colcon_core.environment:checking '/home/user/celluleflexible_en_cours_ROS2/ros_ws/install/aiguillages/lib/python3.12/site-packages'
[4.782s] Level 1:colcon.colcon_core.shell:create_environment_hook('aiguillages', 'pythonpath')
[4.783s] INFO:colcon.colcon_core.shell:Creating environment hook '/home/user/celluleflexible_en_cours_ROS2/ros_ws/install/aiguillages/share/aiguillages/hook/pythonpath.ps1'
[4.783s] INFO:colcon.colcon_core.shell:Creating environment descriptor '/home/user/celluleflexible_en_cours_ROS2/ros_ws/install/aiguillages/share/aiguillages/hook/pythonpath.dsv'
[4.783s] INFO:colcon.colcon_core.shell:Creating environment hook '/home/user/celluleflexible_en_cours_ROS2/ros_ws/install/aiguillages/share/aiguillages/hook/pythonpath.sh'
[4.784s] Level 1:colcon.colcon_core.environment:checking '/home/user/celluleflexible_en_cours_ROS2/ros_ws/install/aiguillages/bin'
[4.784s] INFO:colcon.colcon_core.shell:Creating package script '/home/user/celluleflexible_en_cours_ROS2/ros_ws/install/aiguillages/share/aiguillages/package.ps1'
[4.785s] INFO:colcon.colcon_core.shell:Creating package descriptor '/home/user/celluleflexible_en_cours_ROS2/ros_ws/install/aiguillages/share/aiguillages/package.dsv'
[4.785s] INFO:colcon.colcon_core.shell:Creating package script '/home/user/celluleflexible_en_cours_ROS2/ros_ws/install/aiguillages/share/aiguillages/package.sh'
[4.786s] INFO:colcon.colcon_core.shell:Creating package script '/home/user/celluleflexible_en_cours_ROS2/ros_ws/install/aiguillages/share/aiguillages/package.bash'
[4.786s] INFO:colcon.colcon_core.shell:Creating package script '/home/user/celluleflexible_en_cours_ROS2/ros_ws/install/aiguillages/share/aiguillages/package.zsh'
[4.787s] Level 1:colcon.colcon_core.environment:create_file_with_runtime_dependencies(/home/user/celluleflexible_en_cours_ROS2/ros_ws/install/aiguillages/share/colcon-core/packages/aiguillages)
[4.787s] Level 1:colcon.colcon_core.environment:create_environment_scripts_only(aiguillages)
[4.787s] Level 1:colcon.colcon_core.environment:checking '/home/user/celluleflexible_en_cours_ROS2/ros_ws/install/aiguillages' for CMake module files
[4.788s] Level 1:colcon.colcon_core.environment:checking '/home/user/celluleflexible_en_cours_ROS2/ros_ws/install/aiguillages' for CMake config files
[4.788s] Level 1:colcon.colcon_core.shell:create_environment_hook('aiguillages', 'cmake_prefix_path')
[4.788s] INFO:colcon.colcon_core.shell:Creating environment hook '/home/user/celluleflexible_en_cours_ROS2/ros_ws/install/aiguillages/share/aiguillages/hook/cmake_prefix_path.ps1'
[4.788s] INFO:colcon.colcon_core.shell:Creating environment descriptor '/home/user/celluleflexible_en_cours_ROS2/ros_ws/install/aiguillages/share/aiguillages/hook/cmake_prefix_path.dsv'
[4.789s] INFO:colcon.colcon_core.shell:Creating environment hook '/home/user/celluleflexible_en_cours_ROS2/ros_ws/install/aiguillages/share/aiguillages/hook/cmake_prefix_path.sh'
[4.789s] Level 1:colcon.colcon_core.environment:checking '/home/user/celluleflexible_en_cours_ROS2/ros_ws/install/aiguillages/lib'
[4.789s] Level 1:colcon.colcon_core.shell:create_environment_hook('aiguillages', 'ld_library_path_lib')
[4.789s] INFO:colcon.colcon_core.shell:Creating environment hook '/home/user/celluleflexible_en_cours_ROS2/ros_ws/install/aiguillages/share/aiguillages/hook/ld_library_path_lib.ps1'
[4.790s] INFO:colcon.colcon_core.shell:Creating environment descriptor '/home/user/celluleflexible_en_cours_ROS2/ros_ws/install/aiguillages/share/aiguillages/hook/ld_library_path_lib.dsv'
[4.790s] INFO:colcon.colcon_core.shell:Creating environment hook '/home/user/celluleflexible_en_cours_ROS2/ros_ws/install/aiguillages/share/aiguillages/hook/ld_library_path_lib.sh'
[4.791s] Level 1:colcon.colcon_core.environment:checking '/home/user/celluleflexible_en_cours_ROS2/ros_ws/install/aiguillages/bin'
[4.791s] Level 1:colcon.colcon_core.environment:checking '/home/user/celluleflexible_en_cours_ROS2/ros_ws/install/aiguillages/lib/pkgconfig/aiguillages.pc'
[4.791s] Level 1:colcon.colcon_core.environment:checking '/home/user/celluleflexible_en_cours_ROS2/ros_ws/install/aiguillages/lib/python3.12/site-packages'
[4.791s] Level 1:colcon.colcon_core.shell:create_environment_hook('aiguillages', 'pythonpath')
[4.791s] INFO:colcon.colcon_core.shell:Creating environment hook '/home/user/celluleflexible_en_cours_ROS2/ros_ws/install/aiguillages/share/aiguillages/hook/pythonpath.ps1'
[4.792s] INFO:colcon.colcon_core.shell:Creating environment descriptor '/home/user/celluleflexible_en_cours_ROS2/ros_ws/install/aiguillages/share/aiguillages/hook/pythonpath.dsv'
[4.792s] INFO:colcon.colcon_core.shell:Creating environment hook '/home/user/celluleflexible_en_cours_ROS2/ros_ws/install/aiguillages/share/aiguillages/hook/pythonpath.sh'
[4.793s] Level 1:colcon.colcon_core.environment:checking '/home/user/celluleflexible_en_cours_ROS2/ros_ws/install/aiguillages/bin'
[4.793s] INFO:colcon.colcon_core.shell:Creating package script '/home/user/celluleflexible_en_cours_ROS2/ros_ws/install/aiguillages/share/aiguillages/package.ps1'
[4.793s] INFO:colcon.colcon_core.shell:Creating package descriptor '/home/user/celluleflexible_en_cours_ROS2/ros_ws/install/aiguillages/share/aiguillages/package.dsv'
[4.794s] INFO:colcon.colcon_core.shell:Creating package script '/home/user/celluleflexible_en_cours_ROS2/ros_ws/install/aiguillages/share/aiguillages/package.sh'
[4.795s] INFO:colcon.colcon_core.shell:Creating package script '/home/user/celluleflexible_en_cours_ROS2/ros_ws/install/aiguillages/share/aiguillages/package.bash'
[4.798s] INFO:colcon.colcon_core.shell:Creating package script '/home/user/celluleflexible_en_cours_ROS2/ros_ws/install/aiguillages/share/aiguillages/package.zsh'
[4.799s] Level 1:colcon.colcon_core.environment:create_file_with_runtime_dependencies(/home/user/celluleflexible_en_cours_ROS2/ros_ws/install/aiguillages/share/colcon-core/packages/aiguillages)
[4.799s] INFO:colcon.colcon_ros.task.ament_cmake.build:Building ROS package in '/home/user/celluleflexible_en_cours_ROS2/ros_ws/src/commande_locale' with build type 'ament_cmake'
[4.799s] INFO:colcon.colcon_cmake.task.cmake.build:Building CMake package in '/home/user/celluleflexible_en_cours_ROS2/ros_ws/src/commande_locale'
[4.799s] INFO:colcon.colcon_core.shell:Skip shell extension 'powershell' for command environment: Not usable outside of PowerShell
[4.799s] DEBUG:colcon.colcon_core.shell:Skip shell extension 'dsv' for command environment
[4.803s] INFO:colcon.colcon_ros.task.ament_cmake.build:Building ROS package in '/home/user/celluleflexible_en_cours_ROS2/ros_ws/src/shuttles' with build type 'ament_cmake'
[4.803s] INFO:colcon.colcon_cmake.task.cmake.build:Building CMake package in '/home/user/celluleflexible_en_cours_ROS2/ros_ws/src/shuttles'
[4.803s] INFO:colcon.colcon_core.shell:Skip shell extension 'powershell' for command environment: Not usable outside of PowerShell
[4.803s] DEBUG:colcon.colcon_core.shell:Skip shell extension 'dsv' for command environment
[4.812s] DEBUG:colcon.colcon_core.event_handler.log_command:Invoking command in '/home/user/celluleflexible_en_cours_ROS2/ros_ws/build/commande_locale': CMAKE_PREFIX_PATH=/home/user/celluleflexible_en_cours_ROS2/ros_ws/install/aiguillages:/home/user/celluleflexible_en_cours_ROS2/ros_ws/install/commande:/home/user/celluleflexible_en_cours_ROS2/ros_ws/install/shuttles:/home/user/celluleflexible_en_cours_ROS2/ros_ws/install/robots:/home/user/celluleflexible_en_cours_ROS2/ros_ws/install/launcher:/home/user/celluleflexible_en_cours_ROS2/ros_ws/install/commande_locale:/opt/ros/jazzy/opt/gz_math_vendor:/opt/ros/jazzy/opt/gz_utils_vendor:/opt/ros/jazzy/opt/gz_cmake_vendor:/opt/ros/jazzy DEBUGINFOD_URLS=https://debuginfod.ubuntu.com LD_LIBRARY_PATH=/home/user/celluleflexible_en_cours_ROS2/ros_ws/install/aiguillages/lib:/home/user/celluleflexible_en_cours_ROS2/ros_ws/install/shuttles/lib:/home/user/celluleflexible_en_cours_ROS2/ros_ws/install/robots/lib:/home/user/celluleflexible_en_cours_ROS2/ros_ws/install/commande_locale/lib:/opt/ros/jazzy/opt/rviz_ogre_vendor/lib:/opt/ros/jazzy/lib/x86_64-linux-gnu:/opt/ros/jazzy/opt/gz_math_vendor/lib:/opt/ros/jazzy/opt/gz_utils_vendor/lib:/opt/ros/jazzy/opt/gz_cmake_vendor/lib:/opt/ros/jazzy/lib PYTHONPATH=/home/user/celluleflexible_en_cours_ROS2/ros_ws/install/aiguillages/lib/python3.12/site-packages:/home/user/celluleflexible_en_cours_ROS2/ros_ws/install/shuttles/lib/python3.12/site-packages:/home/user/celluleflexible_en_cours_ROS2/ros_ws/install/robots/lib/python3.12/site-packages:/home/user/celluleflexible_en_cours_ROS2/ros_ws/install/commande_locale/lib/python3.12/site-packages:/opt/ros/jazzy/lib/python3.12/site-packages /usr/bin/cmake --build /home/user/celluleflexible_en_cours_ROS2/ros_ws/build/commande_locale -- -j8 -l8
[4.817s] DEBUG:colcon.colcon_core.event_handler.log_command:Invoking command in '/home/user/celluleflexible_en_cours_ROS2/ros_ws/build/shuttles': CMAKE_PREFIX_PATH=/home/user/celluleflexible_en_cours_ROS2/ros_ws/install/aiguillages:/home/user/celluleflexible_en_cours_ROS2/ros_ws/install/commande:/home/user/celluleflexible_en_cours_ROS2/ros_ws/install/shuttles:/home/user/celluleflexible_en_cours_ROS2/ros_ws/install/robots:/home/user/celluleflexible_en_cours_ROS2/ros_ws/install/launcher:/home/user/celluleflexible_en_cours_ROS2/ros_ws/install/commande_locale:/opt/ros/jazzy/opt/gz_math_vendor:/opt/ros/jazzy/opt/gz_utils_vendor:/opt/ros/jazzy/opt/gz_cmake_vendor:/opt/ros/jazzy DEBUGINFOD_URLS=https://debuginfod.ubuntu.com LD_LIBRARY_PATH=/home/user/celluleflexible_en_cours_ROS2/ros_ws/install/aiguillages/lib:/home/user/celluleflexible_en_cours_ROS2/ros_ws/install/shuttles/lib:/home/user/celluleflexible_en_cours_ROS2/ros_ws/install/robots/lib:/home/user/celluleflexible_en_cours_ROS2/ros_ws/install/commande_locale/lib:/opt/ros/jazzy/opt/rviz_ogre_vendor/lib:/opt/ros/jazzy/lib/x86_64-linux-gnu:/opt/ros/jazzy/opt/gz_math_vendor/lib:/opt/ros/jazzy/opt/gz_utils_vendor/lib:/opt/ros/jazzy/opt/gz_cmake_vendor/lib:/opt/ros/jazzy/lib PYTHONPATH=/home/user/celluleflexible_en_cours_ROS2/ros_ws/install/aiguillages/lib/python3.12/site-packages:/home/user/celluleflexible_en_cours_ROS2/ros_ws/install/shuttles/lib/python3.12/site-packages:/home/user/celluleflexible_en_cours_ROS2/ros_ws/install/robots/lib/python3.12/site-packages:/home/user/celluleflexible_en_cours_ROS2/ros_ws/install/commande_locale/lib/python3.12/site-packages:/opt/ros/jazzy/lib/python3.12/site-packages /usr/bin/cmake --build /home/user/celluleflexible_en_cours_ROS2/ros_ws/build/shuttles -- -j8 -l8
[5.206s] DEBUG:colcon.colcon_core.event_handler.log_command:Invoked command in '/home/user/celluleflexible_en_cours_ROS2/ros_ws/build/shuttles' returned '0': CMAKE_PREFIX_PATH=/home/user/celluleflexible_en_cours_ROS2/ros_ws/install/aiguillages:/home/user/celluleflexible_en_cours_ROS2/ros_ws/install/commande:/home/user/celluleflexible_en_cours_ROS2/ros_ws/install/shuttles:/home/user/celluleflexible_en_cours_ROS2/ros_ws/install/robots:/home/user/celluleflexible_en_cours_ROS2/ros_ws/install/launcher:/home/user/celluleflexible_en_cours_ROS2/ros_ws/install/commande_locale:/opt/ros/jazzy/opt/gz_math_vendor:/opt/ros/jazzy/opt/gz_utils_vendor:/opt/ros/jazzy/opt/gz_cmake_vendor:/opt/ros/jazzy DEBUGINFOD_URLS=https://debuginfod.ubuntu.com LD_LIBRARY_PATH=/home/user/celluleflexible_en_cours_ROS2/ros_ws/install/aiguillages/lib:/home/user/celluleflexible_en_cours_ROS2/ros_ws/install/shuttles/lib:/home/user/celluleflexible_en_cours_ROS2/ros_ws/install/robots/lib:/home/user/celluleflexible_en_cours_ROS2/ros_ws/install/commande_locale/lib:/opt/ros/jazzy/opt/rviz_ogre_vendor/lib:/opt/ros/jazzy/lib/x86_64-linux-gnu:/opt/ros/jazzy/opt/gz_math_vendor/lib:/opt/ros/jazzy/opt/gz_utils_vendor/lib:/opt/ros/jazzy/opt/gz_cmake_vendor/lib:/opt/ros/jazzy/lib PYTHONPATH=/home/user/celluleflexible_en_cours_ROS2/ros_ws/install/aiguillages/lib/python3.12/site-packages:/home/user/celluleflexible_en_cours_ROS2/ros_ws/install/shuttles/lib/python3.12/site-packages:/home/user/celluleflexible_en_cours_ROS2/ros_ws/install/robots/lib/python3.12/site-packages:/home/user/celluleflexible_en_cours_ROS2/ros_ws/install/commande_locale/lib/python3.12/site-packages:/opt/ros/jazzy/lib/python3.12/site-packages /usr/bin/cmake --build /home/user/celluleflexible_en_cours_ROS2/ros_ws/build/shuttles -- -j8 -l8
[5.218s] DEBUG:colcon.colcon_core.event_handler.log_command:Invoking command in '/home/user/celluleflexible_en_cours_ROS2/ros_ws/build/shuttles': CMAKE_PREFIX_PATH=/home/user/celluleflexible_en_cours_ROS2/ros_ws/install/aiguillages:/home/user/celluleflexible_en_cours_ROS2/ros_ws/install/commande:/home/user/celluleflexible_en_cours_ROS2/ros_ws/install/shuttles:/home/user/celluleflexible_en_cours_ROS2/ros_ws/install/robots:/home/user/celluleflexible_en_cours_ROS2/ros_ws/install/launcher:/home/user/celluleflexible_en_cours_ROS2/ros_ws/install/commande_locale:/opt/ros/jazzy/opt/gz_math_vendor:/opt/ros/jazzy/opt/gz_utils_vendor:/opt/ros/jazzy/opt/gz_cmake_vendor:/opt/ros/jazzy DEBUGINFOD_URLS=https://debuginfod.ubuntu.com LD_LIBRARY_PATH=/home/user/celluleflexible_en_cours_ROS2/ros_ws/install/aiguillages/lib:/home/user/celluleflexible_en_cours_ROS2/ros_ws/install/shuttles/lib:/home/user/celluleflexible_en_cours_ROS2/ros_ws/install/robots/lib:/home/user/celluleflexible_en_cours_ROS2/ros_ws/install/commande_locale/lib:/opt/ros/jazzy/opt/rviz_ogre_vendor/lib:/opt/ros/jazzy/lib/x86_64-linux-gnu:/opt/ros/jazzy/opt/gz_math_vendor/lib:/opt/ros/jazzy/opt/gz_utils_vendor/lib:/opt/ros/jazzy/opt/gz_cmake_vendor/lib:/opt/ros/jazzy/lib PYTHONPATH=/home/user/celluleflexible_en_cours_ROS2/ros_ws/install/aiguillages/lib/python3.12/site-packages:/home/user/celluleflexible_en_cours_ROS2/ros_ws/install/shuttles/lib/python3.12/site-packages:/home/user/celluleflexible_en_cours_ROS2/ros_ws/install/robots/lib/python3.12/site-packages:/home/user/celluleflexible_en_cours_ROS2/ros_ws/install/commande_locale/lib/python3.12/site-packages:/opt/ros/jazzy/lib/python3.12/site-packages /usr/bin/cmake --install /home/user/celluleflexible_en_cours_ROS2/ros_ws/build/shuttles
[5.247s] DEBUG:colcon.colcon_core.event_handler.log_command:Invoked command in '/home/user/celluleflexible_en_cours_ROS2/ros_ws/build/commande_locale' returned '0': CMAKE_PREFIX_PATH=/home/user/celluleflexible_en_cours_ROS2/ros_ws/install/aiguillages:/home/user/celluleflexible_en_cours_ROS2/ros_ws/install/commande:/home/user/celluleflexible_en_cours_ROS2/ros_ws/install/shuttles:/home/user/celluleflexible_en_cours_ROS2/ros_ws/install/robots:/home/user/celluleflexible_en_cours_ROS2/ros_ws/install/launcher:/home/user/celluleflexible_en_cours_ROS2/ros_ws/install/commande_locale:/opt/ros/jazzy/opt/gz_math_vendor:/opt/ros/jazzy/opt/gz_utils_vendor:/opt/ros/jazzy/opt/gz_cmake_vendor:/opt/ros/jazzy DEBUGINFOD_URLS=https://debuginfod.ubuntu.com LD_LIBRARY_PATH=/home/user/celluleflexible_en_cours_ROS2/ros_ws/install/aiguillages/lib:/home/user/celluleflexible_en_cours_ROS2/ros_ws/install/shuttles/lib:/home/user/celluleflexible_en_cours_ROS2/ros_ws/install/robots/lib:/home/user/celluleflexible_en_cours_ROS2/ros_ws/install/commande_locale/lib:/opt/ros/jazzy/opt/rviz_ogre_vendor/lib:/opt/ros/jazzy/lib/x86_64-linux-gnu:/opt/ros/jazzy/opt/gz_math_vendor/lib:/opt/ros/jazzy/opt/gz_utils_vendor/lib:/opt/ros/jazzy/opt/gz_cmake_vendor/lib:/opt/ros/jazzy/lib PYTHONPATH=/home/user/celluleflexible_en_cours_ROS2/ros_ws/install/aiguillages/lib/python3.12/site-packages:/home/user/celluleflexible_en_cours_ROS2/ros_ws/install/shuttles/lib/python3.12/site-packages:/home/user/celluleflexible_en_cours_ROS2/ros_ws/install/robots/lib/python3.12/site-packages:/home/user/celluleflexible_en_cours_ROS2/ros_ws/install/commande_locale/lib/python3.12/site-packages:/opt/ros/jazzy/lib/python3.12/site-packages /usr/bin/cmake --build /home/user/celluleflexible_en_cours_ROS2/ros_ws/build/commande_locale -- -j8 -l8
[5.249s] DEBUG:colcon.colcon_core.event_handler.log_command:Invoking command in '/home/user/celluleflexible_en_cours_ROS2/ros_ws/build/commande_locale': CMAKE_PREFIX_PATH=/home/user/celluleflexible_en_cours_ROS2/ros_ws/install/aiguillages:/home/user/celluleflexible_en_cours_ROS2/ros_ws/install/commande:/home/user/celluleflexible_en_cours_ROS2/ros_ws/install/shuttles:/home/user/celluleflexible_en_cours_ROS2/ros_ws/install/robots:/home/user/celluleflexible_en_cours_ROS2/ros_ws/install/launcher:/home/user/celluleflexible_en_cours_ROS2/ros_ws/install/commande_locale:/opt/ros/jazzy/opt/gz_math_vendor:/opt/ros/jazzy/opt/gz_utils_vendor:/opt/ros/jazzy/opt/gz_cmake_vendor:/opt/ros/jazzy DEBUGINFOD_URLS=https://debuginfod.ubuntu.com LD_LIBRARY_PATH=/home/user/celluleflexible_en_cours_ROS2/ros_ws/install/aiguillages/lib:/home/user/celluleflexible_en_cours_ROS2/ros_ws/install/shuttles/lib:/home/user/celluleflexible_en_cours_ROS2/ros_ws/install/robots/lib:/home/user/celluleflexible_en_cours_ROS2/ros_ws/install/commande_locale/lib:/opt/ros/jazzy/opt/rviz_ogre_vendor/lib:/opt/ros/jazzy/lib/x86_64-linux-gnu:/opt/ros/jazzy/opt/gz_math_vendor/lib:/opt/ros/jazzy/opt/gz_utils_vendor/lib:/opt/ros/jazzy/opt/gz_cmake_vendor/lib:/opt/ros/jazzy/lib PYTHONPATH=/home/user/celluleflexible_en_cours_ROS2/ros_ws/install/aiguillages/lib/python3.12/site-packages:/home/user/celluleflexible_en_cours_ROS2/ros_ws/install/shuttles/lib/python3.12/site-packages:/home/user/celluleflexible_en_cours_ROS2/ros_ws/install/robots/lib/python3.12/site-packages:/home/user/celluleflexible_en_cours_ROS2/ros_ws/install/commande_locale/lib/python3.12/site-packages:/opt/ros/jazzy/lib/python3.12/site-packages /usr/bin/cmake --install /home/user/celluleflexible_en_cours_ROS2/ros_ws/build/commande_locale
[5.276s] Level 1:colcon.colcon_core.environment:create_environment_scripts_only(shuttles)
[5.276s] Level 1:colcon.colcon_core.environment:checking '/home/user/celluleflexible_en_cours_ROS2/ros_ws/install/shuttles' for CMake module files
[5.279s] Level 1:colcon.colcon_core.environment:checking '/home/user/celluleflexible_en_cours_ROS2/ros_ws/install/shuttles' for CMake config files
[5.281s] Level 1:colcon.colcon_core.shell:create_environment_hook('shuttles', 'cmake_prefix_path')
[5.281s] INFO:colcon.colcon_core.shell:Creating environment hook '/home/user/celluleflexible_en_cours_ROS2/ros_ws/install/shuttles/share/shuttles/hook/cmake_prefix_path.ps1'
[5.282s] INFO:colcon.colcon_core.shell:Creating environment descriptor '/home/user/celluleflexible_en_cours_ROS2/ros_ws/install/shuttles/share/shuttles/hook/cmake_prefix_path.dsv'
[5.284s] INFO:colcon.colcon_core.shell:Creating environment hook '/home/user/celluleflexible_en_cours_ROS2/ros_ws/install/shuttles/share/shuttles/hook/cmake_prefix_path.sh'
[5.284s] Level 1:colcon.colcon_core.environment:checking '/home/user/celluleflexible_en_cours_ROS2/ros_ws/install/shuttles/lib'
[5.284s] Level 1:colcon.colcon_core.shell:create_environment_hook('shuttles', 'ld_library_path_lib')
[5.284s] INFO:colcon.colcon_core.shell:Creating environment hook '/home/user/celluleflexible_en_cours_ROS2/ros_ws/install/shuttles/share/shuttles/hook/ld_library_path_lib.ps1'
[5.285s] INFO:colcon.colcon_core.shell:Creating environment descriptor '/home/user/celluleflexible_en_cours_ROS2/ros_ws/install/shuttles/share/shuttles/hook/ld_library_path_lib.dsv'
[5.285s] INFO:colcon.colcon_core.shell:Creating environment hook '/home/user/celluleflexible_en_cours_ROS2/ros_ws/install/shuttles/share/shuttles/hook/ld_library_path_lib.sh'
[5.288s] Level 1:colcon.colcon_core.environment:checking '/home/user/celluleflexible_en_cours_ROS2/ros_ws/install/shuttles/bin'
[5.288s] Level 1:colcon.colcon_core.environment:checking '/home/user/celluleflexible_en_cours_ROS2/ros_ws/install/shuttles/lib/pkgconfig/shuttles.pc'
[5.288s] Level 1:colcon.colcon_core.environment:checking '/home/user/celluleflexible_en_cours_ROS2/ros_ws/install/shuttles/lib/python3.12/site-packages'
[5.288s] Level 1:colcon.colcon_core.shell:create_environment_hook('shuttles', 'pythonpath')
[5.288s] INFO:colcon.colcon_core.shell:Creating environment hook '/home/user/celluleflexible_en_cours_ROS2/ros_ws/install/shuttles/share/shuttles/hook/pythonpath.ps1'
[5.289s] INFO:colcon.colcon_core.shell:Creating environment descriptor '/home/user/celluleflexible_en_cours_ROS2/ros_ws/install/shuttles/share/shuttles/hook/pythonpath.dsv'
[5.290s] INFO:colcon.colcon_core.shell:Creating environment hook '/home/user/celluleflexible_en_cours_ROS2/ros_ws/install/shuttles/share/shuttles/hook/pythonpath.sh'
[5.293s] Level 1:colcon.colcon_core.environment:checking '/home/user/celluleflexible_en_cours_ROS2/ros_ws/install/shuttles/bin'
[5.293s] INFO:colcon.colcon_core.shell:Creating package script '/home/user/celluleflexible_en_cours_ROS2/ros_ws/install/shuttles/share/shuttles/package.ps1'
[5.295s] INFO:colcon.colcon_core.shell:Creating package descriptor '/home/user/celluleflexible_en_cours_ROS2/ros_ws/install/shuttles/share/shuttles/package.dsv'
[5.297s] DEBUG:colcon.colcon_core.event_handler.log_command:Invoked command in '/home/user/celluleflexible_en_cours_ROS2/ros_ws/build/shuttles' returned '0': CMAKE_PREFIX_PATH=/home/user/celluleflexible_en_cours_ROS2/ros_ws/install/aiguillages:/home/user/celluleflexible_en_cours_ROS2/ros_ws/install/commande:/home/user/celluleflexible_en_cours_ROS2/ros_ws/install/shuttles:/home/user/celluleflexible_en_cours_ROS2/ros_ws/install/robots:/home/user/celluleflexible_en_cours_ROS2/ros_ws/install/launcher:/home/user/celluleflexible_en_cours_ROS2/ros_ws/install/commande_locale:/opt/ros/jazzy/opt/gz_math_vendor:/opt/ros/jazzy/opt/gz_utils_vendor:/opt/ros/jazzy/opt/gz_cmake_vendor:/opt/ros/jazzy DEBUGINFOD_URLS=https://debuginfod.ubuntu.com LD_LIBRARY_PATH=/home/user/celluleflexible_en_cours_ROS2/ros_ws/install/aiguillages/lib:/home/user/celluleflexible_en_cours_ROS2/ros_ws/install/shuttles/lib:/home/user/celluleflexible_en_cours_ROS2/ros_ws/install/robots/lib:/home/user/celluleflexible_en_cours_ROS2/ros_ws/install/commande_locale/lib:/opt/ros/jazzy/opt/rviz_ogre_vendor/lib:/opt/ros/jazzy/lib/x86_64-linux-gnu:/opt/ros/jazzy/opt/gz_math_vendor/lib:/opt/ros/jazzy/opt/gz_utils_vendor/lib:/opt/ros/jazzy/opt/gz_cmake_vendor/lib:/opt/ros/jazzy/lib PYTHONPATH=/home/user/celluleflexible_en_cours_ROS2/ros_ws/install/aiguillages/lib/python3.12/site-packages:/home/user/celluleflexible_en_cours_ROS2/ros_ws/install/shuttles/lib/python3.12/site-packages:/home/user/celluleflexible_en_cours_ROS2/ros_ws/install/robots/lib/python3.12/site-packages:/home/user/celluleflexible_en_cours_ROS2/ros_ws/install/commande_locale/lib/python3.12/site-packages:/opt/ros/jazzy/lib/python3.12/site-packages /usr/bin/cmake --install /home/user/celluleflexible_en_cours_ROS2/ros_ws/build/shuttles
[5.298s] INFO:colcon.colcon_core.shell:Creating package script '/home/user/celluleflexible_en_cours_ROS2/ros_ws/install/shuttles/share/shuttles/package.sh'
[5.305s] INFO:colcon.colcon_core.shell:Creating package script '/home/user/celluleflexible_en_cours_ROS2/ros_ws/install/shuttles/share/shuttles/package.bash'
[5.310s] INFO:colcon.colcon_core.shell:Creating package script '/home/user/celluleflexible_en_cours_ROS2/ros_ws/install/shuttles/share/shuttles/package.zsh'
[5.311s] Level 1:colcon.colcon_core.environment:create_file_with_runtime_dependencies(/home/user/celluleflexible_en_cours_ROS2/ros_ws/install/shuttles/share/colcon-core/packages/shuttles)
[5.322s] Level 1:colcon.colcon_core.environment:create_environment_scripts_only(shuttles)
[5.323s] Level 1:colcon.colcon_core.environment:checking '/home/user/celluleflexible_en_cours_ROS2/ros_ws/install/shuttles' for CMake module files
[5.326s] Level 1:colcon.colcon_core.environment:checking '/home/user/celluleflexible_en_cours_ROS2/ros_ws/install/shuttles' for CMake config files
[5.328s] Level 1:colcon.colcon_core.shell:create_environment_hook('shuttles', 'cmake_prefix_path')
[5.328s] INFO:colcon.colcon_core.shell:Creating environment hook '/home/user/celluleflexible_en_cours_ROS2/ros_ws/install/shuttles/share/shuttles/hook/cmake_prefix_path.ps1'
[5.330s] INFO:colcon.colcon_core.shell:Creating environment descriptor '/home/user/celluleflexible_en_cours_ROS2/ros_ws/install/shuttles/share/shuttles/hook/cmake_prefix_path.dsv'
[5.330s] INFO:colcon.colcon_core.shell:Creating environment hook '/home/user/celluleflexible_en_cours_ROS2/ros_ws/install/shuttles/share/shuttles/hook/cmake_prefix_path.sh'
[5.331s] Level 1:colcon.colcon_core.environment:checking '/home/user/celluleflexible_en_cours_ROS2/ros_ws/install/shuttles/lib'
[5.331s] Level 1:colcon.colcon_core.shell:create_environment_hook('shuttles', 'ld_library_path_lib')
[5.331s] INFO:colcon.colcon_core.shell:Creating environment hook '/home/user/celluleflexible_en_cours_ROS2/ros_ws/install/shuttles/share/shuttles/hook/ld_library_path_lib.ps1'
[5.331s] INFO:colcon.colcon_core.shell:Creating environment descriptor '/home/user/celluleflexible_en_cours_ROS2/ros_ws/install/shuttles/share/shuttles/hook/ld_library_path_lib.dsv'
[5.332s] INFO:colcon.colcon_core.shell:Creating environment hook '/home/user/celluleflexible_en_cours_ROS2/ros_ws/install/shuttles/share/shuttles/hook/ld_library_path_lib.sh'
[5.332s] Level 1:colcon.colcon_core.environment:checking '/home/user/celluleflexible_en_cours_ROS2/ros_ws/install/shuttles/bin'
[5.332s] Level 1:colcon.colcon_core.environment:checking '/home/user/celluleflexible_en_cours_ROS2/ros_ws/install/shuttles/lib/pkgconfig/shuttles.pc'
[5.332s] Level 1:colcon.colcon_core.environment:checking '/home/user/celluleflexible_en_cours_ROS2/ros_ws/install/shuttles/lib/python3.12/site-packages'
[5.332s] Level 1:colcon.colcon_core.shell:create_environment_hook('shuttles', 'pythonpath')
[5.333s] INFO:colcon.colcon_core.shell:Creating environment hook '/home/user/celluleflexible_en_cours_ROS2/ros_ws/install/shuttles/share/shuttles/hook/pythonpath.ps1'
[5.333s] INFO:colcon.colcon_core.shell:Creating environment descriptor '/home/user/celluleflexible_en_cours_ROS2/ros_ws/install/shuttles/share/shuttles/hook/pythonpath.dsv'
[5.333s] INFO:colcon.colcon_core.shell:Creating environment hook '/home/user/celluleflexible_en_cours_ROS2/ros_ws/install/shuttles/share/shuttles/hook/pythonpath.sh'
[5.334s] Level 1:colcon.colcon_core.environment:checking '/home/user/celluleflexible_en_cours_ROS2/ros_ws/install/shuttles/bin'
[5.334s] INFO:colcon.colcon_core.shell:Creating package script '/home/user/celluleflexible_en_cours_ROS2/ros_ws/install/shuttles/share/shuttles/package.ps1'
[5.334s] INFO:colcon.colcon_core.shell:Creating package descriptor '/home/user/celluleflexible_en_cours_ROS2/ros_ws/install/shuttles/share/shuttles/package.dsv'
[5.335s] INFO:colcon.colcon_core.shell:Creating package script '/home/user/celluleflexible_en_cours_ROS2/ros_ws/install/shuttles/share/shuttles/package.sh'
[5.335s] INFO:colcon.colcon_core.shell:Creating package script '/home/user/celluleflexible_en_cours_ROS2/ros_ws/install/shuttles/share/shuttles/package.bash'
[5.336s] INFO:colcon.colcon_core.shell:Creating package script '/home/user/celluleflexible_en_cours_ROS2/ros_ws/install/shuttles/share/shuttles/package.zsh'
[5.336s] Level 1:colcon.colcon_core.environment:create_file_with_runtime_dependencies(/home/user/celluleflexible_en_cours_ROS2/ros_ws/install/shuttles/share/colcon-core/packages/shuttles)
[5.338s] Level 1:colcon.colcon_core.environment:create_environment_scripts_only(commande_locale)
[5.338s] Level 1:colcon.colcon_core.environment:checking '/home/user/celluleflexible_en_cours_ROS2/ros_ws/install/commande_locale' for CMake module files
[5.339s] DEBUG:colcon.colcon_core.event_handler.log_command:Invoked command in '/home/user/celluleflexible_en_cours_ROS2/ros_ws/build/commande_locale' returned '0': CMAKE_PREFIX_PATH=/home/user/celluleflexible_en_cours_ROS2/ros_ws/install/aiguillages:/home/user/celluleflexible_en_cours_ROS2/ros_ws/install/commande:/home/user/celluleflexible_en_cours_ROS2/ros_ws/install/shuttles:/home/user/celluleflexible_en_cours_ROS2/ros_ws/install/robots:/home/user/celluleflexible_en_cours_ROS2/ros_ws/install/launcher:/home/user/celluleflexible_en_cours_ROS2/ros_ws/install/commande_locale:/opt/ros/jazzy/opt/gz_math_vendor:/opt/ros/jazzy/opt/gz_utils_vendor:/opt/ros/jazzy/opt/gz_cmake_vendor:/opt/ros/jazzy DEBUGINFOD_URLS=https://debuginfod.ubuntu.com LD_LIBRARY_PATH=/home/user/celluleflexible_en_cours_ROS2/ros_ws/install/aiguillages/lib:/home/user/celluleflexible_en_cours_ROS2/ros_ws/install/shuttles/lib:/home/user/celluleflexible_en_cours_ROS2/ros_ws/install/robots/lib:/home/user/celluleflexible_en_cours_ROS2/ros_ws/install/commande_locale/lib:/opt/ros/jazzy/opt/rviz_ogre_vendor/lib:/opt/ros/jazzy/lib/x86_64-linux-gnu:/opt/ros/jazzy/opt/gz_math_vendor/lib:/opt/ros/jazzy/opt/gz_utils_vendor/lib:/opt/ros/jazzy/opt/gz_cmake_vendor/lib:/opt/ros/jazzy/lib PYTHONPATH=/home/user/celluleflexible_en_cours_ROS2/ros_ws/install/aiguillages/lib/python3.12/site-packages:/home/user/celluleflexible_en_cours_ROS2/ros_ws/install/shuttles/lib/python3.12/site-packages:/home/user/celluleflexible_en_cours_ROS2/ros_ws/install/robots/lib/python3.12/site-packages:/home/user/celluleflexible_en_cours_ROS2/ros_ws/install/commande_locale/lib/python3.12/site-packages:/opt/ros/jazzy/lib/python3.12/site-packages /usr/bin/cmake --install /home/user/celluleflexible_en_cours_ROS2/ros_ws/build/commande_locale
[5.339s] Level 1:colcon.colcon_core.environment:checking '/home/user/celluleflexible_en_cours_ROS2/ros_ws/install/commande_locale' for CMake config files
[5.340s] Level 1:colcon.colcon_core.shell:create_environment_hook('commande_locale', 'cmake_prefix_path')
[5.340s] INFO:colcon.colcon_core.shell:Creating environment hook '/home/user/celluleflexible_en_cours_ROS2/ros_ws/install/commande_locale/share/commande_locale/hook/cmake_prefix_path.ps1'
[5.340s] INFO:colcon.colcon_core.shell:Creating environment descriptor '/home/user/celluleflexible_en_cours_ROS2/ros_ws/install/commande_locale/share/commande_locale/hook/cmake_prefix_path.dsv'
[5.341s] INFO:colcon.colcon_core.shell:Creating environment hook '/home/user/celluleflexible_en_cours_ROS2/ros_ws/install/commande_locale/share/commande_locale/hook/cmake_prefix_path.sh'
[5.342s] Level 1:colcon.colcon_core.environment:checking '/home/user/celluleflexible_en_cours_ROS2/ros_ws/install/commande_locale/lib'
[5.343s] Level 1:colcon.colcon_core.shell:create_environment_hook('commande_locale', 'ld_library_path_lib')
[5.343s] INFO:colcon.colcon_core.shell:Creating environment hook '/home/user/celluleflexible_en_cours_ROS2/ros_ws/install/commande_locale/share/commande_locale/hook/ld_library_path_lib.ps1'
[5.344s] INFO:colcon.colcon_core.shell:Creating environment descriptor '/home/user/celluleflexible_en_cours_ROS2/ros_ws/install/commande_locale/share/commande_locale/hook/ld_library_path_lib.dsv'
[5.344s] INFO:colcon.colcon_core.shell:Creating environment hook '/home/user/celluleflexible_en_cours_ROS2/ros_ws/install/commande_locale/share/commande_locale/hook/ld_library_path_lib.sh'
[5.345s] Level 1:colcon.colcon_core.environment:checking '/home/user/celluleflexible_en_cours_ROS2/ros_ws/install/commande_locale/bin'
[5.345s] Level 1:colcon.colcon_core.environment:checking '/home/user/celluleflexible_en_cours_ROS2/ros_ws/install/commande_locale/lib/pkgconfig/commande_locale.pc'
[5.345s] Level 1:colcon.colcon_core.environment:checking '/home/user/celluleflexible_en_cours_ROS2/ros_ws/install/commande_locale/lib/python3.12/site-packages'
[5.345s] Level 1:colcon.colcon_core.shell:create_environment_hook('commande_locale', 'pythonpath')
[5.345s] INFO:colcon.colcon_core.shell:Creating environment hook '/home/user/celluleflexible_en_cours_ROS2/ros_ws/install/commande_locale/share/commande_locale/hook/pythonpath.ps1'
[5.346s] INFO:colcon.colcon_core.shell:Creating environment descriptor '/home/user/celluleflexible_en_cours_ROS2/ros_ws/install/commande_locale/share/commande_locale/hook/pythonpath.dsv'
[5.346s] INFO:colcon.colcon_core.shell:Creating environment hook '/home/user/celluleflexible_en_cours_ROS2/ros_ws/install/commande_locale/share/commande_locale/hook/pythonpath.sh'
[5.347s] Level 1:colcon.colcon_core.environment:checking '/home/user/celluleflexible_en_cours_ROS2/ros_ws/install/commande_locale/bin'
[5.347s] INFO:colcon.colcon_core.shell:Creating package script '/home/user/celluleflexible_en_cours_ROS2/ros_ws/install/commande_locale/share/commande_locale/package.ps1'
[5.348s] INFO:colcon.colcon_core.shell:Creating package descriptor '/home/user/celluleflexible_en_cours_ROS2/ros_ws/install/commande_locale/share/commande_locale/package.dsv'
[5.348s] INFO:colcon.colcon_core.shell:Creating package script '/home/user/celluleflexible_en_cours_ROS2/ros_ws/install/commande_locale/share/commande_locale/package.sh'
[5.348s] INFO:colcon.colcon_core.shell:Creating package script '/home/user/celluleflexible_en_cours_ROS2/ros_ws/install/commande_locale/share/commande_locale/package.bash'
[5.349s] INFO:colcon.colcon_core.shell:Creating package script '/home/user/celluleflexible_en_cours_ROS2/ros_ws/install/commande_locale/share/commande_locale/package.zsh'
[5.350s] Level 1:colcon.colcon_core.environment:create_file_with_runtime_dependencies(/home/user/celluleflexible_en_cours_ROS2/ros_ws/install/commande_locale/share/colcon-core/packages/commande_locale)
[5.350s] Level 1:colcon.colcon_core.environment:create_environment_scripts_only(commande_locale)
[5.351s] Level 1:colcon.colcon_core.environment:checking '/home/user/celluleflexible_en_cours_ROS2/ros_ws/install/commande_locale' for CMake module files
[5.351s] Level 1:colcon.colcon_core.environment:checking '/home/user/celluleflexible_en_cours_ROS2/ros_ws/install/commande_locale' for CMake config files
[5.351s] Level 1:colcon.colcon_core.shell:create_environment_hook('commande_locale', 'cmake_prefix_path')
[5.351s] INFO:colcon.colcon_core.shell:Creating environment hook '/home/user/celluleflexible_en_cours_ROS2/ros_ws/install/commande_locale/share/commande_locale/hook/cmake_prefix_path.ps1'
[5.351s] INFO:colcon.colcon_core.shell:Creating environment descriptor '/home/user/celluleflexible_en_cours_ROS2/ros_ws/install/commande_locale/share/commande_locale/hook/cmake_prefix_path.dsv'
[5.352s] INFO:colcon.colcon_core.shell:Creating environment hook '/home/user/celluleflexible_en_cours_ROS2/ros_ws/install/commande_locale/share/commande_locale/hook/cmake_prefix_path.sh'
[5.352s] Level 1:colcon.colcon_core.environment:checking '/home/user/celluleflexible_en_cours_ROS2/ros_ws/install/commande_locale/lib'
[5.352s] Level 1:colcon.colcon_core.shell:create_environment_hook('commande_locale', 'ld_library_path_lib')
[5.353s] INFO:colcon.colcon_core.shell:Creating environment hook '/home/user/celluleflexible_en_cours_ROS2/ros_ws/install/commande_locale/share/commande_locale/hook/ld_library_path_lib.ps1'
[5.353s] INFO:colcon.colcon_core.shell:Creating environment descriptor '/home/user/celluleflexible_en_cours_ROS2/ros_ws/install/commande_locale/share/commande_locale/hook/ld_library_path_lib.dsv'
[5.353s] INFO:colcon.colcon_core.shell:Creating environment hook '/home/user/celluleflexible_en_cours_ROS2/ros_ws/install/commande_locale/share/commande_locale/hook/ld_library_path_lib.sh'
[5.354s] Level 1:colcon.colcon_core.environment:checking '/home/user/celluleflexible_en_cours_ROS2/ros_ws/install/commande_locale/bin'
[5.354s] Level 1:colcon.colcon_core.environment:checking '/home/user/celluleflexible_en_cours_ROS2/ros_ws/install/commande_locale/lib/pkgconfig/commande_locale.pc'
[5.354s] Level 1:colcon.colcon_core.environment:checking '/home/user/celluleflexible_en_cours_ROS2/ros_ws/install/commande_locale/lib/python3.12/site-packages'
[5.354s] Level 1:colcon.colcon_core.shell:create_environment_hook('commande_locale', 'pythonpath')
[5.354s] INFO:colcon.colcon_core.shell:Creating environment hook '/home/user/celluleflexible_en_cours_ROS2/ros_ws/install/commande_locale/share/commande_locale/hook/pythonpath.ps1'
[5.355s] INFO:colcon.colcon_core.shell:Creating environment descriptor '/home/user/celluleflexible_en_cours_ROS2/ros_ws/install/commande_locale/share/commande_locale/hook/pythonpath.dsv'
[5.355s] INFO:colcon.colcon_core.shell:Creating environment hook '/home/user/celluleflexible_en_cours_ROS2/ros_ws/install/commande_locale/share/commande_locale/hook/pythonpath.sh'
[5.356s] Level 1:colcon.colcon_core.environment:checking '/home/user/celluleflexible_en_cours_ROS2/ros_ws/install/commande_locale/bin'
[5.356s] INFO:colcon.colcon_core.shell:Creating package script '/home/user/celluleflexible_en_cours_ROS2/ros_ws/install/commande_locale/share/commande_locale/package.ps1'
[5.356s] INFO:colcon.colcon_core.shell:Creating package descriptor '/home/user/celluleflexible_en_cours_ROS2/ros_ws/install/commande_locale/share/commande_locale/package.dsv'
[5.357s] INFO:colcon.colcon_core.shell:Creating package script '/home/user/celluleflexible_en_cours_ROS2/ros_ws/install/commande_locale/share/commande_locale/package.sh'
[5.357s] INFO:colcon.colcon_core.shell:Creating package script '/home/user/celluleflexible_en_cours_ROS2/ros_ws/install/commande_locale/share/commande_locale/package.bash'
[5.358s] INFO:colcon.colcon_core.shell:Creating package script '/home/user/celluleflexible_en_cours_ROS2/ros_ws/install/commande_locale/share/commande_locale/package.zsh'
[5.358s] Level 1:colcon.colcon_core.environment:create_file_with_runtime_dependencies(/home/user/celluleflexible_en_cours_ROS2/ros_ws/install/commande_locale/share/colcon-core/packages/commande_locale)
[5.359s] INFO:colcon.colcon_ros.task.ament_cmake.build:Building ROS package in '/home/user/celluleflexible_en_cours_ROS2/ros_ws/src/robots' with build type 'ament_cmake'
[5.359s] INFO:colcon.colcon_cmake.task.cmake.build:Building CMake package in '/home/user/celluleflexible_en_cours_ROS2/ros_ws/src/robots'
[5.359s] INFO:colcon.colcon_core.shell:Skip shell extension 'powershell' for command environment: Not usable outside of PowerShell
[5.359s] DEBUG:colcon.colcon_core.shell:Skip shell extension 'dsv' for command environment
[5.388s] DEBUG:colcon.colcon_core.event_handler.log_command:Invoking command in '/home/user/celluleflexible_en_cours_ROS2/ros_ws/build/robots': CMAKE_PREFIX_PATH=/home/user/celluleflexible_en_cours_ROS2/ros_ws/install/shuttles:/home/user/celluleflexible_en_cours_ROS2/ros_ws/install/commande_locale:/home/user/celluleflexible_en_cours_ROS2/ros_ws/install/aiguillages:/home/user/celluleflexible_en_cours_ROS2/ros_ws/install/commande:/home/user/celluleflexible_en_cours_ROS2/ros_ws/install/robots:/home/user/celluleflexible_en_cours_ROS2/ros_ws/install/launcher:/opt/ros/jazzy/opt/gz_math_vendor:/opt/ros/jazzy/opt/gz_utils_vendor:/opt/ros/jazzy/opt/gz_cmake_vendor:/opt/ros/jazzy DEBUGINFOD_URLS=https://debuginfod.ubuntu.com LD_LIBRARY_PATH=/home/user/celluleflexible_en_cours_ROS2/ros_ws/install/shuttles/lib:/home/user/celluleflexible_en_cours_ROS2/ros_ws/install/commande_locale/lib:/home/user/celluleflexible_en_cours_ROS2/ros_ws/install/aiguillages/lib:/home/user/celluleflexible_en_cours_ROS2/ros_ws/install/robots/lib:/opt/ros/jazzy/opt/rviz_ogre_vendor/lib:/opt/ros/jazzy/lib/x86_64-linux-gnu:/opt/ros/jazzy/opt/gz_math_vendor/lib:/opt/ros/jazzy/opt/gz_utils_vendor/lib:/opt/ros/jazzy/opt/gz_cmake_vendor/lib:/opt/ros/jazzy/lib PYTHONPATH=/home/user/celluleflexible_en_cours_ROS2/ros_ws/install/shuttles/lib/python3.12/site-packages:/home/user/celluleflexible_en_cours_ROS2/ros_ws/install/commande_locale/lib/python3.12/site-packages:/home/user/celluleflexible_en_cours_ROS2/ros_ws/install/aiguillages/lib/python3.12/site-packages:/home/user/celluleflexible_en_cours_ROS2/ros_ws/install/robots/lib/python3.12/site-packages:/opt/ros/jazzy/lib/python3.12/site-packages /usr/bin/cmake --build /home/user/celluleflexible_en_cours_ROS2/ros_ws/build/robots -- -j8 -l8
[5.702s] DEBUG:colcon.colcon_core.event_handler.log_command:Invoked command in '/home/user/celluleflexible_en_cours_ROS2/ros_ws/build/robots' returned '0': CMAKE_PREFIX_PATH=/home/user/celluleflexible_en_cours_ROS2/ros_ws/install/shuttles:/home/user/celluleflexible_en_cours_ROS2/ros_ws/install/commande_locale:/home/user/celluleflexible_en_cours_ROS2/ros_ws/install/aiguillages:/home/user/celluleflexible_en_cours_ROS2/ros_ws/install/commande:/home/user/celluleflexible_en_cours_ROS2/ros_ws/install/robots:/home/user/celluleflexible_en_cours_ROS2/ros_ws/install/launcher:/opt/ros/jazzy/opt/gz_math_vendor:/opt/ros/jazzy/opt/gz_utils_vendor:/opt/ros/jazzy/opt/gz_cmake_vendor:/opt/ros/jazzy DEBUGINFOD_URLS=https://debuginfod.ubuntu.com LD_LIBRARY_PATH=/home/user/celluleflexible_en_cours_ROS2/ros_ws/install/shuttles/lib:/home/user/celluleflexible_en_cours_ROS2/ros_ws/install/commande_locale/lib:/home/user/celluleflexible_en_cours_ROS2/ros_ws/install/aiguillages/lib:/home/user/celluleflexible_en_cours_ROS2/ros_ws/install/robots/lib:/opt/ros/jazzy/opt/rviz_ogre_vendor/lib:/opt/ros/jazzy/lib/x86_64-linux-gnu:/opt/ros/jazzy/opt/gz_math_vendor/lib:/opt/ros/jazzy/opt/gz_utils_vendor/lib:/opt/ros/jazzy/opt/gz_cmake_vendor/lib:/opt/ros/jazzy/lib PYTHONPATH=/home/user/celluleflexible_en_cours_ROS2/ros_ws/install/shuttles/lib/python3.12/site-packages:/home/user/celluleflexible_en_cours_ROS2/ros_ws/install/commande_locale/lib/python3.12/site-packages:/home/user/celluleflexible_en_cours_ROS2/ros_ws/install/aiguillages/lib/python3.12/site-packages:/home/user/celluleflexible_en_cours_ROS2/ros_ws/install/robots/lib/python3.12/site-packages:/opt/ros/jazzy/lib/python3.12/site-packages /usr/bin/cmake --build /home/user/celluleflexible_en_cours_ROS2/ros_ws/build/robots -- -j8 -l8
[5.704s] DEBUG:colcon.colcon_core.event_handler.log_command:Invoking command in '/home/user/celluleflexible_en_cours_ROS2/ros_ws/build/robots': CMAKE_PREFIX_PATH=/home/user/celluleflexible_en_cours_ROS2/ros_ws/install/shuttles:/home/user/celluleflexible_en_cours_ROS2/ros_ws/install/commande_locale:/home/user/celluleflexible_en_cours_ROS2/ros_ws/install/aiguillages:/home/user/celluleflexible_en_cours_ROS2/ros_ws/install/commande:/home/user/celluleflexible_en_cours_ROS2/ros_ws/install/robots:/home/user/celluleflexible_en_cours_ROS2/ros_ws/install/launcher:/opt/ros/jazzy/opt/gz_math_vendor:/opt/ros/jazzy/opt/gz_utils_vendor:/opt/ros/jazzy/opt/gz_cmake_vendor:/opt/ros/jazzy DEBUGINFOD_URLS=https://debuginfod.ubuntu.com LD_LIBRARY_PATH=/home/user/celluleflexible_en_cours_ROS2/ros_ws/install/shuttles/lib:/home/user/celluleflexible_en_cours_ROS2/ros_ws/install/commande_locale/lib:/home/user/celluleflexible_en_cours_ROS2/ros_ws/install/aiguillages/lib:/home/user/celluleflexible_en_cours_ROS2/ros_ws/install/robots/lib:/opt/ros/jazzy/opt/rviz_ogre_vendor/lib:/opt/ros/jazzy/lib/x86_64-linux-gnu:/opt/ros/jazzy/opt/gz_math_vendor/lib:/opt/ros/jazzy/opt/gz_utils_vendor/lib:/opt/ros/jazzy/opt/gz_cmake_vendor/lib:/opt/ros/jazzy/lib PYTHONPATH=/home/user/celluleflexible_en_cours_ROS2/ros_ws/install/shuttles/lib/python3.12/site-packages:/home/user/celluleflexible_en_cours_ROS2/ros_ws/install/commande_locale/lib/python3.12/site-packages:/home/user/celluleflexible_en_cours_ROS2/ros_ws/install/aiguillages/lib/python3.12/site-packages:/home/user/celluleflexible_en_cours_ROS2/ros_ws/install/robots/lib/python3.12/site-packages:/opt/ros/jazzy/lib/python3.12/site-packages /usr/bin/cmake --install /home/user/celluleflexible_en_cours_ROS2/ros_ws/build/robots
[5.748s] Level 1:colcon.colcon_core.environment:create_environment_scripts_only(robots)
[5.748s] Level 1:colcon.colcon_core.environment:checking '/home/user/celluleflexible_en_cours_ROS2/ros_ws/install/robots' for CMake module files
[5.749s] DEBUG:colcon.colcon_core.event_handler.log_command:Invoked command in '/home/user/celluleflexible_en_cours_ROS2/ros_ws/build/robots' returned '0': CMAKE_PREFIX_PATH=/home/user/celluleflexible_en_cours_ROS2/ros_ws/install/shuttles:/home/user/celluleflexible_en_cours_ROS2/ros_ws/install/commande_locale:/home/user/celluleflexible_en_cours_ROS2/ros_ws/install/aiguillages:/home/user/celluleflexible_en_cours_ROS2/ros_ws/install/commande:/home/user/celluleflexible_en_cours_ROS2/ros_ws/install/robots:/home/user/celluleflexible_en_cours_ROS2/ros_ws/install/launcher:/opt/ros/jazzy/opt/gz_math_vendor:/opt/ros/jazzy/opt/gz_utils_vendor:/opt/ros/jazzy/opt/gz_cmake_vendor:/opt/ros/jazzy DEBUGINFOD_URLS=https://debuginfod.ubuntu.com LD_LIBRARY_PATH=/home/user/celluleflexible_en_cours_ROS2/ros_ws/install/shuttles/lib:/home/user/celluleflexible_en_cours_ROS2/ros_ws/install/commande_locale/lib:/home/user/celluleflexible_en_cours_ROS2/ros_ws/install/aiguillages/lib:/home/user/celluleflexible_en_cours_ROS2/ros_ws/install/robots/lib:/opt/ros/jazzy/opt/rviz_ogre_vendor/lib:/opt/ros/jazzy/lib/x86_64-linux-gnu:/opt/ros/jazzy/opt/gz_math_vendor/lib:/opt/ros/jazzy/opt/gz_utils_vendor/lib:/opt/ros/jazzy/opt/gz_cmake_vendor/lib:/opt/ros/jazzy/lib PYTHONPATH=/home/user/celluleflexible_en_cours_ROS2/ros_ws/install/shuttles/lib/python3.12/site-packages:/home/user/celluleflexible_en_cours_ROS2/ros_ws/install/commande_locale/lib/python3.12/site-packages:/home/user/celluleflexible_en_cours_ROS2/ros_ws/install/aiguillages/lib/python3.12/site-packages:/home/user/celluleflexible_en_cours_ROS2/ros_ws/install/robots/lib/python3.12/site-packages:/opt/ros/jazzy/lib/python3.12/site-packages /usr/bin/cmake --install /home/user/celluleflexible_en_cours_ROS2/ros_ws/build/robots
[5.749s] Level 1:colcon.colcon_core.environment:checking '/home/user/celluleflexible_en_cours_ROS2/ros_ws/install/robots' for CMake config files
[5.749s] Level 1:colcon.colcon_core.shell:create_environment_hook('robots', 'cmake_prefix_path')
[5.749s] INFO:colcon.colcon_core.shell:Creating environment hook '/home/user/celluleflexible_en_cours_ROS2/ros_ws/install/robots/share/robots/hook/cmake_prefix_path.ps1'
[5.750s] INFO:colcon.colcon_core.shell:Creating environment descriptor '/home/user/celluleflexible_en_cours_ROS2/ros_ws/install/robots/share/robots/hook/cmake_prefix_path.dsv'
[5.750s] INFO:colcon.colcon_core.shell:Creating environment hook '/home/user/celluleflexible_en_cours_ROS2/ros_ws/install/robots/share/robots/hook/cmake_prefix_path.sh'
[5.751s] Level 1:colcon.colcon_core.environment:checking '/home/user/celluleflexible_en_cours_ROS2/ros_ws/install/robots/lib'
[5.751s] Level 1:colcon.colcon_core.shell:create_environment_hook('robots', 'ld_library_path_lib')
[5.751s] INFO:colcon.colcon_core.shell:Creating environment hook '/home/user/celluleflexible_en_cours_ROS2/ros_ws/install/robots/share/robots/hook/ld_library_path_lib.ps1'
[5.751s] INFO:colcon.colcon_core.shell:Creating environment descriptor '/home/user/celluleflexible_en_cours_ROS2/ros_ws/install/robots/share/robots/hook/ld_library_path_lib.dsv'
[5.752s] INFO:colcon.colcon_core.shell:Creating environment hook '/home/user/celluleflexible_en_cours_ROS2/ros_ws/install/robots/share/robots/hook/ld_library_path_lib.sh'
[5.753s] Level 1:colcon.colcon_core.environment:checking '/home/user/celluleflexible_en_cours_ROS2/ros_ws/install/robots/bin'
[5.753s] Level 1:colcon.colcon_core.environment:checking '/home/user/celluleflexible_en_cours_ROS2/ros_ws/install/robots/lib/pkgconfig/robots.pc'
[5.753s] Level 1:colcon.colcon_core.environment:checking '/home/user/celluleflexible_en_cours_ROS2/ros_ws/install/robots/lib/python3.12/site-packages'
[5.753s] Level 1:colcon.colcon_core.shell:create_environment_hook('robots', 'pythonpath')
[5.753s] INFO:colcon.colcon_core.shell:Creating environment hook '/home/user/celluleflexible_en_cours_ROS2/ros_ws/install/robots/share/robots/hook/pythonpath.ps1'
[5.754s] INFO:colcon.colcon_core.shell:Creating environment descriptor '/home/user/celluleflexible_en_cours_ROS2/ros_ws/install/robots/share/robots/hook/pythonpath.dsv'
[5.754s] INFO:colcon.colcon_core.shell:Creating environment hook '/home/user/celluleflexible_en_cours_ROS2/ros_ws/install/robots/share/robots/hook/pythonpath.sh'
[5.755s] Level 1:colcon.colcon_core.environment:checking '/home/user/celluleflexible_en_cours_ROS2/ros_ws/install/robots/bin'
[5.755s] INFO:colcon.colcon_core.shell:Creating package script '/home/user/celluleflexible_en_cours_ROS2/ros_ws/install/robots/share/robots/package.ps1'
[5.756s] INFO:colcon.colcon_core.shell:Creating package descriptor '/home/user/celluleflexible_en_cours_ROS2/ros_ws/install/robots/share/robots/package.dsv'
[5.756s] INFO:colcon.colcon_core.shell:Creating package script '/home/user/celluleflexible_en_cours_ROS2/ros_ws/install/robots/share/robots/package.sh'
[5.757s] INFO:colcon.colcon_core.shell:Creating package script '/home/user/celluleflexible_en_cours_ROS2/ros_ws/install/robots/share/robots/package.bash'
[5.757s] INFO:colcon.colcon_core.shell:Creating package script '/home/user/celluleflexible_en_cours_ROS2/ros_ws/install/robots/share/robots/package.zsh'
[5.757s] Level 1:colcon.colcon_core.environment:create_file_with_runtime_dependencies(/home/user/celluleflexible_en_cours_ROS2/ros_ws/install/robots/share/colcon-core/packages/robots)
[5.758s] Level 1:colcon.colcon_core.environment:create_environment_scripts_only(robots)
[5.758s] Level 1:colcon.colcon_core.environment:checking '/home/user/celluleflexible_en_cours_ROS2/ros_ws/install/robots' for CMake module files
[5.758s] Level 1:colcon.colcon_core.environment:checking '/home/user/celluleflexible_en_cours_ROS2/ros_ws/install/robots' for CMake config files
[5.758s] Level 1:colcon.colcon_core.shell:create_environment_hook('robots', 'cmake_prefix_path')
[5.759s] INFO:colcon.colcon_core.shell:Creating environment hook '/home/user/celluleflexible_en_cours_ROS2/ros_ws/install/robots/share/robots/hook/cmake_prefix_path.ps1'
[5.759s] INFO:colcon.colcon_core.shell:Creating environment descriptor '/home/user/celluleflexible_en_cours_ROS2/ros_ws/install/robots/share/robots/hook/cmake_prefix_path.dsv'
[5.759s] INFO:colcon.colcon_core.shell:Creating environment hook '/home/user/celluleflexible_en_cours_ROS2/ros_ws/install/robots/share/robots/hook/cmake_prefix_path.sh'
[5.760s] Level 1:colcon.colcon_core.environment:checking '/home/user/celluleflexible_en_cours_ROS2/ros_ws/install/robots/lib'
[5.760s] Level 1:colcon.colcon_core.shell:create_environment_hook('robots', 'ld_library_path_lib')
[5.760s] INFO:colcon.colcon_core.shell:Creating environment hook '/home/user/celluleflexible_en_cours_ROS2/ros_ws/install/robots/share/robots/hook/ld_library_path_lib.ps1'
[5.761s] INFO:colcon.colcon_core.shell:Creating environment descriptor '/home/user/celluleflexible_en_cours_ROS2/ros_ws/install/robots/share/robots/hook/ld_library_path_lib.dsv'
[5.761s] INFO:colcon.colcon_core.shell:Creating environment hook '/home/user/celluleflexible_en_cours_ROS2/ros_ws/install/robots/share/robots/hook/ld_library_path_lib.sh'
[5.761s] Level 1:colcon.colcon_core.environment:checking '/home/user/celluleflexible_en_cours_ROS2/ros_ws/install/robots/bin'
[5.761s] Level 1:colcon.colcon_core.environment:checking '/home/user/celluleflexible_en_cours_ROS2/ros_ws/install/robots/lib/pkgconfig/robots.pc'
[5.762s] Level 1:colcon.colcon_core.environment:checking '/home/user/celluleflexible_en_cours_ROS2/ros_ws/install/robots/lib/python3.12/site-packages'
[5.762s] Level 1:colcon.colcon_core.shell:create_environment_hook('robots', 'pythonpath')
[5.762s] INFO:colcon.colcon_core.shell:Creating environment hook '/home/user/celluleflexible_en_cours_ROS2/ros_ws/install/robots/share/robots/hook/pythonpath.ps1'
[5.762s] INFO:colcon.colcon_core.shell:Creating environment descriptor '/home/user/celluleflexible_en_cours_ROS2/ros_ws/install/robots/share/robots/hook/pythonpath.dsv'
[5.763s] INFO:colcon.colcon_core.shell:Creating environment hook '/home/user/celluleflexible_en_cours_ROS2/ros_ws/install/robots/share/robots/hook/pythonpath.sh'
[5.764s] Level 1:colcon.colcon_core.environment:checking '/home/user/celluleflexible_en_cours_ROS2/ros_ws/install/robots/bin'
[5.764s] INFO:colcon.colcon_core.shell:Creating package script '/home/user/celluleflexible_en_cours_ROS2/ros_ws/install/robots/share/robots/package.ps1'
[5.764s] INFO:colcon.colcon_core.shell:Creating package descriptor '/home/user/celluleflexible_en_cours_ROS2/ros_ws/install/robots/share/robots/package.dsv'
[5.765s] INFO:colcon.colcon_core.shell:Creating package script '/home/user/celluleflexible_en_cours_ROS2/ros_ws/install/robots/share/robots/package.sh'
[5.765s] INFO:colcon.colcon_core.shell:Creating package script '/home/user/celluleflexible_en_cours_ROS2/ros_ws/install/robots/share/robots/package.bash'
[5.766s] INFO:colcon.colcon_core.shell:Creating package script '/home/user/celluleflexible_en_cours_ROS2/ros_ws/install/robots/share/robots/package.zsh'
[5.766s] Level 1:colcon.colcon_core.environment:create_file_with_runtime_dependencies(/home/user/celluleflexible_en_cours_ROS2/ros_ws/install/robots/share/colcon-core/packages/robots)
[5.767s] INFO:colcon.colcon_ros.task.ament_cmake.build:Building ROS package in '/home/user/celluleflexible_en_cours_ROS2/ros_ws/src/commande' with build type 'ament_cmake'
[5.767s] INFO:colcon.colcon_cmake.task.cmake.build:Building CMake package in '/home/user/celluleflexible_en_cours_ROS2/ros_ws/src/commande'
[5.767s] INFO:colcon.colcon_core.shell:Skip shell extension 'powershell' for command environment: Not usable outside of PowerShell
[5.767s] DEBUG:colcon.colcon_core.shell:Skip shell extension 'dsv' for command environment
[5.791s] DEBUG:colcon.colcon_core.event_handler.log_command:Invoking command in '/home/user/celluleflexible_en_cours_ROS2/ros_ws/build/commande': CMAKE_PREFIX_PATH=/home/user/celluleflexible_en_cours_ROS2/ros_ws/install/robots:/home/user/celluleflexible_en_cours_ROS2/ros_ws/install/shuttles:/home/user/celluleflexible_en_cours_ROS2/ros_ws/install/commande_locale:/home/user/celluleflexible_en_cours_ROS2/ros_ws/install/aiguillages:/home/user/celluleflexible_en_cours_ROS2/ros_ws/install/commande:/home/user/celluleflexible_en_cours_ROS2/ros_ws/install/launcher:/opt/ros/jazzy/opt/gz_math_vendor:/opt/ros/jazzy/opt/gz_utils_vendor:/opt/ros/jazzy/opt/gz_cmake_vendor:/opt/ros/jazzy DEBUGINFOD_URLS=https://debuginfod.ubuntu.com LD_LIBRARY_PATH=/home/user/celluleflexible_en_cours_ROS2/ros_ws/install/robots/lib:/home/user/celluleflexible_en_cours_ROS2/ros_ws/install/shuttles/lib:/home/user/celluleflexible_en_cours_ROS2/ros_ws/install/commande_locale/lib:/home/user/celluleflexible_en_cours_ROS2/ros_ws/install/aiguillages/lib:/opt/ros/jazzy/opt/rviz_ogre_vendor/lib:/opt/ros/jazzy/lib/x86_64-linux-gnu:/opt/ros/jazzy/opt/gz_math_vendor/lib:/opt/ros/jazzy/opt/gz_utils_vendor/lib:/opt/ros/jazzy/opt/gz_cmake_vendor/lib:/opt/ros/jazzy/lib PYTHONPATH=/home/user/celluleflexible_en_cours_ROS2/ros_ws/install/robots/lib/python3.12/site-packages:/home/user/celluleflexible_en_cours_ROS2/ros_ws/install/shuttles/lib/python3.12/site-packages:/home/user/celluleflexible_en_cours_ROS2/ros_ws/install/commande_locale/lib/python3.12/site-packages:/home/user/celluleflexible_en_cours_ROS2/ros_ws/install/aiguillages/lib/python3.12/site-packages:/opt/ros/jazzy/lib/python3.12/site-packages /usr/bin/cmake --build /home/user/celluleflexible_en_cours_ROS2/ros_ws/build/commande -- -j8 -l8
[5.870s] DEBUG:colcon.colcon_core.event_handler.log_command:Invoked command in '/home/user/celluleflexible_en_cours_ROS2/ros_ws/build/commande' returned '0': CMAKE_PREFIX_PATH=/home/user/celluleflexible_en_cours_ROS2/ros_ws/install/robots:/home/user/celluleflexible_en_cours_ROS2/ros_ws/install/shuttles:/home/user/celluleflexible_en_cours_ROS2/ros_ws/install/commande_locale:/home/user/celluleflexible_en_cours_ROS2/ros_ws/install/aiguillages:/home/user/celluleflexible_en_cours_ROS2/ros_ws/install/commande:/home/user/celluleflexible_en_cours_ROS2/ros_ws/install/launcher:/opt/ros/jazzy/opt/gz_math_vendor:/opt/ros/jazzy/opt/gz_utils_vendor:/opt/ros/jazzy/opt/gz_cmake_vendor:/opt/ros/jazzy DEBUGINFOD_URLS=https://debuginfod.ubuntu.com LD_LIBRARY_PATH=/home/user/celluleflexible_en_cours_ROS2/ros_ws/install/robots/lib:/home/user/celluleflexible_en_cours_ROS2/ros_ws/install/shuttles/lib:/home/user/celluleflexible_en_cours_ROS2/ros_ws/install/commande_locale/lib:/home/user/celluleflexible_en_cours_ROS2/ros_ws/install/aiguillages/lib:/opt/ros/jazzy/opt/rviz_ogre_vendor/lib:/opt/ros/jazzy/lib/x86_64-linux-gnu:/opt/ros/jazzy/opt/gz_math_vendor/lib:/opt/ros/jazzy/opt/gz_utils_vendor/lib:/opt/ros/jazzy/opt/gz_cmake_vendor/lib:/opt/ros/jazzy/lib PYTHONPATH=/home/user/celluleflexible_en_cours_ROS2/ros_ws/install/robots/lib/python3.12/site-packages:/home/user/celluleflexible_en_cours_ROS2/ros_ws/install/shuttles/lib/python3.12/site-packages:/home/user/celluleflexible_en_cours_ROS2/ros_ws/install/commande_locale/lib/python3.12/site-packages:/home/user/celluleflexible_en_cours_ROS2/ros_ws/install/aiguillages/lib/python3.12/site-packages:/opt/ros/jazzy/lib/python3.12/site-packages /usr/bin/cmake --build /home/user/celluleflexible_en_cours_ROS2/ros_ws/build/commande -- -j8 -l8
[5.871s] DEBUG:colcon.colcon_core.event_handler.log_command:Invoking command in '/home/user/celluleflexible_en_cours_ROS2/ros_ws/build/commande': CMAKE_PREFIX_PATH=/home/user/celluleflexible_en_cours_ROS2/ros_ws/install/robots:/home/user/celluleflexible_en_cours_ROS2/ros_ws/install/shuttles:/home/user/celluleflexible_en_cours_ROS2/ros_ws/install/commande_locale:/home/user/celluleflexible_en_cours_ROS2/ros_ws/install/aiguillages:/home/user/celluleflexible_en_cours_ROS2/ros_ws/install/commande:/home/user/celluleflexible_en_cours_ROS2/ros_ws/install/launcher:/opt/ros/jazzy/opt/gz_math_vendor:/opt/ros/jazzy/opt/gz_utils_vendor:/opt/ros/jazzy/opt/gz_cmake_vendor:/opt/ros/jazzy DEBUGINFOD_URLS=https://debuginfod.ubuntu.com LD_LIBRARY_PATH=/home/user/celluleflexible_en_cours_ROS2/ros_ws/install/robots/lib:/home/user/celluleflexible_en_cours_ROS2/ros_ws/install/shuttles/lib:/home/user/celluleflexible_en_cours_ROS2/ros_ws/install/commande_locale/lib:/home/user/celluleflexible_en_cours_ROS2/ros_ws/install/aiguillages/lib:/opt/ros/jazzy/opt/rviz_ogre_vendor/lib:/opt/ros/jazzy/lib/x86_64-linux-gnu:/opt/ros/jazzy/opt/gz_math_vendor/lib:/opt/ros/jazzy/opt/gz_utils_vendor/lib:/opt/ros/jazzy/opt/gz_cmake_vendor/lib:/opt/ros/jazzy/lib PYTHONPATH=/home/user/celluleflexible_en_cours_ROS2/ros_ws/install/robots/lib/python3.12/site-packages:/home/user/celluleflexible_en_cours_ROS2/ros_ws/install/shuttles/lib/python3.12/site-packages:/home/user/celluleflexible_en_cours_ROS2/ros_ws/install/commande_locale/lib/python3.12/site-packages:/home/user/celluleflexible_en_cours_ROS2/ros_ws/install/aiguillages/lib/python3.12/site-packages:/opt/ros/jazzy/lib/python3.12/site-packages /usr/bin/cmake --install /home/user/celluleflexible_en_cours_ROS2/ros_ws/build/commande
[5.880s] Level 1:colcon.colcon_core.environment:create_environment_scripts_only(commande)
[5.881s] Level 1:colcon.colcon_core.environment:checking '/home/user/celluleflexible_en_cours_ROS2/ros_ws/install/commande' for CMake module files
[5.881s] DEBUG:colcon.colcon_core.event_handler.log_command:Invoked command in '/home/user/celluleflexible_en_cours_ROS2/ros_ws/build/commande' returned '0': CMAKE_PREFIX_PATH=/home/user/celluleflexible_en_cours_ROS2/ros_ws/install/robots:/home/user/celluleflexible_en_cours_ROS2/ros_ws/install/shuttles:/home/user/celluleflexible_en_cours_ROS2/ros_ws/install/commande_locale:/home/user/celluleflexible_en_cours_ROS2/ros_ws/install/aiguillages:/home/user/celluleflexible_en_cours_ROS2/ros_ws/install/commande:/home/user/celluleflexible_en_cours_ROS2/ros_ws/install/launcher:/opt/ros/jazzy/opt/gz_math_vendor:/opt/ros/jazzy/opt/gz_utils_vendor:/opt/ros/jazzy/opt/gz_cmake_vendor:/opt/ros/jazzy DEBUGINFOD_URLS=https://debuginfod.ubuntu.com LD_LIBRARY_PATH=/home/user/celluleflexible_en_cours_ROS2/ros_ws/install/robots/lib:/home/user/celluleflexible_en_cours_ROS2/ros_ws/install/shuttles/lib:/home/user/celluleflexible_en_cours_ROS2/ros_ws/install/commande_locale/lib:/home/user/celluleflexible_en_cours_ROS2/ros_ws/install/aiguillages/lib:/opt/ros/jazzy/opt/rviz_ogre_vendor/lib:/opt/ros/jazzy/lib/x86_64-linux-gnu:/opt/ros/jazzy/opt/gz_math_vendor/lib:/opt/ros/jazzy/opt/gz_utils_vendor/lib:/opt/ros/jazzy/opt/gz_cmake_vendor/lib:/opt/ros/jazzy/lib PYTHONPATH=/home/user/celluleflexible_en_cours_ROS2/ros_ws/install/robots/lib/python3.12/site-packages:/home/user/celluleflexible_en_cours_ROS2/ros_ws/install/shuttles/lib/python3.12/site-packages:/home/user/celluleflexible_en_cours_ROS2/ros_ws/install/commande_locale/lib/python3.12/site-packages:/home/user/celluleflexible_en_cours_ROS2/ros_ws/install/aiguillages/lib/python3.12/site-packages:/opt/ros/jazzy/lib/python3.12/site-packages /usr/bin/cmake --install /home/user/celluleflexible_en_cours_ROS2/ros_ws/build/commande
[5.881s] Level 1:colcon.colcon_core.environment:checking '/home/user/celluleflexible_en_cours_ROS2/ros_ws/install/commande' for CMake config files
[5.881s] Level 1:colcon.colcon_core.shell:create_environment_hook('commande', 'cmake_prefix_path')
[5.881s] INFO:colcon.colcon_core.shell:Creating environment hook '/home/user/celluleflexible_en_cours_ROS2/ros_ws/install/commande/share/commande/hook/cmake_prefix_path.ps1'
[5.882s] INFO:colcon.colcon_core.shell:Creating environment descriptor '/home/user/celluleflexible_en_cours_ROS2/ros_ws/install/commande/share/commande/hook/cmake_prefix_path.dsv'
[5.883s] INFO:colcon.colcon_core.shell:Creating environment hook '/home/user/celluleflexible_en_cours_ROS2/ros_ws/install/commande/share/commande/hook/cmake_prefix_path.sh'
[5.884s] Level 1:colcon.colcon_core.environment:checking '/home/user/celluleflexible_en_cours_ROS2/ros_ws/install/commande/lib'
[5.884s] Level 1:colcon.colcon_core.environment:checking '/home/user/celluleflexible_en_cours_ROS2/ros_ws/install/commande/bin'
[5.884s] Level 1:colcon.colcon_core.environment:checking '/home/user/celluleflexible_en_cours_ROS2/ros_ws/install/commande/lib/pkgconfig/commande.pc'
[5.884s] Level 1:colcon.colcon_core.environment:checking '/home/user/celluleflexible_en_cours_ROS2/ros_ws/install/commande/lib/python3.12/site-packages'
[5.885s] Level 1:colcon.colcon_core.environment:checking '/home/user/celluleflexible_en_cours_ROS2/ros_ws/install/commande/bin'
[5.885s] INFO:colcon.colcon_core.shell:Creating package script '/home/user/celluleflexible_en_cours_ROS2/ros_ws/install/commande/share/commande/package.ps1'
[5.885s] INFO:colcon.colcon_core.shell:Creating package descriptor '/home/user/celluleflexible_en_cours_ROS2/ros_ws/install/commande/share/commande/package.dsv'
[5.886s] INFO:colcon.colcon_core.shell:Creating package script '/home/user/celluleflexible_en_cours_ROS2/ros_ws/install/commande/share/commande/package.sh'
[5.886s] INFO:colcon.colcon_core.shell:Creating package script '/home/user/celluleflexible_en_cours_ROS2/ros_ws/install/commande/share/commande/package.bash'
[5.887s] INFO:colcon.colcon_core.shell:Creating package script '/home/user/celluleflexible_en_cours_ROS2/ros_ws/install/commande/share/commande/package.zsh'
[5.887s] Level 1:colcon.colcon_core.environment:create_file_with_runtime_dependencies(/home/user/celluleflexible_en_cours_ROS2/ros_ws/install/commande/share/colcon-core/packages/commande)
[5.887s] Level 1:colcon.colcon_core.environment:create_environment_scripts_only(commande)
[5.888s] Level 1:colcon.colcon_core.environment:checking '/home/user/celluleflexible_en_cours_ROS2/ros_ws/install/commande' for CMake module files
[5.888s] Level 1:colcon.colcon_core.environment:checking '/home/user/celluleflexible_en_cours_ROS2/ros_ws/install/commande' for CMake config files
[5.888s] Level 1:colcon.colcon_core.shell:create_environment_hook('commande', 'cmake_prefix_path')
[5.888s] INFO:colcon.colcon_core.shell:Creating environment hook '/home/user/celluleflexible_en_cours_ROS2/ros_ws/install/commande/share/commande/hook/cmake_prefix_path.ps1'
[5.888s] INFO:colcon.colcon_core.shell:Creating environment descriptor '/home/user/celluleflexible_en_cours_ROS2/ros_ws/install/commande/share/commande/hook/cmake_prefix_path.dsv'
[5.889s] INFO:colcon.colcon_core.shell:Creating environment hook '/home/user/celluleflexible_en_cours_ROS2/ros_ws/install/commande/share/commande/hook/cmake_prefix_path.sh'
[5.889s] Level 1:colcon.colcon_core.environment:checking '/home/user/celluleflexible_en_cours_ROS2/ros_ws/install/commande/lib'
[5.889s] Level 1:colcon.colcon_core.environment:checking '/home/user/celluleflexible_en_cours_ROS2/ros_ws/install/commande/bin'
[5.889s] Level 1:colcon.colcon_core.environment:checking '/home/user/celluleflexible_en_cours_ROS2/ros_ws/install/commande/lib/pkgconfig/commande.pc'
[5.890s] Level 1:colcon.colcon_core.environment:checking '/home/user/celluleflexible_en_cours_ROS2/ros_ws/install/commande/lib/python3.12/site-packages'
[5.890s] Level 1:colcon.colcon_core.environment:checking '/home/user/celluleflexible_en_cours_ROS2/ros_ws/install/commande/bin'
[5.890s] INFO:colcon.colcon_core.shell:Creating package script '/home/user/celluleflexible_en_cours_ROS2/ros_ws/install/commande/share/commande/package.ps1'
[5.890s] INFO:colcon.colcon_core.shell:Creating package descriptor '/home/user/celluleflexible_en_cours_ROS2/ros_ws/install/commande/share/commande/package.dsv'
[5.891s] INFO:colcon.colcon_core.shell:Creating package script '/home/user/celluleflexible_en_cours_ROS2/ros_ws/install/commande/share/commande/package.sh'
[5.891s] INFO:colcon.colcon_core.shell:Creating package script '/home/user/celluleflexible_en_cours_ROS2/ros_ws/install/commande/share/commande/package.bash'
[5.892s] INFO:colcon.colcon_core.shell:Creating package script '/home/user/celluleflexible_en_cours_ROS2/ros_ws/install/commande/share/commande/package.zsh'
[5.892s] Level 1:colcon.colcon_core.environment:create_file_with_runtime_dependencies(/home/user/celluleflexible_en_cours_ROS2/ros_ws/install/commande/share/colcon-core/packages/commande)
[5.893s] DEBUG:colcon.colcon_parallel_executor.executor.parallel:closing loop
[5.893s] DEBUG:colcon.colcon_parallel_executor.executor.parallel:loop closed
[5.893s] DEBUG:colcon.colcon_parallel_executor.executor.parallel:run_until_complete finished with '0'
[5.893s] DEBUG:colcon.colcon_core.event_reactor:joining thread
[5.899s] INFO:colcon.colcon_core.plugin_system:Skipping extension 'colcon_notification.desktop_notification.terminal_notifier': Not used on non-Darwin systems
[5.899s] INFO:colcon.colcon_core.plugin_system:Skipping extension 'colcon_notification.desktop_notification.win32': Not used on non-Windows systems
[5.899s] INFO:colcon.colcon_notification.desktop_notification:Sending desktop notification using 'notify2'
[5.921s] DEBUG:colcon.colcon_core.event_reactor:joined thread
[5.921s] INFO:colcon.colcon_core.shell:Creating prefix script '/home/user/celluleflexible_en_cours_ROS2/ros_ws/install/local_setup.ps1'
[5.922s] INFO:colcon.colcon_core.shell:Creating prefix util module '/home/user/celluleflexible_en_cours_ROS2/ros_ws/install/_local_setup_util_ps1.py'
[5.923s] INFO:colcon.colcon_core.shell:Creating prefix chain script '/home/user/celluleflexible_en_cours_ROS2/ros_ws/install/setup.ps1'
[5.925s] INFO:colcon.colcon_core.shell:Creating prefix script '/home/user/celluleflexible_en_cours_ROS2/ros_ws/install/local_setup.sh'
[5.925s] INFO:colcon.colcon_core.shell:Creating prefix util module '/home/user/celluleflexible_en_cours_ROS2/ros_ws/install/_local_setup_util_sh.py'
[5.927s] INFO:colcon.colcon_core.shell:Creating prefix chain script '/home/user/celluleflexible_en_cours_ROS2/ros_ws/install/setup.sh'
[5.927s] INFO:colcon.colcon_core.shell:Creating prefix script '/home/user/celluleflexible_en_cours_ROS2/ros_ws/install/local_setup.bash'
[5.929s] INFO:colcon.colcon_core.shell:Creating prefix chain script '/home/user/celluleflexible_en_cours_ROS2/ros_ws/install/setup.bash'
[5.930s] INFO:colcon.colcon_core.shell:Creating prefix script '/home/user/celluleflexible_en_cours_ROS2/ros_ws/install/local_setup.zsh'
[5.931s] INFO:colcon.colcon_core.shell:Creating prefix chain script '/home/user/celluleflexible_en_cours_ROS2/ros_ws/install/setup.zsh'
