[0.000000] (-) TimerEvent: {}
[0.000604] (aiguillages) JobQueued: {'identifier': 'aiguillages', 'dependencies': OrderedDict()}
[0.000710] (commande_locale) JobQueued: {'identifier': 'commande_locale', 'dependencies': OrderedDict({'aiguillages': '/home/user/celluleflexible_en_cours_ROS2/ros_ws/install/aiguillages'})}
[0.000809] (shuttles) JobQueued: {'identifier': 'shuttles', 'dependencies': OrderedDict({'aiguillages': '/home/user/celluleflexible_en_cours_ROS2/ros_ws/install/aiguillages'})}
[0.000993] (robots) JobQueued: {'identifier': 'robots', 'dependencies': OrderedDict({'aiguillages': '/home/user/celluleflexible_en_cours_ROS2/ros_ws/install/aiguillages', 'commande_locale': '/home/user/celluleflexible_en_cours_ROS2/ros_ws/install/commande_locale', 'shuttles': '/home/user/celluleflexible_en_cours_ROS2/ros_ws/install/shuttles'})}
[0.001006] (aiguillages) JobStarted: {'identifier': 'aiguillages'}
[0.011701] (aiguillages) JobProgress: {'identifier': 'aiguillages', 'progress': 'cmake'}
[0.015018] (aiguillages) JobProgress: {'identifier': 'aiguillages', 'progress': 'build'}
[0.015051] (aiguillages) Command: {'cmd': ['/usr/bin/cmake', '--build', '/home/user/celluleflexible_en_cours_ROS2/ros_ws/build/aiguillages', '--', '-j8', '-l8'], 'cwd': '/home/user/celluleflexible_en_cours_ROS2/ros_ws/build/aiguillages', 'env': OrderedDict({'LESSOPEN': '| /usr/bin/lesspipe %s', 'USER': 'user', 'XDG_SESSION_TYPE': 'wayland', 'SHLVL': '1', 'LD_LIBRARY_PATH': '/home/user/celluleflexible_en_cours_ROS2/ros_ws/install/shuttles/lib:/home/user/celluleflexible_en_cours_ROS2/ros_ws/install/robots/lib:/home/user/celluleflexible_en_cours_ROS2/ros_ws/install/commande_locale/lib:/home/user/celluleflexible_en_cours_ROS2/ros_ws/install/aiguillages/lib:/opt/ros/jazzy/opt/rviz_ogre_vendor/lib:/opt/ros/jazzy/lib/x86_64-linux-gnu:/opt/ros/jazzy/opt/gz_math_vendor/lib:/opt/ros/jazzy/opt/gz_utils_vendor/lib:/opt/ros/jazzy/opt/gz_cmake_vendor/lib:/opt/ros/jazzy/lib', 'HOME': '/home/user', 'DESKTOP_SESSION': 'ubuntu', 'ROS_PYTHON_VERSION': '3', 'GNOME_SHELL_SESSION_MODE': 'ubuntu', 'GTK_MODULES': 'gail:atk-bridge', 'DBUS_STARTER_BUS_TYPE': 'session', 'SYSTEMD_EXEC_PID': '2240', 'GSM_SKIP_SSH_AGENT_WORKAROUND': 'true', 'DBUS_SESSION_BUS_ADDRESS': 'unix:path=/run/user/1000/bus,guid=6da02ccfb5f5be8b2dc210526992ca6b', 'COLORTERM': 'truecolor', 'DEBUGINFOD_URLS': 'https://debuginfod.ubuntu.com', 'IM_CONFIG_PHASE': '1', 'WAYLAND_DISPLAY': 'wayland-0', 'COLCON_PREFIX_PATH': '/home/user/celluleflexible_en_cours_ROS2/ros_ws/install', 'ROS_DISTRO': 'jazzy', 'LOGNAME': 'user', '_': '/usr/bin/colcon', 'ROS_VERSION': '2', 'MEMORY_PRESSURE_WATCH': '/sys/fs/cgroup/user.slice/user-1000.slice/user@1000.service/app.slice/app-gnome\\x2dsession\\x2dmanager.slice/gnome-session-manager@ubuntu.service/memory.pressure', 'XDG_SESSION_CLASS': 'user', 'USERNAME': 'user', 'TERM': 'xterm-256color', 'GNOME_DESKTOP_SESSION_ID': 'this-is-deprecated', 'PATH': '/opt/ros/jazzy/bin:/usr/local/sbin:/usr/local/bin:/usr/sbin:/usr/bin:/sbin:/bin:/usr/games:/usr/local/games:/snap/bin:/snap/bin', 'SESSION_MANAGER': 'local/Ubuntu:@/tmp/.ICE-unix/2240,unix/Ubuntu:/tmp/.ICE-unix/2240', 'XDG_MENU_PREFIX': 'gnome-', 'GNOME_TERMINAL_SCREEN': '/org/gnome/Terminal/screen/c7962f18_f474_48af_ace3_a3479f78beab', 'GNOME_SETUP_DISPLAY': ':1', 'XDG_RUNTIME_DIR': '/run/user/1000', 'DISPLAY': ':0', 'LANG': 'en_US.UTF-8', 'XDG_CURRENT_DESKTOP': 'ubuntu:GNOME', 'XMODIFIERS': '@im=ibus', 'XDG_SESSION_DESKTOP': 'ubuntu', 'XAUTHORITY': '/run/user/1000/.mutter-Xwaylandauth.HCD1K3', 'LS_COLORS': 'rs=0:di=01;34:ln=01;36:mh=00:pi=40;33:so=01;35:do=01;35:bd=40;33;01:cd=40;33;01:or=40;31;01:mi=00:su=37;41:sg=30;43:ca=00:tw=30;42:ow=34;42:st=37;44:ex=01;32:*.tar=01;31:*.tgz=01;31:*.arc=01;31:*.arj=01;31:*.taz=01;31:*.lha=01;31:*.lz4=01;31:*.lzh=01;31:*.lzma=01;31:*.tlz=01;31:*.txz=01;31:*.tzo=01;31:*.t7z=01;31:*.zip=01;31:*.z=01;31:*.dz=01;31:*.gz=01;31:*.lrz=01;31:*.lz=01;31:*.lzo=01;31:*.xz=01;31:*.zst=01;31:*.tzst=01;31:*.bz2=01;31:*.bz=01;31:*.tbz=01;31:*.tbz2=01;31:*.tz=01;31:*.deb=01;31:*.rpm=01;31:*.jar=01;31:*.war=01;31:*.ear=01;31:*.sar=01;31:*.rar=01;31:*.alz=01;31:*.ace=01;31:*.zoo=01;31:*.cpio=01;31:*.7z=01;31:*.rz=01;31:*.cab=01;31:*.wim=01;31:*.swm=01;31:*.dwm=01;31:*.esd=01;31:*.avif=01;35:*.jpg=01;35:*.jpeg=01;35:*.mjpg=01;35:*.mjpeg=01;35:*.gif=01;35:*.bmp=01;35:*.pbm=01;35:*.pgm=01;35:*.ppm=01;35:*.tga=01;35:*.xbm=01;35:*.xpm=01;35:*.tif=01;35:*.tiff=01;35:*.png=01;35:*.svg=01;35:*.svgz=01;35:*.mng=01;35:*.pcx=01;35:*.mov=01;35:*.mpg=01;35:*.mpeg=01;35:*.m2v=01;35:*.mkv=01;35:*.webm=01;35:*.webp=01;35:*.ogm=01;35:*.mp4=01;35:*.m4v=01;35:*.mp4v=01;35:*.vob=01;35:*.qt=01;35:*.nuv=01;35:*.wmv=01;35:*.asf=01;35:*.rm=01;35:*.rmvb=01;35:*.flc=01;35:*.avi=01;35:*.fli=01;35:*.flv=01;35:*.gl=01;35:*.dl=01;35:*.xcf=01;35:*.xwd=01;35:*.yuv=01;35:*.cgm=01;35:*.emf=01;35:*.ogv=01;35:*.ogx=01;35:*.aac=00;36:*.au=00;36:*.flac=00;36:*.m4a=00;36:*.mid=00;36:*.midi=00;36:*.mka=00;36:*.mp3=00;36:*.mpc=00;36:*.ogg=00;36:*.ra=00;36:*.wav=00;36:*.oga=00;36:*.opus=00;36:*.spx=00;36:*.xspf=00;36:*~=00;90:*#=00;90:*.bak=00;90:*.crdownload=00;90:*.dpkg-dist=00;90:*.dpkg-new=00;90:*.dpkg-old=00;90:*.dpkg-tmp=00;90:*.old=00;90:*.orig=00;90:*.part=00;90:*.rej=00;90:*.rpmnew=00;90:*.rpmorig=00;90:*.rpmsave=00;90:*.swp=00;90:*.tmp=00;90:*.ucf-dist=00;90:*.ucf-new=00;90:*.ucf-old=00;90:', 'GNOME_TERMINAL_SERVICE': ':1.781', 'SSH_AUTH_SOCK': '/run/user/1000/keyring/ssh', 'AMENT_PREFIX_PATH': '/home/user/celluleflexible_en_cours_ROS2/ros_ws/install/shuttles:/home/user/celluleflexible_en_cours_ROS2/ros_ws/install/robots:/home/user/celluleflexible_en_cours_ROS2/ros_ws/install/commande_locale:/home/user/celluleflexible_en_cours_ROS2/ros_ws/install/aiguillages:/opt/ros/jazzy', 'SHELL': '/bin/bash', 'QT_ACCESSIBILITY': '1', 'GDMSESSION': 'ubuntu', 'LESSCLOSE': '/usr/bin/lesspipe %s %s', 'ROS_AUTOMATIC_DISCOVERY_RANGE': 'SUBNET', 'QT_IM_MODULE': 'ibus', 'PWD': '/home/user/celluleflexible_en_cours_ROS2/ros_ws/build/aiguillages', 'LC_ALL': 'en_US.UTF-8', 'XDG_CONFIG_DIRS': '/etc/xdg/xdg-ubuntu:/etc/xdg', 'DBUS_STARTER_ADDRESS': 'unix:path=/run/user/1000/bus,guid=6da02ccfb5f5be8b2dc210526992ca6b', 'XDG_DATA_DIRS': '/usr/share/ubuntu:/usr/share/gnome:/usr/local/share/:/usr/share/:/var/lib/snapd/desktop', 'PYTHONPATH': '/home/user/celluleflexible_en_cours_ROS2/ros_ws/install/shuttles/lib/python3.12/site-packages:/home/user/celluleflexible_en_cours_ROS2/ros_ws/install/robots/lib/python3.12/site-packages:/home/user/celluleflexible_en_cours_ROS2/ros_ws/install/commande_locale/lib/python3.12/site-packages:/home/user/celluleflexible_en_cours_ROS2/ros_ws/install/aiguillages/lib/python3.12/site-packages:/opt/ros/jazzy/lib/python3.12/site-packages', 'COLCON': '1', 'MEMORY_PRESSURE_WRITE': 'c29tZSAyMDAwMDAgMjAwMDAwMAA=', 'VTE_VERSION': '7600', 'CMAKE_PREFIX_PATH': '/home/user/celluleflexible_en_cours_ROS2/ros_ws/install/shuttles:/home/user/celluleflexible_en_cours_ROS2/ros_ws/install/robots:/home/user/celluleflexible_en_cours_ROS2/ros_ws/install/commande_locale:/home/user/celluleflexible_en_cours_ROS2/ros_ws/install/aiguillages:/opt/ros/jazzy/opt/gz_math_vendor:/opt/ros/jazzy/opt/gz_utils_vendor:/opt/ros/jazzy/opt/gz_cmake_vendor:/opt/ros/jazzy'}), 'shell': False}
[0.078014] (aiguillages) StdoutLine: {'line': b'[  1%] Built target aiguillages__rosidl_generator_type_description\n'}
[0.082975] (aiguillages) StdoutLine: {'line': b'[  1%] Built target ament_cmake_python_copy_aiguillages\n'}
[0.097817] (aiguillages) StdoutLine: {'line': b'[  2%] Built target aiguillages__cpp\n'}
[0.098954] (-) TimerEvent: {}
[0.100966] (aiguillages) StdoutLine: {'line': b'[ 23%] Built target aiguillages__rosidl_generator_c\n'}
[0.132346] (aiguillages) StdoutLine: {'line': b'[ 40%] Built target aiguillages__rosidl_typesupport_cpp\n'}
[0.132508] (aiguillages) StdoutLine: {'line': b'[ 50%] Built target aiguillages__rosidl_typesupport_fastrtps_c\n'}
[0.132545] (aiguillages) StdoutLine: {'line': b'[ 50%] Built target aiguillages__rosidl_typesupport_fastrtps_cpp\n'}
[0.132574] (aiguillages) StdoutLine: {'line': b'[ 59%] Built target aiguillages__rosidl_typesupport_c\n'}
[0.134635] (aiguillages) StdoutLine: {'line': b'[ 68%] Built target aiguillages__rosidl_typesupport_introspection_cpp\n'}
[0.136571] (aiguillages) StdoutLine: {'line': b'[ 77%] Built target aiguillages__rosidl_typesupport_introspection_c\n'}
[0.158432] (aiguillages) StdoutLine: {'line': b'[ 77%] Built target aiguillages\n'}
[0.162565] (aiguillages) StdoutLine: {'line': b'[ 82%] Built target run_Aiguillage\n'}
[0.182678] (aiguillages) StdoutLine: {'line': b'[ 83%] Built target aiguillages__py\n'}
[0.199293] (-) TimerEvent: {}
[0.212128] (aiguillages) StdoutLine: {'line': b'[ 91%] Built target aiguillages__rosidl_generator_py\n'}
[0.235430] (aiguillages) StdoutLine: {'line': b'[ 97%] Built target aiguillages_s__rosidl_typesupport_fastrtps_c\n'}
[0.235575] (aiguillages) StdoutLine: {'line': b'[ 97%] Built target aiguillages_s__rosidl_typesupport_introspection_c\n'}
[0.235844] (aiguillages) StdoutLine: {'line': b'[100%] Built target aiguillages_s__rosidl_typesupport_c\n'}
[0.244004] (aiguillages) StdoutLine: {'line': b'running egg_info\n'}
[0.253676] (aiguillages) StdoutLine: {'line': b'writing aiguillages.egg-info/PKG-INFO\n'}
[0.253913] (aiguillages) StdoutLine: {'line': b'writing dependency_links to aiguillages.egg-info/dependency_links.txt\n'}
[0.254355] (aiguillages) StdoutLine: {'line': b'writing top-level names to aiguillages.egg-info/top_level.txt\n'}
[0.283201] (aiguillages) StdoutLine: {'line': b"reading manifest file 'aiguillages.egg-info/SOURCES.txt'\n"}
[0.283623] (aiguillages) StdoutLine: {'line': b"writing manifest file 'aiguillages.egg-info/SOURCES.txt'\n"}
[0.303742] (aiguillages) StdoutLine: {'line': b'[100%] Built target ament_cmake_python_build_aiguillages_egg\n'}
[0.303964] (-) TimerEvent: {}
[0.314665] (aiguillages) CommandEnded: {'returncode': 0}
[0.316159] (aiguillages) JobProgress: {'identifier': 'aiguillages', 'progress': 'install'}
[0.326634] (aiguillages) Command: {'cmd': ['/usr/bin/cmake', '--install', '/home/user/celluleflexible_en_cours_ROS2/ros_ws/build/aiguillages'], 'cwd': '/home/user/celluleflexible_en_cours_ROS2/ros_ws/build/aiguillages', 'env': OrderedDict({'LESSOPEN': '| /usr/bin/lesspipe %s', 'USER': 'user', 'XDG_SESSION_TYPE': 'wayland', 'SHLVL': '1', 'LD_LIBRARY_PATH': '/home/user/celluleflexible_en_cours_ROS2/ros_ws/install/shuttles/lib:/home/user/celluleflexible_en_cours_ROS2/ros_ws/install/robots/lib:/home/user/celluleflexible_en_cours_ROS2/ros_ws/install/commande_locale/lib:/home/user/celluleflexible_en_cours_ROS2/ros_ws/install/aiguillages/lib:/opt/ros/jazzy/opt/rviz_ogre_vendor/lib:/opt/ros/jazzy/lib/x86_64-linux-gnu:/opt/ros/jazzy/opt/gz_math_vendor/lib:/opt/ros/jazzy/opt/gz_utils_vendor/lib:/opt/ros/jazzy/opt/gz_cmake_vendor/lib:/opt/ros/jazzy/lib', 'HOME': '/home/user', 'DESKTOP_SESSION': 'ubuntu', 'ROS_PYTHON_VERSION': '3', 'GNOME_SHELL_SESSION_MODE': 'ubuntu', 'GTK_MODULES': 'gail:atk-bridge', 'DBUS_STARTER_BUS_TYPE': 'session', 'SYSTEMD_EXEC_PID': '2240', 'GSM_SKIP_SSH_AGENT_WORKAROUND': 'true', 'DBUS_SESSION_BUS_ADDRESS': 'unix:path=/run/user/1000/bus,guid=6da02ccfb5f5be8b2dc210526992ca6b', 'COLORTERM': 'truecolor', 'DEBUGINFOD_URLS': 'https://debuginfod.ubuntu.com', 'IM_CONFIG_PHASE': '1', 'WAYLAND_DISPLAY': 'wayland-0', 'COLCON_PREFIX_PATH': '/home/user/celluleflexible_en_cours_ROS2/ros_ws/install', 'ROS_DISTRO': 'jazzy', 'LOGNAME': 'user', '_': '/usr/bin/colcon', 'ROS_VERSION': '2', 'MEMORY_PRESSURE_WATCH': '/sys/fs/cgroup/user.slice/user-1000.slice/user@1000.service/app.slice/app-gnome\\x2dsession\\x2dmanager.slice/gnome-session-manager@ubuntu.service/memory.pressure', 'XDG_SESSION_CLASS': 'user', 'USERNAME': 'user', 'TERM': 'xterm-256color', 'GNOME_DESKTOP_SESSION_ID': 'this-is-deprecated', 'PATH': '/opt/ros/jazzy/bin:/usr/local/sbin:/usr/local/bin:/usr/sbin:/usr/bin:/sbin:/bin:/usr/games:/usr/local/games:/snap/bin:/snap/bin', 'SESSION_MANAGER': 'local/Ubuntu:@/tmp/.ICE-unix/2240,unix/Ubuntu:/tmp/.ICE-unix/2240', 'XDG_MENU_PREFIX': 'gnome-', 'GNOME_TERMINAL_SCREEN': '/org/gnome/Terminal/screen/c7962f18_f474_48af_ace3_a3479f78beab', 'GNOME_SETUP_DISPLAY': ':1', 'XDG_RUNTIME_DIR': '/run/user/1000', 'DISPLAY': ':0', 'LANG': 'en_US.UTF-8', 'XDG_CURRENT_DESKTOP': 'ubuntu:GNOME', 'XMODIFIERS': '@im=ibus', 'XDG_SESSION_DESKTOP': 'ubuntu', 'XAUTHORITY': '/run/user/1000/.mutter-Xwaylandauth.HCD1K3', 'LS_COLORS': 'rs=0:di=01;34:ln=01;36:mh=00:pi=40;33:so=01;35:do=01;35:bd=40;33;01:cd=40;33;01:or=40;31;01:mi=00:su=37;41:sg=30;43:ca=00:tw=30;42:ow=34;42:st=37;44:ex=01;32:*.tar=01;31:*.tgz=01;31:*.arc=01;31:*.arj=01;31:*.taz=01;31:*.lha=01;31:*.lz4=01;31:*.lzh=01;31:*.lzma=01;31:*.tlz=01;31:*.txz=01;31:*.tzo=01;31:*.t7z=01;31:*.zip=01;31:*.z=01;31:*.dz=01;31:*.gz=01;31:*.lrz=01;31:*.lz=01;31:*.lzo=01;31:*.xz=01;31:*.zst=01;31:*.tzst=01;31:*.bz2=01;31:*.bz=01;31:*.tbz=01;31:*.tbz2=01;31:*.tz=01;31:*.deb=01;31:*.rpm=01;31:*.jar=01;31:*.war=01;31:*.ear=01;31:*.sar=01;31:*.rar=01;31:*.alz=01;31:*.ace=01;31:*.zoo=01;31:*.cpio=01;31:*.7z=01;31:*.rz=01;31:*.cab=01;31:*.wim=01;31:*.swm=01;31:*.dwm=01;31:*.esd=01;31:*.avif=01;35:*.jpg=01;35:*.jpeg=01;35:*.mjpg=01;35:*.mjpeg=01;35:*.gif=01;35:*.bmp=01;35:*.pbm=01;35:*.pgm=01;35:*.ppm=01;35:*.tga=01;35:*.xbm=01;35:*.xpm=01;35:*.tif=01;35:*.tiff=01;35:*.png=01;35:*.svg=01;35:*.svgz=01;35:*.mng=01;35:*.pcx=01;35:*.mov=01;35:*.mpg=01;35:*.mpeg=01;35:*.m2v=01;35:*.mkv=01;35:*.webm=01;35:*.webp=01;35:*.ogm=01;35:*.mp4=01;35:*.m4v=01;35:*.mp4v=01;35:*.vob=01;35:*.qt=01;35:*.nuv=01;35:*.wmv=01;35:*.asf=01;35:*.rm=01;35:*.rmvb=01;35:*.flc=01;35:*.avi=01;35:*.fli=01;35:*.flv=01;35:*.gl=01;35:*.dl=01;35:*.xcf=01;35:*.xwd=01;35:*.yuv=01;35:*.cgm=01;35:*.emf=01;35:*.ogv=01;35:*.ogx=01;35:*.aac=00;36:*.au=00;36:*.flac=00;36:*.m4a=00;36:*.mid=00;36:*.midi=00;36:*.mka=00;36:*.mp3=00;36:*.mpc=00;36:*.ogg=00;36:*.ra=00;36:*.wav=00;36:*.oga=00;36:*.opus=00;36:*.spx=00;36:*.xspf=00;36:*~=00;90:*#=00;90:*.bak=00;90:*.crdownload=00;90:*.dpkg-dist=00;90:*.dpkg-new=00;90:*.dpkg-old=00;90:*.dpkg-tmp=00;90:*.old=00;90:*.orig=00;90:*.part=00;90:*.rej=00;90:*.rpmnew=00;90:*.rpmorig=00;90:*.rpmsave=00;90:*.swp=00;90:*.tmp=00;90:*.ucf-dist=00;90:*.ucf-new=00;90:*.ucf-old=00;90:', 'GNOME_TERMINAL_SERVICE': ':1.781', 'SSH_AUTH_SOCK': '/run/user/1000/keyring/ssh', 'AMENT_PREFIX_PATH': '/home/user/celluleflexible_en_cours_ROS2/ros_ws/install/shuttles:/home/user/celluleflexible_en_cours_ROS2/ros_ws/install/robots:/home/user/celluleflexible_en_cours_ROS2/ros_ws/install/commande_locale:/home/user/celluleflexible_en_cours_ROS2/ros_ws/install/aiguillages:/opt/ros/jazzy', 'SHELL': '/bin/bash', 'QT_ACCESSIBILITY': '1', 'GDMSESSION': 'ubuntu', 'LESSCLOSE': '/usr/bin/lesspipe %s %s', 'ROS_AUTOMATIC_DISCOVERY_RANGE': 'SUBNET', 'QT_IM_MODULE': 'ibus', 'PWD': '/home/user/celluleflexible_en_cours_ROS2/ros_ws/build/aiguillages', 'LC_ALL': 'en_US.UTF-8', 'XDG_CONFIG_DIRS': '/etc/xdg/xdg-ubuntu:/etc/xdg', 'DBUS_STARTER_ADDRESS': 'unix:path=/run/user/1000/bus,guid=6da02ccfb5f5be8b2dc210526992ca6b', 'XDG_DATA_DIRS': '/usr/share/ubuntu:/usr/share/gnome:/usr/local/share/:/usr/share/:/var/lib/snapd/desktop', 'PYTHONPATH': '/home/user/celluleflexible_en_cours_ROS2/ros_ws/install/shuttles/lib/python3.12/site-packages:/home/user/celluleflexible_en_cours_ROS2/ros_ws/install/robots/lib/python3.12/site-packages:/home/user/celluleflexible_en_cours_ROS2/ros_ws/install/commande_locale/lib/python3.12/site-packages:/home/user/celluleflexible_en_cours_ROS2/ros_ws/install/aiguillages/lib/python3.12/site-packages:/opt/ros/jazzy/lib/python3.12/site-packages', 'COLCON': '1', 'MEMORY_PRESSURE_WRITE': 'c29tZSAyMDAwMDAgMjAwMDAwMAA=', 'VTE_VERSION': '7600', 'CMAKE_PREFIX_PATH': '/home/user/celluleflexible_en_cours_ROS2/ros_ws/install/shuttles:/home/user/celluleflexible_en_cours_ROS2/ros_ws/install/robots:/home/user/celluleflexible_en_cours_ROS2/ros_ws/install/commande_locale:/home/user/celluleflexible_en_cours_ROS2/ros_ws/install/aiguillages:/opt/ros/jazzy/opt/gz_math_vendor:/opt/ros/jazzy/opt/gz_utils_vendor:/opt/ros/jazzy/opt/gz_cmake_vendor:/opt/ros/jazzy'}), 'shell': False}
[0.334698] (aiguillages) StdoutLine: {'line': b'-- Install configuration: ""\n'}
[0.334958] (aiguillages) StdoutLine: {'line': b'-- Up-to-date: /home/user/celluleflexible_en_cours_ROS2/ros_ws/install/aiguillages/share/ament_index/resource_index/rosidl_interfaces/aiguillages\n'}
[0.335101] (aiguillages) StdoutLine: {'line': b'-- Up-to-date: /home/user/celluleflexible_en_cours_ROS2/ros_ws/install/aiguillages/share/aiguillages/msg/Capteurs.json\n'}
[0.335149] (aiguillages) StdoutLine: {'line': b'-- Up-to-date: /home/user/celluleflexible_en_cours_ROS2/ros_ws/install/aiguillages/share/aiguillages/msg/Actionneurs.json\n'}
[0.335182] (aiguillages) StdoutLine: {'line': b'-- Up-to-date: /home/user/celluleflexible_en_cours_ROS2/ros_ws/install/aiguillages/share/aiguillages/msg/ExchangeSh.json\n'}
[0.335525] (aiguillages) StdoutLine: {'line': b'-- Up-to-date: /home/user/celluleflexible_en_cours_ROS2/ros_ws/install/aiguillages/share/aiguillages/msg/MsgSensorState.json\n'}
[0.335589] (aiguillages) StdoutLine: {'line': b'-- Up-to-date: /home/user/celluleflexible_en_cours_ROS2/ros_ws/install/aiguillages/include/aiguillages/aiguillages\n'}
[0.335666] (aiguillages) StdoutLine: {'line': b'-- Up-to-date: /home/user/celluleflexible_en_cours_ROS2/ros_ws/install/aiguillages/include/aiguillages/aiguillages/msg\n'}
[0.335761] (aiguillages) StdoutLine: {'line': b'-- Up-to-date: /home/user/celluleflexible_en_cours_ROS2/ros_ws/install/aiguillages/include/aiguillages/aiguillages/msg/exchange_sh.h\n'}
[0.335836] (aiguillages) StdoutLine: {'line': b'-- Up-to-date: /home/user/celluleflexible_en_cours_ROS2/ros_ws/install/aiguillages/include/aiguillages/aiguillages/msg/rosidl_generator_c__visibility_control.h\n'}
[0.335935] (aiguillages) StdoutLine: {'line': b'-- Up-to-date: /home/user/celluleflexible_en_cours_ROS2/ros_ws/install/aiguillages/include/aiguillages/aiguillages/msg/capteurs.h\n'}
[0.336087] (aiguillages) StdoutLine: {'line': b'-- Up-to-date: /home/user/celluleflexible_en_cours_ROS2/ros_ws/install/aiguillages/include/aiguillages/aiguillages/msg/msg_sensor_state.h\n'}
[0.336121] (aiguillages) StdoutLine: {'line': b'-- Up-to-date: /home/user/celluleflexible_en_cours_ROS2/ros_ws/install/aiguillages/include/aiguillages/aiguillages/msg/actionneurs.h\n'}
[0.336156] (aiguillages) StdoutLine: {'line': b'-- Up-to-date: /home/user/celluleflexible_en_cours_ROS2/ros_ws/install/aiguillages/include/aiguillages/aiguillages/msg/detail\n'}
[0.336182] (aiguillages) StdoutLine: {'line': b'-- Up-to-date: /home/user/celluleflexible_en_cours_ROS2/ros_ws/install/aiguillages/include/aiguillages/aiguillages/msg/detail/msg_sensor_state__type_support.h\n'}
[0.336208] (aiguillages) StdoutLine: {'line': b'-- Up-to-date: /home/user/celluleflexible_en_cours_ROS2/ros_ws/install/aiguillages/include/aiguillages/aiguillages/msg/detail/exchange_sh__description.c\n'}
[0.336230] (aiguillages) StdoutLine: {'line': b'-- Up-to-date: /home/user/celluleflexible_en_cours_ROS2/ros_ws/install/aiguillages/include/aiguillages/aiguillages/msg/detail/exchange_sh__functions.c\n'}
[0.337190] (aiguillages) StdoutLine: {'line': b'-- Up-to-date: /home/user/celluleflexible_en_cours_ROS2/ros_ws/install/aiguillages/include/aiguillages/aiguillages/msg/detail/msg_sensor_state__functions.h\n'}
[0.337340] (aiguillages) StdoutLine: {'line': b'-- Up-to-date: /home/user/celluleflexible_en_cours_ROS2/ros_ws/install/aiguillages/include/aiguillages/aiguillages/msg/detail/actionneurs__functions.h\n'}
[0.337373] (aiguillages) StdoutLine: {'line': b'-- Up-to-date: /home/user/celluleflexible_en_cours_ROS2/ros_ws/install/aiguillages/include/aiguillages/aiguillages/msg/detail/capteurs__type_support.c\n'}
[0.337400] (aiguillages) StdoutLine: {'line': b'-- Up-to-date: /home/user/celluleflexible_en_cours_ROS2/ros_ws/install/aiguillages/include/aiguillages/aiguillages/msg/detail/actionneurs__type_support.c\n'}
[0.337425] (aiguillages) StdoutLine: {'line': b'-- Up-to-date: /home/user/celluleflexible_en_cours_ROS2/ros_ws/install/aiguillages/include/aiguillages/aiguillages/msg/detail/capteurs__struct.h\n'}
[0.337456] (aiguillages) StdoutLine: {'line': b'-- Up-to-date: /home/user/celluleflexible_en_cours_ROS2/ros_ws/install/aiguillages/include/aiguillages/aiguillages/msg/detail/actionneurs__type_support.h\n'}
[0.337479] (aiguillages) StdoutLine: {'line': b'-- Up-to-date: /home/user/celluleflexible_en_cours_ROS2/ros_ws/install/aiguillages/include/aiguillages/aiguillages/msg/detail/capteurs__description.c\n'}
[0.337504] (aiguillages) StdoutLine: {'line': b'-- Up-to-date: /home/user/celluleflexible_en_cours_ROS2/ros_ws/install/aiguillages/include/aiguillages/aiguillages/msg/detail/msg_sensor_state__description.c\n'}
[0.337527] (aiguillages) StdoutLine: {'line': b'-- Up-to-date: /home/user/celluleflexible_en_cours_ROS2/ros_ws/install/aiguillages/include/aiguillages/aiguillages/msg/detail/capteurs__functions.h\n'}
[0.337552] (aiguillages) StdoutLine: {'line': b'-- Up-to-date: /home/user/celluleflexible_en_cours_ROS2/ros_ws/install/aiguillages/include/aiguillages/aiguillages/msg/detail/msg_sensor_state__type_support.c\n'}
[0.337574] (aiguillages) StdoutLine: {'line': b'-- Up-to-date: /home/user/celluleflexible_en_cours_ROS2/ros_ws/install/aiguillages/include/aiguillages/aiguillages/msg/detail/exchange_sh__functions.h\n'}
[0.337596] (aiguillages) StdoutLine: {'line': b'-- Up-to-date: /home/user/celluleflexible_en_cours_ROS2/ros_ws/install/aiguillages/include/aiguillages/aiguillages/msg/detail/msg_sensor_state__struct.h\n'}
[0.337618] (aiguillages) StdoutLine: {'line': b'-- Up-to-date: /home/user/celluleflexible_en_cours_ROS2/ros_ws/install/aiguillages/include/aiguillages/aiguillages/msg/detail/msg_sensor_state__functions.c\n'}
[0.337640] (aiguillages) StdoutLine: {'line': b'-- Up-to-date: /home/user/celluleflexible_en_cours_ROS2/ros_ws/install/aiguillages/include/aiguillages/aiguillages/msg/detail/actionneurs__struct.h\n'}
[0.337663] (aiguillages) StdoutLine: {'line': b'-- Up-to-date: /home/user/celluleflexible_en_cours_ROS2/ros_ws/install/aiguillages/include/aiguillages/aiguillages/msg/detail/exchange_sh__struct.h\n'}
[0.337685] (aiguillages) StdoutLine: {'line': b'-- Up-to-date: /home/user/celluleflexible_en_cours_ROS2/ros_ws/install/aiguillages/include/aiguillages/aiguillages/msg/detail/actionneurs__description.c\n'}
[0.337707] (aiguillages) StdoutLine: {'line': b'-- Up-to-date: /home/user/celluleflexible_en_cours_ROS2/ros_ws/install/aiguillages/include/aiguillages/aiguillages/msg/detail/exchange_sh__type_support.c\n'}
[0.337730] (aiguillages) StdoutLine: {'line': b'-- Up-to-date: /home/user/celluleflexible_en_cours_ROS2/ros_ws/install/aiguillages/include/aiguillages/aiguillages/msg/detail/exchange_sh__type_support.h\n'}
[0.337752] (aiguillages) StdoutLine: {'line': b'-- Up-to-date: /home/user/celluleflexible_en_cours_ROS2/ros_ws/install/aiguillages/include/aiguillages/aiguillages/msg/detail/capteurs__functions.c\n'}
[0.337773] (aiguillages) StdoutLine: {'line': b'-- Up-to-date: /home/user/celluleflexible_en_cours_ROS2/ros_ws/install/aiguillages/include/aiguillages/aiguillages/msg/detail/capteurs__type_support.h\n'}
[0.337794] (aiguillages) StdoutLine: {'line': b'-- Up-to-date: /home/user/celluleflexible_en_cours_ROS2/ros_ws/install/aiguillages/include/aiguillages/aiguillages/msg/detail/actionneurs__functions.c\n'}
[0.337814] (aiguillages) StdoutLine: {'line': b'-- Up-to-date: /home/user/celluleflexible_en_cours_ROS2/ros_ws/install/aiguillages/share/aiguillages/environment/library_path.sh\n'}
[0.337835] (aiguillages) StdoutLine: {'line': b'-- Up-to-date: /home/user/celluleflexible_en_cours_ROS2/ros_ws/install/aiguillages/share/aiguillages/environment/library_path.dsv\n'}
[0.337855] (aiguillages) StdoutLine: {'line': b'-- Up-to-date: /home/user/celluleflexible_en_cours_ROS2/ros_ws/install/aiguillages/lib/libaiguillages__rosidl_generator_c.so\n'}
[0.337876] (aiguillages) StdoutLine: {'line': b'-- Up-to-date: /home/user/celluleflexible_en_cours_ROS2/ros_ws/install/aiguillages/include/aiguillages/aiguillages\n'}
[0.337897] (aiguillages) StdoutLine: {'line': b'-- Up-to-date: /home/user/celluleflexible_en_cours_ROS2/ros_ws/install/aiguillages/include/aiguillages/aiguillages/msg\n'}
[0.337919] (aiguillages) StdoutLine: {'line': b'-- Up-to-date: /home/user/celluleflexible_en_cours_ROS2/ros_ws/install/aiguillages/include/aiguillages/aiguillages/msg/rosidl_typesupport_fastrtps_c__visibility_control.h\n'}
[0.337942] (aiguillages) StdoutLine: {'line': b'-- Up-to-date: /home/user/celluleflexible_en_cours_ROS2/ros_ws/install/aiguillages/include/aiguillages/aiguillages/msg/detail\n'}
[0.337963] (aiguillages) StdoutLine: {'line': b'-- Up-to-date: /home/user/celluleflexible_en_cours_ROS2/ros_ws/install/aiguillages/include/aiguillages/aiguillages/msg/detail/capteurs__rosidl_typesupport_fastrtps_c.h\n'}
[0.337983] (aiguillages) StdoutLine: {'line': b'-- Up-to-date: /home/user/celluleflexible_en_cours_ROS2/ros_ws/install/aiguillages/include/aiguillages/aiguillages/msg/detail/exchange_sh__rosidl_typesupport_fastrtps_c.h\n'}
[0.338004] (aiguillages) StdoutLine: {'line': b'-- Up-to-date: /home/user/celluleflexible_en_cours_ROS2/ros_ws/install/aiguillages/include/aiguillages/aiguillages/msg/detail/actionneurs__rosidl_typesupport_fastrtps_c.h\n'}
[0.338024] (aiguillages) StdoutLine: {'line': b'-- Up-to-date: /home/user/celluleflexible_en_cours_ROS2/ros_ws/install/aiguillages/include/aiguillages/aiguillages/msg/detail/msg_sensor_state__rosidl_typesupport_fastrtps_c.h\n'}
[0.338053] (aiguillages) StdoutLine: {'line': b'-- Up-to-date: /home/user/celluleflexible_en_cours_ROS2/ros_ws/install/aiguillages/lib/libaiguillages__rosidl_typesupport_fastrtps_c.so\n'}
[0.338074] (aiguillages) StdoutLine: {'line': b'-- Up-to-date: /home/user/celluleflexible_en_cours_ROS2/ros_ws/install/aiguillages/include/aiguillages/aiguillages\n'}
[0.338094] (aiguillages) StdoutLine: {'line': b'-- Up-to-date: /home/user/celluleflexible_en_cours_ROS2/ros_ws/install/aiguillages/include/aiguillages/aiguillages/msg\n'}
[0.338116] (aiguillages) StdoutLine: {'line': b'-- Up-to-date: /home/user/celluleflexible_en_cours_ROS2/ros_ws/install/aiguillages/include/aiguillages/aiguillages/msg/capteurs.hpp\n'}
[0.338136] (aiguillages) StdoutLine: {'line': b'-- Up-to-date: /home/user/celluleflexible_en_cours_ROS2/ros_ws/install/aiguillages/include/aiguillages/aiguillages/msg/exchange_sh.hpp\n'}
[0.338157] (aiguillages) StdoutLine: {'line': b'-- Up-to-date: /home/user/celluleflexible_en_cours_ROS2/ros_ws/install/aiguillages/include/aiguillages/aiguillages/msg/rosidl_generator_cpp__visibility_control.hpp\n'}
[0.338177] (aiguillages) StdoutLine: {'line': b'-- Up-to-date: /home/user/celluleflexible_en_cours_ROS2/ros_ws/install/aiguillages/include/aiguillages/aiguillages/msg/actionneurs.hpp\n'}
[0.338197] (aiguillages) StdoutLine: {'line': b'-- Up-to-date: /home/user/celluleflexible_en_cours_ROS2/ros_ws/install/aiguillages/include/aiguillages/aiguillages/msg/detail\n'}
[0.338217] (aiguillages) StdoutLine: {'line': b'-- Up-to-date: /home/user/celluleflexible_en_cours_ROS2/ros_ws/install/aiguillages/include/aiguillages/aiguillages/msg/detail/capteurs__builder.hpp\n'}
[0.338277] (aiguillages) StdoutLine: {'line': b'-- Up-to-date: /home/user/celluleflexible_en_cours_ROS2/ros_ws/install/aiguillages/include/aiguillages/aiguillages/msg/detail/exchange_sh__traits.hpp\n'}
[0.338349] (aiguillages) StdoutLine: {'line': b'-- Up-to-date: /home/user/celluleflexible_en_cours_ROS2/ros_ws/install/aiguillages/include/aiguillages/aiguillages/msg/detail/exchange_sh__type_support.hpp\n'}
[0.338413] (aiguillages) StdoutLine: {'line': b'-- Up-to-date: /home/user/celluleflexible_en_cours_ROS2/ros_ws/install/aiguillages/include/aiguillages/aiguillages/msg/detail/exchange_sh__struct.hpp\n'}
[0.338481] (aiguillages) StdoutLine: {'line': b'-- Up-to-date: /home/user/celluleflexible_en_cours_ROS2/ros_ws/install/aiguillages/include/aiguillages/aiguillages/msg/detail/actionneurs__type_support.hpp\n'}
[0.338549] (aiguillages) StdoutLine: {'line': b'-- Up-to-date: /home/user/celluleflexible_en_cours_ROS2/ros_ws/install/aiguillages/include/aiguillages/aiguillages/msg/detail/capteurs__type_support.hpp\n'}
[0.338605] (aiguillages) StdoutLine: {'line': b'-- Up-to-date: /home/user/celluleflexible_en_cours_ROS2/ros_ws/install/aiguillages/include/aiguillages/aiguillages/msg/detail/msg_sensor_state__type_support.hpp\n'}
[0.338742] (aiguillages) StdoutLine: {'line': b'-- Up-to-date: /home/user/celluleflexible_en_cours_ROS2/ros_ws/install/aiguillages/include/aiguillages/aiguillages/msg/detail/msg_sensor_state__builder.hpp\n'}
[0.338959] (aiguillages) StdoutLine: {'line': b'-- Up-to-date: /home/user/celluleflexible_en_cours_ROS2/ros_ws/install/aiguillages/include/aiguillages/aiguillages/msg/detail/msg_sensor_state__traits.hpp\n'}
[0.339049] (aiguillages) StdoutLine: {'line': b'-- Up-to-date: /home/user/celluleflexible_en_cours_ROS2/ros_ws/install/aiguillages/include/aiguillages/aiguillages/msg/detail/exchange_sh__builder.hpp\n'}
[0.339114] (aiguillages) StdoutLine: {'line': b'-- Up-to-date: /home/user/celluleflexible_en_cours_ROS2/ros_ws/install/aiguillages/include/aiguillages/aiguillages/msg/detail/actionneurs__builder.hpp\n'}
[0.339178] (aiguillages) StdoutLine: {'line': b'-- Up-to-date: /home/user/celluleflexible_en_cours_ROS2/ros_ws/install/aiguillages/include/aiguillages/aiguillages/msg/detail/msg_sensor_state__struct.hpp\n'}
[0.339239] (aiguillages) StdoutLine: {'line': b'-- Up-to-date: /home/user/celluleflexible_en_cours_ROS2/ros_ws/install/aiguillages/include/aiguillages/aiguillages/msg/detail/capteurs__traits.hpp\n'}
[0.339322] (aiguillages) StdoutLine: {'line': b'-- Up-to-date: /home/user/celluleflexible_en_cours_ROS2/ros_ws/install/aiguillages/include/aiguillages/aiguillages/msg/detail/actionneurs__struct.hpp\n'}
[0.339359] (aiguillages) StdoutLine: {'line': b'-- Up-to-date: /home/user/celluleflexible_en_cours_ROS2/ros_ws/install/aiguillages/include/aiguillages/aiguillages/msg/detail/actionneurs__traits.hpp\n'}
[0.339420] (aiguillages) StdoutLine: {'line': b'-- Up-to-date: /home/user/celluleflexible_en_cours_ROS2/ros_ws/install/aiguillages/include/aiguillages/aiguillages/msg/detail/capteurs__struct.hpp\n'}
[0.339479] (aiguillages) StdoutLine: {'line': b'-- Up-to-date: /home/user/celluleflexible_en_cours_ROS2/ros_ws/install/aiguillages/include/aiguillages/aiguillages/msg/msg_sensor_state.hpp\n'}
[0.339563] (aiguillages) StdoutLine: {'line': b'-- Up-to-date: /home/user/celluleflexible_en_cours_ROS2/ros_ws/install/aiguillages/include/aiguillages/aiguillages\n'}
[0.339723] (aiguillages) StdoutLine: {'line': b'-- Up-to-date: /home/user/celluleflexible_en_cours_ROS2/ros_ws/install/aiguillages/include/aiguillages/aiguillages/msg\n'}
[0.340004] (aiguillages) StdoutLine: {'line': b'-- Up-to-date: /home/user/celluleflexible_en_cours_ROS2/ros_ws/install/aiguillages/include/aiguillages/aiguillages/msg/detail\n'}
[0.340132] (aiguillages) StdoutLine: {'line': b'-- Up-to-date: /home/user/celluleflexible_en_cours_ROS2/ros_ws/install/aiguillages/include/aiguillages/aiguillages/msg/detail/capteurs__rosidl_typesupport_fastrtps_cpp.hpp\n'}
[0.340177] (aiguillages) StdoutLine: {'line': b'-- Up-to-date: /home/user/celluleflexible_en_cours_ROS2/ros_ws/install/aiguillages/include/aiguillages/aiguillages/msg/detail/exchange_sh__rosidl_typesupport_fastrtps_cpp.hpp\n'}
[0.340206] (aiguillages) StdoutLine: {'line': b'-- Up-to-date: /home/user/celluleflexible_en_cours_ROS2/ros_ws/install/aiguillages/include/aiguillages/aiguillages/msg/detail/msg_sensor_state__rosidl_typesupport_fastrtps_cpp.hpp\n'}
[0.340291] (aiguillages) StdoutLine: {'line': b'-- Up-to-date: /home/user/celluleflexible_en_cours_ROS2/ros_ws/install/aiguillages/include/aiguillages/aiguillages/msg/detail/dds_fastrtps\n'}
[0.340319] (aiguillages) StdoutLine: {'line': b'-- Up-to-date: /home/user/celluleflexible_en_cours_ROS2/ros_ws/install/aiguillages/include/aiguillages/aiguillages/msg/detail/actionneurs__rosidl_typesupport_fastrtps_cpp.hpp\n'}
[0.340345] (aiguillages) StdoutLine: {'line': b'-- Up-to-date: /home/user/celluleflexible_en_cours_ROS2/ros_ws/install/aiguillages/include/aiguillages/aiguillages/msg/rosidl_typesupport_fastrtps_cpp__visibility_control.h\n'}
[0.340412] (aiguillages) StdoutLine: {'line': b'-- Up-to-date: /home/user/celluleflexible_en_cours_ROS2/ros_ws/install/aiguillages/lib/libaiguillages__rosidl_typesupport_fastrtps_cpp.so\n'}
[0.340450] (aiguillages) StdoutLine: {'line': b'-- Up-to-date: /home/user/celluleflexible_en_cours_ROS2/ros_ws/install/aiguillages/include/aiguillages/aiguillages\n'}
[0.340477] (aiguillages) StdoutLine: {'line': b'-- Up-to-date: /home/user/celluleflexible_en_cours_ROS2/ros_ws/install/aiguillages/include/aiguillages/aiguillages/msg\n'}
[0.340501] (aiguillages) StdoutLine: {'line': b'-- Up-to-date: /home/user/celluleflexible_en_cours_ROS2/ros_ws/install/aiguillages/include/aiguillages/aiguillages/msg/rosidl_typesupport_introspection_c__visibility_control.h\n'}
[0.340524] (aiguillages) StdoutLine: {'line': b'-- Up-to-date: /home/user/celluleflexible_en_cours_ROS2/ros_ws/install/aiguillages/include/aiguillages/aiguillages/msg/detail\n'}
[0.340547] (aiguillages) StdoutLine: {'line': b'-- Up-to-date: /home/user/celluleflexible_en_cours_ROS2/ros_ws/install/aiguillages/include/aiguillages/aiguillages/msg/detail/actionneurs__rosidl_typesupport_introspection_c.h\n'}
[0.340934] (aiguillages) StdoutLine: {'line': b'-- Up-to-date: /home/user/celluleflexible_en_cours_ROS2/ros_ws/install/aiguillages/include/aiguillages/aiguillages/msg/detail/msg_sensor_state__rosidl_typesupport_introspection_c.h\n'}
[0.340964] (aiguillages) StdoutLine: {'line': b'-- Up-to-date: /home/user/celluleflexible_en_cours_ROS2/ros_ws/install/aiguillages/include/aiguillages/aiguillages/msg/detail/capteurs__type_support.c\n'}
[0.340991] (aiguillages) StdoutLine: {'line': b'-- Up-to-date: /home/user/celluleflexible_en_cours_ROS2/ros_ws/install/aiguillages/include/aiguillages/aiguillages/msg/detail/capteurs__rosidl_typesupport_introspection_c.h\n'}
[0.341015] (aiguillages) StdoutLine: {'line': b'-- Up-to-date: /home/user/celluleflexible_en_cours_ROS2/ros_ws/install/aiguillages/include/aiguillages/aiguillages/msg/detail/actionneurs__type_support.c\n'}
[0.341037] (aiguillages) StdoutLine: {'line': b'-- Up-to-date: /home/user/celluleflexible_en_cours_ROS2/ros_ws/install/aiguillages/include/aiguillages/aiguillages/msg/detail/msg_sensor_state__type_support.c\n'}
[0.341060] (aiguillages) StdoutLine: {'line': b'-- Up-to-date: /home/user/celluleflexible_en_cours_ROS2/ros_ws/install/aiguillages/include/aiguillages/aiguillages/msg/detail/exchange_sh__rosidl_typesupport_introspection_c.h\n'}
[0.341082] (aiguillages) StdoutLine: {'line': b'-- Up-to-date: /home/user/celluleflexible_en_cours_ROS2/ros_ws/install/aiguillages/include/aiguillages/aiguillages/msg/detail/exchange_sh__type_support.c\n'}
[0.341104] (aiguillages) StdoutLine: {'line': b'-- Up-to-date: /home/user/celluleflexible_en_cours_ROS2/ros_ws/install/aiguillages/lib/libaiguillages__rosidl_typesupport_introspection_c.so\n'}
[0.341126] (aiguillages) StdoutLine: {'line': b'-- Up-to-date: /home/user/celluleflexible_en_cours_ROS2/ros_ws/install/aiguillages/lib/libaiguillages__rosidl_typesupport_c.so\n'}
[0.341148] (aiguillages) StdoutLine: {'line': b'-- Up-to-date: /home/user/celluleflexible_en_cours_ROS2/ros_ws/install/aiguillages/include/aiguillages/aiguillages\n'}
[0.341169] (aiguillages) StdoutLine: {'line': b'-- Up-to-date: /home/user/celluleflexible_en_cours_ROS2/ros_ws/install/aiguillages/include/aiguillages/aiguillages/msg\n'}
[0.341190] (aiguillages) StdoutLine: {'line': b'-- Up-to-date: /home/user/celluleflexible_en_cours_ROS2/ros_ws/install/aiguillages/include/aiguillages/aiguillages/msg/detail\n'}
[0.341212] (aiguillages) StdoutLine: {'line': b'-- Up-to-date: /home/user/celluleflexible_en_cours_ROS2/ros_ws/install/aiguillages/include/aiguillages/aiguillages/msg/detail/actionneurs__rosidl_typesupport_introspection_cpp.hpp\n'}
[0.341232] (aiguillages) StdoutLine: {'line': b'-- Up-to-date: /home/user/celluleflexible_en_cours_ROS2/ros_ws/install/aiguillages/include/aiguillages/aiguillages/msg/detail/capteurs__rosidl_typesupport_introspection_cpp.hpp\n'}
[0.341253] (aiguillages) StdoutLine: {'line': b'-- Up-to-date: /home/user/celluleflexible_en_cours_ROS2/ros_ws/install/aiguillages/include/aiguillages/aiguillages/msg/detail/exchange_sh__rosidl_typesupport_introspection_cpp.hpp\n'}
[0.341277] (aiguillages) StdoutLine: {'line': b'-- Up-to-date: /home/user/celluleflexible_en_cours_ROS2/ros_ws/install/aiguillages/include/aiguillages/aiguillages/msg/detail/capteurs__type_support.cpp\n'}
[0.341299] (aiguillages) StdoutLine: {'line': b'-- Up-to-date: /home/user/celluleflexible_en_cours_ROS2/ros_ws/install/aiguillages/include/aiguillages/aiguillages/msg/detail/msg_sensor_state__type_support.cpp\n'}
[0.341320] (aiguillages) StdoutLine: {'line': b'-- Up-to-date: /home/user/celluleflexible_en_cours_ROS2/ros_ws/install/aiguillages/include/aiguillages/aiguillages/msg/detail/exchange_sh__type_support.cpp\n'}
[0.341340] (aiguillages) StdoutLine: {'line': b'-- Up-to-date: /home/user/celluleflexible_en_cours_ROS2/ros_ws/install/aiguillages/include/aiguillages/aiguillages/msg/detail/actionneurs__type_support.cpp\n'}
[0.341361] (aiguillages) StdoutLine: {'line': b'-- Up-to-date: /home/user/celluleflexible_en_cours_ROS2/ros_ws/install/aiguillages/include/aiguillages/aiguillages/msg/detail/msg_sensor_state__rosidl_typesupport_introspection_cpp.hpp\n'}
[0.341382] (aiguillages) StdoutLine: {'line': b'-- Up-to-date: /home/user/celluleflexible_en_cours_ROS2/ros_ws/install/aiguillages/lib/libaiguillages__rosidl_typesupport_introspection_cpp.so\n'}
[0.341402] (aiguillages) StdoutLine: {'line': b'-- Up-to-date: /home/user/celluleflexible_en_cours_ROS2/ros_ws/install/aiguillages/lib/libaiguillages__rosidl_typesupport_cpp.so\n'}
[0.341423] (aiguillages) StdoutLine: {'line': b'-- Up-to-date: /home/user/celluleflexible_en_cours_ROS2/ros_ws/install/aiguillages/share/aiguillages/environment/pythonpath.sh\n'}
[0.341443] (aiguillages) StdoutLine: {'line': b'-- Up-to-date: /home/user/celluleflexible_en_cours_ROS2/ros_ws/install/aiguillages/share/aiguillages/environment/pythonpath.dsv\n'}
[0.341462] (aiguillages) StdoutLine: {'line': b'-- Up-to-date: /home/user/celluleflexible_en_cours_ROS2/ros_ws/install/aiguillages/lib/python3.12/site-packages/aiguillages-3.1.2-py3.12.egg-info\n'}
[0.341483] (aiguillages) StdoutLine: {'line': b'-- Installing: /home/user/celluleflexible_en_cours_ROS2/ros_ws/install/aiguillages/lib/python3.12/site-packages/aiguillages-3.1.2-py3.12.egg-info/SOURCES.txt\n'}
[0.341504] (aiguillages) StdoutLine: {'line': b'-- Installing: /home/user/celluleflexible_en_cours_ROS2/ros_ws/install/aiguillages/lib/python3.12/site-packages/aiguillages-3.1.2-py3.12.egg-info/top_level.txt\n'}
[0.341525] (aiguillages) StdoutLine: {'line': b'-- Installing: /home/user/celluleflexible_en_cours_ROS2/ros_ws/install/aiguillages/lib/python3.12/site-packages/aiguillages-3.1.2-py3.12.egg-info/PKG-INFO\n'}
[0.341547] (aiguillages) StdoutLine: {'line': b'-- Installing: /home/user/celluleflexible_en_cours_ROS2/ros_ws/install/aiguillages/lib/python3.12/site-packages/aiguillages-3.1.2-py3.12.egg-info/dependency_links.txt\n'}
[0.341568] (aiguillages) StdoutLine: {'line': b'-- Up-to-date: /home/user/celluleflexible_en_cours_ROS2/ros_ws/install/aiguillages/lib/python3.12/site-packages/aiguillages\n'}
[0.341686] (aiguillages) StdoutLine: {'line': b'-- Up-to-date: /home/user/celluleflexible_en_cours_ROS2/ros_ws/install/aiguillages/lib/python3.12/site-packages/aiguillages/_aiguillages_s.ep.rosidl_typesupport_introspection_c.c\n'}
[0.341714] (aiguillages) StdoutLine: {'line': b'-- Up-to-date: /home/user/celluleflexible_en_cours_ROS2/ros_ws/install/aiguillages/lib/python3.12/site-packages/aiguillages/msg\n'}
[0.341738] (aiguillages) StdoutLine: {'line': b'-- Up-to-date: /home/user/celluleflexible_en_cours_ROS2/ros_ws/install/aiguillages/lib/python3.12/site-packages/aiguillages/msg/__init__.py\n'}
[0.341761] (aiguillages) StdoutLine: {'line': b'-- Up-to-date: /home/user/celluleflexible_en_cours_ROS2/ros_ws/install/aiguillages/lib/python3.12/site-packages/aiguillages/msg/_exchange_sh_s.c\n'}
[0.341783] (aiguillages) StdoutLine: {'line': b'-- Up-to-date: /home/user/celluleflexible_en_cours_ROS2/ros_ws/install/aiguillages/lib/python3.12/site-packages/aiguillages/msg/_actionneurs.py\n'}
[0.341805] (aiguillages) StdoutLine: {'line': b'-- Up-to-date: /home/user/celluleflexible_en_cours_ROS2/ros_ws/install/aiguillages/lib/python3.12/site-packages/aiguillages/msg/_msg_sensor_state.py\n'}
[0.341828] (aiguillages) StdoutLine: {'line': b'-- Up-to-date: /home/user/celluleflexible_en_cours_ROS2/ros_ws/install/aiguillages/lib/python3.12/site-packages/aiguillages/msg/_exchange_sh.py\n'}
[0.341850] (aiguillages) StdoutLine: {'line': b'-- Up-to-date: /home/user/celluleflexible_en_cours_ROS2/ros_ws/install/aiguillages/lib/python3.12/site-packages/aiguillages/msg/_capteurs.py\n'}
[0.341871] (aiguillages) StdoutLine: {'line': b'-- Up-to-date: /home/user/celluleflexible_en_cours_ROS2/ros_ws/install/aiguillages/lib/python3.12/site-packages/aiguillages/msg/_capteurs_s.c\n'}
[0.341891] (aiguillages) StdoutLine: {'line': b'-- Up-to-date: /home/user/celluleflexible_en_cours_ROS2/ros_ws/install/aiguillages/lib/python3.12/site-packages/aiguillages/msg/_actionneurs_s.c\n'}
[0.341912] (aiguillages) StdoutLine: {'line': b'-- Up-to-date: /home/user/celluleflexible_en_cours_ROS2/ros_ws/install/aiguillages/lib/python3.12/site-packages/aiguillages/msg/_msg_sensor_state_s.c\n'}
[0.341932] (aiguillages) StdoutLine: {'line': b'-- Up-to-date: /home/user/celluleflexible_en_cours_ROS2/ros_ws/install/aiguillages/lib/python3.12/site-packages/aiguillages/__init__.py\n'}
[0.341952] (aiguillages) StdoutLine: {'line': b'-- Up-to-date: /home/user/celluleflexible_en_cours_ROS2/ros_ws/install/aiguillages/lib/python3.12/site-packages/aiguillages/_aiguillages_s.ep.rosidl_typesupport_fastrtps_c.c\n'}
[0.341978] (aiguillages) StdoutLine: {'line': b'-- Up-to-date: /home/user/celluleflexible_en_cours_ROS2/ros_ws/install/aiguillages/lib/python3.12/site-packages/aiguillages/aiguillages_s__rosidl_typesupport_c.so\n'}
[0.341999] (aiguillages) StdoutLine: {'line': b'-- Up-to-date: /home/user/celluleflexible_en_cours_ROS2/ros_ws/install/aiguillages/lib/python3.12/site-packages/aiguillages/aiguillages_s__rosidl_typesupport_introspection_c.so\n'}
[0.342020] (aiguillages) StdoutLine: {'line': b'-- Up-to-date: /home/user/celluleflexible_en_cours_ROS2/ros_ws/install/aiguillages/lib/python3.12/site-packages/aiguillages/_aiguillages_s.ep.rosidl_typesupport_c.c\n'}
[0.342041] (aiguillages) StdoutLine: {'line': b'-- Up-to-date: /home/user/celluleflexible_en_cours_ROS2/ros_ws/install/aiguillages/lib/python3.12/site-packages/aiguillages/aiguillages_s__rosidl_typesupport_fastrtps_c.so\n'}
[0.360874] (aiguillages) StdoutLine: {'line': b"Listing '/home/user/celluleflexible_en_cours_ROS2/ros_ws/install/aiguillages/lib/python3.12/site-packages/aiguillages'...\n"}
[0.360987] (aiguillages) StdoutLine: {'line': b"Listing '/home/user/celluleflexible_en_cours_ROS2/ros_ws/install/aiguillages/lib/python3.12/site-packages/aiguillages/msg'...\n"}
[0.366768] (aiguillages) StdoutLine: {'line': b'-- Up-to-date: /home/user/celluleflexible_en_cours_ROS2/ros_ws/install/aiguillages/lib/python3.12/site-packages/aiguillages/aiguillages_s__rosidl_typesupport_fastrtps_c.so\n'}
[0.368473] (aiguillages) StdoutLine: {'line': b'-- Up-to-date: /home/user/celluleflexible_en_cours_ROS2/ros_ws/install/aiguillages/lib/python3.12/site-packages/aiguillages/aiguillages_s__rosidl_typesupport_introspection_c.so\n'}
[0.368564] (aiguillages) StdoutLine: {'line': b'-- Up-to-date: /home/user/celluleflexible_en_cours_ROS2/ros_ws/install/aiguillages/lib/python3.12/site-packages/aiguillages/aiguillages_s__rosidl_typesupport_c.so\n'}
[0.368668] (aiguillages) StdoutLine: {'line': b'-- Up-to-date: /home/user/celluleflexible_en_cours_ROS2/ros_ws/install/aiguillages/lib/libaiguillages__rosidl_generator_py.so\n'}
[0.368739] (aiguillages) StdoutLine: {'line': b'-- Up-to-date: /home/user/celluleflexible_en_cours_ROS2/ros_ws/install/aiguillages/share/aiguillages/msg/Capteurs.idl\n'}
[0.369105] (aiguillages) StdoutLine: {'line': b'-- Up-to-date: /home/user/celluleflexible_en_cours_ROS2/ros_ws/install/aiguillages/share/aiguillages/msg/Actionneurs.idl\n'}
[0.369180] (aiguillages) StdoutLine: {'line': b'-- Up-to-date: /home/user/celluleflexible_en_cours_ROS2/ros_ws/install/aiguillages/share/aiguillages/msg/ExchangeSh.idl\n'}
[0.369269] (aiguillages) StdoutLine: {'line': b'-- Up-to-date: /home/user/celluleflexible_en_cours_ROS2/ros_ws/install/aiguillages/share/aiguillages/msg/MsgSensorState.idl\n'}
[0.369340] (aiguillages) StdoutLine: {'line': b'-- Up-to-date: /home/user/celluleflexible_en_cours_ROS2/ros_ws/install/aiguillages/share/aiguillages/msg/Capteurs.msg\n'}
[0.369408] (aiguillages) StdoutLine: {'line': b'-- Up-to-date: /home/user/celluleflexible_en_cours_ROS2/ros_ws/install/aiguillages/share/aiguillages/msg/Actionneurs.msg\n'}
[0.369474] (aiguillages) StdoutLine: {'line': b'-- Up-to-date: /home/user/celluleflexible_en_cours_ROS2/ros_ws/install/aiguillages/share/aiguillages/msg/ExchangeSh.msg\n'}
[0.369541] (aiguillages) StdoutLine: {'line': b'-- Up-to-date: /home/user/celluleflexible_en_cours_ROS2/ros_ws/install/aiguillages/share/aiguillages/msg/MsgSensorState.msg\n'}
[0.369681] (aiguillages) StdoutLine: {'line': b'-- Up-to-date: /home/user/celluleflexible_en_cours_ROS2/ros_ws/install/aiguillages/lib/aiguillages/run_Aiguillage\n'}
[0.369815] (aiguillages) StdoutLine: {'line': b'-- Up-to-date: /home/user/celluleflexible_en_cours_ROS2/ros_ws/install/aiguillages/share/ament_index/resource_index/package_run_dependencies/aiguillages\n'}
[0.369989] (aiguillages) StdoutLine: {'line': b'-- Up-to-date: /home/user/celluleflexible_en_cours_ROS2/ros_ws/install/aiguillages/share/ament_index/resource_index/parent_prefix_path/aiguillages\n'}
[0.370053] (aiguillages) StdoutLine: {'line': b'-- Up-to-date: /home/user/celluleflexible_en_cours_ROS2/ros_ws/install/aiguillages/share/aiguillages/environment/ament_prefix_path.sh\n'}
[0.370081] (aiguillages) StdoutLine: {'line': b'-- Up-to-date: /home/user/celluleflexible_en_cours_ROS2/ros_ws/install/aiguillages/share/aiguillages/environment/ament_prefix_path.dsv\n'}
[0.370308] (aiguillages) StdoutLine: {'line': b'-- Up-to-date: /home/user/celluleflexible_en_cours_ROS2/ros_ws/install/aiguillages/share/aiguillages/environment/path.sh\n'}
[0.371249] (aiguillages) StdoutLine: {'line': b'-- Up-to-date: /home/user/celluleflexible_en_cours_ROS2/ros_ws/install/aiguillages/share/aiguillages/environment/path.dsv\n'}
[0.371325] (aiguillages) StdoutLine: {'line': b'-- Up-to-date: /home/user/celluleflexible_en_cours_ROS2/ros_ws/install/aiguillages/share/aiguillages/local_setup.bash\n'}
[0.371420] (aiguillages) StdoutLine: {'line': b'-- Up-to-date: /home/user/celluleflexible_en_cours_ROS2/ros_ws/install/aiguillages/share/aiguillages/local_setup.sh\n'}
[0.371488] (aiguillages) StdoutLine: {'line': b'-- Up-to-date: /home/user/celluleflexible_en_cours_ROS2/ros_ws/install/aiguillages/share/aiguillages/local_setup.zsh\n'}
[0.371555] (aiguillages) StdoutLine: {'line': b'-- Up-to-date: /home/user/celluleflexible_en_cours_ROS2/ros_ws/install/aiguillages/share/aiguillages/local_setup.dsv\n'}
[0.371622] (aiguillages) StdoutLine: {'line': b'-- Installing: /home/user/celluleflexible_en_cours_ROS2/ros_ws/install/aiguillages/share/aiguillages/package.dsv\n'}
[0.371782] (aiguillages) StdoutLine: {'line': b'-- Up-to-date: /home/user/celluleflexible_en_cours_ROS2/ros_ws/install/aiguillages/share/ament_index/resource_index/packages/aiguillages\n'}
[0.371841] (aiguillages) StdoutLine: {'line': b'-- Up-to-date: /home/user/celluleflexible_en_cours_ROS2/ros_ws/install/aiguillages/share/aiguillages/cmake/export_aiguillages__rosidl_generator_cExport.cmake\n'}
[0.371908] (aiguillages) StdoutLine: {'line': b'-- Up-to-date: /home/user/celluleflexible_en_cours_ROS2/ros_ws/install/aiguillages/share/aiguillages/cmake/export_aiguillages__rosidl_generator_cExport-noconfig.cmake\n'}
[0.371977] (aiguillages) StdoutLine: {'line': b'-- Up-to-date: /home/user/celluleflexible_en_cours_ROS2/ros_ws/install/aiguillages/share/aiguillages/cmake/export_aiguillages__rosidl_typesupport_fastrtps_cExport.cmake\n'}
[0.372044] (aiguillages) StdoutLine: {'line': b'-- Up-to-date: /home/user/celluleflexible_en_cours_ROS2/ros_ws/install/aiguillages/share/aiguillages/cmake/export_aiguillages__rosidl_typesupport_fastrtps_cExport-noconfig.cmake\n'}
[0.372109] (aiguillages) StdoutLine: {'line': b'-- Up-to-date: /home/user/celluleflexible_en_cours_ROS2/ros_ws/install/aiguillages/share/aiguillages/cmake/export_aiguillages__rosidl_generator_cppExport.cmake\n'}
[0.372180] (aiguillages) StdoutLine: {'line': b'-- Up-to-date: /home/user/celluleflexible_en_cours_ROS2/ros_ws/install/aiguillages/share/aiguillages/cmake/export_aiguillages__rosidl_typesupport_fastrtps_cppExport.cmake\n'}
[0.372240] (aiguillages) StdoutLine: {'line': b'-- Up-to-date: /home/user/celluleflexible_en_cours_ROS2/ros_ws/install/aiguillages/share/aiguillages/cmake/export_aiguillages__rosidl_typesupport_fastrtps_cppExport-noconfig.cmake\n'}
[0.372303] (aiguillages) StdoutLine: {'line': b'-- Up-to-date: /home/user/celluleflexible_en_cours_ROS2/ros_ws/install/aiguillages/share/aiguillages/cmake/aiguillages__rosidl_typesupport_introspection_cExport.cmake\n'}
[0.372393] (aiguillages) StdoutLine: {'line': b'-- Up-to-date: /home/user/celluleflexible_en_cours_ROS2/ros_ws/install/aiguillages/share/aiguillages/cmake/aiguillages__rosidl_typesupport_introspection_cExport-noconfig.cmake\n'}
[0.372460] (aiguillages) StdoutLine: {'line': b'-- Up-to-date: /home/user/celluleflexible_en_cours_ROS2/ros_ws/install/aiguillages/share/aiguillages/cmake/aiguillages__rosidl_typesupport_cExport.cmake\n'}
[0.372528] (aiguillages) StdoutLine: {'line': b'-- Up-to-date: /home/user/celluleflexible_en_cours_ROS2/ros_ws/install/aiguillages/share/aiguillages/cmake/aiguillages__rosidl_typesupport_cExport-noconfig.cmake\n'}
[0.372601] (aiguillages) StdoutLine: {'line': b'-- Up-to-date: /home/user/celluleflexible_en_cours_ROS2/ros_ws/install/aiguillages/share/aiguillages/cmake/aiguillages__rosidl_typesupport_introspection_cppExport.cmake\n'}
[0.372686] (aiguillages) StdoutLine: {'line': b'-- Up-to-date: /home/user/celluleflexible_en_cours_ROS2/ros_ws/install/aiguillages/share/aiguillages/cmake/aiguillages__rosidl_typesupport_introspection_cppExport-noconfig.cmake\n'}
[0.372753] (aiguillages) StdoutLine: {'line': b'-- Up-to-date: /home/user/celluleflexible_en_cours_ROS2/ros_ws/install/aiguillages/share/aiguillages/cmake/aiguillages__rosidl_typesupport_cppExport.cmake\n'}
[0.372833] (aiguillages) StdoutLine: {'line': b'-- Up-to-date: /home/user/celluleflexible_en_cours_ROS2/ros_ws/install/aiguillages/share/aiguillages/cmake/aiguillages__rosidl_typesupport_cppExport-noconfig.cmake\n'}
[0.372895] (aiguillages) StdoutLine: {'line': b'-- Up-to-date: /home/user/celluleflexible_en_cours_ROS2/ros_ws/install/aiguillages/share/aiguillages/cmake/export_aiguillages__rosidl_generator_pyExport.cmake\n'}
[0.373293] (aiguillages) StdoutLine: {'line': b'-- Up-to-date: /home/user/celluleflexible_en_cours_ROS2/ros_ws/install/aiguillages/share/aiguillages/cmake/export_aiguillages__rosidl_generator_pyExport-noconfig.cmake\n'}
[0.373362] (aiguillages) StdoutLine: {'line': b'-- Up-to-date: /home/user/celluleflexible_en_cours_ROS2/ros_ws/install/aiguillages/share/aiguillages/cmake/rosidl_cmake-extras.cmake\n'}
[0.373452] (aiguillages) StdoutLine: {'line': b'-- Up-to-date: /home/user/celluleflexible_en_cours_ROS2/ros_ws/install/aiguillages/share/aiguillages/cmake/ament_cmake_export_dependencies-extras.cmake\n'}
[0.373513] (aiguillages) StdoutLine: {'line': b'-- Up-to-date: /home/user/celluleflexible_en_cours_ROS2/ros_ws/install/aiguillages/share/aiguillages/cmake/ament_cmake_export_include_directories-extras.cmake\n'}
[0.373581] (aiguillages) StdoutLine: {'line': b'-- Up-to-date: /home/user/celluleflexible_en_cours_ROS2/ros_ws/install/aiguillages/share/aiguillages/cmake/ament_cmake_export_libraries-extras.cmake\n'}
[0.373646] (aiguillages) StdoutLine: {'line': b'-- Up-to-date: /home/user/celluleflexible_en_cours_ROS2/ros_ws/install/aiguillages/share/aiguillages/cmake/ament_cmake_export_targets-extras.cmake\n'}
[0.373752] (aiguillages) StdoutLine: {'line': b'-- Up-to-date: /home/user/celluleflexible_en_cours_ROS2/ros_ws/install/aiguillages/share/aiguillages/cmake/rosidl_cmake_export_typesupport_targets-extras.cmake\n'}
[0.373816] (aiguillages) StdoutLine: {'line': b'-- Up-to-date: /home/user/celluleflexible_en_cours_ROS2/ros_ws/install/aiguillages/share/aiguillages/cmake/rosidl_cmake_export_typesupport_libraries-extras.cmake\n'}
[0.373911] (aiguillages) StdoutLine: {'line': b'-- Up-to-date: /home/user/celluleflexible_en_cours_ROS2/ros_ws/install/aiguillages/share/aiguillages/cmake/aiguillagesConfig.cmake\n'}
[0.373978] (aiguillages) StdoutLine: {'line': b'-- Up-to-date: /home/user/celluleflexible_en_cours_ROS2/ros_ws/install/aiguillages/share/aiguillages/cmake/aiguillagesConfig-version.cmake\n'}
[0.374004] (aiguillages) StdoutLine: {'line': b'-- Up-to-date: /home/user/celluleflexible_en_cours_ROS2/ros_ws/install/aiguillages/share/aiguillages/package.xml\n'}
[0.374029] (aiguillages) CommandEnded: {'returncode': 0}
[0.387870] (aiguillages) JobEnded: {'identifier': 'aiguillages', 'rc': 0}
[0.389031] (commande_locale) JobStarted: {'identifier': 'commande_locale'}
[0.391580] (shuttles) JobStarted: {'identifier': 'shuttles'}
[0.404168] (-) TimerEvent: {}
[0.409323] (shuttles) JobProgress: {'identifier': 'shuttles', 'progress': 'cmake'}
[0.410244] (shuttles) JobProgress: {'identifier': 'shuttles', 'progress': 'build'}
[0.410274] (shuttles) Command: {'cmd': ['/usr/bin/cmake', '--build', '/home/user/celluleflexible_en_cours_ROS2/ros_ws/build/shuttles', '--', '-j8', '-l8'], 'cwd': '/home/user/celluleflexible_en_cours_ROS2/ros_ws/build/shuttles', 'env': OrderedDict({'LESSOPEN': '| /usr/bin/lesspipe %s', 'USER': 'user', 'XDG_SESSION_TYPE': 'wayland', 'SHLVL': '1', 'LD_LIBRARY_PATH': '/home/user/celluleflexible_en_cours_ROS2/ros_ws/install/aiguillages/lib:/home/user/celluleflexible_en_cours_ROS2/ros_ws/install/shuttles/lib:/home/user/celluleflexible_en_cours_ROS2/ros_ws/install/robots/lib:/home/user/celluleflexible_en_cours_ROS2/ros_ws/install/commande_locale/lib:/opt/ros/jazzy/opt/rviz_ogre_vendor/lib:/opt/ros/jazzy/lib/x86_64-linux-gnu:/opt/ros/jazzy/opt/gz_math_vendor/lib:/opt/ros/jazzy/opt/gz_utils_vendor/lib:/opt/ros/jazzy/opt/gz_cmake_vendor/lib:/opt/ros/jazzy/lib', 'HOME': '/home/user', 'DESKTOP_SESSION': 'ubuntu', 'ROS_PYTHON_VERSION': '3', 'GNOME_SHELL_SESSION_MODE': 'ubuntu', 'GTK_MODULES': 'gail:atk-bridge', 'DBUS_STARTER_BUS_TYPE': 'session', 'SYSTEMD_EXEC_PID': '2240', 'GSM_SKIP_SSH_AGENT_WORKAROUND': 'true', 'DBUS_SESSION_BUS_ADDRESS': 'unix:path=/run/user/1000/bus,guid=6da02ccfb5f5be8b2dc210526992ca6b', 'COLORTERM': 'truecolor', 'DEBUGINFOD_URLS': 'https://debuginfod.ubuntu.com', 'IM_CONFIG_PHASE': '1', 'WAYLAND_DISPLAY': 'wayland-0', 'COLCON_PREFIX_PATH': '/home/user/celluleflexible_en_cours_ROS2/ros_ws/install', 'ROS_DISTRO': 'jazzy', 'LOGNAME': 'user', '_': '/usr/bin/colcon', 'ROS_VERSION': '2', 'MEMORY_PRESSURE_WATCH': '/sys/fs/cgroup/user.slice/user-1000.slice/user@1000.service/app.slice/app-gnome\\x2dsession\\x2dmanager.slice/gnome-session-manager@ubuntu.service/memory.pressure', 'XDG_SESSION_CLASS': 'user', 'USERNAME': 'user', 'TERM': 'xterm-256color', 'GNOME_DESKTOP_SESSION_ID': 'this-is-deprecated', 'PATH': '/opt/ros/jazzy/bin:/usr/local/sbin:/usr/local/bin:/usr/sbin:/usr/bin:/sbin:/bin:/usr/games:/usr/local/games:/snap/bin:/snap/bin', 'SESSION_MANAGER': 'local/Ubuntu:@/tmp/.ICE-unix/2240,unix/Ubuntu:/tmp/.ICE-unix/2240', 'XDG_MENU_PREFIX': 'gnome-', 'GNOME_TERMINAL_SCREEN': '/org/gnome/Terminal/screen/c7962f18_f474_48af_ace3_a3479f78beab', 'GNOME_SETUP_DISPLAY': ':1', 'XDG_RUNTIME_DIR': '/run/user/1000', 'DISPLAY': ':0', 'LANG': 'en_US.UTF-8', 'XDG_CURRENT_DESKTOP': 'ubuntu:GNOME', 'XMODIFIERS': '@im=ibus', 'XDG_SESSION_DESKTOP': 'ubuntu', 'XAUTHORITY': '/run/user/1000/.mutter-Xwaylandauth.HCD1K3', 'LS_COLORS': 'rs=0:di=01;34:ln=01;36:mh=00:pi=40;33:so=01;35:do=01;35:bd=40;33;01:cd=40;33;01:or=40;31;01:mi=00:su=37;41:sg=30;43:ca=00:tw=30;42:ow=34;42:st=37;44:ex=01;32:*.tar=01;31:*.tgz=01;31:*.arc=01;31:*.arj=01;31:*.taz=01;31:*.lha=01;31:*.lz4=01;31:*.lzh=01;31:*.lzma=01;31:*.tlz=01;31:*.txz=01;31:*.tzo=01;31:*.t7z=01;31:*.zip=01;31:*.z=01;31:*.dz=01;31:*.gz=01;31:*.lrz=01;31:*.lz=01;31:*.lzo=01;31:*.xz=01;31:*.zst=01;31:*.tzst=01;31:*.bz2=01;31:*.bz=01;31:*.tbz=01;31:*.tbz2=01;31:*.tz=01;31:*.deb=01;31:*.rpm=01;31:*.jar=01;31:*.war=01;31:*.ear=01;31:*.sar=01;31:*.rar=01;31:*.alz=01;31:*.ace=01;31:*.zoo=01;31:*.cpio=01;31:*.7z=01;31:*.rz=01;31:*.cab=01;31:*.wim=01;31:*.swm=01;31:*.dwm=01;31:*.esd=01;31:*.avif=01;35:*.jpg=01;35:*.jpeg=01;35:*.mjpg=01;35:*.mjpeg=01;35:*.gif=01;35:*.bmp=01;35:*.pbm=01;35:*.pgm=01;35:*.ppm=01;35:*.tga=01;35:*.xbm=01;35:*.xpm=01;35:*.tif=01;35:*.tiff=01;35:*.png=01;35:*.svg=01;35:*.svgz=01;35:*.mng=01;35:*.pcx=01;35:*.mov=01;35:*.mpg=01;35:*.mpeg=01;35:*.m2v=01;35:*.mkv=01;35:*.webm=01;35:*.webp=01;35:*.ogm=01;35:*.mp4=01;35:*.m4v=01;35:*.mp4v=01;35:*.vob=01;35:*.qt=01;35:*.nuv=01;35:*.wmv=01;35:*.asf=01;35:*.rm=01;35:*.rmvb=01;35:*.flc=01;35:*.avi=01;35:*.fli=01;35:*.flv=01;35:*.gl=01;35:*.dl=01;35:*.xcf=01;35:*.xwd=01;35:*.yuv=01;35:*.cgm=01;35:*.emf=01;35:*.ogv=01;35:*.ogx=01;35:*.aac=00;36:*.au=00;36:*.flac=00;36:*.m4a=00;36:*.mid=00;36:*.midi=00;36:*.mka=00;36:*.mp3=00;36:*.mpc=00;36:*.ogg=00;36:*.ra=00;36:*.wav=00;36:*.oga=00;36:*.opus=00;36:*.spx=00;36:*.xspf=00;36:*~=00;90:*#=00;90:*.bak=00;90:*.crdownload=00;90:*.dpkg-dist=00;90:*.dpkg-new=00;90:*.dpkg-old=00;90:*.dpkg-tmp=00;90:*.old=00;90:*.orig=00;90:*.part=00;90:*.rej=00;90:*.rpmnew=00;90:*.rpmorig=00;90:*.rpmsave=00;90:*.swp=00;90:*.tmp=00;90:*.ucf-dist=00;90:*.ucf-new=00;90:*.ucf-old=00;90:', 'GNOME_TERMINAL_SERVICE': ':1.781', 'SSH_AUTH_SOCK': '/run/user/1000/keyring/ssh', 'AMENT_PREFIX_PATH': '/home/user/celluleflexible_en_cours_ROS2/ros_ws/install/shuttles:/home/user/celluleflexible_en_cours_ROS2/ros_ws/install/robots:/home/user/celluleflexible_en_cours_ROS2/ros_ws/install/commande_locale:/home/user/celluleflexible_en_cours_ROS2/ros_ws/install/aiguillages:/opt/ros/jazzy', 'SHELL': '/bin/bash', 'QT_ACCESSIBILITY': '1', 'GDMSESSION': 'ubuntu', 'LESSCLOSE': '/usr/bin/lesspipe %s %s', 'ROS_AUTOMATIC_DISCOVERY_RANGE': 'SUBNET', 'QT_IM_MODULE': 'ibus', 'PWD': '/home/user/celluleflexible_en_cours_ROS2/ros_ws/build/shuttles', 'LC_ALL': 'en_US.UTF-8', 'XDG_CONFIG_DIRS': '/etc/xdg/xdg-ubuntu:/etc/xdg', 'DBUS_STARTER_ADDRESS': 'unix:path=/run/user/1000/bus,guid=6da02ccfb5f5be8b2dc210526992ca6b', 'XDG_DATA_DIRS': '/usr/share/ubuntu:/usr/share/gnome:/usr/local/share/:/usr/share/:/var/lib/snapd/desktop', 'PYTHONPATH': '/home/user/celluleflexible_en_cours_ROS2/ros_ws/install/aiguillages/lib/python3.12/site-packages:/home/user/celluleflexible_en_cours_ROS2/ros_ws/install/shuttles/lib/python3.12/site-packages:/home/user/celluleflexible_en_cours_ROS2/ros_ws/install/robots/lib/python3.12/site-packages:/home/user/celluleflexible_en_cours_ROS2/ros_ws/install/commande_locale/lib/python3.12/site-packages:/opt/ros/jazzy/lib/python3.12/site-packages', 'COLCON': '1', 'MEMORY_PRESSURE_WRITE': 'c29tZSAyMDAwMDAgMjAwMDAwMAA=', 'VTE_VERSION': '7600', 'CMAKE_PREFIX_PATH': '/home/user/celluleflexible_en_cours_ROS2/ros_ws/install/aiguillages:/home/user/celluleflexible_en_cours_ROS2/ros_ws/install/shuttles:/home/user/celluleflexible_en_cours_ROS2/ros_ws/install/robots:/home/user/celluleflexible_en_cours_ROS2/ros_ws/install/commande_locale:/opt/ros/jazzy/opt/gz_math_vendor:/opt/ros/jazzy/opt/gz_utils_vendor:/opt/ros/jazzy/opt/gz_cmake_vendor:/opt/ros/jazzy'}), 'shell': False}
[0.411947] (commande_locale) JobProgress: {'identifier': 'commande_locale', 'progress': 'cmake'}
[0.412706] (commande_locale) JobProgress: {'identifier': 'commande_locale', 'progress': 'build'}
[0.412730] (commande_locale) Command: {'cmd': ['/usr/bin/cmake', '--build', '/home/user/celluleflexible_en_cours_ROS2/ros_ws/build/commande_locale', '--', '-j8', '-l8'], 'cwd': '/home/user/celluleflexible_en_cours_ROS2/ros_ws/build/commande_locale', 'env': OrderedDict({'LESSOPEN': '| /usr/bin/lesspipe %s', 'USER': 'user', 'XDG_SESSION_TYPE': 'wayland', 'SHLVL': '1', 'LD_LIBRARY_PATH': '/home/user/celluleflexible_en_cours_ROS2/ros_ws/install/aiguillages/lib:/home/user/celluleflexible_en_cours_ROS2/ros_ws/install/shuttles/lib:/home/user/celluleflexible_en_cours_ROS2/ros_ws/install/robots/lib:/home/user/celluleflexible_en_cours_ROS2/ros_ws/install/commande_locale/lib:/opt/ros/jazzy/opt/rviz_ogre_vendor/lib:/opt/ros/jazzy/lib/x86_64-linux-gnu:/opt/ros/jazzy/opt/gz_math_vendor/lib:/opt/ros/jazzy/opt/gz_utils_vendor/lib:/opt/ros/jazzy/opt/gz_cmake_vendor/lib:/opt/ros/jazzy/lib', 'HOME': '/home/user', 'DESKTOP_SESSION': 'ubuntu', 'ROS_PYTHON_VERSION': '3', 'GNOME_SHELL_SESSION_MODE': 'ubuntu', 'GTK_MODULES': 'gail:atk-bridge', 'DBUS_STARTER_BUS_TYPE': 'session', 'SYSTEMD_EXEC_PID': '2240', 'GSM_SKIP_SSH_AGENT_WORKAROUND': 'true', 'DBUS_SESSION_BUS_ADDRESS': 'unix:path=/run/user/1000/bus,guid=6da02ccfb5f5be8b2dc210526992ca6b', 'COLORTERM': 'truecolor', 'DEBUGINFOD_URLS': 'https://debuginfod.ubuntu.com', 'IM_CONFIG_PHASE': '1', 'WAYLAND_DISPLAY': 'wayland-0', 'COLCON_PREFIX_PATH': '/home/user/celluleflexible_en_cours_ROS2/ros_ws/install', 'ROS_DISTRO': 'jazzy', 'LOGNAME': 'user', '_': '/usr/bin/colcon', 'ROS_VERSION': '2', 'MEMORY_PRESSURE_WATCH': '/sys/fs/cgroup/user.slice/user-1000.slice/user@1000.service/app.slice/app-gnome\\x2dsession\\x2dmanager.slice/gnome-session-manager@ubuntu.service/memory.pressure', 'XDG_SESSION_CLASS': 'user', 'USERNAME': 'user', 'TERM': 'xterm-256color', 'GNOME_DESKTOP_SESSION_ID': 'this-is-deprecated', 'PATH': '/opt/ros/jazzy/bin:/usr/local/sbin:/usr/local/bin:/usr/sbin:/usr/bin:/sbin:/bin:/usr/games:/usr/local/games:/snap/bin:/snap/bin', 'SESSION_MANAGER': 'local/Ubuntu:@/tmp/.ICE-unix/2240,unix/Ubuntu:/tmp/.ICE-unix/2240', 'XDG_MENU_PREFIX': 'gnome-', 'GNOME_TERMINAL_SCREEN': '/org/gnome/Terminal/screen/c7962f18_f474_48af_ace3_a3479f78beab', 'GNOME_SETUP_DISPLAY': ':1', 'XDG_RUNTIME_DIR': '/run/user/1000', 'DISPLAY': ':0', 'LANG': 'en_US.UTF-8', 'XDG_CURRENT_DESKTOP': 'ubuntu:GNOME', 'XMODIFIERS': '@im=ibus', 'XDG_SESSION_DESKTOP': 'ubuntu', 'XAUTHORITY': '/run/user/1000/.mutter-Xwaylandauth.HCD1K3', 'LS_COLORS': 'rs=0:di=01;34:ln=01;36:mh=00:pi=40;33:so=01;35:do=01;35:bd=40;33;01:cd=40;33;01:or=40;31;01:mi=00:su=37;41:sg=30;43:ca=00:tw=30;42:ow=34;42:st=37;44:ex=01;32:*.tar=01;31:*.tgz=01;31:*.arc=01;31:*.arj=01;31:*.taz=01;31:*.lha=01;31:*.lz4=01;31:*.lzh=01;31:*.lzma=01;31:*.tlz=01;31:*.txz=01;31:*.tzo=01;31:*.t7z=01;31:*.zip=01;31:*.z=01;31:*.dz=01;31:*.gz=01;31:*.lrz=01;31:*.lz=01;31:*.lzo=01;31:*.xz=01;31:*.zst=01;31:*.tzst=01;31:*.bz2=01;31:*.bz=01;31:*.tbz=01;31:*.tbz2=01;31:*.tz=01;31:*.deb=01;31:*.rpm=01;31:*.jar=01;31:*.war=01;31:*.ear=01;31:*.sar=01;31:*.rar=01;31:*.alz=01;31:*.ace=01;31:*.zoo=01;31:*.cpio=01;31:*.7z=01;31:*.rz=01;31:*.cab=01;31:*.wim=01;31:*.swm=01;31:*.dwm=01;31:*.esd=01;31:*.avif=01;35:*.jpg=01;35:*.jpeg=01;35:*.mjpg=01;35:*.mjpeg=01;35:*.gif=01;35:*.bmp=01;35:*.pbm=01;35:*.pgm=01;35:*.ppm=01;35:*.tga=01;35:*.xbm=01;35:*.xpm=01;35:*.tif=01;35:*.tiff=01;35:*.png=01;35:*.svg=01;35:*.svgz=01;35:*.mng=01;35:*.pcx=01;35:*.mov=01;35:*.mpg=01;35:*.mpeg=01;35:*.m2v=01;35:*.mkv=01;35:*.webm=01;35:*.webp=01;35:*.ogm=01;35:*.mp4=01;35:*.m4v=01;35:*.mp4v=01;35:*.vob=01;35:*.qt=01;35:*.nuv=01;35:*.wmv=01;35:*.asf=01;35:*.rm=01;35:*.rmvb=01;35:*.flc=01;35:*.avi=01;35:*.fli=01;35:*.flv=01;35:*.gl=01;35:*.dl=01;35:*.xcf=01;35:*.xwd=01;35:*.yuv=01;35:*.cgm=01;35:*.emf=01;35:*.ogv=01;35:*.ogx=01;35:*.aac=00;36:*.au=00;36:*.flac=00;36:*.m4a=00;36:*.mid=00;36:*.midi=00;36:*.mka=00;36:*.mp3=00;36:*.mpc=00;36:*.ogg=00;36:*.ra=00;36:*.wav=00;36:*.oga=00;36:*.opus=00;36:*.spx=00;36:*.xspf=00;36:*~=00;90:*#=00;90:*.bak=00;90:*.crdownload=00;90:*.dpkg-dist=00;90:*.dpkg-new=00;90:*.dpkg-old=00;90:*.dpkg-tmp=00;90:*.old=00;90:*.orig=00;90:*.part=00;90:*.rej=00;90:*.rpmnew=00;90:*.rpmorig=00;90:*.rpmsave=00;90:*.swp=00;90:*.tmp=00;90:*.ucf-dist=00;90:*.ucf-new=00;90:*.ucf-old=00;90:', 'GNOME_TERMINAL_SERVICE': ':1.781', 'SSH_AUTH_SOCK': '/run/user/1000/keyring/ssh', 'AMENT_PREFIX_PATH': '/home/user/celluleflexible_en_cours_ROS2/ros_ws/install/shuttles:/home/user/celluleflexible_en_cours_ROS2/ros_ws/install/robots:/home/user/celluleflexible_en_cours_ROS2/ros_ws/install/commande_locale:/home/user/celluleflexible_en_cours_ROS2/ros_ws/install/aiguillages:/opt/ros/jazzy', 'SHELL': '/bin/bash', 'QT_ACCESSIBILITY': '1', 'GDMSESSION': 'ubuntu', 'LESSCLOSE': '/usr/bin/lesspipe %s %s', 'ROS_AUTOMATIC_DISCOVERY_RANGE': 'SUBNET', 'QT_IM_MODULE': 'ibus', 'PWD': '/home/user/celluleflexible_en_cours_ROS2/ros_ws/build/commande_locale', 'LC_ALL': 'en_US.UTF-8', 'XDG_CONFIG_DIRS': '/etc/xdg/xdg-ubuntu:/etc/xdg', 'DBUS_STARTER_ADDRESS': 'unix:path=/run/user/1000/bus,guid=6da02ccfb5f5be8b2dc210526992ca6b', 'XDG_DATA_DIRS': '/usr/share/ubuntu:/usr/share/gnome:/usr/local/share/:/usr/share/:/var/lib/snapd/desktop', 'PYTHONPATH': '/home/user/celluleflexible_en_cours_ROS2/ros_ws/install/aiguillages/lib/python3.12/site-packages:/home/user/celluleflexible_en_cours_ROS2/ros_ws/install/shuttles/lib/python3.12/site-packages:/home/user/celluleflexible_en_cours_ROS2/ros_ws/install/robots/lib/python3.12/site-packages:/home/user/celluleflexible_en_cours_ROS2/ros_ws/install/commande_locale/lib/python3.12/site-packages:/opt/ros/jazzy/lib/python3.12/site-packages', 'COLCON': '1', 'MEMORY_PRESSURE_WRITE': 'c29tZSAyMDAwMDAgMjAwMDAwMAA=', 'VTE_VERSION': '7600', 'CMAKE_PREFIX_PATH': '/home/user/celluleflexible_en_cours_ROS2/ros_ws/install/aiguillages:/home/user/celluleflexible_en_cours_ROS2/ros_ws/install/shuttles:/home/user/celluleflexible_en_cours_ROS2/ros_ws/install/robots:/home/user/celluleflexible_en_cours_ROS2/ros_ws/install/commande_locale:/opt/ros/jazzy/opt/gz_math_vendor:/opt/ros/jazzy/opt/gz_utils_vendor:/opt/ros/jazzy/opt/gz_cmake_vendor:/opt/ros/jazzy'}), 'shell': False}
[0.462059] (shuttles) StdoutLine: {'line': b'[  1%] Built target shuttles__rosidl_generator_type_description\n'}
[0.469671] (shuttles) StdoutLine: {'line': b'[  1%] Built target ament_cmake_python_copy_shuttles\n'}
[0.473729] (commande_locale) StdoutLine: {'line': b'[  0%] Built target commande_locale__rosidl_generator_type_description\n'}
[0.486708] (commande_locale) StdoutLine: {'line': b'[  0%] Built target ament_cmake_python_copy_commande_locale\n'}
[0.492803] (shuttles) StdoutLine: {'line': b'[  2%] Built target shuttles__cpp\n'}
[0.493056] (shuttles) StdoutLine: {'line': b'[ 23%] Built target shuttles__rosidl_generator_c\n'}
[0.507002] (commande_locale) StdoutLine: {'line': b'[  0%] Built target commande_locale__cpp\n'}
[0.507133] (-) TimerEvent: {}
[0.521836] (commande_locale) StdoutLine: {'line': b'[ 26%] Built target commande_locale__rosidl_generator_c\n'}
[0.549828] (shuttles) StdoutLine: {'line': b'[ 32%] Built target shuttles__rosidl_typesupport_introspection_c\n'}
[0.551163] (shuttles) StdoutLine: {'line': b'[ 41%] Built target shuttles__rosidl_typesupport_fastrtps_c\n'}
[0.556170] (shuttles) StdoutLine: {'line': b'[ 50%] Built target shuttles__rosidl_typesupport_cpp\n'}
[0.556301] (shuttles) StdoutLine: {'line': b'[ 58%] Built target shuttles__rosidl_typesupport_introspection_cpp\n'}
[0.557206] (shuttles) StdoutLine: {'line': b'[ 72%] Built target shuttles__rosidl_typesupport_c\n'}
[0.557913] (shuttles) StdoutLine: {'line': b'[ 76%] Built target shuttles__rosidl_typesupport_fastrtps_cpp\n'}
[0.572407] (commande_locale) StdoutLine: {'line': b'[ 38%] Built target commande_locale__rosidl_typesupport_fastrtps_c\n'}
[0.572547] (commande_locale) StdoutLine: {'line': b'[ 45%] Built target commande_locale__rosidl_typesupport_cpp\n'}
[0.573939] (commande_locale) StdoutLine: {'line': b'[ 55%] Built target commande_locale__rosidl_typesupport_introspection_c\n'}
[0.582854] (commande_locale) StdoutLine: {'line': b'[ 71%] Built target commande_locale__rosidl_typesupport_introspection_cpp\n'}
[0.582979] (commande_locale) StdoutLine: {'line': b'[ 73%] Built target commande_locale__rosidl_typesupport_fastrtps_cpp\n'}
[0.588403] (commande_locale) StdoutLine: {'line': b'[ 83%] Built target commande_locale__rosidl_typesupport_c\n'}
[0.589744] (shuttles) StdoutLine: {'line': b'[ 76%] Built target shuttles\n'}
[0.596489] (shuttles) StdoutLine: {'line': b'[ 82%] Built target shuttle_manager\n'}
[0.604929] (commande_locale) StdoutLine: {'line': b'[ 86%] Built target simulation\n'}
[0.607373] (-) TimerEvent: {}
[0.611628] (commande_locale) StdoutLine: {'line': b'[ 86%] Built target commande_locale\n'}
[0.617983] (shuttles) StdoutLine: {'line': b'[ 83%] Built target shuttles__py\n'}
[0.645856] (commande_locale) StdoutLine: {'line': b'[ 87%] Built target commande_locale__py\n'}
[0.650402] (shuttles) StdoutLine: {'line': b'[ 91%] Built target shuttles__rosidl_generator_py\n'}
[0.675690] (shuttles) StdoutLine: {'line': b'running egg_info\n'}
[0.676012] (shuttles) StdoutLine: {'line': b'[ 97%] Built target shuttles_s__rosidl_typesupport_introspection_c\n'}
[0.676050] (shuttles) StdoutLine: {'line': b'[ 97%] Built target shuttles_s__rosidl_typesupport_c\n'}
[0.676078] (shuttles) StdoutLine: {'line': b'[100%] Built target shuttles_s__rosidl_typesupport_fastrtps_c\n'}
[0.676104] (commande_locale) StdoutLine: {'line': b'[ 96%] Built target commande_locale__rosidl_generator_py\n'}
[0.684554] (shuttles) StdoutLine: {'line': b'writing shuttles.egg-info/PKG-INFO\n'}
[0.685251] (commande_locale) StdoutLine: {'line': b'running egg_info\n'}
[0.685329] (shuttles) StdoutLine: {'line': b'writing dependency_links to shuttles.egg-info/dependency_links.txt\n'}
[0.685527] (shuttles) StdoutLine: {'line': b'writing top-level names to shuttles.egg-info/top_level.txt\n'}
[0.696981] (commande_locale) StdoutLine: {'line': b'writing commande_locale.egg-info/PKG-INFO\n'}
[0.697189] (commande_locale) StdoutLine: {'line': b'writing dependency_links to commande_locale.egg-info/dependency_links.txt\n'}
[0.697224] (commande_locale) StdoutLine: {'line': b'writing top-level names to commande_locale.egg-info/top_level.txt\n'}
[0.698971] (commande_locale) StdoutLine: {'line': b'[ 97%] Built target commande_locale_s__rosidl_typesupport_introspection_c\n'}
[0.699126] (commande_locale) StdoutLine: {'line': b'[ 99%] Built target commande_locale_s__rosidl_typesupport_fastrtps_c\n'}
[0.699338] (commande_locale) StdoutLine: {'line': b'[100%] Built target commande_locale_s__rosidl_typesupport_c\n'}
[0.707646] (-) TimerEvent: {}
[0.720681] (shuttles) StdoutLine: {'line': b"reading manifest file 'shuttles.egg-info/SOURCES.txt'\n"}
[0.721039] (shuttles) StdoutLine: {'line': b"writing manifest file 'shuttles.egg-info/SOURCES.txt'\n"}
[0.732767] (commande_locale) StdoutLine: {'line': b"reading manifest file 'commande_locale.egg-info/SOURCES.txt'\n"}
[0.733207] (commande_locale) StdoutLine: {'line': b"writing manifest file 'commande_locale.egg-info/SOURCES.txt'\n"}
[0.741068] (shuttles) StdoutLine: {'line': b'[100%] Built target ament_cmake_python_build_shuttles_egg\n'}
[0.755176] (shuttles) CommandEnded: {'returncode': 0}
[0.755447] (shuttles) JobProgress: {'identifier': 'shuttles', 'progress': 'install'}
[0.755486] (shuttles) Command: {'cmd': ['/usr/bin/cmake', '--install', '/home/user/celluleflexible_en_cours_ROS2/ros_ws/build/shuttles'], 'cwd': '/home/user/celluleflexible_en_cours_ROS2/ros_ws/build/shuttles', 'env': OrderedDict({'LESSOPEN': '| /usr/bin/lesspipe %s', 'USER': 'user', 'XDG_SESSION_TYPE': 'wayland', 'SHLVL': '1', 'LD_LIBRARY_PATH': '/home/user/celluleflexible_en_cours_ROS2/ros_ws/install/aiguillages/lib:/home/user/celluleflexible_en_cours_ROS2/ros_ws/install/shuttles/lib:/home/user/celluleflexible_en_cours_ROS2/ros_ws/install/robots/lib:/home/user/celluleflexible_en_cours_ROS2/ros_ws/install/commande_locale/lib:/opt/ros/jazzy/opt/rviz_ogre_vendor/lib:/opt/ros/jazzy/lib/x86_64-linux-gnu:/opt/ros/jazzy/opt/gz_math_vendor/lib:/opt/ros/jazzy/opt/gz_utils_vendor/lib:/opt/ros/jazzy/opt/gz_cmake_vendor/lib:/opt/ros/jazzy/lib', 'HOME': '/home/user', 'DESKTOP_SESSION': 'ubuntu', 'ROS_PYTHON_VERSION': '3', 'GNOME_SHELL_SESSION_MODE': 'ubuntu', 'GTK_MODULES': 'gail:atk-bridge', 'DBUS_STARTER_BUS_TYPE': 'session', 'SYSTEMD_EXEC_PID': '2240', 'GSM_SKIP_SSH_AGENT_WORKAROUND': 'true', 'DBUS_SESSION_BUS_ADDRESS': 'unix:path=/run/user/1000/bus,guid=6da02ccfb5f5be8b2dc210526992ca6b', 'COLORTERM': 'truecolor', 'DEBUGINFOD_URLS': 'https://debuginfod.ubuntu.com', 'IM_CONFIG_PHASE': '1', 'WAYLAND_DISPLAY': 'wayland-0', 'COLCON_PREFIX_PATH': '/home/user/celluleflexible_en_cours_ROS2/ros_ws/install', 'ROS_DISTRO': 'jazzy', 'LOGNAME': 'user', '_': '/usr/bin/colcon', 'ROS_VERSION': '2', 'MEMORY_PRESSURE_WATCH': '/sys/fs/cgroup/user.slice/user-1000.slice/user@1000.service/app.slice/app-gnome\\x2dsession\\x2dmanager.slice/gnome-session-manager@ubuntu.service/memory.pressure', 'XDG_SESSION_CLASS': 'user', 'USERNAME': 'user', 'TERM': 'xterm-256color', 'GNOME_DESKTOP_SESSION_ID': 'this-is-deprecated', 'PATH': '/opt/ros/jazzy/bin:/usr/local/sbin:/usr/local/bin:/usr/sbin:/usr/bin:/sbin:/bin:/usr/games:/usr/local/games:/snap/bin:/snap/bin', 'SESSION_MANAGER': 'local/Ubuntu:@/tmp/.ICE-unix/2240,unix/Ubuntu:/tmp/.ICE-unix/2240', 'XDG_MENU_PREFIX': 'gnome-', 'GNOME_TERMINAL_SCREEN': '/org/gnome/Terminal/screen/c7962f18_f474_48af_ace3_a3479f78beab', 'GNOME_SETUP_DISPLAY': ':1', 'XDG_RUNTIME_DIR': '/run/user/1000', 'DISPLAY': ':0', 'LANG': 'en_US.UTF-8', 'XDG_CURRENT_DESKTOP': 'ubuntu:GNOME', 'XMODIFIERS': '@im=ibus', 'XDG_SESSION_DESKTOP': 'ubuntu', 'XAUTHORITY': '/run/user/1000/.mutter-Xwaylandauth.HCD1K3', 'LS_COLORS': 'rs=0:di=01;34:ln=01;36:mh=00:pi=40;33:so=01;35:do=01;35:bd=40;33;01:cd=40;33;01:or=40;31;01:mi=00:su=37;41:sg=30;43:ca=00:tw=30;42:ow=34;42:st=37;44:ex=01;32:*.tar=01;31:*.tgz=01;31:*.arc=01;31:*.arj=01;31:*.taz=01;31:*.lha=01;31:*.lz4=01;31:*.lzh=01;31:*.lzma=01;31:*.tlz=01;31:*.txz=01;31:*.tzo=01;31:*.t7z=01;31:*.zip=01;31:*.z=01;31:*.dz=01;31:*.gz=01;31:*.lrz=01;31:*.lz=01;31:*.lzo=01;31:*.xz=01;31:*.zst=01;31:*.tzst=01;31:*.bz2=01;31:*.bz=01;31:*.tbz=01;31:*.tbz2=01;31:*.tz=01;31:*.deb=01;31:*.rpm=01;31:*.jar=01;31:*.war=01;31:*.ear=01;31:*.sar=01;31:*.rar=01;31:*.alz=01;31:*.ace=01;31:*.zoo=01;31:*.cpio=01;31:*.7z=01;31:*.rz=01;31:*.cab=01;31:*.wim=01;31:*.swm=01;31:*.dwm=01;31:*.esd=01;31:*.avif=01;35:*.jpg=01;35:*.jpeg=01;35:*.mjpg=01;35:*.mjpeg=01;35:*.gif=01;35:*.bmp=01;35:*.pbm=01;35:*.pgm=01;35:*.ppm=01;35:*.tga=01;35:*.xbm=01;35:*.xpm=01;35:*.tif=01;35:*.tiff=01;35:*.png=01;35:*.svg=01;35:*.svgz=01;35:*.mng=01;35:*.pcx=01;35:*.mov=01;35:*.mpg=01;35:*.mpeg=01;35:*.m2v=01;35:*.mkv=01;35:*.webm=01;35:*.webp=01;35:*.ogm=01;35:*.mp4=01;35:*.m4v=01;35:*.mp4v=01;35:*.vob=01;35:*.qt=01;35:*.nuv=01;35:*.wmv=01;35:*.asf=01;35:*.rm=01;35:*.rmvb=01;35:*.flc=01;35:*.avi=01;35:*.fli=01;35:*.flv=01;35:*.gl=01;35:*.dl=01;35:*.xcf=01;35:*.xwd=01;35:*.yuv=01;35:*.cgm=01;35:*.emf=01;35:*.ogv=01;35:*.ogx=01;35:*.aac=00;36:*.au=00;36:*.flac=00;36:*.m4a=00;36:*.mid=00;36:*.midi=00;36:*.mka=00;36:*.mp3=00;36:*.mpc=00;36:*.ogg=00;36:*.ra=00;36:*.wav=00;36:*.oga=00;36:*.opus=00;36:*.spx=00;36:*.xspf=00;36:*~=00;90:*#=00;90:*.bak=00;90:*.crdownload=00;90:*.dpkg-dist=00;90:*.dpkg-new=00;90:*.dpkg-old=00;90:*.dpkg-tmp=00;90:*.old=00;90:*.orig=00;90:*.part=00;90:*.rej=00;90:*.rpmnew=00;90:*.rpmorig=00;90:*.rpmsave=00;90:*.swp=00;90:*.tmp=00;90:*.ucf-dist=00;90:*.ucf-new=00;90:*.ucf-old=00;90:', 'GNOME_TERMINAL_SERVICE': ':1.781', 'SSH_AUTH_SOCK': '/run/user/1000/keyring/ssh', 'AMENT_PREFIX_PATH': '/home/user/celluleflexible_en_cours_ROS2/ros_ws/install/shuttles:/home/user/celluleflexible_en_cours_ROS2/ros_ws/install/robots:/home/user/celluleflexible_en_cours_ROS2/ros_ws/install/commande_locale:/home/user/celluleflexible_en_cours_ROS2/ros_ws/install/aiguillages:/opt/ros/jazzy', 'SHELL': '/bin/bash', 'QT_ACCESSIBILITY': '1', 'GDMSESSION': 'ubuntu', 'LESSCLOSE': '/usr/bin/lesspipe %s %s', 'ROS_AUTOMATIC_DISCOVERY_RANGE': 'SUBNET', 'QT_IM_MODULE': 'ibus', 'PWD': '/home/user/celluleflexible_en_cours_ROS2/ros_ws/build/shuttles', 'LC_ALL': 'en_US.UTF-8', 'XDG_CONFIG_DIRS': '/etc/xdg/xdg-ubuntu:/etc/xdg', 'DBUS_STARTER_ADDRESS': 'unix:path=/run/user/1000/bus,guid=6da02ccfb5f5be8b2dc210526992ca6b', 'XDG_DATA_DIRS': '/usr/share/ubuntu:/usr/share/gnome:/usr/local/share/:/usr/share/:/var/lib/snapd/desktop', 'PYTHONPATH': '/home/user/celluleflexible_en_cours_ROS2/ros_ws/install/aiguillages/lib/python3.12/site-packages:/home/user/celluleflexible_en_cours_ROS2/ros_ws/install/shuttles/lib/python3.12/site-packages:/home/user/celluleflexible_en_cours_ROS2/ros_ws/install/robots/lib/python3.12/site-packages:/home/user/celluleflexible_en_cours_ROS2/ros_ws/install/commande_locale/lib/python3.12/site-packages:/opt/ros/jazzy/lib/python3.12/site-packages', 'COLCON': '1', 'MEMORY_PRESSURE_WRITE': 'c29tZSAyMDAwMDAgMjAwMDAwMAA=', 'VTE_VERSION': '7600', 'CMAKE_PREFIX_PATH': '/home/user/celluleflexible_en_cours_ROS2/ros_ws/install/aiguillages:/home/user/celluleflexible_en_cours_ROS2/ros_ws/install/shuttles:/home/user/celluleflexible_en_cours_ROS2/ros_ws/install/robots:/home/user/celluleflexible_en_cours_ROS2/ros_ws/install/commande_locale:/opt/ros/jazzy/opt/gz_math_vendor:/opt/ros/jazzy/opt/gz_utils_vendor:/opt/ros/jazzy/opt/gz_cmake_vendor:/opt/ros/jazzy'}), 'shell': False}
[0.756670] (commande_locale) StdoutLine: {'line': b'[100%] Built target ament_cmake_python_build_commande_locale_egg\n'}
[0.762060] (shuttles) StdoutLine: {'line': b'-- Install configuration: ""\n'}
[0.762232] (shuttles) StdoutLine: {'line': b'-- Up-to-date: /home/user/celluleflexible_en_cours_ROS2/ros_ws/install/shuttles/share/ament_index/resource_index/rosidl_interfaces/shuttles\n'}
[0.762267] (shuttles) StdoutLine: {'line': b'-- Up-to-date: /home/user/celluleflexible_en_cours_ROS2/ros_ws/install/shuttles/share/shuttles/msg/MsgShuttleChange.json\n'}
[0.762298] (shuttles) StdoutLine: {'line': b'-- Up-to-date: /home/user/celluleflexible_en_cours_ROS2/ros_ws/install/shuttles/share/shuttles/msg/MsgShuttleCreate.json\n'}
[0.762325] (shuttles) StdoutLine: {'line': b'-- Up-to-date: /home/user/celluleflexible_en_cours_ROS2/ros_ws/install/shuttles/share/shuttles/msg/MsgErreur.json\n'}
[0.762388] (shuttles) StdoutLine: {'line': b'-- Up-to-date: /home/user/celluleflexible_en_cours_ROS2/ros_ws/install/shuttles/share/shuttles/srv/ShuttleId.json\n'}
[0.763113] (shuttles) StdoutLine: {'line': b'-- Up-to-date: /home/user/celluleflexible_en_cours_ROS2/ros_ws/install/shuttles/include/shuttles/shuttles\n'}
[0.763342] (shuttles) StdoutLine: {'line': b'-- Up-to-date: /home/user/celluleflexible_en_cours_ROS2/ros_ws/install/shuttles/include/shuttles/shuttles/msg\n'}
[0.763383] (shuttles) StdoutLine: {'line': b'-- Up-to-date: /home/user/celluleflexible_en_cours_ROS2/ros_ws/install/shuttles/include/shuttles/shuttles/msg/msg_shuttle_create.h\n'}
[0.763412] (shuttles) StdoutLine: {'line': b'-- Up-to-date: /home/user/celluleflexible_en_cours_ROS2/ros_ws/install/shuttles/include/shuttles/shuttles/msg/msg_shuttle_change.h\n'}
[0.763511] (shuttles) StdoutLine: {'line': b'-- Up-to-date: /home/user/celluleflexible_en_cours_ROS2/ros_ws/install/shuttles/include/shuttles/shuttles/msg/rosidl_generator_c__visibility_control.h\n'}
[0.763606] (shuttles) StdoutLine: {'line': b'-- Up-to-date: /home/user/celluleflexible_en_cours_ROS2/ros_ws/install/shuttles/include/shuttles/shuttles/msg/msg_erreur.h\n'}
[0.763634] (shuttles) StdoutLine: {'line': b'-- Up-to-date: /home/user/celluleflexible_en_cours_ROS2/ros_ws/install/shuttles/include/shuttles/shuttles/msg/detail\n'}
[0.763658] (shuttles) StdoutLine: {'line': b'-- Up-to-date: /home/user/celluleflexible_en_cours_ROS2/ros_ws/install/shuttles/include/shuttles/shuttles/msg/detail/msg_shuttle_change__functions.h\n'}
[0.763682] (shuttles) StdoutLine: {'line': b'-- Up-to-date: /home/user/celluleflexible_en_cours_ROS2/ros_ws/install/shuttles/include/shuttles/shuttles/msg/detail/msg_erreur__functions.h\n'}
[0.763705] (shuttles) StdoutLine: {'line': b'-- Up-to-date: /home/user/celluleflexible_en_cours_ROS2/ros_ws/install/shuttles/include/shuttles/shuttles/msg/detail/msg_shuttle_create__functions.c\n'}
[0.763732] (shuttles) StdoutLine: {'line': b'-- Up-to-date: /home/user/celluleflexible_en_cours_ROS2/ros_ws/install/shuttles/include/shuttles/shuttles/msg/detail/msg_shuttle_create__type_support.c\n'}
[0.763754] (shuttles) StdoutLine: {'line': b'-- Up-to-date: /home/user/celluleflexible_en_cours_ROS2/ros_ws/install/shuttles/include/shuttles/shuttles/msg/detail/msg_shuttle_create__struct.h\n'}
[0.763777] (shuttles) StdoutLine: {'line': b'-- Up-to-date: /home/user/celluleflexible_en_cours_ROS2/ros_ws/install/shuttles/include/shuttles/shuttles/msg/detail/msg_erreur__type_support.h\n'}
[0.763799] (shuttles) StdoutLine: {'line': b'-- Up-to-date: /home/user/celluleflexible_en_cours_ROS2/ros_ws/install/shuttles/include/shuttles/shuttles/msg/detail/msg_shuttle_change__struct.h\n'}
[0.763820] (shuttles) StdoutLine: {'line': b'-- Up-to-date: /home/user/celluleflexible_en_cours_ROS2/ros_ws/install/shuttles/include/shuttles/shuttles/msg/detail/msg_erreur__struct.h\n'}
[0.763846] (shuttles) StdoutLine: {'line': b'-- Up-to-date: /home/user/celluleflexible_en_cours_ROS2/ros_ws/install/shuttles/include/shuttles/shuttles/msg/detail/msg_shuttle_change__description.c\n'}
[0.763868] (shuttles) StdoutLine: {'line': b'-- Up-to-date: /home/user/celluleflexible_en_cours_ROS2/ros_ws/install/shuttles/include/shuttles/shuttles/msg/detail/msg_erreur__functions.c\n'}
[0.763892] (shuttles) StdoutLine: {'line': b'-- Up-to-date: /home/user/celluleflexible_en_cours_ROS2/ros_ws/install/shuttles/include/shuttles/shuttles/msg/detail/msg_shuttle_create__description.c\n'}
[0.763913] (shuttles) StdoutLine: {'line': b'-- Up-to-date: /home/user/celluleflexible_en_cours_ROS2/ros_ws/install/shuttles/include/shuttles/shuttles/msg/detail/msg_shuttle_change__type_support.c\n'}
[0.763934] (shuttles) StdoutLine: {'line': b'-- Up-to-date: /home/user/celluleflexible_en_cours_ROS2/ros_ws/install/shuttles/include/shuttles/shuttles/msg/detail/msg_erreur__description.c\n'}
[0.763955] (shuttles) StdoutLine: {'line': b'-- Up-to-date: /home/user/celluleflexible_en_cours_ROS2/ros_ws/install/shuttles/include/shuttles/shuttles/msg/detail/msg_erreur__type_support.c\n'}
[0.763975] (shuttles) StdoutLine: {'line': b'-- Up-to-date: /home/user/celluleflexible_en_cours_ROS2/ros_ws/install/shuttles/include/shuttles/shuttles/msg/detail/msg_shuttle_change__type_support.h\n'}
[0.763995] (shuttles) StdoutLine: {'line': b'-- Up-to-date: /home/user/celluleflexible_en_cours_ROS2/ros_ws/install/shuttles/include/shuttles/shuttles/msg/detail/msg_shuttle_create__functions.h\n'}
[0.764016] (shuttles) StdoutLine: {'line': b'-- Up-to-date: /home/user/celluleflexible_en_cours_ROS2/ros_ws/install/shuttles/include/shuttles/shuttles/msg/detail/msg_shuttle_create__type_support.h\n'}
[0.764035] (shuttles) StdoutLine: {'line': b'-- Up-to-date: /home/user/celluleflexible_en_cours_ROS2/ros_ws/install/shuttles/include/shuttles/shuttles/msg/detail/msg_shuttle_change__functions.c\n'}
[0.764056] (shuttles) StdoutLine: {'line': b'-- Up-to-date: /home/user/celluleflexible_en_cours_ROS2/ros_ws/install/shuttles/include/shuttles/shuttles/srv\n'}
[0.764077] (shuttles) StdoutLine: {'line': b'-- Up-to-date: /home/user/celluleflexible_en_cours_ROS2/ros_ws/install/shuttles/include/shuttles/shuttles/srv/shuttle_id.h\n'}
[0.764098] (shuttles) StdoutLine: {'line': b'-- Up-to-date: /home/user/celluleflexible_en_cours_ROS2/ros_ws/install/shuttles/include/shuttles/shuttles/srv/detail\n'}
[0.764120] (shuttles) StdoutLine: {'line': b'-- Up-to-date: /home/user/celluleflexible_en_cours_ROS2/ros_ws/install/shuttles/include/shuttles/shuttles/srv/detail/shuttle_id__type_support.c\n'}
[0.764141] (shuttles) StdoutLine: {'line': b'-- Up-to-date: /home/user/celluleflexible_en_cours_ROS2/ros_ws/install/shuttles/include/shuttles/shuttles/srv/detail/shuttle_id__struct.h\n'}
[0.764161] (shuttles) StdoutLine: {'line': b'-- Up-to-date: /home/user/celluleflexible_en_cours_ROS2/ros_ws/install/shuttles/include/shuttles/shuttles/srv/detail/shuttle_id__functions.c\n'}
[0.764180] (shuttles) StdoutLine: {'line': b'-- Up-to-date: /home/user/celluleflexible_en_cours_ROS2/ros_ws/install/shuttles/include/shuttles/shuttles/srv/detail/shuttle_id__functions.h\n'}
[0.764200] (shuttles) StdoutLine: {'line': b'-- Up-to-date: /home/user/celluleflexible_en_cours_ROS2/ros_ws/install/shuttles/include/shuttles/shuttles/srv/detail/shuttle_id__type_support.h\n'}
[0.764221] (shuttles) StdoutLine: {'line': b'-- Up-to-date: /home/user/celluleflexible_en_cours_ROS2/ros_ws/install/shuttles/include/shuttles/shuttles/srv/detail/shuttle_id__description.c\n'}
[0.764241] (shuttles) StdoutLine: {'line': b'-- Up-to-date: /home/user/celluleflexible_en_cours_ROS2/ros_ws/install/shuttles/share/shuttles/environment/library_path.sh\n'}
[0.764261] (shuttles) StdoutLine: {'line': b'-- Up-to-date: /home/user/celluleflexible_en_cours_ROS2/ros_ws/install/shuttles/share/shuttles/environment/library_path.dsv\n'}
[0.764281] (shuttles) StdoutLine: {'line': b'-- Up-to-date: /home/user/celluleflexible_en_cours_ROS2/ros_ws/install/shuttles/lib/libshuttles__rosidl_generator_c.so\n'}
[0.764304] (shuttles) StdoutLine: {'line': b'-- Up-to-date: /home/user/celluleflexible_en_cours_ROS2/ros_ws/install/shuttles/include/shuttles/shuttles\n'}
[0.764324] (shuttles) StdoutLine: {'line': b'-- Up-to-date: /home/user/celluleflexible_en_cours_ROS2/ros_ws/install/shuttles/include/shuttles/shuttles/msg\n'}
[0.764345] (shuttles) StdoutLine: {'line': b'-- Up-to-date: /home/user/celluleflexible_en_cours_ROS2/ros_ws/install/shuttles/include/shuttles/shuttles/msg/rosidl_typesupport_fastrtps_c__visibility_control.h\n'}
[0.764648] (shuttles) StdoutLine: {'line': b'-- Up-to-date: /home/user/celluleflexible_en_cours_ROS2/ros_ws/install/shuttles/include/shuttles/shuttles/msg/detail\n'}
[0.764715] (shuttles) StdoutLine: {'line': b'-- Up-to-date: /home/user/celluleflexible_en_cours_ROS2/ros_ws/install/shuttles/include/shuttles/shuttles/msg/detail/msg_erreur__rosidl_typesupport_fastrtps_c.h\n'}
[0.764746] (shuttles) StdoutLine: {'line': b'-- Up-to-date: /home/user/celluleflexible_en_cours_ROS2/ros_ws/install/shuttles/include/shuttles/shuttles/msg/detail/msg_shuttle_change__rosidl_typesupport_fastrtps_c.h\n'}
[0.764772] (shuttles) StdoutLine: {'line': b'-- Up-to-date: /home/user/celluleflexible_en_cours_ROS2/ros_ws/install/shuttles/include/shuttles/shuttles/msg/detail/msg_shuttle_create__rosidl_typesupport_fastrtps_c.h\n'}
[0.764795] (shuttles) StdoutLine: {'line': b'-- Up-to-date: /home/user/celluleflexible_en_cours_ROS2/ros_ws/install/shuttles/include/shuttles/shuttles/srv\n'}
[0.764818] (shuttles) StdoutLine: {'line': b'-- Up-to-date: /home/user/celluleflexible_en_cours_ROS2/ros_ws/install/shuttles/include/shuttles/shuttles/srv/detail\n'}
[0.764840] (shuttles) StdoutLine: {'line': b'-- Up-to-date: /home/user/celluleflexible_en_cours_ROS2/ros_ws/install/shuttles/include/shuttles/shuttles/srv/detail/shuttle_id__rosidl_typesupport_fastrtps_c.h\n'}
[0.764867] (shuttles) StdoutLine: {'line': b'-- Up-to-date: /home/user/celluleflexible_en_cours_ROS2/ros_ws/install/shuttles/lib/libshuttles__rosidl_typesupport_fastrtps_c.so\n'}
[0.764888] (shuttles) StdoutLine: {'line': b'-- Up-to-date: /home/user/celluleflexible_en_cours_ROS2/ros_ws/install/shuttles/include/shuttles/shuttles\n'}
[0.764910] (shuttles) StdoutLine: {'line': b'-- Up-to-date: /home/user/celluleflexible_en_cours_ROS2/ros_ws/install/shuttles/include/shuttles/shuttles/msg\n'}
[0.767023] (shuttles) StdoutLine: {'line': b'-- Up-to-date: /home/user/celluleflexible_en_cours_ROS2/ros_ws/install/shuttles/include/shuttles/shuttles/msg/rosidl_generator_cpp__visibility_control.hpp\n'}
[0.767077] (shuttles) StdoutLine: {'line': b'-- Up-to-date: /home/user/celluleflexible_en_cours_ROS2/ros_ws/install/shuttles/include/shuttles/shuttles/msg/msg_shuttle_change.hpp\n'}
[0.767104] (shuttles) StdoutLine: {'line': b'-- Up-to-date: /home/user/celluleflexible_en_cours_ROS2/ros_ws/install/shuttles/include/shuttles/shuttles/msg/msg_shuttle_create.hpp\n'}
[0.767129] (shuttles) StdoutLine: {'line': b'-- Up-to-date: /home/user/celluleflexible_en_cours_ROS2/ros_ws/install/shuttles/include/shuttles/shuttles/msg/detail\n'}
[0.767152] (shuttles) StdoutLine: {'line': b'-- Up-to-date: /home/user/celluleflexible_en_cours_ROS2/ros_ws/install/shuttles/include/shuttles/shuttles/msg/detail/msg_shuttle_change__type_support.hpp\n'}
[0.767175] (shuttles) StdoutLine: {'line': b'-- Up-to-date: /home/user/celluleflexible_en_cours_ROS2/ros_ws/install/shuttles/include/shuttles/shuttles/msg/detail/msg_shuttle_change__traits.hpp\n'}
[0.767197] (shuttles) StdoutLine: {'line': b'-- Up-to-date: /home/user/celluleflexible_en_cours_ROS2/ros_ws/install/shuttles/include/shuttles/shuttles/msg/detail/msg_shuttle_create__traits.hpp\n'}
[0.767218] (shuttles) StdoutLine: {'line': b'-- Up-to-date: /home/user/celluleflexible_en_cours_ROS2/ros_ws/install/shuttles/include/shuttles/shuttles/msg/detail/msg_erreur__traits.hpp\n'}
[0.767239] (shuttles) StdoutLine: {'line': b'-- Up-to-date: /home/user/celluleflexible_en_cours_ROS2/ros_ws/install/shuttles/include/shuttles/shuttles/msg/detail/msg_erreur__struct.hpp\n'}
[0.767264] (shuttles) StdoutLine: {'line': b'-- Up-to-date: /home/user/celluleflexible_en_cours_ROS2/ros_ws/install/shuttles/include/shuttles/shuttles/msg/detail/msg_erreur__type_support.hpp\n'}
[0.767285] (shuttles) StdoutLine: {'line': b'-- Up-to-date: /home/user/celluleflexible_en_cours_ROS2/ros_ws/install/shuttles/include/shuttles/shuttles/msg/detail/msg_shuttle_create__builder.hpp\n'}
[0.767306] (shuttles) StdoutLine: {'line': b'-- Up-to-date: /home/user/celluleflexible_en_cours_ROS2/ros_ws/install/shuttles/include/shuttles/shuttles/msg/detail/msg_shuttle_create__type_support.hpp\n'}
[0.767327] (shuttles) StdoutLine: {'line': b'-- Up-to-date: /home/user/celluleflexible_en_cours_ROS2/ros_ws/install/shuttles/include/shuttles/shuttles/msg/detail/msg_erreur__builder.hpp\n'}
[0.767347] (shuttles) StdoutLine: {'line': b'-- Up-to-date: /home/user/celluleflexible_en_cours_ROS2/ros_ws/install/shuttles/include/shuttles/shuttles/msg/detail/msg_shuttle_change__builder.hpp\n'}
[0.767368] (shuttles) StdoutLine: {'line': b'-- Up-to-date: /home/user/celluleflexible_en_cours_ROS2/ros_ws/install/shuttles/include/shuttles/shuttles/msg/detail/msg_shuttle_create__struct.hpp\n'}
[0.767390] (shuttles) StdoutLine: {'line': b'-- Up-to-date: /home/user/celluleflexible_en_cours_ROS2/ros_ws/install/shuttles/include/shuttles/shuttles/msg/detail/msg_shuttle_change__struct.hpp\n'}
[0.767411] (shuttles) StdoutLine: {'line': b'-- Up-to-date: /home/user/celluleflexible_en_cours_ROS2/ros_ws/install/shuttles/include/shuttles/shuttles/msg/msg_erreur.hpp\n'}
[0.767432] (shuttles) StdoutLine: {'line': b'-- Up-to-date: /home/user/celluleflexible_en_cours_ROS2/ros_ws/install/shuttles/include/shuttles/shuttles/srv\n'}
[0.767452] (shuttles) StdoutLine: {'line': b'-- Up-to-date: /home/user/celluleflexible_en_cours_ROS2/ros_ws/install/shuttles/include/shuttles/shuttles/srv/shuttle_id.hpp\n'}
[0.767474] (shuttles) StdoutLine: {'line': b'-- Up-to-date: /home/user/celluleflexible_en_cours_ROS2/ros_ws/install/shuttles/include/shuttles/shuttles/srv/detail\n'}
[0.767494] (shuttles) StdoutLine: {'line': b'-- Up-to-date: /home/user/celluleflexible_en_cours_ROS2/ros_ws/install/shuttles/include/shuttles/shuttles/srv/detail/shuttle_id__type_support.hpp\n'}
[0.767514] (shuttles) StdoutLine: {'line': b'-- Up-to-date: /home/user/celluleflexible_en_cours_ROS2/ros_ws/install/shuttles/include/shuttles/shuttles/srv/detail/shuttle_id__struct.hpp\n'}
[0.767536] (shuttles) StdoutLine: {'line': b'-- Up-to-date: /home/user/celluleflexible_en_cours_ROS2/ros_ws/install/shuttles/include/shuttles/shuttles/srv/detail/shuttle_id__builder.hpp\n'}
[0.769226] (shuttles) StdoutLine: {'line': b'-- Up-to-date: /home/user/celluleflexible_en_cours_ROS2/ros_ws/install/shuttles/include/shuttles/shuttles/srv/detail/shuttle_id__traits.hpp\n'}
[0.769295] (shuttles) StdoutLine: {'line': b'-- Up-to-date: /home/user/celluleflexible_en_cours_ROS2/ros_ws/install/shuttles/include/shuttles/shuttles\n'}
[0.769322] (shuttles) StdoutLine: {'line': b'-- Up-to-date: /home/user/celluleflexible_en_cours_ROS2/ros_ws/install/shuttles/include/shuttles/shuttles/msg\n'}
[0.769345] (shuttles) StdoutLine: {'line': b'-- Up-to-date: /home/user/celluleflexible_en_cours_ROS2/ros_ws/install/shuttles/include/shuttles/shuttles/msg/detail\n'}
[0.769374] (shuttles) StdoutLine: {'line': b'-- Up-to-date: /home/user/celluleflexible_en_cours_ROS2/ros_ws/install/shuttles/include/shuttles/shuttles/msg/detail/dds_fastrtps\n'}
[0.769396] (shuttles) StdoutLine: {'line': b'-- Up-to-date: /home/user/celluleflexible_en_cours_ROS2/ros_ws/install/shuttles/include/shuttles/shuttles/msg/detail/msg_shuttle_create__rosidl_typesupport_fastrtps_cpp.hpp\n'}
[0.769419] (shuttles) StdoutLine: {'line': b'-- Up-to-date: /home/user/celluleflexible_en_cours_ROS2/ros_ws/install/shuttles/include/shuttles/shuttles/msg/detail/msg_shuttle_change__rosidl_typesupport_fastrtps_cpp.hpp\n'}
[0.769441] (shuttles) StdoutLine: {'line': b'-- Up-to-date: /home/user/celluleflexible_en_cours_ROS2/ros_ws/install/shuttles/include/shuttles/shuttles/msg/detail/msg_erreur__rosidl_typesupport_fastrtps_cpp.hpp\n'}
[0.769464] (shuttles) StdoutLine: {'line': b'-- Up-to-date: /home/user/celluleflexible_en_cours_ROS2/ros_ws/install/shuttles/include/shuttles/shuttles/msg/rosidl_typesupport_fastrtps_cpp__visibility_control.h\n'}
[0.769485] (shuttles) StdoutLine: {'line': b'-- Up-to-date: /home/user/celluleflexible_en_cours_ROS2/ros_ws/install/shuttles/include/shuttles/shuttles/srv\n'}
[0.769507] (shuttles) StdoutLine: {'line': b'-- Up-to-date: /home/user/celluleflexible_en_cours_ROS2/ros_ws/install/shuttles/include/shuttles/shuttles/srv/detail\n'}
[0.769528] (shuttles) StdoutLine: {'line': b'-- Up-to-date: /home/user/celluleflexible_en_cours_ROS2/ros_ws/install/shuttles/include/shuttles/shuttles/srv/detail/shuttle_id__rosidl_typesupport_fastrtps_cpp.hpp\n'}
[0.769549] (shuttles) StdoutLine: {'line': b'-- Up-to-date: /home/user/celluleflexible_en_cours_ROS2/ros_ws/install/shuttles/include/shuttles/shuttles/srv/detail/dds_fastrtps\n'}
[0.769569] (shuttles) StdoutLine: {'line': b'-- Up-to-date: /home/user/celluleflexible_en_cours_ROS2/ros_ws/install/shuttles/lib/libshuttles__rosidl_typesupport_fastrtps_cpp.so\n'}
[0.769589] (shuttles) StdoutLine: {'line': b'-- Up-to-date: /home/user/celluleflexible_en_cours_ROS2/ros_ws/install/shuttles/include/shuttles/shuttles\n'}
[0.769609] (shuttles) StdoutLine: {'line': b'-- Up-to-date: /home/user/celluleflexible_en_cours_ROS2/ros_ws/install/shuttles/include/shuttles/shuttles/msg\n'}
[0.769630] (shuttles) StdoutLine: {'line': b'-- Up-to-date: /home/user/celluleflexible_en_cours_ROS2/ros_ws/install/shuttles/include/shuttles/shuttles/msg/rosidl_typesupport_introspection_c__visibility_control.h\n'}
[0.769650] (shuttles) StdoutLine: {'line': b'-- Up-to-date: /home/user/celluleflexible_en_cours_ROS2/ros_ws/install/shuttles/include/shuttles/shuttles/msg/detail\n'}
[0.769671] (shuttles) StdoutLine: {'line': b'-- Up-to-date: /home/user/celluleflexible_en_cours_ROS2/ros_ws/install/shuttles/include/shuttles/shuttles/msg/detail/msg_shuttle_create__type_support.c\n'}
[0.769691] (shuttles) StdoutLine: {'line': b'-- Up-to-date: /home/user/celluleflexible_en_cours_ROS2/ros_ws/install/shuttles/include/shuttles/shuttles/msg/detail/msg_shuttle_change__rosidl_typesupport_introspection_c.h\n'}
[0.769713] (shuttles) StdoutLine: {'line': b'-- Up-to-date: /home/user/celluleflexible_en_cours_ROS2/ros_ws/install/shuttles/include/shuttles/shuttles/msg/detail/msg_shuttle_change__type_support.c\n'}
[0.769734] (shuttles) StdoutLine: {'line': b'-- Up-to-date: /home/user/celluleflexible_en_cours_ROS2/ros_ws/install/shuttles/include/shuttles/shuttles/msg/detail/msg_erreur__type_support.c\n'}
[0.769791] (shuttles) StdoutLine: {'line': b'-- Up-to-date: /home/user/celluleflexible_en_cours_ROS2/ros_ws/install/shuttles/include/shuttles/shuttles/msg/detail/msg_shuttle_create__rosidl_typesupport_introspection_c.h\n'}
[0.769817] (shuttles) StdoutLine: {'line': b'-- Up-to-date: /home/user/celluleflexible_en_cours_ROS2/ros_ws/install/shuttles/include/shuttles/shuttles/msg/detail/msg_erreur__rosidl_typesupport_introspection_c.h\n'}
[0.769840] (shuttles) StdoutLine: {'line': b'-- Up-to-date: /home/user/celluleflexible_en_cours_ROS2/ros_ws/install/shuttles/include/shuttles/shuttles/srv\n'}
[0.769863] (shuttles) StdoutLine: {'line': b'-- Up-to-date: /home/user/celluleflexible_en_cours_ROS2/ros_ws/install/shuttles/include/shuttles/shuttles/srv/detail\n'}
[0.769884] (shuttles) StdoutLine: {'line': b'-- Up-to-date: /home/user/celluleflexible_en_cours_ROS2/ros_ws/install/shuttles/include/shuttles/shuttles/srv/detail/shuttle_id__type_support.c\n'}
[0.769906] (shuttles) StdoutLine: {'line': b'-- Up-to-date: /home/user/celluleflexible_en_cours_ROS2/ros_ws/install/shuttles/include/shuttles/shuttles/srv/detail/shuttle_id__rosidl_typesupport_introspection_c.h\n'}
[0.769963] (shuttles) StdoutLine: {'line': b'-- Up-to-date: /home/user/celluleflexible_en_cours_ROS2/ros_ws/install/shuttles/lib/libshuttles__rosidl_typesupport_introspection_c.so\n'}
[0.769990] (shuttles) StdoutLine: {'line': b'-- Up-to-date: /home/user/celluleflexible_en_cours_ROS2/ros_ws/install/shuttles/lib/libshuttles__rosidl_typesupport_c.so\n'}
[0.770012] (shuttles) StdoutLine: {'line': b'-- Up-to-date: /home/user/celluleflexible_en_cours_ROS2/ros_ws/install/shuttles/include/shuttles/shuttles\n'}
[0.770033] (shuttles) StdoutLine: {'line': b'-- Up-to-date: /home/user/celluleflexible_en_cours_ROS2/ros_ws/install/shuttles/include/shuttles/shuttles/msg\n'}
[0.770054] (shuttles) StdoutLine: {'line': b'-- Up-to-date: /home/user/celluleflexible_en_cours_ROS2/ros_ws/install/shuttles/include/shuttles/shuttles/msg/detail\n'}
[0.770077] (shuttles) StdoutLine: {'line': b'-- Up-to-date: /home/user/celluleflexible_en_cours_ROS2/ros_ws/install/shuttles/include/shuttles/shuttles/msg/detail/msg_shuttle_create__type_support.cpp\n'}
[0.770097] (shuttles) StdoutLine: {'line': b'-- Up-to-date: /home/user/celluleflexible_en_cours_ROS2/ros_ws/install/shuttles/include/shuttles/shuttles/msg/detail/msg_erreur__type_support.cpp\n'}
[0.770117] (shuttles) StdoutLine: {'line': b'-- Up-to-date: /home/user/celluleflexible_en_cours_ROS2/ros_ws/install/shuttles/include/shuttles/shuttles/msg/detail/msg_erreur__rosidl_typesupport_introspection_cpp.hpp\n'}
[0.770137] (shuttles) StdoutLine: {'line': b'-- Up-to-date: /home/user/celluleflexible_en_cours_ROS2/ros_ws/install/shuttles/include/shuttles/shuttles/msg/detail/msg_shuttle_change__rosidl_typesupport_introspection_cpp.hpp\n'}
[0.770157] (shuttles) StdoutLine: {'line': b'-- Up-to-date: /home/user/celluleflexible_en_cours_ROS2/ros_ws/install/shuttles/include/shuttles/shuttles/msg/detail/msg_shuttle_create__rosidl_typesupport_introspection_cpp.hpp\n'}
[0.770284] (shuttles) StdoutLine: {'line': b'-- Up-to-date: /home/user/celluleflexible_en_cours_ROS2/ros_ws/install/shuttles/include/shuttles/shuttles/msg/detail/msg_shuttle_change__type_support.cpp\n'}
[0.770451] (shuttles) StdoutLine: {'line': b'-- Up-to-date: /home/user/celluleflexible_en_cours_ROS2/ros_ws/install/shuttles/include/shuttles/shuttles/srv\n'}
[0.770476] (shuttles) StdoutLine: {'line': b'-- Up-to-date: /home/user/celluleflexible_en_cours_ROS2/ros_ws/install/shuttles/include/shuttles/shuttles/srv/detail\n'}
[0.770499] (shuttles) StdoutLine: {'line': b'-- Up-to-date: /home/user/celluleflexible_en_cours_ROS2/ros_ws/install/shuttles/include/shuttles/shuttles/srv/detail/shuttle_id__type_support.cpp\n'}
[0.770598] (shuttles) StdoutLine: {'line': b'-- Up-to-date: /home/user/celluleflexible_en_cours_ROS2/ros_ws/install/shuttles/include/shuttles/shuttles/srv/detail/shuttle_id__rosidl_typesupport_introspection_cpp.hpp\n'}
[0.770965] (shuttles) StdoutLine: {'line': b'-- Up-to-date: /home/user/celluleflexible_en_cours_ROS2/ros_ws/install/shuttles/lib/libshuttles__rosidl_typesupport_introspection_cpp.so\n'}
[0.771163] (shuttles) StdoutLine: {'line': b'-- Up-to-date: /home/user/celluleflexible_en_cours_ROS2/ros_ws/install/shuttles/lib/libshuttles__rosidl_typesupport_cpp.so\n'}
[0.771920] (shuttles) StdoutLine: {'line': b'-- Up-to-date: /home/user/celluleflexible_en_cours_ROS2/ros_ws/install/shuttles/share/shuttles/environment/pythonpath.sh\n'}
[0.771993] (shuttles) StdoutLine: {'line': b'-- Up-to-date: /home/user/celluleflexible_en_cours_ROS2/ros_ws/install/shuttles/share/shuttles/environment/pythonpath.dsv\n'}
[0.772025] (shuttles) StdoutLine: {'line': b'-- Up-to-date: /home/user/celluleflexible_en_cours_ROS2/ros_ws/install/shuttles/lib/python3.12/site-packages/shuttles-0.0.0-py3.12.egg-info\n'}
[0.772056] (shuttles) StdoutLine: {'line': b'-- Installing: /home/user/celluleflexible_en_cours_ROS2/ros_ws/install/shuttles/lib/python3.12/site-packages/shuttles-0.0.0-py3.12.egg-info/SOURCES.txt\n'}
[0.772082] (shuttles) StdoutLine: {'line': b'-- Installing: /home/user/celluleflexible_en_cours_ROS2/ros_ws/install/shuttles/lib/python3.12/site-packages/shuttles-0.0.0-py3.12.egg-info/top_level.txt\n'}
[0.772105] (shuttles) StdoutLine: {'line': b'-- Installing: /home/user/celluleflexible_en_cours_ROS2/ros_ws/install/shuttles/lib/python3.12/site-packages/shuttles-0.0.0-py3.12.egg-info/PKG-INFO\n'}
[0.772129] (shuttles) StdoutLine: {'line': b'-- Installing: /home/user/celluleflexible_en_cours_ROS2/ros_ws/install/shuttles/lib/python3.12/site-packages/shuttles-0.0.0-py3.12.egg-info/dependency_links.txt\n'}
[0.772151] (shuttles) StdoutLine: {'line': b'-- Up-to-date: /home/user/celluleflexible_en_cours_ROS2/ros_ws/install/shuttles/lib/python3.12/site-packages/shuttles\n'}
[0.772173] (shuttles) StdoutLine: {'line': b'-- Up-to-date: /home/user/celluleflexible_en_cours_ROS2/ros_ws/install/shuttles/lib/python3.12/site-packages/shuttles/shuttles_s__rosidl_typesupport_introspection_c.so\n'}
[0.772195] (shuttles) StdoutLine: {'line': b'-- Up-to-date: /home/user/celluleflexible_en_cours_ROS2/ros_ws/install/shuttles/lib/python3.12/site-packages/shuttles/_shuttles_s.ep.rosidl_typesupport_c.c\n'}
[0.772216] (shuttles) StdoutLine: {'line': b'-- Up-to-date: /home/user/celluleflexible_en_cours_ROS2/ros_ws/install/shuttles/lib/python3.12/site-packages/shuttles/msg\n'}
[0.772237] (shuttles) StdoutLine: {'line': b'-- Up-to-date: /home/user/celluleflexible_en_cours_ROS2/ros_ws/install/shuttles/lib/python3.12/site-packages/shuttles/msg/_msg_shuttle_change.py\n'}
[0.772258] (shuttles) StdoutLine: {'line': b'-- Up-to-date: /home/user/celluleflexible_en_cours_ROS2/ros_ws/install/shuttles/lib/python3.12/site-packages/shuttles/msg/_msg_erreur.py\n'}
[0.772279] (shuttles) StdoutLine: {'line': b'-- Up-to-date: /home/user/celluleflexible_en_cours_ROS2/ros_ws/install/shuttles/lib/python3.12/site-packages/shuttles/msg/__init__.py\n'}
[0.772696] (shuttles) StdoutLine: {'line': b'-- Up-to-date: /home/user/celluleflexible_en_cours_ROS2/ros_ws/install/shuttles/lib/python3.12/site-packages/shuttles/msg/_msg_shuttle_create_s.c\n'}
[0.772917] (shuttles) StdoutLine: {'line': b'-- Up-to-date: /home/user/celluleflexible_en_cours_ROS2/ros_ws/install/shuttles/lib/python3.12/site-packages/shuttles/msg/_msg_erreur_s.c\n'}
[0.772951] (shuttles) StdoutLine: {'line': b'-- Up-to-date: /home/user/celluleflexible_en_cours_ROS2/ros_ws/install/shuttles/lib/python3.12/site-packages/shuttles/msg/_msg_shuttle_create.py\n'}
[0.772981] (shuttles) StdoutLine: {'line': b'-- Up-to-date: /home/user/celluleflexible_en_cours_ROS2/ros_ws/install/shuttles/lib/python3.12/site-packages/shuttles/msg/_msg_shuttle_change_s.c\n'}
[0.773005] (shuttles) StdoutLine: {'line': b'-- Up-to-date: /home/user/celluleflexible_en_cours_ROS2/ros_ws/install/shuttles/lib/python3.12/site-packages/shuttles/shuttles_s__rosidl_typesupport_c.so\n'}
[0.773202] (shuttles) StdoutLine: {'line': b'-- Up-to-date: /home/user/celluleflexible_en_cours_ROS2/ros_ws/install/shuttles/lib/python3.12/site-packages/shuttles/__init__.py\n'}
[0.773549] (shuttles) StdoutLine: {'line': b'-- Up-to-date: /home/user/celluleflexible_en_cours_ROS2/ros_ws/install/shuttles/lib/python3.12/site-packages/shuttles/_shuttles_s.ep.rosidl_typesupport_fastrtps_c.c\n'}
[0.773864] (shuttles) StdoutLine: {'line': b'-- Up-to-date: /home/user/celluleflexible_en_cours_ROS2/ros_ws/install/shuttles/lib/python3.12/site-packages/shuttles/srv\n'}
[0.774399] (shuttles) StdoutLine: {'line': b'-- Up-to-date: /home/user/celluleflexible_en_cours_ROS2/ros_ws/install/shuttles/lib/python3.12/site-packages/shuttles/srv/__init__.py\n'}
[0.774576] (shuttles) StdoutLine: {'line': b'-- Up-to-date: /home/user/celluleflexible_en_cours_ROS2/ros_ws/install/shuttles/lib/python3.12/site-packages/shuttles/srv/_shuttle_id.py\n'}
[0.775946] (shuttles) StdoutLine: {'line': b'-- Up-to-date: /home/user/celluleflexible_en_cours_ROS2/ros_ws/install/shuttles/lib/python3.12/site-packages/shuttles/srv/_shuttle_id_s.c\n'}
[0.776105] (shuttles) StdoutLine: {'line': b'-- Up-to-date: /home/user/celluleflexible_en_cours_ROS2/ros_ws/install/shuttles/lib/python3.12/site-packages/shuttles/_shuttles_s.ep.rosidl_typesupport_introspection_c.c\n'}
[0.776209] (shuttles) StdoutLine: {'line': b'-- Up-to-date: /home/user/celluleflexible_en_cours_ROS2/ros_ws/install/shuttles/lib/python3.12/site-packages/shuttles/shuttles_s__rosidl_typesupport_fastrtps_c.so\n'}
[0.776500] (commande_locale) CommandEnded: {'returncode': 0}
[0.777484] (commande_locale) JobProgress: {'identifier': 'commande_locale', 'progress': 'install'}
[0.778114] (commande_locale) Command: {'cmd': ['/usr/bin/cmake', '--install', '/home/user/celluleflexible_en_cours_ROS2/ros_ws/build/commande_locale'], 'cwd': '/home/user/celluleflexible_en_cours_ROS2/ros_ws/build/commande_locale', 'env': OrderedDict({'LESSOPEN': '| /usr/bin/lesspipe %s', 'USER': 'user', 'XDG_SESSION_TYPE': 'wayland', 'SHLVL': '1', 'LD_LIBRARY_PATH': '/home/user/celluleflexible_en_cours_ROS2/ros_ws/install/aiguillages/lib:/home/user/celluleflexible_en_cours_ROS2/ros_ws/install/shuttles/lib:/home/user/celluleflexible_en_cours_ROS2/ros_ws/install/robots/lib:/home/user/celluleflexible_en_cours_ROS2/ros_ws/install/commande_locale/lib:/opt/ros/jazzy/opt/rviz_ogre_vendor/lib:/opt/ros/jazzy/lib/x86_64-linux-gnu:/opt/ros/jazzy/opt/gz_math_vendor/lib:/opt/ros/jazzy/opt/gz_utils_vendor/lib:/opt/ros/jazzy/opt/gz_cmake_vendor/lib:/opt/ros/jazzy/lib', 'HOME': '/home/user', 'DESKTOP_SESSION': 'ubuntu', 'ROS_PYTHON_VERSION': '3', 'GNOME_SHELL_SESSION_MODE': 'ubuntu', 'GTK_MODULES': 'gail:atk-bridge', 'DBUS_STARTER_BUS_TYPE': 'session', 'SYSTEMD_EXEC_PID': '2240', 'GSM_SKIP_SSH_AGENT_WORKAROUND': 'true', 'DBUS_SESSION_BUS_ADDRESS': 'unix:path=/run/user/1000/bus,guid=6da02ccfb5f5be8b2dc210526992ca6b', 'COLORTERM': 'truecolor', 'DEBUGINFOD_URLS': 'https://debuginfod.ubuntu.com', 'IM_CONFIG_PHASE': '1', 'WAYLAND_DISPLAY': 'wayland-0', 'COLCON_PREFIX_PATH': '/home/user/celluleflexible_en_cours_ROS2/ros_ws/install', 'ROS_DISTRO': 'jazzy', 'LOGNAME': 'user', '_': '/usr/bin/colcon', 'ROS_VERSION': '2', 'MEMORY_PRESSURE_WATCH': '/sys/fs/cgroup/user.slice/user-1000.slice/user@1000.service/app.slice/app-gnome\\x2dsession\\x2dmanager.slice/gnome-session-manager@ubuntu.service/memory.pressure', 'XDG_SESSION_CLASS': 'user', 'USERNAME': 'user', 'TERM': 'xterm-256color', 'GNOME_DESKTOP_SESSION_ID': 'this-is-deprecated', 'PATH': '/opt/ros/jazzy/bin:/usr/local/sbin:/usr/local/bin:/usr/sbin:/usr/bin:/sbin:/bin:/usr/games:/usr/local/games:/snap/bin:/snap/bin', 'SESSION_MANAGER': 'local/Ubuntu:@/tmp/.ICE-unix/2240,unix/Ubuntu:/tmp/.ICE-unix/2240', 'XDG_MENU_PREFIX': 'gnome-', 'GNOME_TERMINAL_SCREEN': '/org/gnome/Terminal/screen/c7962f18_f474_48af_ace3_a3479f78beab', 'GNOME_SETUP_DISPLAY': ':1', 'XDG_RUNTIME_DIR': '/run/user/1000', 'DISPLAY': ':0', 'LANG': 'en_US.UTF-8', 'XDG_CURRENT_DESKTOP': 'ubuntu:GNOME', 'XMODIFIERS': '@im=ibus', 'XDG_SESSION_DESKTOP': 'ubuntu', 'XAUTHORITY': '/run/user/1000/.mutter-Xwaylandauth.HCD1K3', 'LS_COLORS': 'rs=0:di=01;34:ln=01;36:mh=00:pi=40;33:so=01;35:do=01;35:bd=40;33;01:cd=40;33;01:or=40;31;01:mi=00:su=37;41:sg=30;43:ca=00:tw=30;42:ow=34;42:st=37;44:ex=01;32:*.tar=01;31:*.tgz=01;31:*.arc=01;31:*.arj=01;31:*.taz=01;31:*.lha=01;31:*.lz4=01;31:*.lzh=01;31:*.lzma=01;31:*.tlz=01;31:*.txz=01;31:*.tzo=01;31:*.t7z=01;31:*.zip=01;31:*.z=01;31:*.dz=01;31:*.gz=01;31:*.lrz=01;31:*.lz=01;31:*.lzo=01;31:*.xz=01;31:*.zst=01;31:*.tzst=01;31:*.bz2=01;31:*.bz=01;31:*.tbz=01;31:*.tbz2=01;31:*.tz=01;31:*.deb=01;31:*.rpm=01;31:*.jar=01;31:*.war=01;31:*.ear=01;31:*.sar=01;31:*.rar=01;31:*.alz=01;31:*.ace=01;31:*.zoo=01;31:*.cpio=01;31:*.7z=01;31:*.rz=01;31:*.cab=01;31:*.wim=01;31:*.swm=01;31:*.dwm=01;31:*.esd=01;31:*.avif=01;35:*.jpg=01;35:*.jpeg=01;35:*.mjpg=01;35:*.mjpeg=01;35:*.gif=01;35:*.bmp=01;35:*.pbm=01;35:*.pgm=01;35:*.ppm=01;35:*.tga=01;35:*.xbm=01;35:*.xpm=01;35:*.tif=01;35:*.tiff=01;35:*.png=01;35:*.svg=01;35:*.svgz=01;35:*.mng=01;35:*.pcx=01;35:*.mov=01;35:*.mpg=01;35:*.mpeg=01;35:*.m2v=01;35:*.mkv=01;35:*.webm=01;35:*.webp=01;35:*.ogm=01;35:*.mp4=01;35:*.m4v=01;35:*.mp4v=01;35:*.vob=01;35:*.qt=01;35:*.nuv=01;35:*.wmv=01;35:*.asf=01;35:*.rm=01;35:*.rmvb=01;35:*.flc=01;35:*.avi=01;35:*.fli=01;35:*.flv=01;35:*.gl=01;35:*.dl=01;35:*.xcf=01;35:*.xwd=01;35:*.yuv=01;35:*.cgm=01;35:*.emf=01;35:*.ogv=01;35:*.ogx=01;35:*.aac=00;36:*.au=00;36:*.flac=00;36:*.m4a=00;36:*.mid=00;36:*.midi=00;36:*.mka=00;36:*.mp3=00;36:*.mpc=00;36:*.ogg=00;36:*.ra=00;36:*.wav=00;36:*.oga=00;36:*.opus=00;36:*.spx=00;36:*.xspf=00;36:*~=00;90:*#=00;90:*.bak=00;90:*.crdownload=00;90:*.dpkg-dist=00;90:*.dpkg-new=00;90:*.dpkg-old=00;90:*.dpkg-tmp=00;90:*.old=00;90:*.orig=00;90:*.part=00;90:*.rej=00;90:*.rpmnew=00;90:*.rpmorig=00;90:*.rpmsave=00;90:*.swp=00;90:*.tmp=00;90:*.ucf-dist=00;90:*.ucf-new=00;90:*.ucf-old=00;90:', 'GNOME_TERMINAL_SERVICE': ':1.781', 'SSH_AUTH_SOCK': '/run/user/1000/keyring/ssh', 'AMENT_PREFIX_PATH': '/home/user/celluleflexible_en_cours_ROS2/ros_ws/install/shuttles:/home/user/celluleflexible_en_cours_ROS2/ros_ws/install/robots:/home/user/celluleflexible_en_cours_ROS2/ros_ws/install/commande_locale:/home/user/celluleflexible_en_cours_ROS2/ros_ws/install/aiguillages:/opt/ros/jazzy', 'SHELL': '/bin/bash', 'QT_ACCESSIBILITY': '1', 'GDMSESSION': 'ubuntu', 'LESSCLOSE': '/usr/bin/lesspipe %s %s', 'ROS_AUTOMATIC_DISCOVERY_RANGE': 'SUBNET', 'QT_IM_MODULE': 'ibus', 'PWD': '/home/user/celluleflexible_en_cours_ROS2/ros_ws/build/commande_locale', 'LC_ALL': 'en_US.UTF-8', 'XDG_CONFIG_DIRS': '/etc/xdg/xdg-ubuntu:/etc/xdg', 'DBUS_STARTER_ADDRESS': 'unix:path=/run/user/1000/bus,guid=6da02ccfb5f5be8b2dc210526992ca6b', 'XDG_DATA_DIRS': '/usr/share/ubuntu:/usr/share/gnome:/usr/local/share/:/usr/share/:/var/lib/snapd/desktop', 'PYTHONPATH': '/home/user/celluleflexible_en_cours_ROS2/ros_ws/install/aiguillages/lib/python3.12/site-packages:/home/user/celluleflexible_en_cours_ROS2/ros_ws/install/shuttles/lib/python3.12/site-packages:/home/user/celluleflexible_en_cours_ROS2/ros_ws/install/robots/lib/python3.12/site-packages:/home/user/celluleflexible_en_cours_ROS2/ros_ws/install/commande_locale/lib/python3.12/site-packages:/opt/ros/jazzy/lib/python3.12/site-packages', 'COLCON': '1', 'MEMORY_PRESSURE_WRITE': 'c29tZSAyMDAwMDAgMjAwMDAwMAA=', 'VTE_VERSION': '7600', 'CMAKE_PREFIX_PATH': '/home/user/celluleflexible_en_cours_ROS2/ros_ws/install/aiguillages:/home/user/celluleflexible_en_cours_ROS2/ros_ws/install/shuttles:/home/user/celluleflexible_en_cours_ROS2/ros_ws/install/robots:/home/user/celluleflexible_en_cours_ROS2/ros_ws/install/commande_locale:/opt/ros/jazzy/opt/gz_math_vendor:/opt/ros/jazzy/opt/gz_utils_vendor:/opt/ros/jazzy/opt/gz_cmake_vendor:/opt/ros/jazzy'}), 'shell': False}
[0.788804] (commande_locale) StdoutLine: {'line': b'-- Install configuration: ""\n'}
[0.789072] (commande_locale) StdoutLine: {'line': b'-- Up-to-date: /home/user/celluleflexible_en_cours_ROS2/ros_ws/install/commande_locale/share/ament_index/resource_index/rosidl_interfaces/commande_locale\n'}
[0.789110] (commande_locale) StdoutLine: {'line': b'-- Up-to-date: /home/user/celluleflexible_en_cours_ROS2/ros_ws/install/commande_locale/share/commande_locale/srv/SrvAddProduct.json\n'}
[0.789141] (commande_locale) StdoutLine: {'line': b'-- Up-to-date: /home/user/celluleflexible_en_cours_ROS2/ros_ws/install/commande_locale/share/commande_locale/srv/SrvFinInit.json\n'}
[0.789170] (commande_locale) StdoutLine: {'line': b'-- Up-to-date: /home/user/celluleflexible_en_cours_ROS2/ros_ws/install/commande_locale/share/commande_locale/srv/SrvAddProductPushBack.json\n'}
[0.789196] (commande_locale) StdoutLine: {'line': b'-- Up-to-date: /home/user/celluleflexible_en_cours_ROS2/ros_ws/install/commande_locale/share/commande_locale/msg/MsgAddProduct.json\n'}
[0.789221] (commande_locale) StdoutLine: {'line': b'-- Up-to-date: /home/user/celluleflexible_en_cours_ROS2/ros_ws/install/commande_locale/share/commande_locale/msg/MsgStopControl.json\n'}
[0.789247] (commande_locale) StdoutLine: {'line': b'-- Up-to-date: /home/user/celluleflexible_en_cours_ROS2/ros_ws/install/commande_locale/share/commande_locale/msg/MsgColor.json\n'}
[0.789377] (commande_locale) StdoutLine: {'line': b'-- Up-to-date: /home/user/celluleflexible_en_cours_ROS2/ros_ws/install/commande_locale/share/commande_locale/msg/MsgSwitchControl.json\n'}
[0.789411] (commande_locale) StdoutLine: {'line': b'-- Up-to-date: /home/user/celluleflexible_en_cours_ROS2/ros_ws/install/commande_locale/share/commande_locale/msg/MsgPinControl.json\n'}
[0.789485] (commande_locale) StdoutLine: {'line': b'-- Up-to-date: /home/user/celluleflexible_en_cours_ROS2/ros_ws/install/commande_locale/share/commande_locale/msg/MsgErreur.json\n'}
[0.789517] (commande_locale) StdoutLine: {'line': b'-- Up-to-date: /home/user/celluleflexible_en_cours_ROS2/ros_ws/install/commande_locale/share/commande_locale/msg/RobotJoints.json\n'}
[0.789581] (commande_locale) StdoutLine: {'line': b'-- Up-to-date: /home/user/celluleflexible_en_cours_ROS2/ros_ws/install/commande_locale/share/commande_locale/msg/TacheFinieMsg.json\n'}
[0.789610] (commande_locale) StdoutLine: {'line': b'-- Up-to-date: /home/user/celluleflexible_en_cours_ROS2/ros_ws/install/commande_locale/share/commande_locale/msg/DeplacerPieceMsg.json\n'}
[0.789706] (commande_locale) StdoutLine: {'line': b'-- Up-to-date: /home/user/celluleflexible_en_cours_ROS2/ros_ws/install/commande_locale/share/commande_locale/msg/MsgChoixMode.json\n'}
[0.789743] (commande_locale) StdoutLine: {'line': b'-- Up-to-date: /home/user/celluleflexible_en_cours_ROS2/ros_ws/install/commande_locale/include/commande_locale/commande_locale\n'}
[0.789769] (commande_locale) StdoutLine: {'line': b'-- Up-to-date: /home/user/celluleflexible_en_cours_ROS2/ros_ws/install/commande_locale/include/commande_locale/commande_locale/msg\n'}
[0.790034] (commande_locale) StdoutLine: {'line': b'-- Up-to-date: /home/user/celluleflexible_en_cours_ROS2/ros_ws/install/commande_locale/include/commande_locale/commande_locale/msg/msg_choix_mode.h\n'}
[0.790073] (commande_locale) StdoutLine: {'line': b'-- Up-to-date: /home/user/celluleflexible_en_cours_ROS2/ros_ws/install/commande_locale/include/commande_locale/commande_locale/msg/msg_stop_control.h\n'}
[0.790104] (commande_locale) StdoutLine: {'line': b'-- Up-to-date: /home/user/celluleflexible_en_cours_ROS2/ros_ws/install/commande_locale/include/commande_locale/commande_locale/msg/rosidl_generator_c__visibility_control.h\n'}
[0.790130] (commande_locale) StdoutLine: {'line': b'-- Up-to-date: /home/user/celluleflexible_en_cours_ROS2/ros_ws/install/commande_locale/include/commande_locale/commande_locale/msg/msg_add_product.h\n'}
[0.790165] (commande_locale) StdoutLine: {'line': b'-- Up-to-date: /home/user/celluleflexible_en_cours_ROS2/ros_ws/install/commande_locale/include/commande_locale/commande_locale/msg/deplacer_piece_msg.h\n'}
[0.790192] (commande_locale) StdoutLine: {'line': b'-- Up-to-date: /home/user/celluleflexible_en_cours_ROS2/ros_ws/install/commande_locale/include/commande_locale/commande_locale/msg/msg_erreur.h\n'}
[0.790218] (commande_locale) StdoutLine: {'line': b'-- Up-to-date: /home/user/celluleflexible_en_cours_ROS2/ros_ws/install/commande_locale/include/commande_locale/commande_locale/msg/robot_joints.h\n'}
[0.790243] (commande_locale) StdoutLine: {'line': b'-- Up-to-date: /home/user/celluleflexible_en_cours_ROS2/ros_ws/install/commande_locale/include/commande_locale/commande_locale/msg/msg_pin_control.h\n'}
[0.790266] (commande_locale) StdoutLine: {'line': b'-- Up-to-date: /home/user/celluleflexible_en_cours_ROS2/ros_ws/install/commande_locale/include/commande_locale/commande_locale/msg/msg_switch_control.h\n'}
[0.790290] (commande_locale) StdoutLine: {'line': b'-- Up-to-date: /home/user/celluleflexible_en_cours_ROS2/ros_ws/install/commande_locale/include/commande_locale/commande_locale/msg/detail\n'}
[0.790313] (commande_locale) StdoutLine: {'line': b'-- Up-to-date: /home/user/celluleflexible_en_cours_ROS2/ros_ws/install/commande_locale/include/commande_locale/commande_locale/msg/detail/msg_pin_control__functions.h\n'}
[0.790338] (commande_locale) StdoutLine: {'line': b'-- Up-to-date: /home/user/celluleflexible_en_cours_ROS2/ros_ws/install/commande_locale/include/commande_locale/commande_locale/msg/detail/msg_choix_mode__functions.h\n'}
[0.790464] (commande_locale) StdoutLine: {'line': b'-- Up-to-date: /home/user/celluleflexible_en_cours_ROS2/ros_ws/install/commande_locale/include/commande_locale/commande_locale/msg/detail/msg_color__type_support.h\n'}
[0.790493] (commande_locale) StdoutLine: {'line': b'-- Up-to-date: /home/user/celluleflexible_en_cours_ROS2/ros_ws/install/commande_locale/include/commande_locale/commande_locale/msg/detail/msg_color__description.c\n'}
[0.790520] (commande_locale) StdoutLine: {'line': b'-- Up-to-date: /home/user/celluleflexible_en_cours_ROS2/ros_ws/install/commande_locale/include/commande_locale/commande_locale/msg/detail/msg_pin_control__functions.c\n'}
[0.790543] (commande_locale) StdoutLine: {'line': b'-- Up-to-date: /home/user/celluleflexible_en_cours_ROS2/ros_ws/install/commande_locale/include/commande_locale/commande_locale/msg/detail/msg_erreur__functions.h\n'}
[0.790566] (commande_locale) StdoutLine: {'line': b'-- Up-to-date: /home/user/celluleflexible_en_cours_ROS2/ros_ws/install/commande_locale/include/commande_locale/commande_locale/msg/detail/msg_stop_control__description.c\n'}
[0.790588] (commande_locale) StdoutLine: {'line': b'-- Installing: /home/user/celluleflexible_en_cours_ROS2/ros_ws/install/commande_locale/include/commande_locale/commande_locale/msg/detail/msg_switch_control__type_support.c\n'}
[0.790609] (commande_locale) StdoutLine: {'line': b'-- Up-to-date: /home/user/celluleflexible_en_cours_ROS2/ros_ws/install/commande_locale/include/commande_locale/commande_locale/msg/detail/robot_joints__type_support.h\n'}
[0.790631] (commande_locale) StdoutLine: {'line': b'-- Up-to-date: /home/user/celluleflexible_en_cours_ROS2/ros_ws/install/commande_locale/include/commande_locale/commande_locale/msg/detail/msg_switch_control__functions.h\n'}
[0.790652] (commande_locale) StdoutLine: {'line': b'-- Installing: /home/user/celluleflexible_en_cours_ROS2/ros_ws/install/commande_locale/include/commande_locale/commande_locale/msg/detail/msg_stop_control__type_support.c\n'}
[0.790675] (commande_locale) StdoutLine: {'line': b'-- Up-to-date: /home/user/celluleflexible_en_cours_ROS2/ros_ws/install/commande_locale/include/commande_locale/commande_locale/msg/detail/robot_joints__struct.h\n'}
[0.790698] (commande_locale) StdoutLine: {'line': b'-- Up-to-date: /home/user/celluleflexible_en_cours_ROS2/ros_ws/install/commande_locale/include/commande_locale/commande_locale/msg/detail/msg_erreur__type_support.h\n'}
[0.790721] (commande_locale) StdoutLine: {'line': b'-- Up-to-date: /home/user/celluleflexible_en_cours_ROS2/ros_ws/install/commande_locale/include/commande_locale/commande_locale/msg/detail/deplacer_piece_msg__type_support.c\n'}
[0.790744] (commande_locale) StdoutLine: {'line': b'-- Up-to-date: /home/user/celluleflexible_en_cours_ROS2/ros_ws/install/commande_locale/include/commande_locale/commande_locale/msg/detail/deplacer_piece_msg__struct.h\n'}
[0.790766] (commande_locale) StdoutLine: {'line': b'-- Up-to-date: /home/user/celluleflexible_en_cours_ROS2/ros_ws/install/commande_locale/include/commande_locale/commande_locale/msg/detail/msg_choix_mode__description.c\n'}
[0.790789] (commande_locale) StdoutLine: {'line': b'-- Up-to-date: /home/user/celluleflexible_en_cours_ROS2/ros_ws/install/commande_locale/include/commande_locale/commande_locale/msg/detail/msg_color__struct.h\n'}
[0.790990] (commande_locale) StdoutLine: {'line': b'-- Up-to-date: /home/user/celluleflexible_en_cours_ROS2/ros_ws/install/commande_locale/include/commande_locale/commande_locale/msg/detail/msg_erreur__struct.h\n'}
[0.791073] (commande_locale) StdoutLine: {'line': b'-- Up-to-date: /home/user/celluleflexible_en_cours_ROS2/ros_ws/install/commande_locale/include/commande_locale/commande_locale/msg/detail/msg_add_product__description.c\n'}
[0.791197] (commande_locale) StdoutLine: {'line': b'-- Up-to-date: /home/user/celluleflexible_en_cours_ROS2/ros_ws/install/commande_locale/include/commande_locale/commande_locale/msg/detail/deplacer_piece_msg__functions.h\n'}
[0.791226] (commande_locale) StdoutLine: {'line': b'-- Up-to-date: /home/user/celluleflexible_en_cours_ROS2/ros_ws/install/commande_locale/include/commande_locale/commande_locale/msg/detail/msg_switch_control__description.c\n'}
[0.791250] (commande_locale) StdoutLine: {'line': b'-- Up-to-date: /home/user/celluleflexible_en_cours_ROS2/ros_ws/install/commande_locale/include/commande_locale/commande_locale/msg/detail/msg_stop_control__type_support.h\n'}
[0.791276] (commande_locale) StdoutLine: {'line': b'-- Up-to-date: /home/user/celluleflexible_en_cours_ROS2/ros_ws/install/commande_locale/include/commande_locale/commande_locale/msg/detail/msg_switch_control__functions.c\n'}
[0.791298] (commande_locale) StdoutLine: {'line': b'-- Up-to-date: /home/user/celluleflexible_en_cours_ROS2/ros_ws/install/commande_locale/include/commande_locale/commande_locale/msg/detail/msg_erreur__functions.c\n'}
[0.791321] (commande_locale) StdoutLine: {'line': b'-- Up-to-date: /home/user/celluleflexible_en_cours_ROS2/ros_ws/install/commande_locale/include/commande_locale/commande_locale/msg/detail/msg_choix_mode__type_support.h\n'}
[0.791343] (commande_locale) StdoutLine: {'line': b'-- Up-to-date: /home/user/celluleflexible_en_cours_ROS2/ros_ws/install/commande_locale/include/commande_locale/commande_locale/msg/detail/msg_add_product__functions.c\n'}
[0.791365] (commande_locale) StdoutLine: {'line': b'-- Up-to-date: /home/user/celluleflexible_en_cours_ROS2/ros_ws/install/commande_locale/include/commande_locale/commande_locale/msg/detail/msg_choix_mode__functions.c\n'}
[0.791389] (commande_locale) StdoutLine: {'line': b'-- Up-to-date: /home/user/celluleflexible_en_cours_ROS2/ros_ws/install/commande_locale/include/commande_locale/commande_locale/msg/detail/msg_stop_control__functions.h\n'}
[0.791441] (commande_locale) StdoutLine: {'line': b'-- Installing: /home/user/celluleflexible_en_cours_ROS2/ros_ws/install/commande_locale/include/commande_locale/commande_locale/msg/detail/msg_color__type_support.c\n'}
[0.791473] (commande_locale) StdoutLine: {'line': b'-- Up-to-date: /home/user/celluleflexible_en_cours_ROS2/ros_ws/install/commande_locale/include/commande_locale/commande_locale/msg/detail/deplacer_piece_msg__type_support.h\n'}
[0.791497] (commande_locale) StdoutLine: {'line': b'-- Installing: /home/user/celluleflexible_en_cours_ROS2/ros_ws/install/commande_locale/include/commande_locale/commande_locale/msg/detail/msg_add_product__type_support.c\n'}
[0.791520] (commande_locale) StdoutLine: {'line': b'-- Installing: /home/user/celluleflexible_en_cours_ROS2/ros_ws/install/commande_locale/include/commande_locale/commande_locale/msg/detail/msg_choix_mode__type_support.c\n'}
[0.791541] (commande_locale) StdoutLine: {'line': b'-- Up-to-date: /home/user/celluleflexible_en_cours_ROS2/ros_ws/install/commande_locale/include/commande_locale/commande_locale/msg/detail/robot_joints__description.c\n'}
[0.791564] (commande_locale) StdoutLine: {'line': b'-- Up-to-date: /home/user/celluleflexible_en_cours_ROS2/ros_ws/install/commande_locale/include/commande_locale/commande_locale/msg/detail/robot_joints__functions.c\n'}
[0.791585] (commande_locale) StdoutLine: {'line': b'-- Installing: /home/user/celluleflexible_en_cours_ROS2/ros_ws/install/commande_locale/include/commande_locale/commande_locale/msg/detail/robot_joints__type_support.c\n'}
[0.791608] (commande_locale) StdoutLine: {'line': b'-- Up-to-date: /home/user/celluleflexible_en_cours_ROS2/ros_ws/install/commande_locale/include/commande_locale/commande_locale/msg/detail/msg_pin_control__description.c\n'}
[0.791629] (commande_locale) StdoutLine: {'line': b'-- Up-to-date: /home/user/celluleflexible_en_cours_ROS2/ros_ws/install/commande_locale/include/commande_locale/commande_locale/msg/detail/tache_finie_msg__struct.h\n'}
[0.791649] (commande_locale) StdoutLine: {'line': b'-- Up-to-date: /home/user/celluleflexible_en_cours_ROS2/ros_ws/install/commande_locale/include/commande_locale/commande_locale/msg/detail/msg_switch_control__struct.h\n'}
[0.791670] (commande_locale) StdoutLine: {'line': b'-- Up-to-date: /home/user/celluleflexible_en_cours_ROS2/ros_ws/install/commande_locale/include/commande_locale/commande_locale/msg/detail/msg_erreur__description.c\n'}
[0.791690] (commande_locale) StdoutLine: {'line': b'-- Up-to-date: /home/user/celluleflexible_en_cours_ROS2/ros_ws/install/commande_locale/include/commande_locale/commande_locale/msg/detail/tache_finie_msg__description.c\n'}
[0.791714] (commande_locale) StdoutLine: {'line': b'-- Up-to-date: /home/user/celluleflexible_en_cours_ROS2/ros_ws/install/commande_locale/include/commande_locale/commande_locale/msg/detail/deplacer_piece_msg__description.c\n'}
[0.791736] (commande_locale) StdoutLine: {'line': b'-- Up-to-date: /home/user/celluleflexible_en_cours_ROS2/ros_ws/install/commande_locale/include/commande_locale/commande_locale/msg/detail/msg_add_product__functions.h\n'}
[0.791755] (commande_locale) StdoutLine: {'line': b'-- Installing: /home/user/celluleflexible_en_cours_ROS2/ros_ws/install/commande_locale/include/commande_locale/commande_locale/msg/detail/msg_pin_control__type_support.c\n'}
[0.791776] (commande_locale) StdoutLine: {'line': b'-- Installing: /home/user/celluleflexible_en_cours_ROS2/ros_ws/install/commande_locale/include/commande_locale/commande_locale/msg/detail/msg_erreur__type_support.c\n'}
[0.791800] (commande_locale) StdoutLine: {'line': b'-- Up-to-date: /home/user/celluleflexible_en_cours_ROS2/ros_ws/install/commande_locale/include/commande_locale/commande_locale/msg/detail/msg_add_product__type_support.h\n'}
[0.791821] (commande_locale) StdoutLine: {'line': b'-- Up-to-date: /home/user/celluleflexible_en_cours_ROS2/ros_ws/install/commande_locale/include/commande_locale/commande_locale/msg/detail/msg_stop_control__struct.h\n'}
[0.792098] (commande_locale) StdoutLine: {'line': b'-- Up-to-date: /home/user/celluleflexible_en_cours_ROS2/ros_ws/install/commande_locale/include/commande_locale/commande_locale/msg/detail/msg_stop_control__functions.c\n'}
[0.792140] (commande_locale) StdoutLine: {'line': b'-- Up-to-date: /home/user/celluleflexible_en_cours_ROS2/ros_ws/install/commande_locale/include/commande_locale/commande_locale/msg/detail/msg_switch_control__type_support.h\n'}
[0.792171] (commande_locale) StdoutLine: {'line': b'-- Up-to-date: /home/user/celluleflexible_en_cours_ROS2/ros_ws/install/commande_locale/include/commande_locale/commande_locale/msg/detail/msg_pin_control__type_support.h\n'}
[0.792198] (commande_locale) StdoutLine: {'line': b'-- Up-to-date: /home/user/celluleflexible_en_cours_ROS2/ros_ws/install/commande_locale/include/commande_locale/commande_locale/msg/detail/robot_joints__functions.h\n'}
[0.792221] (commande_locale) StdoutLine: {'line': b'-- Up-to-date: /home/user/celluleflexible_en_cours_ROS2/ros_ws/install/commande_locale/include/commande_locale/commande_locale/msg/detail/deplacer_piece_msg__functions.c\n'}
[0.792245] (commande_locale) StdoutLine: {'line': b'-- Installing: /home/user/celluleflexible_en_cours_ROS2/ros_ws/install/commande_locale/include/commande_locale/commande_locale/msg/detail/tache_finie_msg__type_support.c\n'}
[0.792269] (commande_locale) StdoutLine: {'line': b'-- Up-to-date: /home/user/celluleflexible_en_cours_ROS2/ros_ws/install/commande_locale/include/commande_locale/commande_locale/msg/detail/msg_add_product__struct.h\n'}
[0.792291] (commande_locale) StdoutLine: {'line': b'-- Up-to-date: /home/user/celluleflexible_en_cours_ROS2/ros_ws/install/commande_locale/include/commande_locale/commande_locale/msg/detail/tache_finie_msg__functions.h\n'}
[0.792314] (commande_locale) StdoutLine: {'line': b'-- Up-to-date: /home/user/celluleflexible_en_cours_ROS2/ros_ws/install/commande_locale/include/commande_locale/commande_locale/msg/detail/msg_color__functions.h\n'}
[0.792366] (commande_locale) StdoutLine: {'line': b'-- Up-to-date: /home/user/celluleflexible_en_cours_ROS2/ros_ws/install/commande_locale/include/commande_locale/commande_locale/msg/detail/msg_choix_mode__struct.h\n'}
[0.792401] (commande_locale) StdoutLine: {'line': b'-- Up-to-date: /home/user/celluleflexible_en_cours_ROS2/ros_ws/install/commande_locale/include/commande_locale/commande_locale/msg/detail/msg_pin_control__struct.h\n'}
[0.792425] (commande_locale) StdoutLine: {'line': b'-- Up-to-date: /home/user/celluleflexible_en_cours_ROS2/ros_ws/install/commande_locale/include/commande_locale/commande_locale/msg/detail/tache_finie_msg__type_support.h\n'}
[0.792454] (commande_locale) StdoutLine: {'line': b'-- Up-to-date: /home/user/celluleflexible_en_cours_ROS2/ros_ws/install/commande_locale/include/commande_locale/commande_locale/msg/detail/msg_color__functions.c\n'}
[0.792479] (commande_locale) StdoutLine: {'line': b'-- Up-to-date: /home/user/celluleflexible_en_cours_ROS2/ros_ws/install/commande_locale/include/commande_locale/commande_locale/msg/detail/tache_finie_msg__functions.c\n'}
[0.792501] (commande_locale) StdoutLine: {'line': b'-- Up-to-date: /home/user/celluleflexible_en_cours_ROS2/ros_ws/install/commande_locale/include/commande_locale/commande_locale/msg/tache_finie_msg.h\n'}
[0.792524] (commande_locale) StdoutLine: {'line': b'-- Up-to-date: /home/user/celluleflexible_en_cours_ROS2/ros_ws/install/commande_locale/include/commande_locale/commande_locale/msg/msg_color.h\n'}
[0.792546] (commande_locale) StdoutLine: {'line': b'-- Up-to-date: /home/user/celluleflexible_en_cours_ROS2/ros_ws/install/commande_locale/include/commande_locale/commande_locale/srv\n'}
[0.792568] (commande_locale) StdoutLine: {'line': b'-- Up-to-date: /home/user/celluleflexible_en_cours_ROS2/ros_ws/install/commande_locale/include/commande_locale/commande_locale/srv/srv_fin_init.h\n'}
[0.793399] (commande_locale) StdoutLine: {'line': b'-- Up-to-date: /home/user/celluleflexible_en_cours_ROS2/ros_ws/install/commande_locale/include/commande_locale/commande_locale/srv/srv_add_product_push_back.h\n'}
[0.793433] (commande_locale) StdoutLine: {'line': b'-- Up-to-date: /home/user/celluleflexible_en_cours_ROS2/ros_ws/install/commande_locale/include/commande_locale/commande_locale/srv/srv_add_product.h\n'}
[0.793457] (commande_locale) StdoutLine: {'line': b'-- Up-to-date: /home/user/celluleflexible_en_cours_ROS2/ros_ws/install/commande_locale/include/commande_locale/commande_locale/srv/detail\n'}
[0.793481] (commande_locale) StdoutLine: {'line': b'-- Up-to-date: /home/user/celluleflexible_en_cours_ROS2/ros_ws/install/commande_locale/include/commande_locale/commande_locale/srv/detail/srv_fin_init__type_support.h\n'}
[0.793503] (commande_locale) StdoutLine: {'line': b'-- Installing: /home/user/celluleflexible_en_cours_ROS2/ros_ws/install/commande_locale/include/commande_locale/commande_locale/srv/detail/srv_add_product_push_back__type_support.c\n'}
[0.793612] (commande_locale) StdoutLine: {'line': b'-- Up-to-date: /home/user/celluleflexible_en_cours_ROS2/ros_ws/install/commande_locale/include/commande_locale/commande_locale/srv/detail/srv_add_product_push_back__description.c\n'}
[0.793651] (commande_locale) StdoutLine: {'line': b'-- Up-to-date: /home/user/celluleflexible_en_cours_ROS2/ros_ws/install/commande_locale/include/commande_locale/commande_locale/srv/detail/srv_add_product__struct.h\n'}
[0.793677] (commande_locale) StdoutLine: {'line': b'-- Up-to-date: /home/user/celluleflexible_en_cours_ROS2/ros_ws/install/commande_locale/include/commande_locale/commande_locale/srv/detail/srv_fin_init__type_support.c\n'}
[0.793701] (commande_locale) StdoutLine: {'line': b'-- Up-to-date: /home/user/celluleflexible_en_cours_ROS2/ros_ws/install/commande_locale/include/commande_locale/commande_locale/srv/detail/srv_add_product__type_support.h\n'}
[0.793725] (commande_locale) StdoutLine: {'line': b'-- Up-to-date: /home/user/celluleflexible_en_cours_ROS2/ros_ws/install/commande_locale/include/commande_locale/commande_locale/srv/detail/srv_fin_init__functions.c\n'}
[0.793748] (commande_locale) StdoutLine: {'line': b'-- Up-to-date: /home/user/celluleflexible_en_cours_ROS2/ros_ws/install/commande_locale/include/commande_locale/commande_locale/srv/detail/srv_add_product__description.c\n'}
[0.793770] (commande_locale) StdoutLine: {'line': b'-- Up-to-date: /home/user/celluleflexible_en_cours_ROS2/ros_ws/install/commande_locale/include/commande_locale/commande_locale/srv/detail/srv_add_product_push_back__functions.h\n'}
[0.793793] (commande_locale) StdoutLine: {'line': b'-- Up-to-date: /home/user/celluleflexible_en_cours_ROS2/ros_ws/install/commande_locale/include/commande_locale/commande_locale/srv/detail/srv_add_product__functions.c\n'}
[0.793814] (commande_locale) StdoutLine: {'line': b'-- Up-to-date: /home/user/celluleflexible_en_cours_ROS2/ros_ws/install/commande_locale/include/commande_locale/commande_locale/srv/detail/srv_fin_init__functions.h\n'}
[0.793840] (commande_locale) StdoutLine: {'line': b'-- Installing: /home/user/celluleflexible_en_cours_ROS2/ros_ws/install/commande_locale/include/commande_locale/commande_locale/srv/detail/srv_add_product__type_support.c\n'}
[0.793863] (commande_locale) StdoutLine: {'line': b'-- Up-to-date: /home/user/celluleflexible_en_cours_ROS2/ros_ws/install/commande_locale/include/commande_locale/commande_locale/srv/detail/srv_add_product_push_back__struct.h\n'}
[0.793885] (commande_locale) StdoutLine: {'line': b'-- Up-to-date: /home/user/celluleflexible_en_cours_ROS2/ros_ws/install/commande_locale/include/commande_locale/commande_locale/srv/detail/srv_fin_init__description.c\n'}
[0.793908] (commande_locale) StdoutLine: {'line': b'-- Up-to-date: /home/user/celluleflexible_en_cours_ROS2/ros_ws/install/commande_locale/include/commande_locale/commande_locale/srv/detail/srv_add_product_push_back__type_support.h\n'}
[0.793930] (commande_locale) StdoutLine: {'line': b'-- Up-to-date: /home/user/celluleflexible_en_cours_ROS2/ros_ws/install/commande_locale/include/commande_locale/commande_locale/srv/detail/srv_fin_init__struct.h\n'}
[0.793951] (commande_locale) StdoutLine: {'line': b'-- Up-to-date: /home/user/celluleflexible_en_cours_ROS2/ros_ws/install/commande_locale/include/commande_locale/commande_locale/srv/detail/srv_add_product_push_back__functions.c\n'}
[0.793973] (commande_locale) StdoutLine: {'line': b'-- Up-to-date: /home/user/celluleflexible_en_cours_ROS2/ros_ws/install/commande_locale/include/commande_locale/commande_locale/srv/detail/srv_add_product__functions.h\n'}
[0.793994] (commande_locale) StdoutLine: {'line': b'-- Up-to-date: /home/user/celluleflexible_en_cours_ROS2/ros_ws/install/commande_locale/share/commande_locale/environment/library_path.sh\n'}
[0.794013] (commande_locale) StdoutLine: {'line': b'-- Up-to-date: /home/user/celluleflexible_en_cours_ROS2/ros_ws/install/commande_locale/share/commande_locale/environment/library_path.dsv\n'}
[0.794034] (commande_locale) StdoutLine: {'line': b'-- Up-to-date: /home/user/celluleflexible_en_cours_ROS2/ros_ws/install/commande_locale/lib/libcommande_locale__rosidl_generator_c.so\n'}
[0.794054] (commande_locale) StdoutLine: {'line': b'-- Up-to-date: /home/user/celluleflexible_en_cours_ROS2/ros_ws/install/commande_locale/include/commande_locale/commande_locale\n'}
[0.794075] (commande_locale) StdoutLine: {'line': b'-- Up-to-date: /home/user/celluleflexible_en_cours_ROS2/ros_ws/install/commande_locale/include/commande_locale/commande_locale/msg\n'}
[0.794096] (commande_locale) StdoutLine: {'line': b'-- Up-to-date: /home/user/celluleflexible_en_cours_ROS2/ros_ws/install/commande_locale/include/commande_locale/commande_locale/msg/rosidl_typesupport_fastrtps_c__visibility_control.h\n'}
[0.794118] (commande_locale) StdoutLine: {'line': b'-- Up-to-date: /home/user/celluleflexible_en_cours_ROS2/ros_ws/install/commande_locale/include/commande_locale/commande_locale/msg/detail\n'}
[0.794139] (commande_locale) StdoutLine: {'line': b'-- Up-to-date: /home/user/celluleflexible_en_cours_ROS2/ros_ws/install/commande_locale/include/commande_locale/commande_locale/msg/detail/msg_erreur__rosidl_typesupport_fastrtps_c.h\n'}
[0.794159] (commande_locale) StdoutLine: {'line': b'-- Up-to-date: /home/user/celluleflexible_en_cours_ROS2/ros_ws/install/commande_locale/include/commande_locale/commande_locale/msg/detail/msg_color__rosidl_typesupport_fastrtps_c.h\n'}
[0.794182] (commande_locale) StdoutLine: {'line': b'-- Up-to-date: /home/user/celluleflexible_en_cours_ROS2/ros_ws/install/commande_locale/include/commande_locale/commande_locale/msg/detail/msg_choix_mode__rosidl_typesupport_fastrtps_c.h\n'}
[0.794237] (commande_locale) StdoutLine: {'line': b'-- Up-to-date: /home/user/celluleflexible_en_cours_ROS2/ros_ws/install/commande_locale/include/commande_locale/commande_locale/msg/detail/tache_finie_msg__rosidl_typesupport_fastrtps_c.h\n'}
[0.794266] (commande_locale) StdoutLine: {'line': b'-- Up-to-date: /home/user/celluleflexible_en_cours_ROS2/ros_ws/install/commande_locale/include/commande_locale/commande_locale/msg/detail/robot_joints__rosidl_typesupport_fastrtps_c.h\n'}
[0.794291] (commande_locale) StdoutLine: {'line': b'-- Up-to-date: /home/user/celluleflexible_en_cours_ROS2/ros_ws/install/commande_locale/include/commande_locale/commande_locale/msg/detail/msg_add_product__rosidl_typesupport_fastrtps_c.h\n'}
[0.794313] (commande_locale) StdoutLine: {'line': b'-- Up-to-date: /home/user/celluleflexible_en_cours_ROS2/ros_ws/install/commande_locale/include/commande_locale/commande_locale/msg/detail/deplacer_piece_msg__rosidl_typesupport_fastrtps_c.h\n'}
[0.794334] (commande_locale) StdoutLine: {'line': b'-- Up-to-date: /home/user/celluleflexible_en_cours_ROS2/ros_ws/install/commande_locale/include/commande_locale/commande_locale/msg/detail/msg_pin_control__rosidl_typesupport_fastrtps_c.h\n'}
[0.794355] (commande_locale) StdoutLine: {'line': b'-- Up-to-date: /home/user/celluleflexible_en_cours_ROS2/ros_ws/install/commande_locale/include/commande_locale/commande_locale/msg/detail/msg_stop_control__rosidl_typesupport_fastrtps_c.h\n'}
[0.794375] (commande_locale) StdoutLine: {'line': b'-- Up-to-date: /home/user/celluleflexible_en_cours_ROS2/ros_ws/install/commande_locale/include/commande_locale/commande_locale/msg/detail/msg_switch_control__rosidl_typesupport_fastrtps_c.h\n'}
[0.794396] (commande_locale) StdoutLine: {'line': b'-- Up-to-date: /home/user/celluleflexible_en_cours_ROS2/ros_ws/install/commande_locale/include/commande_locale/commande_locale/srv\n'}
[0.794416] (commande_locale) StdoutLine: {'line': b'-- Up-to-date: /home/user/celluleflexible_en_cours_ROS2/ros_ws/install/commande_locale/include/commande_locale/commande_locale/srv/detail\n'}
[0.794437] (commande_locale) StdoutLine: {'line': b'-- Up-to-date: /home/user/celluleflexible_en_cours_ROS2/ros_ws/install/commande_locale/include/commande_locale/commande_locale/srv/detail/srv_add_product_push_back__rosidl_typesupport_fastrtps_c.h\n'}
[0.794459] (commande_locale) StdoutLine: {'line': b'-- Up-to-date: /home/user/celluleflexible_en_cours_ROS2/ros_ws/install/commande_locale/include/commande_locale/commande_locale/srv/detail/srv_add_product__rosidl_typesupport_fastrtps_c.h\n'}
[0.794570] (commande_locale) StdoutLine: {'line': b'-- Up-to-date: /home/user/celluleflexible_en_cours_ROS2/ros_ws/install/commande_locale/include/commande_locale/commande_locale/srv/detail/srv_fin_init__rosidl_typesupport_fastrtps_c.h\n'}
[0.794597] (commande_locale) StdoutLine: {'line': b'-- Up-to-date: /home/user/celluleflexible_en_cours_ROS2/ros_ws/install/commande_locale/lib/libcommande_locale__rosidl_typesupport_fastrtps_c.so\n'}
[0.794619] (commande_locale) StdoutLine: {'line': b'-- Up-to-date: /home/user/celluleflexible_en_cours_ROS2/ros_ws/install/commande_locale/include/commande_locale/commande_locale\n'}
[0.794641] (commande_locale) StdoutLine: {'line': b'-- Up-to-date: /home/user/celluleflexible_en_cours_ROS2/ros_ws/install/commande_locale/include/commande_locale/commande_locale/msg\n'}
[0.794663] (commande_locale) StdoutLine: {'line': b'-- Up-to-date: /home/user/celluleflexible_en_cours_ROS2/ros_ws/install/commande_locale/include/commande_locale/commande_locale/msg/deplacer_piece_msg.hpp\n'}
[0.794684] (commande_locale) StdoutLine: {'line': b'-- Up-to-date: /home/user/celluleflexible_en_cours_ROS2/ros_ws/install/commande_locale/include/commande_locale/commande_locale/msg/msg_color.hpp\n'}
[0.794777] (commande_locale) StdoutLine: {'line': b'-- Up-to-date: /home/user/celluleflexible_en_cours_ROS2/ros_ws/install/commande_locale/include/commande_locale/commande_locale/msg/msg_pin_control.hpp\n'}
[0.795857] (commande_locale) StdoutLine: {'line': b'-- Up-to-date: /home/user/celluleflexible_en_cours_ROS2/ros_ws/install/commande_locale/include/commande_locale/commande_locale/msg/msg_switch_control.hpp\n'}
[0.795985] (commande_locale) StdoutLine: {'line': b'-- Up-to-date: /home/user/celluleflexible_en_cours_ROS2/ros_ws/install/commande_locale/include/commande_locale/commande_locale/msg/rosidl_generator_cpp__visibility_control.hpp\n'}
[0.796023] (commande_locale) StdoutLine: {'line': b'-- Up-to-date: /home/user/celluleflexible_en_cours_ROS2/ros_ws/install/commande_locale/include/commande_locale/commande_locale/msg/msg_stop_control.hpp\n'}
[0.796052] (commande_locale) StdoutLine: {'line': b'-- Up-to-date: /home/user/celluleflexible_en_cours_ROS2/ros_ws/install/commande_locale/include/commande_locale/commande_locale/msg/msg_choix_mode.hpp\n'}
[0.796080] (commande_locale) StdoutLine: {'line': b'-- Up-to-date: /home/user/celluleflexible_en_cours_ROS2/ros_ws/install/commande_locale/include/commande_locale/commande_locale/msg/robot_joints.hpp\n'}
[0.796105] (commande_locale) StdoutLine: {'line': b'-- Up-to-date: /home/user/celluleflexible_en_cours_ROS2/ros_ws/install/commande_locale/include/commande_locale/commande_locale/msg/tache_finie_msg.hpp\n'}
[0.796132] (commande_locale) StdoutLine: {'line': b'-- Up-to-date: /home/user/celluleflexible_en_cours_ROS2/ros_ws/install/commande_locale/include/commande_locale/commande_locale/msg/msg_add_product.hpp\n'}
[0.796155] (commande_locale) StdoutLine: {'line': b'-- Up-to-date: /home/user/celluleflexible_en_cours_ROS2/ros_ws/install/commande_locale/include/commande_locale/commande_locale/msg/detail\n'}
[0.796178] (commande_locale) StdoutLine: {'line': b'-- Up-to-date: /home/user/celluleflexible_en_cours_ROS2/ros_ws/install/commande_locale/include/commande_locale/commande_locale/msg/detail/msg_choix_mode__struct.hpp\n'}
[0.796200] (commande_locale) StdoutLine: {'line': b'-- Up-to-date: /home/user/celluleflexible_en_cours_ROS2/ros_ws/install/commande_locale/include/commande_locale/commande_locale/msg/detail/robot_joints__type_support.hpp\n'}
[0.796222] (commande_locale) StdoutLine: {'line': b'-- Up-to-date: /home/user/celluleflexible_en_cours_ROS2/ros_ws/install/commande_locale/include/commande_locale/commande_locale/msg/detail/msg_add_product__struct.hpp\n'}
[0.796244] (commande_locale) StdoutLine: {'line': b'-- Up-to-date: /home/user/celluleflexible_en_cours_ROS2/ros_ws/install/commande_locale/include/commande_locale/commande_locale/msg/detail/tache_finie_msg__struct.hpp\n'}
[0.796266] (commande_locale) StdoutLine: {'line': b'-- Up-to-date: /home/user/celluleflexible_en_cours_ROS2/ros_ws/install/commande_locale/include/commande_locale/commande_locale/msg/detail/robot_joints__builder.hpp\n'}
[0.796288] (commande_locale) StdoutLine: {'line': b'-- Up-to-date: /home/user/celluleflexible_en_cours_ROS2/ros_ws/install/commande_locale/include/commande_locale/commande_locale/msg/detail/msg_switch_control__struct.hpp\n'}
[0.796310] (commande_locale) StdoutLine: {'line': b'-- Up-to-date: /home/user/celluleflexible_en_cours_ROS2/ros_ws/install/commande_locale/include/commande_locale/commande_locale/msg/detail/msg_stop_control__traits.hpp\n'}
[0.796331] (commande_locale) StdoutLine: {'line': b'-- Up-to-date: /home/user/celluleflexible_en_cours_ROS2/ros_ws/install/commande_locale/include/commande_locale/commande_locale/msg/detail/msg_color__traits.hpp\n'}
[0.796352] (commande_locale) StdoutLine: {'line': b'-- Up-to-date: /home/user/celluleflexible_en_cours_ROS2/ros_ws/install/commande_locale/include/commande_locale/commande_locale/msg/detail/tache_finie_msg__type_support.hpp\n'}
[0.796375] (commande_locale) StdoutLine: {'line': b'-- Up-to-date: /home/user/celluleflexible_en_cours_ROS2/ros_ws/install/commande_locale/include/commande_locale/commande_locale/msg/detail/msg_pin_control__builder.hpp\n'}
[0.796396] (commande_locale) StdoutLine: {'line': b'-- Up-to-date: /home/user/celluleflexible_en_cours_ROS2/ros_ws/install/commande_locale/include/commande_locale/commande_locale/msg/detail/msg_switch_control__traits.hpp\n'}
[0.796417] (commande_locale) StdoutLine: {'line': b'-- Up-to-date: /home/user/celluleflexible_en_cours_ROS2/ros_ws/install/commande_locale/include/commande_locale/commande_locale/msg/detail/deplacer_piece_msg__builder.hpp\n'}
[0.796438] (commande_locale) StdoutLine: {'line': b'-- Up-to-date: /home/user/celluleflexible_en_cours_ROS2/ros_ws/install/commande_locale/include/commande_locale/commande_locale/msg/detail/msg_erreur__traits.hpp\n'}
[0.796460] (commande_locale) StdoutLine: {'line': b'-- Up-to-date: /home/user/celluleflexible_en_cours_ROS2/ros_ws/install/commande_locale/include/commande_locale/commande_locale/msg/detail/msg_add_product__builder.hpp\n'}
[0.796480] (commande_locale) StdoutLine: {'line': b'-- Up-to-date: /home/user/celluleflexible_en_cours_ROS2/ros_ws/install/commande_locale/include/commande_locale/commande_locale/msg/detail/msg_stop_control__struct.hpp\n'}
[0.796501] (commande_locale) StdoutLine: {'line': b'-- Up-to-date: /home/user/celluleflexible_en_cours_ROS2/ros_ws/install/commande_locale/include/commande_locale/commande_locale/msg/detail/tache_finie_msg__traits.hpp\n'}
[0.796522] (commande_locale) StdoutLine: {'line': b'-- Up-to-date: /home/user/celluleflexible_en_cours_ROS2/ros_ws/install/commande_locale/include/commande_locale/commande_locale/msg/detail/msg_choix_mode__traits.hpp\n'}
[0.796543] (commande_locale) StdoutLine: {'line': b'-- Up-to-date: /home/user/celluleflexible_en_cours_ROS2/ros_ws/install/commande_locale/include/commande_locale/commande_locale/msg/detail/msg_choix_mode__builder.hpp\n'}
[0.796563] (commande_locale) StdoutLine: {'line': b'-- Up-to-date: /home/user/celluleflexible_en_cours_ROS2/ros_ws/install/commande_locale/include/commande_locale/commande_locale/msg/detail/msg_erreur__struct.hpp\n'}
[0.796583] (commande_locale) StdoutLine: {'line': b'-- Up-to-date: /home/user/celluleflexible_en_cours_ROS2/ros_ws/install/commande_locale/include/commande_locale/commande_locale/msg/detail/msg_color__builder.hpp\n'}
[0.796605] (commande_locale) StdoutLine: {'line': b'-- Up-to-date: /home/user/celluleflexible_en_cours_ROS2/ros_ws/install/commande_locale/include/commande_locale/commande_locale/msg/detail/msg_erreur__type_support.hpp\n'}
[0.796625] (commande_locale) StdoutLine: {'line': b'-- Up-to-date: /home/user/celluleflexible_en_cours_ROS2/ros_ws/install/commande_locale/include/commande_locale/commande_locale/msg/detail/msg_add_product__type_support.hpp\n'}
[0.796646] (commande_locale) StdoutLine: {'line': b'-- Up-to-date: /home/user/celluleflexible_en_cours_ROS2/ros_ws/install/commande_locale/include/commande_locale/commande_locale/msg/detail/deplacer_piece_msg__traits.hpp\n'}
[0.796671] (commande_locale) StdoutLine: {'line': b'-- Up-to-date: /home/user/celluleflexible_en_cours_ROS2/ros_ws/install/commande_locale/include/commande_locale/commande_locale/msg/detail/deplacer_piece_msg__type_support.hpp\n'}
[0.796692] (commande_locale) StdoutLine: {'line': b'-- Up-to-date: /home/user/celluleflexible_en_cours_ROS2/ros_ws/install/commande_locale/include/commande_locale/commande_locale/msg/detail/msg_pin_control__struct.hpp\n'}
[0.796712] (commande_locale) StdoutLine: {'line': b'-- Up-to-date: /home/user/celluleflexible_en_cours_ROS2/ros_ws/install/commande_locale/include/commande_locale/commande_locale/msg/detail/robot_joints__struct.hpp\n'}
[0.796732] (commande_locale) StdoutLine: {'line': b'-- Up-to-date: /home/user/celluleflexible_en_cours_ROS2/ros_ws/install/commande_locale/include/commande_locale/commande_locale/msg/detail/deplacer_piece_msg__struct.hpp\n'}
[0.796752] (commande_locale) StdoutLine: {'line': b'-- Up-to-date: /home/user/celluleflexible_en_cours_ROS2/ros_ws/install/commande_locale/include/commande_locale/commande_locale/msg/detail/tache_finie_msg__builder.hpp\n'}
[0.796772] (commande_locale) StdoutLine: {'line': b'-- Up-to-date: /home/user/celluleflexible_en_cours_ROS2/ros_ws/install/commande_locale/include/commande_locale/commande_locale/msg/detail/msg_erreur__builder.hpp\n'}
[0.796792] (commande_locale) StdoutLine: {'line': b'-- Up-to-date: /home/user/celluleflexible_en_cours_ROS2/ros_ws/install/commande_locale/include/commande_locale/commande_locale/msg/detail/msg_switch_control__type_support.hpp\n'}
[0.796812] (commande_locale) StdoutLine: {'line': b'-- Up-to-date: /home/user/celluleflexible_en_cours_ROS2/ros_ws/install/commande_locale/include/commande_locale/commande_locale/msg/detail/robot_joints__traits.hpp\n'}
[0.796922] (commande_locale) StdoutLine: {'line': b'-- Up-to-date: /home/user/celluleflexible_en_cours_ROS2/ros_ws/install/commande_locale/include/commande_locale/commande_locale/msg/detail/msg_pin_control__traits.hpp\n'}
[0.796950] (commande_locale) StdoutLine: {'line': b'-- Up-to-date: /home/user/celluleflexible_en_cours_ROS2/ros_ws/install/commande_locale/include/commande_locale/commande_locale/msg/detail/msg_add_product__traits.hpp\n'}
[0.796973] (commande_locale) StdoutLine: {'line': b'-- Up-to-date: /home/user/celluleflexible_en_cours_ROS2/ros_ws/install/commande_locale/include/commande_locale/commande_locale/msg/detail/msg_choix_mode__type_support.hpp\n'}
[0.796995] (commande_locale) StdoutLine: {'line': b'-- Up-to-date: /home/user/celluleflexible_en_cours_ROS2/ros_ws/install/commande_locale/include/commande_locale/commande_locale/msg/detail/msg_stop_control__type_support.hpp\n'}
[0.797017] (commande_locale) StdoutLine: {'line': b'-- Up-to-date: /home/user/celluleflexible_en_cours_ROS2/ros_ws/install/commande_locale/include/commande_locale/commande_locale/msg/detail/msg_switch_control__builder.hpp\n'}
[0.797040] (commande_locale) StdoutLine: {'line': b'-- Up-to-date: /home/user/celluleflexible_en_cours_ROS2/ros_ws/install/commande_locale/include/commande_locale/commande_locale/msg/detail/msg_stop_control__builder.hpp\n'}
[0.797061] (commande_locale) StdoutLine: {'line': b'-- Up-to-date: /home/user/celluleflexible_en_cours_ROS2/ros_ws/install/commande_locale/include/commande_locale/commande_locale/msg/detail/msg_color__type_support.hpp\n'}
[0.797082] (commande_locale) StdoutLine: {'line': b'-- Up-to-date: /home/user/celluleflexible_en_cours_ROS2/ros_ws/install/commande_locale/include/commande_locale/commande_locale/msg/detail/msg_pin_control__type_support.hpp\n'}
[0.797102] (commande_locale) StdoutLine: {'line': b'-- Up-to-date: /home/user/celluleflexible_en_cours_ROS2/ros_ws/install/commande_locale/include/commande_locale/commande_locale/msg/detail/msg_color__struct.hpp\n'}
[0.797121] (commande_locale) StdoutLine: {'line': b'-- Up-to-date: /home/user/celluleflexible_en_cours_ROS2/ros_ws/install/commande_locale/include/commande_locale/commande_locale/msg/msg_erreur.hpp\n'}
[0.797141] (commande_locale) StdoutLine: {'line': b'-- Up-to-date: /home/user/celluleflexible_en_cours_ROS2/ros_ws/install/commande_locale/include/commande_locale/commande_locale/srv\n'}
[0.797160] (commande_locale) StdoutLine: {'line': b'-- Up-to-date: /home/user/celluleflexible_en_cours_ROS2/ros_ws/install/commande_locale/include/commande_locale/commande_locale/srv/srv_add_product.hpp\n'}
[0.797181] (commande_locale) StdoutLine: {'line': b'-- Up-to-date: /home/user/celluleflexible_en_cours_ROS2/ros_ws/install/commande_locale/include/commande_locale/commande_locale/srv/srv_add_product_push_back.hpp\n'}
[0.797200] (commande_locale) StdoutLine: {'line': b'-- Up-to-date: /home/user/celluleflexible_en_cours_ROS2/ros_ws/install/commande_locale/include/commande_locale/commande_locale/srv/srv_fin_init.hpp\n'}
[0.797220] (commande_locale) StdoutLine: {'line': b'-- Up-to-date: /home/user/celluleflexible_en_cours_ROS2/ros_ws/install/commande_locale/include/commande_locale/commande_locale/srv/detail\n'}
[0.797240] (commande_locale) StdoutLine: {'line': b'-- Up-to-date: /home/user/celluleflexible_en_cours_ROS2/ros_ws/install/commande_locale/include/commande_locale/commande_locale/srv/detail/srv_add_product_push_back__builder.hpp\n'}
[0.797260] (commande_locale) StdoutLine: {'line': b'-- Up-to-date: /home/user/celluleflexible_en_cours_ROS2/ros_ws/install/commande_locale/include/commande_locale/commande_locale/srv/detail/srv_fin_init__builder.hpp\n'}
[0.797283] (commande_locale) StdoutLine: {'line': b'-- Up-to-date: /home/user/celluleflexible_en_cours_ROS2/ros_ws/install/commande_locale/include/commande_locale/commande_locale/srv/detail/srv_add_product__struct.hpp\n'}
[0.797303] (commande_locale) StdoutLine: {'line': b'-- Up-to-date: /home/user/celluleflexible_en_cours_ROS2/ros_ws/install/commande_locale/include/commande_locale/commande_locale/srv/detail/srv_fin_init__traits.hpp\n'}
[0.797324] (commande_locale) StdoutLine: {'line': b'-- Up-to-date: /home/user/celluleflexible_en_cours_ROS2/ros_ws/install/commande_locale/include/commande_locale/commande_locale/srv/detail/srv_add_product__type_support.hpp\n'}
[0.797345] (commande_locale) StdoutLine: {'line': b'-- Up-to-date: /home/user/celluleflexible_en_cours_ROS2/ros_ws/install/commande_locale/include/commande_locale/commande_locale/srv/detail/srv_add_product_push_back__struct.hpp\n'}
[0.797365] (commande_locale) StdoutLine: {'line': b'-- Up-to-date: /home/user/celluleflexible_en_cours_ROS2/ros_ws/install/commande_locale/include/commande_locale/commande_locale/srv/detail/srv_add_product_push_back__traits.hpp\n'}
[0.797384] (commande_locale) StdoutLine: {'line': b'-- Up-to-date: /home/user/celluleflexible_en_cours_ROS2/ros_ws/install/commande_locale/include/commande_locale/commande_locale/srv/detail/srv_fin_init__type_support.hpp\n'}
[0.797404] (commande_locale) StdoutLine: {'line': b'-- Up-to-date: /home/user/celluleflexible_en_cours_ROS2/ros_ws/install/commande_locale/include/commande_locale/commande_locale/srv/detail/srv_add_product__builder.hpp\n'}
[0.797424] (commande_locale) StdoutLine: {'line': b'-- Up-to-date: /home/user/celluleflexible_en_cours_ROS2/ros_ws/install/commande_locale/include/commande_locale/commande_locale/srv/detail/srv_fin_init__struct.hpp\n'}
[0.797445] (commande_locale) StdoutLine: {'line': b'-- Up-to-date: /home/user/celluleflexible_en_cours_ROS2/ros_ws/install/commande_locale/include/commande_locale/commande_locale/srv/detail/srv_add_product__traits.hpp\n'}
[0.797465] (commande_locale) StdoutLine: {'line': b'-- Up-to-date: /home/user/celluleflexible_en_cours_ROS2/ros_ws/install/commande_locale/include/commande_locale/commande_locale/srv/detail/srv_add_product_push_back__type_support.hpp\n'}
[0.797485] (commande_locale) StdoutLine: {'line': b'-- Up-to-date: /home/user/celluleflexible_en_cours_ROS2/ros_ws/install/commande_locale/include/commande_locale/commande_locale\n'}
[0.797518] (commande_locale) StdoutLine: {'line': b'-- Up-to-date: /home/user/celluleflexible_en_cours_ROS2/ros_ws/install/commande_locale/include/commande_locale/commande_locale/msg\n'}
[0.797549] (commande_locale) StdoutLine: {'line': b'-- Up-to-date: /home/user/celluleflexible_en_cours_ROS2/ros_ws/install/commande_locale/include/commande_locale/commande_locale/msg/detail\n'}
[0.797572] (commande_locale) StdoutLine: {'line': b'-- Up-to-date: /home/user/celluleflexible_en_cours_ROS2/ros_ws/install/commande_locale/include/commande_locale/commande_locale/msg/detail/msg_pin_control__rosidl_typesupport_fastrtps_cpp.hpp\n'}
[0.797595] (commande_locale) StdoutLine: {'line': b'-- Up-to-date: /home/user/celluleflexible_en_cours_ROS2/ros_ws/install/commande_locale/include/commande_locale/commande_locale/msg/detail/tache_finie_msg__rosidl_typesupport_fastrtps_cpp.hpp\n'}
[0.797617] (commande_locale) StdoutLine: {'line': b'-- Up-to-date: /home/user/celluleflexible_en_cours_ROS2/ros_ws/install/commande_locale/include/commande_locale/commande_locale/msg/detail/msg_switch_control__rosidl_typesupport_fastrtps_cpp.hpp\n'}
[0.797639] (commande_locale) StdoutLine: {'line': b'-- Up-to-date: /home/user/celluleflexible_en_cours_ROS2/ros_ws/install/commande_locale/include/commande_locale/commande_locale/msg/detail/dds_fastrtps\n'}
[0.797662] (commande_locale) StdoutLine: {'line': b'-- Up-to-date: /home/user/celluleflexible_en_cours_ROS2/ros_ws/install/commande_locale/include/commande_locale/commande_locale/msg/detail/msg_erreur__rosidl_typesupport_fastrtps_cpp.hpp\n'}
[0.797683] (commande_locale) StdoutLine: {'line': b'-- Up-to-date: /home/user/celluleflexible_en_cours_ROS2/ros_ws/install/commande_locale/include/commande_locale/commande_locale/msg/detail/robot_joints__rosidl_typesupport_fastrtps_cpp.hpp\n'}
[0.797705] (commande_locale) StdoutLine: {'line': b'-- Up-to-date: /home/user/celluleflexible_en_cours_ROS2/ros_ws/install/commande_locale/include/commande_locale/commande_locale/msg/detail/msg_add_product__rosidl_typesupport_fastrtps_cpp.hpp\n'}
[0.797728] (commande_locale) StdoutLine: {'line': b'-- Up-to-date: /home/user/celluleflexible_en_cours_ROS2/ros_ws/install/commande_locale/include/commande_locale/commande_locale/msg/detail/msg_stop_control__rosidl_typesupport_fastrtps_cpp.hpp\n'}
[0.797747] (commande_locale) StdoutLine: {'line': b'-- Up-to-date: /home/user/celluleflexible_en_cours_ROS2/ros_ws/install/commande_locale/include/commande_locale/commande_locale/msg/detail/msg_color__rosidl_typesupport_fastrtps_cpp.hpp\n'}
[0.797768] (commande_locale) StdoutLine: {'line': b'-- Up-to-date: /home/user/celluleflexible_en_cours_ROS2/ros_ws/install/commande_locale/include/commande_locale/commande_locale/msg/detail/msg_choix_mode__rosidl_typesupport_fastrtps_cpp.hpp\n'}
[0.797788] (commande_locale) StdoutLine: {'line': b'-- Up-to-date: /home/user/celluleflexible_en_cours_ROS2/ros_ws/install/commande_locale/include/commande_locale/commande_locale/msg/detail/deplacer_piece_msg__rosidl_typesupport_fastrtps_cpp.hpp\n'}
[0.797811] (commande_locale) StdoutLine: {'line': b'-- Up-to-date: /home/user/celluleflexible_en_cours_ROS2/ros_ws/install/commande_locale/include/commande_locale/commande_locale/msg/rosidl_typesupport_fastrtps_cpp__visibility_control.h\n'}
[0.797831] (commande_locale) StdoutLine: {'line': b'-- Up-to-date: /home/user/celluleflexible_en_cours_ROS2/ros_ws/install/commande_locale/include/commande_locale/commande_locale/srv\n'}
[0.797851] (commande_locale) StdoutLine: {'line': b'-- Up-to-date: /home/user/celluleflexible_en_cours_ROS2/ros_ws/install/commande_locale/include/commande_locale/commande_locale/srv/detail\n'}
[0.797871] (commande_locale) StdoutLine: {'line': b'-- Up-to-date: /home/user/celluleflexible_en_cours_ROS2/ros_ws/install/commande_locale/include/commande_locale/commande_locale/srv/detail/srv_fin_init__rosidl_typesupport_fastrtps_cpp.hpp\n'}
[0.797891] (commande_locale) StdoutLine: {'line': b'-- Up-to-date: /home/user/celluleflexible_en_cours_ROS2/ros_ws/install/commande_locale/include/commande_locale/commande_locale/srv/detail/srv_add_product__rosidl_typesupport_fastrtps_cpp.hpp\n'}
[0.797910] (commande_locale) StdoutLine: {'line': b'-- Up-to-date: /home/user/celluleflexible_en_cours_ROS2/ros_ws/install/commande_locale/include/commande_locale/commande_locale/srv/detail/srv_add_product_push_back__rosidl_typesupport_fastrtps_cpp.hpp\n'}
[0.797931] (commande_locale) StdoutLine: {'line': b'-- Up-to-date: /home/user/celluleflexible_en_cours_ROS2/ros_ws/install/commande_locale/include/commande_locale/commande_locale/srv/detail/dds_fastrtps\n'}
[0.797953] (commande_locale) StdoutLine: {'line': b'-- Up-to-date: /home/user/celluleflexible_en_cours_ROS2/ros_ws/install/commande_locale/lib/libcommande_locale__rosidl_typesupport_fastrtps_cpp.so\n'}
[0.797973] (commande_locale) StdoutLine: {'line': b'-- Up-to-date: /home/user/celluleflexible_en_cours_ROS2/ros_ws/install/commande_locale/include/commande_locale/commande_locale\n'}
[0.797993] (commande_locale) StdoutLine: {'line': b'-- Up-to-date: /home/user/celluleflexible_en_cours_ROS2/ros_ws/install/commande_locale/include/commande_locale/commande_locale/msg\n'}
[0.798012] (commande_locale) StdoutLine: {'line': b'-- Up-to-date: /home/user/celluleflexible_en_cours_ROS2/ros_ws/install/commande_locale/include/commande_locale/commande_locale/msg/rosidl_typesupport_introspection_c__visibility_control.h\n'}
[0.798033] (commande_locale) StdoutLine: {'line': b'-- Up-to-date: /home/user/celluleflexible_en_cours_ROS2/ros_ws/install/commande_locale/include/commande_locale/commande_locale/msg/detail\n'}
[0.798054] (commande_locale) StdoutLine: {'line': b'-- Up-to-date: /home/user/celluleflexible_en_cours_ROS2/ros_ws/install/commande_locale/include/commande_locale/commande_locale/msg/detail/msg_stop_control__rosidl_typesupport_introspection_c.h\n'}
[0.798075] (commande_locale) StdoutLine: {'line': b'-- Up-to-date: /home/user/celluleflexible_en_cours_ROS2/ros_ws/install/commande_locale/include/commande_locale/commande_locale/msg/detail/msg_color__rosidl_typesupport_introspection_c.h\n'}
[0.798098] (commande_locale) StdoutLine: {'line': b'-- Up-to-date: /home/user/celluleflexible_en_cours_ROS2/ros_ws/install/commande_locale/include/commande_locale/commande_locale/msg/detail/msg_add_product__rosidl_typesupport_introspection_c.h\n'}
[0.798120] (commande_locale) StdoutLine: {'line': b'-- Up-to-date: /home/user/celluleflexible_en_cours_ROS2/ros_ws/install/commande_locale/include/commande_locale/commande_locale/msg/detail/tache_finie_msg__rosidl_typesupport_introspection_c.h\n'}
[0.798140] (commande_locale) StdoutLine: {'line': b'-- Installing: /home/user/celluleflexible_en_cours_ROS2/ros_ws/install/commande_locale/include/commande_locale/commande_locale/msg/detail/msg_switch_control__type_support.c\n'}
[0.798161] (commande_locale) StdoutLine: {'line': b'-- Installing: /home/user/celluleflexible_en_cours_ROS2/ros_ws/install/commande_locale/include/commande_locale/commande_locale/msg/detail/msg_stop_control__type_support.c\n'}
[0.798181] (commande_locale) StdoutLine: {'line': b'-- Up-to-date: /home/user/celluleflexible_en_cours_ROS2/ros_ws/install/commande_locale/include/commande_locale/commande_locale/msg/detail/deplacer_piece_msg__type_support.c\n'}
[0.798202] (commande_locale) StdoutLine: {'line': b'-- Up-to-date: /home/user/celluleflexible_en_cours_ROS2/ros_ws/install/commande_locale/include/commande_locale/commande_locale/msg/detail/msg_pin_control__rosidl_typesupport_introspection_c.h\n'}
[0.798223] (commande_locale) StdoutLine: {'line': b'-- Up-to-date: /home/user/celluleflexible_en_cours_ROS2/ros_ws/install/commande_locale/include/commande_locale/commande_locale/msg/detail/deplacer_piece_msg__rosidl_typesupport_introspection_c.h\n'}
[0.798244] (commande_locale) StdoutLine: {'line': b'-- Up-to-date: /home/user/celluleflexible_en_cours_ROS2/ros_ws/install/commande_locale/include/commande_locale/commande_locale/msg/detail/msg_switch_control__rosidl_typesupport_introspection_c.h\n'}
[0.798266] (commande_locale) StdoutLine: {'line': b'-- Up-to-date: /home/user/celluleflexible_en_cours_ROS2/ros_ws/install/commande_locale/include/commande_locale/commande_locale/msg/detail/robot_joints__rosidl_typesupport_introspection_c.h\n'}
[0.798286] (commande_locale) StdoutLine: {'line': b'-- Installing: /home/user/celluleflexible_en_cours_ROS2/ros_ws/install/commande_locale/include/commande_locale/commande_locale/msg/detail/msg_color__type_support.c\n'}
[0.798309] (commande_locale) StdoutLine: {'line': b'-- Installing: /home/user/celluleflexible_en_cours_ROS2/ros_ws/install/commande_locale/include/commande_locale/commande_locale/msg/detail/msg_add_product__type_support.c\n'}
[0.798329] (commande_locale) StdoutLine: {'line': b'-- Installing: /home/user/celluleflexible_en_cours_ROS2/ros_ws/install/commande_locale/include/commande_locale/commande_locale/msg/detail/msg_choix_mode__type_support.c\n'}
[0.798349] (commande_locale) StdoutLine: {'line': b'-- Up-to-date: /home/user/celluleflexible_en_cours_ROS2/ros_ws/install/commande_locale/include/commande_locale/commande_locale/msg/detail/msg_choix_mode__rosidl_typesupport_introspection_c.h\n'}
[0.798368] (commande_locale) StdoutLine: {'line': b'-- Installing: /home/user/celluleflexible_en_cours_ROS2/ros_ws/install/commande_locale/include/commande_locale/commande_locale/msg/detail/robot_joints__type_support.c\n'}
[0.798388] (commande_locale) StdoutLine: {'line': b'-- Installing: /home/user/celluleflexible_en_cours_ROS2/ros_ws/install/commande_locale/include/commande_locale/commande_locale/msg/detail/msg_pin_control__type_support.c\n'}
[0.798409] (commande_locale) StdoutLine: {'line': b'-- Installing: /home/user/celluleflexible_en_cours_ROS2/ros_ws/install/commande_locale/include/commande_locale/commande_locale/msg/detail/msg_erreur__type_support.c\n'}
[0.798429] (commande_locale) StdoutLine: {'line': b'-- Installing: /home/user/celluleflexible_en_cours_ROS2/ros_ws/install/commande_locale/include/commande_locale/commande_locale/msg/detail/tache_finie_msg__type_support.c\n'}
[0.798448] (commande_locale) StdoutLine: {'line': b'-- Up-to-date: /home/user/celluleflexible_en_cours_ROS2/ros_ws/install/commande_locale/include/commande_locale/commande_locale/msg/detail/msg_erreur__rosidl_typesupport_introspection_c.h\n'}
[0.798468] (commande_locale) StdoutLine: {'line': b'-- Up-to-date: /home/user/celluleflexible_en_cours_ROS2/ros_ws/install/commande_locale/include/commande_locale/commande_locale/srv\n'}
[0.798487] (commande_locale) StdoutLine: {'line': b'-- Up-to-date: /home/user/celluleflexible_en_cours_ROS2/ros_ws/install/commande_locale/include/commande_locale/commande_locale/srv/detail\n'}
[0.798507] (commande_locale) StdoutLine: {'line': b'-- Installing: /home/user/celluleflexible_en_cours_ROS2/ros_ws/install/commande_locale/include/commande_locale/commande_locale/srv/detail/srv_add_product_push_back__type_support.c\n'}
[0.798527] (commande_locale) StdoutLine: {'line': b'-- Up-to-date: /home/user/celluleflexible_en_cours_ROS2/ros_ws/install/commande_locale/include/commande_locale/commande_locale/srv/detail/srv_fin_init__type_support.c\n'}
[0.798547] (commande_locale) StdoutLine: {'line': b'-- Up-to-date: /home/user/celluleflexible_en_cours_ROS2/ros_ws/install/commande_locale/include/commande_locale/commande_locale/srv/detail/srv_add_product_push_back__rosidl_typesupport_introspection_c.h\n'}
[0.798567] (commande_locale) StdoutLine: {'line': b'-- Up-to-date: /home/user/celluleflexible_en_cours_ROS2/ros_ws/install/commande_locale/include/commande_locale/commande_locale/srv/detail/srv_fin_init__rosidl_typesupport_introspection_c.h\n'}
[0.798587] (commande_locale) StdoutLine: {'line': b'-- Up-to-date: /home/user/celluleflexible_en_cours_ROS2/ros_ws/install/commande_locale/include/commande_locale/commande_locale/srv/detail/srv_add_product__rosidl_typesupport_introspection_c.h\n'}
[0.798607] (commande_locale) StdoutLine: {'line': b'-- Installing: /home/user/celluleflexible_en_cours_ROS2/ros_ws/install/commande_locale/include/commande_locale/commande_locale/srv/detail/srv_add_product__type_support.c\n'}
[0.798627] (commande_locale) StdoutLine: {'line': b'-- Up-to-date: /home/user/celluleflexible_en_cours_ROS2/ros_ws/install/commande_locale/lib/libcommande_locale__rosidl_typesupport_introspection_c.so\n'}
[0.798647] (commande_locale) StdoutLine: {'line': b'-- Up-to-date: /home/user/celluleflexible_en_cours_ROS2/ros_ws/install/commande_locale/lib/libcommande_locale__rosidl_typesupport_c.so\n'}
[0.798667] (commande_locale) StdoutLine: {'line': b'-- Up-to-date: /home/user/celluleflexible_en_cours_ROS2/ros_ws/install/commande_locale/include/commande_locale/commande_locale\n'}
[0.798687] (commande_locale) StdoutLine: {'line': b'-- Up-to-date: /home/user/celluleflexible_en_cours_ROS2/ros_ws/install/commande_locale/include/commande_locale/commande_locale/msg\n'}
[0.798706] (commande_locale) StdoutLine: {'line': b'-- Up-to-date: /home/user/celluleflexible_en_cours_ROS2/ros_ws/install/commande_locale/include/commande_locale/commande_locale/msg/detail\n'}
[0.798727] (commande_locale) StdoutLine: {'line': b'-- Up-to-date: /home/user/celluleflexible_en_cours_ROS2/ros_ws/install/commande_locale/include/commande_locale/commande_locale/msg/detail/msg_add_product__type_support.cpp\n'}
[0.798748] (commande_locale) StdoutLine: {'line': b'-- Up-to-date: /home/user/celluleflexible_en_cours_ROS2/ros_ws/install/commande_locale/include/commande_locale/commande_locale/msg/detail/msg_switch_control__rosidl_typesupport_introspection_cpp.hpp\n'}
[0.798770] (commande_locale) StdoutLine: {'line': b'-- Up-to-date: /home/user/celluleflexible_en_cours_ROS2/ros_ws/install/commande_locale/include/commande_locale/commande_locale/msg/detail/msg_pin_control__type_support.cpp\n'}
[0.798790] (commande_locale) StdoutLine: {'line': b'-- Up-to-date: /home/user/celluleflexible_en_cours_ROS2/ros_ws/install/commande_locale/include/commande_locale/commande_locale/msg/detail/msg_stop_control__rosidl_typesupport_introspection_cpp.hpp\n'}
[0.798813] (commande_locale) StdoutLine: {'line': b'-- Up-to-date: /home/user/celluleflexible_en_cours_ROS2/ros_ws/install/commande_locale/include/commande_locale/commande_locale/msg/detail/tache_finie_msg__type_support.cpp\n'}
[0.798835] (commande_locale) StdoutLine: {'line': b'-- Up-to-date: /home/user/celluleflexible_en_cours_ROS2/ros_ws/install/commande_locale/include/commande_locale/commande_locale/msg/detail/deplacer_piece_msg__rosidl_typesupport_introspection_cpp.hpp\n'}
[0.798855] (commande_locale) StdoutLine: {'line': b'-- Up-to-date: /home/user/celluleflexible_en_cours_ROS2/ros_ws/install/commande_locale/include/commande_locale/commande_locale/msg/detail/msg_stop_control__type_support.cpp\n'}
[0.798876] (commande_locale) StdoutLine: {'line': b'-- Up-to-date: /home/user/celluleflexible_en_cours_ROS2/ros_ws/install/commande_locale/include/commande_locale/commande_locale/msg/detail/msg_pin_control__rosidl_typesupport_introspection_cpp.hpp\n'}
[0.798897] (commande_locale) StdoutLine: {'line': b'-- Up-to-date: /home/user/celluleflexible_en_cours_ROS2/ros_ws/install/commande_locale/include/commande_locale/commande_locale/msg/detail/msg_erreur__type_support.cpp\n'}
[0.798916] (commande_locale) StdoutLine: {'line': b'-- Up-to-date: /home/user/celluleflexible_en_cours_ROS2/ros_ws/install/commande_locale/include/commande_locale/commande_locale/msg/detail/robot_joints__rosidl_typesupport_introspection_cpp.hpp\n'}
[0.798936] (commande_locale) StdoutLine: {'line': b'-- Up-to-date: /home/user/celluleflexible_en_cours_ROS2/ros_ws/install/commande_locale/include/commande_locale/commande_locale/msg/detail/msg_erreur__rosidl_typesupport_introspection_cpp.hpp\n'}
[0.798957] (commande_locale) StdoutLine: {'line': b'-- Up-to-date: /home/user/celluleflexible_en_cours_ROS2/ros_ws/install/commande_locale/include/commande_locale/commande_locale/msg/detail/msg_choix_mode__type_support.cpp\n'}
[0.798976] (commande_locale) StdoutLine: {'line': b'-- Up-to-date: /home/user/celluleflexible_en_cours_ROS2/ros_ws/install/commande_locale/include/commande_locale/commande_locale/msg/detail/msg_color__rosidl_typesupport_introspection_cpp.hpp\n'}
[0.798996] (commande_locale) StdoutLine: {'line': b'-- Up-to-date: /home/user/celluleflexible_en_cours_ROS2/ros_ws/install/commande_locale/include/commande_locale/commande_locale/msg/detail/msg_choix_mode__rosidl_typesupport_introspection_cpp.hpp\n'}
[0.799265] (commande_locale) StdoutLine: {'line': b'-- Up-to-date: /home/user/celluleflexible_en_cours_ROS2/ros_ws/install/commande_locale/include/commande_locale/commande_locale/msg/detail/deplacer_piece_msg__type_support.cpp\n'}
[0.799311] (commande_locale) StdoutLine: {'line': b'-- Up-to-date: /home/user/celluleflexible_en_cours_ROS2/ros_ws/install/commande_locale/include/commande_locale/commande_locale/msg/detail/msg_switch_control__type_support.cpp\n'}
[0.799339] (commande_locale) StdoutLine: {'line': b'-- Up-to-date: /home/user/celluleflexible_en_cours_ROS2/ros_ws/install/commande_locale/include/commande_locale/commande_locale/msg/detail/robot_joints__type_support.cpp\n'}
[0.799364] (commande_locale) StdoutLine: {'line': b'-- Up-to-date: /home/user/celluleflexible_en_cours_ROS2/ros_ws/install/commande_locale/include/commande_locale/commande_locale/msg/detail/tache_finie_msg__rosidl_typesupport_introspection_cpp.hpp\n'}
[0.799387] (commande_locale) StdoutLine: {'line': b'-- Up-to-date: /home/user/celluleflexible_en_cours_ROS2/ros_ws/install/commande_locale/include/commande_locale/commande_locale/msg/detail/msg_color__type_support.cpp\n'}
[0.799409] (commande_locale) StdoutLine: {'line': b'-- Up-to-date: /home/user/celluleflexible_en_cours_ROS2/ros_ws/install/commande_locale/include/commande_locale/commande_locale/msg/detail/msg_add_product__rosidl_typesupport_introspection_cpp.hpp\n'}
[0.799432] (commande_locale) StdoutLine: {'line': b'-- Up-to-date: /home/user/celluleflexible_en_cours_ROS2/ros_ws/install/commande_locale/include/commande_locale/commande_locale/srv\n'}
[0.799454] (commande_locale) StdoutLine: {'line': b'-- Up-to-date: /home/user/celluleflexible_en_cours_ROS2/ros_ws/install/commande_locale/include/commande_locale/commande_locale/srv/detail\n'}
[0.799475] (commande_locale) StdoutLine: {'line': b'-- Up-to-date: /home/user/celluleflexible_en_cours_ROS2/ros_ws/install/commande_locale/include/commande_locale/commande_locale/srv/detail/srv_add_product_push_back__rosidl_typesupport_introspection_cpp.hpp\n'}
[0.799501] (commande_locale) StdoutLine: {'line': b'-- Up-to-date: /home/user/celluleflexible_en_cours_ROS2/ros_ws/install/commande_locale/include/commande_locale/commande_locale/srv/detail/srv_add_product__type_support.cpp\n'}
[0.799523] (commande_locale) StdoutLine: {'line': b'-- Up-to-date: /home/user/celluleflexible_en_cours_ROS2/ros_ws/install/commande_locale/include/commande_locale/commande_locale/srv/detail/srv_add_product__rosidl_typesupport_introspection_cpp.hpp\n'}
[0.799543] (commande_locale) StdoutLine: {'line': b'-- Up-to-date: /home/user/celluleflexible_en_cours_ROS2/ros_ws/install/commande_locale/include/commande_locale/commande_locale/srv/detail/srv_fin_init__rosidl_typesupport_introspection_cpp.hpp\n'}
[0.799567] (commande_locale) StdoutLine: {'line': b'-- Up-to-date: /home/user/celluleflexible_en_cours_ROS2/ros_ws/install/commande_locale/include/commande_locale/commande_locale/srv/detail/srv_add_product_push_back__type_support.cpp\n'}
[0.799588] (commande_locale) StdoutLine: {'line': b'-- Up-to-date: /home/user/celluleflexible_en_cours_ROS2/ros_ws/install/commande_locale/include/commande_locale/commande_locale/srv/detail/srv_fin_init__type_support.cpp\n'}
[0.799608] (commande_locale) StdoutLine: {'line': b'-- Up-to-date: /home/user/celluleflexible_en_cours_ROS2/ros_ws/install/commande_locale/lib/libcommande_locale__rosidl_typesupport_introspection_cpp.so\n'}
[0.799631] (commande_locale) StdoutLine: {'line': b'-- Up-to-date: /home/user/celluleflexible_en_cours_ROS2/ros_ws/install/commande_locale/lib/libcommande_locale__rosidl_typesupport_cpp.so\n'}
[0.799652] (commande_locale) StdoutLine: {'line': b'-- Up-to-date: /home/user/celluleflexible_en_cours_ROS2/ros_ws/install/commande_locale/share/commande_locale/environment/pythonpath.sh\n'}
[0.799672] (commande_locale) StdoutLine: {'line': b'-- Up-to-date: /home/user/celluleflexible_en_cours_ROS2/ros_ws/install/commande_locale/share/commande_locale/environment/pythonpath.dsv\n'}
[0.799693] (commande_locale) StdoutLine: {'line': b'-- Up-to-date: /home/user/celluleflexible_en_cours_ROS2/ros_ws/install/commande_locale/lib/python3.12/site-packages/commande_locale-3.1.2-py3.12.egg-info\n'}
[0.799713] (commande_locale) StdoutLine: {'line': b'-- Installing: /home/user/celluleflexible_en_cours_ROS2/ros_ws/install/commande_locale/lib/python3.12/site-packages/commande_locale-3.1.2-py3.12.egg-info/SOURCES.txt\n'}
[0.799734] (commande_locale) StdoutLine: {'line': b'-- Installing: /home/user/celluleflexible_en_cours_ROS2/ros_ws/install/commande_locale/lib/python3.12/site-packages/commande_locale-3.1.2-py3.12.egg-info/top_level.txt\n'}
[0.799755] (commande_locale) StdoutLine: {'line': b'-- Installing: /home/user/celluleflexible_en_cours_ROS2/ros_ws/install/commande_locale/lib/python3.12/site-packages/commande_locale-3.1.2-py3.12.egg-info/PKG-INFO\n'}
[0.799775] (commande_locale) StdoutLine: {'line': b'-- Installing: /home/user/celluleflexible_en_cours_ROS2/ros_ws/install/commande_locale/lib/python3.12/site-packages/commande_locale-3.1.2-py3.12.egg-info/dependency_links.txt\n'}
[0.799796] (commande_locale) StdoutLine: {'line': b'-- Up-to-date: /home/user/celluleflexible_en_cours_ROS2/ros_ws/install/commande_locale/lib/python3.12/site-packages/commande_locale\n'}
[0.799817] (commande_locale) StdoutLine: {'line': b'-- Up-to-date: /home/user/celluleflexible_en_cours_ROS2/ros_ws/install/commande_locale/lib/python3.12/site-packages/commande_locale/msg\n'}
[0.799837] (commande_locale) StdoutLine: {'line': b'-- Up-to-date: /home/user/celluleflexible_en_cours_ROS2/ros_ws/install/commande_locale/lib/python3.12/site-packages/commande_locale/msg/_deplacer_piece_msg.py\n'}
[0.799858] (commande_locale) StdoutLine: {'line': b'-- Up-to-date: /home/user/celluleflexible_en_cours_ROS2/ros_ws/install/commande_locale/lib/python3.12/site-packages/commande_locale/msg/_msg_color_s.c\n'}
[0.799902] (commande_locale) StdoutLine: {'line': b'-- Up-to-date: /home/user/celluleflexible_en_cours_ROS2/ros_ws/install/commande_locale/lib/python3.12/site-packages/commande_locale/msg/_tache_finie_msg_s.c\n'}
[0.799929] (commande_locale) StdoutLine: {'line': b'-- Up-to-date: /home/user/celluleflexible_en_cours_ROS2/ros_ws/install/commande_locale/lib/python3.12/site-packages/commande_locale/msg/_msg_color.py\n'}
[0.799951] (commande_locale) StdoutLine: {'line': b'-- Up-to-date: /home/user/celluleflexible_en_cours_ROS2/ros_ws/install/commande_locale/lib/python3.12/site-packages/commande_locale/msg/_msg_stop_control.py\n'}
[0.799972] (commande_locale) StdoutLine: {'line': b'-- Up-to-date: /home/user/celluleflexible_en_cours_ROS2/ros_ws/install/commande_locale/lib/python3.12/site-packages/commande_locale/msg/_msg_erreur.py\n'}
[0.799993] (commande_locale) StdoutLine: {'line': b'-- Up-to-date: /home/user/celluleflexible_en_cours_ROS2/ros_ws/install/commande_locale/lib/python3.12/site-packages/commande_locale/msg/_msg_choix_mode_s.c\n'}
[0.800014] (commande_locale) StdoutLine: {'line': b'-- Up-to-date: /home/user/celluleflexible_en_cours_ROS2/ros_ws/install/commande_locale/lib/python3.12/site-packages/commande_locale/msg/__init__.py\n'}
[0.800035] (commande_locale) StdoutLine: {'line': b'-- Up-to-date: /home/user/celluleflexible_en_cours_ROS2/ros_ws/install/commande_locale/lib/python3.12/site-packages/commande_locale/msg/_msg_add_product_s.c\n'}
[0.800054] (commande_locale) StdoutLine: {'line': b'-- Up-to-date: /home/user/celluleflexible_en_cours_ROS2/ros_ws/install/commande_locale/lib/python3.12/site-packages/commande_locale/msg/_msg_choix_mode.py\n'}
[0.800074] (commande_locale) StdoutLine: {'line': b'-- Up-to-date: /home/user/celluleflexible_en_cours_ROS2/ros_ws/install/commande_locale/lib/python3.12/site-packages/commande_locale/msg/_tache_finie_msg.py\n'}
[0.800094] (commande_locale) StdoutLine: {'line': b'-- Up-to-date: /home/user/celluleflexible_en_cours_ROS2/ros_ws/install/commande_locale/lib/python3.12/site-packages/commande_locale/msg/_msg_switch_control.py\n'}
[0.800113] (commande_locale) StdoutLine: {'line': b'-- Up-to-date: /home/user/celluleflexible_en_cours_ROS2/ros_ws/install/commande_locale/lib/python3.12/site-packages/commande_locale/msg/_msg_stop_control_s.c\n'}
[0.800133] (commande_locale) StdoutLine: {'line': b'-- Up-to-date: /home/user/celluleflexible_en_cours_ROS2/ros_ws/install/commande_locale/lib/python3.12/site-packages/commande_locale/msg/_robot_joints_s.c\n'}
[0.800154] (commande_locale) StdoutLine: {'line': b'-- Up-to-date: /home/user/celluleflexible_en_cours_ROS2/ros_ws/install/commande_locale/lib/python3.12/site-packages/commande_locale/msg/_deplacer_piece_msg_s.c\n'}
[0.800176] (commande_locale) StdoutLine: {'line': b'-- Up-to-date: /home/user/celluleflexible_en_cours_ROS2/ros_ws/install/commande_locale/lib/python3.12/site-packages/commande_locale/msg/_msg_switch_control_s.c\n'}
[0.800196] (commande_locale) StdoutLine: {'line': b'-- Up-to-date: /home/user/celluleflexible_en_cours_ROS2/ros_ws/install/commande_locale/lib/python3.12/site-packages/commande_locale/msg/_msg_pin_control_s.c\n'}
[0.800215] (commande_locale) StdoutLine: {'line': b'-- Up-to-date: /home/user/celluleflexible_en_cours_ROS2/ros_ws/install/commande_locale/lib/python3.12/site-packages/commande_locale/msg/_msg_erreur_s.c\n'}
[0.800235] (commande_locale) StdoutLine: {'line': b'-- Up-to-date: /home/user/celluleflexible_en_cours_ROS2/ros_ws/install/commande_locale/lib/python3.12/site-packages/commande_locale/msg/_msg_pin_control.py\n'}
[0.800255] (commande_locale) StdoutLine: {'line': b'-- Up-to-date: /home/user/celluleflexible_en_cours_ROS2/ros_ws/install/commande_locale/lib/python3.12/site-packages/commande_locale/msg/_robot_joints.py\n'}
[0.800274] (commande_locale) StdoutLine: {'line': b'-- Up-to-date: /home/user/celluleflexible_en_cours_ROS2/ros_ws/install/commande_locale/lib/python3.12/site-packages/commande_locale/msg/_msg_add_product.py\n'}
[0.800293] (commande_locale) StdoutLine: {'line': b'-- Up-to-date: /home/user/celluleflexible_en_cours_ROS2/ros_ws/install/commande_locale/lib/python3.12/site-packages/commande_locale/__init__.py\n'}
[0.800314] (commande_locale) StdoutLine: {'line': b'-- Up-to-date: /home/user/celluleflexible_en_cours_ROS2/ros_ws/install/commande_locale/lib/python3.12/site-packages/commande_locale/_commande_locale_s.ep.rosidl_typesupport_c.c\n'}
[0.800334] (commande_locale) StdoutLine: {'line': b'-- Up-to-date: /home/user/celluleflexible_en_cours_ROS2/ros_ws/install/commande_locale/lib/python3.12/site-packages/commande_locale/commande_locale_s__rosidl_typesupport_c.so\n'}
[0.800356] (commande_locale) StdoutLine: {'line': b'-- Up-to-date: /home/user/celluleflexible_en_cours_ROS2/ros_ws/install/commande_locale/lib/python3.12/site-packages/commande_locale/commande_locale_s__rosidl_typesupport_fastrtps_c.so\n'}
[0.800378] (commande_locale) StdoutLine: {'line': b'-- Up-to-date: /home/user/celluleflexible_en_cours_ROS2/ros_ws/install/commande_locale/lib/python3.12/site-packages/commande_locale/srv\n'}
[0.800399] (commande_locale) StdoutLine: {'line': b'-- Up-to-date: /home/user/celluleflexible_en_cours_ROS2/ros_ws/install/commande_locale/lib/python3.12/site-packages/commande_locale/srv/_srv_add_product.py\n'}
[0.800419] (commande_locale) StdoutLine: {'line': b'-- Up-to-date: /home/user/celluleflexible_en_cours_ROS2/ros_ws/install/commande_locale/lib/python3.12/site-packages/commande_locale/srv/_srv_add_product_push_back.py\n'}
[0.800439] (commande_locale) StdoutLine: {'line': b'-- Up-to-date: /home/user/celluleflexible_en_cours_ROS2/ros_ws/install/commande_locale/lib/python3.12/site-packages/commande_locale/srv/__init__.py\n'}
[0.800459] (commande_locale) StdoutLine: {'line': b'-- Up-to-date: /home/user/celluleflexible_en_cours_ROS2/ros_ws/install/commande_locale/lib/python3.12/site-packages/commande_locale/srv/_srv_add_product_push_back_s.c\n'}
[0.800480] (commande_locale) StdoutLine: {'line': b'-- Up-to-date: /home/user/celluleflexible_en_cours_ROS2/ros_ws/install/commande_locale/lib/python3.12/site-packages/commande_locale/srv/_srv_fin_init.py\n'}
[0.800500] (commande_locale) StdoutLine: {'line': b'-- Up-to-date: /home/user/celluleflexible_en_cours_ROS2/ros_ws/install/commande_locale/lib/python3.12/site-packages/commande_locale/srv/_srv_fin_init_s.c\n'}
[0.800520] (commande_locale) StdoutLine: {'line': b'-- Up-to-date: /home/user/celluleflexible_en_cours_ROS2/ros_ws/install/commande_locale/lib/python3.12/site-packages/commande_locale/srv/_srv_add_product_s.c\n'}
[0.800540] (commande_locale) StdoutLine: {'line': b'-- Up-to-date: /home/user/celluleflexible_en_cours_ROS2/ros_ws/install/commande_locale/lib/python3.12/site-packages/commande_locale/_commande_locale_s.ep.rosidl_typesupport_introspection_c.c\n'}
[0.800559] (commande_locale) StdoutLine: {'line': b'-- Up-to-date: /home/user/celluleflexible_en_cours_ROS2/ros_ws/install/commande_locale/lib/python3.12/site-packages/commande_locale/commande_locale_s__rosidl_typesupport_introspection_c.so\n'}
[0.800580] (commande_locale) StdoutLine: {'line': b'-- Up-to-date: /home/user/celluleflexible_en_cours_ROS2/ros_ws/install/commande_locale/lib/python3.12/site-packages/commande_locale/_commande_locale_s.ep.rosidl_typesupport_fastrtps_c.c\n'}
[0.800600] (shuttles) StdoutLine: {'line': b"Listing '/home/user/celluleflexible_en_cours_ROS2/ros_ws/install/shuttles/lib/python3.12/site-packages/shuttles'...\n"}
[0.800629] (shuttles) StdoutLine: {'line': b"Listing '/home/user/celluleflexible_en_cours_ROS2/ros_ws/install/shuttles/lib/python3.12/site-packages/shuttles/msg'...\n"}
[0.800651] (shuttles) StdoutLine: {'line': b"Listing '/home/user/celluleflexible_en_cours_ROS2/ros_ws/install/shuttles/lib/python3.12/site-packages/shuttles/srv'...\n"}
[0.802142] (shuttles) StdoutLine: {'line': b'-- Up-to-date: /home/user/celluleflexible_en_cours_ROS2/ros_ws/install/shuttles/lib/python3.12/site-packages/shuttles/shuttles_s__rosidl_typesupport_fastrtps_c.so\n'}
[0.802305] (shuttles) StdoutLine: {'line': b'-- Up-to-date: /home/user/celluleflexible_en_cours_ROS2/ros_ws/install/shuttles/lib/python3.12/site-packages/shuttles/shuttles_s__rosidl_typesupport_introspection_c.so\n'}
[0.802442] (shuttles) StdoutLine: {'line': b'-- Up-to-date: /home/user/celluleflexible_en_cours_ROS2/ros_ws/install/shuttles/lib/python3.12/site-packages/shuttles/shuttles_s__rosidl_typesupport_c.so\n'}
[0.802585] (shuttles) StdoutLine: {'line': b'-- Up-to-date: /home/user/celluleflexible_en_cours_ROS2/ros_ws/install/shuttles/lib/libshuttles__rosidl_generator_py.so\n'}
[0.802722] (shuttles) StdoutLine: {'line': b'-- Up-to-date: /home/user/celluleflexible_en_cours_ROS2/ros_ws/install/shuttles/share/shuttles/msg/MsgShuttleChange.idl\n'}
[0.802753] (shuttles) StdoutLine: {'line': b'-- Up-to-date: /home/user/celluleflexible_en_cours_ROS2/ros_ws/install/shuttles/share/shuttles/msg/MsgShuttleCreate.idl\n'}
[0.802778] (shuttles) StdoutLine: {'line': b'-- Up-to-date: /home/user/celluleflexible_en_cours_ROS2/ros_ws/install/shuttles/share/shuttles/msg/MsgErreur.idl\n'}
[0.802815] (shuttles) StdoutLine: {'line': b'-- Up-to-date: /home/user/celluleflexible_en_cours_ROS2/ros_ws/install/shuttles/share/shuttles/srv/ShuttleId.idl\n'}
[0.802841] (shuttles) StdoutLine: {'line': b'-- Up-to-date: /home/user/celluleflexible_en_cours_ROS2/ros_ws/install/shuttles/share/shuttles/msg/MsgShuttleChange.msg\n'}
[0.802940] (shuttles) StdoutLine: {'line': b'-- Up-to-date: /home/user/celluleflexible_en_cours_ROS2/ros_ws/install/shuttles/share/shuttles/msg/MsgShuttleCreate.msg\n'}
[0.803040] (shuttles) StdoutLine: {'line': b'-- Up-to-date: /home/user/celluleflexible_en_cours_ROS2/ros_ws/install/shuttles/share/shuttles/msg/MsgErreur.msg\n'}
[0.803184] (shuttles) StdoutLine: {'line': b'-- Up-to-date: /home/user/celluleflexible_en_cours_ROS2/ros_ws/install/shuttles/share/shuttles/srv/ShuttleId.srv\n'}
[0.803308] (shuttles) StdoutLine: {'line': b'-- Up-to-date: /home/user/celluleflexible_en_cours_ROS2/ros_ws/install/shuttles/lib/shuttles/shuttle_manager\n'}
[0.803337] (shuttles) StdoutLine: {'line': b'-- Up-to-date: /home/user/celluleflexible_en_cours_ROS2/ros_ws/install/shuttles/share/ament_index/resource_index/package_run_dependencies/shuttles\n'}
[0.803563] (shuttles) StdoutLine: {'line': b'-- Up-to-date: /home/user/celluleflexible_en_cours_ROS2/ros_ws/install/shuttles/share/ament_index/resource_index/parent_prefix_path/shuttles\n'}
[0.803596] (shuttles) StdoutLine: {'line': b'-- Up-to-date: /home/user/celluleflexible_en_cours_ROS2/ros_ws/install/shuttles/share/shuttles/environment/ament_prefix_path.sh\n'}
[0.803621] (shuttles) StdoutLine: {'line': b'-- Up-to-date: /home/user/celluleflexible_en_cours_ROS2/ros_ws/install/shuttles/share/shuttles/environment/ament_prefix_path.dsv\n'}
[0.803650] (shuttles) StdoutLine: {'line': b'-- Up-to-date: /home/user/celluleflexible_en_cours_ROS2/ros_ws/install/shuttles/share/shuttles/environment/path.sh\n'}
[0.803675] (shuttles) StdoutLine: {'line': b'-- Up-to-date: /home/user/celluleflexible_en_cours_ROS2/ros_ws/install/shuttles/share/shuttles/environment/path.dsv\n'}
[0.803697] (shuttles) StdoutLine: {'line': b'-- Up-to-date: /home/user/celluleflexible_en_cours_ROS2/ros_ws/install/shuttles/share/shuttles/local_setup.bash\n'}
[0.803719] (shuttles) StdoutLine: {'line': b'-- Up-to-date: /home/user/celluleflexible_en_cours_ROS2/ros_ws/install/shuttles/share/shuttles/local_setup.sh\n'}
[0.803741] (shuttles) StdoutLine: {'line': b'-- Up-to-date: /home/user/celluleflexible_en_cours_ROS2/ros_ws/install/shuttles/share/shuttles/local_setup.zsh\n'}
[0.803763] (shuttles) StdoutLine: {'line': b'-- Up-to-date: /home/user/celluleflexible_en_cours_ROS2/ros_ws/install/shuttles/share/shuttles/local_setup.dsv\n'}
[0.803784] (shuttles) StdoutLine: {'line': b'-- Installing: /home/user/celluleflexible_en_cours_ROS2/ros_ws/install/shuttles/share/shuttles/package.dsv\n'}
[0.803804] (shuttles) StdoutLine: {'line': b'-- Up-to-date: /home/user/celluleflexible_en_cours_ROS2/ros_ws/install/shuttles/share/ament_index/resource_index/packages/shuttles\n'}
[0.803824] (shuttles) StdoutLine: {'line': b'-- Up-to-date: /home/user/celluleflexible_en_cours_ROS2/ros_ws/install/shuttles/share/shuttles/cmake/export_shuttles__rosidl_generator_cExport.cmake\n'}
[0.803846] (shuttles) StdoutLine: {'line': b'-- Up-to-date: /home/user/celluleflexible_en_cours_ROS2/ros_ws/install/shuttles/share/shuttles/cmake/export_shuttles__rosidl_generator_cExport-noconfig.cmake\n'}
[0.803893] (shuttles) StdoutLine: {'line': b'-- Up-to-date: /home/user/celluleflexible_en_cours_ROS2/ros_ws/install/shuttles/share/shuttles/cmake/export_shuttles__rosidl_typesupport_fastrtps_cExport.cmake\n'}
[0.804003] (shuttles) StdoutLine: {'line': b'-- Up-to-date: /home/user/celluleflexible_en_cours_ROS2/ros_ws/install/shuttles/share/shuttles/cmake/export_shuttles__rosidl_typesupport_fastrtps_cExport-noconfig.cmake\n'}
[0.804161] (shuttles) StdoutLine: {'line': b'-- Up-to-date: /home/user/celluleflexible_en_cours_ROS2/ros_ws/install/shuttles/share/shuttles/cmake/export_shuttles__rosidl_generator_cppExport.cmake\n'}
[0.804287] (shuttles) StdoutLine: {'line': b'-- Up-to-date: /home/user/celluleflexible_en_cours_ROS2/ros_ws/install/shuttles/share/shuttles/cmake/export_shuttles__rosidl_typesupport_fastrtps_cppExport.cmake\n'}
[0.804321] (shuttles) StdoutLine: {'line': b'-- Up-to-date: /home/user/celluleflexible_en_cours_ROS2/ros_ws/install/shuttles/share/shuttles/cmake/export_shuttles__rosidl_typesupport_fastrtps_cppExport-noconfig.cmake\n'}
[0.804347] (shuttles) StdoutLine: {'line': b'-- Up-to-date: /home/user/celluleflexible_en_cours_ROS2/ros_ws/install/shuttles/share/shuttles/cmake/shuttles__rosidl_typesupport_introspection_cExport.cmake\n'}
[0.804372] (shuttles) StdoutLine: {'line': b'-- Up-to-date: /home/user/celluleflexible_en_cours_ROS2/ros_ws/install/shuttles/share/shuttles/cmake/shuttles__rosidl_typesupport_introspection_cExport-noconfig.cmake\n'}
[0.804395] (shuttles) StdoutLine: {'line': b'-- Up-to-date: /home/user/celluleflexible_en_cours_ROS2/ros_ws/install/shuttles/share/shuttles/cmake/shuttles__rosidl_typesupport_cExport.cmake\n'}
[0.804417] (shuttles) StdoutLine: {'line': b'-- Up-to-date: /home/user/celluleflexible_en_cours_ROS2/ros_ws/install/shuttles/share/shuttles/cmake/shuttles__rosidl_typesupport_cExport-noconfig.cmake\n'}
[0.804438] (shuttles) StdoutLine: {'line': b'-- Up-to-date: /home/user/celluleflexible_en_cours_ROS2/ros_ws/install/shuttles/share/shuttles/cmake/shuttles__rosidl_typesupport_introspection_cppExport.cmake\n'}
[0.804459] (shuttles) StdoutLine: {'line': b'-- Up-to-date: /home/user/celluleflexible_en_cours_ROS2/ros_ws/install/shuttles/share/shuttles/cmake/shuttles__rosidl_typesupport_introspection_cppExport-noconfig.cmake\n'}
[0.804480] (shuttles) StdoutLine: {'line': b'-- Up-to-date: /home/user/celluleflexible_en_cours_ROS2/ros_ws/install/shuttles/share/shuttles/cmake/shuttles__rosidl_typesupport_cppExport.cmake\n'}
[0.804501] (shuttles) StdoutLine: {'line': b'-- Up-to-date: /home/user/celluleflexible_en_cours_ROS2/ros_ws/install/shuttles/share/shuttles/cmake/shuttles__rosidl_typesupport_cppExport-noconfig.cmake\n'}
[0.804522] (shuttles) StdoutLine: {'line': b'-- Up-to-date: /home/user/celluleflexible_en_cours_ROS2/ros_ws/install/shuttles/share/shuttles/cmake/export_shuttles__rosidl_generator_pyExport.cmake\n'}
[0.804542] (shuttles) StdoutLine: {'line': b'-- Up-to-date: /home/user/celluleflexible_en_cours_ROS2/ros_ws/install/shuttles/share/shuttles/cmake/export_shuttles__rosidl_generator_pyExport-noconfig.cmake\n'}
[0.804563] (shuttles) StdoutLine: {'line': b'-- Up-to-date: /home/user/celluleflexible_en_cours_ROS2/ros_ws/install/shuttles/share/shuttles/cmake/rosidl_cmake-extras.cmake\n'}
[0.804584] (shuttles) StdoutLine: {'line': b'-- Up-to-date: /home/user/celluleflexible_en_cours_ROS2/ros_ws/install/shuttles/share/shuttles/cmake/ament_cmake_export_dependencies-extras.cmake\n'}
[0.804606] (shuttles) StdoutLine: {'line': b'-- Up-to-date: /home/user/celluleflexible_en_cours_ROS2/ros_ws/install/shuttles/share/shuttles/cmake/ament_cmake_export_include_directories-extras.cmake\n'}
[0.804626] (shuttles) StdoutLine: {'line': b'-- Up-to-date: /home/user/celluleflexible_en_cours_ROS2/ros_ws/install/shuttles/share/shuttles/cmake/ament_cmake_export_libraries-extras.cmake\n'}
[0.804652] (shuttles) StdoutLine: {'line': b'-- Up-to-date: /home/user/celluleflexible_en_cours_ROS2/ros_ws/install/shuttles/share/shuttles/cmake/ament_cmake_export_targets-extras.cmake\n'}
[0.804674] (shuttles) StdoutLine: {'line': b'-- Up-to-date: /home/user/celluleflexible_en_cours_ROS2/ros_ws/install/shuttles/share/shuttles/cmake/rosidl_cmake_export_typesupport_targets-extras.cmake\n'}
[0.804695] (shuttles) StdoutLine: {'line': b'-- Up-to-date: /home/user/celluleflexible_en_cours_ROS2/ros_ws/install/shuttles/share/shuttles/cmake/rosidl_cmake_export_typesupport_libraries-extras.cmake\n'}
[0.804716] (shuttles) StdoutLine: {'line': b'-- Up-to-date: /home/user/celluleflexible_en_cours_ROS2/ros_ws/install/shuttles/share/shuttles/cmake/shuttlesConfig.cmake\n'}
[0.804738] (shuttles) StdoutLine: {'line': b'-- Up-to-date: /home/user/celluleflexible_en_cours_ROS2/ros_ws/install/shuttles/share/shuttles/cmake/shuttlesConfig-version.cmake\n'}
[0.804758] (shuttles) StdoutLine: {'line': b'-- Up-to-date: /home/user/celluleflexible_en_cours_ROS2/ros_ws/install/shuttles/share/shuttles/package.xml\n'}
[0.806406] (shuttles) CommandEnded: {'returncode': 0}
[0.816806] (-) TimerEvent: {}
[0.819325] (commande_locale) StdoutLine: {'line': b"Listing '/home/user/celluleflexible_en_cours_ROS2/ros_ws/install/commande_locale/lib/python3.12/site-packages/commande_locale'...\n"}
[0.820264] (commande_locale) StdoutLine: {'line': b"Listing '/home/user/celluleflexible_en_cours_ROS2/ros_ws/install/commande_locale/lib/python3.12/site-packages/commande_locale/msg'...\n"}
[0.820311] (commande_locale) StdoutLine: {'line': b"Listing '/home/user/celluleflexible_en_cours_ROS2/ros_ws/install/commande_locale/lib/python3.12/site-packages/commande_locale/srv'...\n"}
[0.826540] (commande_locale) StdoutLine: {'line': b'-- Up-to-date: /home/user/celluleflexible_en_cours_ROS2/ros_ws/install/commande_locale/lib/python3.12/site-packages/commande_locale/commande_locale_s__rosidl_typesupport_fastrtps_c.so\n'}
[0.826625] (commande_locale) StdoutLine: {'line': b'-- Up-to-date: /home/user/celluleflexible_en_cours_ROS2/ros_ws/install/commande_locale/lib/python3.12/site-packages/commande_locale/commande_locale_s__rosidl_typesupport_introspection_c.so\n'}
[0.826658] (commande_locale) StdoutLine: {'line': b'-- Up-to-date: /home/user/celluleflexible_en_cours_ROS2/ros_ws/install/commande_locale/lib/python3.12/site-packages/commande_locale/commande_locale_s__rosidl_typesupport_c.so\n'}
[0.826687] (commande_locale) StdoutLine: {'line': b'-- Up-to-date: /home/user/celluleflexible_en_cours_ROS2/ros_ws/install/commande_locale/lib/libcommande_locale__rosidl_generator_py.so\n'}
[0.826712] (commande_locale) StdoutLine: {'line': b'-- Up-to-date: /home/user/celluleflexible_en_cours_ROS2/ros_ws/install/commande_locale/share/commande_locale/srv/SrvAddProduct.idl\n'}
[0.826735] (commande_locale) StdoutLine: {'line': b'-- Up-to-date: /home/user/celluleflexible_en_cours_ROS2/ros_ws/install/commande_locale/share/commande_locale/srv/SrvFinInit.idl\n'}
[0.826844] (commande_locale) StdoutLine: {'line': b'-- Up-to-date: /home/user/celluleflexible_en_cours_ROS2/ros_ws/install/commande_locale/share/commande_locale/srv/SrvAddProductPushBack.idl\n'}
[0.826975] (commande_locale) StdoutLine: {'line': b'-- Up-to-date: /home/user/celluleflexible_en_cours_ROS2/ros_ws/install/commande_locale/share/commande_locale/msg/MsgAddProduct.idl\n'}
[0.827049] (commande_locale) StdoutLine: {'line': b'-- Up-to-date: /home/user/celluleflexible_en_cours_ROS2/ros_ws/install/commande_locale/share/commande_locale/msg/MsgStopControl.idl\n'}
[0.827125] (commande_locale) StdoutLine: {'line': b'-- Up-to-date: /home/user/celluleflexible_en_cours_ROS2/ros_ws/install/commande_locale/share/commande_locale/msg/MsgColor.idl\n'}
[0.827190] (commande_locale) StdoutLine: {'line': b'-- Up-to-date: /home/user/celluleflexible_en_cours_ROS2/ros_ws/install/commande_locale/share/commande_locale/msg/MsgSwitchControl.idl\n'}
[0.827670] (commande_locale) StdoutLine: {'line': b'-- Up-to-date: /home/user/celluleflexible_en_cours_ROS2/ros_ws/install/commande_locale/share/commande_locale/msg/MsgPinControl.idl\n'}
[0.827719] (commande_locale) StdoutLine: {'line': b'-- Up-to-date: /home/user/celluleflexible_en_cours_ROS2/ros_ws/install/commande_locale/share/commande_locale/msg/MsgErreur.idl\n'}
[0.827745] (commande_locale) StdoutLine: {'line': b'-- Up-to-date: /home/user/celluleflexible_en_cours_ROS2/ros_ws/install/commande_locale/share/commande_locale/msg/RobotJoints.idl\n'}
[0.827776] (commande_locale) StdoutLine: {'line': b'-- Up-to-date: /home/user/celluleflexible_en_cours_ROS2/ros_ws/install/commande_locale/share/commande_locale/msg/TacheFinieMsg.idl\n'}
[0.827798] (commande_locale) StdoutLine: {'line': b'-- Up-to-date: /home/user/celluleflexible_en_cours_ROS2/ros_ws/install/commande_locale/share/commande_locale/msg/DeplacerPieceMsg.idl\n'}
[0.827908] (commande_locale) StdoutLine: {'line': b'-- Up-to-date: /home/user/celluleflexible_en_cours_ROS2/ros_ws/install/commande_locale/share/commande_locale/msg/MsgChoixMode.idl\n'}
[0.831648] (commande_locale) StdoutLine: {'line': b'-- Up-to-date: /home/user/celluleflexible_en_cours_ROS2/ros_ws/install/commande_locale/share/commande_locale/srv/SrvAddProduct.srv\n'}
[0.831686] (commande_locale) StdoutLine: {'line': b'-- Up-to-date: /home/user/celluleflexible_en_cours_ROS2/ros_ws/install/commande_locale/share/commande_locale/srv/SrvFinInit.srv\n'}
[0.831715] (commande_locale) StdoutLine: {'line': b'-- Up-to-date: /home/user/celluleflexible_en_cours_ROS2/ros_ws/install/commande_locale/share/commande_locale/srv/SrvAddProductPushBack.srv\n'}
[0.831743] (commande_locale) StdoutLine: {'line': b'-- Up-to-date: /home/user/celluleflexible_en_cours_ROS2/ros_ws/install/commande_locale/share/commande_locale/msg/MsgAddProduct.msg\n'}
[0.831766] (commande_locale) StdoutLine: {'line': b'-- Up-to-date: /home/user/celluleflexible_en_cours_ROS2/ros_ws/install/commande_locale/share/commande_locale/msg/MsgStopControl.msg\n'}
[0.831788] (commande_locale) StdoutLine: {'line': b'-- Up-to-date: /home/user/celluleflexible_en_cours_ROS2/ros_ws/install/commande_locale/share/commande_locale/msg/MsgColor.msg\n'}
[0.831811] (commande_locale) StdoutLine: {'line': b'-- Up-to-date: /home/user/celluleflexible_en_cours_ROS2/ros_ws/install/commande_locale/share/commande_locale/msg/MsgSwitchControl.msg\n'}
[0.831833] (commande_locale) StdoutLine: {'line': b'-- Up-to-date: /home/user/celluleflexible_en_cours_ROS2/ros_ws/install/commande_locale/share/commande_locale/msg/MsgPinControl.msg\n'}
[0.831854] (commande_locale) StdoutLine: {'line': b'-- Up-to-date: /home/user/celluleflexible_en_cours_ROS2/ros_ws/install/commande_locale/share/commande_locale/msg/MsgErreur.msg\n'}
[0.831874] (commande_locale) StdoutLine: {'line': b'-- Up-to-date: /home/user/celluleflexible_en_cours_ROS2/ros_ws/install/commande_locale/share/commande_locale/msg/RobotJoints.msg\n'}
[0.831895] (commande_locale) StdoutLine: {'line': b'-- Up-to-date: /home/user/celluleflexible_en_cours_ROS2/ros_ws/install/commande_locale/share/commande_locale/msg/TacheFinieMsg.msg\n'}
[0.831916] (commande_locale) StdoutLine: {'line': b'-- Up-to-date: /home/user/celluleflexible_en_cours_ROS2/ros_ws/install/commande_locale/share/commande_locale/msg/DeplacerPieceMsg.msg\n'}
[0.831940] (commande_locale) StdoutLine: {'line': b'-- Up-to-date: /home/user/celluleflexible_en_cours_ROS2/ros_ws/install/commande_locale/share/commande_locale/msg/MsgChoixMode.msg\n'}
[0.831964] (commande_locale) StdoutLine: {'line': b'-- Up-to-date: /home/user/celluleflexible_en_cours_ROS2/ros_ws/install/commande_locale/lib/commande_locale/simulation\n'}
[0.831985] (commande_locale) StdoutLine: {'line': b'-- Up-to-date: /home/user/celluleflexible_en_cours_ROS2/ros_ws/install/commande_locale/share/ament_index/resource_index/package_run_dependencies/commande_locale\n'}
[0.832006] (commande_locale) StdoutLine: {'line': b'-- Up-to-date: /home/user/celluleflexible_en_cours_ROS2/ros_ws/install/commande_locale/share/ament_index/resource_index/parent_prefix_path/commande_locale\n'}
[0.833855] (commande_locale) StdoutLine: {'line': b'-- Up-to-date: /home/user/celluleflexible_en_cours_ROS2/ros_ws/install/commande_locale/share/commande_locale/environment/ament_prefix_path.sh\n'}
[0.833984] (commande_locale) StdoutLine: {'line': b'-- Up-to-date: /home/user/celluleflexible_en_cours_ROS2/ros_ws/install/commande_locale/share/commande_locale/environment/ament_prefix_path.dsv\n'}
[0.834175] (commande_locale) StdoutLine: {'line': b'-- Up-to-date: /home/user/celluleflexible_en_cours_ROS2/ros_ws/install/commande_locale/share/commande_locale/environment/path.sh\n'}
[0.834342] (commande_locale) StdoutLine: {'line': b'-- Up-to-date: /home/user/celluleflexible_en_cours_ROS2/ros_ws/install/commande_locale/share/commande_locale/environment/path.dsv\n'}
[0.834382] (commande_locale) StdoutLine: {'line': b'-- Up-to-date: /home/user/celluleflexible_en_cours_ROS2/ros_ws/install/commande_locale/share/commande_locale/local_setup.bash\n'}
[0.834782] (commande_locale) StdoutLine: {'line': b'-- Up-to-date: /home/user/celluleflexible_en_cours_ROS2/ros_ws/install/commande_locale/share/commande_locale/local_setup.sh\n'}
[0.834980] (commande_locale) StdoutLine: {'line': b'-- Up-to-date: /home/user/celluleflexible_en_cours_ROS2/ros_ws/install/commande_locale/share/commande_locale/local_setup.zsh\n'}
[0.835009] (commande_locale) StdoutLine: {'line': b'-- Up-to-date: /home/user/celluleflexible_en_cours_ROS2/ros_ws/install/commande_locale/share/commande_locale/local_setup.dsv\n'}
[0.835033] (commande_locale) StdoutLine: {'line': b'-- Installing: /home/user/celluleflexible_en_cours_ROS2/ros_ws/install/commande_locale/share/commande_locale/package.dsv\n'}
[0.835057] (commande_locale) StdoutLine: {'line': b'-- Up-to-date: /home/user/celluleflexible_en_cours_ROS2/ros_ws/install/commande_locale/share/ament_index/resource_index/packages/commande_locale\n'}
[0.835080] (commande_locale) StdoutLine: {'line': b'-- Up-to-date: /home/user/celluleflexible_en_cours_ROS2/ros_ws/install/commande_locale/share/commande_locale/cmake/export_commande_locale__rosidl_generator_cExport.cmake\n'}
[0.835103] (commande_locale) StdoutLine: {'line': b'-- Up-to-date: /home/user/celluleflexible_en_cours_ROS2/ros_ws/install/commande_locale/share/commande_locale/cmake/export_commande_locale__rosidl_generator_cExport-noconfig.cmake\n'}
[0.835126] (commande_locale) StdoutLine: {'line': b'-- Up-to-date: /home/user/celluleflexible_en_cours_ROS2/ros_ws/install/commande_locale/share/commande_locale/cmake/export_commande_locale__rosidl_typesupport_fastrtps_cExport.cmake\n'}
[0.835148] (commande_locale) StdoutLine: {'line': b'-- Up-to-date: /home/user/celluleflexible_en_cours_ROS2/ros_ws/install/commande_locale/share/commande_locale/cmake/export_commande_locale__rosidl_typesupport_fastrtps_cExport-noconfig.cmake\n'}
[0.835172] (commande_locale) StdoutLine: {'line': b'-- Up-to-date: /home/user/celluleflexible_en_cours_ROS2/ros_ws/install/commande_locale/share/commande_locale/cmake/export_commande_locale__rosidl_generator_cppExport.cmake\n'}
[0.835193] (commande_locale) StdoutLine: {'line': b'-- Up-to-date: /home/user/celluleflexible_en_cours_ROS2/ros_ws/install/commande_locale/share/commande_locale/cmake/export_commande_locale__rosidl_typesupport_fastrtps_cppExport.cmake\n'}
[0.835475] (commande_locale) StdoutLine: {'line': b'-- Up-to-date: /home/user/celluleflexible_en_cours_ROS2/ros_ws/install/commande_locale/share/commande_locale/cmake/export_commande_locale__rosidl_typesupport_fastrtps_cppExport-noconfig.cmake\n'}
[0.835556] (commande_locale) StdoutLine: {'line': b'-- Up-to-date: /home/user/celluleflexible_en_cours_ROS2/ros_ws/install/commande_locale/share/commande_locale/cmake/commande_locale__rosidl_typesupport_introspection_cExport.cmake\n'}
[0.835636] (commande_locale) StdoutLine: {'line': b'-- Up-to-date: /home/user/celluleflexible_en_cours_ROS2/ros_ws/install/commande_locale/share/commande_locale/cmake/commande_locale__rosidl_typesupport_introspection_cExport-noconfig.cmake\n'}
[0.835709] (commande_locale) StdoutLine: {'line': b'-- Up-to-date: /home/user/celluleflexible_en_cours_ROS2/ros_ws/install/commande_locale/share/commande_locale/cmake/commande_locale__rosidl_typesupport_cExport.cmake\n'}
[0.835795] (commande_locale) StdoutLine: {'line': b'-- Up-to-date: /home/user/celluleflexible_en_cours_ROS2/ros_ws/install/commande_locale/share/commande_locale/cmake/commande_locale__rosidl_typesupport_cExport-noconfig.cmake\n'}
[0.835887] (commande_locale) StdoutLine: {'line': b'-- Up-to-date: /home/user/celluleflexible_en_cours_ROS2/ros_ws/install/commande_locale/share/commande_locale/cmake/commande_locale__rosidl_typesupport_introspection_cppExport.cmake\n'}
[0.835956] (commande_locale) StdoutLine: {'line': b'-- Up-to-date: /home/user/celluleflexible_en_cours_ROS2/ros_ws/install/commande_locale/share/commande_locale/cmake/commande_locale__rosidl_typesupport_introspection_cppExport-noconfig.cmake\n'}
[0.836023] (commande_locale) StdoutLine: {'line': b'-- Up-to-date: /home/user/celluleflexible_en_cours_ROS2/ros_ws/install/commande_locale/share/commande_locale/cmake/commande_locale__rosidl_typesupport_cppExport.cmake\n'}
[0.836094] (commande_locale) StdoutLine: {'line': b'-- Up-to-date: /home/user/celluleflexible_en_cours_ROS2/ros_ws/install/commande_locale/share/commande_locale/cmake/commande_locale__rosidl_typesupport_cppExport-noconfig.cmake\n'}
[0.836176] (commande_locale) StdoutLine: {'line': b'-- Up-to-date: /home/user/celluleflexible_en_cours_ROS2/ros_ws/install/commande_locale/share/commande_locale/cmake/export_commande_locale__rosidl_generator_pyExport.cmake\n'}
[0.836243] (commande_locale) StdoutLine: {'line': b'-- Up-to-date: /home/user/celluleflexible_en_cours_ROS2/ros_ws/install/commande_locale/share/commande_locale/cmake/export_commande_locale__rosidl_generator_pyExport-noconfig.cmake\n'}
[0.836311] (commande_locale) StdoutLine: {'line': b'-- Up-to-date: /home/user/celluleflexible_en_cours_ROS2/ros_ws/install/commande_locale/share/commande_locale/cmake/rosidl_cmake-extras.cmake\n'}
[0.836377] (commande_locale) StdoutLine: {'line': b'-- Up-to-date: /home/user/celluleflexible_en_cours_ROS2/ros_ws/install/commande_locale/share/commande_locale/cmake/ament_cmake_export_dependencies-extras.cmake\n'}
[0.837033] (commande_locale) StdoutLine: {'line': b'-- Up-to-date: /home/user/celluleflexible_en_cours_ROS2/ros_ws/install/commande_locale/share/commande_locale/cmake/ament_cmake_export_include_directories-extras.cmake\n'}
[0.837358] (commande_locale) StdoutLine: {'line': b'-- Up-to-date: /home/user/celluleflexible_en_cours_ROS2/ros_ws/install/commande_locale/share/commande_locale/cmake/ament_cmake_export_libraries-extras.cmake\n'}
[0.837557] (commande_locale) StdoutLine: {'line': b'-- Up-to-date: /home/user/celluleflexible_en_cours_ROS2/ros_ws/install/commande_locale/share/commande_locale/cmake/ament_cmake_export_targets-extras.cmake\n'}
[0.837728] (commande_locale) StdoutLine: {'line': b'-- Up-to-date: /home/user/celluleflexible_en_cours_ROS2/ros_ws/install/commande_locale/share/commande_locale/cmake/rosidl_cmake_export_typesupport_targets-extras.cmake\n'}
[0.837800] (commande_locale) StdoutLine: {'line': b'-- Up-to-date: /home/user/celluleflexible_en_cours_ROS2/ros_ws/install/commande_locale/share/commande_locale/cmake/rosidl_cmake_export_typesupport_libraries-extras.cmake\n'}
[0.837994] (commande_locale) StdoutLine: {'line': b'-- Up-to-date: /home/user/celluleflexible_en_cours_ROS2/ros_ws/install/commande_locale/share/commande_locale/cmake/commande_localeConfig.cmake\n'}
[0.838022] (commande_locale) StdoutLine: {'line': b'-- Up-to-date: /home/user/celluleflexible_en_cours_ROS2/ros_ws/install/commande_locale/share/commande_locale/cmake/commande_localeConfig-version.cmake\n'}
[0.838047] (commande_locale) StdoutLine: {'line': b'-- Up-to-date: /home/user/celluleflexible_en_cours_ROS2/ros_ws/install/commande_locale/share/commande_locale/package.xml\n'}
[0.838099] (shuttles) JobEnded: {'identifier': 'shuttles', 'rc': 0}
[0.839288] (commande_locale) CommandEnded: {'returncode': 0}
[0.852435] (commande_locale) JobEnded: {'identifier': 'commande_locale', 'rc': 0}
[0.853274] (robots) JobStarted: {'identifier': 'robots'}
[0.872591] (robots) JobProgress: {'identifier': 'robots', 'progress': 'cmake'}
[0.873398] (robots) JobProgress: {'identifier': 'robots', 'progress': 'build'}
[0.873435] (robots) Command: {'cmd': ['/usr/bin/cmake', '--build', '/home/user/celluleflexible_en_cours_ROS2/ros_ws/build/robots', '--', '-j8', '-l8'], 'cwd': '/home/user/celluleflexible_en_cours_ROS2/ros_ws/build/robots', 'env': OrderedDict({'LESSOPEN': '| /usr/bin/lesspipe %s', 'USER': 'user', 'XDG_SESSION_TYPE': 'wayland', 'SHLVL': '1', 'LD_LIBRARY_PATH': '/home/user/celluleflexible_en_cours_ROS2/ros_ws/install/shuttles/lib:/home/user/celluleflexible_en_cours_ROS2/ros_ws/install/commande_locale/lib:/home/user/celluleflexible_en_cours_ROS2/ros_ws/install/aiguillages/lib:/home/user/celluleflexible_en_cours_ROS2/ros_ws/install/robots/lib:/opt/ros/jazzy/opt/rviz_ogre_vendor/lib:/opt/ros/jazzy/lib/x86_64-linux-gnu:/opt/ros/jazzy/opt/gz_math_vendor/lib:/opt/ros/jazzy/opt/gz_utils_vendor/lib:/opt/ros/jazzy/opt/gz_cmake_vendor/lib:/opt/ros/jazzy/lib', 'HOME': '/home/user', 'DESKTOP_SESSION': 'ubuntu', 'ROS_PYTHON_VERSION': '3', 'GNOME_SHELL_SESSION_MODE': 'ubuntu', 'GTK_MODULES': 'gail:atk-bridge', 'DBUS_STARTER_BUS_TYPE': 'session', 'SYSTEMD_EXEC_PID': '2240', 'GSM_SKIP_SSH_AGENT_WORKAROUND': 'true', 'DBUS_SESSION_BUS_ADDRESS': 'unix:path=/run/user/1000/bus,guid=6da02ccfb5f5be8b2dc210526992ca6b', 'COLORTERM': 'truecolor', 'DEBUGINFOD_URLS': 'https://debuginfod.ubuntu.com', 'IM_CONFIG_PHASE': '1', 'WAYLAND_DISPLAY': 'wayland-0', 'COLCON_PREFIX_PATH': '/home/user/celluleflexible_en_cours_ROS2/ros_ws/install', 'ROS_DISTRO': 'jazzy', 'LOGNAME': 'user', '_': '/usr/bin/colcon', 'ROS_VERSION': '2', 'MEMORY_PRESSURE_WATCH': '/sys/fs/cgroup/user.slice/user-1000.slice/user@1000.service/app.slice/app-gnome\\x2dsession\\x2dmanager.slice/gnome-session-manager@ubuntu.service/memory.pressure', 'XDG_SESSION_CLASS': 'user', 'USERNAME': 'user', 'TERM': 'xterm-256color', 'GNOME_DESKTOP_SESSION_ID': 'this-is-deprecated', 'PATH': '/opt/ros/jazzy/bin:/usr/local/sbin:/usr/local/bin:/usr/sbin:/usr/bin:/sbin:/bin:/usr/games:/usr/local/games:/snap/bin:/snap/bin', 'SESSION_MANAGER': 'local/Ubuntu:@/tmp/.ICE-unix/2240,unix/Ubuntu:/tmp/.ICE-unix/2240', 'XDG_MENU_PREFIX': 'gnome-', 'GNOME_TERMINAL_SCREEN': '/org/gnome/Terminal/screen/c7962f18_f474_48af_ace3_a3479f78beab', 'GNOME_SETUP_DISPLAY': ':1', 'XDG_RUNTIME_DIR': '/run/user/1000', 'DISPLAY': ':0', 'LANG': 'en_US.UTF-8', 'XDG_CURRENT_DESKTOP': 'ubuntu:GNOME', 'XMODIFIERS': '@im=ibus', 'XDG_SESSION_DESKTOP': 'ubuntu', 'XAUTHORITY': '/run/user/1000/.mutter-Xwaylandauth.HCD1K3', 'LS_COLORS': 'rs=0:di=01;34:ln=01;36:mh=00:pi=40;33:so=01;35:do=01;35:bd=40;33;01:cd=40;33;01:or=40;31;01:mi=00:su=37;41:sg=30;43:ca=00:tw=30;42:ow=34;42:st=37;44:ex=01;32:*.tar=01;31:*.tgz=01;31:*.arc=01;31:*.arj=01;31:*.taz=01;31:*.lha=01;31:*.lz4=01;31:*.lzh=01;31:*.lzma=01;31:*.tlz=01;31:*.txz=01;31:*.tzo=01;31:*.t7z=01;31:*.zip=01;31:*.z=01;31:*.dz=01;31:*.gz=01;31:*.lrz=01;31:*.lz=01;31:*.lzo=01;31:*.xz=01;31:*.zst=01;31:*.tzst=01;31:*.bz2=01;31:*.bz=01;31:*.tbz=01;31:*.tbz2=01;31:*.tz=01;31:*.deb=01;31:*.rpm=01;31:*.jar=01;31:*.war=01;31:*.ear=01;31:*.sar=01;31:*.rar=01;31:*.alz=01;31:*.ace=01;31:*.zoo=01;31:*.cpio=01;31:*.7z=01;31:*.rz=01;31:*.cab=01;31:*.wim=01;31:*.swm=01;31:*.dwm=01;31:*.esd=01;31:*.avif=01;35:*.jpg=01;35:*.jpeg=01;35:*.mjpg=01;35:*.mjpeg=01;35:*.gif=01;35:*.bmp=01;35:*.pbm=01;35:*.pgm=01;35:*.ppm=01;35:*.tga=01;35:*.xbm=01;35:*.xpm=01;35:*.tif=01;35:*.tiff=01;35:*.png=01;35:*.svg=01;35:*.svgz=01;35:*.mng=01;35:*.pcx=01;35:*.mov=01;35:*.mpg=01;35:*.mpeg=01;35:*.m2v=01;35:*.mkv=01;35:*.webm=01;35:*.webp=01;35:*.ogm=01;35:*.mp4=01;35:*.m4v=01;35:*.mp4v=01;35:*.vob=01;35:*.qt=01;35:*.nuv=01;35:*.wmv=01;35:*.asf=01;35:*.rm=01;35:*.rmvb=01;35:*.flc=01;35:*.avi=01;35:*.fli=01;35:*.flv=01;35:*.gl=01;35:*.dl=01;35:*.xcf=01;35:*.xwd=01;35:*.yuv=01;35:*.cgm=01;35:*.emf=01;35:*.ogv=01;35:*.ogx=01;35:*.aac=00;36:*.au=00;36:*.flac=00;36:*.m4a=00;36:*.mid=00;36:*.midi=00;36:*.mka=00;36:*.mp3=00;36:*.mpc=00;36:*.ogg=00;36:*.ra=00;36:*.wav=00;36:*.oga=00;36:*.opus=00;36:*.spx=00;36:*.xspf=00;36:*~=00;90:*#=00;90:*.bak=00;90:*.crdownload=00;90:*.dpkg-dist=00;90:*.dpkg-new=00;90:*.dpkg-old=00;90:*.dpkg-tmp=00;90:*.old=00;90:*.orig=00;90:*.part=00;90:*.rej=00;90:*.rpmnew=00;90:*.rpmorig=00;90:*.rpmsave=00;90:*.swp=00;90:*.tmp=00;90:*.ucf-dist=00;90:*.ucf-new=00;90:*.ucf-old=00;90:', 'GNOME_TERMINAL_SERVICE': ':1.781', 'SSH_AUTH_SOCK': '/run/user/1000/keyring/ssh', 'AMENT_PREFIX_PATH': '/home/user/celluleflexible_en_cours_ROS2/ros_ws/install/shuttles:/home/user/celluleflexible_en_cours_ROS2/ros_ws/install/robots:/home/user/celluleflexible_en_cours_ROS2/ros_ws/install/commande_locale:/home/user/celluleflexible_en_cours_ROS2/ros_ws/install/aiguillages:/opt/ros/jazzy', 'SHELL': '/bin/bash', 'QT_ACCESSIBILITY': '1', 'GDMSESSION': 'ubuntu', 'LESSCLOSE': '/usr/bin/lesspipe %s %s', 'ROS_AUTOMATIC_DISCOVERY_RANGE': 'SUBNET', 'QT_IM_MODULE': 'ibus', 'PWD': '/home/user/celluleflexible_en_cours_ROS2/ros_ws/build/robots', 'LC_ALL': 'en_US.UTF-8', 'XDG_CONFIG_DIRS': '/etc/xdg/xdg-ubuntu:/etc/xdg', 'DBUS_STARTER_ADDRESS': 'unix:path=/run/user/1000/bus,guid=6da02ccfb5f5be8b2dc210526992ca6b', 'XDG_DATA_DIRS': '/usr/share/ubuntu:/usr/share/gnome:/usr/local/share/:/usr/share/:/var/lib/snapd/desktop', 'PYTHONPATH': '/home/user/celluleflexible_en_cours_ROS2/ros_ws/install/shuttles/lib/python3.12/site-packages:/home/user/celluleflexible_en_cours_ROS2/ros_ws/install/commande_locale/lib/python3.12/site-packages:/home/user/celluleflexible_en_cours_ROS2/ros_ws/install/aiguillages/lib/python3.12/site-packages:/home/user/celluleflexible_en_cours_ROS2/ros_ws/install/robots/lib/python3.12/site-packages:/opt/ros/jazzy/lib/python3.12/site-packages', 'COLCON': '1', 'MEMORY_PRESSURE_WRITE': 'c29tZSAyMDAwMDAgMjAwMDAwMAA=', 'VTE_VERSION': '7600', 'CMAKE_PREFIX_PATH': '/home/user/celluleflexible_en_cours_ROS2/ros_ws/install/shuttles:/home/user/celluleflexible_en_cours_ROS2/ros_ws/install/commande_locale:/home/user/celluleflexible_en_cours_ROS2/ros_ws/install/aiguillages:/home/user/celluleflexible_en_cours_ROS2/ros_ws/install/robots:/opt/ros/jazzy/opt/gz_math_vendor:/opt/ros/jazzy/opt/gz_utils_vendor:/opt/ros/jazzy/opt/gz_cmake_vendor:/opt/ros/jazzy'}), 'shell': False}
[0.917028] (-) TimerEvent: {}
[0.929849] (robots) StdoutLine: {'line': b'[  1%] Built target robots__rosidl_generator_type_description\n'}
[0.938619] (robots) StdoutLine: {'line': b'[  1%] Built target ament_cmake_python_copy_robots\n'}
[0.953916] (robots) StdoutLine: {'line': b'[  3%] Built target robots__cpp\n'}
[0.954172] (robots) StdoutLine: {'line': b'[ 22%] Built target robots__rosidl_generator_c\n'}
[0.980282] (robots) StdoutLine: {'line': b'[ 31%] Built target robots__rosidl_typesupport_cpp\n'}
[0.980543] (robots) StdoutLine: {'line': b'[ 48%] Built target robots__rosidl_typesupport_fastrtps_c\n'}
[0.980655] (robots) StdoutLine: {'line': b'[ 48%] Built target robots__rosidl_typesupport_c\n'}
[0.980688] (robots) StdoutLine: {'line': b'[ 56%] Built target robots__rosidl_typesupport_introspection_c\n'}
[0.980715] (robots) StdoutLine: {'line': b'[ 65%] Built target robots__rosidl_typesupport_fastrtps_cpp\n'}
[0.981977] (robots) StdoutLine: {'line': b'[ 74%] Built target robots__rosidl_typesupport_introspection_cpp\n'}
[1.002645] (robots) StdoutLine: {'line': b'[ 74%] Built target robots\n'}
[1.017125] (-) TimerEvent: {}
[1.026063] (robots) StdoutLine: {'line': b'[ 75%] Built target robots__py\n'}
[1.037579] (robots) StdoutLine: {'line': b'[ 77%] \x1b[32mBuilding CXX object CMakeFiles/robot.dir/src/Robot.cpp.o\x1b[0m\n'}
[1.052371] (robots) StdoutLine: {'line': b'[ 84%] Built target robots__rosidl_generator_py\n'}
[1.076131] (robots) StdoutLine: {'line': b'[ 93%] Built target robots_s__rosidl_typesupport_introspection_c\n'}
[1.076328] (robots) StdoutLine: {'line': b'[ 93%] Built target robots_s__rosidl_typesupport_c\n'}
[1.076383] (robots) StdoutLine: {'line': b'[ 94%] Built target robots_s__rosidl_typesupport_fastrtps_c\n'}
[1.089425] (robots) StdoutLine: {'line': b'running egg_info\n'}
[1.099932] (robots) StdoutLine: {'line': b'writing robots.egg-info/PKG-INFO\n'}
[1.100150] (robots) StdoutLine: {'line': b'writing dependency_links to robots.egg-info/dependency_links.txt\n'}
[1.100488] (robots) StdoutLine: {'line': b'writing top-level names to robots.egg-info/top_level.txt\n'}
[1.117174] (-) TimerEvent: {}
[1.130742] (robots) StdoutLine: {'line': b"reading manifest file 'robots.egg-info/SOURCES.txt'\n"}
[1.131088] (robots) StdoutLine: {'line': b"writing manifest file 'robots.egg-info/SOURCES.txt'\n"}
[1.152850] (robots) StdoutLine: {'line': b'[ 94%] Built target ament_cmake_python_build_robots_egg\n'}
[1.217426] (-) TimerEvent: {}
[1.453282] (-) TimerEvent: {}
[1.589296] (-) TimerEvent: {}
[1.704540] (-) TimerEvent: {}
[1.990611] (-) TimerEvent: {}
[2.092948] (-) TimerEvent: {}
[2.383696] (-) TimerEvent: {}
[2.679976] (-) TimerEvent: {}
[2.836635] (-) TimerEvent: {}
[3.088029] (-) TimerEvent: {}
[3.375438] (-) TimerEvent: {}
[3.491965] (-) TimerEvent: {}
[3.644245] (-) TimerEvent: {}
[3.896131] (-) TimerEvent: {}
[4.081368] (-) TimerEvent: {}
[4.347688] (-) TimerEvent: {}
[4.477520] (-) TimerEvent: {}
[4.816632] (-) TimerEvent: {}
[5.025005] (-) TimerEvent: {}
[5.204718] (-) TimerEvent: {}
[5.588102] (-) TimerEvent: {}
[5.883081] (-) TimerEvent: {}
[5.987162] (-) TimerEvent: {}
[6.228207] (-) TimerEvent: {}
[6.555004] (-) TimerEvent: {}
[6.812671] (-) TimerEvent: {}
[7.027900] (-) TimerEvent: {}
[7.234965] (-) TimerEvent: {}
[7.362398] (-) TimerEvent: {}
[7.554362] (-) TimerEvent: {}
[7.703108] (-) TimerEvent: {}
[7.990989] (-) TimerEvent: {}
[8.092279] (-) TimerEvent: {}
[8.327640] (-) TimerEvent: {}
[8.678258] (-) TimerEvent: {}
[9.027534] (-) TimerEvent: {}
[9.247985] (-) TimerEvent: {}
[9.382138] (-) TimerEvent: {}
[9.557483] (-) TimerEvent: {}
[9.873460] (-) TimerEvent: {}
[10.231209] (-) TimerEvent: {}
[10.427854] (-) TimerEvent: {}
[10.621369] (-) TimerEvent: {}
[10.861448] (-) TimerEvent: {}
[10.985416] (-) TimerEvent: {}
[11.116163] (-) TimerEvent: {}
[11.465368] (-) TimerEvent: {}
[11.639806] (-) TimerEvent: {}
[11.876358] (-) TimerEvent: {}
[12.044049] (-) TimerEvent: {}
[12.331378] (-) TimerEvent: {}
[12.609206] (-) TimerEvent: {}
[12.797976] (-) TimerEvent: {}
[13.014766] (-) TimerEvent: {}
[13.116693] (-) TimerEvent: {}
[13.286135] (-) TimerEvent: {}
[13.527282] (-) TimerEvent: {}
[13.759037] (-) TimerEvent: {}
[14.278768] (-) TimerEvent: {}
[14.582130] (-) TimerEvent: {}
[14.806280] (-) TimerEvent: {}
[15.321184] (-) TimerEvent: {}
[15.510363] (-) TimerEvent: {}
[15.753107] (-) TimerEvent: {}
[15.855357] (-) TimerEvent: {}
[16.395403] (-) TimerEvent: {}
[16.555019] (-) TimerEvent: {}
[16.677990] (-) TimerEvent: {}
[16.799577] (-) TimerEvent: {}
[16.907207] (-) TimerEvent: {}
[17.301859] (-) TimerEvent: {}
[17.633384] (-) TimerEvent: {}
[18.085016] (-) TimerEvent: {}
[18.200582] (-) TimerEvent: {}
[18.204707] (robots) StdoutLine: {'line': b'[ 96%] \x1b[32m\x1b[1mLinking CXX executable robot\x1b[0m\n'}
[18.389590] (-) TimerEvent: {}
[18.569072] (-) TimerEvent: {}
[18.777902] (-) TimerEvent: {}
[18.985556] (robots) StdoutLine: {'line': b'[100%] Built target robot\n'}
[18.986248] (-) TimerEvent: {}
[18.996738] (robots) CommandEnded: {'returncode': 0}
[18.997426] (robots) JobProgress: {'identifier': 'robots', 'progress': 'install'}
[18.997983] (robots) Command: {'cmd': ['/usr/bin/cmake', '--install', '/home/user/celluleflexible_en_cours_ROS2/ros_ws/build/robots'], 'cwd': '/home/user/celluleflexible_en_cours_ROS2/ros_ws/build/robots', 'env': OrderedDict({'LESSOPEN': '| /usr/bin/lesspipe %s', 'USER': 'user', 'XDG_SESSION_TYPE': 'wayland', 'SHLVL': '1', 'LD_LIBRARY_PATH': '/home/user/celluleflexible_en_cours_ROS2/ros_ws/install/shuttles/lib:/home/user/celluleflexible_en_cours_ROS2/ros_ws/install/commande_locale/lib:/home/user/celluleflexible_en_cours_ROS2/ros_ws/install/aiguillages/lib:/home/user/celluleflexible_en_cours_ROS2/ros_ws/install/robots/lib:/opt/ros/jazzy/opt/rviz_ogre_vendor/lib:/opt/ros/jazzy/lib/x86_64-linux-gnu:/opt/ros/jazzy/opt/gz_math_vendor/lib:/opt/ros/jazzy/opt/gz_utils_vendor/lib:/opt/ros/jazzy/opt/gz_cmake_vendor/lib:/opt/ros/jazzy/lib', 'HOME': '/home/user', 'DESKTOP_SESSION': 'ubuntu', 'ROS_PYTHON_VERSION': '3', 'GNOME_SHELL_SESSION_MODE': 'ubuntu', 'GTK_MODULES': 'gail:atk-bridge', 'DBUS_STARTER_BUS_TYPE': 'session', 'SYSTEMD_EXEC_PID': '2240', 'GSM_SKIP_SSH_AGENT_WORKAROUND': 'true', 'DBUS_SESSION_BUS_ADDRESS': 'unix:path=/run/user/1000/bus,guid=6da02ccfb5f5be8b2dc210526992ca6b', 'COLORTERM': 'truecolor', 'DEBUGINFOD_URLS': 'https://debuginfod.ubuntu.com', 'IM_CONFIG_PHASE': '1', 'WAYLAND_DISPLAY': 'wayland-0', 'COLCON_PREFIX_PATH': '/home/user/celluleflexible_en_cours_ROS2/ros_ws/install', 'ROS_DISTRO': 'jazzy', 'LOGNAME': 'user', '_': '/usr/bin/colcon', 'ROS_VERSION': '2', 'MEMORY_PRESSURE_WATCH': '/sys/fs/cgroup/user.slice/user-1000.slice/user@1000.service/app.slice/app-gnome\\x2dsession\\x2dmanager.slice/gnome-session-manager@ubuntu.service/memory.pressure', 'XDG_SESSION_CLASS': 'user', 'USERNAME': 'user', 'TERM': 'xterm-256color', 'GNOME_DESKTOP_SESSION_ID': 'this-is-deprecated', 'PATH': '/opt/ros/jazzy/bin:/usr/local/sbin:/usr/local/bin:/usr/sbin:/usr/bin:/sbin:/bin:/usr/games:/usr/local/games:/snap/bin:/snap/bin', 'SESSION_MANAGER': 'local/Ubuntu:@/tmp/.ICE-unix/2240,unix/Ubuntu:/tmp/.ICE-unix/2240', 'XDG_MENU_PREFIX': 'gnome-', 'GNOME_TERMINAL_SCREEN': '/org/gnome/Terminal/screen/c7962f18_f474_48af_ace3_a3479f78beab', 'GNOME_SETUP_DISPLAY': ':1', 'XDG_RUNTIME_DIR': '/run/user/1000', 'DISPLAY': ':0', 'LANG': 'en_US.UTF-8', 'XDG_CURRENT_DESKTOP': 'ubuntu:GNOME', 'XMODIFIERS': '@im=ibus', 'XDG_SESSION_DESKTOP': 'ubuntu', 'XAUTHORITY': '/run/user/1000/.mutter-Xwaylandauth.HCD1K3', 'LS_COLORS': 'rs=0:di=01;34:ln=01;36:mh=00:pi=40;33:so=01;35:do=01;35:bd=40;33;01:cd=40;33;01:or=40;31;01:mi=00:su=37;41:sg=30;43:ca=00:tw=30;42:ow=34;42:st=37;44:ex=01;32:*.tar=01;31:*.tgz=01;31:*.arc=01;31:*.arj=01;31:*.taz=01;31:*.lha=01;31:*.lz4=01;31:*.lzh=01;31:*.lzma=01;31:*.tlz=01;31:*.txz=01;31:*.tzo=01;31:*.t7z=01;31:*.zip=01;31:*.z=01;31:*.dz=01;31:*.gz=01;31:*.lrz=01;31:*.lz=01;31:*.lzo=01;31:*.xz=01;31:*.zst=01;31:*.tzst=01;31:*.bz2=01;31:*.bz=01;31:*.tbz=01;31:*.tbz2=01;31:*.tz=01;31:*.deb=01;31:*.rpm=01;31:*.jar=01;31:*.war=01;31:*.ear=01;31:*.sar=01;31:*.rar=01;31:*.alz=01;31:*.ace=01;31:*.zoo=01;31:*.cpio=01;31:*.7z=01;31:*.rz=01;31:*.cab=01;31:*.wim=01;31:*.swm=01;31:*.dwm=01;31:*.esd=01;31:*.avif=01;35:*.jpg=01;35:*.jpeg=01;35:*.mjpg=01;35:*.mjpeg=01;35:*.gif=01;35:*.bmp=01;35:*.pbm=01;35:*.pgm=01;35:*.ppm=01;35:*.tga=01;35:*.xbm=01;35:*.xpm=01;35:*.tif=01;35:*.tiff=01;35:*.png=01;35:*.svg=01;35:*.svgz=01;35:*.mng=01;35:*.pcx=01;35:*.mov=01;35:*.mpg=01;35:*.mpeg=01;35:*.m2v=01;35:*.mkv=01;35:*.webm=01;35:*.webp=01;35:*.ogm=01;35:*.mp4=01;35:*.m4v=01;35:*.mp4v=01;35:*.vob=01;35:*.qt=01;35:*.nuv=01;35:*.wmv=01;35:*.asf=01;35:*.rm=01;35:*.rmvb=01;35:*.flc=01;35:*.avi=01;35:*.fli=01;35:*.flv=01;35:*.gl=01;35:*.dl=01;35:*.xcf=01;35:*.xwd=01;35:*.yuv=01;35:*.cgm=01;35:*.emf=01;35:*.ogv=01;35:*.ogx=01;35:*.aac=00;36:*.au=00;36:*.flac=00;36:*.m4a=00;36:*.mid=00;36:*.midi=00;36:*.mka=00;36:*.mp3=00;36:*.mpc=00;36:*.ogg=00;36:*.ra=00;36:*.wav=00;36:*.oga=00;36:*.opus=00;36:*.spx=00;36:*.xspf=00;36:*~=00;90:*#=00;90:*.bak=00;90:*.crdownload=00;90:*.dpkg-dist=00;90:*.dpkg-new=00;90:*.dpkg-old=00;90:*.dpkg-tmp=00;90:*.old=00;90:*.orig=00;90:*.part=00;90:*.rej=00;90:*.rpmnew=00;90:*.rpmorig=00;90:*.rpmsave=00;90:*.swp=00;90:*.tmp=00;90:*.ucf-dist=00;90:*.ucf-new=00;90:*.ucf-old=00;90:', 'GNOME_TERMINAL_SERVICE': ':1.781', 'SSH_AUTH_SOCK': '/run/user/1000/keyring/ssh', 'AMENT_PREFIX_PATH': '/home/user/celluleflexible_en_cours_ROS2/ros_ws/install/shuttles:/home/user/celluleflexible_en_cours_ROS2/ros_ws/install/robots:/home/user/celluleflexible_en_cours_ROS2/ros_ws/install/commande_locale:/home/user/celluleflexible_en_cours_ROS2/ros_ws/install/aiguillages:/opt/ros/jazzy', 'SHELL': '/bin/bash', 'QT_ACCESSIBILITY': '1', 'GDMSESSION': 'ubuntu', 'LESSCLOSE': '/usr/bin/lesspipe %s %s', 'ROS_AUTOMATIC_DISCOVERY_RANGE': 'SUBNET', 'QT_IM_MODULE': 'ibus', 'PWD': '/home/user/celluleflexible_en_cours_ROS2/ros_ws/build/robots', 'LC_ALL': 'en_US.UTF-8', 'XDG_CONFIG_DIRS': '/etc/xdg/xdg-ubuntu:/etc/xdg', 'DBUS_STARTER_ADDRESS': 'unix:path=/run/user/1000/bus,guid=6da02ccfb5f5be8b2dc210526992ca6b', 'XDG_DATA_DIRS': '/usr/share/ubuntu:/usr/share/gnome:/usr/local/share/:/usr/share/:/var/lib/snapd/desktop', 'PYTHONPATH': '/home/user/celluleflexible_en_cours_ROS2/ros_ws/install/shuttles/lib/python3.12/site-packages:/home/user/celluleflexible_en_cours_ROS2/ros_ws/install/commande_locale/lib/python3.12/site-packages:/home/user/celluleflexible_en_cours_ROS2/ros_ws/install/aiguillages/lib/python3.12/site-packages:/home/user/celluleflexible_en_cours_ROS2/ros_ws/install/robots/lib/python3.12/site-packages:/opt/ros/jazzy/lib/python3.12/site-packages', 'COLCON': '1', 'MEMORY_PRESSURE_WRITE': 'c29tZSAyMDAwMDAgMjAwMDAwMAA=', 'VTE_VERSION': '7600', 'CMAKE_PREFIX_PATH': '/home/user/celluleflexible_en_cours_ROS2/ros_ws/install/shuttles:/home/user/celluleflexible_en_cours_ROS2/ros_ws/install/commande_locale:/home/user/celluleflexible_en_cours_ROS2/ros_ws/install/aiguillages:/home/user/celluleflexible_en_cours_ROS2/ros_ws/install/robots:/opt/ros/jazzy/opt/gz_math_vendor:/opt/ros/jazzy/opt/gz_utils_vendor:/opt/ros/jazzy/opt/gz_cmake_vendor:/opt/ros/jazzy'}), 'shell': False}
[19.004189] (robots) StdoutLine: {'line': b'-- Install configuration: ""\n'}
[19.004352] (robots) StdoutLine: {'line': b'-- Up-to-date: /home/user/celluleflexible_en_cours_ROS2/ros_ws/install/robots/share/ament_index/resource_index/rosidl_interfaces/robots\n'}
[19.004388] (robots) StdoutLine: {'line': b'-- Up-to-date: /home/user/celluleflexible_en_cours_ROS2/ros_ws/install/robots/share/robots/msg/MoveRobot.json\n'}
[19.004419] (robots) StdoutLine: {'line': b'-- Up-to-date: /home/user/celluleflexible_en_cours_ROS2/ros_ws/install/robots/share/robots/msg/FaireTacheMsg.json\n'}
[19.004447] (robots) StdoutLine: {'line': b'-- Up-to-date: /home/user/celluleflexible_en_cours_ROS2/ros_ws/install/robots/share/robots/msg/MsgNumRobot.json\n'}
[19.004509] (robots) StdoutLine: {'line': b'-- Up-to-date: /home/user/celluleflexible_en_cours_ROS2/ros_ws/install/robots/include/robots/robots\n'}
[19.004901] (robots) StdoutLine: {'line': b'-- Up-to-date: /home/user/celluleflexible_en_cours_ROS2/ros_ws/install/robots/include/robots/robots/msg\n'}
[19.005029] (robots) StdoutLine: {'line': b'-- Up-to-date: /home/user/celluleflexible_en_cours_ROS2/ros_ws/install/robots/include/robots/robots/msg/move_robot.h\n'}
[19.005058] (robots) StdoutLine: {'line': b'-- Up-to-date: /home/user/celluleflexible_en_cours_ROS2/ros_ws/install/robots/include/robots/robots/msg/rosidl_generator_c__visibility_control.h\n'}
[19.005148] (robots) StdoutLine: {'line': b'-- Up-to-date: /home/user/celluleflexible_en_cours_ROS2/ros_ws/install/robots/include/robots/robots/msg/faire_tache_msg.h\n'}
[19.005308] (robots) StdoutLine: {'line': b'-- Up-to-date: /home/user/celluleflexible_en_cours_ROS2/ros_ws/install/robots/include/robots/robots/msg/msg_num_robot.h\n'}
[19.005476] (robots) StdoutLine: {'line': b'-- Up-to-date: /home/user/celluleflexible_en_cours_ROS2/ros_ws/install/robots/include/robots/robots/msg/detail\n'}
[19.005576] (robots) StdoutLine: {'line': b'-- Up-to-date: /home/user/celluleflexible_en_cours_ROS2/ros_ws/install/robots/include/robots/robots/msg/detail/move_robot__functions.c\n'}
[19.005803] (robots) StdoutLine: {'line': b'-- Up-to-date: /home/user/celluleflexible_en_cours_ROS2/ros_ws/install/robots/include/robots/robots/msg/detail/faire_tache_msg__type_support.h\n'}
[19.006050] (robots) StdoutLine: {'line': b'-- Up-to-date: /home/user/celluleflexible_en_cours_ROS2/ros_ws/install/robots/include/robots/robots/msg/detail/msg_num_robot__description.c\n'}
[19.006184] (robots) StdoutLine: {'line': b'-- Up-to-date: /home/user/celluleflexible_en_cours_ROS2/ros_ws/install/robots/include/robots/robots/msg/detail/move_robot__struct.h\n'}
[19.006214] (robots) StdoutLine: {'line': b'-- Up-to-date: /home/user/celluleflexible_en_cours_ROS2/ros_ws/install/robots/include/robots/robots/msg/detail/faire_tache_msg__functions.c\n'}
[19.006238] (robots) StdoutLine: {'line': b'-- Up-to-date: /home/user/celluleflexible_en_cours_ROS2/ros_ws/install/robots/include/robots/robots/msg/detail/move_robot__type_support.h\n'}
[19.006264] (robots) StdoutLine: {'line': b'-- Up-to-date: /home/user/celluleflexible_en_cours_ROS2/ros_ws/install/robots/include/robots/robots/msg/detail/msg_num_robot__type_support.c\n'}
[19.006288] (robots) StdoutLine: {'line': b'-- Up-to-date: /home/user/celluleflexible_en_cours_ROS2/ros_ws/install/robots/include/robots/robots/msg/detail/faire_tache_msg__description.c\n'}
[19.006312] (robots) StdoutLine: {'line': b'-- Up-to-date: /home/user/celluleflexible_en_cours_ROS2/ros_ws/install/robots/include/robots/robots/msg/detail/faire_tache_msg__struct.h\n'}
[19.006334] (robots) StdoutLine: {'line': b'-- Up-to-date: /home/user/celluleflexible_en_cours_ROS2/ros_ws/install/robots/include/robots/robots/msg/detail/msg_num_robot__functions.h\n'}
[19.006356] (robots) StdoutLine: {'line': b'-- Up-to-date: /home/user/celluleflexible_en_cours_ROS2/ros_ws/install/robots/include/robots/robots/msg/detail/move_robot__type_support.c\n'}
[19.006383] (robots) StdoutLine: {'line': b'-- Up-to-date: /home/user/celluleflexible_en_cours_ROS2/ros_ws/install/robots/include/robots/robots/msg/detail/msg_num_robot__struct.h\n'}
[19.006406] (robots) StdoutLine: {'line': b'-- Up-to-date: /home/user/celluleflexible_en_cours_ROS2/ros_ws/install/robots/include/robots/robots/msg/detail/msg_num_robot__type_support.h\n'}
[19.006429] (robots) StdoutLine: {'line': b'-- Up-to-date: /home/user/celluleflexible_en_cours_ROS2/ros_ws/install/robots/include/robots/robots/msg/detail/faire_tache_msg__type_support.c\n'}
[19.006453] (robots) StdoutLine: {'line': b'-- Up-to-date: /home/user/celluleflexible_en_cours_ROS2/ros_ws/install/robots/include/robots/robots/msg/detail/msg_num_robot__functions.c\n'}
[19.006475] (robots) StdoutLine: {'line': b'-- Up-to-date: /home/user/celluleflexible_en_cours_ROS2/ros_ws/install/robots/include/robots/robots/msg/detail/move_robot__description.c\n'}
[19.006496] (robots) StdoutLine: {'line': b'-- Up-to-date: /home/user/celluleflexible_en_cours_ROS2/ros_ws/install/robots/include/robots/robots/msg/detail/move_robot__functions.h\n'}
[19.006519] (robots) StdoutLine: {'line': b'-- Up-to-date: /home/user/celluleflexible_en_cours_ROS2/ros_ws/install/robots/include/robots/robots/msg/detail/faire_tache_msg__functions.h\n'}
[19.006541] (robots) StdoutLine: {'line': b'-- Up-to-date: /home/user/celluleflexible_en_cours_ROS2/ros_ws/install/robots/share/robots/environment/library_path.sh\n'}
[19.006563] (robots) StdoutLine: {'line': b'-- Up-to-date: /home/user/celluleflexible_en_cours_ROS2/ros_ws/install/robots/share/robots/environment/library_path.dsv\n'}
[19.006584] (robots) StdoutLine: {'line': b'-- Up-to-date: /home/user/celluleflexible_en_cours_ROS2/ros_ws/install/robots/lib/librobots__rosidl_generator_c.so\n'}
[19.006607] (robots) StdoutLine: {'line': b'-- Up-to-date: /home/user/celluleflexible_en_cours_ROS2/ros_ws/install/robots/include/robots/robots\n'}
[19.006630] (robots) StdoutLine: {'line': b'-- Up-to-date: /home/user/celluleflexible_en_cours_ROS2/ros_ws/install/robots/include/robots/robots/msg\n'}
[19.006651] (robots) StdoutLine: {'line': b'-- Up-to-date: /home/user/celluleflexible_en_cours_ROS2/ros_ws/install/robots/include/robots/robots/msg/rosidl_typesupport_fastrtps_c__visibility_control.h\n'}
[19.006673] (robots) StdoutLine: {'line': b'-- Up-to-date: /home/user/celluleflexible_en_cours_ROS2/ros_ws/install/robots/include/robots/robots/msg/detail\n'}
[19.006817] (robots) StdoutLine: {'line': b'-- Up-to-date: /home/user/celluleflexible_en_cours_ROS2/ros_ws/install/robots/include/robots/robots/msg/detail/move_robot__rosidl_typesupport_fastrtps_c.h\n'}
[19.006983] (robots) StdoutLine: {'line': b'-- Up-to-date: /home/user/celluleflexible_en_cours_ROS2/ros_ws/install/robots/include/robots/robots/msg/detail/msg_num_robot__rosidl_typesupport_fastrtps_c.h\n'}
[19.007012] (robots) StdoutLine: {'line': b'-- Up-to-date: /home/user/celluleflexible_en_cours_ROS2/ros_ws/install/robots/include/robots/robots/msg/detail/faire_tache_msg__rosidl_typesupport_fastrtps_c.h\n'}
[19.007040] (robots) StdoutLine: {'line': b'-- Up-to-date: /home/user/celluleflexible_en_cours_ROS2/ros_ws/install/robots/lib/librobots__rosidl_typesupport_fastrtps_c.so\n'}
[19.007063] (robots) StdoutLine: {'line': b'-- Up-to-date: /home/user/celluleflexible_en_cours_ROS2/ros_ws/install/robots/include/robots/robots\n'}
[19.007086] (robots) StdoutLine: {'line': b'-- Up-to-date: /home/user/celluleflexible_en_cours_ROS2/ros_ws/install/robots/include/robots/robots/msg\n'}
[19.007109] (robots) StdoutLine: {'line': b'-- Up-to-date: /home/user/celluleflexible_en_cours_ROS2/ros_ws/install/robots/include/robots/robots/msg/faire_tache_msg.hpp\n'}
[19.007278] (robots) StdoutLine: {'line': b'-- Up-to-date: /home/user/celluleflexible_en_cours_ROS2/ros_ws/install/robots/include/robots/robots/msg/rosidl_generator_cpp__visibility_control.hpp\n'}
[19.007318] (robots) StdoutLine: {'line': b'-- Up-to-date: /home/user/celluleflexible_en_cours_ROS2/ros_ws/install/robots/include/robots/robots/msg/move_robot.hpp\n'}
[19.007342] (robots) StdoutLine: {'line': b'-- Up-to-date: /home/user/celluleflexible_en_cours_ROS2/ros_ws/install/robots/include/robots/robots/msg/msg_num_robot.hpp\n'}
[19.007365] (robots) StdoutLine: {'line': b'-- Up-to-date: /home/user/celluleflexible_en_cours_ROS2/ros_ws/install/robots/include/robots/robots/msg/detail\n'}
[19.007388] (robots) StdoutLine: {'line': b'-- Up-to-date: /home/user/celluleflexible_en_cours_ROS2/ros_ws/install/robots/include/robots/robots/msg/detail/msg_num_robot__traits.hpp\n'}
[19.007409] (robots) StdoutLine: {'line': b'-- Up-to-date: /home/user/celluleflexible_en_cours_ROS2/ros_ws/install/robots/include/robots/robots/msg/detail/faire_tache_msg__traits.hpp\n'}
[19.007430] (robots) StdoutLine: {'line': b'-- Up-to-date: /home/user/celluleflexible_en_cours_ROS2/ros_ws/install/robots/include/robots/robots/msg/detail/faire_tache_msg__type_support.hpp\n'}
[19.007452] (robots) StdoutLine: {'line': b'-- Up-to-date: /home/user/celluleflexible_en_cours_ROS2/ros_ws/install/robots/include/robots/robots/msg/detail/move_robot__type_support.hpp\n'}
[19.007474] (robots) StdoutLine: {'line': b'-- Up-to-date: /home/user/celluleflexible_en_cours_ROS2/ros_ws/install/robots/include/robots/robots/msg/detail/faire_tache_msg__builder.hpp\n'}
[19.007495] (robots) StdoutLine: {'line': b'-- Up-to-date: /home/user/celluleflexible_en_cours_ROS2/ros_ws/install/robots/include/robots/robots/msg/detail/move_robot__builder.hpp\n'}
[19.007522] (robots) StdoutLine: {'line': b'-- Up-to-date: /home/user/celluleflexible_en_cours_ROS2/ros_ws/install/robots/include/robots/robots/msg/detail/move_robot__traits.hpp\n'}
[19.007544] (robots) StdoutLine: {'line': b'-- Up-to-date: /home/user/celluleflexible_en_cours_ROS2/ros_ws/install/robots/include/robots/robots/msg/detail/msg_num_robot__struct.hpp\n'}
[19.007565] (robots) StdoutLine: {'line': b'-- Up-to-date: /home/user/celluleflexible_en_cours_ROS2/ros_ws/install/robots/include/robots/robots/msg/detail/faire_tache_msg__struct.hpp\n'}
[19.007585] (robots) StdoutLine: {'line': b'-- Up-to-date: /home/user/celluleflexible_en_cours_ROS2/ros_ws/install/robots/include/robots/robots/msg/detail/msg_num_robot__builder.hpp\n'}
[19.007606] (robots) StdoutLine: {'line': b'-- Up-to-date: /home/user/celluleflexible_en_cours_ROS2/ros_ws/install/robots/include/robots/robots/msg/detail/move_robot__struct.hpp\n'}
[19.007626] (robots) StdoutLine: {'line': b'-- Up-to-date: /home/user/celluleflexible_en_cours_ROS2/ros_ws/install/robots/include/robots/robots/msg/detail/msg_num_robot__type_support.hpp\n'}
[19.007646] (robots) StdoutLine: {'line': b'-- Up-to-date: /home/user/celluleflexible_en_cours_ROS2/ros_ws/install/robots/include/robots/robots\n'}
[19.007667] (robots) StdoutLine: {'line': b'-- Up-to-date: /home/user/celluleflexible_en_cours_ROS2/ros_ws/install/robots/include/robots/robots/msg\n'}
[19.007688] (robots) StdoutLine: {'line': b'-- Up-to-date: /home/user/celluleflexible_en_cours_ROS2/ros_ws/install/robots/include/robots/robots/msg/detail\n'}
[19.007709] (robots) StdoutLine: {'line': b'-- Up-to-date: /home/user/celluleflexible_en_cours_ROS2/ros_ws/install/robots/include/robots/robots/msg/detail/msg_num_robot__rosidl_typesupport_fastrtps_cpp.hpp\n'}
[19.007732] (robots) StdoutLine: {'line': b'-- Up-to-date: /home/user/celluleflexible_en_cours_ROS2/ros_ws/install/robots/include/robots/robots/msg/detail/faire_tache_msg__rosidl_typesupport_fastrtps_cpp.hpp\n'}
[19.007754] (robots) StdoutLine: {'line': b'-- Up-to-date: /home/user/celluleflexible_en_cours_ROS2/ros_ws/install/robots/include/robots/robots/msg/detail/move_robot__rosidl_typesupport_fastrtps_cpp.hpp\n'}
[19.007774] (robots) StdoutLine: {'line': b'-- Up-to-date: /home/user/celluleflexible_en_cours_ROS2/ros_ws/install/robots/include/robots/robots/msg/detail/dds_fastrtps\n'}
[19.007795] (robots) StdoutLine: {'line': b'-- Up-to-date: /home/user/celluleflexible_en_cours_ROS2/ros_ws/install/robots/include/robots/robots/msg/rosidl_typesupport_fastrtps_cpp__visibility_control.h\n'}
[19.007816] (robots) StdoutLine: {'line': b'-- Up-to-date: /home/user/celluleflexible_en_cours_ROS2/ros_ws/install/robots/lib/librobots__rosidl_typesupport_fastrtps_cpp.so\n'}
[19.007837] (robots) StdoutLine: {'line': b'-- Up-to-date: /home/user/celluleflexible_en_cours_ROS2/ros_ws/install/robots/include/robots/robots\n'}
[19.007858] (robots) StdoutLine: {'line': b'-- Up-to-date: /home/user/celluleflexible_en_cours_ROS2/ros_ws/install/robots/include/robots/robots/msg\n'}
[19.007878] (robots) StdoutLine: {'line': b'-- Up-to-date: /home/user/celluleflexible_en_cours_ROS2/ros_ws/install/robots/include/robots/robots/msg/rosidl_typesupport_introspection_c__visibility_control.h\n'}
[19.007899] (robots) StdoutLine: {'line': b'-- Up-to-date: /home/user/celluleflexible_en_cours_ROS2/ros_ws/install/robots/include/robots/robots/msg/detail\n'}
[19.007921] (robots) StdoutLine: {'line': b'-- Up-to-date: /home/user/celluleflexible_en_cours_ROS2/ros_ws/install/robots/include/robots/robots/msg/detail/faire_tache_msg__rosidl_typesupport_introspection_c.h\n'}
[19.007942] (robots) StdoutLine: {'line': b'-- Up-to-date: /home/user/celluleflexible_en_cours_ROS2/ros_ws/install/robots/include/robots/robots/msg/detail/msg_num_robot__rosidl_typesupport_introspection_c.h\n'}
[19.007963] (robots) StdoutLine: {'line': b'-- Up-to-date: /home/user/celluleflexible_en_cours_ROS2/ros_ws/install/robots/include/robots/robots/msg/detail/msg_num_robot__type_support.c\n'}
[19.007983] (robots) StdoutLine: {'line': b'-- Up-to-date: /home/user/celluleflexible_en_cours_ROS2/ros_ws/install/robots/include/robots/robots/msg/detail/move_robot__type_support.c\n'}
[19.008004] (robots) StdoutLine: {'line': b'-- Up-to-date: /home/user/celluleflexible_en_cours_ROS2/ros_ws/install/robots/include/robots/robots/msg/detail/move_robot__rosidl_typesupport_introspection_c.h\n'}
[19.008024] (robots) StdoutLine: {'line': b'-- Up-to-date: /home/user/celluleflexible_en_cours_ROS2/ros_ws/install/robots/include/robots/robots/msg/detail/faire_tache_msg__type_support.c\n'}
[19.008045] (robots) StdoutLine: {'line': b'-- Up-to-date: /home/user/celluleflexible_en_cours_ROS2/ros_ws/install/robots/lib/librobots__rosidl_typesupport_introspection_c.so\n'}
[19.008065] (robots) StdoutLine: {'line': b'-- Up-to-date: /home/user/celluleflexible_en_cours_ROS2/ros_ws/install/robots/lib/librobots__rosidl_typesupport_c.so\n'}
[19.008085] (robots) StdoutLine: {'line': b'-- Up-to-date: /home/user/celluleflexible_en_cours_ROS2/ros_ws/install/robots/include/robots/robots\n'}
[19.008105] (robots) StdoutLine: {'line': b'-- Up-to-date: /home/user/celluleflexible_en_cours_ROS2/ros_ws/install/robots/include/robots/robots/msg\n'}
[19.008491] (robots) StdoutLine: {'line': b'-- Up-to-date: /home/user/celluleflexible_en_cours_ROS2/ros_ws/install/robots/include/robots/robots/msg/detail\n'}
[19.008542] (robots) StdoutLine: {'line': b'-- Up-to-date: /home/user/celluleflexible_en_cours_ROS2/ros_ws/install/robots/include/robots/robots/msg/detail/faire_tache_msg__type_support.cpp\n'}
[19.008581] (robots) StdoutLine: {'line': b'-- Up-to-date: /home/user/celluleflexible_en_cours_ROS2/ros_ws/install/robots/include/robots/robots/msg/detail/msg_num_robot__type_support.cpp\n'}
[19.008611] (robots) StdoutLine: {'line': b'-- Up-to-date: /home/user/celluleflexible_en_cours_ROS2/ros_ws/install/robots/include/robots/robots/msg/detail/move_robot__rosidl_typesupport_introspection_cpp.hpp\n'}
[19.008638] (robots) StdoutLine: {'line': b'-- Up-to-date: /home/user/celluleflexible_en_cours_ROS2/ros_ws/install/robots/include/robots/robots/msg/detail/msg_num_robot__rosidl_typesupport_introspection_cpp.hpp\n'}
[19.008662] (robots) StdoutLine: {'line': b'-- Up-to-date: /home/user/celluleflexible_en_cours_ROS2/ros_ws/install/robots/include/robots/robots/msg/detail/faire_tache_msg__rosidl_typesupport_introspection_cpp.hpp\n'}
[19.008687] (robots) StdoutLine: {'line': b'-- Up-to-date: /home/user/celluleflexible_en_cours_ROS2/ros_ws/install/robots/include/robots/robots/msg/detail/move_robot__type_support.cpp\n'}
[19.008711] (robots) StdoutLine: {'line': b'-- Up-to-date: /home/user/celluleflexible_en_cours_ROS2/ros_ws/install/robots/lib/librobots__rosidl_typesupport_introspection_cpp.so\n'}
[19.008735] (robots) StdoutLine: {'line': b'-- Up-to-date: /home/user/celluleflexible_en_cours_ROS2/ros_ws/install/robots/lib/librobots__rosidl_typesupport_cpp.so\n'}
[19.008759] (robots) StdoutLine: {'line': b'-- Up-to-date: /home/user/celluleflexible_en_cours_ROS2/ros_ws/install/robots/share/robots/environment/pythonpath.sh\n'}
[19.008780] (robots) StdoutLine: {'line': b'-- Up-to-date: /home/user/celluleflexible_en_cours_ROS2/ros_ws/install/robots/share/robots/environment/pythonpath.dsv\n'}
[19.008802] (robots) StdoutLine: {'line': b'-- Up-to-date: /home/user/celluleflexible_en_cours_ROS2/ros_ws/install/robots/lib/python3.12/site-packages/robots-3.1.2-py3.12.egg-info\n'}
[19.008824] (robots) StdoutLine: {'line': b'-- Installing: /home/user/celluleflexible_en_cours_ROS2/ros_ws/install/robots/lib/python3.12/site-packages/robots-3.1.2-py3.12.egg-info/SOURCES.txt\n'}
[19.008846] (robots) StdoutLine: {'line': b'-- Installing: /home/user/celluleflexible_en_cours_ROS2/ros_ws/install/robots/lib/python3.12/site-packages/robots-3.1.2-py3.12.egg-info/top_level.txt\n'}
[19.008867] (robots) StdoutLine: {'line': b'-- Installing: /home/user/celluleflexible_en_cours_ROS2/ros_ws/install/robots/lib/python3.12/site-packages/robots-3.1.2-py3.12.egg-info/PKG-INFO\n'}
[19.008888] (robots) StdoutLine: {'line': b'-- Installing: /home/user/celluleflexible_en_cours_ROS2/ros_ws/install/robots/lib/python3.12/site-packages/robots-3.1.2-py3.12.egg-info/dependency_links.txt\n'}
[19.008909] (robots) StdoutLine: {'line': b'-- Up-to-date: /home/user/celluleflexible_en_cours_ROS2/ros_ws/install/robots/lib/python3.12/site-packages/robots\n'}
[19.008929] (robots) StdoutLine: {'line': b'-- Up-to-date: /home/user/celluleflexible_en_cours_ROS2/ros_ws/install/robots/lib/python3.12/site-packages/robots/robots_s__rosidl_typesupport_c.so\n'}
[19.008952] (robots) StdoutLine: {'line': b'-- Up-to-date: /home/user/celluleflexible_en_cours_ROS2/ros_ws/install/robots/lib/python3.12/site-packages/robots/_robots_s.ep.rosidl_typesupport_c.c\n'}
[19.008972] (robots) StdoutLine: {'line': b'-- Up-to-date: /home/user/celluleflexible_en_cours_ROS2/ros_ws/install/robots/lib/python3.12/site-packages/robots/msg\n'}
[19.008992] (robots) StdoutLine: {'line': b'-- Up-to-date: /home/user/celluleflexible_en_cours_ROS2/ros_ws/install/robots/lib/python3.12/site-packages/robots/msg/_move_robot_s.c\n'}
[19.009013] (robots) StdoutLine: {'line': b'-- Up-to-date: /home/user/celluleflexible_en_cours_ROS2/ros_ws/install/robots/lib/python3.12/site-packages/robots/msg/_move_robot.py\n'}
[19.009034] (robots) StdoutLine: {'line': b'-- Up-to-date: /home/user/celluleflexible_en_cours_ROS2/ros_ws/install/robots/lib/python3.12/site-packages/robots/msg/_msg_num_robot.py\n'}
[19.009054] (robots) StdoutLine: {'line': b'-- Up-to-date: /home/user/celluleflexible_en_cours_ROS2/ros_ws/install/robots/lib/python3.12/site-packages/robots/msg/__init__.py\n'}
[19.009075] (robots) StdoutLine: {'line': b'-- Up-to-date: /home/user/celluleflexible_en_cours_ROS2/ros_ws/install/robots/lib/python3.12/site-packages/robots/msg/_msg_num_robot_s.c\n'}
[19.009217] (robots) StdoutLine: {'line': b'-- Up-to-date: /home/user/celluleflexible_en_cours_ROS2/ros_ws/install/robots/lib/python3.12/site-packages/robots/msg/_faire_tache_msg_s.c\n'}
[19.009290] (robots) StdoutLine: {'line': b'-- Up-to-date: /home/user/celluleflexible_en_cours_ROS2/ros_ws/install/robots/lib/python3.12/site-packages/robots/msg/_faire_tache_msg.py\n'}
[19.009326] (robots) StdoutLine: {'line': b'-- Up-to-date: /home/user/celluleflexible_en_cours_ROS2/ros_ws/install/robots/lib/python3.12/site-packages/robots/__init__.py\n'}
[19.009356] (robots) StdoutLine: {'line': b'-- Up-to-date: /home/user/celluleflexible_en_cours_ROS2/ros_ws/install/robots/lib/python3.12/site-packages/robots/robots_s__rosidl_typesupport_introspection_c.so\n'}
[19.009382] (robots) StdoutLine: {'line': b'-- Up-to-date: /home/user/celluleflexible_en_cours_ROS2/ros_ws/install/robots/lib/python3.12/site-packages/robots/_robots_s.ep.rosidl_typesupport_introspection_c.c\n'}
[19.009408] (robots) StdoutLine: {'line': b'-- Up-to-date: /home/user/celluleflexible_en_cours_ROS2/ros_ws/install/robots/lib/python3.12/site-packages/robots/_robots_s.ep.rosidl_typesupport_fastrtps_c.c\n'}
[19.009439] (robots) StdoutLine: {'line': b'-- Up-to-date: /home/user/celluleflexible_en_cours_ROS2/ros_ws/install/robots/lib/python3.12/site-packages/robots/robots_s__rosidl_typesupport_fastrtps_c.so\n'}
[19.028992] (robots) StdoutLine: {'line': b"Listing '/home/user/celluleflexible_en_cours_ROS2/ros_ws/install/robots/lib/python3.12/site-packages/robots'...\n"}
[19.029200] (robots) StdoutLine: {'line': b"Listing '/home/user/celluleflexible_en_cours_ROS2/ros_ws/install/robots/lib/python3.12/site-packages/robots/msg'...\n"}
[19.031836] (robots) StdoutLine: {'line': b'-- Up-to-date: /home/user/celluleflexible_en_cours_ROS2/ros_ws/install/robots/lib/python3.12/site-packages/robots/robots_s__rosidl_typesupport_fastrtps_c.so\n'}
[19.032955] (robots) StdoutLine: {'line': b'-- Up-to-date: /home/user/celluleflexible_en_cours_ROS2/ros_ws/install/robots/lib/python3.12/site-packages/robots/robots_s__rosidl_typesupport_introspection_c.so\n'}
[19.033341] (robots) StdoutLine: {'line': b'-- Up-to-date: /home/user/celluleflexible_en_cours_ROS2/ros_ws/install/robots/lib/python3.12/site-packages/robots/robots_s__rosidl_typesupport_c.so\n'}
[19.033531] (robots) StdoutLine: {'line': b'-- Up-to-date: /home/user/celluleflexible_en_cours_ROS2/ros_ws/install/robots/lib/librobots__rosidl_generator_py.so\n'}
[19.033628] (robots) StdoutLine: {'line': b'-- Up-to-date: /home/user/celluleflexible_en_cours_ROS2/ros_ws/install/robots/share/robots/msg/MoveRobot.idl\n'}
[19.033700] (robots) StdoutLine: {'line': b'-- Up-to-date: /home/user/celluleflexible_en_cours_ROS2/ros_ws/install/robots/share/robots/msg/FaireTacheMsg.idl\n'}
[19.033955] (robots) StdoutLine: {'line': b'-- Up-to-date: /home/user/celluleflexible_en_cours_ROS2/ros_ws/install/robots/share/robots/msg/MsgNumRobot.idl\n'}
[19.033998] (robots) StdoutLine: {'line': b'-- Up-to-date: /home/user/celluleflexible_en_cours_ROS2/ros_ws/install/robots/share/robots/msg/MoveRobot.msg\n'}
[19.034025] (robots) StdoutLine: {'line': b'-- Up-to-date: /home/user/celluleflexible_en_cours_ROS2/ros_ws/install/robots/share/robots/msg/FaireTacheMsg.msg\n'}
[19.034053] (robots) StdoutLine: {'line': b'-- Up-to-date: /home/user/celluleflexible_en_cours_ROS2/ros_ws/install/robots/share/robots/msg/MsgNumRobot.msg\n'}
[19.035648] (robots) StdoutLine: {'line': b'-- Installing: /home/user/celluleflexible_en_cours_ROS2/ros_ws/install/robots/lib/robots/robot\n'}
[19.049149] (robots) StdoutLine: {'line': b'-- Set non-toolchain portion of runtime path of "/home/user/celluleflexible_en_cours_ROS2/ros_ws/install/robots/lib/robots/robot" to ""\n'}
[19.049639] (robots) StdoutLine: {'line': b'-- Up-to-date: /home/user/celluleflexible_en_cours_ROS2/ros_ws/install/robots/share/robots\n'}
[19.049915] (robots) StdoutLine: {'line': b'-- Up-to-date: /home/user/celluleflexible_en_cours_ROS2/ros_ws/install/robots/share/robots/robotsGauche.launch.py\n'}
[19.050053] (robots) StdoutLine: {'line': b'-- Up-to-date: /home/user/celluleflexible_en_cours_ROS2/ros_ws/install/robots/share/ament_index/resource_index/package_run_dependencies/robots\n'}
[19.050404] (robots) StdoutLine: {'line': b'-- Up-to-date: /home/user/celluleflexible_en_cours_ROS2/ros_ws/install/robots/share/ament_index/resource_index/parent_prefix_path/robots\n'}
[19.050584] (robots) StdoutLine: {'line': b'-- Up-to-date: /home/user/celluleflexible_en_cours_ROS2/ros_ws/install/robots/share/robots/environment/ament_prefix_path.sh\n'}
[19.050996] (robots) StdoutLine: {'line': b'-- Up-to-date: /home/user/celluleflexible_en_cours_ROS2/ros_ws/install/robots/share/robots/environment/ament_prefix_path.dsv\n'}
[19.051057] (robots) StdoutLine: {'line': b'-- Up-to-date: /home/user/celluleflexible_en_cours_ROS2/ros_ws/install/robots/share/robots/environment/path.sh\n'}
[19.051223] (robots) StdoutLine: {'line': b'-- Up-to-date: /home/user/celluleflexible_en_cours_ROS2/ros_ws/install/robots/share/robots/environment/path.dsv\n'}
[19.051349] (robots) StdoutLine: {'line': b'-- Up-to-date: /home/user/celluleflexible_en_cours_ROS2/ros_ws/install/robots/share/robots/local_setup.bash\n'}
[19.051561] (robots) StdoutLine: {'line': b'-- Up-to-date: /home/user/celluleflexible_en_cours_ROS2/ros_ws/install/robots/share/robots/local_setup.sh\n'}
[19.052255] (robots) StdoutLine: {'line': b'-- Up-to-date: /home/user/celluleflexible_en_cours_ROS2/ros_ws/install/robots/share/robots/local_setup.zsh\n'}
[19.052294] (robots) StdoutLine: {'line': b'-- Up-to-date: /home/user/celluleflexible_en_cours_ROS2/ros_ws/install/robots/share/robots/local_setup.dsv\n'}
[19.054441] (robots) StdoutLine: {'line': b'-- Installing: /home/user/celluleflexible_en_cours_ROS2/ros_ws/install/robots/share/robots/package.dsv\n'}
[19.054645] (robots) StdoutLine: {'line': b'-- Up-to-date: /home/user/celluleflexible_en_cours_ROS2/ros_ws/install/robots/share/ament_index/resource_index/packages/robots\n'}
[19.055194] (robots) StdoutLine: {'line': b'-- Up-to-date: /home/user/celluleflexible_en_cours_ROS2/ros_ws/install/robots/share/robots/cmake/export_robots__rosidl_generator_cExport.cmake\n'}
[19.055241] (robots) StdoutLine: {'line': b'-- Up-to-date: /home/user/celluleflexible_en_cours_ROS2/ros_ws/install/robots/share/robots/cmake/export_robots__rosidl_generator_cExport-noconfig.cmake\n'}
[19.055274] (robots) StdoutLine: {'line': b'-- Up-to-date: /home/user/celluleflexible_en_cours_ROS2/ros_ws/install/robots/share/robots/cmake/export_robots__rosidl_typesupport_fastrtps_cExport.cmake\n'}
[19.055350] (robots) StdoutLine: {'line': b'-- Up-to-date: /home/user/celluleflexible_en_cours_ROS2/ros_ws/install/robots/share/robots/cmake/export_robots__rosidl_typesupport_fastrtps_cExport-noconfig.cmake\n'}
[19.055428] (robots) StdoutLine: {'line': b'-- Up-to-date: /home/user/celluleflexible_en_cours_ROS2/ros_ws/install/robots/share/robots/cmake/export_robots__rosidl_generator_cppExport.cmake\n'}
[19.055523] (robots) StdoutLine: {'line': b'-- Up-to-date: /home/user/celluleflexible_en_cours_ROS2/ros_ws/install/robots/share/robots/cmake/export_robots__rosidl_typesupport_fastrtps_cppExport.cmake\n'}
[19.055766] (robots) StdoutLine: {'line': b'-- Up-to-date: /home/user/celluleflexible_en_cours_ROS2/ros_ws/install/robots/share/robots/cmake/export_robots__rosidl_typesupport_fastrtps_cppExport-noconfig.cmake\n'}
[19.055811] (robots) StdoutLine: {'line': b'-- Up-to-date: /home/user/celluleflexible_en_cours_ROS2/ros_ws/install/robots/share/robots/cmake/robots__rosidl_typesupport_introspection_cExport.cmake\n'}
[19.055839] (robots) StdoutLine: {'line': b'-- Up-to-date: /home/user/celluleflexible_en_cours_ROS2/ros_ws/install/robots/share/robots/cmake/robots__rosidl_typesupport_introspection_cExport-noconfig.cmake\n'}
[19.055863] (robots) StdoutLine: {'line': b'-- Up-to-date: /home/user/celluleflexible_en_cours_ROS2/ros_ws/install/robots/share/robots/cmake/robots__rosidl_typesupport_cExport.cmake\n'}
[19.055887] (robots) StdoutLine: {'line': b'-- Up-to-date: /home/user/celluleflexible_en_cours_ROS2/ros_ws/install/robots/share/robots/cmake/robots__rosidl_typesupport_cExport-noconfig.cmake\n'}
[19.055914] (robots) StdoutLine: {'line': b'-- Up-to-date: /home/user/celluleflexible_en_cours_ROS2/ros_ws/install/robots/share/robots/cmake/robots__rosidl_typesupport_introspection_cppExport.cmake\n'}
[19.055937] (robots) StdoutLine: {'line': b'-- Up-to-date: /home/user/celluleflexible_en_cours_ROS2/ros_ws/install/robots/share/robots/cmake/robots__rosidl_typesupport_introspection_cppExport-noconfig.cmake\n'}
[19.055960] (robots) StdoutLine: {'line': b'-- Up-to-date: /home/user/celluleflexible_en_cours_ROS2/ros_ws/install/robots/share/robots/cmake/robots__rosidl_typesupport_cppExport.cmake\n'}
[19.055981] (robots) StdoutLine: {'line': b'-- Up-to-date: /home/user/celluleflexible_en_cours_ROS2/ros_ws/install/robots/share/robots/cmake/robots__rosidl_typesupport_cppExport-noconfig.cmake\n'}
[19.056004] (robots) StdoutLine: {'line': b'-- Up-to-date: /home/user/celluleflexible_en_cours_ROS2/ros_ws/install/robots/share/robots/cmake/export_robots__rosidl_generator_pyExport.cmake\n'}
[19.056025] (robots) StdoutLine: {'line': b'-- Up-to-date: /home/user/celluleflexible_en_cours_ROS2/ros_ws/install/robots/share/robots/cmake/export_robots__rosidl_generator_pyExport-noconfig.cmake\n'}
[19.056047] (robots) StdoutLine: {'line': b'-- Up-to-date: /home/user/celluleflexible_en_cours_ROS2/ros_ws/install/robots/share/robots/cmake/rosidl_cmake-extras.cmake\n'}
[19.056067] (robots) StdoutLine: {'line': b'-- Up-to-date: /home/user/celluleflexible_en_cours_ROS2/ros_ws/install/robots/share/robots/cmake/ament_cmake_export_dependencies-extras.cmake\n'}
[19.056088] (robots) StdoutLine: {'line': b'-- Up-to-date: /home/user/celluleflexible_en_cours_ROS2/ros_ws/install/robots/share/robots/cmake/ament_cmake_export_include_directories-extras.cmake\n'}
[19.056109] (robots) StdoutLine: {'line': b'-- Up-to-date: /home/user/celluleflexible_en_cours_ROS2/ros_ws/install/robots/share/robots/cmake/ament_cmake_export_libraries-extras.cmake\n'}
[19.056128] (robots) StdoutLine: {'line': b'-- Up-to-date: /home/user/celluleflexible_en_cours_ROS2/ros_ws/install/robots/share/robots/cmake/ament_cmake_export_targets-extras.cmake\n'}
[19.056148] (robots) StdoutLine: {'line': b'-- Up-to-date: /home/user/celluleflexible_en_cours_ROS2/ros_ws/install/robots/share/robots/cmake/rosidl_cmake_export_typesupport_targets-extras.cmake\n'}
[19.056168] (robots) StdoutLine: {'line': b'-- Up-to-date: /home/user/celluleflexible_en_cours_ROS2/ros_ws/install/robots/share/robots/cmake/rosidl_cmake_export_typesupport_libraries-extras.cmake\n'}
[19.056188] (robots) StdoutLine: {'line': b'-- Up-to-date: /home/user/celluleflexible_en_cours_ROS2/ros_ws/install/robots/share/robots/cmake/robotsConfig.cmake\n'}
[19.056208] (robots) StdoutLine: {'line': b'-- Up-to-date: /home/user/celluleflexible_en_cours_ROS2/ros_ws/install/robots/share/robots/cmake/robotsConfig-version.cmake\n'}
[19.056227] (robots) StdoutLine: {'line': b'-- Up-to-date: /home/user/celluleflexible_en_cours_ROS2/ros_ws/install/robots/share/robots/package.xml\n'}
[19.057856] (robots) CommandEnded: {'returncode': 0}
[19.073873] (robots) JobEnded: {'identifier': 'robots', 'rc': 0}
[19.074434] (-) EventReactorShutdown: {}
